2026-08-04 16:03:55,033 [INFO] Checking openssh-client...
2026-08-04 16:03:55,054 [INFO] openssh-client already installed
2026-08-04 16:03:55,055 [INFO] Checking ssh-agent...
2026-08-04 16:03:55,057 [INFO] ssh-agent already running
2026-08-04 16:03:55,080 [INFO] Private key already exists
2026-08-04 16:03:55,081 [INFO] Public key already exists
2026-08-04 16:03:55,082 [INFO] Adding key to ssh-agent...
2026-08-04 16:03:55,168 [INFO] Key added successfully
2026-08-04 16:03:55,169 [INFO] SSH setup completed ✔
2026-08-04 16:03:55,269 [INFO] ------------- Wifi Setup -------------
2026-08-04 16:05:29,176 [DEBUG] can config: {'fd': False, 'can_filters': [{'can_id': 1966, 'can_mask': 2047, 'extended': False}], 'interface': 'socketcan', 'channel': 'can0'}
2026-08-04 16:05:29,252 [INFO] Created a socket
2026-08-04 16:05:29,253 [DEBUG] Binding socket to channel=can0
2026-08-04 16:05:29,258 [DEBUG] Bound socket.
2026-08-04 16:05:29,268 [DEBUG] can config: {'fd': False, 'can_filters': [{'can_id': 1966, 'can_mask': 2047, 'extended': False}], 'interface': 'socketcan', 'channel': 'can0'}
2026-08-04 16:05:29,273 [INFO] Created a socket
2026-08-04 16:05:29,276 [DEBUG] Binding socket to channel=can0
2026-08-04 16:05:29,277 [DEBUG] Bound socket.
2026-08-04 16:05:29,292 [DEBUG] Given rxfn is considered blocking
2026-08-04 16:05:29,306 [INFO] CANLogger: Logging only UDS traffic (tx/rx physical+functional)
2026-08-04 16:05:29,362 [INFO] ----------------------------------Checking UDP Server (1/3)----------------------------------
2026-08-04 16:05:29,363 [INFO] Checking UDP Seed-Key server...
2026-08-04 16:05:29,430 [INFO] UDP Server Connected. Key received: 4b65792067656e65726174696f6e206661696c6564
2026-08-04 16:05:29,479 [INFO] ----------------------------------UDP Server Connected----------------------------------
2026-08-04 16:05:31,480 [INFO] ----------------------------------Welcome to Diagnostics-----------------------------------------------
2026-08-04 16:05:33,481 [INFO] ----------------------------------Initializing-----------------------------------------------
2026-08-04 16:05:34,983 [INFO] ----------------------------------Waiting for CAN-----------------------------------------------
2026-08-04 16:05:35,148 [INFO] Bringing up CAN interface can0...
2026-08-04 16:05:35,912 [INFO] CAN interface can0 successfully brought up.
2026-08-04 16:05:36,916 [INFO] Creating temporary UDS client...
2026-08-04 16:05:36,926 [DEBUG] can config: {'fd': False, 'can_filters': [{'can_id': 1966, 'can_mask': 2047, 'extended': False}], 'interface': 'socketcan', 'channel': 'can0'}
2026-08-04 16:05:36,928 [INFO] Created a socket
2026-08-04 16:05:36,929 [DEBUG] Binding socket to channel=can0
2026-08-04 16:05:36,930 [DEBUG] Bound socket.
2026-08-04 16:05:36,943 [DEBUG] can config: {'fd': False, 'can_filters': [{'can_id': 1966, 'can_mask': 2047, 'extended': False}], 'interface': 'socketcan', 'channel': 'can0'}
2026-08-04 16:05:36,944 [INFO] Created a socket
2026-08-04 16:05:36,945 [DEBUG] Binding socket to channel=can0
2026-08-04 16:05:36,946 [DEBUG] Bound socket.
2026-08-04 16:05:36,951 [DEBUG] Given rxfn is considered blocking
2026-08-04 16:05:36,955 [INFO] CANLogger: Logging only UDS traffic (tx/rx physical+functional)
2026-08-04 16:05:36,956 [INFO] Trying basic communication with ECU...
2026-08-04 16:05:36,961 [DEBUG] Starting CanStack
2026-08-04 16:05:36,965 [DEBUG] Main thread has started
2026-08-04 16:05:36,975 [DEBUG] Relay thread has started
2026-08-04 16:05:36,980 [INFO] Connection opened
2026-08-04 16:05:36,986 [INFO] TesterPresent<0x3e> - Sending TesterPresent request
2026-08-04 16:05:36,992 [DEBUG] Sending request to server
2026-08-04 16:05:36,995 [DEBUG] Sending 2 bytes : [3e00]
2026-08-04 16:05:36,998 [DEBUG] Enqueuing a SendRequest for 2 bytes and TAT=Physical
2026-08-04 16:05:37,000 [DEBUG] Waiting for server response
2026-08-04 16:05:37,003 [DEBUG] Tx: <7A6> (08) [ ]	 023e000000000000
2026-08-04 16:05:37,006 [DEBUG] We've been asked to write a message to the bus
2026-08-04 16:05:37,009 [DEBUG] sending: Timestamp:        0.000000    ID:      7a6    S Rx       BS       DL:  8    02 3e 00 00 00 00 00 00
2026-08-04 16:05:37,156 [DEBUG] No data received: [TimeoutException] - Did not receive IsoTP frame from the Transport layer in time (timeout=0.15 sec) 
2026-08-04 16:05:37,158 [ERROR] [TimeoutException] : Did not receive response in time. P2 timeout time has expired (timeout=0.150 sec)
2026-08-04 16:05:37,159 [DEBUG] Stopping CanStack
2026-08-04 16:05:37,162 [DEBUG] Main thread is exiting
2026-08-04 16:05:37,172 [DEBUG] CanStack Stopped
2026-08-04 16:05:37,177 [INFO] Connection closed
2026-08-04 16:05:37,180 [WARNING] Tester Present failed: Did not receive response in time. P2 timeout time has expired (timeout=0.150 sec)
2026-08-04 16:05:37,184 [WARNING] No response from ECU.
2026-08-04 16:05:37,185 [INFO] ----------------------------------Waiting for ECU-----------------------------------------------
2026-08-04 16:05:39,256 [INFO] Bringing up CAN interface can0...
2026-08-04 16:05:39,475 [INFO] CAN interface can0 successfully brought up.
2026-08-04 16:05:40,476 [INFO] Creating temporary UDS client...
2026-08-04 16:05:40,481 [DEBUG] can config: {'fd': False, 'can_filters': [{'can_id': 1966, 'can_mask': 2047, 'extended': False}], 'interface': 'socketcan', 'channel': 'can0'}
2026-08-04 16:05:40,554 [INFO] Created a socket
2026-08-04 16:05:40,555 [DEBUG] Binding socket to channel=can0
2026-08-04 16:05:40,556 [DEBUG] Bound socket.
2026-08-04 16:05:40,561 [DEBUG] can config: {'fd': False, 'can_filters': [{'can_id': 1966, 'can_mask': 2047, 'extended': False}], 'interface': 'socketcan', 'channel': 'can0'}
2026-08-04 16:05:40,563 [INFO] Created a socket
2026-08-04 16:05:40,564 [DEBUG] Binding socket to channel=can0
2026-08-04 16:05:40,566 [DEBUG] Bound socket.
2026-08-04 16:05:40,576 [DEBUG] Given rxfn is considered blocking
2026-08-04 16:05:40,579 [INFO] CANLogger: Logging only UDS traffic (tx/rx physical+functional)
2026-08-04 16:05:40,581 [WARNING] SocketcanBus was not properly shut down
2026-08-04 16:05:40,582 [DEBUG] Closing raw can socket
2026-08-04 16:05:40,584 [INFO] Trying basic communication with ECU...
2026-08-04 16:05:40,586 [DEBUG] Starting CanStack
2026-08-04 16:05:40,587 [DEBUG] Main thread has started
2026-08-04 16:05:40,589 [DEBUG] Relay thread has started
2026-08-04 16:05:40,591 [INFO] Connection opened
2026-08-04 16:05:40,592 [INFO] TesterPresent<0x3e> - Sending TesterPresent request
2026-08-04 16:05:40,594 [DEBUG] Sending request to server
2026-08-04 16:05:40,595 [DEBUG] Sending 2 bytes : [3e00]
2026-08-04 16:05:40,597 [DEBUG] Enqueuing a SendRequest for 2 bytes and TAT=Physical
2026-08-04 16:05:40,598 [DEBUG] Waiting for server response
2026-08-04 16:05:40,600 [DEBUG] Tx: <7A6> (08) [ ]	 023e000000000000
2026-08-04 16:05:40,606 [DEBUG] We've been asked to write a message to the bus
2026-08-04 16:05:40,610 [DEBUG] sending: Timestamp:        0.000000    ID:      7a6    S Rx       BS       DL:  8    02 3e 00 00 00 00 00 00
2026-08-04 16:05:40,754 [DEBUG] No data received: [TimeoutException] - Did not receive IsoTP frame from the Transport layer in time (timeout=0.15 sec) 
2026-08-04 16:05:40,755 [ERROR] [TimeoutException] : Did not receive response in time. P2 timeout time has expired (timeout=0.150 sec)
2026-08-04 16:05:40,756 [DEBUG] Stopping CanStack
2026-08-04 16:05:40,757 [DEBUG] Main thread is exiting
2026-08-04 16:05:40,762 [DEBUG] CanStack Stopped
2026-08-04 16:05:40,763 [INFO] Connection closed
2026-08-04 16:05:40,765 [WARNING] Tester Present failed: Did not receive response in time. P2 timeout time has expired (timeout=0.150 sec)
2026-08-04 16:05:40,766 [WARNING] No response from ECU.
2026-08-04 16:05:40,767 [INFO] ----------------------------------Waiting for ECU-----------------------------------------------
2026-08-04 16:05:42,830 [INFO] Bringing up CAN interface can0...
2026-08-04 16:05:43,068 [INFO] CAN interface can0 successfully brought up.
2026-08-04 16:05:44,069 [INFO] Creating temporary UDS client...
2026-08-04 16:05:44,073 [DEBUG] can config: {'fd': False, 'can_filters': [{'can_id': 1966, 'can_mask': 2047, 'extended': False}], 'interface': 'socketcan', 'channel': 'can0'}
2026-08-04 16:05:44,074 [INFO] Created a socket
2026-08-04 16:05:44,075 [DEBUG] Binding socket to channel=can0
2026-08-04 16:05:44,076 [DEBUG] Bound socket.
2026-08-04 16:05:44,081 [DEBUG] can config: {'fd': False, 'can_filters': [{'can_id': 1966, 'can_mask': 2047, 'extended': False}], 'interface': 'socketcan', 'channel': 'can0'}
2026-08-04 16:05:44,082 [INFO] Created a socket
2026-08-04 16:05:44,084 [DEBUG] Binding socket to channel=can0
2026-08-04 16:05:44,085 [DEBUG] Bound socket.
2026-08-04 16:05:44,092 [DEBUG] Given rxfn is considered blocking
2026-08-04 16:05:44,098 [INFO] CANLogger: Logging only UDS traffic (tx/rx physical+functional)
2026-08-04 16:05:44,099 [WARNING] SocketcanBus was not properly shut down
2026-08-04 16:05:44,100 [DEBUG] Closing raw can socket
2026-08-04 16:05:44,101 [INFO] Trying basic communication with ECU...
2026-08-04 16:05:44,101 [DEBUG] Starting CanStack
2026-08-04 16:05:44,102 [DEBUG] Main thread has started
2026-08-04 16:05:44,104 [DEBUG] Relay thread has started
2026-08-04 16:05:44,105 [INFO] Connection opened
2026-08-04 16:05:44,106 [INFO] TesterPresent<0x3e> - Sending TesterPresent request
2026-08-04 16:05:44,107 [DEBUG] Sending request to server
2026-08-04 16:05:44,108 [DEBUG] Sending 2 bytes : [3e00]
2026-08-04 16:05:44,109 [DEBUG] Enqueuing a SendRequest for 2 bytes and TAT=Physical
2026-08-04 16:05:44,110 [DEBUG] Waiting for server response
2026-08-04 16:05:44,112 [DEBUG] Tx: <7A6> (08) [ ]	 023e000000000000
2026-08-04 16:05:44,113 [DEBUG] We've been asked to write a message to the bus
2026-08-04 16:05:44,114 [DEBUG] sending: Timestamp:        0.000000    ID:      7a6    S Rx       BS       DL:  8    02 3e 00 00 00 00 00 00
2026-08-04 16:05:44,263 [DEBUG] No data received: [TimeoutException] - Did not receive IsoTP frame from the Transport layer in time (timeout=0.15 sec) 
2026-08-04 16:05:44,264 [ERROR] [TimeoutException] : Did not receive response in time. P2 timeout time has expired (timeout=0.150 sec)
2026-08-04 16:05:44,265 [DEBUG] Stopping CanStack
2026-08-04 16:05:44,266 [DEBUG] Main thread is exiting
2026-08-04 16:05:44,284 [DEBUG] CanStack Stopped
2026-08-04 16:05:44,285 [INFO] Connection closed
2026-08-04 16:05:44,287 [WARNING] Tester Present failed: Did not receive response in time. P2 timeout time has expired (timeout=0.150 sec)
2026-08-04 16:05:44,288 [WARNING] No response from ECU.
2026-08-04 16:05:44,289 [INFO] ----------------------------------Waiting for ECU-----------------------------------------------
2026-08-04 16:05:46,350 [INFO] Bringing up CAN interface can0...
2026-08-04 16:05:46,575 [INFO] CAN interface can0 successfully brought up.
2026-08-04 16:05:47,576 [INFO] Creating temporary UDS client...
2026-08-04 16:05:47,580 [DEBUG] can config: {'fd': False, 'can_filters': [{'can_id': 1966, 'can_mask': 2047, 'extended': False}], 'interface': 'socketcan', 'channel': 'can0'}
2026-08-04 16:05:47,581 [INFO] Created a socket
2026-08-04 16:05:47,582 [DEBUG] Binding socket to channel=can0
2026-08-04 16:05:47,582 [DEBUG] Bound socket.
2026-08-04 16:05:47,587 [DEBUG] can config: {'fd': False, 'can_filters': [{'can_id': 1966, 'can_mask': 2047, 'extended': False}], 'interface': 'socketcan', 'channel': 'can0'}
2026-08-04 16:05:47,589 [INFO] Created a socket
2026-08-04 16:05:47,590 [DEBUG] Binding socket to channel=can0
2026-08-04 16:05:47,591 [DEBUG] Bound socket.
2026-08-04 16:05:47,597 [DEBUG] Given rxfn is considered blocking
2026-08-04 16:05:47,604 [INFO] CANLogger: Logging only UDS traffic (tx/rx physical+functional)
2026-08-04 16:05:47,605 [WARNING] SocketcanBus was not properly shut down
2026-08-04 16:05:47,606 [DEBUG] Closing raw can socket
2026-08-04 16:05:47,607 [INFO] Trying basic communication with ECU...
2026-08-04 16:05:47,608 [DEBUG] Starting CanStack
2026-08-04 16:05:47,616 [DEBUG] Main thread has started
2026-08-04 16:05:47,617 [WARNING] SocketcanBus was not properly shut down
2026-08-04 16:05:47,618 [DEBUG] Closing raw can socket
2026-08-04 16:05:47,619 [WARNING] SocketcanBus was not properly shut down
2026-08-04 16:05:47,620 [DEBUG] Closing raw can socket
2026-08-04 16:05:47,621 [WARNING] SocketcanBus was not properly shut down
2026-08-04 16:05:47,622 [DEBUG] Closing raw can socket
2026-08-04 16:05:47,625 [DEBUG] Relay thread has started
2026-08-04 16:05:47,626 [INFO] Connection opened
2026-08-04 16:05:47,627 [INFO] TesterPresent<0x3e> - Sending TesterPresent request
2026-08-04 16:05:47,628 [DEBUG] Sending request to server
2026-08-04 16:05:47,629 [DEBUG] Sending 2 bytes : [3e00]
2026-08-04 16:05:47,630 [DEBUG] Enqueuing a SendRequest for 2 bytes and TAT=Physical
2026-08-04 16:05:47,631 [DEBUG] Waiting for server response
2026-08-04 16:05:47,633 [DEBUG] Tx: <7A6> (08) [ ]	 023e000000000000
2026-08-04 16:05:47,635 [DEBUG] We've been asked to write a message to the bus
2026-08-04 16:05:47,636 [DEBUG] sending: Timestamp:        0.000000    ID:      7a6    S Rx       BS       DL:  8    02 3e 00 00 00 00 00 00
2026-08-04 16:05:47,785 [DEBUG] No data received: [TimeoutException] - Did not receive IsoTP frame from the Transport layer in time (timeout=0.15 sec) 
2026-08-04 16:05:47,785 [ERROR] [TimeoutException] : Did not receive response in time. P2 timeout time has expired (timeout=0.150 sec)
2026-08-04 16:05:47,786 [DEBUG] Stopping CanStack
2026-08-04 16:05:47,787 [DEBUG] Main thread is exiting
2026-08-04 16:05:47,800 [DEBUG] CanStack Stopped
2026-08-04 16:05:47,801 [INFO] Connection closed
2026-08-04 16:05:47,802 [WARNING] Tester Present failed: Did not receive response in time. P2 timeout time has expired (timeout=0.150 sec)
2026-08-04 16:05:47,804 [WARNING] No response from ECU.
2026-08-04 16:05:47,808 [INFO] ----------------------------------Waiting for ECU-----------------------------------------------
2026-08-04 16:05:49,871 [INFO] Bringing up CAN interface can0...
2026-08-04 16:05:50,096 [INFO] CAN interface can0 successfully brought up.
2026-08-04 16:05:51,098 [INFO] Creating temporary UDS client...
2026-08-04 16:05:51,102 [DEBUG] can config: {'fd': False, 'can_filters': [{'can_id': 1966, 'can_mask': 2047, 'extended': False}], 'interface': 'socketcan', 'channel': 'can0'}
2026-08-04 16:05:51,103 [INFO] Created a socket
2026-08-04 16:05:51,103 [DEBUG] Binding socket to channel=can0
2026-08-04 16:05:51,104 [DEBUG] Bound socket.
2026-08-04 16:05:51,109 [DEBUG] can config: {'fd': False, 'can_filters': [{'can_id': 1966, 'can_mask': 2047, 'extended': False}], 'interface': 'socketcan', 'channel': 'can0'}
2026-08-04 16:05:51,110 [INFO] Created a socket
2026-08-04 16:05:51,112 [DEBUG] Binding socket to channel=can0
2026-08-04 16:05:51,113 [DEBUG] Bound socket.
2026-08-04 16:05:51,119 [DEBUG] Given rxfn is considered blocking
2026-08-04 16:05:51,125 [INFO] CANLogger: Logging only UDS traffic (tx/rx physical+functional)
2026-08-04 16:05:51,127 [WARNING] SocketcanBus was not properly shut down
2026-08-04 16:05:51,128 [DEBUG] Closing raw can socket
2026-08-04 16:05:51,129 [INFO] Trying basic communication with ECU...
2026-08-04 16:05:51,129 [DEBUG] Starting CanStack
2026-08-04 16:05:51,131 [DEBUG] Main thread has started
2026-08-04 16:05:51,132 [DEBUG] Relay thread has started
2026-08-04 16:05:51,133 [INFO] Connection opened
2026-08-04 16:05:51,134 [INFO] TesterPresent<0x3e> - Sending TesterPresent request
2026-08-04 16:05:51,135 [DEBUG] Sending request to server
2026-08-04 16:05:51,136 [DEBUG] Sending 2 bytes : [3e00]
2026-08-04 16:05:51,137 [DEBUG] Enqueuing a SendRequest for 2 bytes and TAT=Physical
2026-08-04 16:05:51,138 [DEBUG] Waiting for server response
2026-08-04 16:05:51,139 [DEBUG] Tx: <7A6> (08) [ ]	 023e000000000000
2026-08-04 16:05:51,141 [DEBUG] We've been asked to write a message to the bus
2026-08-04 16:05:51,142 [DEBUG] sending: Timestamp:        0.000000    ID:      7a6    S Rx       BS       DL:  8    02 3e 00 00 00 00 00 00
2026-08-04 16:05:51,291 [DEBUG] No data received: [TimeoutException] - Did not receive IsoTP frame from the Transport layer in time (timeout=0.15 sec) 
2026-08-04 16:05:51,292 [ERROR] [TimeoutException] : Did not receive response in time. P2 timeout time has expired (timeout=0.150 sec)
2026-08-04 16:05:51,293 [DEBUG] Stopping CanStack
2026-08-04 16:05:51,294 [DEBUG] Main thread is exiting
2026-08-04 16:05:51,305 [DEBUG] CanStack Stopped
2026-08-04 16:05:51,307 [INFO] Connection closed
2026-08-04 16:05:51,308 [WARNING] Tester Present failed: Did not receive response in time. P2 timeout time has expired (timeout=0.150 sec)
2026-08-04 16:05:51,309 [WARNING] No response from ECU.
2026-08-04 16:05:51,313 [INFO] ----------------------------------Waiting for ECU-----------------------------------------------
2026-08-04 16:05:53,375 [INFO] Bringing up CAN interface can0...
2026-08-04 16:05:53,588 [INFO] CAN interface can0 successfully brought up.
2026-08-04 16:05:54,589 [INFO] Creating temporary UDS client...
2026-08-04 16:05:54,593 [DEBUG] can config: {'fd': False, 'can_filters': [{'can_id': 1966, 'can_mask': 2047, 'extended': False}], 'interface': 'socketcan', 'channel': 'can0'}
2026-08-04 16:05:54,594 [INFO] Created a socket
2026-08-04 16:05:54,595 [DEBUG] Binding socket to channel=can0
2026-08-04 16:05:54,595 [DEBUG] Bound socket.
2026-08-04 16:05:54,600 [DEBUG] can config: {'fd': False, 'can_filters': [{'can_id': 1966, 'can_mask': 2047, 'extended': False}], 'interface': 'socketcan', 'channel': 'can0'}
2026-08-04 16:05:54,602 [INFO] Created a socket
2026-08-04 16:05:54,603 [DEBUG] Binding socket to channel=can0
2026-08-04 16:05:54,604 [DEBUG] Bound socket.
2026-08-04 16:05:54,611 [DEBUG] Given rxfn is considered blocking
2026-08-04 16:05:54,618 [INFO] CANLogger: Logging only UDS traffic (tx/rx physical+functional)
2026-08-04 16:05:54,620 [WARNING] SocketcanBus was not properly shut down
2026-08-04 16:05:54,620 [DEBUG] Closing raw can socket
2026-08-04 16:05:54,621 [INFO] Trying basic communication with ECU...
2026-08-04 16:05:54,622 [DEBUG] Starting CanStack
2026-08-04 16:05:54,624 [DEBUG] Main thread has started
2026-08-04 16:05:54,626 [DEBUG] Relay thread has started
2026-08-04 16:05:54,627 [INFO] Connection opened
2026-08-04 16:05:54,628 [INFO] TesterPresent<0x3e> - Sending TesterPresent request
2026-08-04 16:05:54,630 [DEBUG] Sending request to server
2026-08-04 16:05:54,630 [DEBUG] Sending 2 bytes : [3e00]
2026-08-04 16:05:54,632 [DEBUG] Enqueuing a SendRequest for 2 bytes and TAT=Physical
2026-08-04 16:05:54,633 [DEBUG] Waiting for server response
2026-08-04 16:05:54,635 [DEBUG] Tx: <7A6> (08) [ ]	 023e000000000000
2026-08-04 16:05:54,637 [DEBUG] We've been asked to write a message to the bus
2026-08-04 16:05:54,638 [DEBUG] sending: Timestamp:        0.000000    ID:      7a6    S Rx       BS       DL:  8    02 3e 00 00 00 00 00 00
2026-08-04 16:05:54,643 [DEBUG] Rx: <7AE> (08) [p]	 027e00aaaaaaaaaa
2026-08-04 16:05:54,645 [DEBUG] Received 2 bytes : [7e00]
2026-08-04 16:05:54,651 [DEBUG] Received response from server
2026-08-04 16:05:54,653 [INFO] Received positive response for service TesterPresent (0x3e) from server.
2026-08-04 16:05:54,655 [DEBUG] Stopping CanStack
2026-08-04 16:05:54,658 [DEBUG] Main thread is exiting
2026-08-04 16:05:54,694 [DEBUG] CanStack Stopped
2026-08-04 16:05:54,695 [INFO] Connection closed
2026-08-04 16:05:54,696 [INFO] UDS communication successful.
2026-08-04 16:05:54,697 [INFO] ----------------------------------ECU Ready-----------------------------------------------
2026-08-04 16:05:54,698 [INFO] USBTransfer initialized
2026-08-04 16:05:54,700 [WARNING] SocketcanBus was not properly shut down
2026-08-04 16:05:54,700 [DEBUG] Closing raw can socket
2026-08-04 16:05:54,702 [INFO] Checking openssh-client...
2026-08-04 16:05:54,731 [INFO] openssh-client already installed
2026-08-04 16:05:54,733 [INFO] Checking ssh-agent...
2026-08-04 16:05:54,734 [INFO] ssh-agent already running
2026-08-04 16:05:54,735 [INFO] Private key already exists
2026-08-04 16:05:54,735 [INFO] Public key already exists
2026-08-04 16:05:54,736 [INFO] Adding key to ssh-agent...
2026-08-04 16:05:54,832 [INFO] Key added successfully
2026-08-04 16:05:54,833 [INFO] SSH setup completed ✔
2026-08-04 16:05:54,868 [INFO] uds.service already up-to-date.
2026-08-04 16:05:55,118 [INFO] User lingering enabled.
2026-08-04 16:05:56,836 [INFO] ----------------------------------Run Test Cases-----------------------------------------------
2026-08-04 16:06:03,692 [INFO] Tester Name: Yamuna
2026-08-04 16:06:03,694 [INFO] ----------------------------------Storage OK Free: 8632 MB-----------------------------------------------
2026-08-04 16:06:05,698 [INFO] Preparing ECU and CAN/ISO-TP connections before logged run
2026-08-04 16:06:05,700 [DEBUG] Stopping CanStack
2026-08-04 16:06:05,700 [DEBUG] Closing raw can socket
2026-08-04 16:06:05,701 [DEBUG] Closing raw can socket
2026-08-04 16:06:05,707 [DEBUG] can config: {'fd': False, 'can_filters': [{'can_id': 1966, 'can_mask': 2047, 'extended': False}], 'interface': 'socketcan', 'channel': 'can0'}
2026-08-04 16:06:05,709 [INFO] Created a socket
2026-08-04 16:06:05,710 [DEBUG] Binding socket to channel=can0
2026-08-04 16:06:05,713 [DEBUG] Bound socket.
2026-08-04 16:06:05,724 [DEBUG] can config: {'fd': False, 'can_filters': [{'can_id': 1966, 'can_mask': 2047, 'extended': False}], 'interface': 'socketcan', 'channel': 'can0'}
2026-08-04 16:06:05,726 [INFO] Created a socket
2026-08-04 16:06:05,727 [DEBUG] Binding socket to channel=can0
2026-08-04 16:06:05,728 [DEBUG] Bound socket.
2026-08-04 16:06:05,733 [DEBUG] Given rxfn is considered blocking
2026-08-04 16:06:05,737 [INFO] Execution startup settle delay: 0.250s before first testcase
2026-08-04 16:06:05,989 [INFO] Drained stale CAN frames on physical sniffer bus
2026-08-04 16:06:05,990 [INFO] Drained stale CAN frames on active sniffer bus
2026-08-04 16:06:05,991 [DEBUG] Starting CanStack
2026-08-04 16:06:05,993 [DEBUG] Main thread has started
2026-08-04 16:06:05,995 [DEBUG] Relay thread has started
2026-08-04 16:06:05,997 [INFO] Connection opened
2026-08-04 16:06:05,999 [INFO] PRE_RUN - Start default session before logged execution: Sending request 1001
2026-08-04 16:06:06,000 [DEBUG] Sending 2 bytes : [1001]
2026-08-04 16:06:06,002 [DEBUG] Enqueuing a SendRequest for 2 bytes and TAT=Physical
2026-08-04 16:06:06,008 [DEBUG] Tx: <7A6> (08) [ ]	 0210010000000000
2026-08-04 16:06:06,012 [DEBUG] We've been asked to write a message to the bus
2026-08-04 16:06:06,014 [DEBUG] sending: Timestamp:        0.000000    ID:      7a6    S Rx       BS       DL:  8    02 10 01 00 00 00 00 00
2026-08-04 16:06:06,025 [DEBUG] Rx: <7AE> (08) [p]	 065001003201f4aa
2026-08-04 16:06:06,225 [INFO] Pre-run default session response: 5001003201F4
2026-08-04 16:06:06,225 [DEBUG] Stopping CanStack
2026-08-04 16:06:06,227 [DEBUG] Main thread is exiting
2026-08-04 16:06:06,276 [DEBUG] CanStack Stopped
2026-08-04 16:06:06,278 [INFO] Connection closed
2026-08-04 16:06:06,279 [DEBUG] Stopping CanStack
2026-08-04 16:06:06,280 [DEBUG] CanStack Stopped
2026-08-04 16:06:06,281 [INFO] Connection closed
2026-08-04 16:06:06,284 [DEBUG] Closing raw can socket
2026-08-04 16:06:06,289 [DEBUG] Closing raw can socket
2026-08-04 16:06:06,300 [DEBUG] can config: {'fd': False, 'can_filters': [{'can_id': 1966, 'can_mask': 2047, 'extended': False}], 'interface': 'socketcan', 'channel': 'can0'}
2026-08-04 16:06:06,301 [INFO] Created a socket
2026-08-04 16:06:06,302 [DEBUG] Binding socket to channel=can0
2026-08-04 16:06:06,303 [DEBUG] Bound socket.
2026-08-04 16:06:06,307 [DEBUG] can config: {'fd': False, 'can_filters': [{'can_id': 1966, 'can_mask': 2047, 'extended': False}], 'interface': 'socketcan', 'channel': 'can0'}
2026-08-04 16:06:06,308 [INFO] Created a socket
2026-08-04 16:06:06,309 [DEBUG] Binding socket to channel=can0
2026-08-04 16:06:06,310 [DEBUG] Bound socket.
2026-08-04 16:06:06,314 [DEBUG] Given rxfn is considered blocking
2026-08-04 16:06:06,317 [INFO] Execution startup settle delay: 0.250s before first testcase
2026-08-04 16:06:06,568 [INFO] Drained stale CAN frames on physical sniffer bus
2026-08-04 16:06:06,570 [INFO] Drained stale CAN frames on active sniffer bus
2026-08-04 16:06:06,585 [DEBUG] can config: {'can_filters': [{'can_id': 1958, 'can_mask': 2047, 'extended': False}, {'can_id': 1966, 'can_mask': 2047, 'extended': False}, {'can_id': 0, 'can_mask': 2047, 'extended': False}, {'can_id': 1966, 'can_mask': 2047, 'extended': False}], 'fd': False, 'receive_own_messages': True, 'interface': 'socketcan', 'channel': 'can0'}
2026-08-04 16:06:06,592 [INFO] Created a socket
2026-08-04 16:06:06,596 [DEBUG] Binding socket to channel=can0
2026-08-04 16:06:06,599 [DEBUG] Bound socket.
2026-08-04 16:06:06,609 [INFO] CAN logging started: /home/mobase/Git/Raja/New_14/dist/output/can_logs/MFSW_10_20260804_160605.asc
2026-08-04 16:06:06,611 [INFO] Execution startup settle delay: 0.250s before first testcase
2026-08-04 16:06:06,863 [INFO] Drained stale CAN frames on physical sniffer bus
2026-08-04 16:06:06,865 [INFO] Drained stale CAN frames on active sniffer bus
2026-08-04 16:06:06,899 [INFO] Running Test Case: ECU_INFO-6
2026-08-04 16:06:06,901 [INFO] Final CAN drain completed before first testcase ECU_INFO-6
2026-08-04 16:06:06,902 [DEBUG] Starting CanStack
2026-08-04 16:06:06,904 [DEBUG] Main thread has started
2026-08-04 16:06:06,905 [DEBUG] Relay thread has started
2026-08-04 16:06:06,907 [INFO] Connection opened
2026-08-04 16:06:06,908 [INFO] Switched to physical mode for TC: ECU_INFO-6 Step: S/W Version
2026-08-04 16:06:06,909 [INFO] ECU_INFO-6 - S/W Version: SID=0x22, Sub=0xF1DD, Expected=[16, 16, 98, 241, 221, 49, 48, 48, 48, 48, 0, 0, 0, 0, 0, 0, 0, 0, 170, 170, 170, 170]
2026-08-04 16:06:06,963 [INFO] ECU_INFO-6 - S/W Version: Sending request 22F1DD
2026-08-04 16:06:06,965 [INFO] ECU_INFO-6 - S/W Version: Sending request 22F1DD
2026-08-04 16:06:06,967 [DEBUG] Sending 3 bytes : [22f1dd]
2026-08-04 16:06:06,968 [DEBUG] Enqueuing a SendRequest for 3 bytes and TAT=Physical
2026-08-04 16:06:06,970 [DEBUG] Tx: <7A6> (08) [ ]	 0322f1dd00000000
2026-08-04 16:06:06,972 [DEBUG] We've been asked to write a message to the bus
2026-08-04 16:06:06,973 [DEBUG] sending: Timestamp:        0.000000    ID:      7a6    S Rx       BS       DL:  8    03 22 f1 dd 00 00 00 00
2026-08-04 16:06:06,987 [DEBUG] We've been asked to write a message to the bus
2026-08-04 16:06:06,988 [DEBUG] Rx: <7AE> (08) [p]	 101062f1dd313030
2026-08-04 16:06:06,990 [DEBUG] sending: Timestamp:        0.000000    ID:      7a6    S Rx       BS       DL:  8    30 08 0a 00 00 00 00 00
2026-08-04 16:06:06,994 [DEBUG] Tx: <7A6> (08) [ ]	 30080a0000000000
2026-08-04 16:06:06,999 [DEBUG] We've been asked to write a message to the bus
2026-08-04 16:06:07,001 [DEBUG] sending: Timestamp:        0.000000    ID:      7a6    S Rx       BS       DL:  8    30 08 0a 00 00 00 00 00
2026-08-04 16:06:07,006 [DEBUG] TxState=IDLE - RxState=WAIT_CF
2026-08-04 16:06:07,020 [DEBUG] Rx: <7AE> (08) [p]	 2130300000000000
2026-08-04 16:06:07,035 [DEBUG] Rx: <7AE> (08) [p]	 22000000aaaaaaaa
2026-08-04 16:06:07,093 [INFO] ECU_INFO-6 - Received: 62F1DD31303030300000000000000000
2026-08-04 16:06:07,095 [DEBUG] TxState=IDLE - RxState=IDLE
2026-08-04 16:06:07,096 [WARNING] ECU_INFO-6 - S/W Version -> ❌ FAIL - Expected 101062F1DD31303030300000000000000000AAAAAAAA
2026-08-04 16:06:07,098 [DEBUG] Stopping CanStack
2026-08-04 16:06:07,100 [DEBUG] Main thread is exiting
2026-08-04 16:06:07,141 [DEBUG] CanStack Stopped
2026-08-04 16:06:07,144 [INFO] Connection closed
2026-08-04 16:06:07,147 [INFO] Running Test Case: ECU_INFO-7
2026-08-04 16:06:07,149 [DEBUG] Starting CanStack
2026-08-04 16:06:07,151 [DEBUG] Main thread has started
2026-08-04 16:06:07,153 [DEBUG] Relay thread has started
2026-08-04 16:06:07,155 [INFO] Connection opened
2026-08-04 16:06:07,157 [INFO] Switched to physical mode for TC: ECU_INFO-7 Step: B-CAN Version
2026-08-04 16:06:07,158 [INFO] ECU_INFO-7 - B-CAN Version: SID=0x22, Sub=0xF100, Expected=[6, 98, 241, 0, 49, 46, 48, 170]
2026-08-04 16:06:07,210 [INFO] ECU_INFO-7 - B-CAN Version: Sending request 22F100
2026-08-04 16:06:07,216 [INFO] ECU_INFO-7 - B-CAN Version: Sending request 22F100
2026-08-04 16:06:07,220 [DEBUG] Sending 3 bytes : [22f100]
2026-08-04 16:06:07,221 [DEBUG] Enqueuing a SendRequest for 3 bytes and TAT=Physical
2026-08-04 16:06:07,223 [DEBUG] Tx: <7A6> (08) [ ]	 0322f10000000000
2026-08-04 16:06:07,224 [DEBUG] We've been asked to write a message to the bus
2026-08-04 16:06:07,225 [DEBUG] sending: Timestamp:        0.000000    ID:      7a6    S Rx       BS       DL:  8    03 22 f1 00 00 00 00 00
2026-08-04 16:06:07,238 [DEBUG] Rx: <7AE> (08) [p]	 0662f100312e30aa
2026-08-04 16:06:07,285 [INFO] ECU_INFO-7 - Received: 62F100312E30
2026-08-04 16:06:07,287 [WARNING] ECU_INFO-7 - B-CAN Version -> ❌ FAIL - Expected 0662F100312E30AA
2026-08-04 16:06:07,289 [DEBUG] Stopping CanStack
2026-08-04 16:06:07,291 [DEBUG] Main thread is exiting
2026-08-04 16:06:07,337 [DEBUG] CanStack Stopped
2026-08-04 16:06:07,338 [INFO] Connection closed
2026-08-04 16:06:07,339 [INFO] Running Test Case: ECU_INFO-8
2026-08-04 16:06:07,340 [DEBUG] Starting CanStack
2026-08-04 16:06:07,342 [DEBUG] Main thread has started
2026-08-04 16:06:07,343 [DEBUG] Relay thread has started
2026-08-04 16:06:07,345 [INFO] Connection opened
2026-08-04 16:06:07,345 [INFO] Switched to physical mode for TC: ECU_INFO-8 Step: Manufacturing Date
2026-08-04 16:06:07,346 [INFO] ECU_INFO-8 - Manufacturing Date: SID=0x22, Sub=0xF18B, Expected=[7, 98, 241, 139, 32, 37, 18, 25]
2026-08-04 16:06:07,407 [INFO] ECU_INFO-8 - Manufacturing Date: Sending request 22F18B
2026-08-04 16:06:07,408 [INFO] ECU_INFO-8 - Manufacturing Date: Sending request 22F18B
2026-08-04 16:06:07,409 [DEBUG] Sending 3 bytes : [22f18b]
2026-08-04 16:06:07,409 [DEBUG] Enqueuing a SendRequest for 3 bytes and TAT=Physical
2026-08-04 16:06:07,411 [DEBUG] Tx: <7A6> (08) [ ]	 0322f18b00000000
2026-08-04 16:06:07,412 [DEBUG] We've been asked to write a message to the bus
2026-08-04 16:06:07,412 [DEBUG] sending: Timestamp:        0.000000    ID:      7a6    S Rx       BS       DL:  8    03 22 f1 8b 00 00 00 00
2026-08-04 16:06:07,428 [DEBUG] Rx: <7AE> (08) [p]	 0762f18b20251219
2026-08-04 16:06:07,478 [INFO] ECU_INFO-8 - Received: 62F18B20251219
2026-08-04 16:06:07,482 [WARNING] ECU_INFO-8 - Manufacturing Date -> ❌ FAIL - Expected 0762F18B20251219
2026-08-04 16:06:07,487 [DEBUG] Stopping CanStack
2026-08-04 16:06:07,494 [DEBUG] Main thread is exiting
2026-08-04 16:06:07,531 [DEBUG] CanStack Stopped
2026-08-04 16:06:07,533 [INFO] Connection closed
2026-08-04 16:06:07,534 [INFO] Running Test Case: ECU_INFO-9
2026-08-04 16:06:07,539 [DEBUG] Starting CanStack
2026-08-04 16:06:07,542 [DEBUG] Main thread has started
2026-08-04 16:06:07,547 [DEBUG] Relay thread has started
2026-08-04 16:06:07,550 [INFO] Connection opened
2026-08-04 16:06:07,552 [INFO] Switched to physical mode for TC: ECU_INFO-9 Step: ECU_Serial Number
2026-08-04 16:06:07,556 [INFO] ECU_INFO-9 - ECU_Serial Number: SID=0x22, Sub=0xF18C, Expected=[16, 11, 98, 241, 140, 48, 48, 48, 48, 48, 48, 48, 49, 170, 170]
2026-08-04 16:06:07,616 [INFO] ECU_INFO-9 - ECU_Serial Number: Sending request 22F18C
2026-08-04 16:06:07,621 [INFO] ECU_INFO-9 - ECU_Serial Number: Sending request 22F18C
2026-08-04 16:06:07,626 [DEBUG] Sending 3 bytes : [22f18c]
2026-08-04 16:06:07,630 [DEBUG] Enqueuing a SendRequest for 3 bytes and TAT=Physical
2026-08-04 16:06:07,636 [DEBUG] Tx: <7A6> (08) [ ]	 0322f18c00000000
2026-08-04 16:06:07,638 [DEBUG] We've been asked to write a message to the bus
2026-08-04 16:06:07,640 [DEBUG] sending: Timestamp:        0.000000    ID:      7a6    S Rx       BS       DL:  8    03 22 f1 8c 00 00 00 00
2026-08-04 16:06:07,645 [DEBUG] Rx: <7AE> (08) [p]	 100b62f18c303030
2026-08-04 16:06:07,647 [DEBUG] Tx: <7A6> (08) [ ]	 30080a0000000000
2026-08-04 16:06:07,648 [DEBUG] We've been asked to write a message to the bus
2026-08-04 16:06:07,649 [DEBUG] We've been asked to write a message to the bus
2026-08-04 16:06:07,649 [DEBUG] sending: Timestamp:        0.000000    ID:      7a6    S Rx       BS       DL:  8    30 08 0a 00 00 00 00 00
2026-08-04 16:06:07,650 [DEBUG] sending: Timestamp:        0.000000    ID:      7a6    S Rx       BS       DL:  8    30 08 0a 00 00 00 00 00
2026-08-04 16:06:07,652 [DEBUG] TxState=IDLE - RxState=WAIT_CF
2026-08-04 16:06:07,667 [DEBUG] Rx: <7AE> (08) [p]	 213030303031aaaa
2026-08-04 16:06:07,716 [INFO] ECU_INFO-9 - Received: 62F18C3030303030303031
2026-08-04 16:06:07,718 [WARNING] ECU_INFO-9 - ECU_Serial Number -> ❌ FAIL - Expected 100B62F18C3030303030303031AAAA
2026-08-04 16:06:07,719 [DEBUG] Stopping CanStack
2026-08-04 16:06:07,720 [DEBUG] TxState=IDLE - RxState=IDLE
2026-08-04 16:06:07,722 [DEBUG] Main thread is exiting
2026-08-04 16:06:07,767 [DEBUG] CanStack Stopped
2026-08-04 16:06:07,768 [INFO] Connection closed
2026-08-04 16:06:07,768 [INFO] Running Test Case: ECU_INFO-10
2026-08-04 16:06:07,769 [DEBUG] Starting CanStack
2026-08-04 16:06:07,770 [DEBUG] Main thread has started
2026-08-04 16:06:07,771 [DEBUG] Relay thread has started
2026-08-04 16:06:07,772 [INFO] Connection opened
2026-08-04 16:06:07,772 [INFO] Switched to physical mode for TC: ECU_INFO-10 Step: H/W Version
2026-08-04 16:06:07,773 [INFO] ECU_INFO-10 - H/W Version: SID=0x22, Sub=0xF193, Expected=[7, 98, 241, 147, 49, 46, 48, 48]
2026-08-04 16:06:07,823 [INFO] ECU_INFO-10 - H/W Version: Sending request 22F193
2026-08-04 16:06:07,824 [INFO] ECU_INFO-10 - H/W Version: Sending request 22F193
2026-08-04 16:06:07,824 [DEBUG] Sending 3 bytes : [22f193]
2026-08-04 16:06:07,825 [DEBUG] Enqueuing a SendRequest for 3 bytes and TAT=Physical
2026-08-04 16:06:07,826 [DEBUG] Tx: <7A6> (08) [ ]	 0322f19300000000
2026-08-04 16:06:07,826 [DEBUG] We've been asked to write a message to the bus
2026-08-04 16:06:07,827 [DEBUG] sending: Timestamp:        0.000000    ID:      7a6    S Rx       BS       DL:  8    03 22 f1 93 00 00 00 00
2026-08-04 16:06:07,835 [DEBUG] Rx: <7AE> (08) [p]	 0762f193312e3030
2026-08-04 16:06:07,886 [INFO] ECU_INFO-10 - Received: 62F193312E3030
2026-08-04 16:06:07,892 [WARNING] ECU_INFO-10 - H/W Version -> ❌ FAIL - Expected 0762F193312E3030
2026-08-04 16:06:07,896 [DEBUG] Stopping CanStack
2026-08-04 16:06:07,897 [DEBUG] Main thread is exiting
2026-08-04 16:06:07,940 [DEBUG] CanStack Stopped
2026-08-04 16:06:07,941 [INFO] Connection closed
2026-08-04 16:06:07,942 [INFO] Running Test Case: PC_ID-029
2026-08-04 16:06:07,943 [DEBUG] Starting CanStack
2026-08-04 16:06:07,945 [DEBUG] Main thread has started
2026-08-04 16:06:07,946 [DEBUG] Relay thread has started
2026-08-04 16:06:07,948 [INFO] Connection opened
2026-08-04 16:06:07,949 [INFO] Switched to physical mode for TC: PC_ID-029 Step: Start default session
2026-08-04 16:06:07,950 [INFO] PC_ID-029 - Start default session: SID=0x10, Sub=0x01, Expected=[6, 80, 1, 0, 50, 1, 244, 170]
2026-08-04 16:06:08,005 [INFO] PC_ID-029 - Start default session: Sending 1001
2026-08-04 16:06:08,051 [INFO] PC_ID-029 - Start default session: Sending request 1001
2026-08-04 16:06:08,053 [DEBUG] Sending 2 bytes : [1001]
2026-08-04 16:06:08,054 [DEBUG] Enqueuing a SendRequest for 2 bytes and TAT=Physical
2026-08-04 16:06:08,056 [DEBUG] Tx: <7A6> (08) [ ]	 0210010000000000
2026-08-04 16:06:08,057 [DEBUG] We've been asked to write a message to the bus
2026-08-04 16:06:08,057 [DEBUG] sending: Timestamp:        0.000000    ID:      7a6    S Rx       BS       DL:  8    02 10 01 00 00 00 00 00
2026-08-04 16:06:08,065 [INFO] PC_ID-029 - Received: 5001003201F4
2026-08-04 16:06:08,067 [WARNING] PC_ID-029 - Start default session -> FAIL - Unexpected response
2026-08-04 16:06:08,071 [DEBUG] Stopping CanStack
2026-08-04 16:06:08,074 [DEBUG] Rx: <7AE> (08) [p]	 065001003201f4aa
2026-08-04 16:06:08,080 [DEBUG] Main thread is exiting
2026-08-04 16:06:08,120 [DEBUG] CanStack Stopped
2026-08-04 16:06:08,121 [INFO] Connection closed
2026-08-04 16:06:08,122 [INFO] Running Test Case: TC_ID-224
2026-08-04 16:06:08,124 [DEBUG] Starting CanStack
2026-08-04 16:06:08,126 [DEBUG] Main thread has started
2026-08-04 16:06:08,127 [DEBUG] Relay thread has started
2026-08-04 16:06:08,129 [INFO] Connection opened
2026-08-04 16:06:08,130 [INFO] Switched to physical mode for TC: TC_ID-224 Step: PreCondition: PC_ID-029  Testcase:Read DTC with default session(19 02)
2026-08-04 16:06:08,132 [INFO] TC_ID-224 - PreCondition: PC_ID-029  Testcase:Read DTC with default session(19 02): SID=0x19, Sub=0x02, Expected=[3, 89, 2, 8, 170, 170, 170, 170]
2026-08-04 16:06:08,195 [INFO] TC_ID-224 - PreCondition: PC_ID-029  Testcase:Read DTC with default session(19 02): Sending 190208
2026-08-04 16:06:08,197 [INFO] TC_ID-224 - PreCondition: PC_ID-029  Testcase:Read DTC with default session(19 02): Sending request 190208
2026-08-04 16:06:08,198 [DEBUG] Sending 3 bytes : [190208]
2026-08-04 16:06:08,199 [DEBUG] Enqueuing a SendRequest for 3 bytes and TAT=Physical
2026-08-04 16:06:08,201 [DEBUG] Tx: <7A6> (08) [ ]	 0319020800000000
2026-08-04 16:06:08,202 [DEBUG] We've been asked to write a message to the bus
2026-08-04 16:06:08,203 [DEBUG] sending: Timestamp:        0.000000    ID:      7a6    S Rx       BS       DL:  8    03 19 02 08 00 00 00 00
2026-08-04 16:06:08,217 [WARNING] -----------------------------------------------TC_ID-224 PreCondition: PC_ID-029  Testcase:Read DTC with default session(19 02) -> FAIL - Expected [89, 2, 8], got [89, 2]-----------------------------------------------
2026-08-04 16:06:08,221 [DEBUG] Rx: <7AE> (08) [p]	 03590200aaaaaaaa
2026-08-04 16:06:08,225 [DEBUG] Stopping CanStack
2026-08-04 16:06:08,229 [DEBUG] Main thread is exiting
2026-08-04 16:06:08,272 [DEBUG] CanStack Stopped
2026-08-04 16:06:08,273 [INFO] Connection closed
2026-08-04 16:06:08,274 [INFO] Running Test Case: TC_ID-225
2026-08-04 16:06:08,275 [DEBUG] Starting CanStack
2026-08-04 16:06:08,277 [DEBUG] Main thread has started
2026-08-04 16:06:08,278 [DEBUG] Relay thread has started
2026-08-04 16:06:08,281 [INFO] Connection opened
2026-08-04 16:06:08,282 [INFO] Switched to physical mode for TC: TC_ID-225 Step: PreCondition: PC_ID-029  Testcase:Fault memory clear Extended session(14 FFFFFF)
2026-08-04 16:06:08,283 [INFO] TC_ID-225 - PreCondition: PC_ID-029  Testcase:Fault memory clear Extended session(14 FFFFFF): SID=0x14, Sub=0xFFFFFF, Expected=[1, 84, 170, 170, 170, 170, 170, 170]
2026-08-04 16:06:08,365 [INFO] TC_ID-225 - PreCondition: PC_ID-029  Testcase:Fault memory clear Extended session(14 FFFFFF): Sending 14FFFFFF
2026-08-04 16:06:08,366 [INFO] TC_ID-225 - PreCondition: PC_ID-029  Testcase:Fault memory clear Extended session(14 FFFFFF): Sending request 14FFFFFF
2026-08-04 16:06:08,367 [DEBUG] Sending 4 bytes : [14ffffff]
2026-08-04 16:06:08,367 [DEBUG] Enqueuing a SendRequest for 4 bytes and TAT=Physical
2026-08-04 16:06:08,368 [DEBUG] Tx: <7A6> (08) [ ]	 0414ffffff000000
2026-08-04 16:06:08,369 [DEBUG] We've been asked to write a message to the bus
2026-08-04 16:06:08,369 [DEBUG] sending: Timestamp:        0.000000    ID:      7a6    S Rx       BS       DL:  8    04 14 ff ff ff 00 00 00
2026-08-04 16:06:08,375 [INFO] -----------------------------------------------TC_ID-225 PreCondition: PC_ID-029  Testcase:Fault memory clear Extended session(14 FFFFFF) -> PASS-----------------------------------------------
2026-08-04 16:06:08,377 [DEBUG] Stopping CanStack
2026-08-04 16:06:08,377 [DEBUG] Rx: <7AE> (08) [p]	 0154aaaaaaaaaaaa
2026-08-04 16:06:08,380 [DEBUG] Main thread is exiting
2026-08-04 16:06:08,429 [DEBUG] CanStack Stopped
2026-08-04 16:06:08,432 [INFO] Connection closed
2026-08-04 16:06:08,435 [INFO] Running Test Case: TC_ID-226
2026-08-04 16:06:08,436 [DEBUG] Starting CanStack
2026-08-04 16:06:08,437 [DEBUG] Main thread has started
2026-08-04 16:06:08,438 [DEBUG] Relay thread has started
2026-08-04 16:06:08,440 [INFO] Connection opened
2026-08-04 16:06:08,440 [INFO] Switched to physical mode for TC: TC_ID-226 Step: PreCondition: PC_ID-029  Testcase:- Input Output Record Local Identifier #1(Default session)
2026-08-04 16:06:08,441 [INFO] TC_ID-226 - PreCondition: PC_ID-029  Testcase:- Input Output Record Local Identifier #1(Default session): SID=0x22, Sub=0xB302, Expected=[16, 9, 98, 179, 2, 255, 255, 0, 0, 0, 147, 170, 170, 170, 170]
2026-08-04 16:06:08,505 [INFO] TC_ID-226 - PreCondition: PC_ID-029  Testcase:- Input Output Record Local Identifier #1(Default session): Sending request 22B302
2026-08-04 16:06:08,506 [INFO] TC_ID-226 - PreCondition: PC_ID-029  Testcase:- Input Output Record Local Identifier #1(Default session): Sending request 22B302
2026-08-04 16:06:08,507 [DEBUG] Sending 3 bytes : [22b302]
2026-08-04 16:06:08,507 [DEBUG] Enqueuing a SendRequest for 3 bytes and TAT=Physical
2026-08-04 16:06:08,508 [DEBUG] Tx: <7A6> (08) [ ]	 0322b30200000000
2026-08-04 16:06:08,509 [DEBUG] We've been asked to write a message to the bus
2026-08-04 16:06:08,510 [DEBUG] sending: Timestamp:        0.000000    ID:      7a6    S Rx       BS       DL:  8    03 22 b3 02 00 00 00 00
2026-08-04 16:06:08,515 [DEBUG] We've been asked to write a message to the bus
2026-08-04 16:06:08,518 [DEBUG] sending: Timestamp:        0.000000    ID:      7a6    S Rx       BS       DL:  8    30 08 0a 00 00 00 00 00
2026-08-04 16:06:08,519 [DEBUG] Rx: <7AE> (08) [p]	 100962b302ffff00
2026-08-04 16:06:08,522 [DEBUG] Tx: <7A6> (08) [ ]	 30080a0000000000
2026-08-04 16:06:08,524 [DEBUG] We've been asked to write a message to the bus
2026-08-04 16:06:08,530 [DEBUG] sending: Timestamp:        0.000000    ID:      7a6    S Rx       BS       DL:  8    30 08 0a 00 00 00 00 00
2026-08-04 16:06:08,536 [DEBUG] TxState=IDLE - RxState=WAIT_CF
2026-08-04 16:06:08,537 [DEBUG] Rx: <7AE> (08) [p]	 21000091aaaaaaaa
2026-08-04 16:06:08,586 [INFO] TC_ID-226 - Received: 62B302FFFF00000091
2026-08-04 16:06:08,587 [WARNING] TC_ID-226 - PreCondition: PC_ID-029  Testcase:- Input Output Record Local Identifier #1(Default session) -> ❌ FAIL - Expected 100962B302FFFF00000093AAAAAAAA
2026-08-04 16:06:08,588 [DEBUG] Stopping CanStack
2026-08-04 16:06:08,588 [DEBUG] TxState=IDLE - RxState=IDLE
2026-08-04 16:06:08,589 [DEBUG] Main thread is exiting
2026-08-04 16:06:08,637 [DEBUG] CanStack Stopped
2026-08-04 16:06:08,638 [INFO] Connection closed
2026-08-04 16:06:08,638 [INFO] Running Test Case: TC_ID-227
2026-08-04 16:06:08,639 [DEBUG] Starting CanStack
2026-08-04 16:06:08,641 [DEBUG] Main thread has started
2026-08-04 16:06:08,641 [DEBUG] Relay thread has started
2026-08-04 16:06:08,642 [INFO] Connection opened
2026-08-04 16:06:08,643 [INFO] Switched to physical mode for TC: TC_ID-227 Step: PreCondition: PC_ID-029  Testcase:- Input Output Record Local Identifier #2(Default session)
2026-08-04 16:06:08,644 [INFO] TC_ID-227 - PreCondition: PC_ID-029  Testcase:- Input Output Record Local Identifier #2(Default session): SID=0x22, Sub=0xB303, Expected=[16, 11, 98, 179, 3, 255, 255, 255, 1, 8, 0, 0, 1, 170, 170]
2026-08-04 16:06:08,705 [INFO] TC_ID-227 - PreCondition: PC_ID-029  Testcase:- Input Output Record Local Identifier #2(Default session): Sending request 22B303
2026-08-04 16:06:08,706 [INFO] TC_ID-227 - PreCondition: PC_ID-029  Testcase:- Input Output Record Local Identifier #2(Default session): Sending request 22B303
2026-08-04 16:06:08,707 [DEBUG] Sending 3 bytes : [22b303]
2026-08-04 16:06:08,708 [DEBUG] Enqueuing a SendRequest for 3 bytes and TAT=Physical
2026-08-04 16:06:08,709 [DEBUG] Tx: <7A6> (08) [ ]	 0322b30300000000
2026-08-04 16:06:08,710 [DEBUG] We've been asked to write a message to the bus
2026-08-04 16:06:08,710 [DEBUG] sending: Timestamp:        0.000000    ID:      7a6    S Rx       BS       DL:  8    03 22 b3 03 00 00 00 00
2026-08-04 16:06:08,715 [DEBUG] Rx: <7AE> (08) [p]	 100b62b303ffffff
2026-08-04 16:06:08,717 [DEBUG] Tx: <7A6> (08) [ ]	 30080a0000000000
2026-08-04 16:06:08,718 [DEBUG] We've been asked to write a message to the bus
2026-08-04 16:06:08,720 [DEBUG] sending: Timestamp:        0.000000    ID:      7a6    S Rx       BS       DL:  8    30 08 0a 00 00 00 00 00
2026-08-04 16:06:08,722 [DEBUG] We've been asked to write a message to the bus
2026-08-04 16:06:08,726 [DEBUG] TxState=IDLE - RxState=WAIT_CF
2026-08-04 16:06:08,728 [DEBUG] sending: Timestamp:        0.000000    ID:      7a6    S Rx       BS       DL:  8    30 08 0a 00 00 00 00 00
2026-08-04 16:06:08,748 [DEBUG] Rx: <7AE> (08) [p]	 210108000101aaaa
2026-08-04 16:06:08,797 [INFO] TC_ID-227 - Received: 62B303FFFFFF0108000101
2026-08-04 16:06:08,798 [WARNING] TC_ID-227 - PreCondition: PC_ID-029  Testcase:- Input Output Record Local Identifier #2(Default session) -> ❌ FAIL - Expected 100B62B303FFFFFF0108000001AAAA
2026-08-04 16:06:08,799 [DEBUG] Stopping CanStack
2026-08-04 16:06:08,801 [DEBUG] TxState=IDLE - RxState=IDLE
2026-08-04 16:06:08,802 [DEBUG] Main thread is exiting
2026-08-04 16:06:08,850 [DEBUG] CanStack Stopped
2026-08-04 16:06:08,852 [INFO] Connection closed
2026-08-04 16:06:08,853 [INFO] Running Test Case: TC_ID-228
2026-08-04 16:06:08,854 [DEBUG] Starting CanStack
2026-08-04 16:06:08,856 [DEBUG] Main thread has started
2026-08-04 16:06:08,858 [DEBUG] Relay thread has started
2026-08-04 16:06:08,863 [INFO] Connection opened
2026-08-04 16:06:08,864 [INFO] Switched to physical mode for TC: TC_ID-228 Step: PreCondition: PC_ID-029  Testcase:RX_SWIN_F1_EF_Read(Defaultsession)
2026-08-04 16:06:08,866 [INFO] TC_ID-228 - PreCondition: PC_ID-029  Testcase:RX_SWIN_F1_EF_Read(Defaultsession): SID=0x22, Sub=0xF1EF, Expected=[16, 43, 98, 241, 239, 7, 166, 11, 82, 49, 48, 32, 77, 81, 52, 47, 49, 47, 48, 12, 82, 49, 53, 53, 32, 77, 81, 52, 47, 49, 47, 48, 12, 82, 49, 53, 54, 32, 77, 81, 52, 47, 49, 47, 48, 170, 170, 170, 170, 170]
2026-08-04 16:06:08,973 [INFO] TC_ID-228 - PreCondition: PC_ID-029  Testcase:RX_SWIN_F1_EF_Read(Defaultsession): Sending request 22F1EF
2026-08-04 16:06:08,974 [INFO] TC_ID-228 - PreCondition: PC_ID-029  Testcase:RX_SWIN_F1_EF_Read(Defaultsession): Sending request 22F1EF
2026-08-04 16:06:08,975 [DEBUG] Sending 3 bytes : [22f1ef]
2026-08-04 16:06:08,976 [DEBUG] Enqueuing a SendRequest for 3 bytes and TAT=Physical
2026-08-04 16:06:08,978 [DEBUG] Tx: <7A6> (08) [ ]	 0322f1ef00000000
2026-08-04 16:06:08,979 [DEBUG] We've been asked to write a message to the bus
2026-08-04 16:06:08,980 [DEBUG] sending: Timestamp:        0.000000    ID:      7a6    S Rx       BS       DL:  8    03 22 f1 ef 00 00 00 00
2026-08-04 16:06:08,988 [DEBUG] Rx: <7AE> (08) [p]	 102b62f1ef07a60b
2026-08-04 16:06:08,993 [DEBUG] Tx: <7A6> (08) [ ]	 30080a0000000000
2026-08-04 16:06:08,990 [DEBUG] We've been asked to write a message to the bus
2026-08-04 16:06:08,997 [DEBUG] sending: Timestamp:        0.000000    ID:      7a6    S Rx       BS       DL:  8    30 08 0a 00 00 00 00 00
2026-08-04 16:06:08,995 [DEBUG] We've been asked to write a message to the bus
2026-08-04 16:06:09,004 [DEBUG] sending: Timestamp:        0.000000    ID:      7a6    S Rx       BS       DL:  8    30 08 0a 00 00 00 00 00
2026-08-04 16:06:09,008 [DEBUG] TxState=IDLE - RxState=WAIT_CF
2026-08-04 16:06:09,019 [DEBUG] Rx: <7AE> (08) [p]	 21523130204d5134
2026-08-04 16:06:09,037 [DEBUG] Rx: <7AE> (08) [p]	 222f312f300c5231
2026-08-04 16:06:09,067 [DEBUG] Rx: <7AE> (08) [p]	 233535204d51342f
2026-08-04 16:06:09,093 [DEBUG] Rx: <7AE> (08) [p]	 24312f300c523135
2026-08-04 16:06:09,106 [DEBUG] Rx: <7AE> (08) [p]	 2536204d51342f31
2026-08-04 16:06:09,131 [DEBUG] Rx: <7AE> (08) [p]	 262f30aaaaaaaaaa
2026-08-04 16:06:09,176 [INFO] TC_ID-228 - Received: 62F1EF07A60B523130204D51342F312F300C52313535204D51342F312F300C52313536204D51342F312F30
2026-08-04 16:06:09,184 [WARNING] TC_ID-228 - PreCondition: PC_ID-029  Testcase:RX_SWIN_F1_EF_Read(Defaultsession) -> ❌ FAIL - Expected 102B62F1EF07A60B523130204D51342F312F300C52313535204D51342F312F300C52313536204D51342F312F30AAAAAAAAAA
2026-08-04 16:06:09,187 [DEBUG] Stopping CanStack
2026-08-04 16:06:09,189 [DEBUG] TxState=IDLE - RxState=IDLE
2026-08-04 16:06:09,193 [DEBUG] Main thread is exiting
2026-08-04 16:06:09,237 [DEBUG] CanStack Stopped
2026-08-04 16:06:09,240 [INFO] Connection closed
2026-08-04 16:06:09,242 [INFO] Running Test Case: TC_ID-229
2026-08-04 16:06:09,245 [DEBUG] Starting CanStack
2026-08-04 16:06:09,249 [DEBUG] Main thread has started
2026-08-04 16:06:09,253 [DEBUG] Relay thread has started
2026-08-04 16:06:09,258 [INFO] Connection opened
2026-08-04 16:06:09,261 [INFO] Switched to physical mode for TC: TC_ID-229 Step: PreCondition: PC_ID-029  Testcase:B_CAN_Database_Version_F1_00_Read(Defaultsession)
2026-08-04 16:06:09,265 [INFO] TC_ID-229 - PreCondition: PC_ID-029  Testcase:B_CAN_Database_Version_F1_00_Read(Defaultsession): SID=0x22, Sub=0xF100, Expected=[6, 98, 241, 0, 49, 46, 48, 170]
2026-08-04 16:06:09,346 [INFO] TC_ID-229 - PreCondition: PC_ID-029  Testcase:B_CAN_Database_Version_F1_00_Read(Defaultsession): Sending request 22F100
2026-08-04 16:06:09,347 [INFO] TC_ID-229 - PreCondition: PC_ID-029  Testcase:B_CAN_Database_Version_F1_00_Read(Defaultsession): Sending request 22F100
2026-08-04 16:06:09,348 [DEBUG] Sending 3 bytes : [22f100]
2026-08-04 16:06:09,349 [DEBUG] Enqueuing a SendRequest for 3 bytes and TAT=Physical
2026-08-04 16:06:09,350 [DEBUG] Tx: <7A6> (08) [ ]	 0322f10000000000
2026-08-04 16:06:09,351 [DEBUG] We've been asked to write a message to the bus
2026-08-04 16:06:09,352 [DEBUG] sending: Timestamp:        0.000000    ID:      7a6    S Rx       BS       DL:  8    03 22 f1 00 00 00 00 00
2026-08-04 16:06:09,366 [DEBUG] Rx: <7AE> (08) [p]	 0662f100312e30aa
2026-08-04 16:06:09,419 [INFO] TC_ID-229 - Received: 62F100312E30
2026-08-04 16:06:09,423 [WARNING] TC_ID-229 - PreCondition: PC_ID-029  Testcase:B_CAN_Database_Version_F1_00_Read(Defaultsession) -> ❌ FAIL - Expected 0662F100312E30AA
2026-08-04 16:06:09,425 [DEBUG] Stopping CanStack
2026-08-04 16:06:09,428 [DEBUG] Main thread is exiting
2026-08-04 16:06:09,467 [DEBUG] CanStack Stopped
2026-08-04 16:06:09,469 [INFO] Connection closed
2026-08-04 16:06:09,470 [INFO] Running Test Case: TC_ID-230
2026-08-04 16:06:09,472 [DEBUG] Starting CanStack
2026-08-04 16:06:09,475 [DEBUG] Main thread has started
2026-08-04 16:06:09,476 [DEBUG] Relay thread has started
2026-08-04 16:06:09,482 [INFO] Connection opened
2026-08-04 16:06:09,484 [INFO] Switched to physical mode for TC: TC_ID-230 Step: PreCondition: PC_ID-029  Testcase:Vehicle_Manufacturer_Spare_Part_Number_F1_87_Read(Defaultsession)
2026-08-04 16:06:09,486 [INFO] TC_ID-230 - PreCondition: PC_ID-029  Testcase:Vehicle_Manufacturer_Spare_Part_Number_F1_87_Read(Defaultsession): SID=0x22, Sub=0xF187, Expected=[16, 13, 98, 241, 135, 57, 51, 52, 68, 56, 71, 66, 53, 49, 48]
2026-08-04 16:06:09,576 [INFO] TC_ID-230 - PreCondition: PC_ID-029  Testcase:Vehicle_Manufacturer_Spare_Part_Number_F1_87_Read(Defaultsession): Sending request 22F187
2026-08-04 16:06:09,578 [INFO] TC_ID-230 - PreCondition: PC_ID-029  Testcase:Vehicle_Manufacturer_Spare_Part_Number_F1_87_Read(Defaultsession): Sending request 22F187
2026-08-04 16:06:09,579 [DEBUG] Sending 3 bytes : [22f187]
2026-08-04 16:06:09,581 [DEBUG] Enqueuing a SendRequest for 3 bytes and TAT=Physical
2026-08-04 16:06:09,584 [DEBUG] Tx: <7A6> (08) [ ]	 0322f18700000000
2026-08-04 16:06:09,585 [DEBUG] We've been asked to write a message to the bus
2026-08-04 16:06:09,586 [DEBUG] sending: Timestamp:        0.000000    ID:      7a6    S Rx       BS       DL:  8    03 22 f1 87 00 00 00 00
2026-08-04 16:06:09,596 [DEBUG] We've been asked to write a message to the bus
2026-08-04 16:06:09,597 [DEBUG] sending: Timestamp:        0.000000    ID:      7a6    S Rx       BS       DL:  8    30 08 0a 00 00 00 00 00
2026-08-04 16:06:09,602 [DEBUG] Rx: <7AE> (08) [p]	 100d62f187393334
2026-08-04 16:06:09,606 [DEBUG] Tx: <7A6> (08) [ ]	 30080a0000000000
2026-08-04 16:06:09,610 [DEBUG] We've been asked to write a message to the bus
2026-08-04 16:06:09,613 [DEBUG] sending: Timestamp:        0.000000    ID:      7a6    S Rx       BS       DL:  8    30 08 0a 00 00 00 00 00
2026-08-04 16:06:09,622 [DEBUG] TxState=IDLE - RxState=WAIT_CF
2026-08-04 16:06:09,624 [DEBUG] Rx: <7AE> (08) [p]	 2144384742353130
2026-08-04 16:06:09,671 [INFO] TC_ID-230 - Received: 62F18739333444384742353130
2026-08-04 16:06:09,673 [WARNING] TC_ID-230 - PreCondition: PC_ID-029  Testcase:Vehicle_Manufacturer_Spare_Part_Number_F1_87_Read(Defaultsession) -> ❌ FAIL - Expected 100D62F18739333444384742353130
2026-08-04 16:06:09,673 [DEBUG] Stopping CanStack
2026-08-04 16:06:09,675 [DEBUG] TxState=IDLE - RxState=IDLE
2026-08-04 16:06:09,677 [DEBUG] Main thread is exiting
2026-08-04 16:06:09,726 [DEBUG] CanStack Stopped
2026-08-04 16:06:09,729 [INFO] Connection closed
2026-08-04 16:06:09,730 [INFO] Running Test Case: TC_ID-231
2026-08-04 16:06:09,730 [DEBUG] Starting CanStack
2026-08-04 16:06:09,732 [DEBUG] Main thread has started
2026-08-04 16:06:09,734 [DEBUG] Relay thread has started
2026-08-04 16:06:09,737 [INFO] Connection opened
2026-08-04 16:06:09,739 [INFO] Switched to physical mode for TC: TC_ID-231 Step: PreCondition: PC_ID-029  Testcase:Manufacturing_F1_8B_Read(Defaultsession)
2026-08-04 16:06:09,740 [INFO] TC_ID-231 - PreCondition: PC_ID-029  Testcase:Manufacturing_F1_8B_Read(Defaultsession): SID=0x22, Sub=0xF18B, Expected=[7, 98, 241, 139, 32, 37, 18, 25]
2026-08-04 16:06:09,832 [INFO] TC_ID-231 - PreCondition: PC_ID-029  Testcase:Manufacturing_F1_8B_Read(Defaultsession): Sending request 22F18B
2026-08-04 16:06:09,832 [INFO] TC_ID-231 - PreCondition: PC_ID-029  Testcase:Manufacturing_F1_8B_Read(Defaultsession): Sending request 22F18B
2026-08-04 16:06:09,833 [DEBUG] Sending 3 bytes : [22f18b]
2026-08-04 16:06:09,834 [DEBUG] Enqueuing a SendRequest for 3 bytes and TAT=Physical
2026-08-04 16:06:09,835 [DEBUG] Tx: <7A6> (08) [ ]	 0322f18b00000000
2026-08-04 16:06:09,836 [DEBUG] We've been asked to write a message to the bus
2026-08-04 16:06:09,837 [DEBUG] sending: Timestamp:        0.000000    ID:      7a6    S Rx       BS       DL:  8    03 22 f1 8b 00 00 00 00
2026-08-04 16:06:09,851 [DEBUG] Rx: <7AE> (08) [p]	 0762f18b20251219
2026-08-04 16:06:09,896 [INFO] TC_ID-231 - Received: 62F18B20251219
2026-08-04 16:06:09,898 [WARNING] TC_ID-231 - PreCondition: PC_ID-029  Testcase:Manufacturing_F1_8B_Read(Defaultsession) -> ❌ FAIL - Expected 0762F18B20251219
2026-08-04 16:06:09,899 [DEBUG] Stopping CanStack
2026-08-04 16:06:09,902 [DEBUG] Main thread is exiting
2026-08-04 16:06:09,904 [DEBUG] CanStack Stopped
2026-08-04 16:06:09,905 [INFO] Connection closed
2026-08-04 16:06:09,906 [INFO] Running Test Case: TC_ID-232
2026-08-04 16:06:09,908 [DEBUG] Starting CanStack
2026-08-04 16:06:09,910 [DEBUG] Main thread has started
2026-08-04 16:06:09,911 [DEBUG] Relay thread has started
2026-08-04 16:06:09,914 [INFO] Connection opened
2026-08-04 16:06:09,915 [INFO] Switched to physical mode for TC: TC_ID-232 Step: PreCondition: PC_ID-029  Testcase:ECU_Serial_Number_F1_8C_Read(Defaultsession)
2026-08-04 16:06:09,918 [INFO] TC_ID-232 - PreCondition: PC_ID-029  Testcase:ECU_Serial_Number_F1_8C_Read(Defaultsession): SID=0x22, Sub=0xF18C, Expected=[16, 11, 98, 241, 140, 48, 48, 48, 48, 48, 48, 48, 49, 170, 170]
2026-08-04 16:06:09,989 [INFO] TC_ID-232 - PreCondition: PC_ID-029  Testcase:ECU_Serial_Number_F1_8C_Read(Defaultsession): Sending request 22F18C
2026-08-04 16:06:09,990 [INFO] TC_ID-232 - PreCondition: PC_ID-029  Testcase:ECU_Serial_Number_F1_8C_Read(Defaultsession): Sending request 22F18C
2026-08-04 16:06:09,990 [DEBUG] Sending 3 bytes : [22f18c]
2026-08-04 16:06:09,991 [DEBUG] Enqueuing a SendRequest for 3 bytes and TAT=Physical
2026-08-04 16:06:09,992 [DEBUG] Tx: <7A6> (08) [ ]	 0322f18c00000000
2026-08-04 16:06:09,993 [DEBUG] We've been asked to write a message to the bus
2026-08-04 16:06:09,993 [DEBUG] sending: Timestamp:        0.000000    ID:      7a6    S Rx       BS       DL:  8    03 22 f1 8c 00 00 00 00
2026-08-04 16:06:10,005 [DEBUG] We've been asked to write a message to the bus
2026-08-04 16:06:10,008 [DEBUG] Rx: <7AE> (08) [p]	 100b62f18c303030
2026-08-04 16:06:10,009 [DEBUG] sending: Timestamp:        0.000000    ID:      7a6    S Rx       BS       DL:  8    30 08 0a 00 00 00 00 00
2026-08-04 16:06:10,011 [DEBUG] Tx: <7A6> (08) [ ]	 30080a0000000000
2026-08-04 16:06:10,017 [DEBUG] We've been asked to write a message to the bus
2026-08-04 16:06:10,024 [DEBUG] sending: Timestamp:        0.000000    ID:      7a6    S Rx       BS       DL:  8    30 08 0a 00 00 00 00 00
2026-08-04 16:06:10,027 [DEBUG] TxState=IDLE - RxState=WAIT_CF
2026-08-04 16:06:10,036 [DEBUG] Rx: <7AE> (08) [p]	 213030303031aaaa
2026-08-04 16:06:10,085 [INFO] TC_ID-232 - Received: 62F18C3030303030303031
2026-08-04 16:06:10,087 [WARNING] TC_ID-232 - PreCondition: PC_ID-029  Testcase:ECU_Serial_Number_F1_8C_Read(Defaultsession) -> ❌ FAIL - Expected 100B62F18C3030303030303031AAAA
2026-08-04 16:06:10,088 [DEBUG] TxState=IDLE - RxState=IDLE
2026-08-04 16:06:10,089 [DEBUG] Stopping CanStack
2026-08-04 16:06:10,093 [DEBUG] Main thread is exiting
2026-08-04 16:06:10,137 [DEBUG] CanStack Stopped
2026-08-04 16:06:10,138 [INFO] Connection closed
2026-08-04 16:06:10,138 [INFO] Running Test Case: TC_ID-233
2026-08-04 16:06:10,140 [DEBUG] Starting CanStack
2026-08-04 16:06:10,142 [DEBUG] Main thread has started
2026-08-04 16:06:10,143 [DEBUG] Relay thread has started
2026-08-04 16:06:10,145 [INFO] Connection opened
2026-08-04 16:06:10,146 [INFO] Switched to physical mode for TC: TC_ID-233 Step: PreCondition: PC_ID-029  Testcase:Vehicle_Manufacturer_ECU_HW_Number_F1_91_Read(Defaultsession)
2026-08-04 16:06:10,147 [INFO] TC_ID-233 - PreCondition: PC_ID-029  Testcase:Vehicle_Manufacturer_ECU_HW_Number_F1_91_Read(Defaultsession): SID=0x22, Sub=0xF191, Expected=[7, 98, 241, 145, 49, 46, 48, 48]
2026-08-04 16:06:10,236 [INFO] TC_ID-233 - PreCondition: PC_ID-029  Testcase:Vehicle_Manufacturer_ECU_HW_Number_F1_91_Read(Defaultsession): Sending request 22F191
2026-08-04 16:06:10,237 [INFO] TC_ID-233 - PreCondition: PC_ID-029  Testcase:Vehicle_Manufacturer_ECU_HW_Number_F1_91_Read(Defaultsession): Sending request 22F191
2026-08-04 16:06:10,237 [DEBUG] Sending 3 bytes : [22f191]
2026-08-04 16:06:10,238 [DEBUG] Enqueuing a SendRequest for 3 bytes and TAT=Physical
2026-08-04 16:06:10,239 [DEBUG] Tx: <7A6> (08) [ ]	 0322f19100000000
2026-08-04 16:06:10,239 [DEBUG] We've been asked to write a message to the bus
2026-08-04 16:06:10,240 [DEBUG] sending: Timestamp:        0.000000    ID:      7a6    S Rx       BS       DL:  8    03 22 f1 91 00 00 00 00
2026-08-04 16:06:10,247 [DEBUG] Rx: <7AE> (08) [p]	 0762f191312e3030
2026-08-04 16:06:10,299 [INFO] TC_ID-233 - Received: 62F191312E3030
2026-08-04 16:06:10,301 [WARNING] TC_ID-233 - PreCondition: PC_ID-029  Testcase:Vehicle_Manufacturer_ECU_HW_Number_F1_91_Read(Defaultsession) -> ❌ FAIL - Expected 0762F191312E3030
2026-08-04 16:06:10,302 [DEBUG] Stopping CanStack
2026-08-04 16:06:10,303 [DEBUG] Main thread is exiting
2026-08-04 16:06:10,347 [DEBUG] CanStack Stopped
2026-08-04 16:06:10,348 [INFO] Connection closed
2026-08-04 16:06:10,349 [INFO] Running Test Case: TC_ID-234
2026-08-04 16:06:10,350 [DEBUG] Starting CanStack
2026-08-04 16:06:10,352 [DEBUG] Main thread has started
2026-08-04 16:06:10,353 [DEBUG] Relay thread has started
2026-08-04 16:06:10,356 [INFO] Connection opened
2026-08-04 16:06:10,357 [INFO] Switched to physical mode for TC: TC_ID-234 Step: PreCondition: PC_ID-029  Testcase:HardwareVersionNumber_F1_93_Read(Defaultsession)
2026-08-04 16:06:10,358 [INFO] TC_ID-234 - PreCondition: PC_ID-029  Testcase:HardwareVersionNumber_F1_93_Read(Defaultsession): SID=0x22, Sub=0xF193, Expected=[7, 98, 241, 147, 49, 46, 48, 48]
2026-08-04 16:06:10,438 [INFO] TC_ID-234 - PreCondition: PC_ID-029  Testcase:HardwareVersionNumber_F1_93_Read(Defaultsession): Sending request 22F193
2026-08-04 16:06:10,439 [INFO] TC_ID-234 - PreCondition: PC_ID-029  Testcase:HardwareVersionNumber_F1_93_Read(Defaultsession): Sending request 22F193
2026-08-04 16:06:10,439 [DEBUG] Sending 3 bytes : [22f193]
2026-08-04 16:06:10,440 [DEBUG] Enqueuing a SendRequest for 3 bytes and TAT=Physical
2026-08-04 16:06:10,441 [DEBUG] Tx: <7A6> (08) [ ]	 0322f19300000000
2026-08-04 16:06:10,441 [DEBUG] We've been asked to write a message to the bus
2026-08-04 16:06:10,442 [DEBUG] sending: Timestamp:        0.000000    ID:      7a6    S Rx       BS       DL:  8    03 22 f1 93 00 00 00 00
2026-08-04 16:06:10,446 [DEBUG] Rx: <7AE> (08) [p]	 0762f193312e3030
2026-08-04 16:06:10,496 [INFO] TC_ID-234 - Received: 62F193312E3030
2026-08-04 16:06:10,501 [WARNING] TC_ID-234 - PreCondition: PC_ID-029  Testcase:HardwareVersionNumber_F1_93_Read(Defaultsession) -> ❌ FAIL - Expected 0762F193312E3030
2026-08-04 16:06:10,505 [DEBUG] Stopping CanStack
2026-08-04 16:06:10,507 [DEBUG] Main thread is exiting
2026-08-04 16:06:10,549 [DEBUG] CanStack Stopped
2026-08-04 16:06:10,550 [INFO] Connection closed
2026-08-04 16:06:10,551 [INFO] Running Test Case: TC_ID-235
2026-08-04 16:06:10,552 [DEBUG] Starting CanStack
2026-08-04 16:06:10,554 [DEBUG] Main thread has started
2026-08-04 16:06:10,556 [DEBUG] Relay thread has started
2026-08-04 16:06:10,558 [INFO] Connection opened
2026-08-04 16:06:10,559 [INFO] Switched to physical mode for TC: TC_ID-235 Step: PreCondition: PC_ID-029  Testcase:ECUSoftwareUnit1IVDDataIdentifier_F1_C1_Read(Defaultsession)
2026-08-04 16:06:10,560 [INFO] TC_ID-235 - PreCondition: PC_ID-029  Testcase:ECUSoftwareUnit1IVDDataIdentifier_F1_C1_Read(Defaultsession): SID=0x22, Sub=0xF1C1, Expected=[3, 98, 241, 193, 170, 170, 170, 170]
2026-08-04 16:06:10,642 [INFO] TC_ID-235 - PreCondition: PC_ID-029  Testcase:ECUSoftwareUnit1IVDDataIdentifier_F1_C1_Read(Defaultsession): Sending request 22F1C1
2026-08-04 16:06:10,642 [INFO] TC_ID-235 - PreCondition: PC_ID-029  Testcase:ECUSoftwareUnit1IVDDataIdentifier_F1_C1_Read(Defaultsession): Sending request 22F1C1
2026-08-04 16:06:10,643 [DEBUG] Sending 3 bytes : [22f1c1]
2026-08-04 16:06:10,644 [DEBUG] Enqueuing a SendRequest for 3 bytes and TAT=Physical
2026-08-04 16:06:10,645 [DEBUG] Tx: <7A6> (08) [ ]	 0322f1c100000000
2026-08-04 16:06:10,645 [DEBUG] We've been asked to write a message to the bus
2026-08-04 16:06:10,645 [DEBUG] sending: Timestamp:        0.000000    ID:      7a6    S Rx       BS       DL:  8    03 22 f1 c1 00 00 00 00
2026-08-04 16:06:10,669 [DEBUG] Rx: <7AE> (08) [p]	 037f2222aaaaaaaa
2026-08-04 16:06:10,718 [INFO] TC_ID-235 - Received: 7F2222
2026-08-04 16:06:10,719 [WARNING] TC_ID-235 - PreCondition: PC_ID-029  Testcase:ECUSoftwareUnit1IVDDataIdentifier_F1_C1_Read(Defaultsession) -> ❌ FAIL - Expected 0362F1C1AAAAAAAA
2026-08-04 16:06:10,830 [DEBUG] Stopping CanStack
2026-08-04 16:06:10,831 [DEBUG] Main thread is exiting
2026-08-04 16:06:10,868 [DEBUG] CanStack Stopped
2026-08-04 16:06:10,870 [INFO] Connection closed
2026-08-04 16:06:10,871 [INFO] Running Test Case: TC_ID-236
2026-08-04 16:06:10,872 [DEBUG] Starting CanStack
2026-08-04 16:06:10,874 [DEBUG] Main thread has started
2026-08-04 16:06:10,876 [DEBUG] Relay thread has started
2026-08-04 16:06:10,878 [INFO] Connection opened
2026-08-04 16:06:10,881 [INFO] Switched to physical mode for TC: TC_ID-236 Step: PreCondition: PC_ID-029  Testcase:ECUSoftwareUnit2 IVDDataIdentifier_F1_C2_Read(Defaultsession)
2026-08-04 16:06:10,885 [INFO] TC_ID-236 - PreCondition: PC_ID-029  Testcase:ECUSoftwareUnit2 IVDDataIdentifier_F1_C2_Read(Defaultsession): SID=0x22, Sub=0xF1C2, Expected=[3, 98, 241, 194, 170, 170, 170, 170]
2026-08-04 16:06:10,954 [INFO] TC_ID-236 - PreCondition: PC_ID-029  Testcase:ECUSoftwareUnit2 IVDDataIdentifier_F1_C2_Read(Defaultsession): Sending request 22F1C2
2026-08-04 16:06:10,955 [INFO] TC_ID-236 - PreCondition: PC_ID-029  Testcase:ECUSoftwareUnit2 IVDDataIdentifier_F1_C2_Read(Defaultsession): Sending request 22F1C2
2026-08-04 16:06:10,956 [DEBUG] Sending 3 bytes : [22f1c2]
2026-08-04 16:06:10,956 [DEBUG] Enqueuing a SendRequest for 3 bytes and TAT=Physical
2026-08-04 16:06:10,957 [DEBUG] Tx: <7A6> (08) [ ]	 0322f1c200000000
2026-08-04 16:06:10,958 [DEBUG] We've been asked to write a message to the bus
2026-08-04 16:06:10,959 [DEBUG] sending: Timestamp:        0.000000    ID:      7a6    S Rx       BS       DL:  8    03 22 f1 c2 00 00 00 00
2026-08-04 16:06:10,966 [DEBUG] Rx: <7AE> (08) [p]	 037f2212aaaaaaaa
2026-08-04 16:06:11,020 [INFO] TC_ID-236 - Received: 7F2212
2026-08-04 16:06:11,024 [WARNING] TC_ID-236 - PreCondition: PC_ID-029  Testcase:ECUSoftwareUnit2 IVDDataIdentifier_F1_C2_Read(Defaultsession) -> ❌ FAIL - Expected 0362F1C2AAAAAAAA
2026-08-04 16:06:11,026 [DEBUG] Stopping CanStack
2026-08-04 16:06:11,029 [DEBUG] Main thread is exiting
2026-08-04 16:06:11,067 [DEBUG] CanStack Stopped
2026-08-04 16:06:11,068 [INFO] Connection closed
2026-08-04 16:06:11,069 [INFO] Running Test Case: TC_ID-237
2026-08-04 16:06:11,069 [DEBUG] Starting CanStack
2026-08-04 16:06:11,071 [DEBUG] Main thread has started
2026-08-04 16:06:11,072 [DEBUG] Relay thread has started
2026-08-04 16:06:11,075 [INFO] Connection opened
2026-08-04 16:06:11,076 [INFO] Switched to physical mode for TC: TC_ID-237 Step: PreCondition: PC_ID-029  Testcase:SystemSupplierECUSoftwareVersionNumbe_DataIdentifier_F1_95_Read(Defaultsession)
2026-08-04 16:06:11,077 [INFO] TC_ID-237 - PreCondition: PC_ID-029  Testcase:SystemSupplierECUSoftwareVersionNumbe_DataIdentifier_F1_95_Read(Defaultsession): SID=0x22, Sub=0xF195, Expected=[7, 98, 241, 149, 49, 46, 48, 48]
2026-08-04 16:06:11,147 [INFO] TC_ID-237 - PreCondition: PC_ID-029  Testcase:SystemSupplierECUSoftwareVersionNumbe_DataIdentifier_F1_95_Read(Defaultsession): Sending request 22F195
2026-08-04 16:06:11,148 [INFO] TC_ID-237 - PreCondition: PC_ID-029  Testcase:SystemSupplierECUSoftwareVersionNumbe_DataIdentifier_F1_95_Read(Defaultsession): Sending request 22F195
2026-08-04 16:06:11,148 [DEBUG] Sending 3 bytes : [22f195]
2026-08-04 16:06:11,149 [DEBUG] Enqueuing a SendRequest for 3 bytes and TAT=Physical
2026-08-04 16:06:11,151 [DEBUG] Tx: <7A6> (08) [ ]	 0322f19500000000
2026-08-04 16:06:11,153 [DEBUG] We've been asked to write a message to the bus
2026-08-04 16:06:11,153 [DEBUG] sending: Timestamp:        0.000000    ID:      7a6    S Rx       BS       DL:  8    03 22 f1 95 00 00 00 00
2026-08-04 16:06:11,170 [DEBUG] Rx: <7AE> (08) [p]	 0762f195312e3030
2026-08-04 16:06:11,216 [INFO] TC_ID-237 - Received: 62F195312E3030
2026-08-04 16:06:11,217 [WARNING] TC_ID-237 - PreCondition: PC_ID-029  Testcase:SystemSupplierECUSoftwareVersionNumbe_DataIdentifier_F1_95_Read(Defaultsession) -> ❌ FAIL - Expected 0762F195312E3030
2026-08-04 16:06:11,218 [DEBUG] Stopping CanStack
2026-08-04 16:06:11,219 [DEBUG] Main thread is exiting
2026-08-04 16:06:11,220 [DEBUG] CanStack Stopped
2026-08-04 16:06:11,221 [INFO] Connection closed
2026-08-04 16:06:11,222 [INFO] Running Test Case: TC_ID-238
2026-08-04 16:06:11,222 [DEBUG] Starting CanStack
2026-08-04 16:06:11,223 [DEBUG] Main thread has started
2026-08-04 16:06:11,224 [DEBUG] Relay thread has started
2026-08-04 16:06:11,225 [INFO] Connection opened
2026-08-04 16:06:11,226 [INFO] Switched to physical mode for TC: TC_ID-238 Step: PreCondition: PC_ID-029  Testcase:Software_Version_for_HKMC_Vehicle_Manufacture_F1_A0_Read(Defaultsession)
2026-08-04 16:06:11,226 [INFO] TC_ID-238 - PreCondition: PC_ID-029  Testcase:Software_Version_for_HKMC_Vehicle_Manufacture_F1_A0_Read(Defaultsession): SID=0x22, Sub=0xF1A0, Expected=[7, 98, 241, 160, 49, 46, 48, 48]
2026-08-04 16:06:11,293 [INFO] TC_ID-238 - PreCondition: PC_ID-029  Testcase:Software_Version_for_HKMC_Vehicle_Manufacture_F1_A0_Read(Defaultsession): Sending request 22F1A0
2026-08-04 16:06:11,294 [INFO] TC_ID-238 - PreCondition: PC_ID-029  Testcase:Software_Version_for_HKMC_Vehicle_Manufacture_F1_A0_Read(Defaultsession): Sending request 22F1A0
2026-08-04 16:06:11,294 [DEBUG] Sending 3 bytes : [22f1a0]
2026-08-04 16:06:11,296 [DEBUG] Enqueuing a SendRequest for 3 bytes and TAT=Physical
2026-08-04 16:06:11,298 [DEBUG] Tx: <7A6> (08) [ ]	 0322f1a000000000
2026-08-04 16:06:11,299 [DEBUG] We've been asked to write a message to the bus
2026-08-04 16:06:11,300 [DEBUG] sending: Timestamp:        0.000000    ID:      7a6    S Rx       BS       DL:  8    03 22 f1 a0 00 00 00 00
2026-08-04 16:06:11,311 [DEBUG] Rx: <7AE> (08) [p]	 0762f1a0312e3030
2026-08-04 16:06:11,360 [INFO] TC_ID-238 - Received: 62F1A0312E3030
2026-08-04 16:06:11,362 [WARNING] TC_ID-238 - PreCondition: PC_ID-029  Testcase:Software_Version_for_HKMC_Vehicle_Manufacture_F1_A0_Read(Defaultsession) -> ❌ FAIL - Expected 0762F1A0312E3030
2026-08-04 16:06:11,362 [DEBUG] Stopping CanStack
2026-08-04 16:06:11,364 [DEBUG] Main thread is exiting
2026-08-04 16:06:11,408 [DEBUG] CanStack Stopped
2026-08-04 16:06:11,409 [INFO] Connection closed
2026-08-04 16:06:11,410 [INFO] Running Test Case: TC_ID-239
2026-08-04 16:06:11,412 [DEBUG] Starting CanStack
2026-08-04 16:06:11,417 [DEBUG] Main thread has started
2026-08-04 16:06:11,423 [DEBUG] Relay thread has started
2026-08-04 16:06:11,425 [INFO] Connection opened
2026-08-04 16:06:11,426 [INFO] Switched to physical mode for TC: TC_ID-239 Step: PreCondition: PC_ID-029  Testcase:ECU_Supplier_Code_F1_A1_Read(Defaultsession)
2026-08-04 16:06:11,426 [INFO] TC_ID-239 - PreCondition: PC_ID-029  Testcase:ECU_Supplier_Code_F1_A1_Read(Defaultsession): SID=0x22, Sub=0xF1A1, Expected=[7, 98, 241, 161, 83, 49, 49, 48]
2026-08-04 16:06:11,488 [INFO] TC_ID-239 - PreCondition: PC_ID-029  Testcase:ECU_Supplier_Code_F1_A1_Read(Defaultsession): Sending request 22F1A1
2026-08-04 16:06:11,489 [INFO] TC_ID-239 - PreCondition: PC_ID-029  Testcase:ECU_Supplier_Code_F1_A1_Read(Defaultsession): Sending request 22F1A1
2026-08-04 16:06:11,490 [DEBUG] Sending 3 bytes : [22f1a1]
2026-08-04 16:06:11,490 [DEBUG] Enqueuing a SendRequest for 3 bytes and TAT=Physical
2026-08-04 16:06:11,491 [DEBUG] Tx: <7A6> (08) [ ]	 0322f1a100000000
2026-08-04 16:06:11,492 [DEBUG] We've been asked to write a message to the bus
2026-08-04 16:06:11,492 [DEBUG] sending: Timestamp:        0.000000    ID:      7a6    S Rx       BS       DL:  8    03 22 f1 a1 00 00 00 00
2026-08-04 16:06:11,507 [DEBUG] Rx: <7AE> (08) [p]	 0762f1a153313130
2026-08-04 16:06:11,556 [INFO] TC_ID-239 - Received: 62F1A153313130
2026-08-04 16:06:11,561 [WARNING] TC_ID-239 - PreCondition: PC_ID-029  Testcase:ECU_Supplier_Code_F1_A1_Read(Defaultsession) -> ❌ FAIL - Expected 0762F1A153313130
2026-08-04 16:06:11,561 [DEBUG] Stopping CanStack
2026-08-04 16:06:11,563 [DEBUG] Main thread is exiting
2026-08-04 16:06:11,609 [DEBUG] CanStack Stopped
2026-08-04 16:06:11,610 [INFO] Connection closed
2026-08-04 16:06:11,611 [INFO] Running Test Case: TC_ID-240
2026-08-04 16:06:11,612 [DEBUG] Starting CanStack
2026-08-04 16:06:11,613 [DEBUG] Main thread has started
2026-08-04 16:06:11,614 [DEBUG] Relay thread has started
2026-08-04 16:06:11,615 [INFO] Connection opened
2026-08-04 16:06:11,616 [INFO] Switched to physical mode for TC: TC_ID-240 Step: PreCondition: PC_ID-029  Testcase:ECU_Software_UNIT_number_F1_B0_Read(Defaultsession)
2026-08-04 16:06:11,616 [INFO] TC_ID-240 - PreCondition: PC_ID-029  Testcase:ECU_Software_UNIT_number_F1_B0_Read(Defaultsession): SID=0x22, Sub=0xF1B0, Expected=[4, 98, 241, 176, 1, 170, 170, 170]
2026-08-04 16:06:11,678 [INFO] TC_ID-240 - PreCondition: PC_ID-029  Testcase:ECU_Software_UNIT_number_F1_B0_Read(Defaultsession): Sending request 22F1B0
2026-08-04 16:06:11,679 [INFO] TC_ID-240 - PreCondition: PC_ID-029  Testcase:ECU_Software_UNIT_number_F1_B0_Read(Defaultsession): Sending request 22F1B0
2026-08-04 16:06:11,680 [DEBUG] Sending 3 bytes : [22f1b0]
2026-08-04 16:06:11,680 [DEBUG] Enqueuing a SendRequest for 3 bytes and TAT=Physical
2026-08-04 16:06:11,682 [DEBUG] Tx: <7A6> (08) [ ]	 0322f1b000000000
2026-08-04 16:06:11,683 [DEBUG] We've been asked to write a message to the bus
2026-08-04 16:06:11,684 [DEBUG] sending: Timestamp:        0.000000    ID:      7a6    S Rx       BS       DL:  8    03 22 f1 b0 00 00 00 00
2026-08-04 16:06:11,700 [DEBUG] Rx: <7AE> (08) [p]	 0462f1b001aaaaaa
2026-08-04 16:06:11,748 [INFO] TC_ID-240 - Received: 62F1B001
2026-08-04 16:06:11,749 [WARNING] TC_ID-240 - PreCondition: PC_ID-029  Testcase:ECU_Software_UNIT_number_F1_B0_Read(Defaultsession) -> ❌ FAIL - Expected 0462F1B001AAAAAA
2026-08-04 16:06:11,749 [DEBUG] Stopping CanStack
2026-08-04 16:06:11,751 [DEBUG] Main thread is exiting
2026-08-04 16:06:11,798 [DEBUG] CanStack Stopped
2026-08-04 16:06:11,800 [INFO] Connection closed
2026-08-04 16:06:11,801 [INFO] Running Test Case: TC_ID-241
2026-08-04 16:06:11,801 [DEBUG] Starting CanStack
2026-08-04 16:06:11,803 [DEBUG] Main thread has started
2026-08-04 16:06:11,805 [DEBUG] Relay thread has started
2026-08-04 16:06:11,807 [INFO] Connection opened
2026-08-04 16:06:11,808 [INFO] Switched to physical mode for TC: TC_ID-241 Step: PreCondition: PC_ID-029  Testcase:ECU_Software_UNIT1_Version_F1_B1_Read(Defaultsession)
2026-08-04 16:06:11,809 [INFO] TC_ID-241 - PreCondition: PC_ID-029  Testcase:ECU_Software_UNIT1_Version_F1_B1_Read(Defaultsession): SID=0x22, Sub=0xF1B1, Expected=[7, 98, 241, 177, 49, 46, 48, 48]
2026-08-04 16:06:11,875 [INFO] TC_ID-241 - PreCondition: PC_ID-029  Testcase:ECU_Software_UNIT1_Version_F1_B1_Read(Defaultsession): Sending request 22F1B1
2026-08-04 16:06:11,877 [INFO] TC_ID-241 - PreCondition: PC_ID-029  Testcase:ECU_Software_UNIT1_Version_F1_B1_Read(Defaultsession): Sending request 22F1B1
2026-08-04 16:06:11,878 [DEBUG] Sending 3 bytes : [22f1b1]
2026-08-04 16:06:11,879 [DEBUG] Enqueuing a SendRequest for 3 bytes and TAT=Physical
2026-08-04 16:06:11,881 [DEBUG] Tx: <7A6> (08) [ ]	 0322f1b100000000
2026-08-04 16:06:11,881 [DEBUG] We've been asked to write a message to the bus
2026-08-04 16:06:11,882 [DEBUG] sending: Timestamp:        0.000000    ID:      7a6    S Rx       BS       DL:  8    03 22 f1 b1 00 00 00 00
2026-08-04 16:06:11,900 [DEBUG] Rx: <7AE> (08) [p]	 0762f1b1312e3030
2026-08-04 16:06:11,946 [INFO] TC_ID-241 - Received: 62F1B1312E3030
2026-08-04 16:06:11,948 [WARNING] TC_ID-241 - PreCondition: PC_ID-029  Testcase:ECU_Software_UNIT1_Version_F1_B1_Read(Defaultsession) -> ❌ FAIL - Expected 0762F1B1312E3030
2026-08-04 16:06:11,949 [DEBUG] Stopping CanStack
2026-08-04 16:06:11,951 [DEBUG] Main thread is exiting
2026-08-04 16:06:11,954 [DEBUG] CanStack Stopped
2026-08-04 16:06:11,955 [INFO] Connection closed
2026-08-04 16:06:11,956 [INFO] Running Test Case: TC_ID-242
2026-08-04 16:06:11,957 [DEBUG] Starting CanStack
2026-08-04 16:06:11,959 [DEBUG] Main thread has started
2026-08-04 16:06:11,961 [DEBUG] Relay thread has started
2026-08-04 16:06:11,964 [INFO] Connection opened
2026-08-04 16:06:11,965 [INFO] Switched to physical mode for TC: TC_ID-242 Step: PreCondition: PC_ID-029  Testcase:S_W_Version_Dataidentifier_F1_DD_Read(Defaultsession)
2026-08-04 16:06:11,966 [INFO] TC_ID-242 - PreCondition: PC_ID-029  Testcase:S_W_Version_Dataidentifier_F1_DD_Read(Defaultsession): SID=0x22, Sub=0xF1DD, Expected=[16, 16, 98, 241, 221, 49, 48, 48, 48, 48, 0, 0, 0, 0, 0, 0, 0, 0, 170, 170, 170, 170]
2026-08-04 16:06:12,041 [INFO] TC_ID-242 - PreCondition: PC_ID-029  Testcase:S_W_Version_Dataidentifier_F1_DD_Read(Defaultsession): Sending request 22F1DD
2026-08-04 16:06:12,041 [INFO] TC_ID-242 - PreCondition: PC_ID-029  Testcase:S_W_Version_Dataidentifier_F1_DD_Read(Defaultsession): Sending request 22F1DD
2026-08-04 16:06:12,042 [DEBUG] Sending 3 bytes : [22f1dd]
2026-08-04 16:06:12,042 [DEBUG] Enqueuing a SendRequest for 3 bytes and TAT=Physical
2026-08-04 16:06:12,043 [DEBUG] Tx: <7A6> (08) [ ]	 0322f1dd00000000
2026-08-04 16:06:12,044 [DEBUG] We've been asked to write a message to the bus
2026-08-04 16:06:12,044 [DEBUG] sending: Timestamp:        0.000000    ID:      7a6    S Rx       BS       DL:  8    03 22 f1 dd 00 00 00 00
2026-08-04 16:06:12,065 [DEBUG] We've been asked to write a message to the bus
2026-08-04 16:06:12,071 [DEBUG] Rx: <7AE> (08) [p]	 101062f1dd313030
2026-08-04 16:06:12,073 [DEBUG] sending: Timestamp:        0.000000    ID:      7a6    S Rx       BS       DL:  8    30 08 0a 00 00 00 00 00
2026-08-04 16:06:12,078 [DEBUG] Tx: <7A6> (08) [ ]	 30080a0000000000
2026-08-04 16:06:12,080 [DEBUG] We've been asked to write a message to the bus
2026-08-04 16:06:12,082 [DEBUG] sending: Timestamp:        0.000000    ID:      7a6    S Rx       BS       DL:  8    30 08 0a 00 00 00 00 00
2026-08-04 16:06:12,083 [DEBUG] TxState=IDLE - RxState=WAIT_CF
2026-08-04 16:06:12,097 [DEBUG] Rx: <7AE> (08) [p]	 2130300000000000
2026-08-04 16:06:12,117 [DEBUG] Rx: <7AE> (08) [p]	 22000000aaaaaaaa
2026-08-04 16:06:12,167 [INFO] TC_ID-242 - Received: 62F1DD31303030300000000000000000
2026-08-04 16:06:12,168 [WARNING] TC_ID-242 - PreCondition: PC_ID-029  Testcase:S_W_Version_Dataidentifier_F1_DD_Read(Defaultsession) -> ❌ FAIL - Expected 101062F1DD31303030300000000000000000AAAAAAAA
2026-08-04 16:06:12,169 [DEBUG] Stopping CanStack
2026-08-04 16:06:12,172 [DEBUG] TxState=IDLE - RxState=IDLE
2026-08-04 16:06:12,173 [DEBUG] Main thread is exiting
2026-08-04 16:06:12,174 [DEBUG] CanStack Stopped
2026-08-04 16:06:12,175 [INFO] Connection closed
2026-08-04 16:06:12,176 [INFO] Running Test Case: TC_ID-243
2026-08-04 16:06:12,176 [DEBUG] Starting CanStack
2026-08-04 16:06:12,177 [DEBUG] Main thread has started
2026-08-04 16:06:12,178 [DEBUG] Relay thread has started
2026-08-04 16:06:12,179 [INFO] Connection opened
2026-08-04 16:06:12,180 [INFO] Switched to physical mode for TC: TC_ID-243 Step: PreCondition: PC_ID-029  Testcase:SystemNameOrEngineTypeDataIdentifier_Read(Defaultsession)
2026-08-04 16:06:12,180 [INFO] TC_ID-243 - PreCondition: PC_ID-029  Testcase:SystemNameOrEngineTypeDataIdentifier_Read(Defaultsession): SID=0x22, Sub=0xF197, Expected=[7, 98, 241, 151, 77, 70, 83, 87]
2026-08-04 16:06:12,245 [INFO] TC_ID-243 - PreCondition: PC_ID-029  Testcase:SystemNameOrEngineTypeDataIdentifier_Read(Defaultsession): Sending request 22F197
2026-08-04 16:06:12,246 [INFO] TC_ID-243 - PreCondition: PC_ID-029  Testcase:SystemNameOrEngineTypeDataIdentifier_Read(Defaultsession): Sending request 22F197
2026-08-04 16:06:12,246 [DEBUG] Sending 3 bytes : [22f197]
2026-08-04 16:06:12,247 [DEBUG] Enqueuing a SendRequest for 3 bytes and TAT=Physical
2026-08-04 16:06:12,248 [DEBUG] Tx: <7A6> (08) [ ]	 0322f19700000000
2026-08-04 16:06:12,248 [DEBUG] We've been asked to write a message to the bus
2026-08-04 16:06:12,249 [DEBUG] sending: Timestamp:        0.000000    ID:      7a6    S Rx       BS       DL:  8    03 22 f1 97 00 00 00 00
2026-08-04 16:06:12,270 [DEBUG] Rx: <7AE> (08) [p]	 0762f1974d465357
2026-08-04 16:06:12,323 [INFO] TC_ID-243 - Received: 62F1974D465357
2026-08-04 16:06:12,324 [WARNING] TC_ID-243 - PreCondition: PC_ID-029  Testcase:SystemNameOrEngineTypeDataIdentifier_Read(Defaultsession) -> ❌ FAIL - Expected 0762F1974D465357
2026-08-04 16:06:12,325 [DEBUG] Stopping CanStack
2026-08-04 16:06:12,326 [DEBUG] Main thread is exiting
2026-08-04 16:06:12,368 [DEBUG] CanStack Stopped
2026-08-04 16:06:12,370 [INFO] Connection closed
2026-08-04 16:06:12,371 [INFO] Running Test Case: PC_ID-030
2026-08-04 16:06:12,372 [DEBUG] Starting CanStack
2026-08-04 16:06:12,374 [DEBUG] Main thread has started
2026-08-04 16:06:12,377 [DEBUG] Relay thread has started
2026-08-04 16:06:12,379 [INFO] Connection opened
2026-08-04 16:06:12,380 [INFO] Switched to physical mode for TC: PC_ID-030 Step: Start Extended session
2026-08-04 16:06:12,381 [INFO] PC_ID-030 - Start Extended session: SID=0x10, Sub=0x03, Expected=[6, 80, 3, 0, 50, 1, 244, 170]
2026-08-04 16:06:12,437 [INFO] PC_ID-030 - Start Extended session: Sending 1003
2026-08-04 16:06:12,482 [INFO] PC_ID-030 - Start Extended session: Sending request 1003
2026-08-04 16:06:12,484 [DEBUG] Sending 2 bytes : [1003]
2026-08-04 16:06:12,485 [DEBUG] Enqueuing a SendRequest for 2 bytes and TAT=Physical
2026-08-04 16:06:12,486 [DEBUG] Tx: <7A6> (08) [ ]	 0210030000000000
2026-08-04 16:06:12,487 [DEBUG] We've been asked to write a message to the bus
2026-08-04 16:06:12,489 [DEBUG] sending: Timestamp:        0.000000    ID:      7a6    S Rx       BS       DL:  8    02 10 03 00 00 00 00 00
2026-08-04 16:06:12,496 [INFO] PC_ID-030 - Received: 5003003201F4
2026-08-04 16:06:12,501 [DEBUG] Rx: <7AE> (08) [p]	 065003003201f4aa
2026-08-04 16:06:12,504 [WARNING] PC_ID-030 - Start Extended session -> FAIL - Unexpected response
2026-08-04 16:06:12,509 [DEBUG] Stopping CanStack
2026-08-04 16:06:12,511 [DEBUG] Main thread is exiting
2026-08-04 16:06:12,550 [DEBUG] CanStack Stopped
2026-08-04 16:06:12,551 [INFO] Connection closed
2026-08-04 16:06:12,553 [INFO] Running Test Case: TC_ID-244
2026-08-04 16:06:12,555 [DEBUG] Starting CanStack
2026-08-04 16:06:12,556 [DEBUG] Main thread has started
2026-08-04 16:06:12,560 [DEBUG] Relay thread has started
2026-08-04 16:06:12,562 [INFO] Connection opened
2026-08-04 16:06:12,563 [INFO] Switched to physical mode for TC: TC_ID-244 Step: PreCondition: PC_ID-030  Testcase:Read DTC with Extended session(19 02)
2026-08-04 16:06:12,564 [INFO] TC_ID-244 - PreCondition: PC_ID-030  Testcase:Read DTC with Extended session(19 02): SID=0x19, Sub=0x02, Expected=[3, 89, 2, 8, 170, 170, 170, 170]
2026-08-04 16:06:12,633 [INFO] TC_ID-244 - PreCondition: PC_ID-030  Testcase:Read DTC with Extended session(19 02): Sending 190208
2026-08-04 16:06:12,634 [INFO] TC_ID-244 - PreCondition: PC_ID-030  Testcase:Read DTC with Extended session(19 02): Sending request 190208
2026-08-04 16:06:12,634 [DEBUG] Sending 3 bytes : [190208]
2026-08-04 16:06:12,635 [DEBUG] Enqueuing a SendRequest for 3 bytes and TAT=Physical
2026-08-04 16:06:12,636 [DEBUG] Tx: <7A6> (08) [ ]	 0319020800000000
2026-08-04 16:06:12,637 [DEBUG] We've been asked to write a message to the bus
2026-08-04 16:06:12,637 [DEBUG] sending: Timestamp:        0.000000    ID:      7a6    S Rx       BS       DL:  8    03 19 02 08 00 00 00 00
2026-08-04 16:06:12,645 [WARNING] -----------------------------------------------TC_ID-244 PreCondition: PC_ID-030  Testcase:Read DTC with Extended session(19 02) -> FAIL - Expected [89, 2, 8], got [89, 2]-----------------------------------------------
2026-08-04 16:06:12,648 [DEBUG] Stopping CanStack
2026-08-04 16:06:12,649 [DEBUG] Rx: <7AE> (08) [p]	 03590200aaaaaaaa
2026-08-04 16:06:12,651 [DEBUG] Main thread is exiting
2026-08-04 16:06:12,700 [DEBUG] CanStack Stopped
2026-08-04 16:06:12,704 [INFO] Connection closed
2026-08-04 16:06:12,705 [INFO] Running Test Case: TC_ID-245
2026-08-04 16:06:12,705 [DEBUG] Starting CanStack
2026-08-04 16:06:12,707 [DEBUG] Main thread has started
2026-08-04 16:06:12,708 [DEBUG] Relay thread has started
2026-08-04 16:06:12,709 [INFO] Connection opened
2026-08-04 16:06:12,710 [INFO] Switched to physical mode for TC: TC_ID-245 Step: PreCondition: PC_ID-030  Testcase:Fault memory clear Extended session(14 FFFFFF)
2026-08-04 16:06:12,711 [INFO] TC_ID-245 - PreCondition: PC_ID-030  Testcase:Fault memory clear Extended session(14 FFFFFF): SID=0x14, Sub=0xFFFFFF, Expected=[1, 84, 170, 170, 170, 170, 170, 170]
2026-08-04 16:06:12,773 [INFO] TC_ID-245 - PreCondition: PC_ID-030  Testcase:Fault memory clear Extended session(14 FFFFFF): Sending 14FFFFFF
2026-08-04 16:06:12,774 [INFO] TC_ID-245 - PreCondition: PC_ID-030  Testcase:Fault memory clear Extended session(14 FFFFFF): Sending request 14FFFFFF
2026-08-04 16:06:12,775 [DEBUG] Sending 4 bytes : [14ffffff]
2026-08-04 16:06:12,776 [DEBUG] Enqueuing a SendRequest for 4 bytes and TAT=Physical
2026-08-04 16:06:12,777 [DEBUG] Tx: <7A6> (08) [ ]	 0414ffffff000000
2026-08-04 16:06:12,777 [DEBUG] We've been asked to write a message to the bus
2026-08-04 16:06:12,778 [DEBUG] sending: Timestamp:        0.000000    ID:      7a6    S Rx       BS       DL:  8    04 14 ff ff ff 00 00 00
2026-08-04 16:06:12,787 [INFO] -----------------------------------------------TC_ID-245 PreCondition: PC_ID-030  Testcase:Fault memory clear Extended session(14 FFFFFF) -> PASS-----------------------------------------------
2026-08-04 16:06:12,789 [DEBUG] Rx: <7AE> (08) [p]	 0154aaaaaaaaaaaa
2026-08-04 16:06:12,790 [DEBUG] Stopping CanStack
2026-08-04 16:06:12,797 [DEBUG] Main thread is exiting
2026-08-04 16:06:12,839 [DEBUG] CanStack Stopped
2026-08-04 16:06:12,840 [INFO] Connection closed
2026-08-04 16:06:12,841 [INFO] Running Test Case: TC_ID-246
2026-08-04 16:06:12,842 [DEBUG] Starting CanStack
2026-08-04 16:06:12,843 [DEBUG] Main thread has started
2026-08-04 16:06:12,844 [DEBUG] Relay thread has started
2026-08-04 16:06:12,846 [INFO] Connection opened
2026-08-04 16:06:12,848 [INFO] Switched to physical mode for TC: TC_ID-246 Step: PreCondition: PC_ID-030  Testcase:- Input Output Record Local Identifier #1(Extended session)
2026-08-04 16:06:12,849 [INFO] TC_ID-246 - PreCondition: PC_ID-030  Testcase:- Input Output Record Local Identifier #1(Extended session): SID=0x22, Sub=0xB302, Expected=[16, 9, 98, 179, 2, 255, 255, 0, 0, 0, 147, 170, 170, 170, 170]
2026-08-04 16:06:12,914 [INFO] TC_ID-246 - PreCondition: PC_ID-030  Testcase:- Input Output Record Local Identifier #1(Extended session): Sending request 22B302
2026-08-04 16:06:12,915 [INFO] TC_ID-246 - PreCondition: PC_ID-030  Testcase:- Input Output Record Local Identifier #1(Extended session): Sending request 22B302
2026-08-04 16:06:12,916 [DEBUG] Sending 3 bytes : [22b302]
2026-08-04 16:06:12,917 [DEBUG] Enqueuing a SendRequest for 3 bytes and TAT=Physical
2026-08-04 16:06:12,919 [DEBUG] Tx: <7A6> (08) [ ]	 0322b30200000000
2026-08-04 16:06:12,920 [DEBUG] We've been asked to write a message to the bus
2026-08-04 16:06:12,921 [DEBUG] sending: Timestamp:        0.000000    ID:      7a6    S Rx       BS       DL:  8    03 22 b3 02 00 00 00 00
2026-08-04 16:06:12,928 [DEBUG] We've been asked to write a message to the bus
2026-08-04 16:06:12,933 [DEBUG] Rx: <7AE> (08) [p]	 100962b302ffff00
2026-08-04 16:06:12,935 [DEBUG] sending: Timestamp:        0.000000    ID:      7a6    S Rx       BS       DL:  8    30 08 0a 00 00 00 00 00
2026-08-04 16:06:12,938 [DEBUG] Tx: <7A6> (08) [ ]	 30080a0000000000
2026-08-04 16:06:12,940 [DEBUG] We've been asked to write a message to the bus
2026-08-04 16:06:12,941 [DEBUG] sending: Timestamp:        0.000000    ID:      7a6    S Rx       BS       DL:  8    30 08 0a 00 00 00 00 00
2026-08-04 16:06:12,943 [DEBUG] TxState=IDLE - RxState=WAIT_CF
2026-08-04 16:06:12,957 [DEBUG] Rx: <7AE> (08) [p]	 21000091aaaaaaaa
2026-08-04 16:06:13,009 [INFO] TC_ID-246 - Received: 62B302FFFF00000091
2026-08-04 16:06:13,011 [DEBUG] TxState=IDLE - RxState=IDLE
2026-08-04 16:06:13,012 [WARNING] TC_ID-246 - PreCondition: PC_ID-030  Testcase:- Input Output Record Local Identifier #1(Extended session) -> ❌ FAIL - Expected 100962B302FFFF00000093AAAAAAAA
2026-08-04 16:06:13,014 [DEBUG] Stopping CanStack
2026-08-04 16:06:13,015 [DEBUG] Main thread is exiting
2026-08-04 16:06:13,059 [DEBUG] CanStack Stopped
2026-08-04 16:06:13,063 [INFO] Connection closed
2026-08-04 16:06:13,064 [INFO] Running Test Case: TC_ID-247
2026-08-04 16:06:13,064 [DEBUG] Starting CanStack
2026-08-04 16:06:13,065 [DEBUG] Main thread has started
2026-08-04 16:06:13,066 [DEBUG] Relay thread has started
2026-08-04 16:06:13,068 [INFO] Connection opened
2026-08-04 16:06:13,069 [INFO] Switched to physical mode for TC: TC_ID-247 Step: PreCondition: PC_ID-030  Testcase:- Input Output Record Local Identifier #2(Extended session)
2026-08-04 16:06:13,069 [INFO] TC_ID-247 - PreCondition: PC_ID-030  Testcase:- Input Output Record Local Identifier #2(Extended session): SID=0x22, Sub=0xB303, Expected=[16, 11, 98, 179, 3, 255, 255, 255, 1, 8, 0, 0, 1, 170, 170]
2026-08-04 16:06:13,132 [INFO] TC_ID-247 - PreCondition: PC_ID-030  Testcase:- Input Output Record Local Identifier #2(Extended session): Sending request 22B303
2026-08-04 16:06:13,133 [INFO] TC_ID-247 - PreCondition: PC_ID-030  Testcase:- Input Output Record Local Identifier #2(Extended session): Sending request 22B303
2026-08-04 16:06:13,134 [DEBUG] Sending 3 bytes : [22b303]
2026-08-04 16:06:13,134 [DEBUG] Enqueuing a SendRequest for 3 bytes and TAT=Physical
2026-08-04 16:06:13,135 [DEBUG] Tx: <7A6> (08) [ ]	 0322b30300000000
2026-08-04 16:06:13,136 [DEBUG] We've been asked to write a message to the bus
2026-08-04 16:06:13,137 [DEBUG] sending: Timestamp:        0.000000    ID:      7a6    S Rx       BS       DL:  8    03 22 b3 03 00 00 00 00
2026-08-04 16:06:13,146 [DEBUG] We've been asked to write a message to the bus
2026-08-04 16:06:13,152 [DEBUG] sending: Timestamp:        0.000000    ID:      7a6    S Rx       BS       DL:  8    30 08 0a 00 00 00 00 00
2026-08-04 16:06:13,155 [DEBUG] Rx: <7AE> (08) [p]	 100b62b303ffffff
2026-08-04 16:06:13,161 [DEBUG] Tx: <7A6> (08) [ ]	 30080a0000000000
2026-08-04 16:06:13,163 [DEBUG] We've been asked to write a message to the bus
2026-08-04 16:06:13,164 [DEBUG] sending: Timestamp:        0.000000    ID:      7a6    S Rx       BS       DL:  8    30 08 0a 00 00 00 00 00
2026-08-04 16:06:13,165 [DEBUG] TxState=IDLE - RxState=WAIT_CF
2026-08-04 16:06:13,181 [DEBUG] Rx: <7AE> (08) [p]	 210108000101aaaa
2026-08-04 16:06:13,231 [INFO] TC_ID-247 - Received: 62B303FFFFFF0108000101
2026-08-04 16:06:13,233 [DEBUG] TxState=IDLE - RxState=IDLE
2026-08-04 16:06:13,237 [WARNING] TC_ID-247 - PreCondition: PC_ID-030  Testcase:- Input Output Record Local Identifier #2(Extended session) -> ❌ FAIL - Expected 100B62B303FFFFFF0108000001AAAA
2026-08-04 16:06:13,238 [DEBUG] Stopping CanStack
2026-08-04 16:06:13,239 [DEBUG] Main thread is exiting
2026-08-04 16:06:13,286 [DEBUG] CanStack Stopped
2026-08-04 16:06:13,287 [INFO] Connection closed
2026-08-04 16:06:13,289 [INFO] Running Test Case: TC_ID-248
2026-08-04 16:06:13,290 [DEBUG] Starting CanStack
2026-08-04 16:06:13,291 [DEBUG] Main thread has started
2026-08-04 16:06:13,293 [DEBUG] Relay thread has started
2026-08-04 16:06:13,294 [INFO] Connection opened
2026-08-04 16:06:13,296 [INFO] Switched to physical mode for TC: TC_ID-248 Step: PreCondition: PC_ID-030  Testcase:RX_SWIN_F1_EF_Read(Extended session)
2026-08-04 16:06:13,297 [INFO] TC_ID-248 - PreCondition: PC_ID-030  Testcase:RX_SWIN_F1_EF_Read(Extended session): SID=0x22, Sub=0xF1EF, Expected=[16, 43, 98, 241, 239, 7, 166, 11, 82, 49, 48, 32, 77, 81, 52, 47, 49, 47, 48, 12, 82, 49, 53, 53, 32, 77, 81, 52, 47, 49, 47, 48, 12, 82, 49, 53, 54, 32, 77, 81, 52, 47, 49, 47, 48, 170, 170, 170, 170, 170]
2026-08-04 16:06:13,360 [INFO] TC_ID-248 - PreCondition: PC_ID-030  Testcase:RX_SWIN_F1_EF_Read(Extended session): Sending request 22F1EF
2026-08-04 16:06:13,360 [INFO] TC_ID-248 - PreCondition: PC_ID-030  Testcase:RX_SWIN_F1_EF_Read(Extended session): Sending request 22F1EF
2026-08-04 16:06:13,361 [DEBUG] Sending 3 bytes : [22f1ef]
2026-08-04 16:06:13,362 [DEBUG] Enqueuing a SendRequest for 3 bytes and TAT=Physical
2026-08-04 16:06:13,363 [DEBUG] Tx: <7A6> (08) [ ]	 0322f1ef00000000
2026-08-04 16:06:13,364 [DEBUG] We've been asked to write a message to the bus
2026-08-04 16:06:13,364 [DEBUG] sending: Timestamp:        0.000000    ID:      7a6    S Rx       BS       DL:  8    03 22 f1 ef 00 00 00 00
2026-08-04 16:06:13,377 [DEBUG] We've been asked to write a message to the bus
2026-08-04 16:06:13,378 [DEBUG] sending: Timestamp:        0.000000    ID:      7a6    S Rx       BS       DL:  8    30 08 0a 00 00 00 00 00
2026-08-04 16:06:13,380 [DEBUG] Rx: <7AE> (08) [p]	 102b62f1ef07a60b
2026-08-04 16:06:13,383 [DEBUG] Tx: <7A6> (08) [ ]	 30080a0000000000
2026-08-04 16:06:13,384 [DEBUG] We've been asked to write a message to the bus
2026-08-04 16:06:13,385 [DEBUG] sending: Timestamp:        0.000000    ID:      7a6    S Rx       BS       DL:  8    30 08 0a 00 00 00 00 00
2026-08-04 16:06:13,387 [DEBUG] TxState=IDLE - RxState=WAIT_CF
2026-08-04 16:06:13,401 [DEBUG] Rx: <7AE> (08) [p]	 21523130204d5134
2026-08-04 16:06:13,416 [DEBUG] Rx: <7AE> (08) [p]	 222f312f300c5231
2026-08-04 16:06:13,439 [DEBUG] Rx: <7AE> (08) [p]	 233535204d51342f
2026-08-04 16:06:13,472 [DEBUG] Rx: <7AE> (08) [p]	 24312f300c523135
2026-08-04 16:06:13,487 [DEBUG] Rx: <7AE> (08) [p]	 2536204d51342f31
2026-08-04 16:06:13,508 [DEBUG] Rx: <7AE> (08) [p]	 262f30aaaaaaaaaa
2026-08-04 16:06:13,563 [INFO] TC_ID-248 - Received: 62F1EF07A60B523130204D51342F312F300C52313535204D51342F312F300C52313536204D51342F312F30
2026-08-04 16:06:13,565 [WARNING] TC_ID-248 - PreCondition: PC_ID-030  Testcase:RX_SWIN_F1_EF_Read(Extended session) -> ❌ FAIL - Expected 102B62F1EF07A60B523130204D51342F312F300C52313535204D51342F312F300C52313536204D51342F312F30AAAAAAAAAA
2026-08-04 16:06:13,566 [DEBUG] TxState=IDLE - RxState=IDLE
2026-08-04 16:06:13,567 [DEBUG] Stopping CanStack
2026-08-04 16:06:13,569 [DEBUG] Main thread is exiting
2026-08-04 16:06:13,609 [DEBUG] CanStack Stopped
2026-08-04 16:06:13,611 [INFO] Connection closed
2026-08-04 16:06:13,612 [INFO] Running Test Case: TC_ID-249
2026-08-04 16:06:13,613 [DEBUG] Starting CanStack
2026-08-04 16:06:13,614 [DEBUG] Main thread has started
2026-08-04 16:06:13,616 [DEBUG] Relay thread has started
2026-08-04 16:06:13,618 [INFO] Connection opened
2026-08-04 16:06:13,619 [INFO] Switched to physical mode for TC: TC_ID-249 Step: PreCondition: PC_ID-030  Testcase:B_CAN_Database_Version_F1_00_Read(Extendedsession)
2026-08-04 16:06:13,620 [INFO] TC_ID-249 - PreCondition: PC_ID-030  Testcase:B_CAN_Database_Version_F1_00_Read(Extendedsession): SID=0x22, Sub=0xF100, Expected=[6, 98, 241, 0, 49, 46, 48, 170]
2026-08-04 16:06:13,685 [INFO] TC_ID-249 - PreCondition: PC_ID-030  Testcase:B_CAN_Database_Version_F1_00_Read(Extendedsession): Sending request 22F100
2026-08-04 16:06:13,686 [INFO] TC_ID-249 - PreCondition: PC_ID-030  Testcase:B_CAN_Database_Version_F1_00_Read(Extendedsession): Sending request 22F100
2026-08-04 16:06:13,687 [DEBUG] Sending 3 bytes : [22f100]
2026-08-04 16:06:13,688 [DEBUG] Enqueuing a SendRequest for 3 bytes and TAT=Physical
2026-08-04 16:06:13,689 [DEBUG] Tx: <7A6> (08) [ ]	 0322f10000000000
2026-08-04 16:06:13,690 [DEBUG] We've been asked to write a message to the bus
2026-08-04 16:06:13,690 [DEBUG] sending: Timestamp:        0.000000    ID:      7a6    S Rx       BS       DL:  8    03 22 f1 00 00 00 00 00
2026-08-04 16:06:13,697 [DEBUG] Rx: <7AE> (08) [p]	 0662f100312e30aa
2026-08-04 16:06:13,747 [INFO] TC_ID-249 - Received: 62F100312E30
2026-08-04 16:06:13,748 [WARNING] TC_ID-249 - PreCondition: PC_ID-030  Testcase:B_CAN_Database_Version_F1_00_Read(Extendedsession) -> ❌ FAIL - Expected 0662F100312E30AA
2026-08-04 16:06:13,749 [DEBUG] Stopping CanStack
2026-08-04 16:06:13,750 [DEBUG] Main thread is exiting
2026-08-04 16:06:13,798 [DEBUG] CanStack Stopped
2026-08-04 16:06:13,799 [INFO] Connection closed
2026-08-04 16:06:13,800 [INFO] Running Test Case: TC_ID-250
2026-08-04 16:06:13,800 [DEBUG] Starting CanStack
2026-08-04 16:06:13,801 [DEBUG] Main thread has started
2026-08-04 16:06:13,802 [DEBUG] Relay thread has started
2026-08-04 16:06:13,803 [INFO] Connection opened
2026-08-04 16:06:13,804 [INFO] Switched to physical mode for TC: TC_ID-250 Step: PreCondition: PC_ID-030  Testcase:Vehicle_Manufacturer_Spare_Part_Number_F1_87_Read(Extendedsession)
2026-08-04 16:06:13,805 [INFO] TC_ID-250 - PreCondition: PC_ID-030  Testcase:Vehicle_Manufacturer_Spare_Part_Number_F1_87_Read(Extendedsession): SID=0x22, Sub=0xF187, Expected=[16, 13, 98, 241, 135, 57, 51, 52, 68, 56, 71, 66, 53, 49, 48]
2026-08-04 16:06:13,871 [INFO] TC_ID-250 - PreCondition: PC_ID-030  Testcase:Vehicle_Manufacturer_Spare_Part_Number_F1_87_Read(Extendedsession): Sending request 22F187
2026-08-04 16:06:13,872 [INFO] TC_ID-250 - PreCondition: PC_ID-030  Testcase:Vehicle_Manufacturer_Spare_Part_Number_F1_87_Read(Extendedsession): Sending request 22F187
2026-08-04 16:06:13,873 [DEBUG] Sending 3 bytes : [22f187]
2026-08-04 16:06:13,874 [DEBUG] Enqueuing a SendRequest for 3 bytes and TAT=Physical
2026-08-04 16:06:13,876 [DEBUG] Tx: <7A6> (08) [ ]	 0322f18700000000
2026-08-04 16:06:13,877 [DEBUG] We've been asked to write a message to the bus
2026-08-04 16:06:13,878 [DEBUG] sending: Timestamp:        0.000000    ID:      7a6    S Rx       BS       DL:  8    03 22 f1 87 00 00 00 00
2026-08-04 16:06:13,888 [DEBUG] Rx: <7AE> (08) [p]	 100d62f187393334
2026-08-04 16:06:13,891 [DEBUG] We've been asked to write a message to the bus
2026-08-04 16:06:13,895 [DEBUG] Tx: <7A6> (08) [ ]	 30080a0000000000
2026-08-04 16:06:13,897 [DEBUG] sending: Timestamp:        0.000000    ID:      7a6    S Rx       BS       DL:  8    30 08 0a 00 00 00 00 00
2026-08-04 16:06:13,897 [DEBUG] We've been asked to write a message to the bus
2026-08-04 16:06:13,899 [DEBUG] sending: Timestamp:        0.000000    ID:      7a6    S Rx       BS       DL:  8    30 08 0a 00 00 00 00 00
2026-08-04 16:06:13,902 [DEBUG] TxState=IDLE - RxState=WAIT_CF
2026-08-04 16:06:13,916 [DEBUG] Rx: <7AE> (08) [p]	 2144384742353130
2026-08-04 16:06:13,971 [DEBUG] TxState=IDLE - RxState=IDLE
2026-08-04 16:06:13,972 [INFO] TC_ID-250 - Received: 62F18739333444384742353130
2026-08-04 16:06:13,973 [WARNING] TC_ID-250 - PreCondition: PC_ID-030  Testcase:Vehicle_Manufacturer_Spare_Part_Number_F1_87_Read(Extendedsession) -> ❌ FAIL - Expected 100D62F18739333444384742353130
2026-08-04 16:06:13,973 [DEBUG] Stopping CanStack
2026-08-04 16:06:13,974 [DEBUG] Main thread is exiting
2026-08-04 16:06:14,018 [DEBUG] CanStack Stopped
2026-08-04 16:06:14,020 [INFO] Connection closed
2026-08-04 16:06:14,022 [INFO] Running Test Case: TC_ID-251
2026-08-04 16:06:14,022 [DEBUG] Starting CanStack
2026-08-04 16:06:14,024 [DEBUG] Main thread has started
2026-08-04 16:06:14,025 [DEBUG] Relay thread has started
2026-08-04 16:06:14,027 [INFO] Connection opened
2026-08-04 16:06:14,027 [INFO] Switched to physical mode for TC: TC_ID-251 Step: PreCondition: PC_ID-030  Testcase:Manufacturing_F1_8B_Read(Extendedsession)
2026-08-04 16:06:14,028 [INFO] TC_ID-251 - PreCondition: PC_ID-030  Testcase:Manufacturing_F1_8B_Read(Extendedsession): SID=0x22, Sub=0xF18B, Expected=[7, 98, 241, 139, 32, 37, 18, 25]
2026-08-04 16:06:14,089 [INFO] TC_ID-251 - PreCondition: PC_ID-030  Testcase:Manufacturing_F1_8B_Read(Extendedsession): Sending request 22F18B
2026-08-04 16:06:14,090 [INFO] TC_ID-251 - PreCondition: PC_ID-030  Testcase:Manufacturing_F1_8B_Read(Extendedsession): Sending request 22F18B
2026-08-04 16:06:14,090 [DEBUG] Sending 3 bytes : [22f18b]
2026-08-04 16:06:14,091 [DEBUG] Enqueuing a SendRequest for 3 bytes and TAT=Physical
2026-08-04 16:06:14,092 [DEBUG] Tx: <7A6> (08) [ ]	 0322f18b00000000
2026-08-04 16:06:14,093 [DEBUG] We've been asked to write a message to the bus
2026-08-04 16:06:14,093 [DEBUG] sending: Timestamp:        0.000000    ID:      7a6    S Rx       BS       DL:  8    03 22 f1 8b 00 00 00 00
2026-08-04 16:06:14,107 [DEBUG] Rx: <7AE> (08) [p]	 0762f18b20251219
2026-08-04 16:06:14,156 [INFO] TC_ID-251 - Received: 62F18B20251219
2026-08-04 16:06:14,161 [WARNING] TC_ID-251 - PreCondition: PC_ID-030  Testcase:Manufacturing_F1_8B_Read(Extendedsession) -> ❌ FAIL - Expected 0762F18B20251219
2026-08-04 16:06:14,162 [DEBUG] Stopping CanStack
2026-08-04 16:06:14,163 [DEBUG] Main thread is exiting
2026-08-04 16:06:14,209 [DEBUG] CanStack Stopped
2026-08-04 16:06:14,210 [INFO] Connection closed
2026-08-04 16:06:14,211 [INFO] Running Test Case: TC_ID-252
2026-08-04 16:06:14,212 [DEBUG] Starting CanStack
2026-08-04 16:06:14,213 [DEBUG] Main thread has started
2026-08-04 16:06:14,214 [DEBUG] Relay thread has started
2026-08-04 16:06:14,215 [INFO] Connection opened
2026-08-04 16:06:14,216 [INFO] Switched to physical mode for TC: TC_ID-252 Step: PreCondition: PC_ID-030  Testcase:ECU_Serial_Number_F1_8C_Read(Extendedsession)
2026-08-04 16:06:14,216 [INFO] TC_ID-252 - PreCondition: PC_ID-030  Testcase:ECU_Serial_Number_F1_8C_Read(Extendedsession): SID=0x22, Sub=0xF18C, Expected=[16, 11, 98, 241, 140, 48, 48, 48, 48, 48, 48, 48, 49, 170, 170]
2026-08-04 16:06:14,277 [INFO] TC_ID-252 - PreCondition: PC_ID-030  Testcase:ECU_Serial_Number_F1_8C_Read(Extendedsession): Sending request 22F18C
2026-08-04 16:06:14,278 [INFO] TC_ID-252 - PreCondition: PC_ID-030  Testcase:ECU_Serial_Number_F1_8C_Read(Extendedsession): Sending request 22F18C
2026-08-04 16:06:14,278 [DEBUG] Sending 3 bytes : [22f18c]
2026-08-04 16:06:14,279 [DEBUG] Enqueuing a SendRequest for 3 bytes and TAT=Physical
2026-08-04 16:06:14,280 [DEBUG] Tx: <7A6> (08) [ ]	 0322f18c00000000
2026-08-04 16:06:14,281 [DEBUG] We've been asked to write a message to the bus
2026-08-04 16:06:14,281 [DEBUG] sending: Timestamp:        0.000000    ID:      7a6    S Rx       BS       DL:  8    03 22 f1 8c 00 00 00 00
2026-08-04 16:06:14,286 [DEBUG] We've been asked to write a message to the bus
2026-08-04 16:06:14,289 [DEBUG] sending: Timestamp:        0.000000    ID:      7a6    S Rx       BS       DL:  8    30 08 0a 00 00 00 00 00
2026-08-04 16:06:14,290 [DEBUG] Rx: <7AE> (08) [p]	 100b62f18c303030
2026-08-04 16:06:14,294 [DEBUG] Tx: <7A6> (08) [ ]	 30080a0000000000
2026-08-04 16:06:14,298 [DEBUG] We've been asked to write a message to the bus
2026-08-04 16:06:14,304 [DEBUG] sending: Timestamp:        0.000000    ID:      7a6    S Rx       BS       DL:  8    30 08 0a 00 00 00 00 00
2026-08-04 16:06:14,306 [DEBUG] TxState=IDLE - RxState=WAIT_CF
2026-08-04 16:06:14,308 [DEBUG] Rx: <7AE> (08) [p]	 213030303031aaaa
2026-08-04 16:06:14,356 [INFO] TC_ID-252 - Received: 62F18C3030303030303031
2026-08-04 16:06:14,357 [WARNING] TC_ID-252 - PreCondition: PC_ID-030  Testcase:ECU_Serial_Number_F1_8C_Read(Extendedsession) -> ❌ FAIL - Expected 100B62F18C3030303030303031AAAA
2026-08-04 16:06:14,358 [DEBUG] Stopping CanStack
2026-08-04 16:06:14,359 [DEBUG] TxState=IDLE - RxState=IDLE
2026-08-04 16:06:14,359 [DEBUG] Main thread is exiting
2026-08-04 16:06:14,408 [DEBUG] CanStack Stopped
2026-08-04 16:06:14,409 [INFO] Connection closed
2026-08-04 16:06:14,410 [INFO] Running Test Case: TC_ID-253
2026-08-04 16:06:14,410 [DEBUG] Starting CanStack
2026-08-04 16:06:14,412 [DEBUG] Main thread has started
2026-08-04 16:06:14,412 [DEBUG] Relay thread has started
2026-08-04 16:06:14,414 [INFO] Connection opened
2026-08-04 16:06:14,414 [INFO] Switched to physical mode for TC: TC_ID-253 Step: PreCondition: PC_ID-030  Testcase:Vehicle_Manufacturer_ECU_HW_Number_F1_91_Read(Extendedsession)
2026-08-04 16:06:14,415 [INFO] TC_ID-253 - PreCondition: PC_ID-030  Testcase:Vehicle_Manufacturer_ECU_HW_Number_F1_91_Read(Extendedsession): SID=0x22, Sub=0xF191, Expected=[7, 98, 241, 145, 49, 46, 48, 48]
2026-08-04 16:06:14,478 [INFO] TC_ID-253 - PreCondition: PC_ID-030  Testcase:Vehicle_Manufacturer_ECU_HW_Number_F1_91_Read(Extendedsession): Sending request 22F191
2026-08-04 16:06:14,479 [INFO] TC_ID-253 - PreCondition: PC_ID-030  Testcase:Vehicle_Manufacturer_ECU_HW_Number_F1_91_Read(Extendedsession): Sending request 22F191
2026-08-04 16:06:14,480 [DEBUG] Sending 3 bytes : [22f191]
2026-08-04 16:06:14,480 [DEBUG] Enqueuing a SendRequest for 3 bytes and TAT=Physical
2026-08-04 16:06:14,481 [DEBUG] Tx: <7A6> (08) [ ]	 0322f19100000000
2026-08-04 16:06:14,482 [DEBUG] We've been asked to write a message to the bus
2026-08-04 16:06:14,482 [DEBUG] sending: Timestamp:        0.000000    ID:      7a6    S Rx       BS       DL:  8    03 22 f1 91 00 00 00 00
2026-08-04 16:06:14,487 [DEBUG] Rx: <7AE> (08) [p]	 0762f191312e3030
2026-08-04 16:06:14,537 [INFO] TC_ID-253 - Received: 62F191312E3030
2026-08-04 16:06:14,543 [WARNING] TC_ID-253 - PreCondition: PC_ID-030  Testcase:Vehicle_Manufacturer_ECU_HW_Number_F1_91_Read(Extendedsession) -> ❌ FAIL - Expected 0762F191312E3030
2026-08-04 16:06:14,545 [DEBUG] Stopping CanStack
2026-08-04 16:06:14,546 [DEBUG] Main thread is exiting
2026-08-04 16:06:14,587 [DEBUG] CanStack Stopped
2026-08-04 16:06:14,588 [INFO] Connection closed
2026-08-04 16:06:14,589 [INFO] Running Test Case: TC_ID-254
2026-08-04 16:06:14,590 [DEBUG] Starting CanStack
2026-08-04 16:06:14,593 [DEBUG] Main thread has started
2026-08-04 16:06:14,594 [DEBUG] Relay thread has started
2026-08-04 16:06:14,596 [INFO] Connection opened
2026-08-04 16:06:14,597 [INFO] Switched to physical mode for TC: TC_ID-254 Step: PreCondition: PC_ID-030  Testcase:HardwareVersionNumber_F1_93_Read(Extendedsession)
2026-08-04 16:06:14,598 [INFO] TC_ID-254 - PreCondition: PC_ID-030  Testcase:HardwareVersionNumber_F1_93_Read(Extendedsession): SID=0x22, Sub=0xF193, Expected=[7, 98, 241, 147, 49, 46, 48, 48]
2026-08-04 16:06:14,663 [INFO] TC_ID-254 - PreCondition: PC_ID-030  Testcase:HardwareVersionNumber_F1_93_Read(Extendedsession): Sending request 22F193
2026-08-04 16:06:14,664 [INFO] TC_ID-254 - PreCondition: PC_ID-030  Testcase:HardwareVersionNumber_F1_93_Read(Extendedsession): Sending request 22F193
2026-08-04 16:06:14,665 [DEBUG] Sending 3 bytes : [22f193]
2026-08-04 16:06:14,666 [DEBUG] Enqueuing a SendRequest for 3 bytes and TAT=Physical
2026-08-04 16:06:14,667 [DEBUG] Tx: <7A6> (08) [ ]	 0322f19300000000
2026-08-04 16:06:14,668 [DEBUG] We've been asked to write a message to the bus
2026-08-04 16:06:14,669 [DEBUG] sending: Timestamp:        0.000000    ID:      7a6    S Rx       BS       DL:  8    03 22 f1 93 00 00 00 00
2026-08-04 16:06:14,677 [DEBUG] Rx: <7AE> (08) [p]	 0762f193312e3030
2026-08-04 16:06:14,727 [INFO] TC_ID-254 - Received: 62F193312E3030
2026-08-04 16:06:14,732 [WARNING] TC_ID-254 - PreCondition: PC_ID-030  Testcase:HardwareVersionNumber_F1_93_Read(Extendedsession) -> ❌ FAIL - Expected 0762F193312E3030
2026-08-04 16:06:14,735 [DEBUG] Stopping CanStack
2026-08-04 16:06:14,737 [DEBUG] Main thread is exiting
2026-08-04 16:06:14,777 [DEBUG] CanStack Stopped
2026-08-04 16:06:14,778 [INFO] Connection closed
2026-08-04 16:06:14,779 [INFO] Running Test Case: TC_ID-255
2026-08-04 16:06:14,780 [DEBUG] Starting CanStack
2026-08-04 16:06:14,782 [DEBUG] Main thread has started
2026-08-04 16:06:14,784 [DEBUG] Relay thread has started
2026-08-04 16:06:14,786 [INFO] Connection opened
2026-08-04 16:06:14,787 [INFO] Switched to physical mode for TC: TC_ID-255 Step: PreCondition: PC_ID-030  Testcase:ECUSoftwareUnit1IVDDataIdentifier_F1_C1_Read(Extendedsession)
2026-08-04 16:06:14,788 [INFO] TC_ID-255 - PreCondition: PC_ID-030  Testcase:ECUSoftwareUnit1IVDDataIdentifier_F1_C1_Read(Extendedsession): SID=0x22, Sub=0xF1C1, Expected=[3, 98, 241, 193, 170, 170, 170, 170]
2026-08-04 16:06:14,856 [INFO] TC_ID-255 - PreCondition: PC_ID-030  Testcase:ECUSoftwareUnit1IVDDataIdentifier_F1_C1_Read(Extendedsession): Sending request 22F1C1
2026-08-04 16:06:14,857 [INFO] TC_ID-255 - PreCondition: PC_ID-030  Testcase:ECUSoftwareUnit1IVDDataIdentifier_F1_C1_Read(Extendedsession): Sending request 22F1C1
2026-08-04 16:06:14,858 [DEBUG] Sending 3 bytes : [22f1c1]
2026-08-04 16:06:14,858 [DEBUG] Enqueuing a SendRequest for 3 bytes and TAT=Physical
2026-08-04 16:06:14,860 [DEBUG] Tx: <7A6> (08) [ ]	 0322f1c100000000
2026-08-04 16:06:14,861 [DEBUG] We've been asked to write a message to the bus
2026-08-04 16:06:14,862 [DEBUG] sending: Timestamp:        0.000000    ID:      7a6    S Rx       BS       DL:  8    03 22 f1 c1 00 00 00 00
2026-08-04 16:06:14,877 [DEBUG] Rx: <7AE> (08) [p]	 037f2222aaaaaaaa
2026-08-04 16:06:14,928 [INFO] TC_ID-255 - Received: 7F2222
2026-08-04 16:06:14,929 [WARNING] TC_ID-255 - PreCondition: PC_ID-030  Testcase:ECUSoftwareUnit1IVDDataIdentifier_F1_C1_Read(Extendedsession) -> ❌ FAIL - Expected 0362F1C1AAAAAAAA
2026-08-04 16:06:14,930 [DEBUG] Stopping CanStack
2026-08-04 16:06:14,932 [DEBUG] Main thread is exiting
2026-08-04 16:06:14,978 [DEBUG] CanStack Stopped
2026-08-04 16:06:14,979 [INFO] Connection closed
2026-08-04 16:06:14,980 [INFO] Running Test Case: TC_ID-256
2026-08-04 16:06:14,981 [DEBUG] Starting CanStack
2026-08-04 16:06:14,982 [DEBUG] Main thread has started
2026-08-04 16:06:14,983 [DEBUG] Relay thread has started
2026-08-04 16:06:14,984 [INFO] Connection opened
2026-08-04 16:06:14,985 [INFO] Switched to physical mode for TC: TC_ID-256 Step: PreCondition: PC_ID-030  Testcase:ECUSoftwareUnit2 IVDDataIdentifier_F1_C2_Read(Defaultsession)
2026-08-04 16:06:14,985 [INFO] TC_ID-256 - PreCondition: PC_ID-030  Testcase:ECUSoftwareUnit2 IVDDataIdentifier_F1_C2_Read(Defaultsession): SID=0x22, Sub=0xF1C2, Expected=[3, 98, 241, 194, 170, 170, 170, 170]
2026-08-04 16:06:15,051 [INFO] TC_ID-256 - PreCondition: PC_ID-030  Testcase:ECUSoftwareUnit2 IVDDataIdentifier_F1_C2_Read(Defaultsession): Sending request 22F1C2
2026-08-04 16:06:15,051 [INFO] TC_ID-256 - PreCondition: PC_ID-030  Testcase:ECUSoftwareUnit2 IVDDataIdentifier_F1_C2_Read(Defaultsession): Sending request 22F1C2
2026-08-04 16:06:15,052 [DEBUG] Sending 3 bytes : [22f1c2]
2026-08-04 16:06:15,053 [DEBUG] Enqueuing a SendRequest for 3 bytes and TAT=Physical
2026-08-04 16:06:15,053 [DEBUG] Tx: <7A6> (08) [ ]	 0322f1c200000000
2026-08-04 16:06:15,054 [DEBUG] We've been asked to write a message to the bus
2026-08-04 16:06:15,054 [DEBUG] sending: Timestamp:        0.000000    ID:      7a6    S Rx       BS       DL:  8    03 22 f1 c2 00 00 00 00
2026-08-04 16:06:15,069 [DEBUG] Rx: <7AE> (08) [p]	 037f2212aaaaaaaa
2026-08-04 16:06:15,116 [INFO] TC_ID-256 - Received: 7F2212
2026-08-04 16:06:15,117 [WARNING] TC_ID-256 - PreCondition: PC_ID-030  Testcase:ECUSoftwareUnit2 IVDDataIdentifier_F1_C2_Read(Defaultsession) -> ❌ FAIL - Expected 0362F1C2AAAAAAAA
2026-08-04 16:06:15,118 [DEBUG] Stopping CanStack
2026-08-04 16:06:15,119 [DEBUG] Main thread is exiting
2026-08-04 16:06:15,169 [DEBUG] CanStack Stopped
2026-08-04 16:06:15,170 [INFO] Connection closed
2026-08-04 16:06:15,170 [INFO] Running Test Case: TC_ID-257
2026-08-04 16:06:15,171 [DEBUG] Starting CanStack
2026-08-04 16:06:15,172 [DEBUG] Main thread has started
2026-08-04 16:06:15,173 [DEBUG] Relay thread has started
2026-08-04 16:06:15,174 [INFO] Connection opened
2026-08-04 16:06:15,175 [INFO] Switched to physical mode for TC: TC_ID-257 Step: PreCondition: PC_ID-030  Testcase:SystemSupplierECUSoftwareVersionNumbe_DataIdentifier_F1_95_Read(Extendedsession)
2026-08-04 16:06:15,176 [INFO] TC_ID-257 - PreCondition: PC_ID-030  Testcase:SystemSupplierECUSoftwareVersionNumbe_DataIdentifier_F1_95_Read(Extendedsession): SID=0x22, Sub=0xF195, Expected=[7, 98, 241, 149, 49, 46, 48, 48]
2026-08-04 16:06:15,245 [INFO] TC_ID-257 - PreCondition: PC_ID-030  Testcase:SystemSupplierECUSoftwareVersionNumbe_DataIdentifier_F1_95_Read(Extendedsession): Sending request 22F195
2026-08-04 16:06:15,246 [INFO] TC_ID-257 - PreCondition: PC_ID-030  Testcase:SystemSupplierECUSoftwareVersionNumbe_DataIdentifier_F1_95_Read(Extendedsession): Sending request 22F195
2026-08-04 16:06:15,246 [DEBUG] Sending 3 bytes : [22f195]
2026-08-04 16:06:15,248 [DEBUG] Enqueuing a SendRequest for 3 bytes and TAT=Physical
2026-08-04 16:06:15,250 [DEBUG] Tx: <7A6> (08) [ ]	 0322f19500000000
2026-08-04 16:06:15,251 [DEBUG] We've been asked to write a message to the bus
2026-08-04 16:06:15,252 [DEBUG] sending: Timestamp:        0.000000    ID:      7a6    S Rx       BS       DL:  8    03 22 f1 95 00 00 00 00
2026-08-04 16:06:15,269 [DEBUG] Rx: <7AE> (08) [p]	 0762f195312e3030
2026-08-04 16:06:15,319 [INFO] TC_ID-257 - Received: 62F195312E3030
2026-08-04 16:06:15,320 [WARNING] TC_ID-257 - PreCondition: PC_ID-030  Testcase:SystemSupplierECUSoftwareVersionNumbe_DataIdentifier_F1_95_Read(Extendedsession) -> ❌ FAIL - Expected 0762F195312E3030
2026-08-04 16:06:15,321 [DEBUG] Stopping CanStack
2026-08-04 16:06:15,322 [DEBUG] Main thread is exiting
2026-08-04 16:06:15,370 [DEBUG] CanStack Stopped
2026-08-04 16:06:15,371 [INFO] Connection closed
2026-08-04 16:06:15,372 [INFO] Running Test Case: TC_ID-258
2026-08-04 16:06:15,372 [DEBUG] Starting CanStack
2026-08-04 16:06:15,373 [DEBUG] Main thread has started
2026-08-04 16:06:15,374 [DEBUG] Relay thread has started
2026-08-04 16:06:15,375 [INFO] Connection opened
2026-08-04 16:06:15,376 [INFO] Switched to physical mode for TC: TC_ID-258 Step: PreCondition: PC_ID-030  Testcase:Software_Version_for_HKMC_Vehicle_Manufacture_F1_A0_Read(Extendedsession)
2026-08-04 16:06:15,376 [INFO] TC_ID-258 - PreCondition: PC_ID-030  Testcase:Software_Version_for_HKMC_Vehicle_Manufacture_F1_A0_Read(Extendedsession): SID=0x22, Sub=0xF1A0, Expected=[7, 98, 241, 160, 49, 46, 48, 48]
2026-08-04 16:06:15,443 [INFO] TC_ID-258 - PreCondition: PC_ID-030  Testcase:Software_Version_for_HKMC_Vehicle_Manufacture_F1_A0_Read(Extendedsession): Sending request 22F1A0
2026-08-04 16:06:15,443 [INFO] TC_ID-258 - PreCondition: PC_ID-030  Testcase:Software_Version_for_HKMC_Vehicle_Manufacture_F1_A0_Read(Extendedsession): Sending request 22F1A0
2026-08-04 16:06:15,444 [DEBUG] Sending 3 bytes : [22f1a0]
2026-08-04 16:06:15,445 [DEBUG] Enqueuing a SendRequest for 3 bytes and TAT=Physical
2026-08-04 16:06:15,447 [DEBUG] Tx: <7A6> (08) [ ]	 0322f1a000000000
2026-08-04 16:06:15,448 [DEBUG] We've been asked to write a message to the bus
2026-08-04 16:06:15,449 [DEBUG] sending: Timestamp:        0.000000    ID:      7a6    S Rx       BS       DL:  8    03 22 f1 a0 00 00 00 00
2026-08-04 16:06:15,468 [DEBUG] Rx: <7AE> (08) [p]	 0762f1a0312e3030
2026-08-04 16:06:15,517 [INFO] TC_ID-258 - Received: 62F1A0312E3030
2026-08-04 16:06:15,518 [WARNING] TC_ID-258 - PreCondition: PC_ID-030  Testcase:Software_Version_for_HKMC_Vehicle_Manufacture_F1_A0_Read(Extendedsession) -> ❌ FAIL - Expected 0762F1A0312E3030
2026-08-04 16:06:15,519 [DEBUG] Stopping CanStack
2026-08-04 16:06:15,520 [DEBUG] Main thread is exiting
2026-08-04 16:06:15,569 [DEBUG] CanStack Stopped
2026-08-04 16:06:15,570 [INFO] Connection closed
2026-08-04 16:06:15,571 [INFO] Running Test Case: TC_ID-259
2026-08-04 16:06:15,571 [DEBUG] Starting CanStack
2026-08-04 16:06:15,572 [DEBUG] Main thread has started
2026-08-04 16:06:15,573 [DEBUG] Relay thread has started
2026-08-04 16:06:15,574 [INFO] Connection opened
2026-08-04 16:06:15,575 [INFO] Switched to physical mode for TC: TC_ID-259 Step: PreCondition: PC_ID-030  Testcase:ECU_Supplier_Code_F1_A1_Read(Extendedsession)
2026-08-04 16:06:15,576 [INFO] TC_ID-259 - PreCondition: PC_ID-030  Testcase:ECU_Supplier_Code_F1_A1_Read(Extendedsession): SID=0x22, Sub=0xF1A1, Expected=[7, 98, 241, 161, 83, 49, 49, 48]
2026-08-04 16:06:15,637 [INFO] TC_ID-259 - PreCondition: PC_ID-030  Testcase:ECU_Supplier_Code_F1_A1_Read(Extendedsession): Sending request 22F1A1
2026-08-04 16:06:15,638 [INFO] TC_ID-259 - PreCondition: PC_ID-030  Testcase:ECU_Supplier_Code_F1_A1_Read(Extendedsession): Sending request 22F1A1
2026-08-04 16:06:15,638 [DEBUG] Sending 3 bytes : [22f1a1]
2026-08-04 16:06:15,639 [DEBUG] Enqueuing a SendRequest for 3 bytes and TAT=Physical
2026-08-04 16:06:15,641 [DEBUG] Tx: <7A6> (08) [ ]	 0322f1a100000000
2026-08-04 16:06:15,642 [DEBUG] We've been asked to write a message to the bus
2026-08-04 16:06:15,643 [DEBUG] sending: Timestamp:        0.000000    ID:      7a6    S Rx       BS       DL:  8    03 22 f1 a1 00 00 00 00
2026-08-04 16:06:15,667 [DEBUG] Rx: <7AE> (08) [p]	 0762f1a153313130
2026-08-04 16:06:15,717 [INFO] TC_ID-259 - Received: 62F1A153313130
2026-08-04 16:06:15,718 [WARNING] TC_ID-259 - PreCondition: PC_ID-030  Testcase:ECU_Supplier_Code_F1_A1_Read(Extendedsession) -> ❌ FAIL - Expected 0762F1A153313130
2026-08-04 16:06:15,719 [DEBUG] Stopping CanStack
2026-08-04 16:06:15,720 [DEBUG] Main thread is exiting
2026-08-04 16:06:15,768 [DEBUG] CanStack Stopped
2026-08-04 16:06:15,794 [INFO] Connection closed
2026-08-04 16:06:15,795 [INFO] Running Test Case: TC_ID-260
2026-08-04 16:06:15,796 [DEBUG] Starting CanStack
2026-08-04 16:06:15,798 [DEBUG] Main thread has started
2026-08-04 16:06:15,799 [DEBUG] Relay thread has started
2026-08-04 16:06:15,801 [INFO] Connection opened
2026-08-04 16:06:15,802 [INFO] Switched to physical mode for TC: TC_ID-260 Step: PreCondition: PC_ID-030  Testcase:ECU_Software_UNIT_number_F1_B0_Read(Extendedsession)
2026-08-04 16:06:15,803 [INFO] TC_ID-260 - PreCondition: PC_ID-030  Testcase:ECU_Software_UNIT_number_F1_B0_Read(Extendedsession): SID=0x22, Sub=0xF1B0, Expected=[4, 98, 241, 176, 1, 170, 170, 170]
2026-08-04 16:06:15,874 [INFO] TC_ID-260 - PreCondition: PC_ID-030  Testcase:ECU_Software_UNIT_number_F1_B0_Read(Extendedsession): Sending request 22F1B0
2026-08-04 16:06:15,875 [INFO] TC_ID-260 - PreCondition: PC_ID-030  Testcase:ECU_Software_UNIT_number_F1_B0_Read(Extendedsession): Sending request 22F1B0
2026-08-04 16:06:15,875 [DEBUG] Sending 3 bytes : [22f1b0]
2026-08-04 16:06:15,876 [DEBUG] Enqueuing a SendRequest for 3 bytes and TAT=Physical
2026-08-04 16:06:15,877 [DEBUG] Tx: <7A6> (08) [ ]	 0322f1b000000000
2026-08-04 16:06:15,878 [DEBUG] We've been asked to write a message to the bus
2026-08-04 16:06:15,878 [DEBUG] sending: Timestamp:        0.000000    ID:      7a6    S Rx       BS       DL:  8    03 22 f1 b0 00 00 00 00
2026-08-04 16:06:15,887 [DEBUG] Rx: <7AE> (08) [p]	 0462f1b001aaaaaa
2026-08-04 16:06:15,936 [INFO] TC_ID-260 - Received: 62F1B001
2026-08-04 16:06:15,942 [WARNING] TC_ID-260 - PreCondition: PC_ID-030  Testcase:ECU_Software_UNIT_number_F1_B0_Read(Extendedsession) -> ❌ FAIL - Expected 0462F1B001AAAAAA
2026-08-04 16:06:15,944 [DEBUG] Stopping CanStack
2026-08-04 16:06:15,945 [DEBUG] Main thread is exiting
2026-08-04 16:06:15,990 [DEBUG] CanStack Stopped
2026-08-04 16:06:15,992 [INFO] Connection closed
2026-08-04 16:06:15,992 [INFO] Running Test Case: TC_ID-261
2026-08-04 16:06:15,993 [DEBUG] Starting CanStack
2026-08-04 16:06:15,995 [DEBUG] Main thread has started
2026-08-04 16:06:15,996 [DEBUG] Relay thread has started
2026-08-04 16:06:15,999 [INFO] Connection opened
2026-08-04 16:06:16,000 [INFO] Switched to physical mode for TC: TC_ID-261 Step: PreCondition: PC_ID-030  Testcase:ECU_Software_UNIT1_Version_F1_B1_Read(Extendedsession)
2026-08-04 16:06:16,001 [INFO] TC_ID-261 - PreCondition: PC_ID-030  Testcase:ECU_Software_UNIT1_Version_F1_B1_Read(Extendedsession): SID=0x22, Sub=0xF1B1, Expected=[7, 98, 241, 177, 49, 46, 48, 48]
2026-08-04 16:06:16,068 [INFO] TC_ID-261 - PreCondition: PC_ID-030  Testcase:ECU_Software_UNIT1_Version_F1_B1_Read(Extendedsession): Sending request 22F1B1
2026-08-04 16:06:16,069 [INFO] TC_ID-261 - PreCondition: PC_ID-030  Testcase:ECU_Software_UNIT1_Version_F1_B1_Read(Extendedsession): Sending request 22F1B1
2026-08-04 16:06:16,070 [DEBUG] Sending 3 bytes : [22f1b1]
2026-08-04 16:06:16,070 [DEBUG] Enqueuing a SendRequest for 3 bytes and TAT=Physical
2026-08-04 16:06:16,072 [DEBUG] Tx: <7A6> (08) [ ]	 0322f1b100000000
2026-08-04 16:06:16,073 [DEBUG] We've been asked to write a message to the bus
2026-08-04 16:06:16,074 [DEBUG] sending: Timestamp:        0.000000    ID:      7a6    S Rx       BS       DL:  8    03 22 f1 b1 00 00 00 00
2026-08-04 16:06:16,088 [DEBUG] Rx: <7AE> (08) [p]	 0762f1b1312e3030
2026-08-04 16:06:16,137 [INFO] TC_ID-261 - Received: 62F1B1312E3030
2026-08-04 16:06:16,141 [WARNING] TC_ID-261 - PreCondition: PC_ID-030  Testcase:ECU_Software_UNIT1_Version_F1_B1_Read(Extendedsession) -> ❌ FAIL - Expected 0762F1B1312E3030
2026-08-04 16:06:16,143 [DEBUG] Stopping CanStack
2026-08-04 16:06:16,144 [DEBUG] Main thread is exiting
2026-08-04 16:06:16,191 [DEBUG] CanStack Stopped
2026-08-04 16:06:16,192 [INFO] Connection closed
2026-08-04 16:06:16,193 [INFO] Running Test Case: TC_ID-262
2026-08-04 16:06:16,194 [DEBUG] Starting CanStack
2026-08-04 16:06:16,195 [DEBUG] Main thread has started
2026-08-04 16:06:16,196 [DEBUG] Relay thread has started
2026-08-04 16:06:16,197 [INFO] Connection opened
2026-08-04 16:06:16,197 [INFO] Switched to physical mode for TC: TC_ID-262 Step: PreCondition: PC_ID-030  Testcase:S_W_Version_Dataidentifier_F1_DD_Read(Extendedsession)
2026-08-04 16:06:16,198 [INFO] TC_ID-262 - PreCondition: PC_ID-030  Testcase:S_W_Version_Dataidentifier_F1_DD_Read(Extendedsession): SID=0x22, Sub=0xF1DD, Expected=[16, 16, 98, 241, 221, 49, 48, 48, 48, 48, 0, 0, 0, 0, 0, 0, 0, 0, 170, 170, 170, 170]
2026-08-04 16:06:16,260 [INFO] TC_ID-262 - PreCondition: PC_ID-030  Testcase:S_W_Version_Dataidentifier_F1_DD_Read(Extendedsession): Sending request 22F1DD
2026-08-04 16:06:16,261 [INFO] TC_ID-262 - PreCondition: PC_ID-030  Testcase:S_W_Version_Dataidentifier_F1_DD_Read(Extendedsession): Sending request 22F1DD
2026-08-04 16:06:16,262 [DEBUG] Sending 3 bytes : [22f1dd]
2026-08-04 16:06:16,262 [DEBUG] Enqueuing a SendRequest for 3 bytes and TAT=Physical
2026-08-04 16:06:16,263 [DEBUG] Tx: <7A6> (08) [ ]	 0322f1dd00000000
2026-08-04 16:06:16,264 [DEBUG] We've been asked to write a message to the bus
2026-08-04 16:06:16,264 [DEBUG] sending: Timestamp:        0.000000    ID:      7a6    S Rx       BS       DL:  8    03 22 f1 dd 00 00 00 00
2026-08-04 16:06:16,277 [DEBUG] We've been asked to write a message to the bus
2026-08-04 16:06:16,284 [DEBUG] sending: Timestamp:        0.000000    ID:      7a6    S Rx       BS       DL:  8    30 08 0a 00 00 00 00 00
2026-08-04 16:06:16,287 [DEBUG] Rx: <7AE> (08) [p]	 101062f1dd313030
2026-08-04 16:06:16,289 [DEBUG] Tx: <7A6> (08) [ ]	 30080a0000000000
2026-08-04 16:06:16,291 [DEBUG] We've been asked to write a message to the bus
2026-08-04 16:06:16,292 [DEBUG] sending: Timestamp:        0.000000    ID:      7a6    S Rx       BS       DL:  8    30 08 0a 00 00 00 00 00
2026-08-04 16:06:16,294 [DEBUG] TxState=IDLE - RxState=WAIT_CF
2026-08-04 16:06:16,308 [DEBUG] Rx: <7AE> (08) [p]	 2130300000000000
2026-08-04 16:06:16,327 [DEBUG] Rx: <7AE> (08) [p]	 22000000aaaaaaaa
2026-08-04 16:06:16,376 [INFO] TC_ID-262 - Received: 62F1DD31303030300000000000000000
2026-08-04 16:06:16,377 [WARNING] TC_ID-262 - PreCondition: PC_ID-030  Testcase:S_W_Version_Dataidentifier_F1_DD_Read(Extendedsession) -> ❌ FAIL - Expected 101062F1DD31303030300000000000000000AAAAAAAA
2026-08-04 16:06:16,378 [DEBUG] Stopping CanStack
2026-08-04 16:06:16,379 [DEBUG] TxState=IDLE - RxState=IDLE
2026-08-04 16:06:16,380 [DEBUG] Main thread is exiting
2026-08-04 16:06:16,428 [DEBUG] CanStack Stopped
2026-08-04 16:06:16,429 [INFO] Connection closed
2026-08-04 16:06:16,430 [INFO] Running Test Case: TC_ID-263
2026-08-04 16:06:16,430 [DEBUG] Starting CanStack
2026-08-04 16:06:16,432 [DEBUG] Main thread has started
2026-08-04 16:06:16,434 [DEBUG] Relay thread has started
2026-08-04 16:06:16,437 [INFO] Connection opened
2026-08-04 16:06:16,438 [INFO] Switched to physical mode for TC: TC_ID-263 Step: PreCondition: PC_ID-030  Testcase:SystemNameOrEngineTypeDataIdentifier_Read(Extendedsession)
2026-08-04 16:06:16,438 [INFO] TC_ID-263 - PreCondition: PC_ID-030  Testcase:SystemNameOrEngineTypeDataIdentifier_Read(Extendedsession): SID=0x22, Sub=0xF197, Expected=[7, 98, 241, 151, 77, 70, 83, 87]
2026-08-04 16:06:16,506 [INFO] TC_ID-263 - PreCondition: PC_ID-030  Testcase:SystemNameOrEngineTypeDataIdentifier_Read(Extendedsession): Sending request 22F197
2026-08-04 16:06:16,509 [INFO] TC_ID-263 - PreCondition: PC_ID-030  Testcase:SystemNameOrEngineTypeDataIdentifier_Read(Extendedsession): Sending request 22F197
2026-08-04 16:06:16,510 [DEBUG] Sending 3 bytes : [22f197]
2026-08-04 16:06:16,512 [DEBUG] Enqueuing a SendRequest for 3 bytes and TAT=Physical
2026-08-04 16:06:16,514 [DEBUG] Tx: <7A6> (08) [ ]	 0322f19700000000
2026-08-04 16:06:16,515 [DEBUG] We've been asked to write a message to the bus
2026-08-04 16:06:16,515 [DEBUG] sending: Timestamp:        0.000000    ID:      7a6    S Rx       BS       DL:  8    03 22 f1 97 00 00 00 00
2026-08-04 16:06:16,528 [DEBUG] Rx: <7AE> (08) [p]	 0762f1974d465357
2026-08-04 16:06:16,578 [INFO] TC_ID-263 - Received: 62F1974D465357
2026-08-04 16:06:16,581 [WARNING] TC_ID-263 - PreCondition: PC_ID-030  Testcase:SystemNameOrEngineTypeDataIdentifier_Read(Extendedsession) -> ❌ FAIL - Expected 0762F1974D465357
2026-08-04 16:06:16,585 [DEBUG] Stopping CanStack
2026-08-04 16:06:16,590 [DEBUG] Main thread is exiting
2026-08-04 16:06:16,631 [DEBUG] CanStack Stopped
2026-08-04 16:06:16,632 [INFO] Connection closed
2026-08-04 16:06:16,633 [INFO] Running Test Case: TC_ID-264
2026-08-04 16:06:16,633 [DEBUG] Starting CanStack
2026-08-04 16:06:16,635 [DEBUG] Main thread has started
2026-08-04 16:06:16,636 [DEBUG] Relay thread has started
2026-08-04 16:06:16,638 [INFO] Connection opened
2026-08-04 16:06:16,639 [INFO] Switched to physical mode for TC: TC_ID-264 Step: sub function not correct(invalid identifier))(22 F1 FF)
2026-08-04 16:06:16,640 [INFO] TC_ID-264 - sub function not correct(invalid identifier))(22 F1 FF): SID=0x22, Sub=0xF1FF, Expected=[3, 127, 34, 18, 170, 170, 170, 170]
2026-08-04 16:06:16,700 [INFO] TC_ID-264 - sub function not correct(invalid identifier))(22 F1 FF): Sending request 22F1FF
2026-08-04 16:06:16,701 [INFO] TC_ID-264 - sub function not correct(invalid identifier))(22 F1 FF): Sending request 22F1FF
2026-08-04 16:06:16,701 [DEBUG] Sending 3 bytes : [22f1ff]
2026-08-04 16:06:16,702 [DEBUG] Enqueuing a SendRequest for 3 bytes and TAT=Physical
2026-08-04 16:06:16,704 [DEBUG] Tx: <7A6> (08) [ ]	 0322f1ff00000000
2026-08-04 16:06:16,705 [DEBUG] We've been asked to write a message to the bus
2026-08-04 16:06:16,706 [DEBUG] sending: Timestamp:        0.000000    ID:      7a6    S Rx       BS       DL:  8    03 22 f1 ff 00 00 00 00
2026-08-04 16:06:16,723 [DEBUG] Rx: <7AE> (08) [p]	 037f2212aaaaaaaa
2026-08-04 16:06:16,771 [INFO] TC_ID-264 - Received: 7F2212
2026-08-04 16:06:16,772 [WARNING] TC_ID-264 - sub function not correct(invalid identifier))(22 F1 FF) -> ❌ FAIL - Expected 037F2212AAAAAAAA
2026-08-04 16:06:16,774 [DEBUG] Stopping CanStack
2026-08-04 16:06:16,776 [DEBUG] Main thread is exiting
2026-08-04 16:06:16,825 [DEBUG] CanStack Stopped
2026-08-04 16:06:16,827 [INFO] Connection closed
2026-08-04 16:06:16,829 [INFO] Running Test Case: TC_ID-268
2026-08-04 16:06:16,833 [DEBUG] Starting CanStack
2026-08-04 16:06:16,840 [DEBUG] Main thread has started
2026-08-04 16:06:16,842 [DEBUG] Relay thread has started
2026-08-04 16:06:16,844 [INFO] Connection opened
2026-08-04 16:06:16,845 [INFO] Switched to physical mode for TC: TC_ID-268 Step: PreCondition: PC_ID-030  Testcase:Incorrect message length(22)
2026-08-04 16:06:16,845 [INFO] TC_ID-268 - PreCondition: PC_ID-030  Testcase:Incorrect message length(22): SID=0x22, Sub=, Expected=[3, 127, 34, 19, 170, 170, 170, 170]
2026-08-04 16:06:16,909 [WARNING] TC_ID-268 - Subfunction empty: Sending only service byte
2026-08-04 16:06:16,910 [INFO] TC_ID-268 - PreCondition: PC_ID-030  Testcase:Incorrect message length(22): Sending request 22
2026-08-04 16:06:16,911 [INFO] TC_ID-268 - PreCondition: PC_ID-030  Testcase:Incorrect message length(22): Sending request 22
2026-08-04 16:06:16,911 [DEBUG] Sending 1 bytes : [22]
2026-08-04 16:06:16,912 [DEBUG] Enqueuing a SendRequest for 1 bytes and TAT=Physical
2026-08-04 16:06:16,913 [DEBUG] Tx: <7A6> (08) [ ]	 0122000000000000
2026-08-04 16:06:16,914 [DEBUG] We've been asked to write a message to the bus
2026-08-04 16:06:16,914 [DEBUG] sending: Timestamp:        0.000000    ID:      7a6    S Rx       BS       DL:  8    01 22 00 00 00 00 00 00
2026-08-04 16:06:16,935 [DEBUG] Rx: <7AE> (08) [p]	 037f2213aaaaaaaa
2026-08-04 16:06:16,980 [INFO] TC_ID-268 - Received: 7F2213
2026-08-04 16:06:16,984 [WARNING] TC_ID-268 - PreCondition: PC_ID-030  Testcase:Incorrect message length(22) -> ❌ FAIL - Expected 037F2213AAAAAAAA
2026-08-04 16:06:16,985 [DEBUG] Stopping CanStack
2026-08-04 16:06:16,986 [DEBUG] Main thread is exiting
2026-08-04 16:06:17,033 [DEBUG] CanStack Stopped
2026-08-04 16:06:17,034 [INFO] Connection closed
2026-08-04 16:06:17,036 [INFO] Running Test Case: TC_ID-269
2026-08-04 16:06:17,037 [DEBUG] Starting CanStack
2026-08-04 16:06:17,039 [DEBUG] Main thread has started
2026-08-04 16:06:17,040 [DEBUG] Relay thread has started
2026-08-04 16:06:17,042 [INFO] Connection opened
2026-08-04 16:06:17,043 [INFO] Switched to physical mode for TC: TC_ID-269 Step: PreCondition: PC_ID-030  Testcase:Request out of range(22D100)
2026-08-04 16:06:17,044 [INFO] TC_ID-269 - PreCondition: PC_ID-030  Testcase:Request out of range(22D100): SID=0x22, Sub=0xD100, Expected=[3, 127, 34, 49, 170, 170, 170, 170]
2026-08-04 16:06:17,106 [INFO] TC_ID-269 - PreCondition: PC_ID-030  Testcase:Request out of range(22D100): Sending request 22D100
2026-08-04 16:06:17,107 [INFO] TC_ID-269 - PreCondition: PC_ID-030  Testcase:Request out of range(22D100): Sending request 22D100
2026-08-04 16:06:17,108 [DEBUG] Sending 3 bytes : [22d100]
2026-08-04 16:06:17,109 [DEBUG] Enqueuing a SendRequest for 3 bytes and TAT=Physical
2026-08-04 16:06:17,110 [DEBUG] Tx: <7A6> (08) [ ]	 0322d10000000000
2026-08-04 16:06:17,111 [DEBUG] We've been asked to write a message to the bus
2026-08-04 16:06:17,112 [DEBUG] sending: Timestamp:        0.000000    ID:      7a6    S Rx       BS       DL:  8    03 22 d1 00 00 00 00 00
2026-08-04 16:06:17,128 [DEBUG] Rx: <7AE> (08) [p]	 037f2231aaaaaaaa
2026-08-04 16:06:17,177 [INFO] TC_ID-269 - Received: 7F2231
2026-08-04 16:06:17,179 [WARNING] TC_ID-269 - PreCondition: PC_ID-030  Testcase:Request out of range(22D100) -> ❌ FAIL - Expected 037F2231AAAAAAAA
2026-08-04 16:06:17,179 [DEBUG] Stopping CanStack
2026-08-04 16:06:17,181 [DEBUG] Main thread is exiting
2026-08-04 16:06:17,229 [DEBUG] CanStack Stopped
2026-08-04 16:06:17,230 [INFO] Connection closed
2026-08-04 16:06:17,230 [INFO] Running Test Case: TC_ID-270
2026-08-04 16:06:17,231 [DEBUG] Starting CanStack
2026-08-04 16:06:17,232 [DEBUG] Main thread has started
2026-08-04 16:06:17,233 [DEBUG] Relay thread has started
2026-08-04 16:06:17,234 [INFO] Connection opened
2026-08-04 16:06:17,235 [INFO] Switched to physical mode for TC: TC_ID-270 Step: PreCondition: PC_ID-030  Testcase:Request out of range(2250DD)
2026-08-04 16:06:17,235 [INFO] TC_ID-270 - PreCondition: PC_ID-030  Testcase:Request out of range(2250DD): SID=0x22, Sub=0x50DD, Expected=[3, 127, 34, 49, 170, 170, 170, 170]
2026-08-04 16:06:17,294 [INFO] TC_ID-270 - PreCondition: PC_ID-030  Testcase:Request out of range(2250DD): Sending request 2250DD
2026-08-04 16:06:17,295 [INFO] TC_ID-270 - PreCondition: PC_ID-030  Testcase:Request out of range(2250DD): Sending request 2250DD
2026-08-04 16:06:17,296 [DEBUG] Sending 3 bytes : [2250dd]
2026-08-04 16:06:17,296 [DEBUG] Enqueuing a SendRequest for 3 bytes and TAT=Physical
2026-08-04 16:06:17,298 [DEBUG] Tx: <7A6> (08) [ ]	 032250dd00000000
2026-08-04 16:06:17,298 [DEBUG] We've been asked to write a message to the bus
2026-08-04 16:06:17,299 [DEBUG] sending: Timestamp:        0.000000    ID:      7a6    S Rx       BS       DL:  8    03 22 50 dd 00 00 00 00
2026-08-04 16:06:17,309 [DEBUG] Rx: <7AE> (08) [p]	 037f2231aaaaaaaa
2026-08-04 16:06:17,357 [INFO] TC_ID-270 - Received: 7F2231
2026-08-04 16:06:17,358 [WARNING] TC_ID-270 - PreCondition: PC_ID-030  Testcase:Request out of range(2250DD) -> ❌ FAIL - Expected 037F2231AAAAAAAA
2026-08-04 16:06:17,359 [DEBUG] Stopping CanStack
2026-08-04 16:06:17,361 [DEBUG] Main thread is exiting
2026-08-04 16:06:17,409 [DEBUG] CanStack Stopped
2026-08-04 16:06:17,410 [INFO] Connection closed
2026-08-04 16:06:17,411 [INFO] Running Test Case: PC_ID-031
2026-08-04 16:06:17,411 [DEBUG] Starting CanStack
2026-08-04 16:06:17,413 [DEBUG] Main thread has started
2026-08-04 16:06:17,414 [DEBUG] Relay thread has started
2026-08-04 16:06:17,414 [INFO] Connection opened
2026-08-04 16:06:17,415 [INFO] Switched to physical mode for TC: PC_ID-031 Step: Start programming session
2026-08-04 16:06:17,416 [INFO] PC_ID-031 - Start programming session: SID=0x10, Sub=0x02, Expected=[6, 80, 2, 0, 50, 0, 200, 0]
2026-08-04 16:06:17,468 [INFO] PC_ID-031 - Start programming session: Sending 1002
2026-08-04 16:06:17,516 [INFO] PC_ID-031 - Start programming session: Sending request 1002
2026-08-04 16:06:17,517 [DEBUG] Sending 2 bytes : [1002]
2026-08-04 16:06:17,518 [DEBUG] Enqueuing a SendRequest for 2 bytes and TAT=Physical
2026-08-04 16:06:17,519 [DEBUG] Tx: <7A6> (08) [ ]	 0210020000000000
2026-08-04 16:06:17,519 [DEBUG] We've been asked to write a message to the bus
2026-08-04 16:06:17,520 [DEBUG] sending: Timestamp:        0.000000    ID:      7a6    S Rx       BS       DL:  8    02 10 02 00 00 00 00 00
2026-08-04 16:06:17,557 [INFO] PC_ID-031 - Received: 5002003200C8
2026-08-04 16:06:17,559 [DEBUG] Rx: <7AE> (08) [p]	 065002003200c800
2026-08-04 16:06:17,560 [WARNING] PC_ID-031 - Start programming session -> FAIL - Unexpected response
2026-08-04 16:06:17,561 [DEBUG] Stopping CanStack
2026-08-04 16:06:17,562 [DEBUG] Main thread is exiting
2026-08-04 16:06:17,610 [DEBUG] CanStack Stopped
2026-08-04 16:06:17,611 [INFO] Connection closed
2026-08-04 16:06:17,612 [INFO] Running Test Case: TC_ID-271
2026-08-04 16:06:17,613 [DEBUG] Starting CanStack
2026-08-04 16:06:17,614 [DEBUG] Main thread has started
2026-08-04 16:06:17,616 [DEBUG] Relay thread has started
2026-08-04 16:06:17,618 [INFO] Connection opened
2026-08-04 16:06:17,620 [INFO] Switched to physical mode for TC: TC_ID-271 Step: PreCondition: PC_ID-031  Testcase:Read DTC with Programming session(19 02)
2026-08-04 16:06:17,621 [INFO] TC_ID-271 - PreCondition: PC_ID-031  Testcase:Read DTC with Programming session(19 02): SID=0x19, Sub=0x02, Expected=[3, 89, 2, 8, 170, 170, 170, 170]
2026-08-04 16:06:17,688 [INFO] TC_ID-271 - PreCondition: PC_ID-031  Testcase:Read DTC with Programming session(19 02): Sending 190208
2026-08-04 16:06:17,689 [INFO] TC_ID-271 - PreCondition: PC_ID-031  Testcase:Read DTC with Programming session(19 02): Sending request 190208
2026-08-04 16:06:17,689 [DEBUG] Sending 3 bytes : [190208]
2026-08-04 16:06:17,690 [DEBUG] Enqueuing a SendRequest for 3 bytes and TAT=Physical
2026-08-04 16:06:17,691 [DEBUG] Tx: <7A6> (08) [ ]	 0319020800000000
2026-08-04 16:06:17,692 [DEBUG] We've been asked to write a message to the bus
2026-08-04 16:06:17,692 [DEBUG] sending: Timestamp:        0.000000    ID:      7a6    S Rx       BS       DL:  8    03 19 02 08 00 00 00 00
2026-08-04 16:06:17,841 [INFO] TC_ID-271 PreCondition: PC_ID-031  Testcase:Read DTC with Programming session(19 02) -> Waiting for response (P2=0.15s, P2*=5.0s)
2026-08-04 16:06:17,992 [DEBUG] No data received: [TimeoutException] - Did not receive IsoTP frame from the Transport layer in time (timeout=0.15 sec) 
2026-08-04 16:06:18,043 [WARNING] TC_ID-271 - No response received
2026-08-04 16:06:18,044 [DEBUG] Stopping CanStack
2026-08-04 16:06:18,045 [DEBUG] Main thread is exiting
2026-08-04 16:06:18,074 [DEBUG] CanStack Stopped
2026-08-04 16:06:18,078 [INFO] Connection closed
2026-08-04 16:06:18,080 [INFO] Running Test Case: TC_ID-272
2026-08-04 16:06:18,081 [DEBUG] Starting CanStack
2026-08-04 16:06:18,082 [DEBUG] Main thread has started
2026-08-04 16:06:18,083 [DEBUG] Relay thread has started
2026-08-04 16:06:18,085 [INFO] Connection opened
2026-08-04 16:06:18,085 [INFO] Switched to physical mode for TC: TC_ID-272 Step: PreCondition: PC_ID-031  Testcase:Fault memory clear Extended session(14 FFFFFF)
2026-08-04 16:06:18,086 [INFO] TC_ID-272 - PreCondition: PC_ID-031  Testcase:Fault memory clear Extended session(14 FFFFFF): SID=0x14, Sub=0xFFFFFF, Expected=[1, 84, 170, 170, 170, 170, 170, 170]
2026-08-04 16:06:18,148 [INFO] TC_ID-272 - PreCondition: PC_ID-031  Testcase:Fault memory clear Extended session(14 FFFFFF): Sending 14FFFFFF
2026-08-04 16:06:18,149 [INFO] TC_ID-272 - PreCondition: PC_ID-031  Testcase:Fault memory clear Extended session(14 FFFFFF): Sending request 14FFFFFF
2026-08-04 16:06:18,149 [DEBUG] Sending 4 bytes : [14ffffff]
2026-08-04 16:06:18,151 [DEBUG] Enqueuing a SendRequest for 4 bytes and TAT=Physical
2026-08-04 16:06:18,153 [DEBUG] Tx: <7A6> (08) [ ]	 0414ffffff000000
2026-08-04 16:06:18,154 [DEBUG] We've been asked to write a message to the bus
2026-08-04 16:06:18,155 [DEBUG] sending: Timestamp:        0.000000    ID:      7a6    S Rx       BS       DL:  8    04 14 ff ff ff 00 00 00
2026-08-04 16:06:18,303 [INFO] TC_ID-272 PreCondition: PC_ID-031  Testcase:Fault memory clear Extended session(14 FFFFFF) -> Waiting for response (P2=0.15s, P2*=5.0s)
2026-08-04 16:06:18,454 [DEBUG] No data received: [TimeoutException] - Did not receive IsoTP frame from the Transport layer in time (timeout=0.15 sec) 
2026-08-04 16:06:18,505 [WARNING] TC_ID-272 - No response received
2026-08-04 16:06:18,506 [DEBUG] Stopping CanStack
2026-08-04 16:06:18,506 [DEBUG] Main thread is exiting
2026-08-04 16:06:18,538 [DEBUG] CanStack Stopped
2026-08-04 16:06:18,539 [INFO] Connection closed
2026-08-04 16:06:18,540 [INFO] Running Test Case: TC_ID-273
2026-08-04 16:06:18,542 [DEBUG] Starting CanStack
2026-08-04 16:06:18,544 [DEBUG] Main thread has started
2026-08-04 16:06:18,545 [DEBUG] Relay thread has started
2026-08-04 16:06:18,547 [INFO] Connection opened
2026-08-04 16:06:18,548 [INFO] Switched to physical mode for TC: TC_ID-273 Step: PreCondition: PC_ID-031  Testcase:Start default session(10 01)
2026-08-04 16:06:18,549 [INFO] TC_ID-273 - PreCondition: PC_ID-031  Testcase:Start default session(10 01): SID=0x10, Sub=0x01, Expected=[6, 80, 1, 0, 50, 1, 244, 170]
2026-08-04 16:06:18,610 [INFO] TC_ID-273 - PreCondition: PC_ID-031  Testcase:Start default session(10 01): Sending 1001
2026-08-04 16:06:18,655 [INFO] TC_ID-273 - PreCondition: PC_ID-031  Testcase:Start default session(10 01): Sending request 1001
2026-08-04 16:06:18,657 [DEBUG] Sending 2 bytes : [1001]
2026-08-04 16:06:18,658 [DEBUG] Enqueuing a SendRequest for 2 bytes and TAT=Physical
2026-08-04 16:06:18,659 [DEBUG] Tx: <7A6> (08) [ ]	 0210010000000000
2026-08-04 16:06:18,660 [DEBUG] We've been asked to write a message to the bus
2026-08-04 16:06:18,661 [DEBUG] sending: Timestamp:        0.000000    ID:      7a6    S Rx       BS       DL:  8    02 10 01 00 00 00 00 00
2026-08-04 16:06:18,667 [WARNING] TC_ID-273 - No response received
2026-08-04 16:06:18,720 [DEBUG] Stopping CanStack
2026-08-04 16:06:18,721 [DEBUG] Main thread is exiting
2026-08-04 16:06:18,745 [DEBUG] CanStack Stopped
2026-08-04 16:06:18,749 [INFO] Connection closed
2026-08-04 16:06:18,753 [INFO] Running Test Case: TC_ID-274
2026-08-04 16:06:18,754 [DEBUG] Starting CanStack
2026-08-04 16:06:18,755 [DEBUG] Main thread has started
2026-08-04 16:06:18,757 [DEBUG] Relay thread has started
2026-08-04 16:06:18,759 [INFO] Connection opened
2026-08-04 16:06:18,760 [INFO] Switched to physical mode for TC: TC_ID-274 Step: PreCondition: PC_ID-031  Testcase:Start programming session(10 02)
2026-08-04 16:06:18,761 [INFO] TC_ID-274 - PreCondition: PC_ID-031  Testcase:Start programming session(10 02): SID=0x10, Sub=0x02, Expected=[6, 80, 2, 0, 50, 0, 200, 0]
2026-08-04 16:06:18,822 [INFO] TC_ID-274 - PreCondition: PC_ID-031  Testcase:Start programming session(10 02): Sending 1002
2026-08-04 16:06:18,871 [INFO] TC_ID-274 - PreCondition: PC_ID-031  Testcase:Start programming session(10 02): Sending request 1002
2026-08-04 16:06:18,875 [DEBUG] Sending 2 bytes : [1002]
2026-08-04 16:06:18,878 [DEBUG] Enqueuing a SendRequest for 2 bytes and TAT=Physical
2026-08-04 16:06:18,879 [DEBUG] Tx: <7A6> (08) [ ]	 0210020000000000
2026-08-04 16:06:18,880 [DEBUG] We've been asked to write a message to the bus
2026-08-04 16:06:18,881 [DEBUG] sending: Timestamp:        0.000000    ID:      7a6    S Rx       BS       DL:  8    02 10 02 00 00 00 00 00
2026-08-04 16:06:18,920 [INFO] TC_ID-274 - Received: 5002003200C8
2026-08-04 16:06:18,922 [WARNING] TC_ID-274 - PreCondition: PC_ID-031  Testcase:Start programming session(10 02) -> FAIL - Unexpected response
2026-08-04 16:06:18,924 [DEBUG] Stopping CanStack
2026-08-04 16:06:18,925 [DEBUG] Main thread is exiting
2026-08-04 16:06:18,927 [DEBUG] CanStack Stopped
2026-08-04 16:06:18,928 [INFO] Connection closed
2026-08-04 16:06:18,929 [INFO] Running Test Case: TC_ID-275
2026-08-04 16:06:18,930 [DEBUG] Starting CanStack
2026-08-04 16:06:18,933 [DEBUG] Main thread has started
2026-08-04 16:06:18,934 [DEBUG] Relay thread has started
2026-08-04 16:06:18,937 [INFO] Connection opened
2026-08-04 16:06:18,938 [INFO] Switched to physical mode for TC: TC_ID-275 Step: PreCondition: PC_ID-031  Testcase:Start Extended session(10 03)
2026-08-04 16:06:18,939 [INFO] TC_ID-275 - PreCondition: PC_ID-031  Testcase:Start Extended session(10 03): SID=0x10, Sub=0x03, Expected=[3, 127, 34, 126, 170, 170, 170, 170]
2026-08-04 16:06:19,009 [INFO] TC_ID-275 - PreCondition: PC_ID-031  Testcase:Start Extended session(10 03): Sending 1003
2026-08-04 16:06:19,054 [INFO] TC_ID-275 - PreCondition: PC_ID-031  Testcase:Start Extended session(10 03): Sending request 1003
2026-08-04 16:06:19,055 [DEBUG] Sending 2 bytes : [1003]
2026-08-04 16:06:19,056 [DEBUG] Enqueuing a SendRequest for 2 bytes and TAT=Physical
2026-08-04 16:06:19,057 [DEBUG] Tx: <7A6> (08) [ ]	 0210030000000000
2026-08-04 16:06:19,058 [DEBUG] We've been asked to write a message to the bus
2026-08-04 16:06:19,058 [DEBUG] sending: Timestamp:        0.000000    ID:      7a6    S Rx       BS       DL:  8    02 10 03 00 00 00 00 00
2026-08-04 16:06:19,070 [INFO] TC_ID-275 - Received: 5003003200C8
2026-08-04 16:06:19,070 [DEBUG] Rx: <7AE> (08) [p]	 065003003200c800
2026-08-04 16:06:19,071 [WARNING] TC_ID-275 - PreCondition: PC_ID-031  Testcase:Start Extended session(10 03) -> FAIL - Unexpected response
2026-08-04 16:06:19,072 [DEBUG] Stopping CanStack
2026-08-04 16:06:19,073 [DEBUG] Main thread is exiting
2026-08-04 16:06:19,121 [DEBUG] CanStack Stopped
2026-08-04 16:06:19,125 [INFO] Connection closed
2026-08-04 16:06:19,129 [INFO] Running Test Case: TC_ID-276
2026-08-04 16:06:19,131 [DEBUG] Starting CanStack
2026-08-04 16:06:19,132 [DEBUG] Main thread has started
2026-08-04 16:06:19,134 [DEBUG] Relay thread has started
2026-08-04 16:06:19,136 [INFO] Connection opened
2026-08-04 16:06:19,137 [INFO] Switched to physical mode for TC: TC_ID-276 Step: PreCondition: PC_ID-031  Testcase:Start programming session(10 02)
2026-08-04 16:06:19,137 [INFO] TC_ID-276 - PreCondition: PC_ID-031  Testcase:Start programming session(10 02): SID=0x10, Sub=0x02, Expected=[6, 80, 2, 0, 50, 0, 200, 0]
2026-08-04 16:06:19,199 [INFO] TC_ID-276 - PreCondition: PC_ID-031  Testcase:Start programming session(10 02): Sending 1002
2026-08-04 16:06:19,248 [INFO] TC_ID-276 - PreCondition: PC_ID-031  Testcase:Start programming session(10 02): Sending request 1002
2026-08-04 16:06:19,249 [DEBUG] Sending 2 bytes : [1002]
2026-08-04 16:06:19,250 [DEBUG] Enqueuing a SendRequest for 2 bytes and TAT=Physical
2026-08-04 16:06:19,251 [DEBUG] Tx: <7A6> (08) [ ]	 0210020000000000
2026-08-04 16:06:19,251 [DEBUG] We've been asked to write a message to the bus
2026-08-04 16:06:19,252 [DEBUG] sending: Timestamp:        0.000000    ID:      7a6    S Rx       BS       DL:  8    02 10 02 00 00 00 00 00
2026-08-04 16:06:19,261 [DEBUG] Rx: <7AE> (08) [p]	 065002003200c800
2026-08-04 16:06:19,262 [INFO] TC_ID-276 - Received: 5002003200C8
2026-08-04 16:06:19,265 [WARNING] TC_ID-276 - PreCondition: PC_ID-031  Testcase:Start programming session(10 02) -> FAIL - Unexpected response
2026-08-04 16:06:19,267 [DEBUG] Stopping CanStack
2026-08-04 16:06:19,271 [DEBUG] Main thread is exiting
2026-08-04 16:06:19,312 [DEBUG] CanStack Stopped
2026-08-04 16:06:19,313 [INFO] Connection closed
2026-08-04 16:06:19,314 [INFO] Running Test Case: TC_ID-277
2026-08-04 16:06:19,314 [DEBUG] Starting CanStack
2026-08-04 16:06:19,316 [DEBUG] Main thread has started
2026-08-04 16:06:19,317 [DEBUG] Relay thread has started
2026-08-04 16:06:19,319 [INFO] Connection opened
2026-08-04 16:06:19,320 [INFO] Switched to physical mode for TC: TC_ID-277 Step: PreCondition: PC_ID-031  Testcase:Start default session(10 01)
2026-08-04 16:06:19,321 [INFO] TC_ID-277 - PreCondition: PC_ID-031  Testcase:Start default session(10 01): SID=0x10, Sub=0x01, Expected=[6, 80, 1, 0, 50, 1, 244, 170]
2026-08-04 16:06:19,398 [INFO] TC_ID-277 - PreCondition: PC_ID-031  Testcase:Start default session(10 01): Sending 1001
2026-08-04 16:06:19,448 [INFO] TC_ID-277 - PreCondition: PC_ID-031  Testcase:Start default session(10 01): Sending request 1001
2026-08-04 16:06:19,452 [DEBUG] Sending 2 bytes : [1001]
2026-08-04 16:06:19,455 [DEBUG] Enqueuing a SendRequest for 2 bytes and TAT=Physical
2026-08-04 16:06:19,457 [DEBUG] Tx: <7A6> (08) [ ]	 0210010000000000
2026-08-04 16:06:19,457 [DEBUG] We've been asked to write a message to the bus
2026-08-04 16:06:19,458 [DEBUG] sending: Timestamp:        0.000000    ID:      7a6    S Rx       BS       DL:  8    02 10 01 00 00 00 00 00
2026-08-04 16:06:19,470 [WARNING] TC_ID-277 - No response received
2026-08-04 16:06:19,522 [DEBUG] Stopping CanStack
2026-08-04 16:06:19,525 [DEBUG] Main thread is exiting
2026-08-04 16:06:19,575 [DEBUG] CanStack Stopped
2026-08-04 16:06:19,576 [INFO] Connection closed
2026-08-04 16:06:19,576 [INFO] Running Test Case: TC_ID-278
2026-08-04 16:06:19,577 [DEBUG] Starting CanStack
2026-08-04 16:06:19,578 [DEBUG] Main thread has started
2026-08-04 16:06:19,579 [DEBUG] Relay thread has started
2026-08-04 16:06:19,580 [INFO] Connection opened
2026-08-04 16:06:19,581 [INFO] Switched to physical mode for TC: TC_ID-278 Step: PreCondition: PC_ID-031  Testcase:Start Extended session(10 03)
2026-08-04 16:06:19,581 [INFO] TC_ID-278 - PreCondition: PC_ID-031  Testcase:Start Extended session(10 03): SID=0x10, Sub=0x03, Expected=[6, 80, 3, 0, 50, 1, 244, 170]
2026-08-04 16:06:19,641 [INFO] TC_ID-278 - PreCondition: PC_ID-031  Testcase:Start Extended session(10 03): Sending 1003
2026-08-04 16:06:19,691 [INFO] TC_ID-278 - PreCondition: PC_ID-031  Testcase:Start Extended session(10 03): Sending request 1003
2026-08-04 16:06:19,695 [DEBUG] Sending 2 bytes : [1003]
2026-08-04 16:06:19,699 [DEBUG] Enqueuing a SendRequest for 2 bytes and TAT=Physical
2026-08-04 16:06:19,700 [DEBUG] Tx: <7A6> (08) [ ]	 0210030000000000
2026-08-04 16:06:19,701 [DEBUG] We've been asked to write a message to the bus
2026-08-04 16:06:19,702 [DEBUG] sending: Timestamp:        0.000000    ID:      7a6    S Rx       BS       DL:  8    02 10 03 00 00 00 00 00
2026-08-04 16:06:19,714 [DEBUG] Rx: <7AE> (08) [p]	 065003003201f4aa
2026-08-04 16:06:19,715 [INFO] TC_ID-278 - Received: 5003003201F4
2026-08-04 16:06:19,717 [WARNING] TC_ID-278 - PreCondition: PC_ID-031  Testcase:Start Extended session(10 03) -> FAIL - Unexpected response
2026-08-04 16:06:19,718 [DEBUG] Stopping CanStack
2026-08-04 16:06:19,720 [DEBUG] Main thread is exiting
2026-08-04 16:06:19,766 [DEBUG] CanStack Stopped
2026-08-04 16:06:19,769 [INFO] Connection closed
2026-08-04 16:06:19,770 [INFO] Running Test Case: PC_ID-032
2026-08-04 16:06:19,770 [DEBUG] Starting CanStack
2026-08-04 16:06:19,772 [DEBUG] Main thread has started
2026-08-04 16:06:19,773 [DEBUG] Relay thread has started
2026-08-04 16:06:19,774 [INFO] Connection opened
2026-08-04 16:06:19,776 [INFO] Switched to physical mode for TC: PC_ID-032 Step: Start default session
2026-08-04 16:06:19,777 [INFO] PC_ID-032 - Start default session: SID=0x10, Sub=0x01, Expected=[6, 80, 1, 0, 50, 1, 244, 170]
2026-08-04 16:06:19,831 [INFO] PC_ID-032 - Start default session: Sending 1001
2026-08-04 16:06:19,876 [INFO] PC_ID-032 - Start default session: Sending request 1001
2026-08-04 16:06:19,877 [DEBUG] Sending 2 bytes : [1001]
2026-08-04 16:06:19,878 [DEBUG] Enqueuing a SendRequest for 2 bytes and TAT=Physical
2026-08-04 16:06:19,880 [DEBUG] Tx: <7A6> (08) [ ]	 0210010000000000
2026-08-04 16:06:19,881 [DEBUG] We've been asked to write a message to the bus
2026-08-04 16:06:19,882 [DEBUG] sending: Timestamp:        0.000000    ID:      7a6    S Rx       BS       DL:  8    02 10 01 00 00 00 00 00
2026-08-04 16:06:19,896 [INFO] PC_ID-032 - Received: 5001003201F4
2026-08-04 16:06:19,901 [WARNING] PC_ID-032 - Start default session -> FAIL - Unexpected response
2026-08-04 16:06:19,902 [DEBUG] Rx: <7AE> (08) [p]	 065001003201f4aa
2026-08-04 16:06:19,903 [DEBUG] Stopping CanStack
2026-08-04 16:06:19,905 [DEBUG] Main thread is exiting
2026-08-04 16:06:19,951 [DEBUG] CanStack Stopped
2026-08-04 16:06:19,952 [INFO] Connection closed
2026-08-04 16:06:19,953 [INFO] Running Test Case: TC_ID-279
2026-08-04 16:06:19,953 [DEBUG] Starting CanStack
2026-08-04 16:06:19,954 [DEBUG] Main thread has started
2026-08-04 16:06:19,955 [DEBUG] Relay thread has started
2026-08-04 16:06:19,956 [INFO] Connection opened
2026-08-04 16:06:19,957 [INFO] Switched to physical mode for TC: TC_ID-279 Step: PreCondition: PC_ID-032  Testcase:Service not supported in Active session(27 11)
2026-08-04 16:06:19,957 [INFO] TC_ID-279 - PreCondition: PC_ID-032  Testcase:Service not supported in Active session(27 11): SID=0x27, Sub=0x11, Expected=[3, 127, 39, 127, 170, 170, 170, 170]
2026-08-04 16:06:20,019 [INFO] TC_ID-279 - PreCondition: PC_ID-032  Testcase:Service not supported in Active session(27 11): Sending request 2711
2026-08-04 16:06:20,021 [DEBUG] Sending 2 bytes : [2711]
2026-08-04 16:06:20,022 [DEBUG] Enqueuing a SendRequest for 2 bytes and TAT=Physical
2026-08-04 16:06:20,024 [DEBUG] Tx: <7A6> (08) [ ]	 0227110000000000
2026-08-04 16:06:20,026 [DEBUG] We've been asked to write a message to the bus
2026-08-04 16:06:20,026 [DEBUG] sending: Timestamp:        0.000000    ID:      7a6    S Rx       BS       DL:  8    02 27 11 00 00 00 00 00
2026-08-04 16:06:20,034 [DEBUG] TC_ID-279 PreCondition: PC_ID-032  Testcase:Service not supported in Active session(27 11) -> Received payload: [127, 39, 127]
2026-08-04 16:06:20,042 [INFO] -----------------------------------------------TC_ID-279 PreCondition: PC_ID-032  Testcase:Service not supported in Active session(27 11) -> PASS-----------------------------------------------
2026-08-04 16:06:20,043 [DEBUG] Rx: <7AE> (08) [p]	 037f277faaaaaaaa
2026-08-04 16:06:20,044 [WARNING] TC_ID-279 PreCondition: PC_ID-032  Testcase:Service not supported in Active session(27 11) -> FAIL - NRC (key): [127, 39, 127]
2026-08-04 16:06:20,046 [DEBUG] Stopping CanStack
2026-08-04 16:06:20,047 [DEBUG] Main thread is exiting
2026-08-04 16:06:20,089 [DEBUG] CanStack Stopped
2026-08-04 16:06:20,090 [INFO] Connection closed
2026-08-04 16:06:20,091 [ERROR] ----------------------------------TC_ID-279 PreCondition: PC_ID-032  Testcase:Service not supported in Active session(27 11) -> EXCEPTION - NRC (key): [127, 39, 127]----------------------------------
2026-08-04 16:06:20,092 [INFO] Running Test Case: TC_ID-280
2026-08-04 16:06:20,093 [DEBUG] Starting CanStack
2026-08-04 16:06:20,095 [DEBUG] Main thread has started
2026-08-04 16:06:20,097 [DEBUG] Relay thread has started
2026-08-04 16:06:20,099 [INFO] Connection opened
2026-08-04 16:06:20,100 [INFO] Switched to physical mode for TC: TC_ID-280 Step: PreCondition: PC_ID-032  Testcase:Start Extended session(10 03)
2026-08-04 16:06:20,101 [INFO] TC_ID-280 - PreCondition: PC_ID-032  Testcase:Start Extended session(10 03): SID=0x10, Sub=0x03, Expected=[6, 80, 3, 0, 50, 1, 244, 170]
2026-08-04 16:06:20,164 [INFO] TC_ID-280 - PreCondition: PC_ID-032  Testcase:Start Extended session(10 03): Sending 1003
2026-08-04 16:06:20,216 [INFO] TC_ID-280 - PreCondition: PC_ID-032  Testcase:Start Extended session(10 03): Sending request 1003
2026-08-04 16:06:20,217 [DEBUG] Sending 2 bytes : [1003]
2026-08-04 16:06:20,218 [DEBUG] Enqueuing a SendRequest for 2 bytes and TAT=Physical
2026-08-04 16:06:20,219 [DEBUG] Tx: <7A6> (08) [ ]	 0210030000000000
2026-08-04 16:06:20,219 [DEBUG] We've been asked to write a message to the bus
2026-08-04 16:06:20,220 [DEBUG] sending: Timestamp:        0.000000    ID:      7a6    S Rx       BS       DL:  8    02 10 03 00 00 00 00 00
2026-08-04 16:06:20,233 [INFO] TC_ID-280 - Received: 5003003201F4
2026-08-04 16:06:20,237 [WARNING] TC_ID-280 - PreCondition: PC_ID-032  Testcase:Start Extended session(10 03) -> FAIL - Unexpected response
2026-08-04 16:06:20,239 [DEBUG] Rx: <7AE> (08) [p]	 065003003201f4aa
2026-08-04 16:06:20,243 [DEBUG] Stopping CanStack
2026-08-04 16:06:20,248 [DEBUG] Main thread is exiting
2026-08-04 16:06:20,287 [DEBUG] CanStack Stopped
2026-08-04 16:06:20,288 [INFO] Connection closed
2026-08-04 16:06:20,289 [INFO] Running Test Case: TC_ID-281
2026-08-04 16:06:20,290 [DEBUG] Starting CanStack
2026-08-04 16:06:20,293 [DEBUG] Main thread has started
2026-08-04 16:06:20,295 [DEBUG] Relay thread has started
2026-08-04 16:06:20,296 [INFO] Connection opened
2026-08-04 16:06:20,297 [INFO] Switched to physical mode for TC: TC_ID-281 Step: PreCondition: PC_ID-032  Testcase:sub function not support(27 22)
2026-08-04 16:06:20,298 [INFO] TC_ID-281 - PreCondition: PC_ID-032  Testcase:sub function not support(27 22): SID=0x27, Sub=0x22, Expected=[3, 127, 39, 18, 170, 170, 170, 170]
2026-08-04 16:06:20,361 [INFO] No key available for subfunction 0x22. Ensure seed request precedes key send. aaaaaaa
2026-08-04 16:06:20,362 [INFO] TC_ID-281 - PreCondition: PC_ID-032  Testcase:sub function not support(27 22): Sending request 2722
2026-08-04 16:06:20,363 [DEBUG] Sending 2 bytes : [2722]
2026-08-04 16:06:20,364 [DEBUG] Enqueuing a SendRequest for 2 bytes and TAT=Physical
2026-08-04 16:06:20,366 [DEBUG] Tx: <7A6> (08) [ ]	 0227220000000000
2026-08-04 16:06:20,367 [DEBUG] We've been asked to write a message to the bus
2026-08-04 16:06:20,368 [DEBUG] sending: Timestamp:        0.000000    ID:      7a6    S Rx       BS       DL:  8    02 27 22 00 00 00 00 00
2026-08-04 16:06:20,384 [DEBUG] TC_ID-281 PreCondition: PC_ID-032  Testcase:sub function not support(27 22) -> Received payload: [127, 39, 18]
2026-08-04 16:06:20,385 [DEBUG] Rx: <7AE> (08) [p]	 037f2712aaaaaaaa
2026-08-04 16:06:20,389 [INFO] -----------------------------------------------TC_ID-281 PreCondition: PC_ID-032  Testcase:sub function not support(27 22) -> PASS-----------------------------------------------
2026-08-04 16:06:20,397 [DEBUG] Stopping CanStack
2026-08-04 16:06:20,398 [DEBUG] Main thread is exiting
2026-08-04 16:06:20,434 [DEBUG] CanStack Stopped
2026-08-04 16:06:20,435 [INFO] Connection closed
2026-08-04 16:06:20,435 [INFO] Running Test Case: TC_ID-282
2026-08-04 16:06:20,436 [DEBUG] Starting CanStack
2026-08-04 16:06:20,437 [DEBUG] Main thread has started
2026-08-04 16:06:20,439 [DEBUG] Relay thread has started
2026-08-04 16:06:20,440 [INFO] Connection opened
2026-08-04 16:06:20,441 [INFO] Switched to physical mode for TC: TC_ID-282 Step: PreCondition: PC_ID-032  Testcase:SubFunctionNotSupported(0x12)
2026-08-04 16:06:20,442 [INFO] TC_ID-282 - PreCondition: PC_ID-032  Testcase:SubFunctionNotSupported(0x12): SID=0x27, Sub=, Expected=[3, 127, 39, 18, 170, 170, 170, 170]
2026-08-04 16:06:20,502 [INFO] TC_ID-282 - PreCondition: PC_ID-032  Testcase:SubFunctionNotSupported(0x12): Sending request 27
2026-08-04 16:06:20,503 [DEBUG] Sending 1 bytes : [27]
2026-08-04 16:06:20,504 [DEBUG] Enqueuing a SendRequest for 1 bytes and TAT=Physical
2026-08-04 16:06:20,505 [DEBUG] Tx: <7A6> (08) [ ]	 0127000000000000
2026-08-04 16:06:20,505 [DEBUG] We've been asked to write a message to the bus
2026-08-04 16:06:20,505 [DEBUG] sending: Timestamp:        0.000000    ID:      7a6    S Rx       BS       DL:  8    01 27 00 00 00 00 00 00
2026-08-04 16:06:20,513 [DEBUG] Stopping CanStack
2026-08-04 16:06:20,515 [DEBUG] Rx: <7AE> (08) [p]	 037f2712aaaaaaaa
2026-08-04 16:06:20,517 [DEBUG] Main thread is exiting
2026-08-04 16:06:20,565 [DEBUG] CanStack Stopped
2026-08-04 16:06:20,568 [INFO] Connection closed
2026-08-04 16:06:20,569 [INFO] Running Test Case: TC_ID-283
2026-08-04 16:06:20,569 [DEBUG] Starting CanStack
2026-08-04 16:06:20,571 [DEBUG] Main thread has started
2026-08-04 16:06:20,572 [DEBUG] Relay thread has started
2026-08-04 16:06:20,574 [INFO] Connection opened
2026-08-04 16:06:20,575 [INFO] Switched to physical mode for TC: TC_ID-283 Step: PreCondition: PC_ID-032  Testcase:Seed request in extended session(27 11)
2026-08-04 16:06:20,577 [INFO] TC_ID-283 - PreCondition: PC_ID-032  Testcase:Seed request in extended session(27 11): SID=0x27, Sub=0x11, Expected=[10, 103, 17, 167, 14, 132, 124, 156, 192, 57, 101]
2026-08-04 16:06:20,640 [INFO] TC_ID-283 - PreCondition: PC_ID-032  Testcase:Seed request in extended session(27 11): Sending request 2711
2026-08-04 16:06:20,641 [DEBUG] Sending 2 bytes : [2711]
2026-08-04 16:06:20,642 [DEBUG] Enqueuing a SendRequest for 2 bytes and TAT=Physical
2026-08-04 16:06:20,644 [DEBUG] Tx: <7A6> (08) [ ]	 0227110000000000
2026-08-04 16:06:20,645 [DEBUG] We've been asked to write a message to the bus
2026-08-04 16:06:20,646 [DEBUG] sending: Timestamp:        0.000000    ID:      7a6    S Rx       BS       DL:  8    02 27 11 00 00 00 00 00
2026-08-04 16:06:20,657 [DEBUG] We've been asked to write a message to the bus
2026-08-04 16:06:20,662 [DEBUG] Rx: <7AE> (08) [p]	 100a6711ba4f7d92
2026-08-04 16:06:20,664 [DEBUG] sending: Timestamp:        0.000000    ID:      7a6    S Rx       BS       DL:  8    30 08 0a 00 00 00 00 00
2026-08-04 16:06:20,665 [DEBUG] Tx: <7A6> (08) [ ]	 30080a0000000000
2026-08-04 16:06:20,667 [DEBUG] We've been asked to write a message to the bus
2026-08-04 16:06:20,669 [DEBUG] sending: Timestamp:        0.000000    ID:      7a6    S Rx       BS       DL:  8    30 08 0a 00 00 00 00 00
2026-08-04 16:06:20,671 [DEBUG] TxState=IDLE - RxState=WAIT_CF
2026-08-04 16:06:20,684 [DEBUG] TC_ID-283 PreCondition: PC_ID-032  Testcase:Seed request in extended session(27 11) -> Received payload: [103, 17, 186, 79, 125, 146, 62, 219, 133, 156]
2026-08-04 16:06:20,688 [INFO] -----------------------------------------------TC_ID-283 PreCondition: PC_ID-032  Testcase:Seed request in extended session(27 11) -> PASS-----------------------------------------------
2026-08-04 16:06:20,690 [DEBUG] Rx: <7AE> (08) [p]	 213edb859caaaaaa
2026-08-04 16:06:20,695 [INFO] Received Seed (subfunc 0x11): ba4f7d923edb859c
2026-08-04 16:06:20,750 [DEBUG] TxState=IDLE - RxState=IDLE
2026-08-04 16:06:21,200 [INFO] Attempt 1: Sending seed to PC...
2026-08-04 16:06:21,257 [INFO] Received Key (for subfunc 0x12): b'\xad\x11\x1b&\xb6\x01\xfdR'
2026-08-04 16:06:21,258 [DEBUG] Stopping CanStack
2026-08-04 16:06:21,260 [DEBUG] Main thread is exiting
2026-08-04 16:06:21,293 [DEBUG] CanStack Stopped
2026-08-04 16:06:21,295 [INFO] Connection closed
2026-08-04 16:06:21,296 [INFO] Running Test Case: TC_ID-284
2026-08-04 16:06:21,296 [DEBUG] Starting CanStack
2026-08-04 16:06:21,298 [DEBUG] Main thread has started
2026-08-04 16:06:21,299 [DEBUG] Relay thread has started
2026-08-04 16:06:21,301 [INFO] Connection opened
2026-08-04 16:06:21,302 [INFO] Switched to physical mode for TC: TC_ID-284 Step: PreCondition: PC_ID-032  Testcase:Start default session(10 01)
2026-08-04 16:06:21,302 [INFO] TC_ID-284 - PreCondition: PC_ID-032  Testcase:Start default session(10 01): SID=0x10, Sub=0x01, Expected=[6, 80, 1, 0, 50, 1, 244, 170]
2026-08-04 16:06:21,370 [INFO] TC_ID-284 - PreCondition: PC_ID-032  Testcase:Start default session(10 01): Sending 1001
2026-08-04 16:06:21,422 [INFO] TC_ID-284 - PreCondition: PC_ID-032  Testcase:Start default session(10 01): Sending request 1001
2026-08-04 16:06:21,423 [DEBUG] Sending 2 bytes : [1001]
2026-08-04 16:06:21,424 [DEBUG] Enqueuing a SendRequest for 2 bytes and TAT=Physical
2026-08-04 16:06:21,425 [DEBUG] Tx: <7A6> (08) [ ]	 0210010000000000
2026-08-04 16:06:21,425 [DEBUG] We've been asked to write a message to the bus
2026-08-04 16:06:21,426 [DEBUG] sending: Timestamp:        0.000000    ID:      7a6    S Rx       BS       DL:  8    02 10 01 00 00 00 00 00
2026-08-04 16:06:21,435 [INFO] TC_ID-284 - Received: 5001003201F4
2026-08-04 16:06:21,437 [DEBUG] Rx: <7AE> (08) [p]	 065001003201f4aa
2026-08-04 16:06:21,438 [WARNING] TC_ID-284 - PreCondition: PC_ID-032  Testcase:Start default session(10 01) -> FAIL - Unexpected response
2026-08-04 16:06:21,440 [DEBUG] Stopping CanStack
2026-08-04 16:06:21,441 [DEBUG] Main thread is exiting
2026-08-04 16:06:21,488 [DEBUG] CanStack Stopped
2026-08-04 16:06:21,491 [INFO] Connection closed
2026-08-04 16:06:21,492 [INFO] Running Test Case: TC_ID-285
2026-08-04 16:06:21,492 [DEBUG] Starting CanStack
2026-08-04 16:06:21,494 [DEBUG] Main thread has started
2026-08-04 16:06:21,495 [DEBUG] Relay thread has started
2026-08-04 16:06:21,497 [INFO] Connection opened
2026-08-04 16:06:21,498 [INFO] Switched to physical mode for TC: TC_ID-285 Step: PreCondition: PC_ID-032  Testcase:Service not supported in Active session in default session(27 11)
2026-08-04 16:06:21,499 [INFO] TC_ID-285 - PreCondition: PC_ID-032  Testcase:Service not supported in Active session in default session(27 11): SID=0x27, Sub=0x11, Expected=[3, 127, 39, 127, 170, 170, 170, 170]
2026-08-04 16:06:21,565 [INFO] TC_ID-285 - PreCondition: PC_ID-032  Testcase:Service not supported in Active session in default session(27 11): Sending request 2711
2026-08-04 16:06:21,566 [DEBUG] Sending 2 bytes : [2711]
2026-08-04 16:06:21,567 [DEBUG] Enqueuing a SendRequest for 2 bytes and TAT=Physical
2026-08-04 16:06:21,569 [DEBUG] Tx: <7A6> (08) [ ]	 0227110000000000
2026-08-04 16:06:21,570 [DEBUG] We've been asked to write a message to the bus
2026-08-04 16:06:21,571 [DEBUG] sending: Timestamp:        0.000000    ID:      7a6    S Rx       BS       DL:  8    02 27 11 00 00 00 00 00
2026-08-04 16:06:21,585 [DEBUG] TC_ID-285 PreCondition: PC_ID-032  Testcase:Service not supported in Active session in default session(27 11) -> Received payload: [127, 39, 127]
2026-08-04 16:06:21,589 [DEBUG] Rx: <7AE> (08) [p]	 037f277faaaaaaaa
2026-08-04 16:06:21,590 [INFO] -----------------------------------------------TC_ID-285 PreCondition: PC_ID-032  Testcase:Service not supported in Active session in default session(27 11) -> PASS-----------------------------------------------
2026-08-04 16:06:21,593 [WARNING] TC_ID-285 PreCondition: PC_ID-032  Testcase:Service not supported in Active session in default session(27 11) -> FAIL - NRC (key): [127, 39, 127]
2026-08-04 16:06:21,594 [DEBUG] Stopping CanStack
2026-08-04 16:06:21,595 [DEBUG] Main thread is exiting
2026-08-04 16:06:21,639 [DEBUG] CanStack Stopped
2026-08-04 16:06:21,640 [INFO] Connection closed
2026-08-04 16:06:21,641 [ERROR] ----------------------------------TC_ID-285 PreCondition: PC_ID-032  Testcase:Service not supported in Active session in default session(27 11) -> EXCEPTION - NRC (key): [127, 39, 127]----------------------------------
2026-08-04 16:06:21,642 [INFO] Running Test Case: PC_ID-034
2026-08-04 16:06:21,642 [DEBUG] Starting CanStack
2026-08-04 16:06:21,643 [DEBUG] Main thread has started
2026-08-04 16:06:21,644 [DEBUG] Relay thread has started
2026-08-04 16:06:21,645 [INFO] Connection opened
2026-08-04 16:06:21,646 [INFO] Switched to physical mode for TC: PC_ID-034 Step: Start Extended session(10 03)
2026-08-04 16:06:21,646 [INFO] PC_ID-034 - Start Extended session(10 03): SID=0x10, Sub=0x03, Expected=[6, 80, 3, 0, 50, 1, 244, 170]
2026-08-04 16:06:21,699 [INFO] PC_ID-034 - Start Extended session(10 03): Sending 1003
2026-08-04 16:06:21,747 [INFO] PC_ID-034 - Start Extended session(10 03): Sending request 1003
2026-08-04 16:06:21,748 [DEBUG] Sending 2 bytes : [1003]
2026-08-04 16:06:21,749 [DEBUG] Enqueuing a SendRequest for 2 bytes and TAT=Physical
2026-08-04 16:06:21,750 [DEBUG] Tx: <7A6> (08) [ ]	 0210030000000000
2026-08-04 16:06:21,750 [DEBUG] We've been asked to write a message to the bus
2026-08-04 16:06:21,751 [DEBUG] sending: Timestamp:        0.000000    ID:      7a6    S Rx       BS       DL:  8    02 10 03 00 00 00 00 00
2026-08-04 16:06:21,764 [INFO] PC_ID-034 - Received: 5003003201F4
2026-08-04 16:06:21,766 [WARNING] PC_ID-034 - Start Extended session(10 03) -> FAIL - Unexpected response
2026-08-04 16:06:21,768 [DEBUG] Stopping CanStack
2026-08-04 16:06:21,769 [DEBUG] Rx: <7AE> (08) [p]	 065003003201f4aa
2026-08-04 16:06:21,774 [DEBUG] Main thread is exiting
2026-08-04 16:06:21,819 [DEBUG] CanStack Stopped
2026-08-04 16:06:21,820 [INFO] Connection closed
2026-08-04 16:06:21,821 [INFO] Running Test Case: TC_ID-286
2026-08-04 16:06:21,821 [DEBUG] Starting CanStack
2026-08-04 16:06:21,823 [DEBUG] Main thread has started
2026-08-04 16:06:21,824 [DEBUG] Relay thread has started
2026-08-04 16:06:21,827 [INFO] Connection opened
2026-08-04 16:06:21,828 [INFO] Switched to physical mode for TC: TC_ID-286 Step: PreCondition: PC_ID-034  Testcase:Start programming session(10 02)
2026-08-04 16:06:21,829 [INFO] TC_ID-286 - PreCondition: PC_ID-034  Testcase:Start programming session(10 02): SID=0x10, Sub=0x02, Expected=[6, 80, 2, 0, 50, 0, 200, 0]
2026-08-04 16:06:21,891 [INFO] TC_ID-286 - PreCondition: PC_ID-034  Testcase:Start programming session(10 02): Sending 1002
2026-08-04 16:06:21,938 [INFO] TC_ID-286 - PreCondition: PC_ID-034  Testcase:Start programming session(10 02): Sending request 1002
2026-08-04 16:06:21,940 [DEBUG] Sending 2 bytes : [1002]
2026-08-04 16:06:21,941 [DEBUG] Enqueuing a SendRequest for 2 bytes and TAT=Physical
2026-08-04 16:06:21,944 [DEBUG] Tx: <7A6> (08) [ ]	 0210020000000000
2026-08-04 16:06:21,945 [DEBUG] We've been asked to write a message to the bus
2026-08-04 16:06:21,946 [DEBUG] sending: Timestamp:        0.000000    ID:      7a6    S Rx       BS       DL:  8    02 10 02 00 00 00 00 00
2026-08-04 16:06:21,985 [INFO] TC_ID-286 - Received: 5002003200C8
2026-08-04 16:06:21,986 [DEBUG] Rx: <7AE> (08) [p]	 065002003200c800
2026-08-04 16:06:21,993 [WARNING] TC_ID-286 - PreCondition: PC_ID-034  Testcase:Start programming session(10 02) -> FAIL - Unexpected response
2026-08-04 16:06:21,998 [DEBUG] Stopping CanStack
2026-08-04 16:06:21,999 [DEBUG] Main thread is exiting
2026-08-04 16:06:22,035 [DEBUG] CanStack Stopped
2026-08-04 16:06:22,036 [INFO] Connection closed
2026-08-04 16:06:22,037 [INFO] Running Test Case: PC_ID-035
2026-08-04 16:06:22,038 [DEBUG] Starting CanStack
2026-08-04 16:06:22,039 [DEBUG] Main thread has started
2026-08-04 16:06:22,041 [DEBUG] Relay thread has started
2026-08-04 16:06:22,043 [INFO] Connection opened
2026-08-04 16:06:22,044 [INFO] Switched to physical mode for TC: PC_ID-035 Step: Start Extended session(10 03)
2026-08-04 16:06:22,045 [INFO] PC_ID-035 - Start Extended session(10 03): SID=0x10, Sub=0x03, Expected=[6, 80, 3, 0, 50, 0, 200, 170]
2026-08-04 16:06:22,099 [INFO] PC_ID-035 - Start Extended session(10 03): Sending 1003
2026-08-04 16:06:22,147 [INFO] PC_ID-035 - Start Extended session(10 03): Sending request 1003
2026-08-04 16:06:22,148 [DEBUG] Sending 2 bytes : [1003]
2026-08-04 16:06:22,149 [DEBUG] Enqueuing a SendRequest for 2 bytes and TAT=Physical
2026-08-04 16:06:22,150 [DEBUG] Tx: <7A6> (08) [ ]	 0210030000000000
2026-08-04 16:06:22,150 [DEBUG] We've been asked to write a message to the bus
2026-08-04 16:06:22,151 [DEBUG] sending: Timestamp:        0.000000    ID:      7a6    S Rx       BS       DL:  8    02 10 03 00 00 00 00 00
2026-08-04 16:06:22,154 [INFO] PC_ID-035 - Received: 5003003200C8
2026-08-04 16:06:22,154 [DEBUG] Rx: <7AE> (08) [p]	 065003003200c800
2026-08-04 16:06:22,156 [WARNING] PC_ID-035 - Start Extended session(10 03) -> FAIL - Unexpected response
2026-08-04 16:06:22,157 [DEBUG] Stopping CanStack
2026-08-04 16:06:22,158 [DEBUG] Main thread is exiting
2026-08-04 16:06:22,205 [DEBUG] CanStack Stopped
2026-08-04 16:06:22,208 [INFO] Connection closed
2026-08-04 16:06:22,211 [INFO] Running Test Case: TC_ID-287
2026-08-04 16:06:22,214 [DEBUG] Starting CanStack
2026-08-04 16:06:22,218 [DEBUG] Main thread has started
2026-08-04 16:06:22,219 [DEBUG] Relay thread has started
2026-08-04 16:06:22,221 [INFO] Connection opened
2026-08-04 16:06:22,221 [INFO] Switched to physical mode for TC: TC_ID-287 Step: PreCondition: PC_ID-035  Testcase:Start Extended session(10 03)
2026-08-04 16:06:22,222 [INFO] TC_ID-287 - PreCondition: PC_ID-035  Testcase:Start Extended session(10 03): SID=0x10, Sub=0x03, Expected=[6, 80, 3, 0, 50, 0, 200, 170]
2026-08-04 16:06:22,282 [INFO] TC_ID-287 - PreCondition: PC_ID-035  Testcase:Start Extended session(10 03): Sending 1003
2026-08-04 16:06:22,332 [INFO] TC_ID-287 - PreCondition: PC_ID-035  Testcase:Start Extended session(10 03): Sending request 1003
2026-08-04 16:06:22,337 [DEBUG] Sending 2 bytes : [1003]
2026-08-04 16:06:22,339 [DEBUG] Enqueuing a SendRequest for 2 bytes and TAT=Physical
2026-08-04 16:06:22,341 [DEBUG] Tx: <7A6> (08) [ ]	 0210030000000000
2026-08-04 16:06:22,342 [DEBUG] We've been asked to write a message to the bus
2026-08-04 16:06:22,343 [DEBUG] sending: Timestamp:        0.000000    ID:      7a6    S Rx       BS       DL:  8    02 10 03 00 00 00 00 00
2026-08-04 16:06:22,355 [INFO] TC_ID-287 - Received: 5003003200C8
2026-08-04 16:06:22,357 [WARNING] TC_ID-287 - PreCondition: PC_ID-035  Testcase:Start Extended session(10 03) -> FAIL - Unexpected response
2026-08-04 16:06:22,358 [DEBUG] Rx: <7AE> (08) [p]	 065003003200c800
2026-08-04 16:06:22,360 [DEBUG] Stopping CanStack
2026-08-04 16:06:22,365 [DEBUG] Main thread is exiting
2026-08-04 16:06:22,409 [DEBUG] CanStack Stopped
2026-08-04 16:06:22,410 [INFO] Connection closed
2026-08-04 16:06:22,410 [INFO] Running Test Case: TC_ID-288
2026-08-04 16:06:22,411 [DEBUG] Starting CanStack
2026-08-04 16:06:22,413 [DEBUG] Main thread has started
2026-08-04 16:06:22,414 [DEBUG] Relay thread has started
2026-08-04 16:06:22,416 [INFO] Connection opened
2026-08-04 16:06:22,417 [INFO] Switched to physical mode for TC: TC_ID-288 Step: PreCondition: PC_ID-035  Testcase:Start default session(10 01)
2026-08-04 16:06:22,418 [INFO] TC_ID-288 - PreCondition: PC_ID-035  Testcase:Start default session(10 01): SID=0x10, Sub=0x01, Expected=[6, 80, 1, 0, 50, 1, 244, 170]
2026-08-04 16:06:22,477 [INFO] TC_ID-288 - PreCondition: PC_ID-035  Testcase:Start default session(10 01): Sending 1001
2026-08-04 16:06:22,526 [INFO] TC_ID-288 - PreCondition: PC_ID-035  Testcase:Start default session(10 01): Sending request 1001
2026-08-04 16:06:22,527 [DEBUG] Sending 2 bytes : [1001]
2026-08-04 16:06:22,528 [DEBUG] Enqueuing a SendRequest for 2 bytes and TAT=Physical
2026-08-04 16:06:22,529 [DEBUG] Tx: <7A6> (08) [ ]	 0210010000000000
2026-08-04 16:06:22,530 [DEBUG] We've been asked to write a message to the bus
2026-08-04 16:06:22,530 [DEBUG] sending: Timestamp:        0.000000    ID:      7a6    S Rx       BS       DL:  8    02 10 01 00 00 00 00 00
2026-08-04 16:06:22,534 [WARNING] TC_ID-288 - No response received
2026-08-04 16:06:22,610 [DEBUG] Stopping CanStack
2026-08-04 16:06:22,611 [DEBUG] Main thread is exiting
2026-08-04 16:06:22,660 [DEBUG] CanStack Stopped
2026-08-04 16:06:22,661 [INFO] Connection closed
2026-08-04 16:06:22,662 [INFO] Running Test Case: PC_ID-036
2026-08-04 16:06:22,662 [DEBUG] Starting CanStack
2026-08-04 16:06:22,663 [DEBUG] Main thread has started
2026-08-04 16:06:22,664 [DEBUG] Relay thread has started
2026-08-04 16:06:22,665 [INFO] Connection opened
2026-08-04 16:06:22,666 [INFO] Switched to physical mode for TC: PC_ID-036 Step: Start Extended session(10 03)
2026-08-04 16:06:22,666 [INFO] PC_ID-036 - Start Extended session(10 03): SID=0x10, Sub=0x03, Expected=[6, 80, 3, 0, 50, 1, 244, 0]
2026-08-04 16:06:22,720 [INFO] PC_ID-036 - Start Extended session(10 03): Sending 1003
2026-08-04 16:06:22,772 [INFO] PC_ID-036 - Start Extended session(10 03): Sending request 1003
2026-08-04 16:06:22,776 [DEBUG] Sending 2 bytes : [1003]
2026-08-04 16:06:22,777 [DEBUG] Enqueuing a SendRequest for 2 bytes and TAT=Physical
2026-08-04 16:06:22,779 [DEBUG] Tx: <7A6> (08) [ ]	 0210030000000000
2026-08-04 16:06:22,780 [DEBUG] We've been asked to write a message to the bus
2026-08-04 16:06:22,781 [DEBUG] sending: Timestamp:        0.000000    ID:      7a6    S Rx       BS       DL:  8    02 10 03 00 00 00 00 00
2026-08-04 16:06:22,787 [INFO] PC_ID-036 - Received: 5003003201F4
2026-08-04 16:06:22,789 [DEBUG] Rx: <7AE> (08) [p]	 065003003201f4aa
2026-08-04 16:06:22,790 [WARNING] PC_ID-036 - Start Extended session(10 03) -> FAIL - Unexpected response
2026-08-04 16:06:22,792 [DEBUG] Stopping CanStack
2026-08-04 16:06:22,793 [DEBUG] Main thread is exiting
2026-08-04 16:06:22,841 [DEBUG] CanStack Stopped
2026-08-04 16:06:22,844 [INFO] Connection closed
2026-08-04 16:06:22,847 [INFO] Running Test Case: TC_ID-289
2026-08-04 16:06:22,848 [DEBUG] Starting CanStack
2026-08-04 16:06:22,849 [DEBUG] Main thread has started
2026-08-04 16:06:22,850 [DEBUG] Relay thread has started
2026-08-04 16:06:22,852 [INFO] Connection opened
2026-08-04 16:06:22,853 [INFO] Switched to physical mode for TC: TC_ID-289 Step: PreCondition: PC_ID-036  Testcase:Start default session(10 01)
2026-08-04 16:06:22,854 [INFO] TC_ID-289 - PreCondition: PC_ID-036  Testcase:Start default session(10 01): SID=0x10, Sub=0x01, Expected=[6, 80, 1, 0, 50, 1, 244, 170]
2026-08-04 16:06:22,914 [INFO] TC_ID-289 - PreCondition: PC_ID-036  Testcase:Start default session(10 01): Sending 1001
2026-08-04 16:06:22,963 [INFO] TC_ID-289 - PreCondition: PC_ID-036  Testcase:Start default session(10 01): Sending request 1001
2026-08-04 16:06:22,964 [DEBUG] Sending 2 bytes : [1001]
2026-08-04 16:06:22,964 [DEBUG] Enqueuing a SendRequest for 2 bytes and TAT=Physical
2026-08-04 16:06:22,966 [DEBUG] Tx: <7A6> (08) [ ]	 0210010000000000
2026-08-04 16:06:22,966 [DEBUG] We've been asked to write a message to the bus
2026-08-04 16:06:22,967 [DEBUG] sending: Timestamp:        0.000000    ID:      7a6    S Rx       BS       DL:  8    02 10 01 00 00 00 00 00
2026-08-04 16:06:22,977 [INFO] TC_ID-289 - Received: 5001003201F4
2026-08-04 16:06:22,978 [DEBUG] Rx: <7AE> (08) [p]	 065001003201f4aa
2026-08-04 16:06:22,981 [WARNING] TC_ID-289 - PreCondition: PC_ID-036  Testcase:Start default session(10 01) -> FAIL - Unexpected response
2026-08-04 16:06:22,985 [DEBUG] Stopping CanStack
2026-08-04 16:06:22,990 [DEBUG] Main thread is exiting
2026-08-04 16:06:23,030 [DEBUG] CanStack Stopped
2026-08-04 16:06:23,031 [INFO] Connection closed
2026-08-04 16:06:23,032 [INFO] Running Test Case: PC_ID-037
2026-08-04 16:06:23,033 [DEBUG] Starting CanStack
2026-08-04 16:06:23,035 [DEBUG] Main thread has started
2026-08-04 16:06:23,036 [DEBUG] Relay thread has started
2026-08-04 16:06:23,041 [INFO] Connection opened
2026-08-04 16:06:23,042 [INFO] Switched to physical mode for TC: PC_ID-037 Step: Start Programming session(10 02)
2026-08-04 16:06:23,043 [INFO] PC_ID-037 - Start Programming session(10 02): SID=0x10, Sub=0x02, Expected=[6, 80, 2, 0, 50, 0, 200, 0]
2026-08-04 16:06:23,098 [INFO] PC_ID-037 - Start Programming session(10 02): Sending 1002
2026-08-04 16:06:23,149 [INFO] PC_ID-037 - Start Programming session(10 02): Sending request 1002
2026-08-04 16:06:23,151 [DEBUG] Sending 2 bytes : [1002]
2026-08-04 16:06:23,152 [DEBUG] Enqueuing a SendRequest for 2 bytes and TAT=Physical
2026-08-04 16:06:23,154 [DEBUG] Tx: <7A6> (08) [ ]	 0210020000000000
2026-08-04 16:06:23,155 [DEBUG] We've been asked to write a message to the bus
2026-08-04 16:06:23,156 [DEBUG] sending: Timestamp:        0.000000    ID:      7a6    S Rx       BS       DL:  8    02 10 02 00 00 00 00 00
2026-08-04 16:06:23,197 [INFO] PC_ID-037 - Received: 5002003200C8
2026-08-04 16:06:23,202 [WARNING] PC_ID-037 - Start Programming session(10 02) -> FAIL - Unexpected response
2026-08-04 16:06:23,204 [DEBUG] Rx: <7AE> (08) [p]	 065002003200c800
2026-08-04 16:06:23,208 [DEBUG] Stopping CanStack
2026-08-04 16:06:23,212 [DEBUG] Main thread is exiting
2026-08-04 16:06:23,250 [DEBUG] CanStack Stopped
2026-08-04 16:06:23,251 [INFO] Connection closed
2026-08-04 16:06:23,253 [INFO] Running Test Case: TC_ID-290
2026-08-04 16:06:23,254 [DEBUG] Starting CanStack
2026-08-04 16:06:23,256 [DEBUG] Main thread has started
2026-08-04 16:06:23,258 [DEBUG] Relay thread has started
2026-08-04 16:06:23,259 [INFO] Connection opened
2026-08-04 16:06:23,260 [INFO] Switched to physical mode for TC: TC_ID-290 Step: PreCondition: PC_ID-037  Testcase:Start Extended session(10 03)
2026-08-04 16:06:23,261 [INFO] TC_ID-290 - PreCondition: PC_ID-037  Testcase:Start Extended session(10 03): SID=0x10, Sub=0x03, Expected=[6, 80, 3, 0, 50, 0, 200, 170]
2026-08-04 16:06:23,323 [INFO] TC_ID-290 - PreCondition: PC_ID-037  Testcase:Start Extended session(10 03): Sending 1003
2026-08-04 16:06:23,369 [INFO] TC_ID-290 - PreCondition: PC_ID-037  Testcase:Start Extended session(10 03): Sending request 1003
2026-08-04 16:06:23,370 [DEBUG] Sending 2 bytes : [1003]
2026-08-04 16:06:23,371 [DEBUG] Enqueuing a SendRequest for 2 bytes and TAT=Physical
2026-08-04 16:06:23,372 [DEBUG] Tx: <7A6> (08) [ ]	 0210030000000000
2026-08-04 16:06:23,373 [DEBUG] We've been asked to write a message to the bus
2026-08-04 16:06:23,374 [DEBUG] sending: Timestamp:        0.000000    ID:      7a6    S Rx       BS       DL:  8    02 10 03 00 00 00 00 00
2026-08-04 16:06:23,376 [INFO] TC_ID-290 - Received: 5003003200C8
2026-08-04 16:06:23,377 [WARNING] TC_ID-290 - PreCondition: PC_ID-037  Testcase:Start Extended session(10 03) -> FAIL - Unexpected response
2026-08-04 16:06:23,378 [DEBUG] Rx: <7AE> (08) [p]	 065003003200c800
2026-08-04 16:06:23,379 [DEBUG] Stopping CanStack
2026-08-04 16:06:23,380 [DEBUG] Main thread is exiting
2026-08-04 16:06:23,429 [DEBUG] CanStack Stopped
2026-08-04 16:06:23,430 [INFO] Connection closed
2026-08-04 16:06:23,430 [INFO] Running Test Case: PC_ID-038
2026-08-04 16:06:23,431 [DEBUG] Starting CanStack
2026-08-04 16:06:23,432 [DEBUG] Main thread has started
2026-08-04 16:06:23,433 [DEBUG] Relay thread has started
2026-08-04 16:06:23,434 [INFO] Connection opened
2026-08-04 16:06:23,435 [INFO] Switched to physical mode for TC: PC_ID-038 Step: Start default session(10 01)
2026-08-04 16:06:23,435 [INFO] PC_ID-038 - Start default session(10 01): SID=0x10, Sub=0x01, Expected=[6, 80, 1, 0, 50, 1, 244, 170]
2026-08-04 16:06:23,489 [INFO] PC_ID-038 - Start default session(10 01): Sending 1001
2026-08-04 16:06:23,538 [INFO] PC_ID-038 - Start default session(10 01): Sending request 1001
2026-08-04 16:06:23,539 [DEBUG] Sending 2 bytes : [1001]
2026-08-04 16:06:23,539 [DEBUG] Enqueuing a SendRequest for 2 bytes and TAT=Physical
2026-08-04 16:06:23,540 [DEBUG] Tx: <7A6> (08) [ ]	 0210010000000000
2026-08-04 16:06:23,541 [DEBUG] We've been asked to write a message to the bus
2026-08-04 16:06:23,541 [DEBUG] sending: Timestamp:        0.000000    ID:      7a6    S Rx       BS       DL:  8    02 10 01 00 00 00 00 00
2026-08-04 16:06:23,547 [WARNING] PC_ID-038 - No response received
2026-08-04 16:06:23,622 [DEBUG] Stopping CanStack
2026-08-04 16:06:23,623 [DEBUG] Main thread is exiting
2026-08-04 16:06:23,624 [DEBUG] CanStack Stopped
2026-08-04 16:06:23,625 [INFO] Connection closed
2026-08-04 16:06:23,626 [INFO] Running Test Case: TC_ID-291
2026-08-04 16:06:23,626 [DEBUG] Starting CanStack
2026-08-04 16:06:23,627 [DEBUG] Main thread has started
2026-08-04 16:06:23,628 [DEBUG] Relay thread has started
2026-08-04 16:06:23,629 [INFO] Connection opened
2026-08-04 16:06:23,630 [INFO] Switched to physical mode for TC: TC_ID-291 Step: PreCondition: PC_ID-038  Testcase:Incorrect message length(10 03 01)
2026-08-04 16:06:23,630 [INFO] TC_ID-291 - PreCondition: PC_ID-038  Testcase:Incorrect message length(10 03 01): SID=0x10, Sub=0x0102, Expected=[3, 127, 16, 19, 170, 170, 170, 170]
2026-08-04 16:06:23,691 [INFO] TC_ID-291 - PreCondition: PC_ID-038  Testcase:Incorrect message length(10 03 01): Sending 100102
2026-08-04 16:06:23,741 [INFO] TC_ID-291 - PreCondition: PC_ID-038  Testcase:Incorrect message length(10 03 01): Sending request 100102
2026-08-04 16:06:23,742 [DEBUG] Sending 3 bytes : [100102]
2026-08-04 16:06:23,742 [DEBUG] Enqueuing a SendRequest for 3 bytes and TAT=Physical
2026-08-04 16:06:23,743 [DEBUG] Tx: <7A6> (08) [ ]	 0310010200000000
2026-08-04 16:06:23,744 [DEBUG] We've been asked to write a message to the bus
2026-08-04 16:06:23,745 [DEBUG] sending: Timestamp:        0.000000    ID:      7a6    S Rx       BS       DL:  8    03 10 01 02 00 00 00 00
2026-08-04 16:06:23,750 [INFO] TC_ID-291 - Received: 7F1013
2026-08-04 16:06:23,751 [WARNING] TC_ID-291 - PreCondition: PC_ID-038  Testcase:Incorrect message length(10 03 01) -> FAIL - Unexpected response
2026-08-04 16:06:23,752 [DEBUG] Stopping CanStack
2026-08-04 16:06:23,754 [DEBUG] Rx: <7AE> (08) [p]	 037f1013aaaaaaaa
2026-08-04 16:06:23,756 [DEBUG] Main thread is exiting
2026-08-04 16:06:23,802 [DEBUG] CanStack Stopped
2026-08-04 16:06:23,805 [INFO] Connection closed
2026-08-04 16:06:23,808 [INFO] Running Test Case: TC_ID-292
2026-08-04 16:06:23,809 [DEBUG] Starting CanStack
2026-08-04 16:06:23,810 [DEBUG] Main thread has started
2026-08-04 16:06:23,812 [DEBUG] Relay thread has started
2026-08-04 16:06:23,813 [INFO] Connection opened
2026-08-04 16:06:23,814 [INFO] Switched to physical mode for TC: TC_ID-292 Step: PreCondition: PC_ID-038  Testcase:Incorrect message length(10 01 01)
2026-08-04 16:06:23,815 [INFO] TC_ID-292 - PreCondition: PC_ID-038  Testcase:Incorrect message length(10 01 01): SID=0x10, Sub=0x0101, Expected=[3, 127, 16, 19, 170, 170, 170, 170]
2026-08-04 16:06:23,876 [INFO] TC_ID-292 - PreCondition: PC_ID-038  Testcase:Incorrect message length(10 01 01): Sending 100101
2026-08-04 16:06:23,925 [INFO] TC_ID-292 - PreCondition: PC_ID-038  Testcase:Incorrect message length(10 01 01): Sending request 100101
2026-08-04 16:06:23,929 [DEBUG] Sending 3 bytes : [100101]
2026-08-04 16:06:23,932 [DEBUG] Enqueuing a SendRequest for 3 bytes and TAT=Physical
2026-08-04 16:06:23,934 [DEBUG] Tx: <7A6> (08) [ ]	 0310010100000000
2026-08-04 16:06:23,935 [DEBUG] We've been asked to write a message to the bus
2026-08-04 16:06:23,936 [DEBUG] sending: Timestamp:        0.000000    ID:      7a6    S Rx       BS       DL:  8    03 10 01 01 00 00 00 00
2026-08-04 16:06:23,950 [INFO] TC_ID-292 - Received: 7F1013
2026-08-04 16:06:23,952 [WARNING] TC_ID-292 - PreCondition: PC_ID-038  Testcase:Incorrect message length(10 01 01) -> FAIL - Unexpected response
2026-08-04 16:06:23,954 [DEBUG] Stopping CanStack
2026-08-04 16:06:23,956 [DEBUG] Rx: <7AE> (08) [p]	 037f1013aaaaaaaa
2026-08-04 16:06:23,962 [DEBUG] Main thread is exiting
2026-08-04 16:06:24,002 [DEBUG] CanStack Stopped
2026-08-04 16:06:24,003 [INFO] Connection closed
2026-08-04 16:06:24,004 [INFO] Running Test Case: TC_ID-293
2026-08-04 16:06:24,004 [DEBUG] Starting CanStack
2026-08-04 16:06:24,006 [DEBUG] Main thread has started
2026-08-04 16:06:24,007 [DEBUG] Relay thread has started
2026-08-04 16:06:24,009 [INFO] Connection opened
2026-08-04 16:06:24,010 [INFO] Switched to physical mode for TC: TC_ID-293 Step: PreCondition: PC_ID-038  Testcase:Sub function not supported(14FFFFF1)
2026-08-04 16:06:24,011 [INFO] TC_ID-293 - PreCondition: PC_ID-038  Testcase:Sub function not supported(14FFFFF1): SID=0x14, Sub=0xFFFFF1, Expected=[3, 127, 20, 18, 170, 170, 170, 170]
2026-08-04 16:06:24,076 [INFO] TC_ID-293 - PreCondition: PC_ID-038  Testcase:Sub function not supported(14FFFFF1): Sending 14FFFFF1
2026-08-04 16:06:24,077 [INFO] TC_ID-293 - PreCondition: PC_ID-038  Testcase:Sub function not supported(14FFFFF1): Sending request 14FFFFF1
2026-08-04 16:06:24,077 [DEBUG] Sending 4 bytes : [14fffff1]
2026-08-04 16:06:24,078 [DEBUG] Enqueuing a SendRequest for 4 bytes and TAT=Physical
2026-08-04 16:06:24,079 [DEBUG] Tx: <7A6> (08) [ ]	 0414fffff1000000
2026-08-04 16:06:24,080 [DEBUG] We've been asked to write a message to the bus
2026-08-04 16:06:24,081 [DEBUG] sending: Timestamp:        0.000000    ID:      7a6    S Rx       BS       DL:  8    04 14 ff ff f1 00 00 00
2026-08-04 16:06:24,092 [INFO] -----------------------------------------------TC_ID-293 PreCondition: PC_ID-038  Testcase:Sub function not supported(14FFFFF1) -> PASS-----------------------------------------------
2026-08-04 16:06:24,097 [DEBUG] Stopping CanStack
2026-08-04 16:06:24,099 [DEBUG] Rx: <7AE> (08) [p]	 037f1412aaaaaaaa
2026-08-04 16:06:24,103 [DEBUG] Main thread is exiting
2026-08-04 16:06:24,146 [DEBUG] CanStack Stopped
2026-08-04 16:06:24,148 [INFO] Connection closed
2026-08-04 16:06:24,150 [INFO] Running Test Case: TC_ID-294
2026-08-04 16:06:24,151 [DEBUG] Starting CanStack
2026-08-04 16:06:24,152 [DEBUG] Main thread has started
2026-08-04 16:06:24,155 [DEBUG] Relay thread has started
2026-08-04 16:06:24,156 [INFO] Connection opened
2026-08-04 16:06:24,160 [INFO] Switched to physical mode for TC: TC_ID-294 Step: PreCondition: PC_ID-038  Testcase:Incorrect message length(14FFFFFFFF)
2026-08-04 16:06:24,161 [INFO] TC_ID-294 - PreCondition: PC_ID-038  Testcase:Incorrect message length(14FFFFFFFF): SID=0x14, Sub=0xFFFFFFFF, Expected=[3, 127, 20, 19, 170, 170, 170, 170]
2026-08-04 16:06:24,231 [INFO] TC_ID-294 - PreCondition: PC_ID-038  Testcase:Incorrect message length(14FFFFFFFF): Sending 14FFFFFFFF
2026-08-04 16:06:24,232 [INFO] TC_ID-294 - PreCondition: PC_ID-038  Testcase:Incorrect message length(14FFFFFFFF): Sending request 14FFFFFFFF
2026-08-04 16:06:24,232 [DEBUG] Sending 5 bytes : [14ffffffff]
2026-08-04 16:06:24,233 [DEBUG] Enqueuing a SendRequest for 5 bytes and TAT=Physical
2026-08-04 16:06:24,234 [DEBUG] Tx: <7A6> (08) [ ]	 0514ffffffff0000
2026-08-04 16:06:24,234 [DEBUG] We've been asked to write a message to the bus
2026-08-04 16:06:24,235 [DEBUG] sending: Timestamp:        0.000000    ID:      7a6    S Rx       BS       DL:  8    05 14 ff ff ff ff 00 00
2026-08-04 16:06:24,240 [INFO] -----------------------------------------------TC_ID-294 PreCondition: PC_ID-038  Testcase:Incorrect message length(14FFFFFFFF) -> PASS-----------------------------------------------
2026-08-04 16:06:24,240 [DEBUG] Rx: <7AE> (08) [p]	 037f1413aaaaaaaa
2026-08-04 16:06:24,241 [DEBUG] Stopping CanStack
2026-08-04 16:06:24,242 [DEBUG] Main thread is exiting
2026-08-04 16:06:24,290 [DEBUG] CanStack Stopped
2026-08-04 16:06:24,291 [INFO] Connection closed
2026-08-04 16:06:24,291 [INFO] Running Test Case: TC_ID-295
2026-08-04 16:06:24,292 [DEBUG] Starting CanStack
2026-08-04 16:06:24,293 [DEBUG] Main thread has started
2026-08-04 16:06:24,294 [DEBUG] Relay thread has started
2026-08-04 16:06:24,295 [INFO] Connection opened
2026-08-04 16:06:24,296 [INFO] Switched to physical mode for TC: TC_ID-295 Step: PreCondition: PC_ID-038  Testcase:Incorrect message length(22F18B02)
2026-08-04 16:06:24,296 [INFO] TC_ID-295 - PreCondition: PC_ID-038  Testcase:Incorrect message length(22F18B02): SID=0x22, Sub=0xF18B02, Expected=[3, 127, 34, 19, 170, 170, 170, 170]
2026-08-04 16:06:24,355 [INFO] TC_ID-295 - PreCondition: PC_ID-038  Testcase:Incorrect message length(22F18B02): Sending request 22F18B02
2026-08-04 16:06:24,356 [INFO] TC_ID-295 - PreCondition: PC_ID-038  Testcase:Incorrect message length(22F18B02): Sending request 22F18B02
2026-08-04 16:06:24,357 [DEBUG] Sending 4 bytes : [22f18b02]
2026-08-04 16:06:24,357 [DEBUG] Enqueuing a SendRequest for 4 bytes and TAT=Physical
2026-08-04 16:06:24,358 [DEBUG] Tx: <7A6> (08) [ ]	 0422f18b02000000
2026-08-04 16:06:24,359 [DEBUG] We've been asked to write a message to the bus
2026-08-04 16:06:24,360 [DEBUG] sending: Timestamp:        0.000000    ID:      7a6    S Rx       BS       DL:  8    04 22 f1 8b 02 00 00 00
2026-08-04 16:06:24,371 [DEBUG] Rx: <7AE> (08) [p]	 037f2213aaaaaaaa
2026-08-04 16:06:24,425 [INFO] TC_ID-295 - Received: 7F2213
2026-08-04 16:06:24,426 [WARNING] TC_ID-295 - PreCondition: PC_ID-038  Testcase:Incorrect message length(22F18B02) -> ❌ FAIL - Expected 037F2213AAAAAAAA
2026-08-04 16:06:24,428 [DEBUG] Stopping CanStack
2026-08-04 16:06:24,430 [DEBUG] Main thread is exiting
2026-08-04 16:06:24,472 [DEBUG] CanStack Stopped
2026-08-04 16:06:24,473 [INFO] Connection closed
2026-08-04 16:06:24,473 [INFO] Running Test Case: TC_ID-296
2026-08-04 16:06:24,474 [DEBUG] Starting CanStack
2026-08-04 16:06:24,475 [DEBUG] Main thread has started
2026-08-04 16:06:24,476 [DEBUG] Relay thread has started
2026-08-04 16:06:24,477 [INFO] Connection opened
2026-08-04 16:06:24,477 [INFO] Switched to physical mode for TC: TC_ID-296 Step: PreCondition: PC_ID-038  Testcase:Incorrect message length(22F18701)
2026-08-04 16:06:24,478 [INFO] TC_ID-296 - PreCondition: PC_ID-038  Testcase:Incorrect message length(22F18701): SID=0x22, Sub=0xF18701, Expected=[3, 127, 34, 19, 170, 170, 170, 170]
2026-08-04 16:06:24,538 [INFO] TC_ID-296 - PreCondition: PC_ID-038  Testcase:Incorrect message length(22F18701): Sending request 22F18701
2026-08-04 16:06:24,539 [INFO] TC_ID-296 - PreCondition: PC_ID-038  Testcase:Incorrect message length(22F18701): Sending request 22F18701
2026-08-04 16:06:24,540 [DEBUG] Sending 4 bytes : [22f18701]
2026-08-04 16:06:24,542 [DEBUG] Enqueuing a SendRequest for 4 bytes and TAT=Physical
2026-08-04 16:06:24,544 [DEBUG] Tx: <7A6> (08) [ ]	 0422f18701000000
2026-08-04 16:06:24,546 [DEBUG] We've been asked to write a message to the bus
2026-08-04 16:06:24,546 [DEBUG] sending: Timestamp:        0.000000    ID:      7a6    S Rx       BS       DL:  8    04 22 f1 87 01 00 00 00
2026-08-04 16:06:24,562 [DEBUG] Rx: <7AE> (08) [p]	 037f2213aaaaaaaa
2026-08-04 16:06:24,612 [INFO] TC_ID-296 - Received: 7F2213
2026-08-04 16:06:24,613 [WARNING] TC_ID-296 - PreCondition: PC_ID-038  Testcase:Incorrect message length(22F18701) -> ❌ FAIL - Expected 037F2213AAAAAAAA
2026-08-04 16:06:24,614 [DEBUG] Stopping CanStack
2026-08-04 16:06:24,614 [DEBUG] Main thread is exiting
2026-08-04 16:06:24,662 [DEBUG] CanStack Stopped
2026-08-04 16:06:24,663 [INFO] Connection closed
2026-08-04 16:06:24,664 [INFO] Running Test Case: TC_ID-297
2026-08-04 16:06:24,665 [DEBUG] Starting CanStack
2026-08-04 16:06:24,666 [DEBUG] Main thread has started
2026-08-04 16:06:24,666 [DEBUG] Relay thread has started
2026-08-04 16:06:24,668 [INFO] Connection opened
2026-08-04 16:06:24,668 [INFO] Switched to physical mode for TC: TC_ID-297 Step: PreCondition: PC_ID-038  Testcase:Incorrect message length(22F1A001)
2026-08-04 16:06:24,669 [INFO] TC_ID-297 - PreCondition: PC_ID-038  Testcase:Incorrect message length(22F1A001): SID=0x22, Sub=0xF1A001, Expected=[3, 127, 34, 19, 170, 170, 170, 170]
2026-08-04 16:06:24,728 [INFO] TC_ID-297 - PreCondition: PC_ID-038  Testcase:Incorrect message length(22F1A001): Sending request 22F1A001
2026-08-04 16:06:24,728 [INFO] TC_ID-297 - PreCondition: PC_ID-038  Testcase:Incorrect message length(22F1A001): Sending request 22F1A001
2026-08-04 16:06:24,729 [DEBUG] Sending 4 bytes : [22f1a001]
2026-08-04 16:06:24,729 [DEBUG] Enqueuing a SendRequest for 4 bytes and TAT=Physical
2026-08-04 16:06:24,730 [DEBUG] Tx: <7A6> (08) [ ]	 0422f1a001000000
2026-08-04 16:06:24,731 [DEBUG] We've been asked to write a message to the bus
2026-08-04 16:06:24,732 [DEBUG] sending: Timestamp:        0.000000    ID:      7a6    S Rx       BS       DL:  8    04 22 f1 a0 01 00 00 00
2026-08-04 16:06:24,742 [DEBUG] Rx: <7AE> (08) [p]	 037f2213aaaaaaaa
2026-08-04 16:06:24,794 [INFO] TC_ID-297 - Received: 7F2213
2026-08-04 16:06:24,795 [WARNING] TC_ID-297 - PreCondition: PC_ID-038  Testcase:Incorrect message length(22F1A001) -> ❌ FAIL - Expected 037F2213AAAAAAAA
2026-08-04 16:06:24,796 [DEBUG] Stopping CanStack
2026-08-04 16:06:24,798 [DEBUG] Main thread is exiting
2026-08-04 16:06:24,843 [DEBUG] CanStack Stopped
2026-08-04 16:06:24,843 [INFO] Connection closed
2026-08-04 16:06:24,844 [INFO] Running Test Case: TC_ID-298
2026-08-04 16:06:24,845 [DEBUG] Starting CanStack
2026-08-04 16:06:24,846 [DEBUG] Main thread has started
2026-08-04 16:06:24,846 [DEBUG] Relay thread has started
2026-08-04 16:06:24,848 [INFO] Connection opened
2026-08-04 16:06:24,848 [INFO] Switched to physical mode for TC: TC_ID-298 Step: PreCondition: PC_ID-038  Testcase:Incorrect message length(22F19504)
2026-08-04 16:06:24,849 [INFO] TC_ID-298 - PreCondition: PC_ID-038  Testcase:Incorrect message length(22F19504): SID=0x22, Sub=0xF19504, Expected=[3, 127, 34, 19, 170, 170, 170, 170]
2026-08-04 16:06:24,909 [INFO] TC_ID-298 - PreCondition: PC_ID-038  Testcase:Incorrect message length(22F19504): Sending request 22F19504
2026-08-04 16:06:24,909 [INFO] TC_ID-298 - PreCondition: PC_ID-038  Testcase:Incorrect message length(22F19504): Sending request 22F19504
2026-08-04 16:06:24,910 [DEBUG] Sending 4 bytes : [22f19504]
2026-08-04 16:06:24,911 [DEBUG] Enqueuing a SendRequest for 4 bytes and TAT=Physical
2026-08-04 16:06:24,912 [DEBUG] Tx: <7A6> (08) [ ]	 0422f19504000000
2026-08-04 16:06:24,914 [DEBUG] We've been asked to write a message to the bus
2026-08-04 16:06:24,914 [DEBUG] sending: Timestamp:        0.000000    ID:      7a6    S Rx       BS       DL:  8    04 22 f1 95 04 00 00 00
2026-08-04 16:06:24,922 [DEBUG] Rx: <7AE> (08) [p]	 037f2213aaaaaaaa
2026-08-04 16:06:24,971 [INFO] TC_ID-298 - Received: 7F2213
2026-08-04 16:06:24,972 [WARNING] TC_ID-298 - PreCondition: PC_ID-038  Testcase:Incorrect message length(22F19504) -> ❌ FAIL - Expected 037F2213AAAAAAAA
2026-08-04 16:06:24,973 [DEBUG] Stopping CanStack
2026-08-04 16:06:24,974 [DEBUG] Main thread is exiting
2026-08-04 16:06:25,022 [DEBUG] CanStack Stopped
2026-08-04 16:06:25,023 [INFO] Connection closed
2026-08-04 16:06:25,024 [INFO] Running Test Case: TC_ID-299
2026-08-04 16:06:25,025 [DEBUG] Starting CanStack
2026-08-04 16:06:25,026 [DEBUG] Main thread has started
2026-08-04 16:06:25,026 [DEBUG] Relay thread has started
2026-08-04 16:06:25,028 [INFO] Connection opened
2026-08-04 16:06:25,028 [INFO] Switched to physical mode for TC: TC_ID-299 Step: PreCondition: PC_ID-038  Testcase:Incorrect message length(22F1B001)
2026-08-04 16:06:25,029 [INFO] TC_ID-299 - PreCondition: PC_ID-038  Testcase:Incorrect message length(22F1B001): SID=0x22, Sub=0xF1B001, Expected=[3, 127, 34, 19, 170, 170, 170, 170]
2026-08-04 16:06:25,091 [INFO] TC_ID-299 - PreCondition: PC_ID-038  Testcase:Incorrect message length(22F1B001): Sending request 22F1B001
2026-08-04 16:06:25,092 [INFO] TC_ID-299 - PreCondition: PC_ID-038  Testcase:Incorrect message length(22F1B001): Sending request 22F1B001
2026-08-04 16:06:25,093 [DEBUG] Sending 4 bytes : [22f1b001]
2026-08-04 16:06:25,094 [DEBUG] Enqueuing a SendRequest for 4 bytes and TAT=Physical
2026-08-04 16:06:25,095 [DEBUG] Tx: <7A6> (08) [ ]	 0422f1b001000000
2026-08-04 16:06:25,097 [DEBUG] We've been asked to write a message to the bus
2026-08-04 16:06:25,098 [DEBUG] sending: Timestamp:        0.000000    ID:      7a6    S Rx       BS       DL:  8    04 22 f1 b0 01 00 00 00
2026-08-04 16:06:25,115 [DEBUG] Rx: <7AE> (08) [p]	 037f2213aaaaaaaa
2026-08-04 16:06:25,162 [INFO] TC_ID-299 - Received: 7F2213
2026-08-04 16:06:25,163 [WARNING] TC_ID-299 - PreCondition: PC_ID-038  Testcase:Incorrect message length(22F1B001) -> ❌ FAIL - Expected 037F2213AAAAAAAA
2026-08-04 16:06:25,164 [DEBUG] Stopping CanStack
2026-08-04 16:06:25,165 [DEBUG] Main thread is exiting
2026-08-04 16:06:25,212 [DEBUG] CanStack Stopped
2026-08-04 16:06:25,213 [INFO] Connection closed
2026-08-04 16:06:25,213 [INFO] Running Test Case: TC_ID-300
2026-08-04 16:06:25,214 [DEBUG] Starting CanStack
2026-08-04 16:06:25,215 [DEBUG] Main thread has started
2026-08-04 16:06:25,216 [DEBUG] Relay thread has started
2026-08-04 16:06:25,217 [INFO] Connection opened
2026-08-04 16:06:25,218 [INFO] Switched to physical mode for TC: TC_ID-300 Step: PreCondition: PC_ID-038  Testcase:Incorrect message length(22F19101)
2026-08-04 16:06:25,218 [INFO] TC_ID-300 - PreCondition: PC_ID-038  Testcase:Incorrect message length(22F19101): SID=0x22, Sub=0xF19101, Expected=[3, 127, 34, 19, 170, 170, 170, 170]
2026-08-04 16:06:25,277 [INFO] TC_ID-300 - PreCondition: PC_ID-038  Testcase:Incorrect message length(22F19101): Sending request 22F19101
2026-08-04 16:06:25,278 [INFO] TC_ID-300 - PreCondition: PC_ID-038  Testcase:Incorrect message length(22F19101): Sending request 22F19101
2026-08-04 16:06:25,278 [DEBUG] Sending 4 bytes : [22f19101]
2026-08-04 16:06:25,279 [DEBUG] Enqueuing a SendRequest for 4 bytes and TAT=Physical
2026-08-04 16:06:25,280 [DEBUG] Tx: <7A6> (08) [ ]	 0422f19101000000
2026-08-04 16:06:25,281 [DEBUG] We've been asked to write a message to the bus
2026-08-04 16:06:25,281 [DEBUG] sending: Timestamp:        0.000000    ID:      7a6    S Rx       BS       DL:  8    04 22 f1 91 01 00 00 00
2026-08-04 16:06:25,292 [DEBUG] Rx: <7AE> (08) [p]	 037f2213aaaaaaaa
2026-08-04 16:06:25,342 [INFO] TC_ID-300 - Received: 7F2213
2026-08-04 16:06:25,346 [WARNING] TC_ID-300 - PreCondition: PC_ID-038  Testcase:Incorrect message length(22F19101) -> ❌ FAIL - Expected 037F2213AAAAAAAA
2026-08-04 16:06:25,346 [DEBUG] Stopping CanStack
2026-08-04 16:06:25,348 [DEBUG] Main thread is exiting
2026-08-04 16:06:25,392 [DEBUG] CanStack Stopped
2026-08-04 16:06:25,393 [INFO] Connection closed
2026-08-04 16:06:25,394 [INFO] Running Test Case: TC_ID-301
2026-08-04 16:06:25,395 [DEBUG] Starting CanStack
2026-08-04 16:06:25,396 [DEBUG] Main thread has started
2026-08-04 16:06:25,399 [DEBUG] Relay thread has started
2026-08-04 16:06:25,401 [INFO] Connection opened
2026-08-04 16:06:25,402 [INFO] Switched to physical mode for TC: TC_ID-301 Step: PreCondition: PC_ID-038  Testcase:Incorrect message length(22F1EF02)
2026-08-04 16:06:25,403 [INFO] TC_ID-301 - PreCondition: PC_ID-038  Testcase:Incorrect message length(22F1EF02): SID=0x22, Sub=0xF1EF02, Expected=[3, 127, 34, 19, 170, 170, 170, 170]
2026-08-04 16:06:25,466 [INFO] TC_ID-301 - PreCondition: PC_ID-038  Testcase:Incorrect message length(22F1EF02): Sending request 22F1EF02
2026-08-04 16:06:25,467 [INFO] TC_ID-301 - PreCondition: PC_ID-038  Testcase:Incorrect message length(22F1EF02): Sending request 22F1EF02
2026-08-04 16:06:25,468 [DEBUG] Sending 4 bytes : [22f1ef02]
2026-08-04 16:06:25,470 [DEBUG] Enqueuing a SendRequest for 4 bytes and TAT=Physical
2026-08-04 16:06:25,471 [DEBUG] Tx: <7A6> (08) [ ]	 0422f1ef02000000
2026-08-04 16:06:25,476 [DEBUG] We've been asked to write a message to the bus
2026-08-04 16:06:25,477 [DEBUG] sending: Timestamp:        0.000000    ID:      7a6    S Rx       BS       DL:  8    04 22 f1 ef 02 00 00 00
2026-08-04 16:06:25,496 [DEBUG] Rx: <7AE> (08) [p]	 037f2213aaaaaaaa
2026-08-04 16:06:25,543 [INFO] TC_ID-301 - Received: 7F2213
2026-08-04 16:06:25,544 [WARNING] TC_ID-301 - PreCondition: PC_ID-038  Testcase:Incorrect message length(22F1EF02) -> ❌ FAIL - Expected 037F2213AAAAAAAA
2026-08-04 16:06:25,545 [DEBUG] Stopping CanStack
2026-08-04 16:06:25,546 [DEBUG] Main thread is exiting
2026-08-04 16:06:25,596 [DEBUG] CanStack Stopped
2026-08-04 16:06:25,597 [INFO] Connection closed
2026-08-04 16:06:25,598 [INFO] Running Test Case: TC_ID-302
2026-08-04 16:06:25,599 [DEBUG] Starting CanStack
2026-08-04 16:06:25,600 [DEBUG] Main thread has started
2026-08-04 16:06:25,601 [DEBUG] Relay thread has started
2026-08-04 16:06:25,602 [INFO] Connection opened
2026-08-04 16:06:25,602 [INFO] Switched to physical mode for TC: TC_ID-302 Step: PreCondition: PC_ID-038  Testcase:Incorrect message length(22F10001)
2026-08-04 16:06:25,603 [INFO] TC_ID-302 - PreCondition: PC_ID-038  Testcase:Incorrect message length(22F10001): SID=0x22, Sub=0xF10001, Expected=[3, 127, 34, 19, 170, 170, 170, 170]
2026-08-04 16:06:25,661 [INFO] TC_ID-302 - PreCondition: PC_ID-038  Testcase:Incorrect message length(22F10001): Sending request 22F10001
2026-08-04 16:06:25,662 [INFO] TC_ID-302 - PreCondition: PC_ID-038  Testcase:Incorrect message length(22F10001): Sending request 22F10001
2026-08-04 16:06:25,663 [DEBUG] Sending 4 bytes : [22f10001]
2026-08-04 16:06:25,663 [DEBUG] Enqueuing a SendRequest for 4 bytes and TAT=Physical
2026-08-04 16:06:25,664 [DEBUG] Tx: <7A6> (08) [ ]	 0422f10001000000
2026-08-04 16:06:25,665 [DEBUG] We've been asked to write a message to the bus
2026-08-04 16:06:25,665 [DEBUG] sending: Timestamp:        0.000000    ID:      7a6    S Rx       BS       DL:  8    04 22 f1 00 01 00 00 00
2026-08-04 16:06:25,671 [DEBUG] Rx: <7AE> (08) [p]	 037f2213aaaaaaaa
2026-08-04 16:06:25,721 [INFO] TC_ID-302 - Received: 7F2213
2026-08-04 16:06:25,726 [WARNING] TC_ID-302 - PreCondition: PC_ID-038  Testcase:Incorrect message length(22F10001) -> ❌ FAIL - Expected 037F2213AAAAAAAA
2026-08-04 16:06:25,729 [DEBUG] Stopping CanStack
2026-08-04 16:06:25,730 [DEBUG] Main thread is exiting
2026-08-04 16:06:25,772 [DEBUG] CanStack Stopped
2026-08-04 16:06:25,773 [INFO] Connection closed
2026-08-04 16:06:25,774 [INFO] Running Test Case: TC_ID-303
2026-08-04 16:06:25,776 [DEBUG] Starting CanStack
2026-08-04 16:06:25,778 [DEBUG] Main thread has started
2026-08-04 16:06:25,779 [DEBUG] Relay thread has started
2026-08-04 16:06:25,781 [INFO] Connection opened
2026-08-04 16:06:25,782 [INFO] Switched to physical mode for TC: TC_ID-303 Step: PreCondition: PC_ID-038  Testcase:Read DTC with Extended session(19 02)
2026-08-04 16:06:25,784 [INFO] TC_ID-303 - PreCondition: PC_ID-038  Testcase:Read DTC with Extended session(19 02): SID=0x19, Sub=0x02, Expected=[7, 89, 2, 8, 150, 3, 0, 8]
2026-08-04 16:06:25,848 [INFO] TC_ID-303 - PreCondition: PC_ID-038  Testcase:Read DTC with Extended session(19 02): Sending 190208
2026-08-04 16:06:25,849 [INFO] TC_ID-303 - PreCondition: PC_ID-038  Testcase:Read DTC with Extended session(19 02): Sending request 190208
2026-08-04 16:06:25,849 [DEBUG] Sending 3 bytes : [190208]
2026-08-04 16:06:25,850 [DEBUG] Enqueuing a SendRequest for 3 bytes and TAT=Physical
2026-08-04 16:06:25,852 [DEBUG] Tx: <7A6> (08) [ ]	 0319020800000000
2026-08-04 16:06:25,854 [DEBUG] We've been asked to write a message to the bus
2026-08-04 16:06:25,854 [DEBUG] sending: Timestamp:        0.000000    ID:      7a6    S Rx       BS       DL:  8    03 19 02 08 00 00 00 00
2026-08-04 16:06:25,860 [WARNING] -----------------------------------------------TC_ID-303 PreCondition: PC_ID-038  Testcase:Read DTC with Extended session(19 02) -> FAIL - Expected [89, 2, 8, 150, 3, 0, 8], got [89, 2]-----------------------------------------------
2026-08-04 16:06:25,863 [DEBUG] Rx: <7AE> (08) [p]	 03590200aaaaaaaa
2026-08-04 16:06:25,864 [DEBUG] Stopping CanStack
2026-08-04 16:06:25,867 [DEBUG] Main thread is exiting
2026-08-04 16:06:25,914 [DEBUG] CanStack Stopped
2026-08-04 16:06:25,917 [INFO] Connection closed
2026-08-04 16:06:25,919 [INFO] Running Test Case: PC_ID-039
2026-08-04 16:06:25,919 [DEBUG] Starting CanStack
2026-08-04 16:06:25,921 [DEBUG] Main thread has started
2026-08-04 16:06:25,922 [DEBUG] Relay thread has started
2026-08-04 16:06:25,923 [INFO] Connection opened
2026-08-04 16:06:25,924 [INFO] Switched to physical mode for TC: PC_ID-039 Step: Start Extended session(10 03)
2026-08-04 16:06:25,925 [INFO] PC_ID-039 - Start Extended session(10 03): SID=0x10, Sub=0x03, Expected=[6, 80, 3, 0, 50, 1, 244, 170]
2026-08-04 16:06:25,981 [INFO] PC_ID-039 - Start Extended session(10 03): Sending 1003
2026-08-04 16:06:26,032 [INFO] PC_ID-039 - Start Extended session(10 03): Sending request 1003
2026-08-04 16:06:26,033 [DEBUG] Sending 2 bytes : [1003]
2026-08-04 16:06:26,034 [DEBUG] Enqueuing a SendRequest for 2 bytes and TAT=Physical
2026-08-04 16:06:26,035 [DEBUG] Tx: <7A6> (08) [ ]	 0210030000000000
2026-08-04 16:06:26,036 [DEBUG] We've been asked to write a message to the bus
2026-08-04 16:06:26,038 [DEBUG] sending: Timestamp:        0.000000    ID:      7a6    S Rx       BS       DL:  8    02 10 03 00 00 00 00 00
2026-08-04 16:06:26,050 [INFO] PC_ID-039 - Received: 5003003201F4
2026-08-04 16:06:26,058 [WARNING] PC_ID-039 - Start Extended session(10 03) -> FAIL - Unexpected response
2026-08-04 16:06:26,060 [DEBUG] Rx: <7AE> (08) [p]	 065003003201f4aa
2026-08-04 16:06:26,063 [DEBUG] Stopping CanStack
2026-08-04 16:06:26,065 [DEBUG] Main thread is exiting
2026-08-04 16:06:26,108 [DEBUG] CanStack Stopped
2026-08-04 16:06:26,109 [INFO] Connection closed
2026-08-04 16:06:26,110 [INFO] Running Test Case: TC_ID-304
2026-08-04 16:06:26,110 [DEBUG] Starting CanStack
2026-08-04 16:06:26,112 [DEBUG] Main thread has started
2026-08-04 16:06:26,114 [DEBUG] Relay thread has started
2026-08-04 16:06:26,116 [INFO] Connection opened
2026-08-04 16:06:26,117 [INFO] Switched to physical mode for TC: TC_ID-304 Step: PreCondition: PC_ID-039  Testcase:Incorrect message length(10 03 01)
2026-08-04 16:06:26,118 [INFO] TC_ID-304 - PreCondition: PC_ID-039  Testcase:Incorrect message length(10 03 01): SID=0x10, Sub=0x0301, Expected=[3, 127, 16, 19, 170, 170, 170, 170]
2026-08-04 16:06:26,182 [INFO] TC_ID-304 - PreCondition: PC_ID-039  Testcase:Incorrect message length(10 03 01): Sending 100301
2026-08-04 16:06:26,233 [INFO] TC_ID-304 - PreCondition: PC_ID-039  Testcase:Incorrect message length(10 03 01): Sending request 100301
2026-08-04 16:06:26,234 [DEBUG] Sending 3 bytes : [100301]
2026-08-04 16:06:26,235 [DEBUG] Enqueuing a SendRequest for 3 bytes and TAT=Physical
2026-08-04 16:06:26,304 [DEBUG] Tx: <7A6> (08) [ ]	 0310030100000000
2026-08-04 16:06:26,305 [DEBUG] We've been asked to write a message to the bus
2026-08-04 16:06:26,306 [DEBUG] sending: Timestamp:        0.000000    ID:      7a6    S Rx       BS       DL:  8    03 10 03 01 00 00 00 00
2026-08-04 16:06:26,321 [INFO] TC_ID-304 - Received: 7F1013
2026-08-04 16:06:26,328 [WARNING] TC_ID-304 - PreCondition: PC_ID-039  Testcase:Incorrect message length(10 03 01) -> FAIL - Unexpected response
2026-08-04 16:06:26,329 [DEBUG] Rx: <7AE> (08) [p]	 037f1013aaaaaaaa
2026-08-04 16:06:26,329 [DEBUG] Stopping CanStack
2026-08-04 16:06:26,331 [DEBUG] Main thread is exiting
2026-08-04 16:06:26,378 [DEBUG] CanStack Stopped
2026-08-04 16:06:26,379 [INFO] Connection closed
2026-08-04 16:06:26,380 [INFO] Running Test Case: TC_ID-305
2026-08-04 16:06:26,381 [DEBUG] Starting CanStack
2026-08-04 16:06:26,382 [DEBUG] Main thread has started
2026-08-04 16:06:26,383 [DEBUG] Relay thread has started
2026-08-04 16:06:26,384 [INFO] Connection opened
2026-08-04 16:06:26,385 [INFO] Switched to physical mode for TC: TC_ID-305 Step: PreCondition: PC_ID-039  Testcase:Incorrect message length(22F18701)
2026-08-04 16:06:26,385 [INFO] TC_ID-305 - PreCondition: PC_ID-039  Testcase:Incorrect message length(22F18701): SID=0x22, Sub=0xF18701, Expected=[3, 127, 34, 19, 170, 170, 170, 170]
2026-08-04 16:06:26,446 [INFO] TC_ID-305 - PreCondition: PC_ID-039  Testcase:Incorrect message length(22F18701): Sending request 22F18701
2026-08-04 16:06:26,447 [INFO] TC_ID-305 - PreCondition: PC_ID-039  Testcase:Incorrect message length(22F18701): Sending request 22F18701
2026-08-04 16:06:26,448 [DEBUG] Sending 4 bytes : [22f18701]
2026-08-04 16:06:26,449 [DEBUG] Enqueuing a SendRequest for 4 bytes and TAT=Physical
2026-08-04 16:06:26,451 [DEBUG] Tx: <7A6> (08) [ ]	 0422f18701000000
2026-08-04 16:06:26,452 [DEBUG] We've been asked to write a message to the bus
2026-08-04 16:06:26,453 [DEBUG] sending: Timestamp:        0.000000    ID:      7a6    S Rx       BS       DL:  8    04 22 f1 87 01 00 00 00
2026-08-04 16:06:26,466 [DEBUG] Rx: <7AE> (08) [p]	 037f2213aaaaaaaa
2026-08-04 16:06:26,513 [INFO] TC_ID-305 - Received: 7F2213
2026-08-04 16:06:26,515 [WARNING] TC_ID-305 - PreCondition: PC_ID-039  Testcase:Incorrect message length(22F18701) -> ❌ FAIL - Expected 037F2213AAAAAAAA
2026-08-04 16:06:26,516 [DEBUG] Stopping CanStack
2026-08-04 16:06:26,517 [DEBUG] Main thread is exiting
2026-08-04 16:06:26,566 [DEBUG] CanStack Stopped
2026-08-04 16:06:26,567 [INFO] Connection closed
2026-08-04 16:06:26,568 [INFO] Running Test Case: TC_ID-306
2026-08-04 16:06:26,569 [DEBUG] Starting CanStack
2026-08-04 16:06:26,570 [DEBUG] Main thread has started
2026-08-04 16:06:26,571 [DEBUG] Relay thread has started
2026-08-04 16:06:26,572 [INFO] Connection opened
2026-08-04 16:06:26,573 [INFO] Switched to physical mode for TC: TC_ID-306 Step: PreCondition: PC_ID-039  Testcase:Incorrect message length(22F19703)
2026-08-04 16:06:26,573 [INFO] TC_ID-306 - PreCondition: PC_ID-039  Testcase:Incorrect message length(22F19703): SID=0x22, Sub=0xF19703, Expected=[3, 127, 34, 19, 170, 170, 170, 170]
2026-08-04 16:06:26,633 [INFO] TC_ID-306 - PreCondition: PC_ID-039  Testcase:Incorrect message length(22F19703): Sending request 22F19703
2026-08-04 16:06:26,634 [INFO] TC_ID-306 - PreCondition: PC_ID-039  Testcase:Incorrect message length(22F19703): Sending request 22F19703
2026-08-04 16:06:26,634 [DEBUG] Sending 4 bytes : [22f19703]
2026-08-04 16:06:26,635 [DEBUG] Enqueuing a SendRequest for 4 bytes and TAT=Physical
2026-08-04 16:06:26,636 [DEBUG] Tx: <7A6> (08) [ ]	 0422f19703000000
2026-08-04 16:06:26,636 [DEBUG] We've been asked to write a message to the bus
2026-08-04 16:06:26,637 [DEBUG] sending: Timestamp:        0.000000    ID:      7a6    S Rx       BS       DL:  8    04 22 f1 97 03 00 00 00
2026-08-04 16:06:26,654 [DEBUG] Rx: <7AE> (08) [p]	 037f2213aaaaaaaa
2026-08-04 16:06:26,703 [INFO] TC_ID-306 - Received: 7F2213
2026-08-04 16:06:26,704 [WARNING] TC_ID-306 - PreCondition: PC_ID-039  Testcase:Incorrect message length(22F19703) -> ❌ FAIL - Expected 037F2213AAAAAAAA
2026-08-04 16:06:26,705 [DEBUG] Stopping CanStack
2026-08-04 16:06:26,707 [DEBUG] Main thread is exiting
2026-08-04 16:06:26,752 [DEBUG] CanStack Stopped
2026-08-04 16:06:26,752 [INFO] Connection closed
2026-08-04 16:06:26,753 [INFO] Running Test Case: TC_ID-307
2026-08-04 16:06:26,754 [DEBUG] Starting CanStack
2026-08-04 16:06:26,755 [DEBUG] Main thread has started
2026-08-04 16:06:26,756 [DEBUG] Relay thread has started
2026-08-04 16:06:26,757 [INFO] Connection opened
2026-08-04 16:06:26,758 [INFO] Switched to physical mode for TC: TC_ID-307 Step: PreCondition: PC_ID-039  Testcase:Incorrect message length(22F1A101)
2026-08-04 16:06:26,758 [INFO] TC_ID-307 - PreCondition: PC_ID-039  Testcase:Incorrect message length(22F1A101): SID=0x22, Sub=0xF1A101, Expected=[3, 127, 34, 19, 170, 170, 170, 170]
2026-08-04 16:06:26,818 [INFO] TC_ID-307 - PreCondition: PC_ID-039  Testcase:Incorrect message length(22F1A101): Sending request 22F1A101
2026-08-04 16:06:26,819 [INFO] TC_ID-307 - PreCondition: PC_ID-039  Testcase:Incorrect message length(22F1A101): Sending request 22F1A101
2026-08-04 16:06:26,820 [DEBUG] Sending 4 bytes : [22f1a101]
2026-08-04 16:06:26,821 [DEBUG] Enqueuing a SendRequest for 4 bytes and TAT=Physical
2026-08-04 16:06:26,823 [DEBUG] Tx: <7A6> (08) [ ]	 0422f1a101000000
2026-08-04 16:06:26,824 [DEBUG] We've been asked to write a message to the bus
2026-08-04 16:06:26,825 [DEBUG] sending: Timestamp:        0.000000    ID:      7a6    S Rx       BS       DL:  8    04 22 f1 a1 01 00 00 00
2026-08-04 16:06:26,834 [DEBUG] Rx: <7AE> (08) [p]	 037f2213aaaaaaaa
2026-08-04 16:06:26,887 [INFO] TC_ID-307 - Received: 7F2213
2026-08-04 16:06:26,888 [WARNING] TC_ID-307 - PreCondition: PC_ID-039  Testcase:Incorrect message length(22F1A101) -> ❌ FAIL - Expected 037F2213AAAAAAAA
2026-08-04 16:06:26,889 [DEBUG] Stopping CanStack
2026-08-04 16:06:26,890 [DEBUG] Main thread is exiting
2026-08-04 16:06:26,935 [DEBUG] CanStack Stopped
2026-08-04 16:06:26,936 [INFO] Connection closed
2026-08-04 16:06:26,937 [INFO] Running Test Case: TC_ID-308
2026-08-04 16:06:26,938 [DEBUG] Starting CanStack
2026-08-04 16:06:26,940 [DEBUG] Main thread has started
2026-08-04 16:06:26,942 [DEBUG] Relay thread has started
2026-08-04 16:06:26,943 [INFO] Connection opened
2026-08-04 16:06:26,945 [INFO] Switched to physical mode for TC: TC_ID-308 Step: PreCondition: PC_ID-039  Testcase:Incorrect message length(22F1B104)
2026-08-04 16:06:26,946 [INFO] TC_ID-308 - PreCondition: PC_ID-039  Testcase:Incorrect message length(22F1B104): SID=0x22, Sub=0xF1B104, Expected=[3, 127, 34, 19, 170, 170, 170, 170]
2026-08-04 16:06:27,023 [INFO] TC_ID-308 - PreCondition: PC_ID-039  Testcase:Incorrect message length(22F1B104): Sending request 22F1B104
2026-08-04 16:06:27,026 [INFO] TC_ID-308 - PreCondition: PC_ID-039  Testcase:Incorrect message length(22F1B104): Sending request 22F1B104
2026-08-04 16:06:27,027 [DEBUG] Sending 4 bytes : [22f1b104]
2026-08-04 16:06:27,029 [DEBUG] Enqueuing a SendRequest for 4 bytes and TAT=Physical
2026-08-04 16:06:27,030 [DEBUG] Tx: <7A6> (08) [ ]	 0422f1b104000000
2026-08-04 16:06:27,031 [DEBUG] We've been asked to write a message to the bus
2026-08-04 16:06:27,032 [DEBUG] sending: Timestamp:        0.000000    ID:      7a6    S Rx       BS       DL:  8    04 22 f1 b1 04 00 00 00
2026-08-04 16:06:27,041 [DEBUG] Rx: <7AE> (08) [p]	 037f2213aaaaaaaa
2026-08-04 16:06:27,095 [INFO] TC_ID-308 - Received: 7F2213
2026-08-04 16:06:27,100 [WARNING] TC_ID-308 - PreCondition: PC_ID-039  Testcase:Incorrect message length(22F1B104) -> ❌ FAIL - Expected 037F2213AAAAAAAA
2026-08-04 16:06:27,101 [DEBUG] Stopping CanStack
2026-08-04 16:06:27,102 [DEBUG] Main thread is exiting
2026-08-04 16:06:27,143 [DEBUG] CanStack Stopped
2026-08-04 16:06:27,146 [INFO] Connection closed
2026-08-04 16:06:27,148 [INFO] Running Test Case: TC_ID-309
2026-08-04 16:06:27,150 [DEBUG] Starting CanStack
2026-08-04 16:06:27,154 [DEBUG] Main thread has started
2026-08-04 16:06:27,156 [DEBUG] Relay thread has started
2026-08-04 16:06:27,160 [INFO] Connection opened
2026-08-04 16:06:27,162 [INFO] Switched to physical mode for TC: TC_ID-309 Step: PreCondition: PC_ID-039  Testcase:Incorrect message length(22F13101)
2026-08-04 16:06:27,164 [INFO] TC_ID-309 - PreCondition: PC_ID-039  Testcase:Incorrect message length(22F13101): SID=0x22, Sub=0xF13101, Expected=[3, 127, 34, 19, 170, 170, 170, 170]
2026-08-04 16:06:27,268 [INFO] TC_ID-309 - PreCondition: PC_ID-039  Testcase:Incorrect message length(22F13101): Sending request 22F13101
2026-08-04 16:06:27,269 [INFO] TC_ID-309 - PreCondition: PC_ID-039  Testcase:Incorrect message length(22F13101): Sending request 22F13101
2026-08-04 16:06:27,270 [DEBUG] Sending 4 bytes : [22f13101]
2026-08-04 16:06:27,272 [DEBUG] Enqueuing a SendRequest for 4 bytes and TAT=Physical
2026-08-04 16:06:27,274 [DEBUG] Tx: <7A6> (08) [ ]	 0422f13101000000
2026-08-04 16:06:27,275 [DEBUG] We've been asked to write a message to the bus
2026-08-04 16:06:27,276 [DEBUG] sending: Timestamp:        0.000000    ID:      7a6    S Rx       BS       DL:  8    04 22 f1 31 01 00 00 00
2026-08-04 16:06:27,293 [DEBUG] Rx: <7AE> (08) [p]	 037f2213aaaaaaaa
2026-08-04 16:06:27,343 [INFO] TC_ID-309 - Received: 7F2213
2026-08-04 16:06:27,344 [WARNING] TC_ID-309 - PreCondition: PC_ID-039  Testcase:Incorrect message length(22F13101) -> ❌ FAIL - Expected 037F2213AAAAAAAA
2026-08-04 16:06:27,345 [DEBUG] Stopping CanStack
2026-08-04 16:06:27,346 [DEBUG] Main thread is exiting
2026-08-04 16:06:27,393 [DEBUG] CanStack Stopped
2026-08-04 16:06:27,394 [INFO] Connection closed
2026-08-04 16:06:27,395 [INFO] Running Test Case: TC_ID-310
2026-08-04 16:06:27,396 [DEBUG] Starting CanStack
2026-08-04 16:06:27,397 [DEBUG] Main thread has started
2026-08-04 16:06:27,398 [DEBUG] Relay thread has started
2026-08-04 16:06:27,400 [INFO] Connection opened
2026-08-04 16:06:27,400 [INFO] Switched to physical mode for TC: TC_ID-310 Step: PreCondition: PC_ID-039  Testcase:Incorrect message length(22F1C101)
2026-08-04 16:06:27,401 [INFO] TC_ID-310 - PreCondition: PC_ID-039  Testcase:Incorrect message length(22F1C101): SID=0x22, Sub=0xF1C101, Expected=[3, 127, 34, 19, 170, 170, 170, 170]
2026-08-04 16:06:27,464 [INFO] TC_ID-310 - PreCondition: PC_ID-039  Testcase:Incorrect message length(22F1C101): Sending request 22F1C101
2026-08-04 16:06:27,464 [INFO] TC_ID-310 - PreCondition: PC_ID-039  Testcase:Incorrect message length(22F1C101): Sending request 22F1C101
2026-08-04 16:06:27,465 [DEBUG] Sending 4 bytes : [22f1c101]
2026-08-04 16:06:27,466 [DEBUG] Enqueuing a SendRequest for 4 bytes and TAT=Physical
2026-08-04 16:06:27,468 [DEBUG] Tx: <7A6> (08) [ ]	 0422f1c101000000
2026-08-04 16:06:27,469 [DEBUG] We've been asked to write a message to the bus
2026-08-04 16:06:27,470 [DEBUG] sending: Timestamp:        0.000000    ID:      7a6    S Rx       BS       DL:  8    04 22 f1 c1 01 00 00 00
2026-08-04 16:06:27,492 [DEBUG] Rx: <7AE> (08) [p]	 037f2213aaaaaaaa
2026-08-04 16:06:27,540 [INFO] TC_ID-310 - Received: 7F2213
2026-08-04 16:06:27,541 [WARNING] TC_ID-310 - PreCondition: PC_ID-039  Testcase:Incorrect message length(22F1C101) -> ❌ FAIL - Expected 037F2213AAAAAAAA
2026-08-04 16:06:27,542 [DEBUG] Stopping CanStack
2026-08-04 16:06:27,543 [DEBUG] Main thread is exiting
2026-08-04 16:06:27,593 [DEBUG] CanStack Stopped
2026-08-04 16:06:27,593 [INFO] Connection closed
2026-08-04 16:06:27,594 [INFO] Running Test Case: TC_ID-311
2026-08-04 16:06:27,595 [DEBUG] Starting CanStack
2026-08-04 16:06:27,596 [DEBUG] Main thread has started
2026-08-04 16:06:27,597 [DEBUG] Relay thread has started
2026-08-04 16:06:27,598 [INFO] Connection opened
2026-08-04 16:06:27,598 [INFO] Switched to physical mode for TC: TC_ID-311 Step: PreCondition: PC_ID-039  Testcase:Read DTC with Extended session(19 02)
2026-08-04 16:06:27,599 [INFO] TC_ID-311 - PreCondition: PC_ID-039  Testcase:Read DTC with Extended session(19 02): SID=0x19, Sub=0x02, Expected=[7, 89, 2, 8, 150, 3, 0, 8]
2026-08-04 16:06:27,660 [INFO] TC_ID-311 - PreCondition: PC_ID-039  Testcase:Read DTC with Extended session(19 02): Sending 190208
2026-08-04 16:06:27,660 [INFO] TC_ID-311 - PreCondition: PC_ID-039  Testcase:Read DTC with Extended session(19 02): Sending request 190208
2026-08-04 16:06:27,661 [DEBUG] Sending 3 bytes : [190208]
2026-08-04 16:06:27,662 [DEBUG] Enqueuing a SendRequest for 3 bytes and TAT=Physical
2026-08-04 16:06:27,665 [DEBUG] Tx: <7A6> (08) [ ]	 0319020800000000
2026-08-04 16:06:27,666 [DEBUG] We've been asked to write a message to the bus
2026-08-04 16:06:27,667 [DEBUG] sending: Timestamp:        0.000000    ID:      7a6    S Rx       BS       DL:  8    03 19 02 08 00 00 00 00
2026-08-04 16:06:27,692 [DEBUG] Rx: <7AE> (08) [p]	 03590200aaaaaaaa
2026-08-04 16:06:27,693 [WARNING] -----------------------------------------------TC_ID-311 PreCondition: PC_ID-039  Testcase:Read DTC with Extended session(19 02) -> FAIL - Expected [89, 2, 8, 150, 3, 0, 8], got [89, 2]-----------------------------------------------
2026-08-04 16:06:27,694 [DEBUG] Stopping CanStack
2026-08-04 16:06:27,696 [DEBUG] Main thread is exiting
2026-08-04 16:06:27,743 [DEBUG] CanStack Stopped
2026-08-04 16:06:27,746 [INFO] Connection closed
2026-08-04 16:06:27,750 [INFO] Running Test Case: PC_ID-040
2026-08-04 16:06:27,753 [DEBUG] Starting CanStack
2026-08-04 16:06:27,754 [DEBUG] Main thread has started
2026-08-04 16:06:27,755 [DEBUG] Relay thread has started
2026-08-04 16:06:27,757 [INFO] Connection opened
2026-08-04 16:06:27,758 [INFO] Switched to physical mode for TC: PC_ID-040 Step: Seed Request
2026-08-04 16:06:27,758 [INFO] PC_ID-040 - Seed Request: SID=0x27, Sub=0x11, Expected=[16, 10, 103, 17, 167, 14, 132, 124, 156, 192, 57, 101]
2026-08-04 16:06:27,810 [INFO] PC_ID-040 - Seed Request: Sending request 2711
2026-08-04 16:06:27,811 [DEBUG] Sending 2 bytes : [2711]
2026-08-04 16:06:27,812 [DEBUG] Enqueuing a SendRequest for 2 bytes and TAT=Physical
2026-08-04 16:06:27,813 [DEBUG] Tx: <7A6> (08) [ ]	 0227110000000000
2026-08-04 16:06:27,814 [DEBUG] We've been asked to write a message to the bus
2026-08-04 16:06:27,814 [DEBUG] sending: Timestamp:        0.000000    ID:      7a6    S Rx       BS       DL:  8    02 27 11 00 00 00 00 00
2026-08-04 16:06:27,821 [DEBUG] We've been asked to write a message to the bus
2026-08-04 16:06:27,822 [DEBUG] Rx: <7AE> (08) [p]	 100a6711ee96c3a0
2026-08-04 16:06:27,823 [DEBUG] sending: Timestamp:        0.000000    ID:      7a6    S Rx       BS       DL:  8    30 08 0a 00 00 00 00 00
2026-08-04 16:06:27,824 [DEBUG] Tx: <7A6> (08) [ ]	 30080a0000000000
2026-08-04 16:06:27,825 [DEBUG] We've been asked to write a message to the bus
2026-08-04 16:06:27,826 [DEBUG] sending: Timestamp:        0.000000    ID:      7a6    S Rx       BS       DL:  8    30 08 0a 00 00 00 00 00
2026-08-04 16:06:27,828 [DEBUG] TxState=IDLE - RxState=WAIT_CF
2026-08-04 16:06:27,845 [DEBUG] PC_ID-040 Seed Request -> Received payload: [103, 17, 238, 150, 195, 160, 254, 108, 145, 56]
2026-08-04 16:06:27,850 [INFO] -----------------------------------------------PC_ID-040 Seed Request -> PASS-----------------------------------------------
2026-08-04 16:06:27,852 [DEBUG] Rx: <7AE> (08) [p]	 21fe6c9138aaaaaa
2026-08-04 16:06:27,853 [INFO] Received Seed (subfunc 0x11): ee96c3a0fe6c9138
2026-08-04 16:06:27,904 [DEBUG] TxState=IDLE - RxState=IDLE
2026-08-04 16:06:28,354 [INFO] Attempt 1: Sending seed to PC...
2026-08-04 16:06:28,423 [INFO] Received Key (for subfunc 0x12): b'\xcf\x83\xbe\xbc\xa5g\x86='
2026-08-04 16:06:28,424 [DEBUG] Stopping CanStack
2026-08-04 16:06:28,425 [DEBUG] Main thread is exiting
2026-08-04 16:06:28,451 [DEBUG] CanStack Stopped
2026-08-04 16:06:28,452 [INFO] Connection closed
2026-08-04 16:06:28,453 [INFO] Running Test Case: TC_ID-312
2026-08-04 16:06:28,454 [DEBUG] Starting CanStack
2026-08-04 16:06:28,455 [DEBUG] Main thread has started
2026-08-04 16:06:28,456 [DEBUG] Relay thread has started
2026-08-04 16:06:28,458 [INFO] Connection opened
2026-08-04 16:06:28,459 [INFO] Switched to physical mode for TC: TC_ID-312 Step: PreCondition: PC_ID-040  Testcase:Exceed number of attempts
2026-08-04 16:06:28,460 [INFO] TC_ID-312 - PreCondition: PC_ID-040  Testcase:Exceed number of attempts: SID=0x27, Sub=0x12, Expected=[3, 127, 39, 54, 170, 170, 170, 170]
2026-08-04 16:06:28,521 [INFO] TC_ID-312 - PreCondition: PC_ID-040  Testcase:Exceed number of attempts: Sending request 2712CF83BEBCA567863D
2026-08-04 16:06:28,522 [DEBUG] Sending 10 bytes : [2712cf83bebca567863d]
2026-08-04 16:06:28,522 [DEBUG] Enqueuing a SendRequest for 10 bytes and TAT=Physical
2026-08-04 16:06:28,523 [DEBUG] Tx: <7A6> (08) [ ]	 100a2712cf83bebc
2026-08-04 16:06:28,524 [DEBUG] We've been asked to write a message to the bus
2026-08-04 16:06:28,524 [DEBUG] sending: Timestamp:        0.000000    ID:      7a6    S Rx       BS       DL:  8    10 0a 27 12 cf 83 be bc
2026-08-04 16:06:28,525 [DEBUG] TxState=WAIT_FC - RxState=IDLE
2026-08-04 16:06:28,533 [DEBUG] Rx: <7AE> (08) [p]	 30080aaaaaaaaaaa
2026-08-04 16:06:28,535 [DEBUG] TxState=TRANSMIT_CF - RxState=IDLE
2026-08-04 16:06:28,546 [DEBUG] Tx: <7A6> (08) [ ]	 21a567863d000000
2026-08-04 16:06:28,549 [DEBUG] We've been asked to write a message to the bus
2026-08-04 16:06:28,553 [DEBUG] sending: Timestamp:        0.000000    ID:      7a6    S Rx       BS       DL:  8    21 a5 67 86 3d 00 00 00
2026-08-04 16:06:28,554 [DEBUG] TxState=IDLE - RxState=IDLE
2026-08-04 16:06:28,564 [DEBUG] TC_ID-312 PreCondition: PC_ID-040  Testcase:Exceed number of attempts -> Received payload: [103, 18]
2026-08-04 16:06:28,566 [DEBUG] Rx: <7AE> (08) [p]	 026712aaaaaaaaaa
2026-08-04 16:06:28,567 [WARNING] -----------------------------------------------TC_ID-312 PreCondition: PC_ID-040  Testcase:Exceed number of attempts -> FAIL - Expected Negative Response (0x7F), but got Positive Response: [103, 18]-----------------------------------------------
2026-08-04 16:06:28,569 [DEBUG] Stopping CanStack
2026-08-04 16:06:28,571 [DEBUG] Main thread is exiting
2026-08-04 16:06:28,618 [DEBUG] CanStack Stopped
2026-08-04 16:06:28,621 [INFO] Connection closed
2026-08-04 16:06:28,625 [INFO] Running Test Case: PC_ID-041
2026-08-04 16:06:28,627 [DEBUG] Starting CanStack
2026-08-04 16:06:28,629 [DEBUG] Main thread has started
2026-08-04 16:06:28,630 [DEBUG] Relay thread has started
2026-08-04 16:06:28,631 [INFO] Connection opened
2026-08-04 16:06:28,632 [INFO] Switched to physical mode for TC: PC_ID-041 Step: Seed Request
2026-08-04 16:06:28,633 [INFO] PC_ID-041 - Seed Request: SID=0x27, Sub=0x11, Expected=[16, 10, 103, 17, 167, 14, 132, 124, 156, 192, 57, 101]
2026-08-04 16:06:28,684 [INFO] PC_ID-041 - Seed Request: Sending request 2711
2026-08-04 16:06:28,685 [DEBUG] Sending 2 bytes : [2711]
2026-08-04 16:06:28,685 [DEBUG] Enqueuing a SendRequest for 2 bytes and TAT=Physical
2026-08-04 16:06:28,687 [DEBUG] Tx: <7A6> (08) [ ]	 0227110000000000
2026-08-04 16:06:28,687 [DEBUG] We've been asked to write a message to the bus
2026-08-04 16:06:28,688 [DEBUG] sending: Timestamp:        0.000000    ID:      7a6    S Rx       BS       DL:  8    02 27 11 00 00 00 00 00
2026-08-04 16:06:28,694 [DEBUG] We've been asked to write a message to the bus
2026-08-04 16:06:28,695 [DEBUG] Rx: <7AE> (08) [p]	 100a6711de0c4ae8
2026-08-04 16:06:28,695 [DEBUG] sending: Timestamp:        0.000000    ID:      7a6    S Rx       BS       DL:  8    30 08 0a 00 00 00 00 00
2026-08-04 16:06:28,696 [DEBUG] Tx: <7A6> (08) [ ]	 30080a0000000000
2026-08-04 16:06:28,698 [DEBUG] We've been asked to write a message to the bus
2026-08-04 16:06:28,699 [DEBUG] sending: Timestamp:        0.000000    ID:      7a6    S Rx       BS       DL:  8    30 08 0a 00 00 00 00 00
2026-08-04 16:06:28,701 [DEBUG] TxState=IDLE - RxState=WAIT_CF
2026-08-04 16:06:28,719 [DEBUG] PC_ID-041 Seed Request -> Received payload: [103, 17, 222, 12, 74, 232, 75, 130, 157, 41]
2026-08-04 16:06:28,722 [DEBUG] Rx: <7AE> (08) [p]	 214b829d29aaaaaa
2026-08-04 16:06:28,723 [INFO] -----------------------------------------------PC_ID-041 Seed Request -> PASS-----------------------------------------------
2026-08-04 16:06:28,724 [INFO] Received Seed (subfunc 0x11): de0c4ae84b829d29
2026-08-04 16:06:28,774 [DEBUG] TxState=IDLE - RxState=IDLE
2026-08-04 16:06:29,225 [INFO] Attempt 1: Sending seed to PC...
2026-08-04 16:06:29,256 [INFO] Received Key (for subfunc 0x12): b'\x94[\xe7\x01H\xacX.'
2026-08-04 16:06:29,257 [DEBUG] Stopping CanStack
2026-08-04 16:06:29,258 [DEBUG] Main thread is exiting
2026-08-04 16:06:29,269 [DEBUG] CanStack Stopped
2026-08-04 16:06:29,270 [INFO] Connection closed
2026-08-04 16:06:29,272 [INFO] Running Test Case: TC_ID-313
2026-08-04 16:06:29,273 [DEBUG] Starting CanStack
2026-08-04 16:06:29,275 [DEBUG] Main thread has started
2026-08-04 16:06:29,279 [DEBUG] Relay thread has started
2026-08-04 16:06:29,285 [INFO] Connection opened
2026-08-04 16:06:29,288 [INFO] Switched to physical mode for TC: TC_ID-313 Step: PreCondition: PC_ID-041  Testcase:Required time delay
2026-08-04 16:06:29,290 [INFO] TC_ID-313 - PreCondition: PC_ID-041  Testcase:Required time delay: SID=0x27, Sub=0x12, Expected=[3, 127, 39, 55, 170, 170, 170, 170]
2026-08-04 16:06:29,348 [INFO] TC_ID-313 - PreCondition: PC_ID-041  Testcase:Required time delay: Sending request 2712945BE70148AC582E
2026-08-04 16:06:29,349 [DEBUG] Sending 10 bytes : [2712945be70148ac582e]
2026-08-04 16:06:29,350 [DEBUG] Enqueuing a SendRequest for 10 bytes and TAT=Physical
2026-08-04 16:06:29,352 [DEBUG] Tx: <7A6> (08) [ ]	 100a2712945be701
2026-08-04 16:06:29,353 [DEBUG] We've been asked to write a message to the bus
2026-08-04 16:06:29,353 [DEBUG] sending: Timestamp:        0.000000    ID:      7a6    S Rx       BS       DL:  8    10 0a 27 12 94 5b e7 01
2026-08-04 16:06:29,354 [DEBUG] TxState=WAIT_FC - RxState=IDLE
2026-08-04 16:06:29,358 [DEBUG] Rx: <7AE> (08) [p]	 30080aaaaaaaaaaa
2026-08-04 16:06:29,359 [DEBUG] TxState=TRANSMIT_CF - RxState=IDLE
2026-08-04 16:06:29,370 [DEBUG] Tx: <7A6> (08) [ ]	 2148ac582e000000
2026-08-04 16:06:29,372 [DEBUG] We've been asked to write a message to the bus
2026-08-04 16:06:29,373 [DEBUG] sending: Timestamp:        0.000000    ID:      7a6    S Rx       BS       DL:  8    21 48 ac 58 2e 00 00 00
2026-08-04 16:06:29,375 [DEBUG] TxState=IDLE - RxState=IDLE
2026-08-04 16:06:29,387 [DEBUG] TC_ID-313 PreCondition: PC_ID-041  Testcase:Required time delay -> Received payload: [103, 18]
2026-08-04 16:06:29,392 [WARNING] -----------------------------------------------TC_ID-313 PreCondition: PC_ID-041  Testcase:Required time delay -> FAIL - Expected Negative Response (0x7F), but got Positive Response: [103, 18]-----------------------------------------------
2026-08-04 16:06:29,393 [DEBUG] Rx: <7AE> (08) [p]	 026712aaaaaaaaaa
2026-08-04 16:06:29,394 [DEBUG] Stopping CanStack
2026-08-04 16:06:29,395 [DEBUG] Main thread is exiting
2026-08-04 16:06:29,442 [DEBUG] CanStack Stopped
2026-08-04 16:06:29,443 [INFO] Connection closed
2026-08-04 16:06:29,444 [INFO] Running Test Case: TC_ID-314
2026-08-04 16:06:29,445 [DEBUG] Starting CanStack
2026-08-04 16:06:29,446 [DEBUG] Main thread has started
2026-08-04 16:06:29,447 [DEBUG] Relay thread has started
2026-08-04 16:06:29,448 [INFO] Connection opened
2026-08-04 16:06:29,448 [INFO] Switched to physical mode for TC: TC_ID-314 Step: PreCondition: PC_ID-041  Testcase:Request Sequence error
2026-08-04 16:06:29,449 [INFO] TC_ID-314 - PreCondition: PC_ID-041  Testcase:Request Sequence error: SID=0x27, Sub=0x12, Expected=[3, 127, 39, 36, 170, 170, 170, 170]
2026-08-04 16:06:29,506 [INFO] TC_ID-314 - PreCondition: PC_ID-041  Testcase:Request Sequence error: Sending request 2712945BE70148AC582E
2026-08-04 16:06:29,506 [DEBUG] Sending 10 bytes : [2712945be70148ac582e]
2026-08-04 16:06:29,507 [DEBUG] Enqueuing a SendRequest for 10 bytes and TAT=Physical
2026-08-04 16:06:29,508 [DEBUG] Tx: <7A6> (08) [ ]	 100a2712945be701
2026-08-04 16:06:29,509 [DEBUG] We've been asked to write a message to the bus
2026-08-04 16:06:29,509 [DEBUG] sending: Timestamp:        0.000000    ID:      7a6    S Rx       BS       DL:  8    10 0a 27 12 94 5b e7 01
2026-08-04 16:06:29,510 [DEBUG] TxState=WAIT_FC - RxState=IDLE
2026-08-04 16:06:29,517 [DEBUG] Rx: <7AE> (08) [p]	 30080aaaaaaaaaaa
2026-08-04 16:06:29,519 [DEBUG] TxState=TRANSMIT_CF - RxState=IDLE
2026-08-04 16:06:29,531 [DEBUG] Tx: <7A6> (08) [ ]	 2148ac582e000000
2026-08-04 16:06:29,534 [DEBUG] We've been asked to write a message to the bus
2026-08-04 16:06:29,537 [DEBUG] sending: Timestamp:        0.000000    ID:      7a6    S Rx       BS       DL:  8    21 48 ac 58 2e 00 00 00
2026-08-04 16:06:29,538 [DEBUG] TxState=IDLE - RxState=IDLE
2026-08-04 16:06:29,548 [DEBUG] TC_ID-314 PreCondition: PC_ID-041  Testcase:Request Sequence error -> Received payload: [127, 39, 36]
2026-08-04 16:06:29,550 [INFO] -----------------------------------------------TC_ID-314 PreCondition: PC_ID-041  Testcase:Request Sequence error -> PASS-----------------------------------------------
2026-08-04 16:06:29,552 [DEBUG] Stopping CanStack
2026-08-04 16:06:29,553 [DEBUG] Rx: <7AE> (08) [p]	 037f2724aaaaaaaa
2026-08-04 16:06:29,555 [DEBUG] Main thread is exiting
2026-08-04 16:06:29,603 [DEBUG] CanStack Stopped
2026-08-04 16:06:29,607 [INFO] Connection closed
2026-08-04 16:06:29,610 [INFO] Running Test Case: PC_ID-042
2026-08-04 16:06:29,612 [DEBUG] Starting CanStack
2026-08-04 16:06:29,613 [DEBUG] Main thread has started
2026-08-04 16:06:29,614 [DEBUG] Relay thread has started
2026-08-04 16:06:29,616 [INFO] Connection opened
2026-08-04 16:06:29,617 [INFO] Switched to physical mode for TC: PC_ID-042 Step: Start Programming session(10 02)
2026-08-04 16:06:29,617 [INFO] PC_ID-042 - Start Programming session(10 02): SID=0x10, Sub=0x02, Expected=[6, 80, 2, 0, 50, 0, 200, 0]
2026-08-04 16:06:29,674 [INFO] PC_ID-042 - Start Programming session(10 02): Sending 1002
2026-08-04 16:06:29,722 [INFO] PC_ID-042 - Start Programming session(10 02): Sending request 1002
2026-08-04 16:06:29,723 [DEBUG] Sending 2 bytes : [1002]
2026-08-04 16:06:29,723 [DEBUG] Enqueuing a SendRequest for 2 bytes and TAT=Physical
2026-08-04 16:06:29,724 [DEBUG] Tx: <7A6> (08) [ ]	 0210020000000000
2026-08-04 16:06:29,725 [DEBUG] We've been asked to write a message to the bus
2026-08-04 16:06:29,725 [DEBUG] sending: Timestamp:        0.000000    ID:      7a6    S Rx       BS       DL:  8    02 10 02 00 00 00 00 00
2026-08-04 16:06:29,768 [INFO] PC_ID-042 - Received: 5002003200C8
2026-08-04 16:06:29,770 [WARNING] PC_ID-042 - Start Programming session(10 02) -> FAIL - Unexpected response
2026-08-04 16:06:29,771 [DEBUG] Stopping CanStack
2026-08-04 16:06:29,772 [DEBUG] Rx: <7AE> (08) [p]	 065002003200c800
2026-08-04 16:06:29,773 [DEBUG] Main thread is exiting
2026-08-04 16:06:29,822 [DEBUG] CanStack Stopped
2026-08-04 16:06:29,822 [INFO] Connection closed
2026-08-04 16:06:29,823 [INFO] Running Test Case: TC_ID-315
2026-08-04 16:06:29,824 [DEBUG] Starting CanStack
2026-08-04 16:06:29,825 [DEBUG] Main thread has started
2026-08-04 16:06:29,826 [DEBUG] Relay thread has started
2026-08-04 16:06:29,827 [INFO] Connection opened
2026-08-04 16:06:29,827 [INFO] Switched to physical mode for TC: TC_ID-315 Step: PreCondition: PC_ID-042  Testcase:Incorrect message length(10 02 01)
2026-08-04 16:06:29,828 [INFO] TC_ID-315 - PreCondition: PC_ID-042  Testcase:Incorrect message length(10 02 01): SID=0x10, Sub=0x0201, Expected=[3, 127, 16, 19, 170, 170, 170, 170]
2026-08-04 16:06:29,886 [INFO] TC_ID-315 - PreCondition: PC_ID-042  Testcase:Incorrect message length(10 02 01): Sending 100201
2026-08-04 16:06:29,934 [INFO] TC_ID-315 - PreCondition: PC_ID-042  Testcase:Incorrect message length(10 02 01): Sending request 100201
2026-08-04 16:06:29,935 [DEBUG] Sending 3 bytes : [100201]
2026-08-04 16:06:29,936 [DEBUG] Enqueuing a SendRequest for 3 bytes and TAT=Physical
2026-08-04 16:06:29,937 [DEBUG] Tx: <7A6> (08) [ ]	 0310020100000000
2026-08-04 16:06:29,937 [DEBUG] We've been asked to write a message to the bus
2026-08-04 16:06:29,938 [DEBUG] sending: Timestamp:        0.000000    ID:      7a6    S Rx       BS       DL:  8    03 10 02 01 00 00 00 00
2026-08-04 16:06:29,950 [DEBUG] Rx: <7AE> (08) [p]	 037f10133200c800
2026-08-04 16:06:29,951 [INFO] TC_ID-315 - Received: 7F1013
2026-08-04 16:06:29,953 [WARNING] TC_ID-315 - PreCondition: PC_ID-042  Testcase:Incorrect message length(10 02 01) -> FAIL - Unexpected response
2026-08-04 16:06:29,957 [DEBUG] Stopping CanStack
2026-08-04 16:06:29,961 [DEBUG] Main thread is exiting
2026-08-04 16:06:30,001 [DEBUG] CanStack Stopped
2026-08-04 16:06:30,002 [INFO] Connection closed
2026-08-04 16:06:30,002 [INFO] Running Test Case: TC_ID-316
2026-08-04 16:06:30,003 [DEBUG] Starting CanStack
2026-08-04 16:06:30,005 [DEBUG] Main thread has started
2026-08-04 16:06:30,006 [DEBUG] Relay thread has started
2026-08-04 16:06:30,008 [INFO] Connection opened
2026-08-04 16:06:30,010 [INFO] Switched to physical mode for TC: TC_ID-316 Step: PreCondition: PC_ID-042  Testcase:Read DTC with Extended session(19 02)
2026-08-04 16:06:30,011 [INFO] TC_ID-316 - PreCondition: PC_ID-042  Testcase:Read DTC with Extended session(19 02): SID=0x19, Sub=0x02, Expected=[7, 89, 2, 8, 150, 3, 0, 8]
2026-08-04 16:06:30,076 [INFO] TC_ID-316 - PreCondition: PC_ID-042  Testcase:Read DTC with Extended session(19 02): Sending 190208
2026-08-04 16:06:30,079 [INFO] TC_ID-316 - PreCondition: PC_ID-042  Testcase:Read DTC with Extended session(19 02): Sending request 190208
2026-08-04 16:06:30,080 [DEBUG] Sending 3 bytes : [190208]
2026-08-04 16:06:30,081 [DEBUG] Enqueuing a SendRequest for 3 bytes and TAT=Physical
2026-08-04 16:06:30,082 [DEBUG] Tx: <7A6> (08) [ ]	 0319020800000000
2026-08-04 16:06:30,083 [DEBUG] We've been asked to write a message to the bus
2026-08-04 16:06:30,084 [DEBUG] sending: Timestamp:        0.000000    ID:      7a6    S Rx       BS       DL:  8    03 19 02 08 00 00 00 00
2026-08-04 16:06:30,232 [INFO] TC_ID-316 PreCondition: PC_ID-042  Testcase:Read DTC with Extended session(19 02) -> Waiting for response (P2=0.15s, P2*=5.0s)
2026-08-04 16:06:30,383 [DEBUG] No data received: [TimeoutException] - Did not receive IsoTP frame from the Transport layer in time (timeout=0.15 sec) 
2026-08-04 16:06:30,434 [WARNING] TC_ID-316 - No response received
2026-08-04 16:06:30,435 [DEBUG] Stopping CanStack
2026-08-04 16:06:30,436 [DEBUG] Main thread is exiting
2026-08-04 16:06:30,462 [DEBUG] CanStack Stopped
2026-08-04 16:06:30,463 [INFO] Connection closed
2026-08-04 16:06:30,464 [INFO] Running Test Case: PC_ID-70
2026-08-04 16:06:30,465 [DEBUG] Starting CanStack
2026-08-04 16:06:30,466 [DEBUG] Main thread has started
2026-08-04 16:06:30,467 [DEBUG] Relay thread has started
2026-08-04 16:06:30,469 [INFO] Connection opened
2026-08-04 16:06:30,470 [INFO] Switched to physical mode for TC: PC_ID-70 Step: Start Extended session(10 03)
2026-08-04 16:06:30,471 [INFO] PC_ID-70 - Start Extended session(10 03): SID=0x10, Sub=0x03, Expected=[6, 80, 3, 0, 50, 0, 200, 170]
2026-08-04 16:06:30,525 [INFO] PC_ID-70 - Start Extended session(10 03): Sending 1003
2026-08-04 16:06:30,574 [INFO] PC_ID-70 - Start Extended session(10 03): Sending request 1003
2026-08-04 16:06:30,575 [DEBUG] Sending 2 bytes : [1003]
2026-08-04 16:06:30,576 [DEBUG] Enqueuing a SendRequest for 2 bytes and TAT=Physical
2026-08-04 16:06:30,577 [DEBUG] Tx: <7A6> (08) [ ]	 0210030000000000
2026-08-04 16:06:30,578 [DEBUG] We've been asked to write a message to the bus
2026-08-04 16:06:30,578 [DEBUG] sending: Timestamp:        0.000000    ID:      7a6    S Rx       BS       DL:  8    02 10 03 00 00 00 00 00
2026-08-04 16:06:30,588 [INFO] PC_ID-70 - Received: 5003003200C8
2026-08-04 16:06:30,591 [WARNING] PC_ID-70 - Start Extended session(10 03) -> FAIL - Unexpected response
2026-08-04 16:06:30,593 [DEBUG] Rx: <7AE> (08) [p]	 065003003200c800
2026-08-04 16:06:30,597 [DEBUG] Stopping CanStack
2026-08-04 16:06:30,604 [DEBUG] Main thread is exiting
2026-08-04 16:06:30,642 [DEBUG] CanStack Stopped
2026-08-04 16:06:30,643 [INFO] Connection closed
2026-08-04 16:06:30,644 [INFO] Running Test Case: TC_ID-648
2026-08-04 16:06:30,645 [DEBUG] Starting CanStack
2026-08-04 16:06:30,647 [DEBUG] Main thread has started
2026-08-04 16:06:30,649 [DEBUG] Relay thread has started
2026-08-04 16:06:30,651 [INFO] Connection opened
2026-08-04 16:06:30,652 [INFO] Switched to physical mode for TC: TC_ID-648 Step: PreCondition: PC_ID-70  Testcase:Seed request in extended session(27 11)
2026-08-04 16:06:30,653 [INFO] TC_ID-648 - PreCondition: PC_ID-70  Testcase:Seed request in extended session(27 11): SID=0x27, Sub=0x11, Expected=[16, 10, 103, 17, 167, 14, 132, 124, 156, 192, 57, 101]
2026-08-04 16:06:30,715 [INFO] TC_ID-648 - PreCondition: PC_ID-70  Testcase:Seed request in extended session(27 11): Sending request 2711
2026-08-04 16:06:30,716 [DEBUG] Sending 2 bytes : [2711]
2026-08-04 16:06:30,716 [DEBUG] Enqueuing a SendRequest for 2 bytes and TAT=Physical
2026-08-04 16:06:30,718 [DEBUG] Tx: <7A6> (08) [ ]	 0227110000000000
2026-08-04 16:06:30,718 [DEBUG] We've been asked to write a message to the bus
2026-08-04 16:06:30,719 [DEBUG] sending: Timestamp:        0.000000    ID:      7a6    S Rx       BS       DL:  8    02 27 11 00 00 00 00 00
2026-08-04 16:06:30,730 [DEBUG] We've been asked to write a message to the bus
2026-08-04 16:06:30,732 [DEBUG] Rx: <7AE> (08) [p]	 100a67110356ca83
2026-08-04 16:06:30,733 [DEBUG] sending: Timestamp:        0.000000    ID:      7a6    S Rx       BS       DL:  8    30 08 0a 00 00 00 00 00
2026-08-04 16:06:30,734 [DEBUG] Tx: <7A6> (08) [ ]	 30080a0000000000
2026-08-04 16:06:30,737 [DEBUG] We've been asked to write a message to the bus
2026-08-04 16:06:30,739 [DEBUG] sending: Timestamp:        0.000000    ID:      7a6    S Rx       BS       DL:  8    30 08 0a 00 00 00 00 00
2026-08-04 16:06:30,741 [DEBUG] TxState=IDLE - RxState=WAIT_CF
2026-08-04 16:06:30,753 [DEBUG] Rx: <7AE> (08) [p]	 215e6161ca56ca83
2026-08-04 16:06:30,756 [DEBUG] TC_ID-648 PreCondition: PC_ID-70  Testcase:Seed request in extended session(27 11) -> Received payload: [103, 17, 3, 86, 202, 131, 94, 97, 97, 202]
2026-08-04 16:06:30,758 [INFO] -----------------------------------------------TC_ID-648 PreCondition: PC_ID-70  Testcase:Seed request in extended session(27 11) -> PASS-----------------------------------------------
2026-08-04 16:06:30,759 [INFO] Received Seed (subfunc 0x11): 0356ca835e6161ca
2026-08-04 16:06:30,808 [DEBUG] TxState=IDLE - RxState=IDLE
2026-08-04 16:06:31,261 [INFO] Attempt 1: Sending seed to PC...
2026-08-04 16:06:31,291 [INFO] Received Key (for subfunc 0x12): b'fp\xfba\xe9\xf7\xc8\x13'
2026-08-04 16:06:31,342 [DEBUG] Stopping CanStack
2026-08-04 16:06:31,343 [DEBUG] Main thread is exiting
2026-08-04 16:06:31,357 [DEBUG] CanStack Stopped
2026-08-04 16:06:31,361 [INFO] Connection closed
2026-08-04 16:06:31,365 [INFO] Running Test Case: TC_ID-649
2026-08-04 16:06:31,367 [DEBUG] Starting CanStack
2026-08-04 16:06:31,368 [DEBUG] Main thread has started
2026-08-04 16:06:31,369 [DEBUG] Relay thread has started
2026-08-04 16:06:31,370 [INFO] Connection opened
2026-08-04 16:06:31,371 [INFO] Switched to physical mode for TC: TC_ID-649 Step: PreCondition: PC_ID-70  Testcase:Key send in extended session(27 12)
2026-08-04 16:06:31,372 [INFO] TC_ID-649 - PreCondition: PC_ID-70  Testcase:Key send in extended session(27 12): SID=0x27, Sub=0x12, Expected=[10, 103, 18, 253, 8, 178, 103, 50, 8, 135, 201]
2026-08-04 16:06:31,445 [INFO] TC_ID-649 - PreCondition: PC_ID-70  Testcase:Key send in extended session(27 12): Sending request 27126670FB61E9F7C813
2026-08-04 16:06:31,446 [DEBUG] Sending 10 bytes : [27126670fb61e9f7c813]
2026-08-04 16:06:31,447 [DEBUG] Enqueuing a SendRequest for 10 bytes and TAT=Physical
2026-08-04 16:06:31,448 [DEBUG] Tx: <7A6> (08) [ ]	 100a27126670fb61
2026-08-04 16:06:31,449 [DEBUG] We've been asked to write a message to the bus
2026-08-04 16:06:31,450 [DEBUG] sending: Timestamp:        0.000000    ID:      7a6    S Rx       BS       DL:  8    10 0a 27 12 66 70 fb 61
2026-08-04 16:06:31,451 [DEBUG] TxState=WAIT_FC - RxState=IDLE
2026-08-04 16:06:31,454 [DEBUG] Rx: <7AE> (08) [p]	 30080a61ca56ca83
2026-08-04 16:06:31,456 [DEBUG] TxState=TRANSMIT_CF - RxState=IDLE
2026-08-04 16:06:31,467 [DEBUG] Tx: <7A6> (08) [ ]	 21e9f7c813000000
2026-08-04 16:06:31,470 [DEBUG] We've been asked to write a message to the bus
2026-08-04 16:06:31,474 [DEBUG] sending: Timestamp:        0.000000    ID:      7a6    S Rx       BS       DL:  8    21 e9 f7 c8 13 00 00 00
2026-08-04 16:06:31,479 [DEBUG] TxState=IDLE - RxState=IDLE
2026-08-04 16:06:31,484 [DEBUG] TC_ID-649 PreCondition: PC_ID-70  Testcase:Key send in extended session(27 12) -> Received payload: [103, 18]
2026-08-04 16:06:31,486 [DEBUG] Rx: <7AE> (08) [p]	 02671261ca56ca83
2026-08-04 16:06:31,488 [INFO] -----------------------------------------------TC_ID-649 PreCondition: PC_ID-70  Testcase:Key send in extended session(27 12) -> PASS-----------------------------------------------
2026-08-04 16:06:31,490 [DEBUG] Stopping CanStack
2026-08-04 16:06:31,491 [DEBUG] Main thread is exiting
2026-08-04 16:06:31,537 [DEBUG] CanStack Stopped
2026-08-04 16:06:31,538 [INFO] Connection closed
2026-08-04 16:06:32,489 [ERROR] [CANLogger] Error during stop: I/O operation on closed file.
2026-08-04 16:06:32,489 [WARNING] SocketcanBus was not properly shut down
2026-08-04 16:06:32,490 [DEBUG] Closing raw can socket
2026-08-04 16:06:33,991 [INFO] ----------------------------------Log Generated!----------------------------------
2026-08-04 16:06:36,076 [WARNING] SocketcanBus was not properly shut down
2026-08-04 16:06:36,077 [DEBUG] Closing raw can socket
2026-08-04 16:06:36,078 [WARNING] SocketcanBus was not properly shut down
2026-08-04 16:06:36,079 [DEBUG] Closing raw can socket
2026-08-04 16:06:36,749 [INFO] ----------------------------------Report Generated----------------------------------
2026-08-04 16:06:38,750 [INFO] ----------------------------------Done-----------------------------------------------
2026-08-04 16:06:54,062 [INFO] Uploading...
