2026-07-29 14:39:05,846 [INFO] Checking openssh-client...
2026-07-29 14:39:05,869 [INFO] openssh-client already installed
2026-07-29 14:39:05,870 [INFO] Checking ssh-agent...
2026-07-29 14:39:05,870 [INFO] ssh-agent already running
2026-07-29 14:39:05,871 [INFO] Private key already exists
2026-07-29 14:39:05,872 [INFO] Public key already exists
2026-07-29 14:39:05,873 [INFO] Adding key to ssh-agent...
2026-07-29 14:39:05,964 [INFO] Key added successfully
2026-07-29 14:39:05,965 [INFO] SSH setup completed ✔
2026-07-29 14:39:06,086 [INFO] ------------- Wifi Setup -------------
2026-07-29 14:39:40,213 [DEBUG] can config: {'fd': True, 'can_filters': [{'can_id': 1806, 'can_mask': 2047, 'extended': False}], 'interface': 'socketcan', 'channel': 'can0'}
2026-07-29 14:39:40,252 [INFO] Created a socket
2026-07-29 14:39:40,253 [DEBUG] Binding socket to channel=can0
2026-07-29 14:39:40,255 [DEBUG] Bound socket.
2026-07-29 14:39:40,262 [DEBUG] can config: {'fd': True, 'can_filters': [{'can_id': 1806, 'can_mask': 2047, 'extended': False}], 'interface': 'socketcan', 'channel': 'can0'}
2026-07-29 14:39:40,263 [INFO] Created a socket
2026-07-29 14:39:40,264 [DEBUG] Binding socket to channel=can0
2026-07-29 14:39:40,265 [DEBUG] Bound socket.
2026-07-29 14:39:40,272 [DEBUG] Given rxfn is considered blocking
2026-07-29 14:39:40,276 [INFO] CANLogger: Logging only UDS traffic (tx/rx physical+functional)
2026-07-29 14:39:40,347 [INFO] ----------------------------------Checking UDP Server (1/3)----------------------------------
2026-07-29 14:39:40,349 [INFO] Checking UDP Seed-Key server...
2026-07-29 14:39:40,473 [INFO] UDP Server Connected. Key received: 4b65792067656e65726174696f6e206661696c6564
2026-07-29 14:39:40,530 [INFO] ----------------------------------UDP Server Connected----------------------------------
2026-07-29 14:39:42,531 [INFO] ----------------------------------Welcome to Diagnostics-----------------------------------------------
2026-07-29 14:39:44,532 [INFO] ----------------------------------Initializing-----------------------------------------------
2026-07-29 14:39:46,033 [INFO] ----------------------------------Waiting for CAN-----------------------------------------------
2026-07-29 14:39:46,135 [INFO] Bringing up CAN interface can0...
2026-07-29 14:39:46,710 [INFO] CAN interface can0 successfully brought up.
2026-07-29 14:39:47,711 [INFO] Creating temporary UDS client...
2026-07-29 14:39:47,716 [DEBUG] can config: {'fd': True, 'can_filters': [{'can_id': 1806, 'can_mask': 2047, 'extended': False}], 'interface': 'socketcan', 'channel': 'can0'}
2026-07-29 14:39:47,718 [INFO] Created a socket
2026-07-29 14:39:47,719 [DEBUG] Binding socket to channel=can0
2026-07-29 14:39:47,720 [DEBUG] Bound socket.
2026-07-29 14:39:47,726 [DEBUG] can config: {'fd': True, 'can_filters': [{'can_id': 1806, 'can_mask': 2047, 'extended': False}], 'interface': 'socketcan', 'channel': 'can0'}
2026-07-29 14:39:47,730 [INFO] Created a socket
2026-07-29 14:39:47,733 [DEBUG] Binding socket to channel=can0
2026-07-29 14:39:47,737 [DEBUG] Bound socket.
2026-07-29 14:39:47,744 [DEBUG] Given rxfn is considered blocking
2026-07-29 14:39:47,748 [INFO] CANLogger: Logging only UDS traffic (tx/rx physical+functional)
2026-07-29 14:39:47,750 [INFO] Trying basic communication with ECU...
2026-07-29 14:39:47,752 [DEBUG] Starting CanStack
2026-07-29 14:39:47,754 [DEBUG] Main thread has started
2026-07-29 14:39:47,759 [DEBUG] Relay thread has started
2026-07-29 14:39:47,761 [INFO] Connection opened
2026-07-29 14:39:47,763 [INFO] TesterPresent<0x3e> - Sending TesterPresent request
2026-07-29 14:39:47,766 [DEBUG] Sending request to server
2026-07-29 14:39:47,768 [DEBUG] Sending 2 bytes : [3e00]
2026-07-29 14:39:47,770 [DEBUG] Enqueuing a SendRequest for 2 bytes and TAT=Physical
2026-07-29 14:39:47,774 [DEBUG] Waiting for server response
2026-07-29 14:39:47,779 [DEBUG] Tx: <706> (08) [ ]	 023e000000000000
2026-07-29 14:39:47,784 [DEBUG] We've been asked to write a message to the bus
2026-07-29 14:39:47,786 [DEBUG] sending: Timestamp:        0.000000    ID:      706    S Rx     F BS       DL:  8    02 3e 00 00 00 00 00 00
2026-07-29 14:39:47,933 [DEBUG] No data received: [TimeoutException] - Did not receive IsoTP frame from the Transport layer in time (timeout=0.15 sec) 
2026-07-29 14:39:47,934 [ERROR] [TimeoutException] : Did not receive response in time. P2 timeout time has expired (timeout=0.150 sec)
2026-07-29 14:39:47,935 [DEBUG] Stopping CanStack
2026-07-29 14:39:47,937 [DEBUG] Main thread is exiting
2026-07-29 14:39:47,940 [DEBUG] CanStack Stopped
2026-07-29 14:39:47,941 [INFO] Connection closed
2026-07-29 14:39:47,943 [WARNING] Tester Present failed: Did not receive response in time. P2 timeout time has expired (timeout=0.150 sec)
2026-07-29 14:39:47,945 [WARNING] No response from ECU.
2026-07-29 14:39:47,947 [INFO] ----------------------------------Waiting for ECU-----------------------------------------------
2026-07-29 14:39:50,055 [INFO] Bringing up CAN interface can0...
2026-07-29 14:39:50,302 [INFO] CAN interface can0 successfully brought up.
2026-07-29 14:39:51,303 [INFO] Creating temporary UDS client...
2026-07-29 14:39:51,308 [DEBUG] can config: {'fd': True, 'can_filters': [{'can_id': 1806, 'can_mask': 2047, 'extended': False}], 'interface': 'socketcan', 'channel': 'can0'}
2026-07-29 14:39:51,310 [INFO] Created a socket
2026-07-29 14:39:51,311 [DEBUG] Binding socket to channel=can0
2026-07-29 14:39:51,312 [DEBUG] Bound socket.
2026-07-29 14:39:51,318 [DEBUG] can config: {'fd': True, 'can_filters': [{'can_id': 1806, 'can_mask': 2047, 'extended': False}], 'interface': 'socketcan', 'channel': 'can0'}
2026-07-29 14:39:51,323 [INFO] Created a socket
2026-07-29 14:39:51,328 [DEBUG] Binding socket to channel=can0
2026-07-29 14:39:51,332 [DEBUG] Bound socket.
2026-07-29 14:39:51,337 [DEBUG] Given rxfn is considered blocking
2026-07-29 14:39:51,341 [INFO] CANLogger: Logging only UDS traffic (tx/rx physical+functional)
2026-07-29 14:39:51,343 [WARNING] SocketcanBus was not properly shut down
2026-07-29 14:39:51,344 [DEBUG] Closing raw can socket
2026-07-29 14:39:51,345 [INFO] Trying basic communication with ECU...
2026-07-29 14:39:51,346 [DEBUG] Starting CanStack
2026-07-29 14:39:51,348 [DEBUG] Main thread has started
2026-07-29 14:39:51,351 [DEBUG] Relay thread has started
2026-07-29 14:39:51,352 [INFO] Connection opened
2026-07-29 14:39:51,354 [INFO] TesterPresent<0x3e> - Sending TesterPresent request
2026-07-29 14:39:51,356 [DEBUG] Sending request to server
2026-07-29 14:39:51,358 [DEBUG] Sending 2 bytes : [3e00]
2026-07-29 14:39:51,359 [DEBUG] Enqueuing a SendRequest for 2 bytes and TAT=Physical
2026-07-29 14:39:51,361 [DEBUG] Waiting for server response
2026-07-29 14:39:51,365 [DEBUG] Tx: <706> (08) [ ]	 023e000000000000
2026-07-29 14:39:51,371 [DEBUG] We've been asked to write a message to the bus
2026-07-29 14:39:51,375 [DEBUG] sending: Timestamp:        0.000000    ID:      706    S Rx     F BS       DL:  8    02 3e 00 00 00 00 00 00
2026-07-29 14:39:51,394 [DEBUG] Rx: <70E> (08) [p]	 027e00aaaaaaaaaa
2026-07-29 14:39:51,396 [DEBUG] Received 2 bytes : [7e00]
2026-07-29 14:39:51,399 [DEBUG] Received response from server
2026-07-29 14:39:51,400 [INFO] Received positive response for service TesterPresent (0x3e) from server.
2026-07-29 14:39:51,401 [DEBUG] Stopping CanStack
2026-07-29 14:39:51,403 [DEBUG] Main thread is exiting
2026-07-29 14:39:51,445 [DEBUG] CanStack Stopped
2026-07-29 14:39:51,446 [INFO] Connection closed
2026-07-29 14:39:51,448 [INFO] UDS communication successful.
2026-07-29 14:39:51,449 [INFO] ----------------------------------ECU Ready-----------------------------------------------
2026-07-29 14:39:51,450 [INFO] USBTransfer initialized
2026-07-29 14:39:51,451 [WARNING] SocketcanBus was not properly shut down
2026-07-29 14:39:51,452 [DEBUG] Closing raw can socket
2026-07-29 14:39:51,456 [INFO] Checking openssh-client...
2026-07-29 14:39:51,476 [INFO] openssh-client already installed
2026-07-29 14:39:51,477 [INFO] Checking ssh-agent...
2026-07-29 14:39:51,478 [INFO] ssh-agent already running
2026-07-29 14:39:51,480 [INFO] Private key already exists
2026-07-29 14:39:51,481 [INFO] Public key already exists
2026-07-29 14:39:51,482 [INFO] Adding key to ssh-agent...
2026-07-29 14:39:51,556 [INFO] Key added successfully
2026-07-29 14:39:51,557 [INFO] SSH setup completed ✔
2026-07-29 14:39:51,563 [INFO] uds.service already up-to-date.
2026-07-29 14:39:51,860 [INFO] User lingering enabled.
2026-07-29 14:39:53,456 [INFO] ----------------------------------Run Test Cases-----------------------------------------------
2026-07-29 14:39:53,457 [INFO] ----------------------------------Storage OK Free: 4838 MB-----------------------------------------------
2026-07-29 14:39:55,465 [DEBUG] can config: {'can_filters': [{'can_id': 1798, 'can_mask': 2047, 'extended': False}, {'can_id': 1806, 'can_mask': 2047, 'extended': False}, {'can_id': 2015, 'can_mask': 2047, 'extended': False}, {'can_id': 1822, 'can_mask': 2047, 'extended': False}], 'fd': True, 'interface': 'socketcan', 'channel': 'can0'}
2026-07-29 14:39:55,466 [INFO] Created a socket
2026-07-29 14:39:55,467 [DEBUG] Binding socket to channel=can0
2026-07-29 14:39:55,468 [DEBUG] Bound socket.
2026-07-29 14:39:55,471 [INFO] CAN logging started: /home/mobase/Git/Raja/New_3/dist/output/can_logs/SHVU_Test2nd_time_20260729_143955.asc
2026-07-29 14:39:55,473 [INFO] Execution startup settle delay: 0.250s before first testcase
2026-07-29 14:39:55,724 [WARNING] Failed to drain physical sniffer bus before execution: Error receiving: Network is down [Error Code 100]
2026-07-29 14:39:55,770 [INFO] Drained stale CAN frames on active sniffer bus
2026-07-29 14:39:55,784 [WARNING] SocketcanBus was not properly shut down
2026-07-29 14:39:55,785 [DEBUG] Closing raw can socket
2026-07-29 14:39:55,786 [WARNING] SocketcanBus was not properly shut down
2026-07-29 14:39:55,787 [DEBUG] Closing raw can socket
2026-07-29 14:39:55,781 [INFO] Running Test Case: ECU_INFO-21
2026-07-29 14:39:55,791 [INFO] Final CAN drain completed before first testcase ECU_INFO-21
2026-07-29 14:39:55,792 [DEBUG] Starting CanStack
2026-07-29 14:39:55,795 [DEBUG] Main thread has started
2026-07-29 14:39:55,797 [DEBUG] Relay thread has started
2026-07-29 14:39:55,800 [INFO] Connection opened
2026-07-29 14:39:55,811 [INFO] Switched to physical mode for TC: ECU_INFO-21 Step: S/W Version
2026-07-29 14:39:55,817 [INFO] ECU_INFO-21 - S/W Version: SID=0x22, Sub=0xF1B1, Expected=[16, 8, 98, 241, 177, 50, 53, 65, 49, 48, 170, 170, 170, 170, 170, 170]
2026-07-29 14:39:55,888 [INFO] ECU_INFO-21 - S/W Version: Sending request 22F1B1
2026-07-29 14:39:55,890 [INFO] ECU_INFO-21 - S/W Version: Sending request 22F1B1
2026-07-29 14:39:55,891 [DEBUG] Sending 3 bytes : [22f1b1]
2026-07-29 14:39:55,893 [DEBUG] Enqueuing a SendRequest for 3 bytes and TAT=Physical
2026-07-29 14:39:55,895 [DEBUG] Tx: <706> (08) [ ]	 0322f1b100000000
2026-07-29 14:39:55,897 [DEBUG] We've been asked to write a message to the bus
2026-07-29 14:39:55,898 [DEBUG] sending: Timestamp:        0.000000    ID:      706    S Rx     F BS       DL:  8    03 22 f1 b1 00 00 00 00
2026-07-29 14:39:55,926 [DEBUG] We've been asked to write a message to the bus
2026-07-29 14:39:55,927 [DEBUG] sending: Timestamp:        0.000000    ID:      706    S Rx     F BS       DL:  8    30 08 0a 00 00 00 00 00
2026-07-29 14:39:55,983 [INFO] ECU_INFO-21 - Received: 62F1B13235413130
2026-07-29 14:39:55,984 [WARNING] ECU_INFO-21 - S/W Version -> ❌ FAIL - Expected 100862F1B13235413130AAAAAAAAAAAA
2026-07-29 14:39:55,986 [DEBUG] Stopping CanStack
2026-07-29 14:39:55,988 [DEBUG] Main thread is exiting
2026-07-29 14:39:55,990 [DEBUG] CanStack Stopped
2026-07-29 14:39:55,991 [INFO] Connection closed
2026-07-29 14:39:55,992 [INFO] Running Test Case: ECU_INFO-22
2026-07-29 14:39:55,993 [DEBUG] Starting CanStack
2026-07-29 14:39:55,996 [DEBUG] Main thread has started
2026-07-29 14:39:55,999 [DEBUG] Relay thread has started
2026-07-29 14:39:56,001 [INFO] Connection opened
2026-07-29 14:39:56,002 [INFO] Switched to physical mode for TC: ECU_INFO-22 Step: Part Number
2026-07-29 14:39:56,004 [INFO] ECU_INFO-22 - Part Number: SID=0x22, Sub=0xF187, Expected=[16, 13, 98, 241, 135, 56, 56, 53, 52, 48, 71, 74, 48, 48, 48, 170, 170]
2026-07-29 14:39:56,070 [INFO] ECU_INFO-22 - Part Number: Sending request 22F187
2026-07-29 14:39:56,074 [INFO] ECU_INFO-22 - Part Number: Sending request 22F187
2026-07-29 14:39:56,080 [DEBUG] Sending 3 bytes : [22f187]
2026-07-29 14:39:56,084 [DEBUG] Enqueuing a SendRequest for 3 bytes and TAT=Physical
2026-07-29 14:39:56,087 [DEBUG] Tx: <706> (08) [ ]	 0322f18700000000
2026-07-29 14:39:56,088 [DEBUG] We've been asked to write a message to the bus
2026-07-29 14:39:56,088 [DEBUG] sending: Timestamp:        0.000000    ID:      706    S Rx     F BS       DL:  8    03 22 f1 87 00 00 00 00
2026-07-29 14:39:56,114 [DEBUG] We've been asked to write a message to the bus
2026-07-29 14:39:56,116 [DEBUG] sending: Timestamp:        0.000000    ID:      706    S Rx     F BS       DL:  8    30 08 0a 00 00 00 00 00
2026-07-29 14:39:56,175 [INFO] ECU_INFO-22 - Received: 62F1873838353430474A303030
2026-07-29 14:39:56,179 [WARNING] ECU_INFO-22 - Part Number -> ❌ FAIL - Expected 100D62F1873838353430474A303030AAAA
2026-07-29 14:39:56,183 [DEBUG] Stopping CanStack
2026-07-29 14:39:56,186 [DEBUG] Main thread is exiting
2026-07-29 14:39:56,206 [DEBUG] CanStack Stopped
2026-07-29 14:39:56,208 [INFO] Connection closed
2026-07-29 14:39:56,209 [INFO] Running Test Case: ECU_INFO-23
2026-07-29 14:39:56,211 [DEBUG] Starting CanStack
2026-07-29 14:39:56,217 [DEBUG] Main thread has started
2026-07-29 14:39:56,224 [DEBUG] Relay thread has started
2026-07-29 14:39:56,229 [INFO] Connection opened
2026-07-29 14:39:56,230 [INFO] Switched to physical mode for TC: ECU_INFO-23 Step: Manufacturing Date
2026-07-29 14:39:56,231 [INFO] ECU_INFO-23 - Manufacturing Date: SID=0x22, Sub=0xF18B, Expected=[16, 8, 98, 241, 139, 32, 37, 16, 21, 170, 170, 170, 170, 170]
2026-07-29 14:39:56,300 [INFO] ECU_INFO-23 - Manufacturing Date: Sending request 22F18B
2026-07-29 14:39:56,301 [INFO] ECU_INFO-23 - Manufacturing Date: Sending request 22F18B
2026-07-29 14:39:56,301 [DEBUG] Sending 3 bytes : [22f18b]
2026-07-29 14:39:56,302 [DEBUG] Enqueuing a SendRequest for 3 bytes and TAT=Physical
2026-07-29 14:39:56,303 [DEBUG] Tx: <706> (08) [ ]	 0322f18b00000000
2026-07-29 14:39:56,304 [DEBUG] We've been asked to write a message to the bus
2026-07-29 14:39:56,304 [DEBUG] sending: Timestamp:        0.000000    ID:      706    S Rx     F BS       DL:  8    03 22 f1 8b 00 00 00 00
2026-07-29 14:39:56,323 [INFO] ECU_INFO-23 Manufacturing Date -> Response shorter than expected (7/8). Waiting for remaining payload.
2026-07-29 14:40:00,608 [DEBUG] Rx: <70E> (08) [p]	 100d62f187383835
2026-07-29 14:40:00,610 [DEBUG] Tx: <706> (08) [ ]	 30080a0000000000
2026-07-29 14:40:00,615 [DEBUG] We've been asked to write a message to the bus
2026-07-29 14:40:00,616 [DEBUG] sending: Timestamp:        0.000000    ID:      706    S Rx     F BS       DL:  8    30 08 0a 00 00 00 00 00
2026-07-29 14:40:00,618 [DEBUG] TxState=IDLE - RxState=WAIT_CF
2026-07-29 14:40:00,620 [DEBUG] Rx: <70E> (08) [p]	 213430474a303030
2026-07-29 14:40:00,623 [DEBUG] Rx: <70E> (08) [p]	 0762f18b20251015
2026-07-29 14:40:00,624 [DEBUG] Received 13 bytes : [62f1873838353430474a303030]
2026-07-29 14:40:00,677 [DEBUG] TxState=IDLE - RxState=IDLE
2026-07-29 14:40:00,679 [INFO] ECU_INFO-23 - Received: 62F18B2025101562
2026-07-29 14:40:00,681 [WARNING] ECU_INFO-23 - Manufacturing Date -> ❌ FAIL - Expected 100862F18B20251015AAAAAAAAAA
2026-07-29 14:40:00,684 [DEBUG] Stopping CanStack
2026-07-29 14:40:00,688 [DEBUG] Main thread is exiting
2026-07-29 14:40:00,695 [DEBUG] CanStack Stopped
2026-07-29 14:40:00,696 [INFO] Connection closed
2026-07-29 14:40:00,698 [INFO] Running Test Case: ECU_INFO-24
2026-07-29 14:40:00,700 [DEBUG] Starting CanStack
2026-07-29 14:40:00,703 [DEBUG] Main thread has started
2026-07-29 14:40:00,705 [DEBUG] Relay thread has started
2026-07-29 14:40:00,709 [INFO] Connection opened
2026-07-29 14:40:00,711 [INFO] Switched to physical mode for TC: ECU_INFO-24 Step: ECU_Serial Number
2026-07-29 14:40:00,719 [INFO] ECU_INFO-24 - ECU_Serial Number: SID=0x22, Sub=0xF18C, Expected=[16, 13, 98, 241, 140, 48, 48, 48, 48, 48, 48, 48, 48, 53, 48, 170, 170]
2026-07-29 14:40:00,800 [INFO] ECU_INFO-24 - ECU_Serial Number: Sending request 22F18C
2026-07-29 14:40:00,801 [INFO] ECU_INFO-24 - ECU_Serial Number: Sending request 22F18C
2026-07-29 14:40:00,883 [DEBUG] Sending 3 bytes : [22f18c]
2026-07-29 14:40:00,884 [DEBUG] Enqueuing a SendRequest for 3 bytes and TAT=Physical
2026-07-29 14:40:00,886 [DEBUG] Tx: <706> (08) [ ]	 0322f18c00000000
2026-07-29 14:40:00,889 [DEBUG] We've been asked to write a message to the bus
2026-07-29 14:40:00,892 [DEBUG] sending: Timestamp:        0.000000    ID:      706    S Rx     F BS       DL:  8    03 22 f1 8c 00 00 00 00
2026-07-29 14:40:00,914 [DEBUG] We've been asked to write a message to the bus
2026-07-29 14:40:00,915 [DEBUG] sending: Timestamp:        0.000000    ID:      706    S Rx     F BS       DL:  8    30 08 0a 00 00 00 00 00
2026-07-29 14:40:00,974 [INFO] ECU_INFO-24 - Received: 62F18C30303030303030303530
2026-07-29 14:40:00,975 [WARNING] ECU_INFO-24 - ECU_Serial Number -> ❌ FAIL - Expected 100D62F18C30303030303030303530AAAA
2026-07-29 14:40:00,977 [DEBUG] Stopping CanStack
2026-07-29 14:40:00,978 [DEBUG] Main thread is exiting
2026-07-29 14:40:00,997 [DEBUG] CanStack Stopped
2026-07-29 14:40:00,999 [INFO] Connection closed
2026-07-29 14:40:01,000 [INFO] Running Test Case: ECU_INFO-25
2026-07-29 14:40:01,001 [DEBUG] Starting CanStack
2026-07-29 14:40:01,004 [DEBUG] Main thread has started
2026-07-29 14:40:01,009 [DEBUG] Relay thread has started
2026-07-29 14:40:01,014 [INFO] Connection opened
2026-07-29 14:40:01,019 [INFO] Switched to physical mode for TC: ECU_INFO-25 Step: H/W Version
2026-07-29 14:40:01,020 [INFO] ECU_INFO-25 - H/W Version: SID=0x22, Sub=0xF193, Expected=[16, 8, 98, 241, 147, 67, 46, 48, 48, 170, 170, 170, 170, 170]
2026-07-29 14:40:01,079 [INFO] ECU_INFO-25 - H/W Version: Sending request 22F193
2026-07-29 14:40:01,080 [INFO] ECU_INFO-25 - H/W Version: Sending request 22F193
2026-07-29 14:40:01,081 [DEBUG] Sending 3 bytes : [22f193]
2026-07-29 14:40:01,082 [DEBUG] Enqueuing a SendRequest for 3 bytes and TAT=Physical
2026-07-29 14:40:01,083 [DEBUG] Tx: <706> (08) [ ]	 0322f19300000000
2026-07-29 14:40:01,084 [DEBUG] We've been asked to write a message to the bus
2026-07-29 14:40:01,084 [DEBUG] sending: Timestamp:        0.000000    ID:      706    S Rx     F BS       DL:  8    03 22 f1 93 00 00 00 00
2026-07-29 14:40:01,104 [INFO] ECU_INFO-25 H/W Version -> Response shorter than expected (7/8). Waiting for remaining payload.
2026-07-29 14:40:05,314 [DEBUG] Rx: <70E> (08) [p]	 100d62f18c303030
2026-07-29 14:40:05,315 [DEBUG] Tx: <706> (08) [ ]	 30080a0000000000
2026-07-29 14:40:05,316 [DEBUG] We've been asked to write a message to the bus
2026-07-29 14:40:05,317 [DEBUG] sending: Timestamp:        0.000000    ID:      706    S Rx     F BS       DL:  8    30 08 0a 00 00 00 00 00
2026-07-29 14:40:05,319 [DEBUG] TxState=IDLE - RxState=WAIT_CF
2026-07-29 14:40:05,322 [DEBUG] Rx: <70E> (08) [p]	 2130303030303530
2026-07-29 14:40:05,324 [DEBUG] Rx: <70E> (08) [p]	 0762f193432e3030
2026-07-29 14:40:05,326 [DEBUG] Received 13 bytes : [62f18c30303030303030303530]
2026-07-29 14:40:05,378 [DEBUG] TxState=IDLE - RxState=IDLE
2026-07-29 14:40:05,380 [INFO] ECU_INFO-25 - Received: 62F193432E303062
2026-07-29 14:40:05,386 [WARNING] ECU_INFO-25 - H/W Version -> ❌ FAIL - Expected 100862F193432E3030AAAAAAAAAA
2026-07-29 14:40:05,389 [DEBUG] Stopping CanStack
2026-07-29 14:40:05,390 [DEBUG] Main thread is exiting
2026-07-29 14:40:05,416 [DEBUG] CanStack Stopped
2026-07-29 14:40:05,418 [INFO] Connection closed
2026-07-29 14:40:05,421 [INFO] Running Test Case: PC_ID-023
2026-07-29 14:40:05,424 [DEBUG] Starting CanStack
2026-07-29 14:40:05,429 [DEBUG] Main thread has started
2026-07-29 14:40:05,433 [DEBUG] Relay thread has started
2026-07-29 14:40:05,435 [INFO] Connection opened
2026-07-29 14:40:05,436 [INFO] Switched to physical mode for TC: PC_ID-023 Step: Start default session
2026-07-29 14:40:05,436 [INFO] PC_ID-023 - Start default session: SID=0x10, Sub=0x01, Expected=[6, 80, 1, 0, 50, 1, 244, 170]
2026-07-29 14:40:05,500 [INFO] PC_ID-023 - Start default session: Sending 1001
2026-07-29 14:40:05,551 [INFO] PC_ID-023 - Start default session: Sending request 1001
2026-07-29 14:40:05,552 [DEBUG] Sending 2 bytes : [1001]
2026-07-29 14:40:05,554 [DEBUG] Enqueuing a SendRequest for 2 bytes and TAT=Physical
2026-07-29 14:40:05,556 [DEBUG] Tx: <706> (08) [ ]	 0210010000000000
2026-07-29 14:40:05,557 [DEBUG] We've been asked to write a message to the bus
2026-07-29 14:40:05,558 [DEBUG] sending: Timestamp:        0.000000    ID:      706    S Rx     F BS       DL:  8    02 10 01 00 00 00 00 00
2026-07-29 14:40:05,587 [DEBUG] Rx: <70E> (08) [p]	 065001003201f4aa
2026-07-29 14:40:05,590 [INFO] PC_ID-023 - Received: 5001003201F4
2026-07-29 14:40:05,594 [WARNING] PC_ID-023 - Start default session -> FAIL - Unexpected response
2026-07-29 14:40:05,594 [DEBUG] Stopping CanStack
2026-07-29 14:40:05,595 [DEBUG] Main thread is exiting
2026-07-29 14:40:05,636 [DEBUG] CanStack Stopped
2026-07-29 14:40:05,637 [INFO] Connection closed
2026-07-29 14:40:05,637 [INFO] Running Test Case: TC_ID-740
2026-07-29 14:40:05,638 [DEBUG] Starting CanStack
2026-07-29 14:40:05,645 [DEBUG] Main thread has started
2026-07-29 14:40:05,646 [DEBUG] Relay thread has started
2026-07-29 14:40:05,649 [INFO] Connection opened
2026-07-29 14:40:05,650 [INFO] Switched to physical mode for TC: TC_ID-740 Step: PreCondition: PC_ID-023  Testcase:RX_SWIN_F1_EF_Read(Defaultsession)
2026-07-29 14:40:05,652 [INFO] TC_ID-740 - PreCondition: PC_ID-023  Testcase:RX_SWIN_F1_EF_Read(Defaultsession): SID=0x22, Sub=0xF1EF, Expected=[16, 43, 98, 241, 239, 7, 6, 11, 82, 49, 48, 32, 66, 74, 49, 47, 49, 47, 48, 12, 82, 49, 53, 53, 32, 66, 74, 49, 47, 49, 47, 48, 12, 82, 49, 53, 54, 32, 66, 74, 49, 47, 49, 47, 48, 170, 170, 170, 170, 170]
2026-07-29 14:40:05,758 [INFO] TC_ID-740 - PreCondition: PC_ID-023  Testcase:RX_SWIN_F1_EF_Read(Defaultsession): Sending request 22F1EF
2026-07-29 14:40:05,759 [INFO] TC_ID-740 - PreCondition: PC_ID-023  Testcase:RX_SWIN_F1_EF_Read(Defaultsession): Sending request 22F1EF
2026-07-29 14:40:05,760 [DEBUG] Sending 3 bytes : [22f1ef]
2026-07-29 14:40:05,761 [DEBUG] Enqueuing a SendRequest for 3 bytes and TAT=Physical
2026-07-29 14:40:05,762 [DEBUG] Tx: <706> (08) [ ]	 0322f1ef00000000
2026-07-29 14:40:05,763 [DEBUG] We've been asked to write a message to the bus
2026-07-29 14:40:05,764 [DEBUG] sending: Timestamp:        0.000000    ID:      706    S Rx     F BS       DL:  8    03 22 f1 ef 00 00 00 00
2026-07-29 14:40:05,783 [DEBUG] We've been asked to write a message to the bus
2026-07-29 14:40:05,787 [DEBUG] sending: Timestamp:        0.000000    ID:      706    S Rx     F BS       DL:  8    30 08 0a 00 00 00 00 00
2026-07-29 14:40:05,788 [DEBUG] Rx: <70E> (08) [p]	 102b62f1ef07060b
2026-07-29 14:40:05,796 [DEBUG] Tx: <706> (08) [ ]	 30080a0000000000
2026-07-29 14:40:05,799 [DEBUG] We've been asked to write a message to the bus
2026-07-29 14:40:05,805 [DEBUG] sending: Timestamp:        0.000000    ID:      706    S Rx     F BS       DL:  8    30 08 0a 00 00 00 00 00
2026-07-29 14:40:05,807 [DEBUG] TxState=IDLE - RxState=WAIT_CF
2026-07-29 14:40:05,809 [DEBUG] Rx: <70E> (08) [p]	 2152313020424a31
2026-07-29 14:40:05,814 [DEBUG] Rx: <70E> (08) [p]	 222f312f300c5231
2026-07-29 14:40:05,830 [DEBUG] Rx: <70E> (08) [p]	 23353520424a312f
2026-07-29 14:40:05,848 [DEBUG] Rx: <70E> (08) [p]	 24312f300c523135
2026-07-29 14:40:05,859 [DEBUG] Rx: <70E> (08) [p]	 253620424a312f31
2026-07-29 14:40:05,875 [DEBUG] Rx: <70E> (08) [p]	 262f30aaaaaaaaaa
2026-07-29 14:40:05,924 [INFO] TC_ID-740 - Received: 62F1EF07060B52313020424A312F312F300C5231353520424A312F312F300C5231353620424A312F312F30
2026-07-29 14:40:05,926 [WARNING] TC_ID-740 - PreCondition: PC_ID-023  Testcase:RX_SWIN_F1_EF_Read(Defaultsession) -> ❌ FAIL - Expected 102B62F1EF07060B52313020424A312F312F300C5231353520424A312F312F300C5231353620424A312F312F30AAAAAAAAAA
2026-07-29 14:40:05,927 [DEBUG] TxState=IDLE - RxState=IDLE
2026-07-29 14:40:05,931 [DEBUG] Stopping CanStack
2026-07-29 14:40:05,940 [DEBUG] Main thread is exiting
2026-07-29 14:40:05,978 [DEBUG] CanStack Stopped
2026-07-29 14:40:05,981 [INFO] Connection closed
2026-07-29 14:40:05,985 [INFO] Running Test Case: TC_ID-741
2026-07-29 14:40:05,988 [DEBUG] Starting CanStack
2026-07-29 14:40:05,991 [DEBUG] Main thread has started
2026-07-29 14:40:05,992 [DEBUG] Relay thread has started
2026-07-29 14:40:05,994 [INFO] Connection opened
2026-07-29 14:40:05,995 [INFO] Switched to physical mode for TC: TC_ID-741 Step: PreCondition: PC_ID-023  Testcase:Verify incorrect msg length NRC for RXSWIN version information (22 F1 EF 02)
2026-07-29 14:40:05,995 [INFO] TC_ID-741 - PreCondition: PC_ID-023  Testcase:Verify incorrect msg length NRC for RXSWIN version information (22 F1 EF 02): SID=0x22, Sub=0xF1EF02, Expected=[3, 127, 34, 19, 170, 170, 170, 170]
2026-07-29 14:40:06,097 [INFO] TC_ID-741 - PreCondition: PC_ID-023  Testcase:Verify incorrect msg length NRC for RXSWIN version information (22 F1 EF 02): Sending request 22F1EF02
2026-07-29 14:40:06,097 [INFO] TC_ID-741 - PreCondition: PC_ID-023  Testcase:Verify incorrect msg length NRC for RXSWIN version information (22 F1 EF 02): Sending request 22F1EF02
2026-07-29 14:40:06,098 [DEBUG] Sending 4 bytes : [22f1ef02]
2026-07-29 14:40:06,099 [DEBUG] Enqueuing a SendRequest for 4 bytes and TAT=Physical
2026-07-29 14:40:06,101 [DEBUG] Tx: <706> (08) [ ]	 0422f1ef02000000
2026-07-29 14:40:06,102 [DEBUG] We've been asked to write a message to the bus
2026-07-29 14:40:06,103 [DEBUG] sending: Timestamp:        0.000000    ID:      706    S Rx     F BS       DL:  8    04 22 f1 ef 02 00 00 00
2026-07-29 14:40:06,127 [DEBUG] Rx: <70E> (08) [p]	 037f2213aaaaaaaa
2026-07-29 14:40:06,178 [INFO] TC_ID-741 - Received: 7F2213
2026-07-29 14:40:06,180 [WARNING] TC_ID-741 - PreCondition: PC_ID-023  Testcase:Verify incorrect msg length NRC for RXSWIN version information (22 F1 EF 02) -> ❌ FAIL - Expected 037F2213AAAAAAAA
2026-07-29 14:40:06,181 [DEBUG] Stopping CanStack
2026-07-29 14:40:06,182 [DEBUG] Main thread is exiting
2026-07-29 14:40:06,226 [DEBUG] CanStack Stopped
2026-07-29 14:40:06,227 [INFO] Connection closed
2026-07-29 14:40:06,227 [INFO] Running Test Case: TC_ID-742
2026-07-29 14:40:06,229 [DEBUG] Starting CanStack
2026-07-29 14:40:06,231 [DEBUG] Main thread has started
2026-07-29 14:40:06,233 [DEBUG] Relay thread has started
2026-07-29 14:40:06,235 [INFO] Connection opened
2026-07-29 14:40:06,236 [INFO] Switched to physical mode for TC: TC_ID-742 Step: PreCondition: PC_ID-023  Testcase:Vehicle_Manufacturer_Spare_Part_Number_F1_87_Read(Defaultsession)
2026-07-29 14:40:06,237 [INFO] TC_ID-742 - PreCondition: PC_ID-023  Testcase:Vehicle_Manufacturer_Spare_Part_Number_F1_87_Read(Defaultsession): SID=0x22, Sub=0xF187, Expected=[16, 13, 98, 241, 135, 56, 56, 53, 52, 48, 71, 74, 48, 48, 48, 170, 170]
2026-07-29 14:40:06,346 [INFO] TC_ID-742 - PreCondition: PC_ID-023  Testcase:Vehicle_Manufacturer_Spare_Part_Number_F1_87_Read(Defaultsession): Sending request 22F187
2026-07-29 14:40:06,347 [INFO] TC_ID-742 - PreCondition: PC_ID-023  Testcase:Vehicle_Manufacturer_Spare_Part_Number_F1_87_Read(Defaultsession): Sending request 22F187
2026-07-29 14:40:06,347 [DEBUG] Sending 3 bytes : [22f187]
2026-07-29 14:40:06,349 [DEBUG] Enqueuing a SendRequest for 3 bytes and TAT=Physical
2026-07-29 14:40:06,351 [DEBUG] Tx: <706> (08) [ ]	 0322f18700000000
2026-07-29 14:40:06,352 [DEBUG] We've been asked to write a message to the bus
2026-07-29 14:40:06,354 [DEBUG] sending: Timestamp:        0.000000    ID:      706    S Rx     F BS       DL:  8    03 22 f1 87 00 00 00 00
2026-07-29 14:40:06,375 [DEBUG] We've been asked to write a message to the bus
2026-07-29 14:40:06,377 [DEBUG] sending: Timestamp:        0.000000    ID:      706    S Rx     F BS       DL:  8    30 08 0a 00 00 00 00 00
2026-07-29 14:40:06,379 [DEBUG] Rx: <70E> (08) [p]	 100d62f187383835
2026-07-29 14:40:06,384 [DEBUG] Tx: <706> (08) [ ]	 30080a0000000000
2026-07-29 14:40:06,387 [DEBUG] We've been asked to write a message to the bus
2026-07-29 14:40:06,388 [DEBUG] sending: Timestamp:        0.000000    ID:      706    S Rx     F BS       DL:  8    30 08 0a 00 00 00 00 00
2026-07-29 14:40:06,390 [DEBUG] TxState=IDLE - RxState=WAIT_CF
2026-07-29 14:40:06,392 [DEBUG] Rx: <70E> (08) [p]	 213430474a303030
2026-07-29 14:40:06,437 [INFO] TC_ID-742 - Received: 62F1873838353430474A303030
2026-07-29 14:40:06,438 [WARNING] TC_ID-742 - PreCondition: PC_ID-023  Testcase:Vehicle_Manufacturer_Spare_Part_Number_F1_87_Read(Defaultsession) -> ❌ FAIL - Expected 100D62F1873838353430474A303030AAAA
2026-07-29 14:40:06,439 [DEBUG] Stopping CanStack
2026-07-29 14:40:06,441 [DEBUG] TxState=IDLE - RxState=IDLE
2026-07-29 14:40:06,442 [DEBUG] Main thread is exiting
2026-07-29 14:40:06,487 [DEBUG] CanStack Stopped
2026-07-29 14:40:06,488 [INFO] Connection closed
2026-07-29 14:40:06,489 [INFO] Running Test Case: TC_ID-743
2026-07-29 14:40:06,491 [DEBUG] Starting CanStack
2026-07-29 14:40:06,493 [DEBUG] Main thread has started
2026-07-29 14:40:06,494 [DEBUG] Relay thread has started
2026-07-29 14:40:06,499 [INFO] Connection opened
2026-07-29 14:40:06,502 [INFO] Switched to physical mode for TC: TC_ID-743 Step: PreCondition: PC_ID-023  Testcase:Verify incorrect msg length NRC for Part number information (22 F1 87 01)
2026-07-29 14:40:06,505 [INFO] TC_ID-743 - PreCondition: PC_ID-023  Testcase:Verify incorrect msg length NRC for Part number information (22 F1 87 01): SID=0x22, Sub=0xF18701, Expected=[3, 127, 34, 19, 170, 170, 170, 170]
2026-07-29 14:40:06,633 [INFO] TC_ID-743 - PreCondition: PC_ID-023  Testcase:Verify incorrect msg length NRC for Part number information (22 F1 87 01): Sending request 22F18701
2026-07-29 14:40:06,634 [INFO] TC_ID-743 - PreCondition: PC_ID-023  Testcase:Verify incorrect msg length NRC for Part number information (22 F1 87 01): Sending request 22F18701
2026-07-29 14:40:06,635 [DEBUG] Sending 4 bytes : [22f18701]
2026-07-29 14:40:06,636 [DEBUG] Enqueuing a SendRequest for 4 bytes and TAT=Physical
2026-07-29 14:40:06,638 [DEBUG] Tx: <706> (08) [ ]	 0422f18701000000
2026-07-29 14:40:06,639 [DEBUG] We've been asked to write a message to the bus
2026-07-29 14:40:06,640 [DEBUG] sending: Timestamp:        0.000000    ID:      706    S Rx     F BS       DL:  8    04 22 f1 87 01 00 00 00
2026-07-29 14:40:06,666 [DEBUG] Rx: <70E> (08) [p]	 037f2213aaaaaaaa
2026-07-29 14:40:06,717 [INFO] TC_ID-743 - Received: 7F2213
2026-07-29 14:40:06,719 [WARNING] TC_ID-743 - PreCondition: PC_ID-023  Testcase:Verify incorrect msg length NRC for Part number information (22 F1 87 01) -> ❌ FAIL - Expected 037F2213AAAAAAAA
2026-07-29 14:40:06,720 [DEBUG] Stopping CanStack
2026-07-29 14:40:06,722 [DEBUG] Main thread is exiting
2026-07-29 14:40:06,767 [DEBUG] CanStack Stopped
2026-07-29 14:40:06,768 [INFO] Connection closed
2026-07-29 14:40:06,770 [INFO] Running Test Case: TC_ID-744
2026-07-29 14:40:06,771 [DEBUG] Starting CanStack
2026-07-29 14:40:06,773 [DEBUG] Main thread has started
2026-07-29 14:40:06,773 [DEBUG] Relay thread has started
2026-07-29 14:40:06,775 [INFO] Connection opened
2026-07-29 14:40:06,776 [INFO] Switched to physical mode for TC: TC_ID-744 Step: PreCondition: PC_ID-023  Testcase:Manufacturing_F1_8B_Read(Defaultsession)
2026-07-29 14:40:06,776 [INFO] TC_ID-744 - PreCondition: PC_ID-023  Testcase:Manufacturing_F1_8B_Read(Defaultsession): SID=0x22, Sub=0xF18B, Expected=[7, 98, 241, 139, 32, 37, 16, 21]
2026-07-29 14:40:06,866 [INFO] TC_ID-744 - PreCondition: PC_ID-023  Testcase:Manufacturing_F1_8B_Read(Defaultsession): Sending request 22F18B
2026-07-29 14:40:06,867 [INFO] TC_ID-744 - PreCondition: PC_ID-023  Testcase:Manufacturing_F1_8B_Read(Defaultsession): Sending request 22F18B
2026-07-29 14:40:06,868 [DEBUG] Sending 3 bytes : [22f18b]
2026-07-29 14:40:06,869 [DEBUG] Enqueuing a SendRequest for 3 bytes and TAT=Physical
2026-07-29 14:40:06,870 [DEBUG] Tx: <706> (08) [ ]	 0322f18b00000000
2026-07-29 14:40:06,872 [DEBUG] We've been asked to write a message to the bus
2026-07-29 14:40:06,872 [DEBUG] sending: Timestamp:        0.000000    ID:      706    S Rx     F BS       DL:  8    03 22 f1 8b 00 00 00 00
2026-07-29 14:40:06,897 [DEBUG] Rx: <70E> (08) [p]	 0762f18b20251015
2026-07-29 14:40:06,946 [INFO] TC_ID-744 - Received: 62F18B20251015
2026-07-29 14:40:06,948 [WARNING] TC_ID-744 - PreCondition: PC_ID-023  Testcase:Manufacturing_F1_8B_Read(Defaultsession) -> ❌ FAIL - Expected 0762F18B20251015
2026-07-29 14:40:06,950 [DEBUG] Stopping CanStack
2026-07-29 14:40:06,951 [DEBUG] Main thread is exiting
2026-07-29 14:40:06,999 [DEBUG] CanStack Stopped
2026-07-29 14:40:07,000 [INFO] Connection closed
2026-07-29 14:40:07,001 [INFO] Running Test Case: TC_ID-745
2026-07-29 14:40:07,003 [DEBUG] Starting CanStack
2026-07-29 14:40:07,004 [DEBUG] Main thread has started
2026-07-29 14:40:07,006 [DEBUG] Relay thread has started
2026-07-29 14:40:07,008 [INFO] Connection opened
2026-07-29 14:40:07,009 [INFO] Switched to physical mode for TC: TC_ID-745 Step: PreCondition: PC_ID-023  Testcase:Verify incorrect msg length NRC for Manufacturing date information (22 F1 8B 02)
2026-07-29 14:40:07,013 [INFO] TC_ID-745 - PreCondition: PC_ID-023  Testcase:Verify incorrect msg length NRC for Manufacturing date information (22 F1 8B 02): SID=0x22, Sub=0xF18B02, Expected=[3, 127, 34, 19, 170, 170, 170, 170]
2026-07-29 14:40:07,127 [INFO] TC_ID-745 - PreCondition: PC_ID-023  Testcase:Verify incorrect msg length NRC for Manufacturing date information (22 F1 8B 02): Sending request 22F18B02
2026-07-29 14:40:07,128 [INFO] TC_ID-745 - PreCondition: PC_ID-023  Testcase:Verify incorrect msg length NRC for Manufacturing date information (22 F1 8B 02): Sending request 22F18B02
2026-07-29 14:40:07,129 [DEBUG] Sending 4 bytes : [22f18b02]
2026-07-29 14:40:07,130 [DEBUG] Enqueuing a SendRequest for 4 bytes and TAT=Physical
2026-07-29 14:40:07,132 [DEBUG] Tx: <706> (08) [ ]	 0422f18b02000000
2026-07-29 14:40:07,133 [DEBUG] We've been asked to write a message to the bus
2026-07-29 14:40:07,134 [DEBUG] sending: Timestamp:        0.000000    ID:      706    S Rx     F BS       DL:  8    04 22 f1 8b 02 00 00 00
2026-07-29 14:40:07,157 [DEBUG] Rx: <70E> (08) [p]	 037f2213aaaaaaaa
2026-07-29 14:40:07,208 [INFO] TC_ID-745 - Received: 7F2213
2026-07-29 14:40:07,209 [WARNING] TC_ID-745 - PreCondition: PC_ID-023  Testcase:Verify incorrect msg length NRC for Manufacturing date information (22 F1 8B 02) -> ❌ FAIL - Expected 037F2213AAAAAAAA
2026-07-29 14:40:07,211 [DEBUG] Stopping CanStack
2026-07-29 14:40:07,212 [DEBUG] Main thread is exiting
2026-07-29 14:40:07,258 [DEBUG] CanStack Stopped
2026-07-29 14:40:07,259 [INFO] Connection closed
2026-07-29 14:40:07,260 [INFO] Running Test Case: TC_ID-746
2026-07-29 14:40:07,262 [DEBUG] Starting CanStack
2026-07-29 14:40:07,264 [DEBUG] Main thread has started
2026-07-29 14:40:07,265 [DEBUG] Relay thread has started
2026-07-29 14:40:07,268 [INFO] Connection opened
2026-07-29 14:40:07,269 [INFO] Switched to physical mode for TC: TC_ID-746 Step: PreCondition: PC_ID-023  Testcase:ECU_Serial_Number_F1_8C_Read(Defaultsession)
2026-07-29 14:40:07,270 [INFO] TC_ID-746 - PreCondition: PC_ID-023  Testcase:ECU_Serial_Number_F1_8C_Read(Defaultsession): SID=0x22, Sub=0xF18C, Expected=[16, 13, 98, 241, 140, 48, 48, 48, 48, 48, 48, 48, 48, 53, 48, 170, 170]
2026-07-29 14:40:07,371 [INFO] TC_ID-746 - PreCondition: PC_ID-023  Testcase:ECU_Serial_Number_F1_8C_Read(Defaultsession): Sending request 22F18C
2026-07-29 14:40:07,372 [INFO] TC_ID-746 - PreCondition: PC_ID-023  Testcase:ECU_Serial_Number_F1_8C_Read(Defaultsession): Sending request 22F18C
2026-07-29 14:40:07,373 [DEBUG] Sending 3 bytes : [22f18c]
2026-07-29 14:40:07,374 [DEBUG] Enqueuing a SendRequest for 3 bytes and TAT=Physical
2026-07-29 14:40:07,377 [DEBUG] Tx: <706> (08) [ ]	 0322f18c00000000
2026-07-29 14:40:07,378 [DEBUG] We've been asked to write a message to the bus
2026-07-29 14:40:07,379 [DEBUG] sending: Timestamp:        0.000000    ID:      706    S Rx     F BS       DL:  8    03 22 f1 8c 00 00 00 00
2026-07-29 14:40:07,403 [DEBUG] We've been asked to write a message to the bus
2026-07-29 14:40:07,405 [DEBUG] Rx: <70E> (08) [p]	 100d62f18c303030
2026-07-29 14:40:07,406 [DEBUG] sending: Timestamp:        0.000000    ID:      706    S Rx     F BS       DL:  8    30 08 0a 00 00 00 00 00
2026-07-29 14:40:07,408 [DEBUG] Tx: <706> (08) [ ]	 30080a0000000000
2026-07-29 14:40:07,410 [DEBUG] We've been asked to write a message to the bus
2026-07-29 14:40:07,414 [DEBUG] sending: Timestamp:        0.000000    ID:      706    S Rx     F BS       DL:  8    30 08 0a 00 00 00 00 00
2026-07-29 14:40:07,416 [DEBUG] TxState=IDLE - RxState=WAIT_CF
2026-07-29 14:40:07,419 [DEBUG] Rx: <70E> (08) [p]	 2130303030303530
2026-07-29 14:40:07,463 [INFO] TC_ID-746 - Received: 62F18C30303030303030303530
2026-07-29 14:40:07,465 [WARNING] TC_ID-746 - PreCondition: PC_ID-023  Testcase:ECU_Serial_Number_F1_8C_Read(Defaultsession) -> ❌ FAIL - Expected 100D62F18C30303030303030303530AAAA
2026-07-29 14:40:07,466 [DEBUG] Stopping CanStack
2026-07-29 14:40:07,468 [DEBUG] TxState=IDLE - RxState=IDLE
2026-07-29 14:40:07,469 [DEBUG] Main thread is exiting
2026-07-29 14:40:07,516 [DEBUG] CanStack Stopped
2026-07-29 14:40:07,517 [INFO] Connection closed
2026-07-29 14:40:07,518 [INFO] Running Test Case: TC_ID-747
2026-07-29 14:40:07,519 [DEBUG] Starting CanStack
2026-07-29 14:40:07,523 [DEBUG] Main thread has started
2026-07-29 14:40:07,528 [DEBUG] Relay thread has started
2026-07-29 14:40:07,533 [INFO] Connection opened
2026-07-29 14:40:07,536 [INFO] Switched to physical mode for TC: TC_ID-747 Step: PreCondition: PC_ID-023  Testcase:Vehicle_Manufacturer_ECU_HW_Number_F1_91_Read(Defaultsession)
2026-07-29 14:40:07,537 [INFO] TC_ID-747 - PreCondition: PC_ID-023  Testcase:Vehicle_Manufacturer_ECU_HW_Number_F1_91_Read(Defaultsession): SID=0x22, Sub=0xF191, Expected=[16, 8, 98, 241, 145, 67, 46, 48, 48, 170, 170, 170, 170, 170]
2026-07-29 14:40:07,657 [INFO] TC_ID-747 - PreCondition: PC_ID-023  Testcase:Vehicle_Manufacturer_ECU_HW_Number_F1_91_Read(Defaultsession): Sending request 22F191
2026-07-29 14:40:07,657 [INFO] TC_ID-747 - PreCondition: PC_ID-023  Testcase:Vehicle_Manufacturer_ECU_HW_Number_F1_91_Read(Defaultsession): Sending request 22F191
2026-07-29 14:40:07,658 [DEBUG] Sending 3 bytes : [22f191]
2026-07-29 14:40:07,659 [DEBUG] Enqueuing a SendRequest for 3 bytes and TAT=Physical
2026-07-29 14:40:07,661 [DEBUG] Tx: <706> (08) [ ]	 0322f19100000000
2026-07-29 14:40:07,662 [DEBUG] We've been asked to write a message to the bus
2026-07-29 14:40:07,663 [DEBUG] sending: Timestamp:        0.000000    ID:      706    S Rx     F BS       DL:  8    03 22 f1 91 00 00 00 00
2026-07-29 14:40:07,687 [INFO] TC_ID-747 PreCondition: PC_ID-023  Testcase:Vehicle_Manufacturer_ECU_HW_Number_F1_91_Read(Defaultsession) -> Response shorter than expected (7/8). Waiting for remaining payload.
2026-07-29 14:40:07,688 [DEBUG] Rx: <70E> (08) [p]	 0762f191432e3030
2026-07-29 14:40:07,689 [DEBUG] Received 7 bytes : [62f191432e3030]
2026-07-29 14:40:07,741 [INFO] TC_ID-747 - Received: 62F191432E303062
2026-07-29 14:40:07,742 [WARNING] TC_ID-747 - PreCondition: PC_ID-023  Testcase:Vehicle_Manufacturer_ECU_HW_Number_F1_91_Read(Defaultsession) -> ❌ FAIL - Expected 100862F191432E3030AAAAAAAAAA
2026-07-29 14:40:07,743 [DEBUG] Stopping CanStack
2026-07-29 14:40:07,744 [DEBUG] Main thread is exiting
2026-07-29 14:40:07,791 [DEBUG] CanStack Stopped
2026-07-29 14:40:07,794 [INFO] Connection closed
2026-07-29 14:40:07,795 [INFO] Running Test Case: TC_ID-748
2026-07-29 14:40:07,796 [DEBUG] Starting CanStack
2026-07-29 14:40:07,797 [DEBUG] Main thread has started
2026-07-29 14:40:07,799 [DEBUG] Relay thread has started
2026-07-29 14:40:07,800 [INFO] Connection opened
2026-07-29 14:40:07,801 [INFO] Switched to physical mode for TC: TC_ID-748 Step: PreCondition: PC_ID-023  Testcase:Verify incorrect msg length NRC for Vehicle Manufacturer ECU Hardware Number information information (22 F1 91 01)
2026-07-29 14:40:07,802 [INFO] TC_ID-748 - PreCondition: PC_ID-023  Testcase:Verify incorrect msg length NRC for Vehicle Manufacturer ECU Hardware Number information information (22 F1 91 01): SID=0x22, Sub=0xF19101, Expected=[3, 127, 34, 19, 170, 170, 170, 170]
2026-07-29 14:40:07,923 [INFO] TC_ID-748 - PreCondition: PC_ID-023  Testcase:Verify incorrect msg length NRC for Vehicle Manufacturer ECU Hardware Number information information (22 F1 91 01): Sending request 22F19101
2026-07-29 14:40:07,924 [INFO] TC_ID-748 - PreCondition: PC_ID-023  Testcase:Verify incorrect msg length NRC for Vehicle Manufacturer ECU Hardware Number information information (22 F1 91 01): Sending request 22F19101
2026-07-29 14:40:07,924 [DEBUG] Sending 4 bytes : [22f19101]
2026-07-29 14:40:07,925 [DEBUG] Enqueuing a SendRequest for 4 bytes and TAT=Physical
2026-07-29 14:40:07,927 [DEBUG] Tx: <706> (08) [ ]	 0422f19101000000
2026-07-29 14:40:07,928 [DEBUG] We've been asked to write a message to the bus
2026-07-29 14:40:07,929 [DEBUG] sending: Timestamp:        0.000000    ID:      706    S Rx     F BS       DL:  8    04 22 f1 91 01 00 00 00
2026-07-29 14:40:07,955 [DEBUG] Rx: <70E> (08) [p]	 037f2213aaaaaaaa
2026-07-29 14:40:08,006 [INFO] TC_ID-748 - Received: 7F2213
2026-07-29 14:40:08,008 [WARNING] TC_ID-748 - PreCondition: PC_ID-023  Testcase:Verify incorrect msg length NRC for Vehicle Manufacturer ECU Hardware Number information information (22 F1 91 01) -> ❌ FAIL - Expected 037F2213AAAAAAAA
2026-07-29 14:40:08,009 [DEBUG] Stopping CanStack
2026-07-29 14:40:08,011 [DEBUG] Main thread is exiting
2026-07-29 14:40:08,056 [DEBUG] CanStack Stopped
2026-07-29 14:40:08,057 [INFO] Connection closed
2026-07-29 14:40:08,058 [INFO] Running Test Case: TC_ID-749
2026-07-29 14:40:08,059 [DEBUG] Starting CanStack
2026-07-29 14:40:08,061 [DEBUG] Main thread has started
2026-07-29 14:40:08,063 [DEBUG] Relay thread has started
2026-07-29 14:40:08,065 [INFO] Connection opened
2026-07-29 14:40:08,066 [INFO] Switched to physical mode for TC: TC_ID-749 Step: PreCondition: PC_ID-023  Testcase:HardwareVersionNumber_F1_93_Read(Defaultsession)
2026-07-29 14:40:08,067 [INFO] TC_ID-749 - PreCondition: PC_ID-023  Testcase:HardwareVersionNumber_F1_93_Read(Defaultsession): SID=0x22, Sub=0xF193, Expected=[16, 8, 98, 241, 147, 67, 46, 48, 48, 170, 170, 170, 170, 170]
2026-07-29 14:40:08,170 [INFO] TC_ID-749 - PreCondition: PC_ID-023  Testcase:HardwareVersionNumber_F1_93_Read(Defaultsession): Sending request 22F193
2026-07-29 14:40:08,171 [INFO] TC_ID-749 - PreCondition: PC_ID-023  Testcase:HardwareVersionNumber_F1_93_Read(Defaultsession): Sending request 22F193
2026-07-29 14:40:08,171 [DEBUG] Sending 3 bytes : [22f193]
2026-07-29 14:40:08,172 [DEBUG] Enqueuing a SendRequest for 3 bytes and TAT=Physical
2026-07-29 14:40:08,174 [DEBUG] Tx: <706> (08) [ ]	 0322f19300000000
2026-07-29 14:40:08,175 [DEBUG] We've been asked to write a message to the bus
2026-07-29 14:40:08,176 [DEBUG] sending: Timestamp:        0.000000    ID:      706    S Rx     F BS       DL:  8    03 22 f1 93 00 00 00 00
2026-07-29 14:40:08,204 [DEBUG] Rx: <70E> (08) [p]	 0762f193432e3030
2026-07-29 14:40:08,206 [INFO] TC_ID-749 PreCondition: PC_ID-023  Testcase:HardwareVersionNumber_F1_93_Read(Defaultsession) -> Response shorter than expected (7/8). Waiting for remaining payload.
2026-07-29 14:40:08,208 [DEBUG] Received 7 bytes : [62f193432e3030]
2026-07-29 14:40:08,260 [INFO] TC_ID-749 - Received: 62F193432E303062
2026-07-29 14:40:08,261 [WARNING] TC_ID-749 - PreCondition: PC_ID-023  Testcase:HardwareVersionNumber_F1_93_Read(Defaultsession) -> ❌ FAIL - Expected 100862F193432E3030AAAAAAAAAA
2026-07-29 14:40:08,261 [DEBUG] Stopping CanStack
2026-07-29 14:40:08,262 [DEBUG] Main thread is exiting
2026-07-29 14:40:08,306 [DEBUG] CanStack Stopped
2026-07-29 14:40:08,308 [INFO] Connection closed
2026-07-29 14:40:08,308 [INFO] Running Test Case: TC_ID-750
2026-07-29 14:40:08,309 [DEBUG] Starting CanStack
2026-07-29 14:40:08,310 [DEBUG] Main thread has started
2026-07-29 14:40:08,311 [DEBUG] Relay thread has started
2026-07-29 14:40:08,313 [INFO] Connection opened
2026-07-29 14:40:08,314 [INFO] Switched to physical mode for TC: TC_ID-750 Step: PreCondition: PC_ID-023  Testcase:ECUSoftwareUnit1IVDDataIdentifier_F1_C1_Read(Defaultsession)
2026-07-29 14:40:08,315 [INFO] TC_ID-750 - PreCondition: PC_ID-023  Testcase:ECUSoftwareUnit1IVDDataIdentifier_F1_C1_Read(Defaultsession): SID=0x22, Sub=0xF1C1, Expected=[16, 35, 98, 241, 193, 89, 132, 149, 115, 208, 147, 255, 45, 174, 165, 181, 19, 158, 8, 114, 225, 168, 238, 34, 156, 199, 240, 147, 54, 118, 206, 209, 76, 62, 181, 253, 217, 170, 170, 170, 170, 170, 170]
2026-07-29 14:40:08,415 [INFO] TC_ID-750 - PreCondition: PC_ID-023  Testcase:ECUSoftwareUnit1IVDDataIdentifier_F1_C1_Read(Defaultsession): Sending request 22F1C1
2026-07-29 14:40:08,416 [INFO] TC_ID-750 - PreCondition: PC_ID-023  Testcase:ECUSoftwareUnit1IVDDataIdentifier_F1_C1_Read(Defaultsession): Sending request 22F1C1
2026-07-29 14:40:08,416 [DEBUG] Sending 3 bytes : [22f1c1]
2026-07-29 14:40:08,417 [DEBUG] Enqueuing a SendRequest for 3 bytes and TAT=Physical
2026-07-29 14:40:08,420 [DEBUG] Tx: <706> (08) [ ]	 0322f1c100000000
2026-07-29 14:40:08,421 [DEBUG] We've been asked to write a message to the bus
2026-07-29 14:40:08,421 [DEBUG] sending: Timestamp:        0.000000    ID:      706    S Rx     F BS       DL:  8    03 22 f1 c1 00 00 00 00
2026-07-29 14:40:08,444 [INFO] TC_ID-750 PreCondition: PC_ID-023  Testcase:ECUSoftwareUnit1IVDDataIdentifier_F1_C1_Read(Defaultsession) -> Response shorter than expected (3/35). Waiting for remaining payload.
2026-07-29 14:40:08,447 [DEBUG] Rx: <70E> (08) [p]	 037f2222aaaaaaaa
2026-07-29 14:40:08,449 [DEBUG] Received 3 bytes : [7f2222]
2026-07-29 14:40:13,450 [DEBUG] No data received: [TimeoutException] - Did not receive IsoTP frame from the Transport layer in time (timeout=5.0 sec) 
2026-07-29 14:40:13,451 [WARNING] TC_ID-750 PreCondition: PC_ID-023  Testcase:ECUSoftwareUnit1IVDDataIdentifier_F1_C1_Read(Defaultsession) -> Timed out while extending response (6/35)
2026-07-29 14:40:13,503 [INFO] TC_ID-750 - Received: 7F22227F2222
2026-07-29 14:40:13,504 [WARNING] TC_ID-750 - PreCondition: PC_ID-023  Testcase:ECUSoftwareUnit1IVDDataIdentifier_F1_C1_Read(Defaultsession) -> ❌ FAIL - Expected 102362F1C159849573D093FF2DAEA5B5139E0872E1A8EE229CC7F0933676CED14C3EB5FDD9AAAAAAAAAAAA
2026-07-29 14:40:13,505 [DEBUG] Stopping CanStack
2026-07-29 14:40:13,507 [DEBUG] Main thread is exiting
2026-07-29 14:40:13,519 [DEBUG] CanStack Stopped
2026-07-29 14:40:13,521 [INFO] Connection closed
2026-07-29 14:40:13,523 [INFO] Running Test Case: TC_ID-751
2026-07-29 14:40:13,524 [DEBUG] Starting CanStack
2026-07-29 14:40:13,532 [DEBUG] Main thread has started
2026-07-29 14:40:13,537 [DEBUG] Relay thread has started
2026-07-29 14:40:13,542 [INFO] Connection opened
2026-07-29 14:40:13,543 [INFO] Switched to physical mode for TC: TC_ID-751 Step: PreCondition: PC_ID-023  Testcase:Verify incorrect msg length NRC for ECU S/W Unit 1 IVD Response (22 F1 C1 01)
2026-07-29 14:40:13,544 [INFO] TC_ID-751 - PreCondition: PC_ID-023  Testcase:Verify incorrect msg length NRC for ECU S/W Unit 1 IVD Response (22 F1 C1 01): SID=0x22, Sub=0xF1C101, Expected=[3, 127, 34, 19, 170, 170, 170, 170]
2026-07-29 14:40:13,659 [INFO] TC_ID-751 - PreCondition: PC_ID-023  Testcase:Verify incorrect msg length NRC for ECU S/W Unit 1 IVD Response (22 F1 C1 01): Sending request 22F1C101
2026-07-29 14:40:13,660 [INFO] TC_ID-751 - PreCondition: PC_ID-023  Testcase:Verify incorrect msg length NRC for ECU S/W Unit 1 IVD Response (22 F1 C1 01): Sending request 22F1C101
2026-07-29 14:40:13,660 [DEBUG] Sending 4 bytes : [22f1c101]
2026-07-29 14:40:13,661 [DEBUG] Enqueuing a SendRequest for 4 bytes and TAT=Physical
2026-07-29 14:40:13,663 [DEBUG] Tx: <706> (08) [ ]	 0422f1c101000000
2026-07-29 14:40:13,664 [DEBUG] We've been asked to write a message to the bus
2026-07-29 14:40:13,665 [DEBUG] sending: Timestamp:        0.000000    ID:      706    S Rx     F BS       DL:  8    04 22 f1 c1 01 00 00 00
2026-07-29 14:40:13,719 [WARNING] TC_ID-751 - No response received
2026-07-29 14:40:13,722 [DEBUG] Stopping CanStack
2026-07-29 14:40:13,746 [DEBUG] Main thread is exiting
2026-07-29 14:40:13,759 [DEBUG] CanStack Stopped
2026-07-29 14:40:13,760 [INFO] Connection closed
2026-07-29 14:40:13,761 [INFO] Running Test Case: TC_ID-752
2026-07-29 14:40:13,763 [DEBUG] Starting CanStack
2026-07-29 14:40:13,765 [DEBUG] Main thread has started
2026-07-29 14:40:13,766 [DEBUG] Relay thread has started
2026-07-29 14:40:13,768 [INFO] Connection opened
2026-07-29 14:40:13,770 [INFO] Switched to physical mode for TC: TC_ID-752 Step: PreCondition: PC_ID-023  Testcase:ECU_Supplier_Code_F1_A1_Read(Defaultsession)
2026-07-29 14:40:13,771 [INFO] TC_ID-752 - PreCondition: PC_ID-023  Testcase:ECU_Supplier_Code_F1_A1_Read(Defaultsession): SID=0x22, Sub=0xF1A1, Expected=[7, 98, 241, 161, 83, 49, 49, 48]
2026-07-29 14:40:13,866 [INFO] TC_ID-752 - PreCondition: PC_ID-023  Testcase:ECU_Supplier_Code_F1_A1_Read(Defaultsession): Sending request 22F1A1
2026-07-29 14:40:13,868 [INFO] TC_ID-752 - PreCondition: PC_ID-023  Testcase:ECU_Supplier_Code_F1_A1_Read(Defaultsession): Sending request 22F1A1
2026-07-29 14:40:13,976 [DEBUG] Sending 3 bytes : [22f1a1]
2026-07-29 14:40:13,977 [DEBUG] Enqueuing a SendRequest for 3 bytes and TAT=Physical
2026-07-29 14:40:13,979 [DEBUG] Tx: <706> (08) [ ]	 0322f1a100000000
2026-07-29 14:40:13,981 [DEBUG] We've been asked to write a message to the bus
2026-07-29 14:40:13,982 [DEBUG] sending: Timestamp:        0.000000    ID:      706    S Rx     F BS       DL:  8    03 22 f1 a1 00 00 00 00
2026-07-29 14:40:14,038 [WARNING] TC_ID-752 - No response received
2026-07-29 14:40:14,042 [DEBUG] Stopping CanStack
2026-07-29 14:40:14,046 [DEBUG] Main thread is exiting
2026-07-29 14:40:14,050 [DEBUG] CanStack Stopped
2026-07-29 14:40:14,051 [INFO] Connection closed
2026-07-29 14:40:14,051 [INFO] Running Test Case: TC_ID-753
2026-07-29 14:40:14,052 [DEBUG] Starting CanStack
2026-07-29 14:40:14,053 [DEBUG] Main thread has started
2026-07-29 14:40:14,055 [DEBUG] Relay thread has started
2026-07-29 14:40:14,057 [INFO] Connection opened
2026-07-29 14:40:14,059 [INFO] Switched to physical mode for TC: TC_ID-753 Step: PreCondition: PC_ID-023  Testcase:ECU_Software_UNIT_number_F1_B0_Read(Defaultsession)
2026-07-29 14:40:14,060 [INFO] TC_ID-753 - PreCondition: PC_ID-023  Testcase:ECU_Software_UNIT_number_F1_B0_Read(Defaultsession): SID=0x22, Sub=0xF1B0, Expected=[4, 98, 241, 176, 1, 170, 170, 170]
2026-07-29 14:40:14,155 [INFO] TC_ID-753 - PreCondition: PC_ID-023  Testcase:ECU_Software_UNIT_number_F1_B0_Read(Defaultsession): Sending request 22F1B0
2026-07-29 14:40:14,156 [INFO] TC_ID-753 - PreCondition: PC_ID-023  Testcase:ECU_Software_UNIT_number_F1_B0_Read(Defaultsession): Sending request 22F1B0
2026-07-29 14:40:14,157 [DEBUG] Sending 3 bytes : [22f1b0]
2026-07-29 14:40:14,158 [DEBUG] Enqueuing a SendRequest for 3 bytes and TAT=Physical
2026-07-29 14:40:14,160 [DEBUG] Tx: <706> (08) [ ]	 0322f1b000000000
2026-07-29 14:40:14,162 [DEBUG] We've been asked to write a message to the bus
2026-07-29 14:40:14,164 [DEBUG] sending: Timestamp:        0.000000    ID:      706    S Rx     F BS       DL:  8    03 22 f1 b0 00 00 00 00
2026-07-29 14:40:14,236 [INFO] TC_ID-753 - Received: 62F1B001
2026-07-29 14:40:14,237 [WARNING] TC_ID-753 - PreCondition: PC_ID-023  Testcase:ECU_Software_UNIT_number_F1_B0_Read(Defaultsession) -> ❌ FAIL - Expected 0462F1B001AAAAAA
2026-07-29 14:40:14,238 [DEBUG] Stopping CanStack
2026-07-29 14:40:14,239 [DEBUG] Main thread is exiting
2026-07-29 14:40:14,249 [DEBUG] CanStack Stopped
2026-07-29 14:40:14,250 [INFO] Connection closed
2026-07-29 14:40:14,251 [INFO] Running Test Case: TC_ID-754
2026-07-29 14:40:14,252 [DEBUG] Starting CanStack
2026-07-29 14:40:14,255 [DEBUG] Main thread has started
2026-07-29 14:40:14,261 [DEBUG] Relay thread has started
2026-07-29 14:40:14,267 [INFO] Connection opened
2026-07-29 14:40:14,270 [INFO] Switched to physical mode for TC: TC_ID-754 Step: PreCondition: PC_ID-023  Testcase:Verify incorrect msg length NRC for ECU S/W Unit number information message (22 F1 B0 01)
2026-07-29 14:40:14,271 [INFO] TC_ID-754 - PreCondition: PC_ID-023  Testcase:Verify incorrect msg length NRC for ECU S/W Unit number information message (22 F1 B0 01): SID=0x22, Sub=0xF1B001, Expected=[3, 127, 34, 19, 170, 170, 170, 170]
2026-07-29 14:40:14,381 [INFO] TC_ID-754 - PreCondition: PC_ID-023  Testcase:Verify incorrect msg length NRC for ECU S/W Unit number information message (22 F1 B0 01): Sending request 22F1B001
2026-07-29 14:40:14,382 [INFO] TC_ID-754 - PreCondition: PC_ID-023  Testcase:Verify incorrect msg length NRC for ECU S/W Unit number information message (22 F1 B0 01): Sending request 22F1B001
2026-07-29 14:40:14,383 [DEBUG] Sending 4 bytes : [22f1b001]
2026-07-29 14:40:14,383 [DEBUG] Enqueuing a SendRequest for 4 bytes and TAT=Physical
2026-07-29 14:40:14,384 [DEBUG] Tx: <706> (08) [ ]	 0422f1b001000000
2026-07-29 14:40:14,385 [DEBUG] We've been asked to write a message to the bus
2026-07-29 14:40:14,386 [DEBUG] sending: Timestamp:        0.000000    ID:      706    S Rx     F BS       DL:  8    04 22 f1 b0 01 00 00 00
2026-07-29 14:40:14,466 [INFO] TC_ID-754 - Received: 7F2213
2026-07-29 14:40:14,467 [WARNING] TC_ID-754 - PreCondition: PC_ID-023  Testcase:Verify incorrect msg length NRC for ECU S/W Unit number information message (22 F1 B0 01) -> ❌ FAIL - Expected 037F2213AAAAAAAA
2026-07-29 14:40:14,468 [DEBUG] Stopping CanStack
2026-07-29 14:40:14,470 [DEBUG] Main thread is exiting
2026-07-29 14:40:14,479 [DEBUG] CanStack Stopped
2026-07-29 14:40:14,480 [INFO] Connection closed
2026-07-29 14:40:14,481 [INFO] Running Test Case: TC_ID-755
2026-07-29 14:40:14,483 [DEBUG] Starting CanStack
2026-07-29 14:40:14,485 [DEBUG] Main thread has started
2026-07-29 14:40:14,489 [DEBUG] Relay thread has started
2026-07-29 14:40:14,495 [INFO] Connection opened
2026-07-29 14:40:14,499 [INFO] Switched to physical mode for TC: TC_ID-755 Step: PreCondition: PC_ID-023  Testcase:ECU_Software_UNIT1_Version_F1_B1_Read(Defaultsession)
2026-07-29 14:40:14,501 [INFO] TC_ID-755 - PreCondition: PC_ID-023  Testcase:ECU_Software_UNIT1_Version_F1_B1_Read(Defaultsession): SID=0x22, Sub=0xF1B1, Expected=[16, 8, 98, 241, 177, 50, 53, 65, 49, 48, 170, 170, 170, 170, 170, 170]
2026-07-29 14:40:14,602 [INFO] TC_ID-755 - PreCondition: PC_ID-023  Testcase:ECU_Software_UNIT1_Version_F1_B1_Read(Defaultsession): Sending request 22F1B1
2026-07-29 14:40:14,603 [INFO] TC_ID-755 - PreCondition: PC_ID-023  Testcase:ECU_Software_UNIT1_Version_F1_B1_Read(Defaultsession): Sending request 22F1B1
2026-07-29 14:40:14,604 [DEBUG] Sending 3 bytes : [22f1b1]
2026-07-29 14:40:14,605 [DEBUG] Enqueuing a SendRequest for 3 bytes and TAT=Physical
2026-07-29 14:40:14,608 [DEBUG] Tx: <706> (08) [ ]	 0322f1b100000000
2026-07-29 14:40:14,609 [DEBUG] We've been asked to write a message to the bus
2026-07-29 14:40:14,611 [DEBUG] sending: Timestamp:        0.000000    ID:      706    S Rx     F BS       DL:  8    03 22 f1 b1 00 00 00 00
2026-07-29 14:40:14,634 [DEBUG] We've been asked to write a message to the bus
2026-07-29 14:40:14,636 [DEBUG] sending: Timestamp:        0.000000    ID:      706    S Rx     F BS       DL:  8    30 08 0a 00 00 00 00 00
2026-07-29 14:40:14,695 [INFO] TC_ID-755 - Received: 62F1B13235413130
2026-07-29 14:40:14,698 [WARNING] TC_ID-755 - PreCondition: PC_ID-023  Testcase:ECU_Software_UNIT1_Version_F1_B1_Read(Defaultsession) -> ❌ FAIL - Expected 100862F1B13235413130AAAAAAAAAAAA
2026-07-29 14:40:14,700 [DEBUG] Stopping CanStack
2026-07-29 14:40:14,704 [DEBUG] Main thread is exiting
2026-07-29 14:40:14,714 [DEBUG] CanStack Stopped
2026-07-29 14:40:14,715 [INFO] Connection closed
2026-07-29 14:40:14,721 [INFO] Running Test Case: TC_ID-756
2026-07-29 14:40:14,723 [DEBUG] Starting CanStack
2026-07-29 14:40:14,726 [DEBUG] Main thread has started
2026-07-29 14:40:14,730 [DEBUG] Relay thread has started
2026-07-29 14:40:14,740 [INFO] Connection opened
2026-07-29 14:40:14,741 [INFO] Switched to physical mode for TC: TC_ID-756 Step: PreCondition: PC_ID-023  Testcase:SystemNameOrEngineTypeDataIdentifier_Read(Defaultsession)
2026-07-29 14:40:14,743 [INFO] TC_ID-756 - PreCondition: PC_ID-023  Testcase:SystemNameOrEngineTypeDataIdentifier_Read(Defaultsession): SID=0x22, Sub=0xF197, Expected=[16, 14, 98, 241, 151, 83, 72, 86, 85, 95, 70, 82, 32, 32, 32, 32, 170]
2026-07-29 14:40:14,855 [INFO] TC_ID-756 - PreCondition: PC_ID-023  Testcase:SystemNameOrEngineTypeDataIdentifier_Read(Defaultsession): Sending request 22F197
2026-07-29 14:40:14,856 [INFO] TC_ID-756 - PreCondition: PC_ID-023  Testcase:SystemNameOrEngineTypeDataIdentifier_Read(Defaultsession): Sending request 22F197
2026-07-29 14:40:14,857 [DEBUG] Sending 3 bytes : [22f197]
2026-07-29 14:40:14,857 [DEBUG] Enqueuing a SendRequest for 3 bytes and TAT=Physical
2026-07-29 14:40:14,858 [DEBUG] Tx: <706> (08) [ ]	 0322f19700000000
2026-07-29 14:40:14,859 [DEBUG] We've been asked to write a message to the bus
2026-07-29 14:40:14,860 [DEBUG] sending: Timestamp:        0.000000    ID:      706    S Rx     F BS       DL:  8    03 22 f1 97 00 00 00 00
2026-07-29 14:40:14,885 [DEBUG] We've been asked to write a message to the bus
2026-07-29 14:40:14,888 [DEBUG] sending: Timestamp:        0.000000    ID:      706    S Rx     F BS       DL:  8    30 08 0a 00 00 00 00 00
2026-07-29 14:40:14,958 [INFO] TC_ID-756 - Received: 62F197534856555F465220202020
2026-07-29 14:40:14,959 [WARNING] TC_ID-756 - PreCondition: PC_ID-023  Testcase:SystemNameOrEngineTypeDataIdentifier_Read(Defaultsession) -> ❌ FAIL - Expected 100E62F197534856555F465220202020AA
2026-07-29 14:40:14,960 [DEBUG] Stopping CanStack
2026-07-29 14:40:14,961 [DEBUG] Main thread is exiting
2026-07-29 14:40:14,978 [DEBUG] CanStack Stopped
2026-07-29 14:40:14,980 [INFO] Connection closed
2026-07-29 14:40:14,983 [INFO] Running Test Case: TC_ID-757
2026-07-29 14:40:14,988 [DEBUG] Starting CanStack
2026-07-29 14:40:14,994 [DEBUG] Main thread has started
2026-07-29 14:40:14,996 [DEBUG] Relay thread has started
2026-07-29 14:40:14,998 [INFO] Connection opened
2026-07-29 14:40:14,999 [INFO] Switched to physical mode for TC: TC_ID-757 Step: PreCondition: PC_ID-023  Testcase:ECU S/W Unit 1 IVD Response_Read(Defaultsession)
2026-07-29 14:40:15,000 [INFO] TC_ID-757 - PreCondition: PC_ID-023  Testcase:ECU S/W Unit 1 IVD Response_Read(Defaultsession): SID=0x22, Sub=0xF1C1, Expected=[16, 35, 98, 241, 193, 89, 132, 149, 115, 208, 147, 255, 45, 174, 165, 181, 19, 158, 8, 114, 225, 168, 238, 34, 156, 199, 240, 147, 54, 118, 206, 209, 76, 62, 181, 253, 217, 170, 170, 170, 170, 170, 170]
2026-07-29 14:40:15,096 [INFO] TC_ID-757 - PreCondition: PC_ID-023  Testcase:ECU S/W Unit 1 IVD Response_Read(Defaultsession): Sending request 22F1C1
2026-07-29 14:40:15,097 [INFO] TC_ID-757 - PreCondition: PC_ID-023  Testcase:ECU S/W Unit 1 IVD Response_Read(Defaultsession): Sending request 22F1C1
2026-07-29 14:40:15,097 [DEBUG] Sending 3 bytes : [22f1c1]
2026-07-29 14:40:15,099 [DEBUG] Enqueuing a SendRequest for 3 bytes and TAT=Physical
2026-07-29 14:40:15,100 [DEBUG] Tx: <706> (08) [ ]	 0322f1c100000000
2026-07-29 14:40:15,102 [DEBUG] We've been asked to write a message to the bus
2026-07-29 14:40:15,103 [DEBUG] sending: Timestamp:        0.000000    ID:      706    S Rx     F BS       DL:  8    03 22 f1 c1 00 00 00 00
2026-07-29 14:40:15,124 [INFO] TC_ID-757 PreCondition: PC_ID-023  Testcase:ECU S/W Unit 1 IVD Response_Read(Defaultsession) -> Response shorter than expected (3/35). Waiting for remaining payload.
2026-07-29 14:40:18,665 [DEBUG] Rx: <70E> (08) [p]	 0762f1a153313130
2026-07-29 14:40:18,666 [DEBUG] Rx: <70E> (08) [p]	 0462f1b001aaaaaa
2026-07-29 14:40:18,667 [DEBUG] Received 7 bytes : [62f1a153313130]
2026-07-29 14:40:18,668 [DEBUG] Rx: <70E> (08) [p]	 037f2213aaaaaaaa
2026-07-29 14:40:18,669 [DEBUG] Received 4 bytes : [62f1b001]
2026-07-29 14:40:18,671 [DEBUG] Rx: <70E> (08) [p]	 100862f1b1323541
2026-07-29 14:40:18,672 [DEBUG] Received 3 bytes : [7f2213]
2026-07-29 14:40:18,674 [DEBUG] Tx: <706> (08) [ ]	 30080a0000000000
2026-07-29 14:40:18,676 [DEBUG] We've been asked to write a message to the bus
2026-07-29 14:40:18,677 [DEBUG] sending: Timestamp:        0.000000    ID:      706    S Rx     F BS       DL:  8    30 08 0a 00 00 00 00 00
2026-07-29 14:40:18,679 [DEBUG] TxState=IDLE - RxState=WAIT_CF
2026-07-29 14:40:18,682 [DEBUG] Rx: <70E> (08) [p]	 213130aaaaaaaaaa
2026-07-29 14:40:18,684 [DEBUG] Rx: <70E> (08) [p]	 100e62f197534856
2026-07-29 14:40:18,686 [DEBUG] Received 8 bytes : [62f1b13235413130]
2026-07-29 14:40:18,690 [DEBUG] Tx: <706> (08) [ ]	 30080a0000000000
2026-07-29 14:40:18,697 [DEBUG] We've been asked to write a message to the bus
2026-07-29 14:40:18,701 [DEBUG] sending: Timestamp:        0.000000    ID:      706    S Rx     F BS       DL:  8    30 08 0a 00 00 00 00 00
2026-07-29 14:40:18,702 [DEBUG] Rx: <70E> (08) [p]	 21555f4652202020
2026-07-29 14:40:18,704 [DEBUG] Rx: <70E> (08) [p]	 2220aaaaaaaaaaaa
2026-07-29 14:40:18,706 [DEBUG] Rx: <70E> (08) [p]	 037f2222aaaaaaaa
2026-07-29 14:40:18,707 [DEBUG] Received 14 bytes : [62f197534856555f465220202020]
2026-07-29 14:40:18,758 [DEBUG] TxState=IDLE - RxState=IDLE
2026-07-29 14:40:18,759 [INFO] TC_ID-757 - Received: 7F222262F1A15331313062F1B0017F221362F1B1323541313062F197534856555F4652
2026-07-29 14:40:18,760 [WARNING] TC_ID-757 - PreCondition: PC_ID-023  Testcase:ECU S/W Unit 1 IVD Response_Read(Defaultsession) -> ❌ FAIL - Expected 102362F1C159849573D093FF2DAEA5B5139E0872E1A8EE229CC7F0933676CED14C3EB5FDD9AAAAAAAAAAAA
2026-07-29 14:40:18,761 [DEBUG] Stopping CanStack
2026-07-29 14:40:18,763 [DEBUG] Main thread is exiting
2026-07-29 14:40:18,766 [DEBUG] CanStack Stopped
2026-07-29 14:40:18,768 [INFO] Connection closed
2026-07-29 14:40:18,769 [INFO] Running Test Case: TC_ID-758
2026-07-29 14:40:18,770 [DEBUG] Starting CanStack
2026-07-29 14:40:18,771 [DEBUG] Main thread has started
2026-07-29 14:40:18,773 [DEBUG] Relay thread has started
2026-07-29 14:40:18,776 [INFO] Connection opened
2026-07-29 14:40:18,776 [INFO] Switched to physical mode for TC: TC_ID-758 Step: PreCondition: PC_ID-023  Testcase:Type Option read information_Read(Default session)
2026-07-29 14:40:18,777 [INFO] TC_ID-758 - PreCondition: PC_ID-023  Testcase:Type Option read information_Read(Default session): SID=0x22, Sub=0xC100, Expected=[16, 11, 98, 193, 0, 238, 248, 0, 0, 54, 54, 0, 32, 170, 170, 170]
2026-07-29 14:40:18,880 [INFO] TC_ID-758 - PreCondition: PC_ID-023  Testcase:Type Option read information_Read(Default session): Sending request 22C100
2026-07-29 14:40:18,881 [INFO] TC_ID-758 - PreCondition: PC_ID-023  Testcase:Type Option read information_Read(Default session): Sending request 22C100
2026-07-29 14:40:18,881 [DEBUG] Sending 3 bytes : [22c100]
2026-07-29 14:40:18,882 [DEBUG] Enqueuing a SendRequest for 3 bytes and TAT=Physical
2026-07-29 14:40:18,883 [DEBUG] Tx: <706> (08) [ ]	 0322c10000000000
2026-07-29 14:40:18,884 [DEBUG] We've been asked to write a message to the bus
2026-07-29 14:40:18,884 [DEBUG] sending: Timestamp:        0.000000    ID:      706    S Rx     F BS       DL:  8    03 22 c1 00 00 00 00 00
2026-07-29 14:40:18,903 [DEBUG] We've been asked to write a message to the bus
2026-07-29 14:40:18,904 [DEBUG] Rx: <70E> (08) [p]	 100b62c100eef800
2026-07-29 14:40:18,907 [DEBUG] sending: Timestamp:        0.000000    ID:      706    S Rx     F BS       DL:  8    30 08 0a 00 00 00 00 00
2026-07-29 14:40:18,913 [DEBUG] Tx: <706> (08) [ ]	 30080a0000000000
2026-07-29 14:40:18,920 [DEBUG] We've been asked to write a message to the bus
2026-07-29 14:40:18,924 [DEBUG] sending: Timestamp:        0.000000    ID:      706    S Rx     F BS       DL:  8    30 08 0a 00 00 00 00 00
2026-07-29 14:40:18,926 [DEBUG] TxState=IDLE - RxState=WAIT_CF
2026-07-29 14:40:18,928 [DEBUG] Rx: <70E> (08) [p]	 210036360020aaaa
2026-07-29 14:40:18,973 [INFO] TC_ID-758 - Received: 62C100EEF8000036360020
2026-07-29 14:40:18,975 [WARNING] TC_ID-758 - PreCondition: PC_ID-023  Testcase:Type Option read information_Read(Default session) -> ❌ FAIL - Expected 100B62C100EEF8000036360020AAAAAA
2026-07-29 14:40:18,976 [DEBUG] Stopping CanStack
2026-07-29 14:40:18,978 [DEBUG] TxState=IDLE - RxState=IDLE
2026-07-29 14:40:18,979 [DEBUG] Main thread is exiting
2026-07-29 14:40:19,025 [DEBUG] CanStack Stopped
2026-07-29 14:40:19,027 [INFO] Connection closed
2026-07-29 14:40:19,028 [INFO] Running Test Case: TC_ID-759
2026-07-29 14:40:19,029 [DEBUG] Starting CanStack
2026-07-29 14:40:19,031 [DEBUG] Main thread has started
2026-07-29 14:40:19,032 [DEBUG] Relay thread has started
2026-07-29 14:40:19,038 [INFO] Connection opened
2026-07-29 14:40:19,039 [INFO] Switched to physical mode for TC: TC_ID-759 Step: PreCondition: PC_ID-023  Testcase:Output read information_Read(Default session)
2026-07-29 14:40:19,040 [INFO] TC_ID-759 - PreCondition: PC_ID-023  Testcase:Output read information_Read(Default session): SID=0x22, Sub=0xC101, Expected=[16, 11, 98, 193, 1, 136, 228, 64, 32, 0, 0, 0, 0, 170, 170, 170]
2026-07-29 14:40:19,136 [INFO] TC_ID-759 - PreCondition: PC_ID-023  Testcase:Output read information_Read(Default session): Sending request 22C101
2026-07-29 14:40:19,137 [INFO] TC_ID-759 - PreCondition: PC_ID-023  Testcase:Output read information_Read(Default session): Sending request 22C101
2026-07-29 14:40:19,137 [DEBUG] Sending 3 bytes : [22c101]
2026-07-29 14:40:19,138 [DEBUG] Enqueuing a SendRequest for 3 bytes and TAT=Physical
2026-07-29 14:40:19,139 [DEBUG] Tx: <706> (08) [ ]	 0322c10100000000
2026-07-29 14:40:19,140 [DEBUG] We've been asked to write a message to the bus
2026-07-29 14:40:19,140 [DEBUG] sending: Timestamp:        0.000000    ID:      706    S Rx     F BS       DL:  8    03 22 c1 01 00 00 00 00
2026-07-29 14:40:19,164 [DEBUG] We've been asked to write a message to the bus
2026-07-29 14:40:19,170 [DEBUG] Rx: <70E> (08) [p]	 100b62c101000000
2026-07-29 14:40:19,173 [DEBUG] sending: Timestamp:        0.000000    ID:      706    S Rx     F BS       DL:  8    30 08 0a 00 00 00 00 00
2026-07-29 14:40:19,179 [DEBUG] Tx: <706> (08) [ ]	 30080a0000000000
2026-07-29 14:40:19,181 [DEBUG] We've been asked to write a message to the bus
2026-07-29 14:40:19,183 [DEBUG] sending: Timestamp:        0.000000    ID:      706    S Rx     F BS       DL:  8    30 08 0a 00 00 00 00 00
2026-07-29 14:40:19,185 [DEBUG] TxState=IDLE - RxState=WAIT_CF
2026-07-29 14:40:19,190 [DEBUG] Rx: <70E> (08) [p]	 210000000000aaaa
2026-07-29 14:40:19,239 [INFO] TC_ID-759 - Received: 62C1010000000000000000
2026-07-29 14:40:19,240 [WARNING] TC_ID-759 - PreCondition: PC_ID-023  Testcase:Output read information_Read(Default session) -> ❌ FAIL - Expected 100B62C10188E4402000000000AAAAAA
2026-07-29 14:40:19,241 [DEBUG] Stopping CanStack
2026-07-29 14:40:19,242 [DEBUG] TxState=IDLE - RxState=IDLE
2026-07-29 14:40:19,243 [DEBUG] Main thread is exiting
2026-07-29 14:40:19,291 [DEBUG] CanStack Stopped
2026-07-29 14:40:19,292 [INFO] Connection closed
2026-07-29 14:40:19,293 [INFO] Running Test Case: TC_ID-760
2026-07-29 14:40:19,294 [DEBUG] Starting CanStack
2026-07-29 14:40:19,295 [DEBUG] Main thread has started
2026-07-29 14:40:19,296 [DEBUG] Relay thread has started
2026-07-29 14:40:19,298 [INFO] Connection opened
2026-07-29 14:40:19,298 [INFO] Switched to physical mode for TC: TC_ID-760 Step: PreCondition: PC_ID-023  Testcase:Communication read information_Read(Default session)
2026-07-29 14:40:19,299 [INFO] TC_ID-760 - PreCondition: PC_ID-023  Testcase:Communication read information_Read(Default session): SID=0x22, Sub=0xC102, Expected=[16, 12, 98, 193, 2, 0, 0, 0, 0, 0, 0, 0, 0, 0, 170, 170]
2026-07-29 14:40:19,396 [INFO] TC_ID-760 - PreCondition: PC_ID-023  Testcase:Communication read information_Read(Default session): Sending request 22C102
2026-07-29 14:40:19,397 [INFO] TC_ID-760 - PreCondition: PC_ID-023  Testcase:Communication read information_Read(Default session): Sending request 22C102
2026-07-29 14:40:19,397 [DEBUG] Sending 3 bytes : [22c102]
2026-07-29 14:40:19,398 [DEBUG] Enqueuing a SendRequest for 3 bytes and TAT=Physical
2026-07-29 14:40:19,399 [DEBUG] Tx: <706> (08) [ ]	 0322c10200000000
2026-07-29 14:40:19,399 [DEBUG] We've been asked to write a message to the bus
2026-07-29 14:40:19,400 [DEBUG] sending: Timestamp:        0.000000    ID:      706    S Rx     F BS       DL:  8    03 22 c1 02 00 00 00 00
2026-07-29 14:40:19,427 [DEBUG] We've been asked to write a message to the bus
2026-07-29 14:40:19,429 [DEBUG] Rx: <70E> (08) [p]	 100c62c1026c7a41
2026-07-29 14:40:19,433 [DEBUG] sending: Timestamp:        0.000000    ID:      706    S Rx     F BS       DL:  8    30 08 0a 00 00 00 00 00
2026-07-29 14:40:19,435 [DEBUG] Tx: <706> (08) [ ]	 30080a0000000000
2026-07-29 14:40:19,436 [DEBUG] We've been asked to write a message to the bus
2026-07-29 14:40:19,438 [DEBUG] sending: Timestamp:        0.000000    ID:      706    S Rx     F BS       DL:  8    30 08 0a 00 00 00 00 00
2026-07-29 14:40:19,440 [DEBUG] TxState=IDLE - RxState=WAIT_CF
2026-07-29 14:40:19,443 [DEBUG] Rx: <70E> (08) [p]	 21200000000000aa
2026-07-29 14:40:19,493 [INFO] TC_ID-760 - Received: 62C1026C7A41200000000000
2026-07-29 14:40:19,494 [WARNING] TC_ID-760 - PreCondition: PC_ID-023  Testcase:Communication read information_Read(Default session) -> ❌ FAIL - Expected 100C62C102000000000000000000AAAA
2026-07-29 14:40:19,495 [DEBUG] Stopping CanStack
2026-07-29 14:40:19,496 [DEBUG] TxState=IDLE - RxState=IDLE
2026-07-29 14:40:19,497 [DEBUG] Main thread is exiting
2026-07-29 14:40:19,544 [DEBUG] CanStack Stopped
2026-07-29 14:40:19,545 [INFO] Connection closed
2026-07-29 14:40:19,545 [INFO] Running Test Case: TC_ID-761
2026-07-29 14:40:19,546 [DEBUG] Starting CanStack
2026-07-29 14:40:19,548 [DEBUG] Main thread has started
2026-07-29 14:40:19,549 [DEBUG] Relay thread has started
2026-07-29 14:40:19,550 [INFO] Connection opened
2026-07-29 14:40:19,551 [INFO] Switched to physical mode for TC: TC_ID-761 Step: PreCondition: PC_ID-023  Testcase:LH seat heat fail detection read  information_Read(Default session)
2026-07-29 14:40:19,552 [INFO] TC_ID-761 - PreCondition: PC_ID-023  Testcase:LH seat heat fail detection read  information_Read(Default session): SID=0x22, Sub=0xC103, Expected=[16, 26, 98, 193, 3, 192, 0, 234, 160, 0, 0, 0, 0, 0, 0, 0, 0, 0]
2026-07-29 14:40:19,656 [INFO] TC_ID-761 - PreCondition: PC_ID-023  Testcase:LH seat heat fail detection read  information_Read(Default session): Sending request 22C103
2026-07-29 14:40:19,656 [INFO] TC_ID-761 - PreCondition: PC_ID-023  Testcase:LH seat heat fail detection read  information_Read(Default session): Sending request 22C103
2026-07-29 14:40:19,657 [DEBUG] Sending 3 bytes : [22c103]
2026-07-29 14:40:19,658 [DEBUG] Enqueuing a SendRequest for 3 bytes and TAT=Physical
2026-07-29 14:40:19,660 [DEBUG] Tx: <706> (08) [ ]	 0322c10300000000
2026-07-29 14:40:19,661 [DEBUG] We've been asked to write a message to the bus
2026-07-29 14:40:19,662 [DEBUG] sending: Timestamp:        0.000000    ID:      706    S Rx     F BS       DL:  8    03 22 c1 03 00 00 00 00
2026-07-29 14:40:19,686 [DEBUG] Rx: <70E> (08) [p]	 101062c103c000ea
2026-07-29 14:40:19,687 [DEBUG] We've been asked to write a message to the bus
2026-07-29 14:40:19,689 [DEBUG] Tx: <706> (08) [ ]	 30080a0000000000
2026-07-29 14:40:19,690 [DEBUG] sending: Timestamp:        0.000000    ID:      706    S Rx     F BS       DL:  8    30 08 0a 00 00 00 00 00
2026-07-29 14:40:19,691 [DEBUG] We've been asked to write a message to the bus
2026-07-29 14:40:19,693 [DEBUG] sending: Timestamp:        0.000000    ID:      706    S Rx     F BS       DL:  8    30 08 0a 00 00 00 00 00
2026-07-29 14:40:19,696 [DEBUG] TxState=IDLE - RxState=WAIT_CF
2026-07-29 14:40:19,699 [DEBUG] Rx: <70E> (08) [p]	 21a0000000000020
2026-07-29 14:40:19,713 [INFO] TC_ID-761 PreCondition: PC_ID-023  Testcase:LH seat heat fail detection read  information_Read(Default session) -> Response shorter than expected (16/26). Waiting for remaining payload.
2026-07-29 14:40:19,717 [DEBUG] Rx: <70E> (08) [p]	 22200000aaaaaaaa
2026-07-29 14:40:19,723 [DEBUG] Received 16 bytes : [62c103c000eaa0000000000020200000]
2026-07-29 14:40:19,774 [DEBUG] TxState=IDLE - RxState=IDLE
2026-07-29 14:40:19,777 [INFO] TC_ID-761 - Received: 62C103C000EAA000000000002020000062C103C000EAA0000000
2026-07-29 14:40:19,779 [WARNING] TC_ID-761 - PreCondition: PC_ID-023  Testcase:LH seat heat fail detection read  information_Read(Default session) -> ❌ FAIL - Expected 101A62C103C000EAA0000000000000000000
2026-07-29 14:40:19,780 [DEBUG] Stopping CanStack
2026-07-29 14:40:19,781 [DEBUG] Main thread is exiting
2026-07-29 14:40:19,816 [DEBUG] CanStack Stopped
2026-07-29 14:40:19,820 [INFO] Connection closed
2026-07-29 14:40:19,824 [INFO] Running Test Case: TC_ID-762
2026-07-29 14:40:19,826 [DEBUG] Starting CanStack
2026-07-29 14:40:19,827 [DEBUG] Main thread has started
2026-07-29 14:40:19,829 [DEBUG] Relay thread has started
2026-07-29 14:40:19,830 [INFO] Connection opened
2026-07-29 14:40:19,831 [INFO] Switched to physical mode for TC: TC_ID-762 Step: PreCondition: PC_ID-023  Testcase:LH seat vent fail detection read   information_Read(Default session)
2026-07-29 14:40:19,832 [INFO] TC_ID-762 - PreCondition: PC_ID-023  Testcase:LH seat vent fail detection read   information_Read(Default session): SID=0x22, Sub=0xC104, Expected=[16, 10, 98, 193, 4, 250, 0, 0, 0, 0, 0, 0, 170, 170, 170, 170]
2026-07-29 14:40:19,933 [INFO] TC_ID-762 - PreCondition: PC_ID-023  Testcase:LH seat vent fail detection read   information_Read(Default session): Sending request 22C104
2026-07-29 14:40:19,934 [INFO] TC_ID-762 - PreCondition: PC_ID-023  Testcase:LH seat vent fail detection read   information_Read(Default session): Sending request 22C104
2026-07-29 14:40:19,935 [DEBUG] Sending 3 bytes : [22c104]
2026-07-29 14:40:19,936 [DEBUG] Enqueuing a SendRequest for 3 bytes and TAT=Physical
2026-07-29 14:40:19,938 [DEBUG] Tx: <706> (08) [ ]	 0322c10400000000
2026-07-29 14:40:19,939 [DEBUG] We've been asked to write a message to the bus
2026-07-29 14:40:19,940 [DEBUG] sending: Timestamp:        0.000000    ID:      706    S Rx     F BS       DL:  8    03 22 c1 04 00 00 00 00
2026-07-29 14:40:19,964 [DEBUG] We've been asked to write a message to the bus
2026-07-29 14:40:19,966 [DEBUG] sending: Timestamp:        0.000000    ID:      706    S Rx     F BS       DL:  8    30 08 0a 00 00 00 00 00
2026-07-29 14:40:19,967 [DEBUG] Rx: <70E> (08) [p]	 100a62c104fa0000
2026-07-29 14:40:19,970 [DEBUG] Tx: <706> (08) [ ]	 30080a0000000000
2026-07-29 14:40:19,972 [DEBUG] We've been asked to write a message to the bus
2026-07-29 14:40:19,975 [DEBUG] sending: Timestamp:        0.000000    ID:      706    S Rx     F BS       DL:  8    30 08 0a 00 00 00 00 00
2026-07-29 14:40:19,977 [DEBUG] TxState=IDLE - RxState=WAIT_CF
2026-07-29 14:40:19,979 [DEBUG] Rx: <70E> (08) [p]	 2100000000aaaaaa
2026-07-29 14:40:20,026 [INFO] TC_ID-762 - Received: 62C104FA000000000000
2026-07-29 14:40:20,027 [WARNING] TC_ID-762 - PreCondition: PC_ID-023  Testcase:LH seat vent fail detection read   information_Read(Default session) -> ❌ FAIL - Expected 100A62C104FA000000000000AAAAAAAA
2026-07-29 14:40:20,028 [DEBUG] Stopping CanStack
2026-07-29 14:40:20,030 [DEBUG] TxState=IDLE - RxState=IDLE
2026-07-29 14:40:20,031 [DEBUG] Main thread is exiting
2026-07-29 14:40:20,078 [DEBUG] CanStack Stopped
2026-07-29 14:40:20,079 [INFO] Connection closed
2026-07-29 14:40:20,080 [INFO] Running Test Case: TC_ID-763
2026-07-29 14:40:20,081 [DEBUG] Starting CanStack
2026-07-29 14:40:20,085 [DEBUG] Main thread has started
2026-07-29 14:40:20,090 [DEBUG] Relay thread has started
2026-07-29 14:40:20,096 [INFO] Connection opened
2026-07-29 14:40:20,099 [INFO] Switched to physical mode for TC: TC_ID-763 Step: PreCondition: PC_ID-023  Testcase:RH seat heat fail detection read   information_Read(Default session)
2026-07-29 14:40:20,099 [INFO] TC_ID-763 - PreCondition: PC_ID-023  Testcase:RH seat heat fail detection read   information_Read(Default session): SID=0x22, Sub=0xC105, Expected=[16, 26, 98, 193, 5, 192, 0, 234, 160, 0, 0, 0, 0, 0, 0, 0, 0, 0]
2026-07-29 14:40:20,202 [INFO] TC_ID-763 - PreCondition: PC_ID-023  Testcase:RH seat heat fail detection read   information_Read(Default session): Sending request 22C105
2026-07-29 14:40:20,203 [INFO] TC_ID-763 - PreCondition: PC_ID-023  Testcase:RH seat heat fail detection read   information_Read(Default session): Sending request 22C105
2026-07-29 14:40:20,204 [DEBUG] Sending 3 bytes : [22c105]
2026-07-29 14:40:20,205 [DEBUG] Enqueuing a SendRequest for 3 bytes and TAT=Physical
2026-07-29 14:40:20,207 [DEBUG] Tx: <706> (08) [ ]	 0322c10500000000
2026-07-29 14:40:20,209 [DEBUG] We've been asked to write a message to the bus
2026-07-29 14:40:20,210 [DEBUG] sending: Timestamp:        0.000000    ID:      706    S Rx     F BS       DL:  8    03 22 c1 05 00 00 00 00
2026-07-29 14:40:20,234 [DEBUG] We've been asked to write a message to the bus
2026-07-29 14:40:20,235 [DEBUG] Rx: <70E> (08) [p]	 101062c105c000ea
2026-07-29 14:40:20,236 [DEBUG] sending: Timestamp:        0.000000    ID:      706    S Rx     F BS       DL:  8    30 08 0a 00 00 00 00 00
2026-07-29 14:40:20,237 [DEBUG] Tx: <706> (08) [ ]	 30080a0000000000
2026-07-29 14:40:20,240 [DEBUG] We've been asked to write a message to the bus
2026-07-29 14:40:20,244 [DEBUG] sending: Timestamp:        0.000000    ID:      706    S Rx     F BS       DL:  8    30 08 0a 00 00 00 00 00
2026-07-29 14:40:20,246 [DEBUG] TxState=IDLE - RxState=WAIT_CF
2026-07-29 14:40:20,248 [DEBUG] Rx: <70E> (08) [p]	 21a0000000000020
2026-07-29 14:40:20,259 [DEBUG] Rx: <70E> (08) [p]	 22200000aaaaaaaa
2026-07-29 14:40:20,260 [INFO] TC_ID-763 PreCondition: PC_ID-023  Testcase:RH seat heat fail detection read   information_Read(Default session) -> Response shorter than expected (16/26). Waiting for remaining payload.
2026-07-29 14:40:20,265 [DEBUG] Received 16 bytes : [62c105c000eaa0000000000020200000]
2026-07-29 14:40:20,315 [DEBUG] TxState=IDLE - RxState=IDLE
2026-07-29 14:40:20,319 [INFO] TC_ID-763 - Received: 62C105C000EAA000000000002020000062C105C000EAA0000000
2026-07-29 14:40:20,322 [WARNING] TC_ID-763 - PreCondition: PC_ID-023  Testcase:RH seat heat fail detection read   information_Read(Default session) -> ❌ FAIL - Expected 101A62C105C000EAA0000000000000000000
2026-07-29 14:40:20,323 [DEBUG] Stopping CanStack
2026-07-29 14:40:20,324 [DEBUG] Main thread is exiting
2026-07-29 14:40:20,360 [DEBUG] CanStack Stopped
2026-07-29 14:40:20,364 [INFO] Connection closed
2026-07-29 14:40:20,368 [INFO] Running Test Case: TC_ID-764
2026-07-29 14:40:20,370 [DEBUG] Starting CanStack
2026-07-29 14:40:20,371 [DEBUG] Main thread has started
2026-07-29 14:40:20,372 [DEBUG] Relay thread has started
2026-07-29 14:40:20,373 [INFO] Connection opened
2026-07-29 14:40:20,374 [INFO] Switched to physical mode for TC: TC_ID-764 Step: PreCondition: PC_ID-023  Testcase:RH seat vent fail detection read   information_Read(Default session)
2026-07-29 14:40:20,375 [INFO] TC_ID-764 - PreCondition: PC_ID-023  Testcase:RH seat vent fail detection read   information_Read(Default session): SID=0x22, Sub=0xC106, Expected=[16, 10, 98, 193, 6, 250, 0, 0, 0, 0, 0, 0, 170, 170, 170, 170]
2026-07-29 14:40:20,479 [INFO] TC_ID-764 - PreCondition: PC_ID-023  Testcase:RH seat vent fail detection read   information_Read(Default session): Sending request 22C106
2026-07-29 14:40:20,480 [INFO] TC_ID-764 - PreCondition: PC_ID-023  Testcase:RH seat vent fail detection read   information_Read(Default session): Sending request 22C106
2026-07-29 14:40:20,480 [DEBUG] Sending 3 bytes : [22c106]
2026-07-29 14:40:20,481 [DEBUG] Enqueuing a SendRequest for 3 bytes and TAT=Physical
2026-07-29 14:40:20,483 [DEBUG] Tx: <706> (08) [ ]	 0322c10600000000
2026-07-29 14:40:20,485 [DEBUG] We've been asked to write a message to the bus
2026-07-29 14:40:20,485 [DEBUG] sending: Timestamp:        0.000000    ID:      706    S Rx     F BS       DL:  8    03 22 c1 06 00 00 00 00
2026-07-29 14:40:20,513 [DEBUG] We've been asked to write a message to the bus
2026-07-29 14:40:20,515 [DEBUG] Rx: <70E> (08) [p]	 100a62c106fa0000
2026-07-29 14:40:20,516 [DEBUG] sending: Timestamp:        0.000000    ID:      706    S Rx     F BS       DL:  8    30 08 0a 00 00 00 00 00
2026-07-29 14:40:20,518 [DEBUG] Tx: <706> (08) [ ]	 30080a0000000000
2026-07-29 14:40:20,521 [DEBUG] We've been asked to write a message to the bus
2026-07-29 14:40:20,524 [DEBUG] sending: Timestamp:        0.000000    ID:      706    S Rx     F BS       DL:  8    30 08 0a 00 00 00 00 00
2026-07-29 14:40:20,527 [DEBUG] TxState=IDLE - RxState=WAIT_CF
2026-07-29 14:40:20,529 [DEBUG] Rx: <70E> (08) [p]	 2100000000aaaaaa
2026-07-29 14:40:20,577 [INFO] TC_ID-764 - Received: 62C106FA000000000000
2026-07-29 14:40:20,578 [WARNING] TC_ID-764 - PreCondition: PC_ID-023  Testcase:RH seat vent fail detection read   information_Read(Default session) -> ❌ FAIL - Expected 100A62C106FA000000000000AAAAAAAA
2026-07-29 14:40:20,580 [DEBUG] Stopping CanStack
2026-07-29 14:40:20,581 [DEBUG] TxState=IDLE - RxState=IDLE
2026-07-29 14:40:20,583 [DEBUG] Main thread is exiting
2026-07-29 14:40:20,624 [DEBUG] CanStack Stopped
2026-07-29 14:40:20,626 [INFO] Connection closed
2026-07-29 14:40:20,627 [INFO] Running Test Case: TC_ID-765
2026-07-29 14:40:20,630 [DEBUG] Starting CanStack
2026-07-29 14:40:20,636 [DEBUG] Main thread has started
2026-07-29 14:40:20,644 [DEBUG] Relay thread has started
2026-07-29 14:40:20,645 [INFO] Connection opened
2026-07-29 14:40:20,646 [INFO] Switched to physical mode for TC: TC_ID-765 Step: PreCondition: PC_ID-023  Testcase:Log frame data read  information_Read(Default session)
2026-07-29 14:40:20,647 [INFO] TC_ID-765 - PreCondition: PC_ID-023  Testcase:Log frame data read  information_Read(Default session): SID=0x22, Sub=0xCF10, Expected=[16, 50, 98, 207, 16, 239, 199, 126, 0, 4, 10, 4, 4, 9, 4, 239, 192, 0, 0, 4, 9, 4, 170, 170, 170]
2026-07-29 14:40:20,747 [INFO] TC_ID-765 - PreCondition: PC_ID-023  Testcase:Log frame data read  information_Read(Default session): Sending request 22CF10
2026-07-29 14:40:20,748 [INFO] TC_ID-765 - PreCondition: PC_ID-023  Testcase:Log frame data read  information_Read(Default session): Sending request 22CF10
2026-07-29 14:40:20,748 [DEBUG] Sending 3 bytes : [22cf10]
2026-07-29 14:40:20,749 [DEBUG] Enqueuing a SendRequest for 3 bytes and TAT=Physical
2026-07-29 14:40:20,751 [DEBUG] Tx: <706> (08) [ ]	 0322cf1000000000
2026-07-29 14:40:20,752 [DEBUG] We've been asked to write a message to the bus
2026-07-29 14:40:20,753 [DEBUG] sending: Timestamp:        0.000000    ID:      706    S Rx     F BS       DL:  8    03 22 cf 10 00 00 00 00
2026-07-29 14:40:20,777 [DEBUG] Rx: <70E> (08) [p]	 101462cf10efc77e
2026-07-29 14:40:20,778 [DEBUG] We've been asked to write a message to the bus
2026-07-29 14:40:20,779 [DEBUG] Tx: <706> (08) [ ]	 30080a0000000000
2026-07-29 14:40:20,780 [DEBUG] sending: Timestamp:        0.000000    ID:      706    S Rx     F BS       DL:  8    30 08 0a 00 00 00 00 00
2026-07-29 14:40:20,781 [DEBUG] We've been asked to write a message to the bus
2026-07-29 14:40:20,790 [DEBUG] sending: Timestamp:        0.000000    ID:      706    S Rx     F BS       DL:  8    30 08 0a 00 00 00 00 00
2026-07-29 14:40:20,792 [DEBUG] TxState=IDLE - RxState=WAIT_CF
2026-07-29 14:40:20,794 [DEBUG] Rx: <70E> (08) [p]	 2100040a04040904
2026-07-29 14:40:20,808 [INFO] TC_ID-765 PreCondition: PC_ID-023  Testcase:Log frame data read  information_Read(Default session) -> Response shorter than expected (20/50). Waiting for remaining payload.
2026-07-29 14:40:20,813 [DEBUG] Rx: <70E> (08) [p]	 22efc00000040904
2026-07-29 14:40:20,824 [DEBUG] Received 20 bytes : [62cf10efc77e00040a04040904efc00000040904]
2026-07-29 14:40:20,874 [DEBUG] TxState=IDLE - RxState=IDLE
2026-07-29 14:40:25,825 [DEBUG] No data received: [TimeoutException] - Did not receive IsoTP frame from the Transport layer in time (timeout=5.0 sec) 
2026-07-29 14:40:25,826 [WARNING] TC_ID-765 PreCondition: PC_ID-023  Testcase:Log frame data read  information_Read(Default session) -> Timed out while extending response (40/50)
2026-07-29 14:40:25,877 [INFO] TC_ID-765 - Received: 62CF10EFC77E00040A04040904EFC0000004090462CF10EFC77E00040A04040904EFC00000040904
2026-07-29 14:40:25,879 [WARNING] TC_ID-765 - PreCondition: PC_ID-023  Testcase:Log frame data read  information_Read(Default session) -> ❌ FAIL - Expected 103262CF10EFC77E00040A04040904EFC00000040904AAAAAA
2026-07-29 14:40:25,880 [DEBUG] Stopping CanStack
2026-07-29 14:40:25,882 [DEBUG] Main thread is exiting
2026-07-29 14:40:25,884 [DEBUG] CanStack Stopped
2026-07-29 14:40:25,885 [INFO] Connection closed
2026-07-29 14:40:25,887 [INFO] Running Test Case: TC_ID-766
2026-07-29 14:40:25,888 [DEBUG] Starting CanStack
2026-07-29 14:40:25,892 [DEBUG] Main thread has started
2026-07-29 14:40:25,895 [DEBUG] Relay thread has started
2026-07-29 14:40:25,902 [INFO] Connection opened
2026-07-29 14:40:25,905 [INFO] Switched to physical mode for TC: TC_ID-766 Step: PreCondition: PC_ID-023  Testcase:Non-Sleep ECU data Identifier_Read(Default session)
2026-07-29 14:40:25,905 [INFO] TC_ID-766 - PreCondition: PC_ID-023  Testcase:Non-Sleep ECU data Identifier_Read(Default session): SID=0x22, Sub=0xED90, Expected=[16, 9, 98, 237, 144, 240, 0, 0, 0, 0, 0, 170, 170, 170, 170, 170]
2026-07-29 14:40:26,000 [INFO] TC_ID-766 - PreCondition: PC_ID-023  Testcase:Non-Sleep ECU data Identifier_Read(Default session): Sending request 22ED90
2026-07-29 14:40:26,001 [INFO] TC_ID-766 - PreCondition: PC_ID-023  Testcase:Non-Sleep ECU data Identifier_Read(Default session): Sending request 22ED90
2026-07-29 14:40:26,002 [DEBUG] Sending 3 bytes : [22ed90]
2026-07-29 14:40:26,003 [DEBUG] Enqueuing a SendRequest for 3 bytes and TAT=Physical
2026-07-29 14:40:26,005 [DEBUG] Tx: <706> (08) [ ]	 0322ed9000000000
2026-07-29 14:40:26,006 [DEBUG] We've been asked to write a message to the bus
2026-07-29 14:40:26,007 [DEBUG] sending: Timestamp:        0.000000    ID:      706    S Rx     F BS       DL:  8    03 22 ed 90 00 00 00 00
2026-07-29 14:40:26,033 [DEBUG] Rx: <70E> (08) [p]	 100962ed90f00000
2026-07-29 14:40:26,034 [DEBUG] We've been asked to write a message to the bus
2026-07-29 14:40:26,035 [DEBUG] Tx: <706> (08) [ ]	 30080a0000000000
2026-07-29 14:40:26,036 [DEBUG] sending: Timestamp:        0.000000    ID:      706    S Rx     F BS       DL:  8    30 08 0a 00 00 00 00 00
2026-07-29 14:40:26,039 [DEBUG] We've been asked to write a message to the bus
2026-07-29 14:40:26,042 [DEBUG] sending: Timestamp:        0.000000    ID:      706    S Rx     F BS       DL:  8    30 08 0a 00 00 00 00 00
2026-07-29 14:40:26,045 [DEBUG] TxState=IDLE - RxState=WAIT_CF
2026-07-29 14:40:26,051 [DEBUG] Rx: <70E> (08) [p]	 21000000aaaaaaaa
2026-07-29 14:40:26,101 [INFO] TC_ID-766 - Received: 62ED90F00000000000
2026-07-29 14:40:26,103 [WARNING] TC_ID-766 - PreCondition: PC_ID-023  Testcase:Non-Sleep ECU data Identifier_Read(Default session) -> ❌ FAIL - Expected 100962ED90F00000000000AAAAAAAAAA
2026-07-29 14:40:26,104 [DEBUG] TxState=IDLE - RxState=IDLE
2026-07-29 14:40:26,105 [DEBUG] Stopping CanStack
2026-07-29 14:40:26,111 [DEBUG] Main thread is exiting
2026-07-29 14:40:26,154 [DEBUG] CanStack Stopped
2026-07-29 14:40:26,157 [INFO] Connection closed
2026-07-29 14:40:26,161 [INFO] Running Test Case: PC_ID-024
2026-07-29 14:40:26,165 [DEBUG] Starting CanStack
2026-07-29 14:40:26,168 [DEBUG] Main thread has started
2026-07-29 14:40:26,169 [DEBUG] Relay thread has started
2026-07-29 14:40:26,170 [INFO] Connection opened
2026-07-29 14:40:26,171 [INFO] Switched to physical mode for TC: PC_ID-024 Step: Start Extended session
2026-07-29 14:40:26,171 [INFO] PC_ID-024 - Start Extended session: SID=0x10, Sub=0x03, Expected=[6, 80, 3, 0, 50, 1, 244, 170]
2026-07-29 14:40:26,236 [INFO] PC_ID-024 - Start Extended session: Sending 1003
2026-07-29 14:40:26,286 [INFO] PC_ID-024 - Start Extended session: Sending request 1003
2026-07-29 14:40:26,287 [DEBUG] Sending 2 bytes : [1003]
2026-07-29 14:40:26,289 [DEBUG] Enqueuing a SendRequest for 2 bytes and TAT=Physical
2026-07-29 14:40:26,291 [DEBUG] Tx: <706> (08) [ ]	 0210030000000000
2026-07-29 14:40:26,292 [DEBUG] We've been asked to write a message to the bus
2026-07-29 14:40:26,293 [DEBUG] sending: Timestamp:        0.000000    ID:      706    S Rx     F BS       DL:  8    02 10 03 00 00 00 00 00
2026-07-29 14:40:26,312 [INFO] PC_ID-024 - Received: 5003003201F4
2026-07-29 14:40:26,319 [WARNING] PC_ID-024 - Start Extended session -> FAIL - Unexpected response
2026-07-29 14:40:26,322 [DEBUG] Rx: <70E> (08) [p]	 065003003201f4aa
2026-07-29 14:40:26,325 [DEBUG] Stopping CanStack
2026-07-29 14:40:26,329 [DEBUG] Main thread is exiting
2026-07-29 14:40:26,369 [DEBUG] CanStack Stopped
2026-07-29 14:40:26,370 [INFO] Connection closed
2026-07-29 14:40:26,371 [INFO] Running Test Case: TC_ID-767
2026-07-29 14:40:26,372 [DEBUG] Starting CanStack
2026-07-29 14:40:26,373 [DEBUG] Main thread has started
2026-07-29 14:40:26,374 [DEBUG] Relay thread has started
2026-07-29 14:40:26,376 [INFO] Connection opened
2026-07-29 14:40:26,377 [INFO] Switched to physical mode for TC: TC_ID-767 Step: PreCondition: PC_ID-024  Testcase:RX_SWIN_F1_EF_Read(Defaultsession)
2026-07-29 14:40:26,378 [INFO] TC_ID-767 - PreCondition: PC_ID-024  Testcase:RX_SWIN_F1_EF_Read(Defaultsession): SID=0x22, Sub=0xF1EF, Expected=[16, 43, 98, 241, 239, 7, 6, 11, 82, 49, 48, 32, 66, 74, 49, 47, 49, 47, 48, 12, 82, 49, 53, 53, 32, 66, 74, 49, 47, 49, 47, 48, 12, 82, 49, 53, 54, 32, 66, 74, 49, 47, 49, 47, 48, 170, 170, 170, 170, 170]
2026-07-29 14:40:26,464 [INFO] TC_ID-767 - PreCondition: PC_ID-024  Testcase:RX_SWIN_F1_EF_Read(Defaultsession): Sending request 22F1EF
2026-07-29 14:40:26,465 [INFO] TC_ID-767 - PreCondition: PC_ID-024  Testcase:RX_SWIN_F1_EF_Read(Defaultsession): Sending request 22F1EF
2026-07-29 14:40:26,467 [DEBUG] Sending 3 bytes : [22f1ef]
2026-07-29 14:40:26,468 [DEBUG] Enqueuing a SendRequest for 3 bytes and TAT=Physical
2026-07-29 14:40:26,470 [DEBUG] Tx: <706> (08) [ ]	 0322f1ef00000000
2026-07-29 14:40:26,471 [DEBUG] We've been asked to write a message to the bus
2026-07-29 14:40:26,473 [DEBUG] sending: Timestamp:        0.000000    ID:      706    S Rx     F BS       DL:  8    03 22 f1 ef 00 00 00 00
2026-07-29 14:40:26,495 [DEBUG] Rx: <70E> (08) [p]	 102b62f1ef07060b
2026-07-29 14:40:26,496 [DEBUG] We've been asked to write a message to the bus
2026-07-29 14:40:26,497 [DEBUG] Tx: <706> (08) [ ]	 30080a0000000000
2026-07-29 14:40:26,498 [DEBUG] sending: Timestamp:        0.000000    ID:      706    S Rx     F BS       DL:  8    30 08 0a 00 00 00 00 00
2026-07-29 14:40:26,500 [DEBUG] We've been asked to write a message to the bus
2026-07-29 14:40:26,502 [DEBUG] sending: Timestamp:        0.000000    ID:      706    S Rx     F BS       DL:  8    30 08 0a 00 00 00 00 00
2026-07-29 14:40:26,505 [DEBUG] TxState=IDLE - RxState=WAIT_CF
2026-07-29 14:40:26,508 [DEBUG] Rx: <70E> (08) [p]	 2152313020424a31
2026-07-29 14:40:26,527 [DEBUG] Rx: <70E> (08) [p]	 222f312f300c5231
2026-07-29 14:40:26,539 [DEBUG] Rx: <70E> (08) [p]	 23353520424a312f
2026-07-29 14:40:26,553 [DEBUG] Rx: <70E> (08) [p]	 24312f300c523135
2026-07-29 14:40:26,571 [DEBUG] Rx: <70E> (08) [p]	 253620424a312f31
2026-07-29 14:40:26,584 [DEBUG] Rx: <70E> (08) [p]	 262f30aaaaaaaaaa
2026-07-29 14:40:26,634 [INFO] TC_ID-767 - Received: 62F1EF07060B52313020424A312F312F300C5231353520424A312F312F300C5231353620424A312F312F30
2026-07-29 14:40:26,635 [WARNING] TC_ID-767 - PreCondition: PC_ID-024  Testcase:RX_SWIN_F1_EF_Read(Defaultsession) -> ❌ FAIL - Expected 102B62F1EF07060B52313020424A312F312F300C5231353520424A312F312F300C5231353620424A312F312F30AAAAAAAAAA
2026-07-29 14:40:26,636 [DEBUG] TxState=IDLE - RxState=IDLE
2026-07-29 14:40:26,637 [DEBUG] Stopping CanStack
2026-07-29 14:40:26,639 [DEBUG] Main thread is exiting
2026-07-29 14:40:26,686 [DEBUG] CanStack Stopped
2026-07-29 14:40:26,687 [INFO] Connection closed
2026-07-29 14:40:26,688 [INFO] Running Test Case: TC_ID-768
2026-07-29 14:40:26,688 [DEBUG] Starting CanStack
2026-07-29 14:40:26,690 [DEBUG] Main thread has started
2026-07-29 14:40:26,692 [DEBUG] Relay thread has started
2026-07-29 14:40:26,695 [INFO] Connection opened
2026-07-29 14:40:26,697 [INFO] Switched to physical mode for TC: TC_ID-768 Step: PreCondition: PC_ID-024  Testcase:Vehicle_Manufacturer_Spare_Part_Number_F1_87_Read(Defaultsession)
2026-07-29 14:40:26,698 [INFO] TC_ID-768 - PreCondition: PC_ID-024  Testcase:Vehicle_Manufacturer_Spare_Part_Number_F1_87_Read(Defaultsession): SID=0x22, Sub=0xF187, Expected=[16, 13, 98, 241, 135, 56, 56, 53, 52, 48, 71, 74, 48, 48, 48, 170, 170]
2026-07-29 14:40:26,807 [INFO] TC_ID-768 - PreCondition: PC_ID-024  Testcase:Vehicle_Manufacturer_Spare_Part_Number_F1_87_Read(Defaultsession): Sending request 22F187
2026-07-29 14:40:26,808 [INFO] TC_ID-768 - PreCondition: PC_ID-024  Testcase:Vehicle_Manufacturer_Spare_Part_Number_F1_87_Read(Defaultsession): Sending request 22F187
2026-07-29 14:40:26,809 [DEBUG] Sending 3 bytes : [22f187]
2026-07-29 14:40:26,809 [DEBUG] Enqueuing a SendRequest for 3 bytes and TAT=Physical
2026-07-29 14:40:26,810 [DEBUG] Tx: <706> (08) [ ]	 0322f18700000000
2026-07-29 14:40:26,811 [DEBUG] We've been asked to write a message to the bus
2026-07-29 14:40:26,812 [DEBUG] sending: Timestamp:        0.000000    ID:      706    S Rx     F BS       DL:  8    03 22 f1 87 00 00 00 00
2026-07-29 14:40:26,833 [DEBUG] We've been asked to write a message to the bus
2026-07-29 14:40:26,836 [DEBUG] sending: Timestamp:        0.000000    ID:      706    S Rx     F BS       DL:  8    30 08 0a 00 00 00 00 00
2026-07-29 14:40:26,839 [DEBUG] Rx: <70E> (08) [p]	 100d62f187383835
2026-07-29 14:40:26,847 [DEBUG] Tx: <706> (08) [ ]	 30080a0000000000
2026-07-29 14:40:26,852 [DEBUG] We've been asked to write a message to the bus
2026-07-29 14:40:26,853 [DEBUG] sending: Timestamp:        0.000000    ID:      706    S Rx     F BS       DL:  8    30 08 0a 00 00 00 00 00
2026-07-29 14:40:26,854 [DEBUG] TxState=IDLE - RxState=WAIT_CF
2026-07-29 14:40:26,856 [DEBUG] Rx: <70E> (08) [p]	 213430474a303030
2026-07-29 14:40:26,901 [INFO] TC_ID-768 - Received: 62F1873838353430474A303030
2026-07-29 14:40:26,903 [WARNING] TC_ID-768 - PreCondition: PC_ID-024  Testcase:Vehicle_Manufacturer_Spare_Part_Number_F1_87_Read(Defaultsession) -> ❌ FAIL - Expected 100D62F1873838353430474A303030AAAA
2026-07-29 14:40:26,904 [DEBUG] Stopping CanStack
2026-07-29 14:40:26,905 [DEBUG] TxState=IDLE - RxState=IDLE
2026-07-29 14:40:26,906 [DEBUG] Main thread is exiting
2026-07-29 14:40:26,953 [DEBUG] CanStack Stopped
2026-07-29 14:40:26,955 [INFO] Connection closed
2026-07-29 14:40:26,956 [INFO] Running Test Case: TC_ID-769
2026-07-29 14:40:26,957 [DEBUG] Starting CanStack
2026-07-29 14:40:26,959 [DEBUG] Main thread has started
2026-07-29 14:40:26,961 [DEBUG] Relay thread has started
2026-07-29 14:40:26,962 [INFO] Connection opened
2026-07-29 14:40:26,963 [INFO] Switched to physical mode for TC: TC_ID-769 Step: PreCondition: PC_ID-024  Testcase:Verify incorrect msg length NRC for Part number information (22 F1 87 01)
2026-07-29 14:40:26,964 [INFO] TC_ID-769 - PreCondition: PC_ID-024  Testcase:Verify incorrect msg length NRC for Part number information (22 F1 87 01): SID=0x22, Sub=0xF18701, Expected=[3, 127, 34, 19, 170, 170, 170, 170]
2026-07-29 14:40:27,071 [INFO] TC_ID-769 - PreCondition: PC_ID-024  Testcase:Verify incorrect msg length NRC for Part number information (22 F1 87 01): Sending request 22F18701
2026-07-29 14:40:27,072 [INFO] TC_ID-769 - PreCondition: PC_ID-024  Testcase:Verify incorrect msg length NRC for Part number information (22 F1 87 01): Sending request 22F18701
2026-07-29 14:40:27,073 [DEBUG] Sending 4 bytes : [22f18701]
2026-07-29 14:40:27,073 [DEBUG] Enqueuing a SendRequest for 4 bytes and TAT=Physical
2026-07-29 14:40:27,074 [DEBUG] Tx: <706> (08) [ ]	 0422f18701000000
2026-07-29 14:40:27,075 [DEBUG] We've been asked to write a message to the bus
2026-07-29 14:40:27,075 [DEBUG] sending: Timestamp:        0.000000    ID:      706    S Rx     F BS       DL:  8    04 22 f1 87 01 00 00 00
2026-07-29 14:40:27,106 [DEBUG] Rx: <70E> (08) [p]	 037f2213aaaaaaaa
2026-07-29 14:40:27,160 [INFO] TC_ID-769 - Received: 7F2213
2026-07-29 14:40:27,162 [WARNING] TC_ID-769 - PreCondition: PC_ID-024  Testcase:Verify incorrect msg length NRC for Part number information (22 F1 87 01) -> ❌ FAIL - Expected 037F2213AAAAAAAA
2026-07-29 14:40:27,163 [DEBUG] Stopping CanStack
2026-07-29 14:40:27,164 [DEBUG] Main thread is exiting
2026-07-29 14:40:27,207 [DEBUG] CanStack Stopped
2026-07-29 14:40:27,208 [INFO] Connection closed
2026-07-29 14:40:27,209 [INFO] Running Test Case: TC_ID-770
2026-07-29 14:40:27,210 [DEBUG] Starting CanStack
2026-07-29 14:40:27,212 [DEBUG] Main thread has started
2026-07-29 14:40:27,214 [DEBUG] Relay thread has started
2026-07-29 14:40:27,215 [INFO] Connection opened
2026-07-29 14:40:27,216 [INFO] Switched to physical mode for TC: TC_ID-770 Step: PreCondition: PC_ID-024  Testcase:Manufacturing_F1_8B_Read(Defaultsession)
2026-07-29 14:40:27,217 [INFO] TC_ID-770 - PreCondition: PC_ID-024  Testcase:Manufacturing_F1_8B_Read(Defaultsession): SID=0x22, Sub=0xF18B, Expected=[7, 98, 241, 139, 32, 37, 16, 21]
2026-07-29 14:40:27,314 [INFO] TC_ID-770 - PreCondition: PC_ID-024  Testcase:Manufacturing_F1_8B_Read(Defaultsession): Sending request 22F18B
2026-07-29 14:40:27,315 [INFO] TC_ID-770 - PreCondition: PC_ID-024  Testcase:Manufacturing_F1_8B_Read(Defaultsession): Sending request 22F18B
2026-07-29 14:40:27,315 [DEBUG] Sending 3 bytes : [22f18b]
2026-07-29 14:40:27,316 [DEBUG] Enqueuing a SendRequest for 3 bytes and TAT=Physical
2026-07-29 14:40:27,317 [DEBUG] Tx: <706> (08) [ ]	 0322f18b00000000
2026-07-29 14:40:27,318 [DEBUG] We've been asked to write a message to the bus
2026-07-29 14:40:27,318 [DEBUG] sending: Timestamp:        0.000000    ID:      706    S Rx     F BS       DL:  8    03 22 f1 8b 00 00 00 00
2026-07-29 14:40:27,343 [DEBUG] Rx: <70E> (08) [p]	 0762f18b20251015
2026-07-29 14:40:27,395 [INFO] TC_ID-770 - Received: 62F18B20251015
2026-07-29 14:40:27,400 [WARNING] TC_ID-770 - PreCondition: PC_ID-024  Testcase:Manufacturing_F1_8B_Read(Defaultsession) -> ❌ FAIL - Expected 0762F18B20251015
2026-07-29 14:40:27,404 [DEBUG] Stopping CanStack
2026-07-29 14:40:27,405 [DEBUG] Main thread is exiting
2026-07-29 14:40:27,445 [DEBUG] CanStack Stopped
2026-07-29 14:40:27,448 [INFO] Connection closed
2026-07-29 14:40:27,448 [INFO] Running Test Case: TC_ID-771
2026-07-29 14:40:27,449 [DEBUG] Starting CanStack
2026-07-29 14:40:27,450 [DEBUG] Main thread has started
2026-07-29 14:40:27,452 [DEBUG] Relay thread has started
2026-07-29 14:40:27,453 [INFO] Connection opened
2026-07-29 14:40:27,454 [INFO] Switched to physical mode for TC: TC_ID-771 Step: PreCondition: PC_ID-024  Testcase:ECU_Serial_Number_F1_8C_Read(Extended session)
2026-07-29 14:40:27,455 [INFO] TC_ID-771 - PreCondition: PC_ID-024  Testcase:ECU_Serial_Number_F1_8C_Read(Extended session): SID=0x22, Sub=0xF18C, Expected=[16, 13, 98, 241, 140, 48, 48, 48, 48, 48, 48, 48, 48, 53, 48, 170, 170]
2026-07-29 14:40:27,566 [INFO] TC_ID-771 - PreCondition: PC_ID-024  Testcase:ECU_Serial_Number_F1_8C_Read(Extended session): Sending request 22F18C
2026-07-29 14:40:27,567 [INFO] TC_ID-771 - PreCondition: PC_ID-024  Testcase:ECU_Serial_Number_F1_8C_Read(Extended session): Sending request 22F18C
2026-07-29 14:40:27,568 [DEBUG] Sending 3 bytes : [22f18c]
2026-07-29 14:40:27,569 [DEBUG] Enqueuing a SendRequest for 3 bytes and TAT=Physical
2026-07-29 14:40:27,571 [DEBUG] Tx: <706> (08) [ ]	 0322f18c00000000
2026-07-29 14:40:27,572 [DEBUG] We've been asked to write a message to the bus
2026-07-29 14:40:27,573 [DEBUG] sending: Timestamp:        0.000000    ID:      706    S Rx     F BS       DL:  8    03 22 f1 8c 00 00 00 00
2026-07-29 14:40:27,595 [DEBUG] We've been asked to write a message to the bus
2026-07-29 14:40:27,597 [DEBUG] sending: Timestamp:        0.000000    ID:      706    S Rx     F BS       DL:  8    30 08 0a 00 00 00 00 00
2026-07-29 14:40:27,598 [DEBUG] Rx: <70E> (08) [p]	 100d62f18c303030
2026-07-29 14:40:27,601 [DEBUG] Tx: <706> (08) [ ]	 30080a0000000000
2026-07-29 14:40:27,604 [DEBUG] We've been asked to write a message to the bus
2026-07-29 14:40:27,607 [DEBUG] sending: Timestamp:        0.000000    ID:      706    S Rx     F BS       DL:  8    30 08 0a 00 00 00 00 00
2026-07-29 14:40:27,608 [DEBUG] TxState=IDLE - RxState=WAIT_CF
2026-07-29 14:40:27,611 [DEBUG] Rx: <70E> (08) [p]	 2130303030303530
2026-07-29 14:40:27,653 [INFO] TC_ID-771 - Received: 62F18C30303030303030303530
2026-07-29 14:40:27,654 [WARNING] TC_ID-771 - PreCondition: PC_ID-024  Testcase:ECU_Serial_Number_F1_8C_Read(Extended session) -> ❌ FAIL - Expected 100D62F18C30303030303030303530AAAA
2026-07-29 14:40:27,655 [DEBUG] Stopping CanStack
2026-07-29 14:40:27,657 [DEBUG] TxState=IDLE - RxState=IDLE
2026-07-29 14:40:27,658 [DEBUG] Main thread is exiting
2026-07-29 14:40:27,704 [DEBUG] CanStack Stopped
2026-07-29 14:40:27,705 [INFO] Connection closed
2026-07-29 14:40:27,707 [INFO] Running Test Case: TC_ID-772
2026-07-29 14:40:27,708 [DEBUG] Starting CanStack
2026-07-29 14:40:27,710 [DEBUG] Main thread has started
2026-07-29 14:40:27,711 [DEBUG] Relay thread has started
2026-07-29 14:40:27,713 [INFO] Connection opened
2026-07-29 14:40:27,715 [INFO] Switched to physical mode for TC: TC_ID-772 Step: PreCondition: PC_ID-024  Testcase:Verify incorrect msg length NRC for ECU Serial no. (22 F1 8C 01)
2026-07-29 14:40:27,716 [INFO] TC_ID-772 - PreCondition: PC_ID-024  Testcase:Verify incorrect msg length NRC for ECU Serial no. (22 F1 8C 01): SID=0x22, Sub=0xF18C01, Expected=[3, 127, 34, 19, 170, 170, 170, 170]
2026-07-29 14:40:27,818 [INFO] TC_ID-772 - PreCondition: PC_ID-024  Testcase:Verify incorrect msg length NRC for ECU Serial no. (22 F1 8C 01): Sending request 22F18C01
2026-07-29 14:40:27,819 [INFO] TC_ID-772 - PreCondition: PC_ID-024  Testcase:Verify incorrect msg length NRC for ECU Serial no. (22 F1 8C 01): Sending request 22F18C01
2026-07-29 14:40:27,819 [DEBUG] Sending 4 bytes : [22f18c01]
2026-07-29 14:40:27,820 [DEBUG] Enqueuing a SendRequest for 4 bytes and TAT=Physical
2026-07-29 14:40:27,821 [DEBUG] Tx: <706> (08) [ ]	 0422f18c01000000
2026-07-29 14:40:27,822 [DEBUG] We've been asked to write a message to the bus
2026-07-29 14:40:27,822 [DEBUG] sending: Timestamp:        0.000000    ID:      706    S Rx     F BS       DL:  8    04 22 f1 8c 01 00 00 00
2026-07-29 14:40:27,847 [DEBUG] Rx: <70E> (08) [p]	 037f2213aaaaaaaa
2026-07-29 14:40:27,897 [INFO] TC_ID-772 - Received: 7F2213
2026-07-29 14:40:27,901 [WARNING] TC_ID-772 - PreCondition: PC_ID-024  Testcase:Verify incorrect msg length NRC for ECU Serial no. (22 F1 8C 01) -> ❌ FAIL - Expected 037F2213AAAAAAAA
2026-07-29 14:40:27,903 [DEBUG] Stopping CanStack
2026-07-29 14:40:27,904 [DEBUG] Main thread is exiting
2026-07-29 14:40:27,946 [DEBUG] CanStack Stopped
2026-07-29 14:40:27,947 [INFO] Connection closed
2026-07-29 14:40:27,947 [INFO] Running Test Case: TC_ID-773
2026-07-29 14:40:27,948 [DEBUG] Starting CanStack
2026-07-29 14:40:27,949 [DEBUG] Main thread has started
2026-07-29 14:40:27,950 [DEBUG] Relay thread has started
2026-07-29 14:40:27,952 [INFO] Connection opened
2026-07-29 14:40:27,953 [INFO] Switched to physical mode for TC: TC_ID-773 Step: PreCondition: PC_ID-024  Testcase:Vehicle_Manufacturer_ECU_HW_Number_F1_91_Read(Defaultsession)
2026-07-29 14:40:27,954 [INFO] TC_ID-773 - PreCondition: PC_ID-024  Testcase:Vehicle_Manufacturer_ECU_HW_Number_F1_91_Read(Defaultsession): SID=0x22, Sub=0xF191, Expected=[16, 8, 98, 241, 145, 67, 46, 48, 48, 170, 170, 170, 170, 170]
2026-07-29 14:40:28,052 [INFO] TC_ID-773 - PreCondition: PC_ID-024  Testcase:Vehicle_Manufacturer_ECU_HW_Number_F1_91_Read(Defaultsession): Sending request 22F191
2026-07-29 14:40:28,052 [INFO] TC_ID-773 - PreCondition: PC_ID-024  Testcase:Vehicle_Manufacturer_ECU_HW_Number_F1_91_Read(Defaultsession): Sending request 22F191
2026-07-29 14:40:28,053 [DEBUG] Sending 3 bytes : [22f191]
2026-07-29 14:40:28,054 [DEBUG] Enqueuing a SendRequest for 3 bytes and TAT=Physical
2026-07-29 14:40:28,056 [DEBUG] Tx: <706> (08) [ ]	 0322f19100000000
2026-07-29 14:40:28,057 [DEBUG] We've been asked to write a message to the bus
2026-07-29 14:40:28,058 [DEBUG] sending: Timestamp:        0.000000    ID:      706    S Rx     F BS       DL:  8    03 22 f1 91 00 00 00 00
2026-07-29 14:40:28,082 [INFO] TC_ID-773 PreCondition: PC_ID-024  Testcase:Vehicle_Manufacturer_ECU_HW_Number_F1_91_Read(Defaultsession) -> Response shorter than expected (7/8). Waiting for remaining payload.
2026-07-29 14:40:28,084 [DEBUG] Rx: <70E> (08) [p]	 0762f191432e3030
2026-07-29 14:40:28,086 [DEBUG] Received 7 bytes : [62f191432e3030]
2026-07-29 14:40:28,138 [INFO] TC_ID-773 - Received: 62F191432E303062
2026-07-29 14:40:28,139 [WARNING] TC_ID-773 - PreCondition: PC_ID-024  Testcase:Vehicle_Manufacturer_ECU_HW_Number_F1_91_Read(Defaultsession) -> ❌ FAIL - Expected 100862F191432E3030AAAAAAAAAA
2026-07-29 14:40:28,139 [DEBUG] Stopping CanStack
2026-07-29 14:40:28,140 [DEBUG] Main thread is exiting
2026-07-29 14:40:28,186 [DEBUG] CanStack Stopped
2026-07-29 14:40:28,189 [INFO] Connection closed
2026-07-29 14:40:28,189 [INFO] Running Test Case: TC_ID-774
2026-07-29 14:40:28,190 [DEBUG] Starting CanStack
2026-07-29 14:40:28,191 [DEBUG] Main thread has started
2026-07-29 14:40:28,193 [DEBUG] Relay thread has started
2026-07-29 14:40:28,194 [INFO] Connection opened
2026-07-29 14:40:28,195 [INFO] Switched to physical mode for TC: TC_ID-774 Step: PreCondition: PC_ID-024  Testcase:HardwareVersionNumber_F1_93_Read(Defaultsession)
2026-07-29 14:40:28,195 [INFO] TC_ID-774 - PreCondition: PC_ID-024  Testcase:HardwareVersionNumber_F1_93_Read(Defaultsession): SID=0x22, Sub=0xF193, Expected=[16, 8, 98, 241, 147, 67, 46, 48, 48, 170, 170, 170, 170, 170]
2026-07-29 14:40:28,289 [INFO] TC_ID-774 - PreCondition: PC_ID-024  Testcase:HardwareVersionNumber_F1_93_Read(Defaultsession): Sending request 22F193
2026-07-29 14:40:28,290 [INFO] TC_ID-774 - PreCondition: PC_ID-024  Testcase:HardwareVersionNumber_F1_93_Read(Defaultsession): Sending request 22F193
2026-07-29 14:40:28,291 [DEBUG] Sending 3 bytes : [22f193]
2026-07-29 14:40:28,292 [DEBUG] Enqueuing a SendRequest for 3 bytes and TAT=Physical
2026-07-29 14:40:28,294 [DEBUG] Tx: <706> (08) [ ]	 0322f19300000000
2026-07-29 14:40:28,295 [DEBUG] We've been asked to write a message to the bus
2026-07-29 14:40:28,296 [DEBUG] sending: Timestamp:        0.000000    ID:      706    S Rx     F BS       DL:  8    03 22 f1 93 00 00 00 00
2026-07-29 14:40:28,323 [DEBUG] Rx: <70E> (08) [p]	 0762f193432e3030
2026-07-29 14:40:28,324 [INFO] TC_ID-774 PreCondition: PC_ID-024  Testcase:HardwareVersionNumber_F1_93_Read(Defaultsession) -> Response shorter than expected (7/8). Waiting for remaining payload.
2026-07-29 14:40:28,327 [DEBUG] Received 7 bytes : [62f193432e3030]
2026-07-29 14:40:28,379 [INFO] TC_ID-774 - Received: 62F193432E303062
2026-07-29 14:40:28,380 [WARNING] TC_ID-774 - PreCondition: PC_ID-024  Testcase:HardwareVersionNumber_F1_93_Read(Defaultsession) -> ❌ FAIL - Expected 100862F193432E3030AAAAAAAAAA
2026-07-29 14:40:28,380 [DEBUG] Stopping CanStack
2026-07-29 14:40:28,381 [DEBUG] Main thread is exiting
2026-07-29 14:40:28,425 [DEBUG] CanStack Stopped
2026-07-29 14:40:28,428 [INFO] Connection closed
2026-07-29 14:40:28,428 [INFO] Running Test Case: TC_ID-775
2026-07-29 14:40:28,429 [DEBUG] Starting CanStack
2026-07-29 14:40:28,430 [DEBUG] Main thread has started
2026-07-29 14:40:28,431 [DEBUG] Relay thread has started
2026-07-29 14:40:28,433 [INFO] Connection opened
2026-07-29 14:40:28,434 [INFO] Switched to physical mode for TC: TC_ID-775 Step: PreCondition: PC_ID-024  Testcase:Verify incorrect msg length NRC for System Supplier ECU H/W version information (22 F1 93 01)
2026-07-29 14:40:28,434 [INFO] TC_ID-775 - PreCondition: PC_ID-024  Testcase:Verify incorrect msg length NRC for System Supplier ECU H/W version information (22 F1 93 01): SID=0x22, Sub=0xF19301, Expected=[3, 127, 34, 19, 170, 170, 170, 170]
2026-07-29 14:40:28,543 [INFO] TC_ID-775 - PreCondition: PC_ID-024  Testcase:Verify incorrect msg length NRC for System Supplier ECU H/W version information (22 F1 93 01): Sending request 22F19301
2026-07-29 14:40:28,544 [INFO] TC_ID-775 - PreCondition: PC_ID-024  Testcase:Verify incorrect msg length NRC for System Supplier ECU H/W version information (22 F1 93 01): Sending request 22F19301
2026-07-29 14:40:28,545 [DEBUG] Sending 4 bytes : [22f19301]
2026-07-29 14:40:28,546 [DEBUG] Enqueuing a SendRequest for 4 bytes and TAT=Physical
2026-07-29 14:40:28,548 [DEBUG] Tx: <706> (08) [ ]	 0422f19301000000
2026-07-29 14:40:28,549 [DEBUG] We've been asked to write a message to the bus
2026-07-29 14:40:28,550 [DEBUG] sending: Timestamp:        0.000000    ID:      706    S Rx     F BS       DL:  8    04 22 f1 93 01 00 00 00
2026-07-29 14:40:28,574 [DEBUG] Rx: <70E> (08) [p]	 037f2213aaaaaaaa
2026-07-29 14:40:28,623 [INFO] TC_ID-775 - Received: 7F2213
2026-07-29 14:40:28,625 [WARNING] TC_ID-775 - PreCondition: PC_ID-024  Testcase:Verify incorrect msg length NRC for System Supplier ECU H/W version information (22 F1 93 01) -> ❌ FAIL - Expected 037F2213AAAAAAAA
2026-07-29 14:40:28,627 [DEBUG] Stopping CanStack
2026-07-29 14:40:28,628 [DEBUG] Main thread is exiting
2026-07-29 14:40:28,675 [DEBUG] CanStack Stopped
2026-07-29 14:40:28,676 [INFO] Connection closed
2026-07-29 14:40:28,677 [INFO] Running Test Case: TC_ID-776
2026-07-29 14:40:28,678 [DEBUG] Starting CanStack
2026-07-29 14:40:28,680 [DEBUG] Main thread has started
2026-07-29 14:40:28,682 [DEBUG] Relay thread has started
2026-07-29 14:40:28,684 [INFO] Connection opened
2026-07-29 14:40:28,685 [INFO] Switched to physical mode for TC: TC_ID-776 Step: PreCondition: PC_ID-024  Testcase:ECUSoftwareUnit1IVDDataIdentifier_F1_C1_Read(Extended )
2026-07-29 14:40:28,686 [INFO] TC_ID-776 - PreCondition: PC_ID-024  Testcase:ECUSoftwareUnit1IVDDataIdentifier_F1_C1_Read(Extended ): SID=0x22, Sub=0xF1C1, Expected=[16, 35, 98, 241, 193, 89, 132, 149, 115, 208, 147, 255, 45, 174, 165, 181, 19, 158, 8, 114, 225, 168, 238, 34, 156, 199, 240, 147, 54, 118, 206, 209, 76, 62, 181, 253, 217, 170, 170, 170, 170, 170, 170]
2026-07-29 14:40:28,801 [INFO] TC_ID-776 - PreCondition: PC_ID-024  Testcase:ECUSoftwareUnit1IVDDataIdentifier_F1_C1_Read(Extended ): Sending request 22F1C1
2026-07-29 14:40:28,801 [INFO] TC_ID-776 - PreCondition: PC_ID-024  Testcase:ECUSoftwareUnit1IVDDataIdentifier_F1_C1_Read(Extended ): Sending request 22F1C1
2026-07-29 14:40:28,802 [DEBUG] Sending 3 bytes : [22f1c1]
2026-07-29 14:40:28,804 [DEBUG] Enqueuing a SendRequest for 3 bytes and TAT=Physical
2026-07-29 14:40:28,806 [DEBUG] Tx: <706> (08) [ ]	 0322f1c100000000
2026-07-29 14:40:28,807 [DEBUG] We've been asked to write a message to the bus
2026-07-29 14:40:28,808 [DEBUG] sending: Timestamp:        0.000000    ID:      706    S Rx     F BS       DL:  8    03 22 f1 c1 00 00 00 00
2026-07-29 14:40:28,832 [INFO] TC_ID-776 PreCondition: PC_ID-024  Testcase:ECUSoftwareUnit1IVDDataIdentifier_F1_C1_Read(Extended ) -> Response shorter than expected (3/35). Waiting for remaining payload.
2026-07-29 14:40:28,834 [DEBUG] Rx: <70E> (08) [p]	 037f2222aaaaaaaa
2026-07-29 14:40:28,836 [DEBUG] Received 3 bytes : [7f2222]
2026-07-29 14:40:33,837 [DEBUG] No data received: [TimeoutException] - Did not receive IsoTP frame from the Transport layer in time (timeout=5.0 sec) 
2026-07-29 14:40:33,838 [WARNING] TC_ID-776 PreCondition: PC_ID-024  Testcase:ECUSoftwareUnit1IVDDataIdentifier_F1_C1_Read(Extended ) -> Timed out while extending response (6/35)
2026-07-29 14:40:33,890 [INFO] TC_ID-776 - Received: 7F22227F2222
2026-07-29 14:40:33,891 [WARNING] TC_ID-776 - PreCondition: PC_ID-024  Testcase:ECUSoftwareUnit1IVDDataIdentifier_F1_C1_Read(Extended ) -> ❌ FAIL - Expected 102362F1C159849573D093FF2DAEA5B5139E0872E1A8EE229CC7F0933676CED14C3EB5FDD9AAAAAAAAAAAA
2026-07-29 14:40:33,892 [DEBUG] Stopping CanStack
2026-07-29 14:40:33,893 [DEBUG] Main thread is exiting
2026-07-29 14:40:33,910 [DEBUG] CanStack Stopped
2026-07-29 14:40:33,914 [INFO] Connection closed
2026-07-29 14:40:33,917 [INFO] Running Test Case: TC_ID-777
2026-07-29 14:40:33,921 [DEBUG] Starting CanStack
2026-07-29 14:40:33,927 [DEBUG] Main thread has started
2026-07-29 14:40:33,929 [DEBUG] Relay thread has started
2026-07-29 14:40:33,931 [INFO] Connection opened
2026-07-29 14:40:33,932 [INFO] Switched to physical mode for TC: TC_ID-777 Step: PreCondition: PC_ID-024  Testcase:Verify incorrect msg length NRC for ECU S/W Unit 1 IVD Response (22 F1 C1 01)
2026-07-29 14:40:33,933 [INFO] TC_ID-777 - PreCondition: PC_ID-024  Testcase:Verify incorrect msg length NRC for ECU S/W Unit 1 IVD Response (22 F1 C1 01): SID=0x22, Sub=0xF1C101, Expected=[3, 127, 34, 19, 170, 170, 170, 170]
2026-07-29 14:40:34,041 [INFO] TC_ID-777 - PreCondition: PC_ID-024  Testcase:Verify incorrect msg length NRC for ECU S/W Unit 1 IVD Response (22 F1 C1 01): Sending request 22F1C101
2026-07-29 14:40:34,042 [INFO] TC_ID-777 - PreCondition: PC_ID-024  Testcase:Verify incorrect msg length NRC for ECU S/W Unit 1 IVD Response (22 F1 C1 01): Sending request 22F1C101
2026-07-29 14:40:34,043 [DEBUG] Sending 4 bytes : [22f1c101]
2026-07-29 14:40:34,044 [DEBUG] Enqueuing a SendRequest for 4 bytes and TAT=Physical
2026-07-29 14:40:34,046 [DEBUG] Tx: <706> (08) [ ]	 0422f1c101000000
2026-07-29 14:40:34,047 [DEBUG] We've been asked to write a message to the bus
2026-07-29 14:40:34,048 [DEBUG] sending: Timestamp:        0.000000    ID:      706    S Rx     F BS       DL:  8    04 22 f1 c1 01 00 00 00
2026-07-29 14:40:34,073 [DEBUG] Rx: <70E> (08) [p]	 037f2213aaaaaaaa
2026-07-29 14:40:34,123 [INFO] TC_ID-777 - Received: 7F2213
2026-07-29 14:40:34,125 [WARNING] TC_ID-777 - PreCondition: PC_ID-024  Testcase:Verify incorrect msg length NRC for ECU S/W Unit 1 IVD Response (22 F1 C1 01) -> ❌ FAIL - Expected 037F2213AAAAAAAA
2026-07-29 14:40:34,126 [DEBUG] Stopping CanStack
2026-07-29 14:40:34,127 [DEBUG] Main thread is exiting
2026-07-29 14:40:34,175 [DEBUG] CanStack Stopped
2026-07-29 14:40:34,176 [INFO] Connection closed
2026-07-29 14:40:34,177 [INFO] Running Test Case: TC_ID-778
2026-07-29 14:40:34,179 [DEBUG] Starting CanStack
2026-07-29 14:40:34,181 [DEBUG] Main thread has started
2026-07-29 14:40:34,182 [DEBUG] Relay thread has started
2026-07-29 14:40:34,185 [INFO] Connection opened
2026-07-29 14:40:34,186 [INFO] Switched to physical mode for TC: TC_ID-778 Step: PreCondition: PC_ID-024  Testcase:ECU_Supplier_Code_F1_A1_Read(Defaultsession)
2026-07-29 14:40:34,190 [INFO] TC_ID-778 - PreCondition: PC_ID-024  Testcase:ECU_Supplier_Code_F1_A1_Read(Defaultsession): SID=0x22, Sub=0xF1A1, Expected=[7, 98, 241, 161, 83, 49, 49, 48]
2026-07-29 14:40:34,290 [INFO] TC_ID-778 - PreCondition: PC_ID-024  Testcase:ECU_Supplier_Code_F1_A1_Read(Defaultsession): Sending request 22F1A1
2026-07-29 14:40:34,290 [INFO] TC_ID-778 - PreCondition: PC_ID-024  Testcase:ECU_Supplier_Code_F1_A1_Read(Defaultsession): Sending request 22F1A1
2026-07-29 14:40:34,291 [DEBUG] Sending 3 bytes : [22f1a1]
2026-07-29 14:40:34,292 [DEBUG] Enqueuing a SendRequest for 3 bytes and TAT=Physical
2026-07-29 14:40:34,294 [DEBUG] Tx: <706> (08) [ ]	 0322f1a100000000
2026-07-29 14:40:34,295 [DEBUG] We've been asked to write a message to the bus
2026-07-29 14:40:34,296 [DEBUG] sending: Timestamp:        0.000000    ID:      706    S Rx     F BS       DL:  8    03 22 f1 a1 00 00 00 00
2026-07-29 14:40:34,323 [DEBUG] Rx: <70E> (08) [p]	 0762f1a153313130
2026-07-29 14:40:34,372 [INFO] TC_ID-778 - Received: 62F1A153313130
2026-07-29 14:40:34,373 [WARNING] TC_ID-778 - PreCondition: PC_ID-024  Testcase:ECU_Supplier_Code_F1_A1_Read(Defaultsession) -> ❌ FAIL - Expected 0762F1A153313130
2026-07-29 14:40:34,375 [DEBUG] Stopping CanStack
2026-07-29 14:40:34,378 [DEBUG] Main thread is exiting
2026-07-29 14:40:34,426 [DEBUG] CanStack Stopped
2026-07-29 14:40:34,427 [INFO] Connection closed
2026-07-29 14:40:34,427 [INFO] Running Test Case: TC_ID-779
2026-07-29 14:40:34,428 [DEBUG] Starting CanStack
2026-07-29 14:40:34,429 [DEBUG] Main thread has started
2026-07-29 14:40:34,431 [DEBUG] Relay thread has started
2026-07-29 14:40:34,432 [INFO] Connection opened
2026-07-29 14:40:34,433 [INFO] Switched to physical mode for TC: TC_ID-779 Step: PreCondition: PC_ID-024  Testcase:ECU_Software_UNIT_number_F1_B0_Read(Defaultsession)
2026-07-29 14:40:34,434 [INFO] TC_ID-779 - PreCondition: PC_ID-024  Testcase:ECU_Software_UNIT_number_F1_B0_Read(Defaultsession): SID=0x22, Sub=0xF1B0, Expected=[4, 98, 241, 176, 1, 170, 170, 170]
2026-07-29 14:40:34,528 [INFO] TC_ID-779 - PreCondition: PC_ID-024  Testcase:ECU_Software_UNIT_number_F1_B0_Read(Defaultsession): Sending request 22F1B0
2026-07-29 14:40:34,529 [INFO] TC_ID-779 - PreCondition: PC_ID-024  Testcase:ECU_Software_UNIT_number_F1_B0_Read(Defaultsession): Sending request 22F1B0
2026-07-29 14:40:34,530 [DEBUG] Sending 3 bytes : [22f1b0]
2026-07-29 14:40:34,530 [DEBUG] Enqueuing a SendRequest for 3 bytes and TAT=Physical
2026-07-29 14:40:34,532 [DEBUG] Tx: <706> (08) [ ]	 0322f1b000000000
2026-07-29 14:40:34,533 [DEBUG] We've been asked to write a message to the bus
2026-07-29 14:40:34,534 [DEBUG] sending: Timestamp:        0.000000    ID:      706    S Rx     F BS       DL:  8    03 22 f1 b0 00 00 00 00
2026-07-29 14:40:34,563 [DEBUG] Rx: <70E> (08) [p]	 0462f1b001aaaaaa
2026-07-29 14:40:34,613 [INFO] TC_ID-779 - Received: 62F1B001
2026-07-29 14:40:34,614 [WARNING] TC_ID-779 - PreCondition: PC_ID-024  Testcase:ECU_Software_UNIT_number_F1_B0_Read(Defaultsession) -> ❌ FAIL - Expected 0462F1B001AAAAAA
2026-07-29 14:40:34,616 [DEBUG] Stopping CanStack
2026-07-29 14:40:34,617 [DEBUG] Main thread is exiting
2026-07-29 14:40:34,665 [DEBUG] CanStack Stopped
2026-07-29 14:40:34,665 [INFO] Connection closed
2026-07-29 14:40:34,666 [INFO] Running Test Case: TC_ID-780
2026-07-29 14:40:34,667 [DEBUG] Starting CanStack
2026-07-29 14:40:34,668 [DEBUG] Main thread has started
2026-07-29 14:40:34,668 [DEBUG] Relay thread has started
2026-07-29 14:40:34,670 [INFO] Connection opened
2026-07-29 14:40:34,671 [INFO] Switched to physical mode for TC: TC_ID-780 Step: PreCondition: PC_ID-024  Testcase:ECU_Software_UNIT1_Version_F1_B1_Read(Defaultsession)
2026-07-29 14:40:34,672 [INFO] TC_ID-780 - PreCondition: PC_ID-024  Testcase:ECU_Software_UNIT1_Version_F1_B1_Read(Defaultsession): SID=0x22, Sub=0xF1B1, Expected=[16, 8, 98, 241, 177, 50, 53, 65, 49, 48, 170, 170, 170, 170, 170, 170]
2026-07-29 14:40:34,766 [INFO] TC_ID-780 - PreCondition: PC_ID-024  Testcase:ECU_Software_UNIT1_Version_F1_B1_Read(Defaultsession): Sending request 22F1B1
2026-07-29 14:40:34,767 [INFO] TC_ID-780 - PreCondition: PC_ID-024  Testcase:ECU_Software_UNIT1_Version_F1_B1_Read(Defaultsession): Sending request 22F1B1
2026-07-29 14:40:34,768 [DEBUG] Sending 3 bytes : [22f1b1]
2026-07-29 14:40:34,769 [DEBUG] Enqueuing a SendRequest for 3 bytes and TAT=Physical
2026-07-29 14:40:34,771 [DEBUG] Tx: <706> (08) [ ]	 0322f1b100000000
2026-07-29 14:40:34,773 [DEBUG] We've been asked to write a message to the bus
2026-07-29 14:40:34,773 [DEBUG] sending: Timestamp:        0.000000    ID:      706    S Rx     F BS       DL:  8    03 22 f1 b1 00 00 00 00
2026-07-29 14:40:34,802 [DEBUG] We've been asked to write a message to the bus
2026-07-29 14:40:34,805 [DEBUG] sending: Timestamp:        0.000000    ID:      706    S Rx     F BS       DL:  8    30 08 0a 00 00 00 00 00
2026-07-29 14:40:34,806 [DEBUG] Rx: <70E> (08) [p]	 100862f1b1323541
2026-07-29 14:40:34,808 [DEBUG] Tx: <706> (08) [ ]	 30080a0000000000
2026-07-29 14:40:34,810 [DEBUG] We've been asked to write a message to the bus
2026-07-29 14:40:34,813 [DEBUG] sending: Timestamp:        0.000000    ID:      706    S Rx     F BS       DL:  8    30 08 0a 00 00 00 00 00
2026-07-29 14:40:34,816 [DEBUG] TxState=IDLE - RxState=WAIT_CF
2026-07-29 14:40:34,819 [DEBUG] Rx: <70E> (08) [p]	 213130aaaaaaaaaa
2026-07-29 14:40:34,866 [INFO] TC_ID-780 - Received: 62F1B13235413130
2026-07-29 14:40:34,868 [WARNING] TC_ID-780 - PreCondition: PC_ID-024  Testcase:ECU_Software_UNIT1_Version_F1_B1_Read(Defaultsession) -> ❌ FAIL - Expected 100862F1B13235413130AAAAAAAAAAAA
2026-07-29 14:40:34,872 [DEBUG] TxState=IDLE - RxState=IDLE
2026-07-29 14:40:34,873 [DEBUG] Stopping CanStack
2026-07-29 14:40:34,881 [DEBUG] Main thread is exiting
2026-07-29 14:40:34,917 [DEBUG] CanStack Stopped
2026-07-29 14:40:34,921 [INFO] Connection closed
2026-07-29 14:40:34,924 [INFO] Running Test Case: TC_ID-781
2026-07-29 14:40:34,928 [DEBUG] Starting CanStack
2026-07-29 14:40:34,929 [DEBUG] Main thread has started
2026-07-29 14:40:34,930 [DEBUG] Relay thread has started
2026-07-29 14:40:34,932 [INFO] Connection opened
2026-07-29 14:40:34,933 [INFO] Switched to physical mode for TC: TC_ID-781 Step: PreCondition: PC_ID-024  Testcase:Verify incorrect msg length NRC for ECU S/W Unit 1 version information (22 F1 B1 04)
2026-07-29 14:40:34,933 [INFO] TC_ID-781 - PreCondition: PC_ID-024  Testcase:Verify incorrect msg length NRC for ECU S/W Unit 1 version information (22 F1 B1 04): SID=0x22, Sub=0xF1B104, Expected=[3, 127, 34, 19, 170, 170, 170, 170]
2026-07-29 14:40:35,045 [INFO] TC_ID-781 - PreCondition: PC_ID-024  Testcase:Verify incorrect msg length NRC for ECU S/W Unit 1 version information (22 F1 B1 04): Sending request 22F1B104
2026-07-29 14:40:35,046 [INFO] TC_ID-781 - PreCondition: PC_ID-024  Testcase:Verify incorrect msg length NRC for ECU S/W Unit 1 version information (22 F1 B1 04): Sending request 22F1B104
2026-07-29 14:40:35,047 [DEBUG] Sending 4 bytes : [22f1b104]
2026-07-29 14:40:35,048 [DEBUG] Enqueuing a SendRequest for 4 bytes and TAT=Physical
2026-07-29 14:40:35,050 [DEBUG] Tx: <706> (08) [ ]	 0422f1b104000000
2026-07-29 14:40:35,051 [DEBUG] We've been asked to write a message to the bus
2026-07-29 14:40:35,052 [DEBUG] sending: Timestamp:        0.000000    ID:      706    S Rx     F BS       DL:  8    04 22 f1 b1 04 00 00 00
2026-07-29 14:40:35,075 [DEBUG] Rx: <70E> (08) [p]	 037f2213aaaaaaaa
2026-07-29 14:40:35,126 [INFO] TC_ID-781 - Received: 7F2213
2026-07-29 14:40:35,129 [WARNING] TC_ID-781 - PreCondition: PC_ID-024  Testcase:Verify incorrect msg length NRC for ECU S/W Unit 1 version information (22 F1 B1 04) -> ❌ FAIL - Expected 037F2213AAAAAAAA
2026-07-29 14:40:35,130 [DEBUG] Stopping CanStack
2026-07-29 14:40:35,131 [DEBUG] Main thread is exiting
2026-07-29 14:40:35,176 [DEBUG] CanStack Stopped
2026-07-29 14:40:35,177 [INFO] Connection closed
2026-07-29 14:40:35,179 [INFO] Running Test Case: TC_ID-782
2026-07-29 14:40:35,180 [DEBUG] Starting CanStack
2026-07-29 14:40:35,183 [DEBUG] Main thread has started
2026-07-29 14:40:35,185 [DEBUG] Relay thread has started
2026-07-29 14:40:35,187 [INFO] Connection opened
2026-07-29 14:40:35,189 [INFO] Switched to physical mode for TC: TC_ID-782 Step: PreCondition: PC_ID-024  Testcase:SystemNameOrEngineTypeDataIdentifier_Read(Defaultsession)
2026-07-29 14:40:35,190 [INFO] TC_ID-782 - PreCondition: PC_ID-024  Testcase:SystemNameOrEngineTypeDataIdentifier_Read(Defaultsession): SID=0x22, Sub=0xF197, Expected=[16, 14, 98, 241, 151, 83, 72, 86, 85, 95, 70, 82, 32, 32, 32, 32, 170]
2026-07-29 14:40:35,301 [INFO] TC_ID-782 - PreCondition: PC_ID-024  Testcase:SystemNameOrEngineTypeDataIdentifier_Read(Defaultsession): Sending request 22F197
2026-07-29 14:40:35,302 [INFO] TC_ID-782 - PreCondition: PC_ID-024  Testcase:SystemNameOrEngineTypeDataIdentifier_Read(Defaultsession): Sending request 22F197
2026-07-29 14:40:35,303 [DEBUG] Sending 3 bytes : [22f197]
2026-07-29 14:40:35,304 [DEBUG] Enqueuing a SendRequest for 3 bytes and TAT=Physical
2026-07-29 14:40:35,305 [DEBUG] Tx: <706> (08) [ ]	 0322f19700000000
2026-07-29 14:40:35,307 [DEBUG] We've been asked to write a message to the bus
2026-07-29 14:40:35,307 [DEBUG] sending: Timestamp:        0.000000    ID:      706    S Rx     F BS       DL:  8    03 22 f1 97 00 00 00 00
2026-07-29 14:40:35,332 [DEBUG] We've been asked to write a message to the bus
2026-07-29 14:40:35,333 [DEBUG] Rx: <70E> (08) [p]	 100e62f197534856
2026-07-29 14:40:35,334 [DEBUG] sending: Timestamp:        0.000000    ID:      706    S Rx     F BS       DL:  8    30 08 0a 00 00 00 00 00
2026-07-29 14:40:35,337 [DEBUG] Tx: <706> (08) [ ]	 30080a0000000000
2026-07-29 14:40:35,339 [DEBUG] We've been asked to write a message to the bus
2026-07-29 14:40:35,342 [DEBUG] sending: Timestamp:        0.000000    ID:      706    S Rx     F BS       DL:  8    30 08 0a 00 00 00 00 00
2026-07-29 14:40:35,345 [DEBUG] TxState=IDLE - RxState=WAIT_CF
2026-07-29 14:40:35,348 [DEBUG] Rx: <70E> (08) [p]	 21555f4652202020
2026-07-29 14:40:35,358 [DEBUG] Rx: <70E> (08) [p]	 2220aaaaaaaaaaaa
2026-07-29 14:40:35,409 [INFO] TC_ID-782 - Received: 62F197534856555F465220202020
2026-07-29 14:40:35,413 [DEBUG] TxState=IDLE - RxState=IDLE
2026-07-29 14:40:35,415 [WARNING] TC_ID-782 - PreCondition: PC_ID-024  Testcase:SystemNameOrEngineTypeDataIdentifier_Read(Defaultsession) -> ❌ FAIL - Expected 100E62F197534856555F465220202020AA
2026-07-29 14:40:35,421 [DEBUG] Stopping CanStack
2026-07-29 14:40:35,422 [DEBUG] Main thread is exiting
2026-07-29 14:40:35,460 [DEBUG] CanStack Stopped
2026-07-29 14:40:35,463 [INFO] Connection closed
2026-07-29 14:40:35,467 [INFO] Running Test Case: TC_ID-783
2026-07-29 14:40:35,468 [DEBUG] Starting CanStack
2026-07-29 14:40:35,469 [DEBUG] Main thread has started
2026-07-29 14:40:35,470 [DEBUG] Relay thread has started
2026-07-29 14:40:35,472 [INFO] Connection opened
2026-07-29 14:40:35,472 [INFO] Switched to physical mode for TC: TC_ID-783 Step: PreCondition: PC_ID-024  Testcase:Verify incorrect msg length NRC for system name information (22 F1 97 03)
2026-07-29 14:40:35,473 [INFO] TC_ID-783 - PreCondition: PC_ID-024  Testcase:Verify incorrect msg length NRC for system name information (22 F1 97 03): SID=0x22, Sub=0xF19703, Expected=[3, 127, 34, 19, 170, 170, 170, 170]
2026-07-29 14:40:35,575 [INFO] TC_ID-783 - PreCondition: PC_ID-024  Testcase:Verify incorrect msg length NRC for system name information (22 F1 97 03): Sending request 22F19703
2026-07-29 14:40:35,576 [INFO] TC_ID-783 - PreCondition: PC_ID-024  Testcase:Verify incorrect msg length NRC for system name information (22 F1 97 03): Sending request 22F19703
2026-07-29 14:40:35,577 [DEBUG] Sending 4 bytes : [22f19703]
2026-07-29 14:40:35,578 [DEBUG] Enqueuing a SendRequest for 4 bytes and TAT=Physical
2026-07-29 14:40:35,580 [DEBUG] Tx: <706> (08) [ ]	 0422f19703000000
2026-07-29 14:40:35,581 [DEBUG] We've been asked to write a message to the bus
2026-07-29 14:40:35,582 [DEBUG] sending: Timestamp:        0.000000    ID:      706    S Rx     F BS       DL:  8    04 22 f1 97 03 00 00 00
2026-07-29 14:40:35,605 [DEBUG] Rx: <70E> (08) [p]	 037f2213aaaaaaaa
2026-07-29 14:40:35,655 [INFO] TC_ID-783 - Received: 7F2213
2026-07-29 14:40:35,656 [WARNING] TC_ID-783 - PreCondition: PC_ID-024  Testcase:Verify incorrect msg length NRC for system name information (22 F1 97 03) -> ❌ FAIL - Expected 037F2213AAAAAAAA
2026-07-29 14:40:35,658 [DEBUG] Stopping CanStack
2026-07-29 14:40:35,659 [DEBUG] Main thread is exiting
2026-07-29 14:40:35,707 [DEBUG] CanStack Stopped
2026-07-29 14:40:35,707 [INFO] Connection closed
2026-07-29 14:40:35,708 [INFO] Running Test Case: TC_ID-784
2026-07-29 14:40:35,709 [DEBUG] Starting CanStack
2026-07-29 14:40:35,710 [DEBUG] Main thread has started
2026-07-29 14:40:35,711 [DEBUG] Relay thread has started
2026-07-29 14:40:35,713 [INFO] Connection opened
2026-07-29 14:40:35,713 [INFO] Switched to physical mode for TC: TC_ID-784 Step: PreCondition: PC_ID-024  Testcase:ECU S/W Unit 1 IVD Response_Read (Extended Session )
2026-07-29 14:40:35,715 [INFO] TC_ID-784 - PreCondition: PC_ID-024  Testcase:ECU S/W Unit 1 IVD Response_Read (Extended Session ): SID=0x22, Sub=0xF1C1, Expected=[16, 35, 98, 241, 193, 89, 132, 149, 115, 208, 147, 255, 45, 174, 165, 181, 19, 158, 8, 114, 225, 168, 238, 34, 156, 199, 240, 147, 54, 118, 206, 209, 76, 62, 181, 253, 217, 170, 170, 170, 170, 170, 170]
2026-07-29 14:40:35,811 [INFO] TC_ID-784 - PreCondition: PC_ID-024  Testcase:ECU S/W Unit 1 IVD Response_Read (Extended Session ): Sending request 22F1C1
2026-07-29 14:40:35,812 [INFO] TC_ID-784 - PreCondition: PC_ID-024  Testcase:ECU S/W Unit 1 IVD Response_Read (Extended Session ): Sending request 22F1C1
2026-07-29 14:40:35,813 [DEBUG] Sending 3 bytes : [22f1c1]
2026-07-29 14:40:35,818 [DEBUG] Enqueuing a SendRequest for 3 bytes and TAT=Physical
2026-07-29 14:40:35,821 [DEBUG] Tx: <706> (08) [ ]	 0322f1c100000000
2026-07-29 14:40:35,823 [DEBUG] We've been asked to write a message to the bus
2026-07-29 14:40:35,824 [DEBUG] sending: Timestamp:        0.000000    ID:      706    S Rx     F BS       DL:  8    03 22 f1 c1 00 00 00 00
2026-07-29 14:40:35,852 [INFO] TC_ID-784 PreCondition: PC_ID-024  Testcase:ECU S/W Unit 1 IVD Response_Read (Extended Session ) -> Response shorter than expected (3/35). Waiting for remaining payload.
2026-07-29 14:40:35,853 [DEBUG] Rx: <70E> (08) [p]	 037f2222aaaaaaaa
2026-07-29 14:40:35,857 [DEBUG] Received 3 bytes : [7f2222]
2026-07-29 14:40:40,859 [DEBUG] No data received: [TimeoutException] - Did not receive IsoTP frame from the Transport layer in time (timeout=5.0 sec) 
2026-07-29 14:40:40,860 [WARNING] TC_ID-784 PreCondition: PC_ID-024  Testcase:ECU S/W Unit 1 IVD Response_Read (Extended Session ) -> Timed out while extending response (6/35)
2026-07-29 14:40:40,911 [INFO] TC_ID-784 - Received: 7F22227F2222
2026-07-29 14:40:40,914 [WARNING] TC_ID-784 - PreCondition: PC_ID-024  Testcase:ECU S/W Unit 1 IVD Response_Read (Extended Session ) -> ❌ FAIL - Expected 102362F1C159849573D093FF2DAEA5B5139E0872E1A8EE229CC7F0933676CED14C3EB5FDD9AAAAAAAAAAAA
2026-07-29 14:40:40,915 [DEBUG] Stopping CanStack
2026-07-29 14:40:40,916 [DEBUG] Main thread is exiting
2026-07-29 14:40:40,927 [DEBUG] CanStack Stopped
2026-07-29 14:40:40,929 [INFO] Connection closed
2026-07-29 14:40:40,930 [INFO] Running Test Case: TC_ID-785
2026-07-29 14:40:40,932 [DEBUG] Starting CanStack
2026-07-29 14:40:40,934 [DEBUG] Main thread has started
2026-07-29 14:40:40,939 [DEBUG] Relay thread has started
2026-07-29 14:40:40,945 [INFO] Connection opened
2026-07-29 14:40:40,948 [INFO] Switched to physical mode for TC: TC_ID-785 Step: PreCondition: PC_ID-024  Testcase:Verify subfunction not correct NRC for alterated ECU S/W Unit 1 IVD Response (22 F1 C2)
2026-07-29 14:40:40,951 [INFO] TC_ID-785 - PreCondition: PC_ID-024  Testcase:Verify subfunction not correct NRC for alterated ECU S/W Unit 1 IVD Response (22 F1 C2): SID=0x22, Sub=0xF1C2, Expected=[3, 127, 34, 49, 170, 170, 170, 170]
2026-07-29 14:40:41,066 [INFO] TC_ID-785 - PreCondition: PC_ID-024  Testcase:Verify subfunction not correct NRC for alterated ECU S/W Unit 1 IVD Response (22 F1 C2): Sending request 22F1C2
2026-07-29 14:40:41,067 [INFO] TC_ID-785 - PreCondition: PC_ID-024  Testcase:Verify subfunction not correct NRC for alterated ECU S/W Unit 1 IVD Response (22 F1 C2): Sending request 22F1C2
2026-07-29 14:40:41,068 [DEBUG] Sending 3 bytes : [22f1c2]
2026-07-29 14:40:41,069 [DEBUG] Enqueuing a SendRequest for 3 bytes and TAT=Physical
2026-07-29 14:40:41,071 [DEBUG] Tx: <706> (08) [ ]	 0322f1c200000000
2026-07-29 14:40:41,072 [DEBUG] We've been asked to write a message to the bus
2026-07-29 14:40:41,073 [DEBUG] sending: Timestamp:        0.000000    ID:      706    S Rx     F BS       DL:  8    03 22 f1 c2 00 00 00 00
2026-07-29 14:40:41,103 [DEBUG] Rx: <70E> (08) [p]	 037f2231aaaaaaaa
2026-07-29 14:40:41,154 [INFO] TC_ID-785 - Received: 7F2231
2026-07-29 14:40:41,155 [WARNING] TC_ID-785 - PreCondition: PC_ID-024  Testcase:Verify subfunction not correct NRC for alterated ECU S/W Unit 1 IVD Response (22 F1 C2) -> ❌ FAIL - Expected 037F2231AAAAAAAA
2026-07-29 14:40:41,156 [DEBUG] Stopping CanStack
2026-07-29 14:40:41,157 [DEBUG] Main thread is exiting
2026-07-29 14:40:41,203 [DEBUG] CanStack Stopped
2026-07-29 14:40:41,204 [INFO] Connection closed
2026-07-29 14:40:41,205 [INFO] Running Test Case: TC_ID-786
2026-07-29 14:40:41,205 [DEBUG] Starting CanStack
2026-07-29 14:40:41,207 [DEBUG] Main thread has started
2026-07-29 14:40:41,208 [DEBUG] Relay thread has started
2026-07-29 14:40:41,209 [INFO] Connection opened
2026-07-29 14:40:41,210 [INFO] Switched to physical mode for TC: TC_ID-786 Step: PreCondition: PC_ID-024  Testcase:Type Option read information_Read(Default session)
2026-07-29 14:40:41,211 [INFO] TC_ID-786 - PreCondition: PC_ID-024  Testcase:Type Option read information_Read(Default session): SID=0x22, Sub=0xC100, Expected=[16, 11, 98, 193, 0, 238, 248, 0, 0, 54, 54, 0, 32, 170, 170, 170]
2026-07-29 14:40:41,306 [INFO] TC_ID-786 - PreCondition: PC_ID-024  Testcase:Type Option read information_Read(Default session): Sending request 22C100
2026-07-29 14:40:41,307 [INFO] TC_ID-786 - PreCondition: PC_ID-024  Testcase:Type Option read information_Read(Default session): Sending request 22C100
2026-07-29 14:40:41,308 [DEBUG] Sending 3 bytes : [22c100]
2026-07-29 14:40:41,309 [DEBUG] Enqueuing a SendRequest for 3 bytes and TAT=Physical
2026-07-29 14:40:41,311 [DEBUG] Tx: <706> (08) [ ]	 0322c10000000000
2026-07-29 14:40:41,312 [DEBUG] We've been asked to write a message to the bus
2026-07-29 14:40:41,313 [DEBUG] sending: Timestamp:        0.000000    ID:      706    S Rx     F BS       DL:  8    03 22 c1 00 00 00 00 00
2026-07-29 14:40:41,333 [DEBUG] We've been asked to write a message to the bus
2026-07-29 14:40:41,337 [DEBUG] Rx: <70E> (08) [p]	 100b62c100eef800
2026-07-29 14:40:41,338 [DEBUG] sending: Timestamp:        0.000000    ID:      706    S Rx     F BS       DL:  8    30 08 0a 00 00 00 00 00
2026-07-29 14:40:41,339 [DEBUG] Tx: <706> (08) [ ]	 30080a0000000000
2026-07-29 14:40:41,341 [DEBUG] We've been asked to write a message to the bus
2026-07-29 14:40:41,344 [DEBUG] sending: Timestamp:        0.000000    ID:      706    S Rx     F BS       DL:  8    30 08 0a 00 00 00 00 00
2026-07-29 14:40:41,348 [DEBUG] TxState=IDLE - RxState=WAIT_CF
2026-07-29 14:40:41,350 [DEBUG] Rx: <70E> (08) [p]	 210036360020aaaa
2026-07-29 14:40:41,398 [INFO] TC_ID-786 - Received: 62C100EEF8000036360020
2026-07-29 14:40:41,400 [WARNING] TC_ID-786 - PreCondition: PC_ID-024  Testcase:Type Option read information_Read(Default session) -> ❌ FAIL - Expected 100B62C100EEF8000036360020AAAAAA
2026-07-29 14:40:41,401 [DEBUG] Stopping CanStack
2026-07-29 14:40:41,402 [DEBUG] TxState=IDLE - RxState=IDLE
2026-07-29 14:40:41,404 [DEBUG] Main thread is exiting
2026-07-29 14:40:41,451 [DEBUG] CanStack Stopped
2026-07-29 14:40:41,452 [INFO] Connection closed
2026-07-29 14:40:41,453 [INFO] Running Test Case: TC_ID-787
2026-07-29 14:40:41,455 [DEBUG] Starting CanStack
2026-07-29 14:40:41,459 [DEBUG] Main thread has started
2026-07-29 14:40:41,464 [DEBUG] Relay thread has started
2026-07-29 14:40:41,469 [INFO] Connection opened
2026-07-29 14:40:41,471 [INFO] Switched to physical mode for TC: TC_ID-787 Step: PreCondition: PC_ID-024  Testcase:Verify incorrect msg length NRC for Type Option read information (22 C1 00 01)
2026-07-29 14:40:41,472 [INFO] TC_ID-787 - PreCondition: PC_ID-024  Testcase:Verify incorrect msg length NRC for Type Option read information (22 C1 00 01): SID=0x22, Sub=0xC10001, Expected=[3, 127, 34, 19, 170, 170, 170, 170]
2026-07-29 14:40:41,577 [INFO] TC_ID-787 - PreCondition: PC_ID-024  Testcase:Verify incorrect msg length NRC for Type Option read information (22 C1 00 01): Sending request 22C10001
2026-07-29 14:40:41,578 [INFO] TC_ID-787 - PreCondition: PC_ID-024  Testcase:Verify incorrect msg length NRC for Type Option read information (22 C1 00 01): Sending request 22C10001
2026-07-29 14:40:41,579 [DEBUG] Sending 4 bytes : [22c10001]
2026-07-29 14:40:41,580 [DEBUG] Enqueuing a SendRequest for 4 bytes and TAT=Physical
2026-07-29 14:40:41,582 [DEBUG] Tx: <706> (08) [ ]	 0422c10001000000
2026-07-29 14:40:41,583 [DEBUG] We've been asked to write a message to the bus
2026-07-29 14:40:41,584 [DEBUG] sending: Timestamp:        0.000000    ID:      706    S Rx     F BS       DL:  8    04 22 c1 00 01 00 00 00
2026-07-29 14:40:41,613 [DEBUG] Rx: <70E> (08) [p]	 037f2213aaaaaaaa
2026-07-29 14:40:41,661 [INFO] TC_ID-787 - Received: 7F2213
2026-07-29 14:40:41,662 [WARNING] TC_ID-787 - PreCondition: PC_ID-024  Testcase:Verify incorrect msg length NRC for Type Option read information (22 C1 00 01) -> ❌ FAIL - Expected 037F2213AAAAAAAA
2026-07-29 14:40:41,663 [DEBUG] Stopping CanStack
2026-07-29 14:40:41,664 [DEBUG] Main thread is exiting
2026-07-29 14:40:41,714 [DEBUG] CanStack Stopped
2026-07-29 14:40:41,715 [INFO] Connection closed
2026-07-29 14:40:41,716 [INFO] Running Test Case: TC_ID-788
2026-07-29 14:40:41,717 [DEBUG] Starting CanStack
2026-07-29 14:40:41,720 [DEBUG] Main thread has started
2026-07-29 14:40:41,721 [DEBUG] Relay thread has started
2026-07-29 14:40:41,723 [INFO] Connection opened
2026-07-29 14:40:41,724 [INFO] Switched to physical mode for TC: TC_ID-788 Step: PreCondition: PC_ID-024  Testcase:Output read information_Read(Extended session)
2026-07-29 14:40:41,725 [INFO] TC_ID-788 - PreCondition: PC_ID-024  Testcase:Output read information_Read(Extended session): SID=0x22, Sub=0xC101, Expected=[16, 11, 98, 193, 1, 0, 0, 0, 0, 0, 0, 0, 0, 170, 170, 170]
2026-07-29 14:40:41,823 [INFO] TC_ID-788 - PreCondition: PC_ID-024  Testcase:Output read information_Read(Extended session): Sending request 22C101
2026-07-29 14:40:41,824 [INFO] TC_ID-788 - PreCondition: PC_ID-024  Testcase:Output read information_Read(Extended session): Sending request 22C101
2026-07-29 14:40:41,824 [DEBUG] Sending 3 bytes : [22c101]
2026-07-29 14:40:41,825 [DEBUG] Enqueuing a SendRequest for 3 bytes and TAT=Physical
2026-07-29 14:40:41,826 [DEBUG] Tx: <706> (08) [ ]	 0322c10100000000
2026-07-29 14:40:41,827 [DEBUG] We've been asked to write a message to the bus
2026-07-29 14:40:41,827 [DEBUG] sending: Timestamp:        0.000000    ID:      706    S Rx     F BS       DL:  8    03 22 c1 01 00 00 00 00
2026-07-29 14:40:41,851 [DEBUG] We've been asked to write a message to the bus
2026-07-29 14:40:41,859 [DEBUG] sending: Timestamp:        0.000000    ID:      706    S Rx     F BS       DL:  8    30 08 0a 00 00 00 00 00
2026-07-29 14:40:41,861 [DEBUG] Rx: <70E> (08) [p]	 100b62c10154024c
2026-07-29 14:40:41,868 [DEBUG] Tx: <706> (08) [ ]	 30080a0000000000
2026-07-29 14:40:41,869 [DEBUG] We've been asked to write a message to the bus
2026-07-29 14:40:41,870 [DEBUG] sending: Timestamp:        0.000000    ID:      706    S Rx     F BS       DL:  8    30 08 0a 00 00 00 00 00
2026-07-29 14:40:41,874 [DEBUG] TxState=IDLE - RxState=WAIT_CF
2026-07-29 14:40:41,877 [DEBUG] Rx: <70E> (08) [p]	 210000000000aaaa
2026-07-29 14:40:41,922 [INFO] TC_ID-788 - Received: 62C10154024C0000000000
2026-07-29 14:40:41,924 [WARNING] TC_ID-788 - PreCondition: PC_ID-024  Testcase:Output read information_Read(Extended session) -> ❌ FAIL - Expected 100B62C1010000000000000000AAAAAA
2026-07-29 14:40:41,926 [DEBUG] Stopping CanStack
2026-07-29 14:40:41,927 [DEBUG] TxState=IDLE - RxState=IDLE
2026-07-29 14:40:41,928 [DEBUG] Main thread is exiting
2026-07-29 14:40:41,975 [DEBUG] CanStack Stopped
2026-07-29 14:40:41,976 [INFO] Connection closed
2026-07-29 14:40:41,977 [INFO] Running Test Case: TC_ID-789
2026-07-29 14:40:41,978 [DEBUG] Starting CanStack
2026-07-29 14:40:41,980 [DEBUG] Main thread has started
2026-07-29 14:40:41,982 [DEBUG] Relay thread has started
2026-07-29 14:40:41,984 [INFO] Connection opened
2026-07-29 14:40:41,985 [INFO] Switched to physical mode for TC: TC_ID-789 Step: PreCondition: PC_ID-024  Testcase:Verify incorrect msg length NRC for Output read information (22 C1 01 01)
2026-07-29 14:40:41,986 [INFO] TC_ID-789 - PreCondition: PC_ID-024  Testcase:Verify incorrect msg length NRC for Output read information (22 C1 01 01): SID=0x22, Sub=0xC10101, Expected=[3, 127, 34, 19, 170, 170, 170, 170]
2026-07-29 14:40:42,094 [INFO] TC_ID-789 - PreCondition: PC_ID-024  Testcase:Verify incorrect msg length NRC for Output read information (22 C1 01 01): Sending request 22C10101
2026-07-29 14:40:42,095 [INFO] TC_ID-789 - PreCondition: PC_ID-024  Testcase:Verify incorrect msg length NRC for Output read information (22 C1 01 01): Sending request 22C10101
2026-07-29 14:40:42,096 [DEBUG] Sending 4 bytes : [22c10101]
2026-07-29 14:40:42,097 [DEBUG] Enqueuing a SendRequest for 4 bytes and TAT=Physical
2026-07-29 14:40:42,099 [DEBUG] Tx: <706> (08) [ ]	 0422c10101000000
2026-07-29 14:40:42,100 [DEBUG] We've been asked to write a message to the bus
2026-07-29 14:40:42,101 [DEBUG] sending: Timestamp:        0.000000    ID:      706    S Rx     F BS       DL:  8    04 22 c1 01 01 00 00 00
2026-07-29 14:40:42,125 [DEBUG] Rx: <70E> (08) [p]	 037f2213aaaaaaaa
2026-07-29 14:40:42,173 [INFO] TC_ID-789 - Received: 7F2213
2026-07-29 14:40:42,175 [WARNING] TC_ID-789 - PreCondition: PC_ID-024  Testcase:Verify incorrect msg length NRC for Output read information (22 C1 01 01) -> ❌ FAIL - Expected 037F2213AAAAAAAA
2026-07-29 14:40:42,176 [DEBUG] Stopping CanStack
2026-07-29 14:40:42,179 [DEBUG] Main thread is exiting
2026-07-29 14:40:42,226 [DEBUG] CanStack Stopped
2026-07-29 14:40:42,227 [INFO] Connection closed
2026-07-29 14:40:42,228 [INFO] Running Test Case: TC_ID-790
2026-07-29 14:40:42,229 [DEBUG] Starting CanStack
2026-07-29 14:40:42,231 [DEBUG] Main thread has started
2026-07-29 14:40:42,233 [DEBUG] Relay thread has started
2026-07-29 14:40:42,235 [INFO] Connection opened
2026-07-29 14:40:42,236 [INFO] Switched to physical mode for TC: TC_ID-790 Step: PreCondition: PC_ID-024  Testcase:Communication read information_Read(Extended session)
2026-07-29 14:40:42,237 [INFO] TC_ID-790 - PreCondition: PC_ID-024  Testcase:Communication read information_Read(Extended session): SID=0x22, Sub=0xC102, Expected=[16, 12, 98, 193, 2, 149, 171, 74, 0, 0, 0, 0, 0, 0, 170, 170]
2026-07-29 14:40:42,342 [INFO] TC_ID-790 - PreCondition: PC_ID-024  Testcase:Communication read information_Read(Extended session): Sending request 22C102
2026-07-29 14:40:42,343 [INFO] TC_ID-790 - PreCondition: PC_ID-024  Testcase:Communication read information_Read(Extended session): Sending request 22C102
2026-07-29 14:40:42,344 [DEBUG] Sending 3 bytes : [22c102]
2026-07-29 14:40:42,345 [DEBUG] Enqueuing a SendRequest for 3 bytes and TAT=Physical
2026-07-29 14:40:42,347 [DEBUG] Tx: <706> (08) [ ]	 0322c10200000000
2026-07-29 14:40:42,348 [DEBUG] We've been asked to write a message to the bus
2026-07-29 14:40:42,349 [DEBUG] sending: Timestamp:        0.000000    ID:      706    S Rx     F BS       DL:  8    03 22 c1 02 00 00 00 00
2026-07-29 14:40:42,372 [DEBUG] We've been asked to write a message to the bus
2026-07-29 14:40:42,374 [DEBUG] Rx: <70E> (08) [p]	 100c62c102000000
2026-07-29 14:40:42,376 [DEBUG] sending: Timestamp:        0.000000    ID:      706    S Rx     F BS       DL:  8    30 08 0a 00 00 00 00 00
2026-07-29 14:40:42,377 [DEBUG] Tx: <706> (08) [ ]	 30080a0000000000
2026-07-29 14:40:42,383 [DEBUG] We've been asked to write a message to the bus
2026-07-29 14:40:42,385 [DEBUG] sending: Timestamp:        0.000000    ID:      706    S Rx     F BS       DL:  8    30 08 0a 00 00 00 00 00
2026-07-29 14:40:42,386 [DEBUG] TxState=IDLE - RxState=WAIT_CF
2026-07-29 14:40:42,388 [DEBUG] Rx: <70E> (08) [p]	 21000000000000aa
2026-07-29 14:40:42,432 [INFO] TC_ID-790 - Received: 62C102000000000000000000
2026-07-29 14:40:42,433 [WARNING] TC_ID-790 - PreCondition: PC_ID-024  Testcase:Communication read information_Read(Extended session) -> ❌ FAIL - Expected 100C62C10295AB4A000000000000AAAA
2026-07-29 14:40:42,433 [DEBUG] Stopping CanStack
2026-07-29 14:40:42,435 [DEBUG] TxState=IDLE - RxState=IDLE
2026-07-29 14:40:42,436 [DEBUG] Main thread is exiting
2026-07-29 14:40:42,482 [DEBUG] CanStack Stopped
2026-07-29 14:40:42,484 [INFO] Connection closed
2026-07-29 14:40:42,485 [INFO] Running Test Case: TC_ID-791
2026-07-29 14:40:42,486 [DEBUG] Starting CanStack
2026-07-29 14:40:42,488 [DEBUG] Main thread has started
2026-07-29 14:40:42,490 [DEBUG] Relay thread has started
2026-07-29 14:40:42,492 [INFO] Connection opened
2026-07-29 14:40:42,495 [INFO] Switched to physical mode for TC: TC_ID-791 Step: PreCondition: PC_ID-024  Testcase:Verify incorrect msg length NRC for Communication read information (22 C1 02 01)
2026-07-29 14:40:42,498 [INFO] TC_ID-791 - PreCondition: PC_ID-024  Testcase:Verify incorrect msg length NRC for Communication read information (22 C1 02 01): SID=0x22, Sub=0xC10201, Expected=[3, 127, 34, 19, 170, 170, 170, 170]
2026-07-29 14:40:42,613 [INFO] TC_ID-791 - PreCondition: PC_ID-024  Testcase:Verify incorrect msg length NRC for Communication read information (22 C1 02 01): Sending request 22C10201
2026-07-29 14:40:42,614 [INFO] TC_ID-791 - PreCondition: PC_ID-024  Testcase:Verify incorrect msg length NRC for Communication read information (22 C1 02 01): Sending request 22C10201
2026-07-29 14:40:42,615 [DEBUG] Sending 4 bytes : [22c10201]
2026-07-29 14:40:42,616 [DEBUG] Enqueuing a SendRequest for 4 bytes and TAT=Physical
2026-07-29 14:40:42,618 [DEBUG] Tx: <706> (08) [ ]	 0422c10201000000
2026-07-29 14:40:42,619 [DEBUG] We've been asked to write a message to the bus
2026-07-29 14:40:42,620 [DEBUG] sending: Timestamp:        0.000000    ID:      706    S Rx     F BS       DL:  8    04 22 c1 02 01 00 00 00
2026-07-29 14:40:42,644 [DEBUG] Rx: <70E> (08) [p]	 037f2213aaaaaaaa
2026-07-29 14:40:42,697 [INFO] TC_ID-791 - Received: 7F2213
2026-07-29 14:40:42,698 [WARNING] TC_ID-791 - PreCondition: PC_ID-024  Testcase:Verify incorrect msg length NRC for Communication read information (22 C1 02 01) -> ❌ FAIL - Expected 037F2213AAAAAAAA
2026-07-29 14:40:42,699 [DEBUG] Stopping CanStack
2026-07-29 14:40:42,701 [DEBUG] Main thread is exiting
2026-07-29 14:40:42,746 [DEBUG] CanStack Stopped
2026-07-29 14:40:42,747 [INFO] Connection closed
2026-07-29 14:40:42,749 [INFO] Running Test Case: TC_ID-792
2026-07-29 14:40:42,750 [DEBUG] Starting CanStack
2026-07-29 14:40:42,751 [DEBUG] Main thread has started
2026-07-29 14:40:42,753 [DEBUG] Relay thread has started
2026-07-29 14:40:42,755 [INFO] Connection opened
2026-07-29 14:40:42,757 [INFO] Switched to physical mode for TC: TC_ID-792 Step: PreCondition: PC_ID-024  Testcase:LH seat heat fail detection read  information_Read(Extended session)
2026-07-29 14:40:42,758 [INFO] TC_ID-792 - PreCondition: PC_ID-024  Testcase:LH seat heat fail detection read  information_Read(Extended session): SID=0x22, Sub=0xC103, Expected=[16, 30, 98, 192, 0, 234, 160, 0, 0, 0, 0, 0, 0, 0, 0, 0, 170, 170]
2026-07-29 14:40:42,868 [INFO] TC_ID-792 - PreCondition: PC_ID-024  Testcase:LH seat heat fail detection read  information_Read(Extended session): Sending request 22C103
2026-07-29 14:40:42,869 [INFO] TC_ID-792 - PreCondition: PC_ID-024  Testcase:LH seat heat fail detection read  information_Read(Extended session): Sending request 22C103
2026-07-29 14:40:42,869 [DEBUG] Sending 3 bytes : [22c103]
2026-07-29 14:40:42,871 [DEBUG] Enqueuing a SendRequest for 3 bytes and TAT=Physical
2026-07-29 14:40:42,873 [DEBUG] Tx: <706> (08) [ ]	 0322c10300000000
2026-07-29 14:40:42,874 [DEBUG] We've been asked to write a message to the bus
2026-07-29 14:40:42,875 [DEBUG] sending: Timestamp:        0.000000    ID:      706    S Rx     F BS       DL:  8    03 22 c1 03 00 00 00 00
2026-07-29 14:40:42,902 [DEBUG] We've been asked to write a message to the bus
2026-07-29 14:40:42,904 [DEBUG] sending: Timestamp:        0.000000    ID:      706    S Rx     F BS       DL:  8    30 08 0a 00 00 00 00 00
2026-07-29 14:40:42,905 [DEBUG] Rx: <70E> (08) [p]	 101062c103c000ea
2026-07-29 14:40:42,908 [DEBUG] Tx: <706> (08) [ ]	 30080a0000000000
2026-07-29 14:40:42,909 [DEBUG] We've been asked to write a message to the bus
2026-07-29 14:40:42,911 [DEBUG] sending: Timestamp:        0.000000    ID:      706    S Rx     F BS       DL:  8    30 08 0a 00 00 00 00 00
2026-07-29 14:40:42,915 [DEBUG] TxState=IDLE - RxState=WAIT_CF
2026-07-29 14:40:42,917 [DEBUG] Rx: <70E> (08) [p]	 21a0000000000020
2026-07-29 14:40:42,927 [INFO] TC_ID-792 PreCondition: PC_ID-024  Testcase:LH seat heat fail detection read  information_Read(Extended session) -> Response shorter than expected (16/30). Waiting for remaining payload.
2026-07-29 14:40:42,936 [DEBUG] Rx: <70E> (08) [p]	 22200000aaaaaaaa
2026-07-29 14:40:42,942 [DEBUG] Received 16 bytes : [62c103c000eaa0000000000020200000]
2026-07-29 14:40:42,992 [DEBUG] TxState=IDLE - RxState=IDLE
2026-07-29 14:40:42,993 [INFO] TC_ID-792 - Received: 62C103C000EAA000000000002020000062C103C000EAA000000000002020
2026-07-29 14:40:42,994 [WARNING] TC_ID-792 - PreCondition: PC_ID-024  Testcase:LH seat heat fail detection read  information_Read(Extended session) -> ❌ FAIL - Expected 101E62C000EAA0000000000000000000AAAA
2026-07-29 14:40:42,995 [DEBUG] Stopping CanStack
2026-07-29 14:40:42,996 [DEBUG] Main thread is exiting
2026-07-29 14:40:43,036 [DEBUG] CanStack Stopped
2026-07-29 14:40:43,036 [INFO] Connection closed
2026-07-29 14:40:43,037 [INFO] Running Test Case: TC_ID-793
2026-07-29 14:40:43,037 [DEBUG] Starting CanStack
2026-07-29 14:40:43,039 [DEBUG] Main thread has started
2026-07-29 14:40:43,040 [DEBUG] Relay thread has started
2026-07-29 14:40:43,041 [INFO] Connection opened
2026-07-29 14:40:43,042 [INFO] Switched to physical mode for TC: TC_ID-793 Step: PreCondition: PC_ID-024  Testcase:Verify incorrect msg length NRC for LH seat heat fail detection read information (22 C1 03 01)
2026-07-29 14:40:43,043 [INFO] TC_ID-793 - PreCondition: PC_ID-024  Testcase:Verify incorrect msg length NRC for LH seat heat fail detection read information (22 C1 03 01): SID=0x22, Sub=0xC10301, Expected=[3, 127, 34, 19, 170, 170, 170, 170]
2026-07-29 14:40:43,153 [INFO] TC_ID-793 - PreCondition: PC_ID-024  Testcase:Verify incorrect msg length NRC for LH seat heat fail detection read information (22 C1 03 01): Sending request 22C10301
2026-07-29 14:40:43,154 [INFO] TC_ID-793 - PreCondition: PC_ID-024  Testcase:Verify incorrect msg length NRC for LH seat heat fail detection read information (22 C1 03 01): Sending request 22C10301
2026-07-29 14:40:43,155 [DEBUG] Sending 4 bytes : [22c10301]
2026-07-29 14:40:43,156 [DEBUG] Enqueuing a SendRequest for 4 bytes and TAT=Physical
2026-07-29 14:40:43,158 [DEBUG] Tx: <706> (08) [ ]	 0422c10301000000
2026-07-29 14:40:43,159 [DEBUG] We've been asked to write a message to the bus
2026-07-29 14:40:43,160 [DEBUG] sending: Timestamp:        0.000000    ID:      706    S Rx     F BS       DL:  8    04 22 c1 03 01 00 00 00
2026-07-29 14:40:43,184 [DEBUG] Rx: <70E> (08) [p]	 037f2213aaaaaaaa
2026-07-29 14:40:43,233 [INFO] TC_ID-793 - Received: 7F2213
2026-07-29 14:40:43,235 [WARNING] TC_ID-793 - PreCondition: PC_ID-024  Testcase:Verify incorrect msg length NRC for LH seat heat fail detection read information (22 C1 03 01) -> ❌ FAIL - Expected 037F2213AAAAAAAA
2026-07-29 14:40:43,237 [DEBUG] Stopping CanStack
2026-07-29 14:40:43,238 [DEBUG] Main thread is exiting
2026-07-29 14:40:43,285 [DEBUG] CanStack Stopped
2026-07-29 14:40:43,287 [INFO] Connection closed
2026-07-29 14:40:43,288 [INFO] Running Test Case: TC_ID-794
2026-07-29 14:40:43,289 [DEBUG] Starting CanStack
2026-07-29 14:40:43,291 [DEBUG] Main thread has started
2026-07-29 14:40:43,293 [DEBUG] Relay thread has started
2026-07-29 14:40:43,295 [INFO] Connection opened
2026-07-29 14:40:43,296 [INFO] Switched to physical mode for TC: TC_ID-794 Step: PreCondition: PC_ID-024  Testcase:LH seat vent fail detection read   information_Read(Default session)
2026-07-29 14:40:43,297 [INFO] TC_ID-794 - PreCondition: PC_ID-024  Testcase:LH seat vent fail detection read   information_Read(Default session): SID=0x22, Sub=0xC104, Expected=[16, 10, 98, 193, 4, 250, 0, 0, 0, 0, 0, 0, 170, 170, 170, 170]
2026-07-29 14:40:43,419 [INFO] TC_ID-794 - PreCondition: PC_ID-024  Testcase:LH seat vent fail detection read   information_Read(Default session): Sending request 22C104
2026-07-29 14:40:43,420 [INFO] TC_ID-794 - PreCondition: PC_ID-024  Testcase:LH seat vent fail detection read   information_Read(Default session): Sending request 22C104
2026-07-29 14:40:43,420 [DEBUG] Sending 3 bytes : [22c104]
2026-07-29 14:40:43,421 [DEBUG] Enqueuing a SendRequest for 3 bytes and TAT=Physical
2026-07-29 14:40:43,423 [DEBUG] Tx: <706> (08) [ ]	 0322c10400000000
2026-07-29 14:40:43,424 [DEBUG] We've been asked to write a message to the bus
2026-07-29 14:40:43,425 [DEBUG] sending: Timestamp:        0.000000    ID:      706    S Rx     F BS       DL:  8    03 22 c1 04 00 00 00 00
2026-07-29 14:40:43,452 [DEBUG] Rx: <70E> (08) [p]	 100a62c104fa0000
2026-07-29 14:40:43,453 [DEBUG] We've been asked to write a message to the bus
2026-07-29 14:40:43,455 [DEBUG] Tx: <706> (08) [ ]	 30080a0000000000
2026-07-29 14:40:43,456 [DEBUG] sending: Timestamp:        0.000000    ID:      706    S Rx     F BS       DL:  8    30 08 0a 00 00 00 00 00
2026-07-29 14:40:43,457 [DEBUG] We've been asked to write a message to the bus
2026-07-29 14:40:43,459 [DEBUG] sending: Timestamp:        0.000000    ID:      706    S Rx     F BS       DL:  8    30 08 0a 00 00 00 00 00
2026-07-29 14:40:43,464 [DEBUG] TxState=IDLE - RxState=WAIT_CF
2026-07-29 14:40:43,466 [DEBUG] Rx: <70E> (08) [p]	 2100000000aaaaaa
2026-07-29 14:40:43,513 [INFO] TC_ID-794 - Received: 62C104FA000000000000
2026-07-29 14:40:43,514 [WARNING] TC_ID-794 - PreCondition: PC_ID-024  Testcase:LH seat vent fail detection read   information_Read(Default session) -> ❌ FAIL - Expected 100A62C104FA000000000000AAAAAAAA
2026-07-29 14:40:43,516 [DEBUG] Stopping CanStack
2026-07-29 14:40:43,517 [DEBUG] TxState=IDLE - RxState=IDLE
2026-07-29 14:40:43,518 [DEBUG] Main thread is exiting
2026-07-29 14:40:43,563 [DEBUG] CanStack Stopped
2026-07-29 14:40:43,564 [INFO] Connection closed
2026-07-29 14:40:43,565 [INFO] Running Test Case: TC_ID-795
2026-07-29 14:40:43,567 [DEBUG] Starting CanStack
2026-07-29 14:40:43,569 [DEBUG] Main thread has started
2026-07-29 14:40:43,574 [DEBUG] Relay thread has started
2026-07-29 14:40:43,579 [INFO] Connection opened
2026-07-29 14:40:43,582 [INFO] Switched to physical mode for TC: TC_ID-795 Step: PreCondition: PC_ID-024  Testcase:Verify incorrect msg length NRC for LH seat vent fail detection read information (22 C1 04 01)
2026-07-29 14:40:43,585 [INFO] TC_ID-795 - PreCondition: PC_ID-024  Testcase:Verify incorrect msg length NRC for LH seat vent fail detection read information (22 C1 04 01): SID=0x22, Sub=0xC10401, Expected=[3, 127, 34, 19, 170, 170, 170, 170]
2026-07-29 14:40:43,696 [INFO] TC_ID-795 - PreCondition: PC_ID-024  Testcase:Verify incorrect msg length NRC for LH seat vent fail detection read information (22 C1 04 01): Sending request 22C10401
2026-07-29 14:40:43,697 [INFO] TC_ID-795 - PreCondition: PC_ID-024  Testcase:Verify incorrect msg length NRC for LH seat vent fail detection read information (22 C1 04 01): Sending request 22C10401
2026-07-29 14:40:43,697 [DEBUG] Sending 4 bytes : [22c10401]
2026-07-29 14:40:43,699 [DEBUG] Enqueuing a SendRequest for 4 bytes and TAT=Physical
2026-07-29 14:40:43,700 [DEBUG] Tx: <706> (08) [ ]	 0422c10401000000
2026-07-29 14:40:43,702 [DEBUG] We've been asked to write a message to the bus
2026-07-29 14:40:43,703 [DEBUG] sending: Timestamp:        0.000000    ID:      706    S Rx     F BS       DL:  8    04 22 c1 04 01 00 00 00
2026-07-29 14:40:43,732 [DEBUG] Rx: <70E> (08) [p]	 037f2213aaaaaaaa
2026-07-29 14:40:43,784 [INFO] TC_ID-795 - Received: 7F2213
2026-07-29 14:40:43,785 [WARNING] TC_ID-795 - PreCondition: PC_ID-024  Testcase:Verify incorrect msg length NRC for LH seat vent fail detection read information (22 C1 04 01) -> ❌ FAIL - Expected 037F2213AAAAAAAA
2026-07-29 14:40:43,786 [DEBUG] Stopping CanStack
2026-07-29 14:40:43,787 [DEBUG] Main thread is exiting
2026-07-29 14:40:43,833 [DEBUG] CanStack Stopped
2026-07-29 14:40:43,834 [INFO] Connection closed
2026-07-29 14:40:43,835 [INFO] Running Test Case: TC_ID-796
2026-07-29 14:40:43,836 [DEBUG] Starting CanStack
2026-07-29 14:40:43,837 [DEBUG] Main thread has started
2026-07-29 14:40:43,838 [DEBUG] Relay thread has started
2026-07-29 14:40:43,839 [INFO] Connection opened
2026-07-29 14:40:43,840 [INFO] Switched to physical mode for TC: TC_ID-796 Step: PreCondition: PC_ID-024  Testcase:RH seat heat fail detection read   information_Read(Extended  session)
2026-07-29 14:40:43,841 [INFO] TC_ID-796 - PreCondition: PC_ID-024  Testcase:RH seat heat fail detection read   information_Read(Extended  session): SID=0x22, Sub=0xC105, Expected=[16, 10, 98, 193, 5, 192, 0, 234, 160, 0, 0, 0, 0, 0, 0, 0, 0, 0]
2026-07-29 14:40:43,943 [INFO] TC_ID-796 - PreCondition: PC_ID-024  Testcase:RH seat heat fail detection read   information_Read(Extended  session): Sending request 22C105
2026-07-29 14:40:43,943 [INFO] TC_ID-796 - PreCondition: PC_ID-024  Testcase:RH seat heat fail detection read   information_Read(Extended  session): Sending request 22C105
2026-07-29 14:40:43,944 [DEBUG] Sending 3 bytes : [22c105]
2026-07-29 14:40:43,945 [DEBUG] Enqueuing a SendRequest for 3 bytes and TAT=Physical
2026-07-29 14:40:43,947 [DEBUG] Tx: <706> (08) [ ]	 0322c10500000000
2026-07-29 14:40:43,948 [DEBUG] We've been asked to write a message to the bus
2026-07-29 14:40:43,949 [DEBUG] sending: Timestamp:        0.000000    ID:      706    S Rx     F BS       DL:  8    03 22 c1 05 00 00 00 00
2026-07-29 14:40:43,972 [DEBUG] We've been asked to write a message to the bus
2026-07-29 14:40:43,975 [DEBUG] sending: Timestamp:        0.000000    ID:      706    S Rx     F BS       DL:  8    30 08 0a 00 00 00 00 00
2026-07-29 14:40:43,977 [DEBUG] Rx: <70E> (08) [p]	 101062c105c000ea
2026-07-29 14:40:43,979 [DEBUG] Tx: <706> (08) [ ]	 30080a0000000000
2026-07-29 14:40:43,982 [DEBUG] We've been asked to write a message to the bus
2026-07-29 14:40:43,985 [DEBUG] sending: Timestamp:        0.000000    ID:      706    S Rx     F BS       DL:  8    30 08 0a 00 00 00 00 00
2026-07-29 14:40:43,987 [DEBUG] TxState=IDLE - RxState=WAIT_CF
2026-07-29 14:40:43,989 [DEBUG] Rx: <70E> (08) [p]	 21a0000000000020
2026-07-29 14:40:43,998 [DEBUG] Rx: <70E> (08) [p]	 22200000aaaaaaaa
2026-07-29 14:40:44,047 [INFO] TC_ID-796 - Received: 62C105C000EAA0000000000020200000
2026-07-29 14:40:44,048 [WARNING] TC_ID-796 - PreCondition: PC_ID-024  Testcase:RH seat heat fail detection read   information_Read(Extended  session) -> ❌ FAIL - Expected 100A62C105C000EAA0000000000000000000
2026-07-29 14:40:44,051 [DEBUG] TxState=IDLE - RxState=IDLE
2026-07-29 14:40:44,053 [DEBUG] Stopping CanStack
2026-07-29 14:40:44,060 [DEBUG] Main thread is exiting
2026-07-29 14:40:44,101 [DEBUG] CanStack Stopped
2026-07-29 14:40:44,105 [INFO] Connection closed
2026-07-29 14:40:44,108 [INFO] Running Test Case: TC_ID-797
2026-07-29 14:40:44,111 [DEBUG] Starting CanStack
2026-07-29 14:40:44,112 [DEBUG] Main thread has started
2026-07-29 14:40:44,113 [DEBUG] Relay thread has started
2026-07-29 14:40:44,115 [INFO] Connection opened
2026-07-29 14:40:44,116 [INFO] Switched to physical mode for TC: TC_ID-797 Step: PreCondition: PC_ID-024  Testcase:Verify incorrect msg length NRC for RH seat heat fail detection read information (22 C1 05 01)
2026-07-29 14:40:44,116 [INFO] TC_ID-797 - PreCondition: PC_ID-024  Testcase:Verify incorrect msg length NRC for RH seat heat fail detection read information (22 C1 05 01): SID=0x22, Sub=0xC10501, Expected=[3, 127, 34, 19, 170, 170, 170, 170]
2026-07-29 14:40:44,244 [INFO] TC_ID-797 - PreCondition: PC_ID-024  Testcase:Verify incorrect msg length NRC for RH seat heat fail detection read information (22 C1 05 01): Sending request 22C10501
2026-07-29 14:40:44,244 [INFO] TC_ID-797 - PreCondition: PC_ID-024  Testcase:Verify incorrect msg length NRC for RH seat heat fail detection read information (22 C1 05 01): Sending request 22C10501
2026-07-29 14:40:44,245 [DEBUG] Sending 4 bytes : [22c10501]
2026-07-29 14:40:44,246 [DEBUG] Enqueuing a SendRequest for 4 bytes and TAT=Physical
2026-07-29 14:40:44,248 [DEBUG] Tx: <706> (08) [ ]	 0422c10501000000
2026-07-29 14:40:44,249 [DEBUG] We've been asked to write a message to the bus
2026-07-29 14:40:44,250 [DEBUG] sending: Timestamp:        0.000000    ID:      706    S Rx     F BS       DL:  8    04 22 c1 05 01 00 00 00
2026-07-29 14:40:44,274 [DEBUG] Rx: <70E> (08) [p]	 037f2213aaaaaaaa
2026-07-29 14:40:44,324 [INFO] TC_ID-797 - Received: 7F2213
2026-07-29 14:40:44,326 [WARNING] TC_ID-797 - PreCondition: PC_ID-024  Testcase:Verify incorrect msg length NRC for RH seat heat fail detection read information (22 C1 05 01) -> ❌ FAIL - Expected 037F2213AAAAAAAA
2026-07-29 14:40:44,328 [DEBUG] Stopping CanStack
2026-07-29 14:40:44,329 [DEBUG] Main thread is exiting
2026-07-29 14:40:44,375 [DEBUG] CanStack Stopped
2026-07-29 14:40:44,376 [INFO] Connection closed
2026-07-29 14:40:44,376 [INFO] Running Test Case: TC_ID-798
2026-07-29 14:40:44,377 [DEBUG] Starting CanStack
2026-07-29 14:40:44,378 [DEBUG] Main thread has started
2026-07-29 14:40:44,380 [DEBUG] Relay thread has started
2026-07-29 14:40:44,384 [INFO] Connection opened
2026-07-29 14:40:44,385 [INFO] Switched to physical mode for TC: TC_ID-798 Step: PreCondition: PC_ID-024  Testcase:RH seat vent fail detection read   information_Read(Default session)
2026-07-29 14:40:44,386 [INFO] TC_ID-798 - PreCondition: PC_ID-024  Testcase:RH seat vent fail detection read   information_Read(Default session): SID=0x22, Sub=0xC106, Expected=[16, 10, 98, 193, 6, 250, 0, 0, 0, 0, 0, 0, 170, 170, 170, 170]
2026-07-29 14:40:44,496 [INFO] TC_ID-798 - PreCondition: PC_ID-024  Testcase:RH seat vent fail detection read   information_Read(Default session): Sending request 22C106
2026-07-29 14:40:44,497 [INFO] TC_ID-798 - PreCondition: PC_ID-024  Testcase:RH seat vent fail detection read   information_Read(Default session): Sending request 22C106
2026-07-29 14:40:44,497 [DEBUG] Sending 3 bytes : [22c106]
2026-07-29 14:40:44,498 [DEBUG] Enqueuing a SendRequest for 3 bytes and TAT=Physical
2026-07-29 14:40:44,499 [DEBUG] Tx: <706> (08) [ ]	 0322c10600000000
2026-07-29 14:40:44,499 [DEBUG] We've been asked to write a message to the bus
2026-07-29 14:40:44,500 [DEBUG] sending: Timestamp:        0.000000    ID:      706    S Rx     F BS       DL:  8    03 22 c1 06 00 00 00 00
2026-07-29 14:40:44,522 [DEBUG] Rx: <70E> (08) [p]	 100a62c106fa0000
2026-07-29 14:40:44,524 [DEBUG] We've been asked to write a message to the bus
2026-07-29 14:40:44,525 [DEBUG] Tx: <706> (08) [ ]	 30080a0000000000
2026-07-29 14:40:44,527 [DEBUG] sending: Timestamp:        0.000000    ID:      706    S Rx     F BS       DL:  8    30 08 0a 00 00 00 00 00
2026-07-29 14:40:44,531 [DEBUG] We've been asked to write a message to the bus
2026-07-29 14:40:44,537 [DEBUG] sending: Timestamp:        0.000000    ID:      706    S Rx     F BS       DL:  8    30 08 0a 00 00 00 00 00
2026-07-29 14:40:44,544 [DEBUG] TxState=IDLE - RxState=WAIT_CF
2026-07-29 14:40:44,546 [DEBUG] Rx: <70E> (08) [p]	 2100000000aaaaaa
2026-07-29 14:40:44,594 [INFO] TC_ID-798 - Received: 62C106FA000000000000
2026-07-29 14:40:44,596 [WARNING] TC_ID-798 - PreCondition: PC_ID-024  Testcase:RH seat vent fail detection read   information_Read(Default session) -> ❌ FAIL - Expected 100A62C106FA000000000000AAAAAAAA
2026-07-29 14:40:44,597 [DEBUG] Stopping CanStack
2026-07-29 14:40:44,598 [DEBUG] TxState=IDLE - RxState=IDLE
2026-07-29 14:40:44,600 [DEBUG] Main thread is exiting
2026-07-29 14:40:44,647 [DEBUG] CanStack Stopped
2026-07-29 14:40:44,648 [INFO] Connection closed
2026-07-29 14:40:44,649 [INFO] Running Test Case: TC_ID-799
2026-07-29 14:40:44,650 [DEBUG] Starting CanStack
2026-07-29 14:40:44,652 [DEBUG] Main thread has started
2026-07-29 14:40:44,653 [DEBUG] Relay thread has started
2026-07-29 14:40:44,654 [INFO] Connection opened
2026-07-29 14:40:44,655 [INFO] Switched to physical mode for TC: TC_ID-799 Step: PreCondition: PC_ID-024  Testcase:Verify incorrect msg length NRC for LH seat vent fail detection read information (22 C1 06 01)
2026-07-29 14:40:44,657 [INFO] TC_ID-799 - PreCondition: PC_ID-024  Testcase:Verify incorrect msg length NRC for LH seat vent fail detection read information (22 C1 06 01): SID=0x22, Sub=0xC10601, Expected=[3, 127, 34, 19, 170, 170, 170, 170]
2026-07-29 14:40:44,766 [INFO] TC_ID-799 - PreCondition: PC_ID-024  Testcase:Verify incorrect msg length NRC for LH seat vent fail detection read information (22 C1 06 01): Sending request 22C10601
2026-07-29 14:40:44,767 [INFO] TC_ID-799 - PreCondition: PC_ID-024  Testcase:Verify incorrect msg length NRC for LH seat vent fail detection read information (22 C1 06 01): Sending request 22C10601
2026-07-29 14:40:44,768 [DEBUG] Sending 4 bytes : [22c10601]
2026-07-29 14:40:44,769 [DEBUG] Enqueuing a SendRequest for 4 bytes and TAT=Physical
2026-07-29 14:40:44,771 [DEBUG] Tx: <706> (08) [ ]	 0422c10601000000
2026-07-29 14:40:44,772 [DEBUG] We've been asked to write a message to the bus
2026-07-29 14:40:44,773 [DEBUG] sending: Timestamp:        0.000000    ID:      706    S Rx     F BS       DL:  8    04 22 c1 06 01 00 00 00
2026-07-29 14:40:44,797 [DEBUG] Rx: <70E> (08) [p]	 037f2213aaaaaaaa
2026-07-29 14:40:44,847 [INFO] TC_ID-799 - Received: 7F2213
2026-07-29 14:40:44,849 [WARNING] TC_ID-799 - PreCondition: PC_ID-024  Testcase:Verify incorrect msg length NRC for LH seat vent fail detection read information (22 C1 06 01) -> ❌ FAIL - Expected 037F2213AAAAAAAA
2026-07-29 14:40:44,851 [DEBUG] Stopping CanStack
2026-07-29 14:40:44,852 [DEBUG] Main thread is exiting
2026-07-29 14:40:44,896 [DEBUG] CanStack Stopped
2026-07-29 14:40:44,898 [INFO] Connection closed
2026-07-29 14:40:44,899 [INFO] Running Test Case: TC_ID-800
2026-07-29 14:40:44,899 [DEBUG] Starting CanStack
2026-07-29 14:40:44,901 [DEBUG] Main thread has started
2026-07-29 14:40:44,903 [DEBUG] Relay thread has started
2026-07-29 14:40:44,905 [INFO] Connection opened
2026-07-29 14:40:44,906 [INFO] Switched to physical mode for TC: TC_ID-800 Step: PreCondition: PC_ID-024  Testcase:Log frame data read  information_Read(Default session)
2026-07-29 14:40:44,907 [INFO] TC_ID-800 - PreCondition: PC_ID-024  Testcase:Log frame data read  information_Read(Default session): SID=0x22, Sub=0xCF10, Expected=[16, 50, 98, 207, 16, 239, 199, 126, 0, 4, 10, 4, 4, 9, 4, 239, 192, 0, 0, 4, 9, 4, 170, 170, 170]
2026-07-29 14:40:45,010 [INFO] TC_ID-800 - PreCondition: PC_ID-024  Testcase:Log frame data read  information_Read(Default session): Sending request 22CF10
2026-07-29 14:40:45,011 [INFO] TC_ID-800 - PreCondition: PC_ID-024  Testcase:Log frame data read  information_Read(Default session): Sending request 22CF10
2026-07-29 14:40:45,011 [DEBUG] Sending 3 bytes : [22cf10]
2026-07-29 14:40:45,013 [DEBUG] Enqueuing a SendRequest for 3 bytes and TAT=Physical
2026-07-29 14:40:45,015 [DEBUG] Tx: <706> (08) [ ]	 0322cf1000000000
2026-07-29 14:40:45,016 [DEBUG] We've been asked to write a message to the bus
2026-07-29 14:40:45,017 [DEBUG] sending: Timestamp:        0.000000    ID:      706    S Rx     F BS       DL:  8    03 22 cf 10 00 00 00 00
2026-07-29 14:40:45,041 [DEBUG] We've been asked to write a message to the bus
2026-07-29 14:40:45,043 [DEBUG] sending: Timestamp:        0.000000    ID:      706    S Rx     F BS       DL:  8    30 08 0a 00 00 00 00 00
2026-07-29 14:40:45,045 [DEBUG] Rx: <70E> (08) [p]	 101462cf10efc77e
2026-07-29 14:40:45,048 [DEBUG] Tx: <706> (08) [ ]	 30080a0000000000
2026-07-29 14:40:45,050 [DEBUG] We've been asked to write a message to the bus
2026-07-29 14:40:45,053 [DEBUG] sending: Timestamp:        0.000000    ID:      706    S Rx     F BS       DL:  8    30 08 0a 00 00 00 00 00
2026-07-29 14:40:45,055 [DEBUG] TxState=IDLE - RxState=WAIT_CF
2026-07-29 14:40:45,057 [DEBUG] Rx: <70E> (08) [p]	 2100040a04040904
2026-07-29 14:40:45,066 [INFO] TC_ID-800 PreCondition: PC_ID-024  Testcase:Log frame data read  information_Read(Default session) -> Response shorter than expected (20/50). Waiting for remaining payload.
2026-07-29 14:40:45,070 [DEBUG] Rx: <70E> (08) [p]	 22efc00000040904
2026-07-29 14:40:45,075 [DEBUG] Received 20 bytes : [62cf10efc77e00040a04040904efc00000040904]
2026-07-29 14:40:45,126 [DEBUG] TxState=IDLE - RxState=IDLE
2026-07-29 14:40:50,079 [DEBUG] No data received: [TimeoutException] - Did not receive IsoTP frame from the Transport layer in time (timeout=5.0 sec) 
2026-07-29 14:40:50,080 [WARNING] TC_ID-800 PreCondition: PC_ID-024  Testcase:Log frame data read  information_Read(Default session) -> Timed out while extending response (40/50)
2026-07-29 14:40:50,131 [INFO] TC_ID-800 - Received: 62CF10EFC77E00040A04040904EFC0000004090462CF10EFC77E00040A04040904EFC00000040904
2026-07-29 14:40:50,133 [WARNING] TC_ID-800 - PreCondition: PC_ID-024  Testcase:Log frame data read  information_Read(Default session) -> ❌ FAIL - Expected 103262CF10EFC77E00040A04040904EFC00000040904AAAAAA
2026-07-29 14:40:50,134 [DEBUG] Stopping CanStack
2026-07-29 14:40:50,136 [DEBUG] Main thread is exiting
2026-07-29 14:40:50,139 [DEBUG] CanStack Stopped
2026-07-29 14:40:50,140 [INFO] Connection closed
2026-07-29 14:40:50,141 [INFO] Running Test Case: TC_ID-801
2026-07-29 14:40:50,143 [DEBUG] Starting CanStack
2026-07-29 14:40:50,146 [DEBUG] Main thread has started
2026-07-29 14:40:50,151 [DEBUG] Relay thread has started
2026-07-29 14:40:50,157 [INFO] Connection opened
2026-07-29 14:40:50,160 [INFO] Switched to physical mode for TC: TC_ID-801 Step: PreCondition: PC_ID-024  Testcase:Verify incorrect msg length NRC for Log frame data read information (22 CF 10 01)
2026-07-29 14:40:50,161 [INFO] TC_ID-801 - PreCondition: PC_ID-024  Testcase:Verify incorrect msg length NRC for Log frame data read information (22 CF 10 01): SID=0x22, Sub=0xCF1001, Expected=[3, 127, 34, 19, 170, 170, 170, 170]
2026-07-29 14:40:50,266 [INFO] TC_ID-801 - PreCondition: PC_ID-024  Testcase:Verify incorrect msg length NRC for Log frame data read information (22 CF 10 01): Sending request 22CF1001
2026-07-29 14:40:50,267 [INFO] TC_ID-801 - PreCondition: PC_ID-024  Testcase:Verify incorrect msg length NRC for Log frame data read information (22 CF 10 01): Sending request 22CF1001
2026-07-29 14:40:50,268 [DEBUG] Sending 4 bytes : [22cf1001]
2026-07-29 14:40:50,269 [DEBUG] Enqueuing a SendRequest for 4 bytes and TAT=Physical
2026-07-29 14:40:50,271 [DEBUG] Tx: <706> (08) [ ]	 0422cf1001000000
2026-07-29 14:40:50,272 [DEBUG] We've been asked to write a message to the bus
2026-07-29 14:40:50,273 [DEBUG] sending: Timestamp:        0.000000    ID:      706    S Rx     F BS       DL:  8    04 22 cf 10 01 00 00 00
2026-07-29 14:40:50,328 [WARNING] TC_ID-801 - No response received
2026-07-29 14:40:50,334 [DEBUG] Stopping CanStack
2026-07-29 14:40:50,340 [DEBUG] Main thread is exiting
2026-07-29 14:40:50,349 [DEBUG] CanStack Stopped
2026-07-29 14:40:50,355 [INFO] Connection closed
2026-07-29 14:40:50,357 [INFO] Running Test Case: TC_ID-802
2026-07-29 14:40:50,360 [DEBUG] Starting CanStack
2026-07-29 14:40:50,363 [DEBUG] Main thread has started
2026-07-29 14:40:50,371 [DEBUG] Relay thread has started
2026-07-29 14:40:50,375 [INFO] Connection opened
2026-07-29 14:40:50,377 [INFO] Switched to physical mode for TC: TC_ID-802 Step: PreCondition: PC_ID-024  Testcase:Non-Sleep ECU data Identifier_Read(Default session)
2026-07-29 14:40:50,381 [INFO] TC_ID-802 - PreCondition: PC_ID-024  Testcase:Non-Sleep ECU data Identifier_Read(Default session): SID=0x22, Sub=0xED90, Expected=[16, 9, 98, 237, 144, 240, 0, 0, 0, 8, 0, 170, 170, 170, 170, 170]
2026-07-29 14:40:50,495 [INFO] TC_ID-802 - PreCondition: PC_ID-024  Testcase:Non-Sleep ECU data Identifier_Read(Default session): Sending request 22ED90
2026-07-29 14:40:50,496 [INFO] TC_ID-802 - PreCondition: PC_ID-024  Testcase:Non-Sleep ECU data Identifier_Read(Default session): Sending request 22ED90
2026-07-29 14:40:50,609 [DEBUG] Sending 3 bytes : [22ed90]
2026-07-29 14:40:50,610 [DEBUG] Enqueuing a SendRequest for 3 bytes and TAT=Physical
2026-07-29 14:40:50,611 [DEBUG] Tx: <706> (08) [ ]	 0322ed9000000000
2026-07-29 14:40:50,612 [DEBUG] We've been asked to write a message to the bus
2026-07-29 14:40:50,614 [DEBUG] sending: Timestamp:        0.000000    ID:      706    S Rx     F BS       DL:  8    03 22 ed 90 00 00 00 00
2026-07-29 14:40:50,641 [DEBUG] We've been asked to write a message to the bus
2026-07-29 14:40:50,643 [DEBUG] sending: Timestamp:        0.000000    ID:      706    S Rx     F BS       DL:  8    30 08 0a 00 00 00 00 00
2026-07-29 14:40:50,701 [INFO] TC_ID-802 - Received: 62ED90F00000000800
2026-07-29 14:40:50,702 [WARNING] TC_ID-802 - PreCondition: PC_ID-024  Testcase:Non-Sleep ECU data Identifier_Read(Default session) -> ❌ FAIL - Expected 100962ED90F00000000800AAAAAAAAAA
2026-07-29 14:40:50,703 [DEBUG] Stopping CanStack
2026-07-29 14:40:50,704 [DEBUG] Main thread is exiting
2026-07-29 14:40:50,719 [DEBUG] CanStack Stopped
2026-07-29 14:40:50,720 [INFO] Connection closed
2026-07-29 14:40:50,721 [INFO] Running Test Case: TC_ID-803
2026-07-29 14:40:50,721 [DEBUG] Starting CanStack
2026-07-29 14:40:50,722 [DEBUG] Main thread has started
2026-07-29 14:40:50,723 [DEBUG] Relay thread has started
2026-07-29 14:40:50,725 [INFO] Connection opened
2026-07-29 14:40:50,726 [INFO] Switched to physical mode for TC: TC_ID-803 Step: PreCondition: PC_ID-024  Testcase:Verify incorrect msg length NRC for Non-Sleep ECU data Identifier (22 ED 90 01)
2026-07-29 14:40:50,728 [INFO] TC_ID-803 - PreCondition: PC_ID-024  Testcase:Verify incorrect msg length NRC for Non-Sleep ECU data Identifier (22 ED 90 01): SID=0x22, Sub=0xED9001, Expected=[3, 127, 34, 19, 170, 170, 170, 170]
2026-07-29 14:40:50,842 [INFO] TC_ID-803 - PreCondition: PC_ID-024  Testcase:Verify incorrect msg length NRC for Non-Sleep ECU data Identifier (22 ED 90 01): Sending request 22ED9001
2026-07-29 14:40:50,843 [INFO] TC_ID-803 - PreCondition: PC_ID-024  Testcase:Verify incorrect msg length NRC for Non-Sleep ECU data Identifier (22 ED 90 01): Sending request 22ED9001
2026-07-29 14:40:50,843 [DEBUG] Sending 4 bytes : [22ed9001]
2026-07-29 14:40:50,844 [DEBUG] Enqueuing a SendRequest for 4 bytes and TAT=Physical
2026-07-29 14:40:50,846 [DEBUG] Tx: <706> (08) [ ]	 0422ed9001000000
2026-07-29 14:40:50,847 [DEBUG] We've been asked to write a message to the bus
2026-07-29 14:40:50,848 [DEBUG] sending: Timestamp:        0.000000    ID:      706    S Rx     F BS       DL:  8    04 22 ed 90 01 00 00 00
2026-07-29 14:40:50,923 [INFO] TC_ID-803 - Received: 7F2213
2026-07-29 14:40:50,924 [WARNING] TC_ID-803 - PreCondition: PC_ID-024  Testcase:Verify incorrect msg length NRC for Non-Sleep ECU data Identifier (22 ED 90 01) -> ❌ FAIL - Expected 037F2213AAAAAAAA
2026-07-29 14:40:50,925 [DEBUG] Stopping CanStack
2026-07-29 14:40:50,926 [DEBUG] Main thread is exiting
2026-07-29 14:40:50,936 [DEBUG] CanStack Stopped
2026-07-29 14:40:50,938 [INFO] Connection closed
2026-07-29 14:40:50,939 [INFO] Running Test Case: TC_ID-804
2026-07-29 14:40:50,940 [ERROR] ----------------------------------TC_ID-804 PreCondition: PC_ID-024 -> EXCEPTION - Unsupported or unconfigured addressing mode: ----------------------------------
2026-07-29 14:40:50,942 [INFO] Running Test Case: TC_ID-805
2026-07-29 14:40:50,945 [ERROR] ----------------------------------TC_ID-805 PreCondition: PC_ID-024 -> EXCEPTION - Unsupported or unconfigured addressing mode: ----------------------------------
2026-07-29 14:40:50,949 [INFO] Running Test Case: TC_ID-806
2026-07-29 14:40:50,953 [ERROR] ----------------------------------TC_ID-806 PreCondition: PC_ID-024 -> EXCEPTION - Unsupported or unconfigured addressing mode: ----------------------------------
2026-07-29 14:40:50,956 [INFO] Running Test Case: TC_ID-807
2026-07-29 14:40:50,957 [ERROR] ----------------------------------TC_ID-807 PreCondition: PC_ID-024 -> EXCEPTION - Unsupported or unconfigured addressing mode: ----------------------------------
2026-07-29 14:40:50,958 [INFO] Running Test Case: TC_ID-808
2026-07-29 14:40:50,959 [ERROR] ----------------------------------TC_ID-808 PreCondition: PC_ID-024 -> EXCEPTION - Unsupported or unconfigured addressing mode: ----------------------------------
2026-07-29 14:40:50,960 [INFO] Running Test Case: TC_ID-809
2026-07-29 14:40:50,961 [ERROR] ----------------------------------TC_ID-809 PreCondition: PC_ID-024 -> EXCEPTION - Unsupported or unconfigured addressing mode: ----------------------------------
2026-07-29 14:40:50,962 [INFO] Running Test Case: TC_ID-810
2026-07-29 14:40:50,963 [ERROR] ----------------------------------TC_ID-810 PreCondition: PC_ID-024 -> EXCEPTION - Unsupported or unconfigured addressing mode: ----------------------------------
2026-07-29 14:40:50,964 [INFO] Running Test Case: TC_ID-811
2026-07-29 14:40:50,965 [ERROR] ----------------------------------TC_ID-811 PreCondition: PC_ID-024 -> EXCEPTION - Unsupported or unconfigured addressing mode: ----------------------------------
2026-07-29 14:40:50,967 [INFO] Running Test Case: TC_ID-812
2026-07-29 14:40:50,969 [ERROR] ----------------------------------TC_ID-812 PreCondition: PC_ID-024 -> EXCEPTION - Unsupported or unconfigured addressing mode: ----------------------------------
2026-07-29 14:40:50,970 [INFO] Running Test Case: TC_ID-813
2026-07-29 14:40:50,972 [ERROR] ----------------------------------TC_ID-813 PreCondition: PC_ID-024 -> EXCEPTION - Unsupported or unconfigured addressing mode: ----------------------------------
2026-07-29 14:40:50,973 [INFO] Running Test Case: TC_ID-814
2026-07-29 14:40:50,974 [ERROR] ----------------------------------TC_ID-814 PreCondition: PC_ID-024 -> EXCEPTION - Unsupported or unconfigured addressing mode: ----------------------------------
2026-07-29 14:40:50,975 [INFO] Running Test Case: TC_ID-815
2026-07-29 14:40:50,976 [ERROR] ----------------------------------TC_ID-815 PreCondition: PC_ID-024 -> EXCEPTION - Unsupported or unconfigured addressing mode: ----------------------------------
2026-07-29 14:40:50,976 [INFO] Running Test Case: TC_ID-816
2026-07-29 14:40:50,977 [ERROR] ----------------------------------TC_ID-816 PreCondition: PC_ID-024 -> EXCEPTION - Unsupported or unconfigured addressing mode: ----------------------------------
2026-07-29 14:40:50,978 [INFO] Running Test Case: TC_ID-817
2026-07-29 14:40:50,979 [ERROR] ----------------------------------TC_ID-817 PreCondition: PC_ID-024 -> EXCEPTION - Unsupported or unconfigured addressing mode: ----------------------------------
2026-07-29 14:40:50,980 [INFO] Running Test Case: TC_ID-818
2026-07-29 14:40:50,981 [ERROR] ----------------------------------TC_ID-818 PreCondition: PC_ID-024 -> EXCEPTION - Unsupported or unconfigured addressing mode: ----------------------------------
2026-07-29 14:40:50,982 [INFO] Running Test Case: TC_ID-819
2026-07-29 14:40:50,984 [ERROR] ----------------------------------TC_ID-819 PreCondition: PC_ID-024 -> EXCEPTION - Unsupported or unconfigured addressing mode: ----------------------------------
2026-07-29 14:40:50,985 [INFO] Running Test Case: TC_ID-820
2026-07-29 14:40:50,986 [ERROR] ----------------------------------TC_ID-820 PreCondition: PC_ID-024 -> EXCEPTION - Unsupported or unconfigured addressing mode: ----------------------------------
2026-07-29 14:40:50,988 [INFO] Running Test Case: TC_ID-821
2026-07-29 14:40:50,989 [ERROR] ----------------------------------TC_ID-821 PreCondition: PC_ID-024 -> EXCEPTION - Unsupported or unconfigured addressing mode: ----------------------------------
2026-07-29 14:40:50,990 [INFO] Running Test Case: TC_ID-822
2026-07-29 14:40:50,991 [ERROR] ----------------------------------TC_ID-822 PreCondition: PC_ID-024 -> EXCEPTION - Unsupported or unconfigured addressing mode: ----------------------------------
2026-07-29 14:40:50,994 [INFO] Running Test Case: TC_ID-823
2026-07-29 14:40:50,998 [DEBUG] Starting CanStack
2026-07-29 14:40:51,003 [DEBUG] Main thread has started
2026-07-29 14:40:51,007 [DEBUG] Relay thread has started
2026-07-29 14:40:51,009 [INFO] Connection opened
2026-07-29 14:40:51,010 [INFO] Switched to physical mode for TC: TC_ID-823 Step: PreCondition: PC_ID-023  Testcase:Verify SHVU Front Diagnostics CAN request and response ID's
2026-07-29 14:40:51,011 [INFO] TC_ID-823 - PreCondition: PC_ID-023  Testcase:Verify SHVU Front Diagnostics CAN request and response ID's: SID=0x10, Sub=0x01, Expected=[6, 80, 1, 0, 50, 1, 244, 170]
2026-07-29 14:40:51,112 [INFO] TC_ID-823 - PreCondition: PC_ID-023  Testcase:Verify SHVU Front Diagnostics CAN request and response ID's: Sending 1001
2026-07-29 14:40:51,184 [INFO] TC_ID-823 - PreCondition: PC_ID-023  Testcase:Verify SHVU Front Diagnostics CAN request and response ID's: Sending request 1001
2026-07-29 14:40:51,189 [DEBUG] Sending 2 bytes : [1001]
2026-07-29 14:40:51,196 [DEBUG] Enqueuing a SendRequest for 2 bytes and TAT=Physical
2026-07-29 14:40:51,201 [DEBUG] Tx: <706> (08) [ ]	 0210010000000000
2026-07-29 14:40:51,202 [DEBUG] We've been asked to write a message to the bus
2026-07-29 14:40:51,207 [DEBUG] sending: Timestamp:        0.000000    ID:      706    S Rx     F BS       DL:  8    02 10 01 00 00 00 00 00
2026-07-29 14:40:51,232 [INFO] TC_ID-823 - Received: 5001003201F4
2026-07-29 14:40:51,238 [WARNING] TC_ID-823 - PreCondition: PC_ID-023  Testcase:Verify SHVU Front Diagnostics CAN request and response ID's -> FAIL - Unexpected response
2026-07-29 14:40:51,243 [DEBUG] Stopping CanStack
2026-07-29 14:40:51,244 [DEBUG] Main thread is exiting
2026-07-29 14:40:51,262 [DEBUG] CanStack Stopped
2026-07-29 14:40:51,264 [INFO] Connection closed
2026-07-29 14:40:51,265 [INFO] Running Test Case: TC_ID-824
2026-07-29 14:40:51,266 [DEBUG] Starting CanStack
2026-07-29 14:40:51,268 [DEBUG] Main thread has started
2026-07-29 14:40:51,272 [DEBUG] Relay thread has started
2026-07-29 14:40:51,278 [INFO] Connection opened
2026-07-29 14:40:51,282 [INFO] Switched to physical mode for TC: TC_ID-824 Step: PreCondition: PC_ID-023  Testcase:Start Default session
2026-07-29 14:40:51,285 [INFO] TC_ID-824 - PreCondition: PC_ID-023  Testcase:Start Default session: SID=0x10, Sub=0x01, Expected=[6, 80, 1, 0, 50, 1, 244, 170]
2026-07-29 14:40:51,367 [INFO] TC_ID-824 - PreCondition: PC_ID-023  Testcase:Start Default session: Sending 1001
2026-07-29 14:40:51,431 [INFO] TC_ID-824 - PreCondition: PC_ID-023  Testcase:Start Default session: Sending request 1001
2026-07-29 14:40:51,435 [DEBUG] Sending 2 bytes : [1001]
2026-07-29 14:40:51,438 [DEBUG] Enqueuing a SendRequest for 2 bytes and TAT=Physical
2026-07-29 14:40:51,439 [DEBUG] Tx: <706> (08) [ ]	 0210010000000000
2026-07-29 14:40:51,440 [DEBUG] We've been asked to write a message to the bus
2026-07-29 14:40:51,441 [DEBUG] sending: Timestamp:        0.000000    ID:      706    S Rx     F BS       DL:  8    02 10 01 00 00 00 00 00
2026-07-29 14:40:51,460 [INFO] TC_ID-824 - Received: 5001003201F4
2026-07-29 14:40:51,463 [WARNING] TC_ID-824 - PreCondition: PC_ID-023  Testcase:Start Default session -> FAIL - Unexpected response
2026-07-29 14:40:51,464 [DEBUG] Stopping CanStack
2026-07-29 14:40:51,467 [DEBUG] Main thread is exiting
2026-07-29 14:40:51,473 [DEBUG] CanStack Stopped
2026-07-29 14:40:51,476 [INFO] Connection closed
2026-07-29 14:40:51,480 [INFO] Running Test Case: TC_ID-825
2026-07-29 14:40:51,481 [DEBUG] Starting CanStack
2026-07-29 14:40:51,482 [DEBUG] Main thread has started
2026-07-29 14:40:51,483 [DEBUG] Relay thread has started
2026-07-29 14:40:51,486 [INFO] Connection opened
2026-07-29 14:40:51,487 [INFO] Switched to physical mode for TC: TC_ID-825 Step: PreCondition: PC_ID-023  Testcase:Read DTC Past(19 02 09)
2026-07-29 14:40:51,488 [INFO] TC_ID-825 - PreCondition: PC_ID-023  Testcase:Read DTC Past(19 02 09): SID=0x19, Sub=0x02, Expected=[7, 89, 2, 9, 167, 19, 0, 8]
2026-07-29 14:40:51,572 [INFO] TC_ID-825 - PreCondition: PC_ID-023  Testcase:Read DTC Past(19 02 09): Sending 190209
2026-07-29 14:40:51,573 [INFO] TC_ID-825 - PreCondition: PC_ID-023  Testcase:Read DTC Past(19 02 09): Sending request 190209
2026-07-29 14:40:51,573 [DEBUG] Sending 3 bytes : [190209]
2026-07-29 14:40:51,575 [DEBUG] Enqueuing a SendRequest for 3 bytes and TAT=Physical
2026-07-29 14:40:51,577 [DEBUG] Tx: <706> (08) [ ]	 0319020900000000
2026-07-29 14:40:51,578 [DEBUG] We've been asked to write a message to the bus
2026-07-29 14:40:51,580 [DEBUG] sending: Timestamp:        0.000000    ID:      706    S Rx     F BS       DL:  8    03 19 02 09 00 00 00 00
2026-07-29 14:40:51,584 [DEBUG] Stopping CanStack
2026-07-29 14:40:51,589 [DEBUG] Main thread is exiting
2026-07-29 14:40:51,601 [DEBUG] CanStack Stopped
2026-07-29 14:40:51,602 [INFO] Connection closed
2026-07-29 14:40:51,603 [INFO] Running Test Case: TC_ID-826
2026-07-29 14:40:51,604 [DEBUG] Starting CanStack
2026-07-29 14:40:51,605 [DEBUG] Main thread has started
2026-07-29 14:40:51,608 [DEBUG] Relay thread has started
2026-07-29 14:40:51,610 [INFO] Connection opened
2026-07-29 14:40:51,612 [INFO] Switched to physical mode for TC: TC_ID-826 Step: PreCondition: PC_ID-024  Testcase:Verify CAN bus off error (19 02 09)
2026-07-29 14:40:51,614 [INFO] TC_ID-826 - PreCondition: PC_ID-024  Testcase:Verify CAN bus off error (19 02 09): SID=0x19, Sub=0x02, Expected=[7, 89, 2, 9, 167, 19, 0, 8]
2026-07-29 14:40:51,708 [INFO] TC_ID-826 - PreCondition: PC_ID-024  Testcase:Verify CAN bus off error (19 02 09): Sending 190209
2026-07-29 14:40:51,709 [INFO] TC_ID-826 - PreCondition: PC_ID-024  Testcase:Verify CAN bus off error (19 02 09): Sending request 190209
2026-07-29 14:40:51,710 [DEBUG] Sending 3 bytes : [190209]
2026-07-29 14:40:51,711 [DEBUG] Enqueuing a SendRequest for 3 bytes and TAT=Physical
2026-07-29 14:40:51,712 [DEBUG] Tx: <706> (08) [ ]	 0319020900000000
2026-07-29 14:40:51,713 [DEBUG] We've been asked to write a message to the bus
2026-07-29 14:40:51,714 [DEBUG] sending: Timestamp:        0.000000    ID:      706    S Rx     F BS       DL:  8    03 19 02 09 00 00 00 00
2026-07-29 14:40:51,731 [DEBUG] Stopping CanStack
2026-07-29 14:40:51,733 [DEBUG] Main thread is exiting
2026-07-29 14:40:51,745 [DEBUG] CanStack Stopped
2026-07-29 14:40:51,748 [INFO] Connection closed
2026-07-29 14:40:51,752 [INFO] Running Test Case: PC_ID-028
2026-07-29 14:40:51,754 [DEBUG] Starting CanStack
2026-07-29 14:40:51,755 [DEBUG] Main thread has started
2026-07-29 14:40:51,756 [DEBUG] Relay thread has started
2026-07-29 14:40:51,758 [INFO] Connection opened
2026-07-29 14:40:51,759 [INFO] Switched to physical mode for TC: PC_ID-028 Step: Start Programming  session
2026-07-29 14:40:51,760 [INFO] PC_ID-028 - Start Programming  session: SID=0x10, Sub=0x02, Expected=[6, 80, 2, 0, 50, 1, 244, 170]
2026-07-29 14:40:51,830 [INFO] PC_ID-028 - Start Programming  session: Sending 1002
2026-07-29 14:40:51,890 [INFO] PC_ID-028 - Start Programming  session: Sending request 1002
2026-07-29 14:40:51,894 [DEBUG] Sending 2 bytes : [1002]
2026-07-29 14:40:51,898 [DEBUG] Enqueuing a SendRequest for 2 bytes and TAT=Physical
2026-07-29 14:40:51,901 [DEBUG] Tx: <706> (08) [ ]	 0210020000000000
2026-07-29 14:40:51,902 [DEBUG] We've been asked to write a message to the bus
2026-07-29 14:40:51,903 [DEBUG] sending: Timestamp:        0.000000    ID:      706    S Rx     F BS       DL:  8    02 10 02 00 00 00 00 00
2026-07-29 14:40:52,197 [INFO] PC_ID-028 - Received: 5002003201F4
2026-07-29 14:40:52,198 [WARNING] PC_ID-028 - Start Programming  session -> FAIL - Unexpected response
2026-07-29 14:40:52,198 [DEBUG] Stopping CanStack
2026-07-29 14:40:52,199 [DEBUG] Main thread is exiting
2026-07-29 14:40:52,208 [DEBUG] CanStack Stopped
2026-07-29 14:40:52,209 [INFO] Connection closed
2026-07-29 14:40:52,210 [INFO] Running Test Case: TC_ID-827
2026-07-29 14:40:52,212 [DEBUG] Starting CanStack
2026-07-29 14:40:52,219 [DEBUG] Main thread has started
2026-07-29 14:40:52,224 [DEBUG] Relay thread has started
2026-07-29 14:40:52,228 [INFO] Connection opened
2026-07-29 14:40:52,229 [INFO] Switched to physical mode for TC: TC_ID-827 Step: PreCondition: PC_ID-028  Testcase:Verify CAN bus off error (19 02 09)
2026-07-29 14:40:52,230 [INFO] TC_ID-827 - PreCondition: PC_ID-028  Testcase:Verify CAN bus off error (19 02 09): SID=0x19, Sub=0x02, Expected=[3, 127, 25, 17, 170, 170, 170]
2026-07-29 14:40:52,317 [INFO] TC_ID-827 - PreCondition: PC_ID-028  Testcase:Verify CAN bus off error (19 02 09): Sending 190209
2026-07-29 14:40:52,318 [INFO] TC_ID-827 - PreCondition: PC_ID-028  Testcase:Verify CAN bus off error (19 02 09): Sending request 190209
2026-07-29 14:40:52,320 [DEBUG] Sending 3 bytes : [190209]
2026-07-29 14:40:52,321 [DEBUG] Enqueuing a SendRequest for 3 bytes and TAT=Physical
2026-07-29 14:40:52,323 [DEBUG] Tx: <706> (08) [ ]	 0319020900000000
2026-07-29 14:40:52,324 [DEBUG] We've been asked to write a message to the bus
2026-07-29 14:40:52,325 [DEBUG] sending: Timestamp:        0.000000    ID:      706    S Rx     F BS       DL:  8    03 19 02 09 00 00 00 00
2026-07-29 14:40:52,340 [DEBUG] Stopping CanStack
2026-07-29 14:40:52,346 [DEBUG] Main thread is exiting
2026-07-29 14:40:52,365 [DEBUG] CanStack Stopped
2026-07-29 14:40:52,367 [INFO] Connection closed
2026-07-29 14:40:52,368 [INFO] Running Test Case: TC_ID-828
2026-07-29 14:40:52,369 [DEBUG] Starting CanStack
2026-07-29 14:40:52,371 [DEBUG] Main thread has started
2026-07-29 14:40:52,375 [DEBUG] Relay thread has started
2026-07-29 14:40:52,380 [INFO] Connection opened
2026-07-29 14:40:52,385 [INFO] Switched to physical mode for TC: TC_ID-828 Step: PreCondition: PC_ID-023  Testcase:Verify report Read DTC in past (19 02 08)
2026-07-29 14:40:52,387 [INFO] TC_ID-828 - PreCondition: PC_ID-023  Testcase:Verify report Read DTC in past (19 02 08): SID=0x19, Sub=0x02, Expected=[3, 89, 2, 8, 170, 170, 170, 170]
2026-07-29 14:40:52,478 [INFO] TC_ID-828 - PreCondition: PC_ID-023  Testcase:Verify report Read DTC in past (19 02 08): Sending 190208
2026-07-29 14:40:52,479 [INFO] TC_ID-828 - PreCondition: PC_ID-023  Testcase:Verify report Read DTC in past (19 02 08): Sending request 190208
2026-07-29 14:40:52,481 [DEBUG] Sending 3 bytes : [190208]
2026-07-29 14:40:52,483 [DEBUG] Enqueuing a SendRequest for 3 bytes and TAT=Physical
2026-07-29 14:40:52,484 [DEBUG] Tx: <706> (08) [ ]	 0319020800000000
2026-07-29 14:40:52,486 [DEBUG] We've been asked to write a message to the bus
2026-07-29 14:40:52,487 [DEBUG] sending: Timestamp:        0.000000    ID:      706    S Rx     F BS       DL:  8    03 19 02 08 00 00 00 00
2026-07-29 14:40:52,498 [DEBUG] Stopping CanStack
2026-07-29 14:40:52,508 [DEBUG] Main thread is exiting
2026-07-29 14:40:52,509 [DEBUG] CanStack Stopped
2026-07-29 14:40:52,510 [INFO] Connection closed
2026-07-29 14:40:52,511 [INFO] Running Test Case: TC_ID-829
2026-07-29 14:40:52,512 [DEBUG] Starting CanStack
2026-07-29 14:40:52,514 [DEBUG] Main thread has started
2026-07-29 14:40:52,516 [DEBUG] Relay thread has started
2026-07-29 14:40:52,518 [INFO] Connection opened
2026-07-29 14:40:52,520 [INFO] Switched to physical mode for TC: TC_ID-829 Step: PreCondition: PC_ID-024  Testcase:Verify report Read DTC in past (19 02 08)
2026-07-29 14:40:52,520 [INFO] TC_ID-829 - PreCondition: PC_ID-024  Testcase:Verify report Read DTC in past (19 02 08): SID=0x19, Sub=0x02, Expected=[3, 89, 2, 8, 170, 170, 170, 170]
2026-07-29 14:40:52,617 [INFO] TC_ID-829 - PreCondition: PC_ID-024  Testcase:Verify report Read DTC in past (19 02 08): Sending 190208
2026-07-29 14:40:52,617 [INFO] TC_ID-829 - PreCondition: PC_ID-024  Testcase:Verify report Read DTC in past (19 02 08): Sending request 190208
2026-07-29 14:40:52,618 [DEBUG] Sending 3 bytes : [190208]
2026-07-29 14:40:52,619 [DEBUG] Enqueuing a SendRequest for 3 bytes and TAT=Physical
2026-07-29 14:40:52,620 [DEBUG] Tx: <706> (08) [ ]	 0319020800000000
2026-07-29 14:40:52,621 [DEBUG] We've been asked to write a message to the bus
2026-07-29 14:40:52,621 [DEBUG] sending: Timestamp:        0.000000    ID:      706    S Rx     F BS       DL:  8    03 19 02 08 00 00 00 00
2026-07-29 14:40:52,626 [DEBUG] Stopping CanStack
2026-07-29 14:40:52,628 [DEBUG] Main thread is exiting
2026-07-29 14:40:52,639 [DEBUG] CanStack Stopped
2026-07-29 14:40:52,641 [INFO] Connection closed
2026-07-29 14:40:52,643 [INFO] Running Test Case: TC_ID-830
2026-07-29 14:40:52,645 [DEBUG] Starting CanStack
2026-07-29 14:40:52,649 [DEBUG] Main thread has started
2026-07-29 14:40:52,655 [DEBUG] Relay thread has started
2026-07-29 14:40:52,666 [INFO] Connection opened
2026-07-29 14:40:52,669 [INFO] Switched to physical mode for TC: TC_ID-830 Step: PreCondition: PC_ID-023  Testcase:Verify NRC-sub function not supported in fault memory (19 05 01)
2026-07-29 14:40:52,670 [INFO] TC_ID-830 - PreCondition: PC_ID-023  Testcase:Verify NRC-sub function not supported in fault memory (19 05 01): SID=0x19, Sub=0x06, Expected=[3, 127, 25, 18, 170, 170, 170, 170]
2026-07-29 14:40:52,770 [DEBUG] Stopping CanStack
2026-07-29 14:40:52,772 [DEBUG] Main thread is exiting
2026-07-29 14:40:52,783 [DEBUG] CanStack Stopped
2026-07-29 14:40:52,784 [INFO] Connection closed
2026-07-29 14:40:52,787 [ERROR] ----------------------------------TC_ID-830 PreCondition: PC_ID-023  Testcase:Verify NRC-sub function not supported in fault memory (19 05 01) -> EXCEPTION - invalid literal for int() with base 16: ''----------------------------------
2026-07-29 14:40:52,791 [INFO] Running Test Case: TC_ID-831
2026-07-29 14:40:52,795 [DEBUG] Starting CanStack
2026-07-29 14:40:52,800 [DEBUG] Main thread has started
2026-07-29 14:40:52,801 [DEBUG] Relay thread has started
2026-07-29 14:40:52,803 [INFO] Connection opened
2026-07-29 14:40:52,804 [INFO] Switched to physical mode for TC: TC_ID-831 Step: PreCondition: PC_ID-023  Testcase:Verify NRC-Incorrect message length in fault memory (19 02 08 01)
2026-07-29 14:40:52,806 [INFO] TC_ID-831 - PreCondition: PC_ID-023  Testcase:Verify NRC-Incorrect message length in fault memory (19 02 08 01): SID=0x19, Sub=0x02, Expected=[3, 127, 25, 19, 170, 170, 170, 170]
2026-07-29 14:40:52,906 [DEBUG] Stopping CanStack
2026-07-29 14:40:52,907 [DEBUG] Main thread is exiting
2026-07-29 14:40:52,919 [DEBUG] CanStack Stopped
2026-07-29 14:40:52,920 [INFO] Connection closed
2026-07-29 14:40:52,921 [ERROR] ----------------------------------TC_ID-831 PreCondition: PC_ID-023  Testcase:Verify NRC-Incorrect message length in fault memory (19 02 08 01) -> EXCEPTION - bytes must be in range(0, 256)----------------------------------
2026-07-29 14:40:52,922 [INFO] Running Test Case: TC_ID-832
2026-07-29 14:40:52,925 [DEBUG] Starting CanStack
2026-07-29 14:40:52,932 [DEBUG] Main thread has started
2026-07-29 14:40:52,937 [DEBUG] Relay thread has started
2026-07-29 14:40:52,939 [INFO] Connection opened
2026-07-29 14:40:52,940 [INFO] Switched to physical mode for TC: TC_ID-832 Step: PreCondition: PC_ID-023  Testcase:Verify Clear DTC positive response for all group (14 FF FF FF)
2026-07-29 14:40:52,941 [INFO] TC_ID-832 - PreCondition: PC_ID-023  Testcase:Verify Clear DTC positive response for all group (14 FF FF FF): SID=0x14, Sub=0xFFFFFF, Expected=[1, 84, 170, 170, 170, 170, 170, 170]
2026-07-29 14:40:53,037 [INFO] TC_ID-832 - PreCondition: PC_ID-023  Testcase:Verify Clear DTC positive response for all group (14 FF FF FF): Sending 14FFFFFF
2026-07-29 14:40:53,038 [INFO] TC_ID-832 - PreCondition: PC_ID-023  Testcase:Verify Clear DTC positive response for all group (14 FF FF FF): Sending request 14FFFFFF
2026-07-29 14:40:53,039 [DEBUG] Sending 4 bytes : [14ffffff]
2026-07-29 14:40:53,041 [DEBUG] Enqueuing a SendRequest for 4 bytes and TAT=Physical
2026-07-29 14:40:53,043 [DEBUG] Tx: <706> (08) [ ]	 0414ffffff000000
2026-07-29 14:40:53,044 [DEBUG] We've been asked to write a message to the bus
2026-07-29 14:40:53,045 [DEBUG] sending: Timestamp:        0.000000    ID:      706    S Rx     F BS       DL:  8    04 14 ff ff ff 00 00 00
2026-07-29 14:40:53,058 [DEBUG] Stopping CanStack
2026-07-29 14:40:53,066 [DEBUG] Main thread is exiting
2026-07-29 14:40:53,068 [DEBUG] CanStack Stopped
2026-07-29 14:40:53,069 [INFO] Connection closed
2026-07-29 14:40:53,069 [INFO] Running Test Case: TC_ID-833
2026-07-29 14:40:53,070 [DEBUG] Starting CanStack
2026-07-29 14:40:53,072 [DEBUG] Main thread has started
2026-07-29 14:40:53,075 [DEBUG] Relay thread has started
2026-07-29 14:40:53,077 [INFO] Connection opened
2026-07-29 14:40:53,078 [INFO] Switched to physical mode for TC: TC_ID-833 Step: PreCondition: PC_ID-024  Testcase:Verify Clear DTC positive response for all group (14 FF FF FF)
2026-07-29 14:40:53,079 [INFO] TC_ID-833 - PreCondition: PC_ID-024  Testcase:Verify Clear DTC positive response for all group (14 FF FF FF): SID=0x14, Sub=0xFFFFFF, Expected=[1, 84, 170, 170, 170, 170, 170, 170]
2026-07-29 14:40:53,184 [INFO] TC_ID-833 - PreCondition: PC_ID-024  Testcase:Verify Clear DTC positive response for all group (14 FF FF FF): Sending 14FFFFFF
2026-07-29 14:40:53,184 [INFO] TC_ID-833 - PreCondition: PC_ID-024  Testcase:Verify Clear DTC positive response for all group (14 FF FF FF): Sending request 14FFFFFF
2026-07-29 14:40:53,185 [DEBUG] Sending 4 bytes : [14ffffff]
2026-07-29 14:40:53,185 [DEBUG] Enqueuing a SendRequest for 4 bytes and TAT=Physical
2026-07-29 14:40:53,187 [DEBUG] Tx: <706> (08) [ ]	 0414ffffff000000
2026-07-29 14:40:53,187 [DEBUG] We've been asked to write a message to the bus
2026-07-29 14:40:53,188 [DEBUG] sending: Timestamp:        0.000000    ID:      706    S Rx     F BS       DL:  8    04 14 ff ff ff 00 00 00
2026-07-29 14:40:53,197 [DEBUG] Stopping CanStack
2026-07-29 14:40:53,200 [DEBUG] Main thread is exiting
2026-07-29 14:40:53,214 [DEBUG] CanStack Stopped
2026-07-29 14:40:53,217 [INFO] Connection closed
2026-07-29 14:40:53,221 [INFO] Running Test Case: TC_ID-834
2026-07-29 14:40:53,224 [DEBUG] Starting CanStack
2026-07-29 14:40:53,225 [DEBUG] Main thread has started
2026-07-29 14:40:53,226 [DEBUG] Relay thread has started
2026-07-29 14:40:53,228 [INFO] Connection opened
2026-07-29 14:40:53,229 [INFO] Switched to physical mode for TC: TC_ID-834 Step: PreCondition: PC_ID-023  Testcase:Verify NRC- incorrect message length in Clear Diagnostic information (14 FF FF FF FF)
2026-07-29 14:40:53,230 [INFO] TC_ID-834 - PreCondition: PC_ID-023  Testcase:Verify NRC- incorrect message length in Clear Diagnostic information (14 FF FF FF FF): SID=0x14, Sub=0xFFFFFFFF, Expected=[3, 127, 20, 19, 170, 170, 170, 170]
2026-07-29 14:40:53,360 [INFO] TC_ID-834 - PreCondition: PC_ID-023  Testcase:Verify NRC- incorrect message length in Clear Diagnostic information (14 FF FF FF FF): Sending 14FFFFFFFF
2026-07-29 14:40:53,361 [INFO] TC_ID-834 - PreCondition: PC_ID-023  Testcase:Verify NRC- incorrect message length in Clear Diagnostic information (14 FF FF FF FF): Sending request 14FFFFFFFF
2026-07-29 14:40:53,361 [DEBUG] Sending 5 bytes : [14ffffffff]
2026-07-29 14:40:53,363 [DEBUG] Enqueuing a SendRequest for 5 bytes and TAT=Physical
2026-07-29 14:40:53,365 [DEBUG] Tx: <706> (08) [ ]	 0514ffffffff0000
2026-07-29 14:40:53,366 [DEBUG] We've been asked to write a message to the bus
2026-07-29 14:40:53,367 [DEBUG] sending: Timestamp:        0.000000    ID:      706    S Rx     F BS       DL:  8    05 14 ff ff ff ff 00 00
2026-07-29 14:40:53,380 [DEBUG] Stopping CanStack
2026-07-29 14:40:53,384 [DEBUG] Main thread is exiting
2026-07-29 14:40:53,392 [DEBUG] CanStack Stopped
2026-07-29 14:40:53,393 [INFO] Connection closed
2026-07-29 14:40:53,394 [INFO] Running Test Case: TC_ID-835
2026-07-29 14:40:53,396 [DEBUG] Starting CanStack
2026-07-29 14:40:53,398 [DEBUG] Main thread has started
2026-07-29 14:40:53,399 [DEBUG] Relay thread has started
2026-07-29 14:40:53,401 [INFO] Connection opened
2026-07-29 14:40:53,403 [INFO] Switched to physical mode for TC: TC_ID-835 Step: PreCondition: PC_ID-024  Testcase:Verify positive response for Security Seed Request (27 11)
2026-07-29 14:40:53,404 [INFO] TC_ID-835 - PreCondition: PC_ID-024  Testcase:Verify positive response for Security Seed Request (27 11): SID=0x27, Sub=0x11, Expected=[16, 10, 103, 17, 16, 38, 67, 122, 19, 110, 83, 10]
2026-07-29 14:40:53,506 [INFO] TC_ID-835 - PreCondition: PC_ID-024  Testcase:Verify positive response for Security Seed Request (27 11): Sending request 2711
2026-07-29 14:40:53,507 [DEBUG] Sending 2 bytes : [2711]
2026-07-29 14:40:53,507 [DEBUG] Enqueuing a SendRequest for 2 bytes and TAT=Physical
2026-07-29 14:40:53,508 [DEBUG] Tx: <706> (08) [ ]	 0227110000000000
2026-07-29 14:40:53,509 [DEBUG] We've been asked to write a message to the bus
2026-07-29 14:40:53,509 [DEBUG] sending: Timestamp:        0.000000    ID:      706    S Rx     F BS       DL:  8    02 27 11 00 00 00 00 00
2026-07-29 14:40:53,527 [DEBUG] We've been asked to write a message to the bus
2026-07-29 14:40:53,529 [DEBUG] sending: Timestamp:        0.000000    ID:      706    S Rx     F BS       DL:  8    30 08 0a 00 00 00 00 00
2026-07-29 14:40:53,538 [DEBUG] TC_ID-835 PreCondition: PC_ID-024  Testcase:Verify positive response for Security Seed Request (27 11) -> Received payload: [103, 17, 80, 5, 161, 36, 138, 73, 82, 85]
2026-07-29 14:40:53,544 [INFO] Received Seed (subfunc 0x11): 5005a1248a495255
2026-07-29 14:40:54,047 [INFO] Attempt 1: Sending seed to PC...
2026-07-29 14:40:54,193 [INFO] Received Key (for subfunc 0x12): b'0D\xc5\x0cgw:\xea'
2026-07-29 14:40:54,194 [DEBUG] Stopping CanStack
2026-07-29 14:40:54,195 [DEBUG] Main thread is exiting
2026-07-29 14:40:54,202 [DEBUG] CanStack Stopped
2026-07-29 14:40:54,203 [INFO] Connection closed
2026-07-29 14:40:54,204 [INFO] Running Test Case: TC_ID-836
2026-07-29 14:40:54,206 [ERROR] ----------------------------------TC_ID-836 PreCondition: PC_ID-023 -> EXCEPTION - Unsupported or unconfigured addressing mode: ----------------------------------
2026-07-29 14:40:54,207 [INFO] Running Test Case: TC_ID-837
2026-07-29 14:40:54,208 [ERROR] ----------------------------------TC_ID-837 PreCondition: PC_ID-024 -> EXCEPTION - Unsupported or unconfigured addressing mode: ----------------------------------
2026-07-29 14:40:54,211 [INFO] Running Test Case: TC_ID-838
2026-07-29 14:40:54,215 [ERROR] ----------------------------------TC_ID-838 PreCondition: PC_ID-023 -> EXCEPTION - Unsupported or unconfigured addressing mode: ----------------------------------
2026-07-29 14:40:54,218 [INFO] Running Test Case: TC_ID-839
2026-07-29 14:40:54,222 [ERROR] ----------------------------------TC_ID-839 PreCondition: PC_ID-023 -> EXCEPTION - Unsupported or unconfigured addressing mode: ----------------------------------
2026-07-29 14:40:54,224 [INFO] Running Test Case: TC_ID-840
2026-07-29 14:40:54,225 [ERROR] ----------------------------------TC_ID-840 PreCondition: PC_ID-023 -> EXCEPTION - Unsupported or unconfigured addressing mode: ----------------------------------
2026-07-29 14:40:54,225 [INFO] Running Test Case: TC_ID-841
2026-07-29 14:40:54,226 [ERROR] ----------------------------------TC_ID-841 PreCondition: PC_ID-023 -> EXCEPTION - Unsupported or unconfigured addressing mode: ----------------------------------
2026-07-29 14:40:54,227 [INFO] Running Test Case: TC_ID-842
2026-07-29 14:40:54,227 [ERROR] ----------------------------------TC_ID-842 PreCondition: PC_ID-023 -> EXCEPTION - Unsupported or unconfigured addressing mode: ----------------------------------
2026-07-29 14:40:54,228 [INFO] Running Test Case: TC_ID-843
2026-07-29 14:40:54,229 [ERROR] ----------------------------------TC_ID-843 PreCondition: PC_ID-023 -> EXCEPTION - Unsupported or unconfigured addressing mode: ----------------------------------
2026-07-29 14:40:54,229 [INFO] Running Test Case: TC_ID-844
2026-07-29 14:40:54,230 [ERROR] ----------------------------------TC_ID-844 PreCondition: PC_ID-024 -> EXCEPTION - Unsupported or unconfigured addressing mode: ----------------------------------
2026-07-29 14:40:54,548 [ERROR] [CANLogger] Error during stop: I/O operation on closed file.
2026-07-29 14:40:54,548 [WARNING] SocketcanBus was not properly shut down
2026-07-29 14:40:54,549 [DEBUG] Closing raw can socket
2026-07-29 14:40:56,050 [INFO] ----------------------------------Log Generated!----------------------------------
2026-07-29 14:40:58,554 [INFO] ----------------------------------Report Generated----------------------------------
2026-07-29 14:41:00,555 [INFO] ----------------------------------Done-----------------------------------------------
2026-07-29 14:41:48,870 [INFO] ----------------------------------Run Test Cases-----------------------------------------------
2026-07-29 14:41:48,871 [INFO] ----------------------------------Storage OK Free: 4838 MB-----------------------------------------------
2026-07-29 14:41:50,876 [DEBUG] can config: {'can_filters': [{'can_id': 1798, 'can_mask': 2047, 'extended': False}, {'can_id': 1806, 'can_mask': 2047, 'extended': False}, {'can_id': 2015, 'can_mask': 2047, 'extended': False}, {'can_id': 1822, 'can_mask': 2047, 'extended': False}], 'fd': True, 'interface': 'socketcan', 'channel': 'can0'}
2026-07-29 14:41:50,877 [INFO] Created a socket
2026-07-29 14:41:50,878 [DEBUG] Binding socket to channel=can0
2026-07-29 14:41:50,879 [DEBUG] Bound socket.
2026-07-29 14:41:50,882 [INFO] CAN logging started: /home/mobase/Git/Raja/New_3/dist/output/can_logs/SHVU_Test2nd_time_20260729_144150.asc
2026-07-29 14:41:50,883 [INFO] Execution startup settle delay: 0.250s before first testcase
2026-07-29 14:41:51,135 [INFO] Drained stale CAN frames on physical sniffer bus
2026-07-29 14:41:51,136 [INFO] Drained stale CAN frames on active sniffer bus
2026-07-29 14:41:51,148 [INFO] Running Test Case: ECU_INFO-21
2026-07-29 14:41:51,150 [INFO] Final CAN drain completed before first testcase ECU_INFO-21
2026-07-29 14:41:51,154 [DEBUG] Starting CanStack
2026-07-29 14:41:51,160 [DEBUG] Main thread has started
2026-07-29 14:41:51,165 [DEBUG] Relay thread has started
2026-07-29 14:41:51,167 [INFO] Connection opened
2026-07-29 14:41:51,168 [INFO] Switched to physical mode for TC: ECU_INFO-21 Step: S/W Version
2026-07-29 14:41:51,169 [INFO] ECU_INFO-21 - S/W Version: SID=0x22, Sub=0xF1B1, Expected=[16, 8, 98, 241, 177, 50, 53, 65, 49, 48, 170, 170, 170, 170, 170, 170]
2026-07-29 14:41:51,227 [INFO] ECU_INFO-21 - S/W Version: Sending request 22F1B1
2026-07-29 14:41:51,228 [INFO] ECU_INFO-21 - S/W Version: Sending request 22F1B1
2026-07-29 14:41:51,229 [DEBUG] Sending 3 bytes : [22f1b1]
2026-07-29 14:41:51,229 [DEBUG] Enqueuing a SendRequest for 3 bytes and TAT=Physical
2026-07-29 14:41:51,231 [DEBUG] Tx: <706> (08) [ ]	 0322f1b100000000
2026-07-29 14:41:51,231 [DEBUG] We've been asked to write a message to the bus
2026-07-29 14:41:51,232 [DEBUG] sending: Timestamp:        0.000000    ID:      706    S Rx     F BS       DL:  8    03 22 f1 b1 00 00 00 00
2026-07-29 14:41:51,285 [WARNING] ECU_INFO-21 - S/W Version: no response; retrying ReadDID attempt 2/3
2026-07-29 14:41:51,540 [INFO] ECU_INFO-21 - S/W Version: Sending request 22F1B1
2026-07-29 14:41:51,587 [DEBUG] Sending 3 bytes : [22f1b1]
2026-07-29 14:41:51,588 [DEBUG] Enqueuing a SendRequest for 3 bytes and TAT=Physical
2026-07-29 14:41:51,589 [DEBUG] Tx: <706> (08) [ ]	 0322f1b100000000
2026-07-29 14:41:51,590 [DEBUG] We've been asked to write a message to the bus
2026-07-29 14:41:51,591 [DEBUG] sending: Timestamp:        0.000000    ID:      706    S Rx     F BS       DL:  8    03 22 f1 b1 00 00 00 00
2026-07-29 14:41:51,739 [INFO] ECU_INFO-21 S/W Version -> Waiting for response (P2=0.15s, P2*=5.0s)
2026-07-29 14:41:51,890 [DEBUG] No data received: [TimeoutException] - Did not receive IsoTP frame from the Transport layer in time (timeout=0.15 sec) 
2026-07-29 14:41:51,992 [WARNING] ECU_INFO-21 - S/W Version: no response; retrying ReadDID attempt 3/3
2026-07-29 14:41:52,243 [INFO] ECU_INFO-21 - S/W Version: Sending request 22F1B1
2026-07-29 14:41:52,243 [DEBUG] Sending 3 bytes : [22f1b1]
2026-07-29 14:41:52,244 [DEBUG] Enqueuing a SendRequest for 3 bytes and TAT=Physical
2026-07-29 14:41:52,245 [DEBUG] Tx: <706> (08) [ ]	 0322f1b100000000
2026-07-29 14:41:52,247 [DEBUG] We've been asked to write a message to the bus
2026-07-29 14:41:52,248 [DEBUG] sending: Timestamp:        0.000000    ID:      706    S Rx     F BS       DL:  8    03 22 f1 b1 00 00 00 00
2026-07-29 14:41:52,395 [INFO] ECU_INFO-21 S/W Version -> Waiting for response (P2=0.15s, P2*=5.0s)
2026-07-29 14:41:52,546 [DEBUG] No data received: [TimeoutException] - Did not receive IsoTP frame from the Transport layer in time (timeout=0.15 sec) 
2026-07-29 14:41:52,648 [WARNING] ECU_INFO-21 - No response received
2026-07-29 14:41:52,649 [DEBUG] Stopping CanStack
2026-07-29 14:41:52,650 [DEBUG] Main thread is exiting
2026-07-29 14:41:52,656 [DEBUG] CanStack Stopped
2026-07-29 14:41:52,657 [INFO] Connection closed
2026-07-29 14:41:52,658 [INFO] Running Test Case: ECU_INFO-22
2026-07-29 14:41:52,659 [DEBUG] Starting CanStack
2026-07-29 14:41:52,661 [DEBUG] Main thread has started
2026-07-29 14:41:52,663 [DEBUG] Relay thread has started
2026-07-29 14:41:52,668 [INFO] Connection opened
2026-07-29 14:41:52,673 [INFO] Switched to physical mode for TC: ECU_INFO-22 Step: Part Number
2026-07-29 14:41:52,676 [INFO] ECU_INFO-22 - Part Number: SID=0x22, Sub=0xF187, Expected=[16, 13, 98, 241, 135, 56, 56, 53, 52, 48, 71, 74, 48, 48, 48, 170, 170]
2026-07-29 14:41:52,732 [INFO] ECU_INFO-22 - Part Number: Sending request 22F187
2026-07-29 14:41:52,733 [INFO] ECU_INFO-22 - Part Number: Sending request 22F187
2026-07-29 14:41:52,735 [DEBUG] Sending 3 bytes : [22f187]
2026-07-29 14:41:52,736 [DEBUG] Enqueuing a SendRequest for 3 bytes and TAT=Physical
2026-07-29 14:41:52,737 [DEBUG] Tx: <706> (08) [ ]	 0322f18700000000
2026-07-29 14:41:52,738 [DEBUG] We've been asked to write a message to the bus
2026-07-29 14:41:52,739 [DEBUG] sending: Timestamp:        0.000000    ID:      706    S Rx     F BS       DL:  8    03 22 f1 87 00 00 00 00
2026-07-29 14:41:52,759 [DEBUG] We've been asked to write a message to the bus
2026-07-29 14:41:52,761 [DEBUG] sending: Timestamp:        0.000000    ID:      706    S Rx     F BS       DL:  8    30 08 0a 00 00 00 00 00
2026-07-29 14:41:52,820 [INFO] ECU_INFO-22 - Received: 62F1873838353430474A303030
2026-07-29 14:41:52,824 [WARNING] ECU_INFO-22 - Part Number -> ❌ FAIL - Expected 100D62F1873838353430474A303030AAAA
2026-07-29 14:41:52,825 [DEBUG] Stopping CanStack
2026-07-29 14:41:52,825 [DEBUG] Main thread is exiting
2026-07-29 14:41:52,836 [DEBUG] CanStack Stopped
2026-07-29 14:41:52,837 [INFO] Connection closed
2026-07-29 14:41:52,839 [INFO] Running Test Case: ECU_INFO-23
2026-07-29 14:41:52,840 [DEBUG] Starting CanStack
2026-07-29 14:41:52,842 [DEBUG] Main thread has started
2026-07-29 14:41:52,843 [DEBUG] Relay thread has started
2026-07-29 14:41:52,845 [INFO] Connection opened
2026-07-29 14:41:52,847 [INFO] Switched to physical mode for TC: ECU_INFO-23 Step: Manufacturing Date
2026-07-29 14:41:52,848 [INFO] ECU_INFO-23 - Manufacturing Date: SID=0x22, Sub=0xF18B, Expected=[16, 8, 98, 241, 139, 32, 37, 16, 21, 170, 170, 170, 170, 170]
2026-07-29 14:41:52,916 [INFO] ECU_INFO-23 - Manufacturing Date: Sending request 22F18B
2026-07-29 14:41:52,917 [INFO] ECU_INFO-23 - Manufacturing Date: Sending request 22F18B
2026-07-29 14:41:52,918 [DEBUG] Sending 3 bytes : [22f18b]
2026-07-29 14:41:52,919 [DEBUG] Enqueuing a SendRequest for 3 bytes and TAT=Physical
2026-07-29 14:41:52,920 [DEBUG] Tx: <706> (08) [ ]	 0322f18b00000000
2026-07-29 14:41:52,922 [DEBUG] We've been asked to write a message to the bus
2026-07-29 14:41:52,923 [DEBUG] sending: Timestamp:        0.000000    ID:      706    S Rx     F BS       DL:  8    03 22 f1 8b 00 00 00 00
2026-07-29 14:41:52,957 [DEBUG] Rx: <70E> (08) [p]	 100962ed90f00000
2026-07-29 14:41:52,961 [DEBUG] Tx: <706> (08) [ ]	 30080a0000000000
2026-07-29 14:41:52,963 [DEBUG] We've been asked to write a message to the bus
2026-07-29 14:41:52,964 [DEBUG] sending: Timestamp:        0.000000    ID:      706    S Rx     F BS       DL:  8    30 08 0a 00 00 00 00 00
2026-07-29 14:41:52,967 [DEBUG] TxState=IDLE - RxState=WAIT_CF
2026-07-29 14:41:52,970 [DEBUG] Rx: <70E> (08) [p]	 21000800aaaaaaaa
2026-07-29 14:41:52,973 [DEBUG] Rx: <70E> (08) [p]	 037f2213aaaaaaaa
2026-07-29 14:41:52,975 [DEBUG] Rx: <70E> (08) [p]	 065001003201f4aa
2026-07-29 14:41:52,977 [DEBUG] Rx: <70E> (08) [p]	 065001003201f4aa
2026-07-29 14:41:52,979 [DEBUG] Rx: <70E> (08) [p]	 07590209a7130008
2026-07-29 14:41:52,981 [WARNING] ECU_INFO-23 - Manufacturing Date: no response; retrying ReadDID attempt 2/3
2026-07-29 14:41:52,983 [DEBUG] Rx: <70E> (08) [p]	 07590209a7130008
2026-07-29 14:41:52,987 [DEBUG] Rx: <70E> (08) [p]	 037f1078aaaaaaaa
2026-07-29 14:41:52,991 [DEBUG] Rx: <70E> (08) [p]	 065002003201f4aa
2026-07-29 14:41:52,996 [DEBUG] Rx: <70E> (08) [p]	 037f1911aaaaaaaa
2026-07-29 14:41:53,000 [DEBUG] Rx: <70E> (08) [p]	 037f1911aaaaaaaa
2026-07-29 14:41:53,004 [DEBUG] Rx: <70E> (08) [p]	 037f1911aaaaaaaa
2026-07-29 14:41:53,005 [DEBUG] Rx: <70E> (08) [p]	 037f1411aaaaaaaa
2026-07-29 14:41:53,006 [DEBUG] Rx: <70E> (08) [p]	 037f1411aaaaaaaa
2026-07-29 14:41:53,007 [DEBUG] Rx: <70E> (08) [p]	 037f1411aaaaaaaa
2026-07-29 14:41:53,008 [DEBUG] Rx: <70E> (08) [p]	 100a67115005a124
2026-07-29 14:41:53,009 [DEBUG] Tx: <706> (08) [ ]	 30080a0000000000
2026-07-29 14:41:53,009 [DEBUG] We've been asked to write a message to the bus
2026-07-29 14:41:53,010 [DEBUG] sending: Timestamp:        0.000000    ID:      706    S Rx     F BS       DL:  8    30 08 0a 00 00 00 00 00
2026-07-29 14:41:53,011 [DEBUG] Rx: <70E> (08) [p]	 218a495255aaaaaa
2026-07-29 14:41:53,065 [DEBUG] TxState=IDLE - RxState=IDLE
2026-07-29 14:41:53,235 [INFO] ECU_INFO-23 - Manufacturing Date: Sending request 22F18B
2026-07-29 14:41:53,236 [DEBUG] Sending 3 bytes : [22f18b]
2026-07-29 14:41:53,237 [DEBUG] Enqueuing a SendRequest for 3 bytes and TAT=Physical
2026-07-29 14:41:53,239 [DEBUG] Tx: <706> (08) [ ]	 0322f18b00000000
2026-07-29 14:41:53,240 [DEBUG] We've been asked to write a message to the bus
2026-07-29 14:41:53,241 [DEBUG] sending: Timestamp:        0.000000    ID:      706    S Rx     F BS       DL:  8    03 22 f1 8b 00 00 00 00
2026-07-29 14:41:53,269 [INFO] ECU_INFO-23 Manufacturing Date -> Response shorter than expected (7/8). Waiting for remaining payload.
2026-07-29 14:41:53,270 [DEBUG] Received 9 bytes : [62ed90f00000000800]
2026-07-29 14:41:53,321 [INFO] ECU_INFO-23 - Received: 62F18B2025101562
2026-07-29 14:41:53,322 [WARNING] ECU_INFO-23 - Manufacturing Date -> ❌ FAIL - Expected 100862F18B20251015AAAAAAAAAA
2026-07-29 14:41:53,322 [DEBUG] Stopping CanStack
2026-07-29 14:41:53,324 [DEBUG] Main thread is exiting
2026-07-29 14:41:53,329 [DEBUG] CanStack Stopped
2026-07-29 14:41:53,330 [INFO] Connection closed
2026-07-29 14:41:53,331 [INFO] Running Test Case: ECU_INFO-24
2026-07-29 14:41:53,332 [DEBUG] Starting CanStack
2026-07-29 14:41:53,334 [DEBUG] Main thread has started
2026-07-29 14:41:53,336 [DEBUG] Relay thread has started
2026-07-29 14:41:53,339 [INFO] Connection opened
2026-07-29 14:41:53,341 [INFO] Switched to physical mode for TC: ECU_INFO-24 Step: ECU_Serial Number
2026-07-29 14:41:53,344 [INFO] ECU_INFO-24 - ECU_Serial Number: SID=0x22, Sub=0xF18C, Expected=[16, 13, 98, 241, 140, 48, 48, 48, 48, 48, 48, 48, 48, 53, 48, 170, 170]
2026-07-29 14:41:53,426 [INFO] ECU_INFO-24 - ECU_Serial Number: Sending request 22F18C
2026-07-29 14:41:53,427 [INFO] ECU_INFO-24 - ECU_Serial Number: Sending request 22F18C
2026-07-29 14:41:53,428 [DEBUG] Sending 3 bytes : [22f18c]
2026-07-29 14:41:53,433 [DEBUG] Enqueuing a SendRequest for 3 bytes and TAT=Physical
2026-07-29 14:41:53,439 [DEBUG] Tx: <706> (08) [ ]	 0322f18c00000000
2026-07-29 14:41:53,443 [DEBUG] We've been asked to write a message to the bus
2026-07-29 14:41:53,445 [DEBUG] sending: Timestamp:        0.000000    ID:      706    S Rx     F BS       DL:  8    03 22 f1 8c 00 00 00 00
2026-07-29 14:41:53,468 [DEBUG] We've been asked to write a message to the bus
2026-07-29 14:41:53,470 [DEBUG] sending: Timestamp:        0.000000    ID:      706    S Rx     F BS       DL:  8    30 08 0a 00 00 00 00 00
2026-07-29 14:41:53,529 [INFO] ECU_INFO-24 - Received: 62F18C30303030303030303530
2026-07-29 14:41:53,535 [WARNING] ECU_INFO-24 - ECU_Serial Number -> ❌ FAIL - Expected 100D62F18C30303030303030303530AAAA
2026-07-29 14:41:53,538 [DEBUG] Stopping CanStack
2026-07-29 14:41:53,539 [DEBUG] Main thread is exiting
2026-07-29 14:41:53,556 [DEBUG] CanStack Stopped
2026-07-29 14:41:53,557 [INFO] Connection closed
2026-07-29 14:41:53,559 [INFO] Running Test Case: ECU_INFO-25
2026-07-29 14:41:53,560 [DEBUG] Starting CanStack
2026-07-29 14:41:53,562 [DEBUG] Main thread has started
2026-07-29 14:41:53,565 [DEBUG] Relay thread has started
2026-07-29 14:41:53,568 [INFO] Connection opened
2026-07-29 14:41:53,573 [INFO] Switched to physical mode for TC: ECU_INFO-25 Step: H/W Version
2026-07-29 14:41:53,577 [INFO] ECU_INFO-25 - H/W Version: SID=0x22, Sub=0xF193, Expected=[16, 8, 98, 241, 147, 67, 46, 48, 48, 170, 170, 170, 170, 170]
2026-07-29 14:41:53,635 [INFO] ECU_INFO-25 - H/W Version: Sending request 22F193
2026-07-29 14:41:53,636 [INFO] ECU_INFO-25 - H/W Version: Sending request 22F193
2026-07-29 14:41:53,637 [DEBUG] Sending 3 bytes : [22f193]
2026-07-29 14:41:53,639 [DEBUG] Enqueuing a SendRequest for 3 bytes and TAT=Physical
2026-07-29 14:41:53,641 [DEBUG] Tx: <706> (08) [ ]	 0322f19300000000
2026-07-29 14:41:53,643 [DEBUG] We've been asked to write a message to the bus
2026-07-29 14:41:53,644 [DEBUG] sending: Timestamp:        0.000000    ID:      706    S Rx     F BS       DL:  8    03 22 f1 93 00 00 00 00
2026-07-29 14:41:53,672 [INFO] ECU_INFO-25 H/W Version -> Response shorter than expected (7/8). Waiting for remaining payload.
2026-07-29 14:41:55,717 [DEBUG] Rx: <70E> (08) [p]	 100862f1b1323541
2026-07-29 14:41:55,719 [DEBUG] Tx: <706> (08) [ ]	 30080a0000000000
2026-07-29 14:41:55,720 [DEBUG] We've been asked to write a message to the bus
2026-07-29 14:41:55,721 [DEBUG] sending: Timestamp:        0.000000    ID:      706    S Rx     F BS       DL:  8    30 08 0a 00 00 00 00 00
2026-07-29 14:41:55,726 [DEBUG] TxState=IDLE - RxState=WAIT_CF
2026-07-29 14:41:55,730 [DEBUG] Rx: <70E> (08) [p]	 100d62f187383835
2026-07-29 14:41:55,731 [WARNING] Reception of IsoTP frame interrupted with a new FirstFrame
2026-07-29 14:41:55,734 [DEBUG] Tx: <706> (08) [ ]	 30080a0000000000
2026-07-29 14:41:55,738 [DEBUG] We've been asked to write a message to the bus
2026-07-29 14:41:55,742 [DEBUG] sending: Timestamp:        0.000000    ID:      706    S Rx     F BS       DL:  8    30 08 0a 00 00 00 00 00
2026-07-29 14:41:55,748 [DEBUG] Rx: <70E> (08) [p]	 213430474a303030
2026-07-29 14:41:55,750 [DEBUG] Rx: <70E> (08) [p]	 0762f18b20251015
2026-07-29 14:41:55,751 [DEBUG] Received 13 bytes : [62f1873838353430474a303030]
2026-07-29 14:41:55,752 [DEBUG] Rx: <70E> (08) [p]	 0762f18b20251015
2026-07-29 14:41:55,753 [DEBUG] Rx: <70E> (08) [p]	 100d62f18c303030
2026-07-29 14:41:55,755 [DEBUG] Tx: <706> (08) [ ]	 30080a0000000000
2026-07-29 14:41:55,756 [DEBUG] We've been asked to write a message to the bus
2026-07-29 14:41:55,756 [DEBUG] sending: Timestamp:        0.000000    ID:      706    S Rx     F BS       DL:  8    30 08 0a 00 00 00 00 00
2026-07-29 14:41:55,758 [DEBUG] Rx: <70E> (08) [p]	 2130303030303530
2026-07-29 14:41:55,760 [DEBUG] Rx: <70E> (08) [p]	 0762f193432e3030
2026-07-29 14:41:55,803 [INFO] ECU_INFO-25 - Received: 62F193432E303062
2026-07-29 14:41:55,804 [WARNING] ECU_INFO-25 - H/W Version -> ❌ FAIL - Expected 100862F193432E3030AAAAAAAAAA
2026-07-29 14:41:55,805 [DEBUG] Stopping CanStack
2026-07-29 14:41:55,806 [DEBUG] TxState=IDLE - RxState=IDLE
2026-07-29 14:41:55,808 [DEBUG] Main thread is exiting
2026-07-29 14:41:55,832 [DEBUG] CanStack Stopped
2026-07-29 14:41:55,835 [INFO] Connection closed
2026-07-29 14:41:55,839 [INFO] Running Test Case: PC_ID-023
2026-07-29 14:41:55,843 [DEBUG] Starting CanStack
2026-07-29 14:41:55,846 [DEBUG] Main thread has started
2026-07-29 14:41:55,847 [DEBUG] Relay thread has started
2026-07-29 14:41:55,848 [INFO] Connection opened
2026-07-29 14:41:55,849 [INFO] Switched to physical mode for TC: PC_ID-023 Step: Start default session
2026-07-29 14:41:55,849 [INFO] PC_ID-023 - Start default session: SID=0x10, Sub=0x01, Expected=[6, 80, 1, 0, 50, 1, 244, 170]
2026-07-29 14:41:55,913 [INFO] PC_ID-023 - Start default session: Sending 1001
2026-07-29 14:41:55,971 [INFO] PC_ID-023 - Start default session: Sending request 1001
2026-07-29 14:41:55,972 [DEBUG] Sending 2 bytes : [1001]
2026-07-29 14:41:55,973 [DEBUG] Enqueuing a SendRequest for 2 bytes and TAT=Physical
2026-07-29 14:41:55,974 [DEBUG] Tx: <706> (08) [ ]	 0210010000000000
2026-07-29 14:41:55,975 [DEBUG] We've been asked to write a message to the bus
2026-07-29 14:41:55,975 [DEBUG] sending: Timestamp:        0.000000    ID:      706    S Rx     F BS       DL:  8    02 10 01 00 00 00 00 00
2026-07-29 14:41:56,002 [INFO] PC_ID-023 - Received: 5001003201F4
2026-07-29 14:41:56,007 [WARNING] PC_ID-023 - Start default session -> FAIL - Unexpected response
2026-07-29 14:41:56,009 [DEBUG] Rx: <70E> (08) [p]	 065001003201f4aa
2026-07-29 14:41:56,010 [DEBUG] Stopping CanStack
2026-07-29 14:41:56,011 [DEBUG] Main thread is exiting
2026-07-29 14:41:56,057 [DEBUG] CanStack Stopped
2026-07-29 14:41:56,059 [INFO] Connection closed
2026-07-29 14:41:56,060 [INFO] Running Test Case: TC_ID-740
2026-07-29 14:41:56,061 [DEBUG] Starting CanStack
2026-07-29 14:41:56,064 [DEBUG] Main thread has started
2026-07-29 14:41:56,065 [DEBUG] Relay thread has started
2026-07-29 14:41:56,070 [INFO] Connection opened
2026-07-29 14:41:56,071 [INFO] Switched to physical mode for TC: TC_ID-740 Step: PreCondition: PC_ID-023  Testcase:RX_SWIN_F1_EF_Read(Defaultsession)
2026-07-29 14:41:56,073 [INFO] TC_ID-740 - PreCondition: PC_ID-023  Testcase:RX_SWIN_F1_EF_Read(Defaultsession): SID=0x22, Sub=0xF1EF, Expected=[16, 43, 98, 241, 239, 7, 6, 11, 82, 49, 48, 32, 66, 74, 49, 47, 49, 47, 48, 12, 82, 49, 53, 53, 32, 66, 74, 49, 47, 49, 47, 48, 12, 82, 49, 53, 54, 32, 66, 74, 49, 47, 49, 47, 48, 170, 170, 170, 170, 170]
2026-07-29 14:41:56,164 [INFO] TC_ID-740 - PreCondition: PC_ID-023  Testcase:RX_SWIN_F1_EF_Read(Defaultsession): Sending request 22F1EF
2026-07-29 14:41:56,165 [INFO] TC_ID-740 - PreCondition: PC_ID-023  Testcase:RX_SWIN_F1_EF_Read(Defaultsession): Sending request 22F1EF
2026-07-29 14:41:56,165 [DEBUG] Sending 3 bytes : [22f1ef]
2026-07-29 14:41:56,166 [DEBUG] Enqueuing a SendRequest for 3 bytes and TAT=Physical
2026-07-29 14:41:56,167 [DEBUG] Tx: <706> (08) [ ]	 0322f1ef00000000
2026-07-29 14:41:56,168 [DEBUG] We've been asked to write a message to the bus
2026-07-29 14:41:56,168 [DEBUG] sending: Timestamp:        0.000000    ID:      706    S Rx     F BS       DL:  8    03 22 f1 ef 00 00 00 00
2026-07-29 14:41:56,188 [DEBUG] We've been asked to write a message to the bus
2026-07-29 14:41:56,189 [DEBUG] sending: Timestamp:        0.000000    ID:      706    S Rx     F BS       DL:  8    30 08 0a 00 00 00 00 00
2026-07-29 14:41:56,190 [DEBUG] Rx: <70E> (08) [p]	 102b62f1ef07060b
2026-07-29 14:41:56,192 [DEBUG] Tx: <706> (08) [ ]	 30080a0000000000
2026-07-29 14:41:56,195 [DEBUG] We've been asked to write a message to the bus
2026-07-29 14:41:56,195 [DEBUG] sending: Timestamp:        0.000000    ID:      706    S Rx     F BS       DL:  8    30 08 0a 00 00 00 00 00
2026-07-29 14:41:56,197 [DEBUG] TxState=IDLE - RxState=WAIT_CF
2026-07-29 14:41:56,199 [DEBUG] Rx: <70E> (08) [p]	 2152313020424a31
2026-07-29 14:41:56,209 [DEBUG] Rx: <70E> (08) [p]	 222f312f300c5231
2026-07-29 14:41:56,228 [DEBUG] Rx: <70E> (08) [p]	 23353520424a312f
2026-07-29 14:41:56,240 [DEBUG] Rx: <70E> (08) [p]	 24312f300c523135
2026-07-29 14:41:56,255 [DEBUG] Rx: <70E> (08) [p]	 253620424a312f31
2026-07-29 14:41:56,272 [DEBUG] Rx: <70E> (08) [p]	 262f30aaaaaaaaaa
2026-07-29 14:41:56,320 [INFO] TC_ID-740 - Received: 62F1EF07060B52313020424A312F312F300C5231353520424A312F312F300C5231353620424A312F312F30
2026-07-29 14:41:56,321 [WARNING] TC_ID-740 - PreCondition: PC_ID-023  Testcase:RX_SWIN_F1_EF_Read(Defaultsession) -> ❌ FAIL - Expected 102B62F1EF07060B52313020424A312F312F300C5231353520424A312F312F300C5231353620424A312F312F30AAAAAAAAAA
2026-07-29 14:41:56,322 [DEBUG] Stopping CanStack
2026-07-29 14:41:56,323 [DEBUG] TxState=IDLE - RxState=IDLE
2026-07-29 14:41:56,324 [DEBUG] Main thread is exiting
2026-07-29 14:41:56,373 [DEBUG] CanStack Stopped
2026-07-29 14:41:56,375 [INFO] Connection closed
2026-07-29 14:41:56,376 [INFO] Running Test Case: TC_ID-741
2026-07-29 14:41:56,377 [DEBUG] Starting CanStack
2026-07-29 14:41:56,379 [DEBUG] Main thread has started
2026-07-29 14:41:56,381 [DEBUG] Relay thread has started
2026-07-29 14:41:56,383 [INFO] Connection opened
2026-07-29 14:41:56,384 [INFO] Switched to physical mode for TC: TC_ID-741 Step: PreCondition: PC_ID-023  Testcase:Verify incorrect msg length NRC for RXSWIN version information (22 F1 EF 02)
2026-07-29 14:41:56,385 [INFO] TC_ID-741 - PreCondition: PC_ID-023  Testcase:Verify incorrect msg length NRC for RXSWIN version information (22 F1 EF 02): SID=0x22, Sub=0xF1EF02, Expected=[3, 127, 34, 19, 170, 170, 170, 170]
2026-07-29 14:41:56,492 [INFO] TC_ID-741 - PreCondition: PC_ID-023  Testcase:Verify incorrect msg length NRC for RXSWIN version information (22 F1 EF 02): Sending request 22F1EF02
2026-07-29 14:41:56,493 [INFO] TC_ID-741 - PreCondition: PC_ID-023  Testcase:Verify incorrect msg length NRC for RXSWIN version information (22 F1 EF 02): Sending request 22F1EF02
2026-07-29 14:41:56,493 [DEBUG] Sending 4 bytes : [22f1ef02]
2026-07-29 14:41:56,494 [DEBUG] Enqueuing a SendRequest for 4 bytes and TAT=Physical
2026-07-29 14:41:56,495 [DEBUG] Tx: <706> (08) [ ]	 0422f1ef02000000
2026-07-29 14:41:56,496 [DEBUG] We've been asked to write a message to the bus
2026-07-29 14:41:56,496 [DEBUG] sending: Timestamp:        0.000000    ID:      706    S Rx     F BS       DL:  8    04 22 f1 ef 02 00 00 00
2026-07-29 14:41:56,521 [DEBUG] Rx: <70E> (08) [p]	 037f2213aaaaaaaa
2026-07-29 14:41:56,569 [INFO] TC_ID-741 - Received: 7F2213
2026-07-29 14:41:56,573 [WARNING] TC_ID-741 - PreCondition: PC_ID-023  Testcase:Verify incorrect msg length NRC for RXSWIN version information (22 F1 EF 02) -> ❌ FAIL - Expected 037F2213AAAAAAAA
2026-07-29 14:41:56,578 [DEBUG] Stopping CanStack
2026-07-29 14:41:56,580 [DEBUG] Main thread is exiting
2026-07-29 14:41:56,623 [DEBUG] CanStack Stopped
2026-07-29 14:41:56,624 [INFO] Connection closed
2026-07-29 14:41:56,625 [INFO] Running Test Case: TC_ID-742
2026-07-29 14:41:56,625 [DEBUG] Starting CanStack
2026-07-29 14:41:56,627 [DEBUG] Main thread has started
2026-07-29 14:41:56,628 [DEBUG] Relay thread has started
2026-07-29 14:41:56,630 [INFO] Connection opened
2026-07-29 14:41:56,631 [INFO] Switched to physical mode for TC: TC_ID-742 Step: PreCondition: PC_ID-023  Testcase:Vehicle_Manufacturer_Spare_Part_Number_F1_87_Read(Defaultsession)
2026-07-29 14:41:56,632 [INFO] TC_ID-742 - PreCondition: PC_ID-023  Testcase:Vehicle_Manufacturer_Spare_Part_Number_F1_87_Read(Defaultsession): SID=0x22, Sub=0xF187, Expected=[16, 13, 98, 241, 135, 56, 56, 53, 52, 48, 71, 74, 48, 48, 48, 170, 170]
2026-07-29 14:41:56,739 [INFO] TC_ID-742 - PreCondition: PC_ID-023  Testcase:Vehicle_Manufacturer_Spare_Part_Number_F1_87_Read(Defaultsession): Sending request 22F187
2026-07-29 14:41:56,740 [INFO] TC_ID-742 - PreCondition: PC_ID-023  Testcase:Vehicle_Manufacturer_Spare_Part_Number_F1_87_Read(Defaultsession): Sending request 22F187
2026-07-29 14:41:56,740 [DEBUG] Sending 3 bytes : [22f187]
2026-07-29 14:41:56,742 [DEBUG] Enqueuing a SendRequest for 3 bytes and TAT=Physical
2026-07-29 14:41:56,744 [DEBUG] Tx: <706> (08) [ ]	 0322f18700000000
2026-07-29 14:41:56,745 [DEBUG] We've been asked to write a message to the bus
2026-07-29 14:41:56,746 [DEBUG] sending: Timestamp:        0.000000    ID:      706    S Rx     F BS       DL:  8    03 22 f1 87 00 00 00 00
2026-07-29 14:41:56,770 [DEBUG] We've been asked to write a message to the bus
2026-07-29 14:41:56,772 [DEBUG] Rx: <70E> (08) [p]	 100d62f187383835
2026-07-29 14:41:56,773 [DEBUG] sending: Timestamp:        0.000000    ID:      706    S Rx     F BS       DL:  8    30 08 0a 00 00 00 00 00
2026-07-29 14:41:56,775 [DEBUG] Tx: <706> (08) [ ]	 30080a0000000000
2026-07-29 14:41:56,778 [DEBUG] We've been asked to write a message to the bus
2026-07-29 14:41:56,780 [DEBUG] sending: Timestamp:        0.000000    ID:      706    S Rx     F BS       DL:  8    30 08 0a 00 00 00 00 00
2026-07-29 14:41:56,782 [DEBUG] TxState=IDLE - RxState=WAIT_CF
2026-07-29 14:41:56,786 [DEBUG] Rx: <70E> (08) [p]	 213430474a303030
2026-07-29 14:41:56,836 [INFO] TC_ID-742 - Received: 62F1873838353430474A303030
2026-07-29 14:41:56,837 [WARNING] TC_ID-742 - PreCondition: PC_ID-023  Testcase:Vehicle_Manufacturer_Spare_Part_Number_F1_87_Read(Defaultsession) -> ❌ FAIL - Expected 100D62F1873838353430474A303030AAAA
2026-07-29 14:41:56,838 [DEBUG] Stopping CanStack
2026-07-29 14:41:56,840 [DEBUG] TxState=IDLE - RxState=IDLE
2026-07-29 14:41:56,841 [DEBUG] Main thread is exiting
2026-07-29 14:41:56,887 [DEBUG] CanStack Stopped
2026-07-29 14:41:56,888 [INFO] Connection closed
2026-07-29 14:41:56,889 [INFO] Running Test Case: TC_ID-743
2026-07-29 14:41:56,890 [DEBUG] Starting CanStack
2026-07-29 14:41:56,895 [DEBUG] Main thread has started
2026-07-29 14:41:56,900 [DEBUG] Relay thread has started
2026-07-29 14:41:56,905 [INFO] Connection opened
2026-07-29 14:41:56,907 [INFO] Switched to physical mode for TC: TC_ID-743 Step: PreCondition: PC_ID-023  Testcase:Verify incorrect msg length NRC for Part number information (22 F1 87 01)
2026-07-29 14:41:56,907 [INFO] TC_ID-743 - PreCondition: PC_ID-023  Testcase:Verify incorrect msg length NRC for Part number information (22 F1 87 01): SID=0x22, Sub=0xF18701, Expected=[3, 127, 34, 19, 170, 170, 170, 170]
2026-07-29 14:41:57,008 [INFO] TC_ID-743 - PreCondition: PC_ID-023  Testcase:Verify incorrect msg length NRC for Part number information (22 F1 87 01): Sending request 22F18701
2026-07-29 14:41:57,009 [INFO] TC_ID-743 - PreCondition: PC_ID-023  Testcase:Verify incorrect msg length NRC for Part number information (22 F1 87 01): Sending request 22F18701
2026-07-29 14:41:57,010 [DEBUG] Sending 4 bytes : [22f18701]
2026-07-29 14:41:57,011 [DEBUG] Enqueuing a SendRequest for 4 bytes and TAT=Physical
2026-07-29 14:41:57,013 [DEBUG] Tx: <706> (08) [ ]	 0422f18701000000
2026-07-29 14:41:57,015 [DEBUG] We've been asked to write a message to the bus
2026-07-29 14:41:57,016 [DEBUG] sending: Timestamp:        0.000000    ID:      706    S Rx     F BS       DL:  8    04 22 f1 87 01 00 00 00
2026-07-29 14:41:57,040 [DEBUG] Rx: <70E> (08) [p]	 037f2213aaaaaaaa
2026-07-29 14:41:57,090 [INFO] TC_ID-743 - Received: 7F2213
2026-07-29 14:41:57,091 [WARNING] TC_ID-743 - PreCondition: PC_ID-023  Testcase:Verify incorrect msg length NRC for Part number information (22 F1 87 01) -> ❌ FAIL - Expected 037F2213AAAAAAAA
2026-07-29 14:41:57,093 [DEBUG] Stopping CanStack
2026-07-29 14:41:57,095 [DEBUG] Main thread is exiting
2026-07-29 14:41:57,142 [DEBUG] CanStack Stopped
2026-07-29 14:41:57,143 [INFO] Connection closed
2026-07-29 14:41:57,144 [INFO] Running Test Case: TC_ID-744
2026-07-29 14:41:57,145 [DEBUG] Starting CanStack
2026-07-29 14:41:57,147 [DEBUG] Main thread has started
2026-07-29 14:41:57,149 [DEBUG] Relay thread has started
2026-07-29 14:41:57,151 [INFO] Connection opened
2026-07-29 14:41:57,152 [INFO] Switched to physical mode for TC: TC_ID-744 Step: PreCondition: PC_ID-023  Testcase:Manufacturing_F1_8B_Read(Defaultsession)
2026-07-29 14:41:57,154 [INFO] TC_ID-744 - PreCondition: PC_ID-023  Testcase:Manufacturing_F1_8B_Read(Defaultsession): SID=0x22, Sub=0xF18B, Expected=[7, 98, 241, 139, 32, 37, 16, 21]
2026-07-29 14:41:57,264 [INFO] TC_ID-744 - PreCondition: PC_ID-023  Testcase:Manufacturing_F1_8B_Read(Defaultsession): Sending request 22F18B
2026-07-29 14:41:57,265 [INFO] TC_ID-744 - PreCondition: PC_ID-023  Testcase:Manufacturing_F1_8B_Read(Defaultsession): Sending request 22F18B
2026-07-29 14:41:57,266 [DEBUG] Sending 3 bytes : [22f18b]
2026-07-29 14:41:57,267 [DEBUG] Enqueuing a SendRequest for 3 bytes and TAT=Physical
2026-07-29 14:41:57,269 [DEBUG] Tx: <706> (08) [ ]	 0322f18b00000000
2026-07-29 14:41:57,271 [DEBUG] We've been asked to write a message to the bus
2026-07-29 14:41:57,272 [DEBUG] sending: Timestamp:        0.000000    ID:      706    S Rx     F BS       DL:  8    03 22 f1 8b 00 00 00 00
2026-07-29 14:41:57,299 [DEBUG] Rx: <70E> (08) [p]	 0762f18b20251015
2026-07-29 14:41:57,351 [INFO] TC_ID-744 - Received: 62F18B20251015
2026-07-29 14:41:57,352 [WARNING] TC_ID-744 - PreCondition: PC_ID-023  Testcase:Manufacturing_F1_8B_Read(Defaultsession) -> ❌ FAIL - Expected 0762F18B20251015
2026-07-29 14:41:57,353 [DEBUG] Stopping CanStack
2026-07-29 14:41:57,354 [DEBUG] Main thread is exiting
2026-07-29 14:41:57,401 [DEBUG] CanStack Stopped
2026-07-29 14:41:57,402 [INFO] Connection closed
2026-07-29 14:41:57,403 [INFO] Running Test Case: TC_ID-745
2026-07-29 14:41:57,404 [DEBUG] Starting CanStack
2026-07-29 14:41:57,406 [DEBUG] Main thread has started
2026-07-29 14:41:57,407 [DEBUG] Relay thread has started
2026-07-29 14:41:57,409 [INFO] Connection opened
2026-07-29 14:41:57,410 [INFO] Switched to physical mode for TC: TC_ID-745 Step: PreCondition: PC_ID-023  Testcase:Verify incorrect msg length NRC for Manufacturing date information (22 F1 8B 02)
2026-07-29 14:41:57,412 [INFO] TC_ID-745 - PreCondition: PC_ID-023  Testcase:Verify incorrect msg length NRC for Manufacturing date information (22 F1 8B 02): SID=0x22, Sub=0xF18B02, Expected=[3, 127, 34, 19, 170, 170, 170, 170]
2026-07-29 14:41:57,518 [INFO] TC_ID-745 - PreCondition: PC_ID-023  Testcase:Verify incorrect msg length NRC for Manufacturing date information (22 F1 8B 02): Sending request 22F18B02
2026-07-29 14:41:57,519 [INFO] TC_ID-745 - PreCondition: PC_ID-023  Testcase:Verify incorrect msg length NRC for Manufacturing date information (22 F1 8B 02): Sending request 22F18B02
2026-07-29 14:41:57,520 [DEBUG] Sending 4 bytes : [22f18b02]
2026-07-29 14:41:57,521 [DEBUG] Enqueuing a SendRequest for 4 bytes and TAT=Physical
2026-07-29 14:41:57,523 [DEBUG] Tx: <706> (08) [ ]	 0422f18b02000000
2026-07-29 14:41:57,524 [DEBUG] We've been asked to write a message to the bus
2026-07-29 14:41:57,525 [DEBUG] sending: Timestamp:        0.000000    ID:      706    S Rx     F BS       DL:  8    04 22 f1 8b 02 00 00 00
2026-07-29 14:41:57,550 [DEBUG] Rx: <70E> (08) [p]	 037f2213aaaaaaaa
2026-07-29 14:41:57,599 [INFO] TC_ID-745 - Received: 7F2213
2026-07-29 14:41:57,602 [WARNING] TC_ID-745 - PreCondition: PC_ID-023  Testcase:Verify incorrect msg length NRC for Manufacturing date information (22 F1 8B 02) -> ❌ FAIL - Expected 037F2213AAAAAAAA
2026-07-29 14:41:57,603 [DEBUG] Stopping CanStack
2026-07-29 14:41:57,605 [DEBUG] Main thread is exiting
2026-07-29 14:41:57,651 [DEBUG] CanStack Stopped
2026-07-29 14:41:57,652 [INFO] Connection closed
2026-07-29 14:41:57,653 [INFO] Running Test Case: TC_ID-746
2026-07-29 14:41:57,654 [DEBUG] Starting CanStack
2026-07-29 14:41:57,656 [DEBUG] Main thread has started
2026-07-29 14:41:57,658 [DEBUG] Relay thread has started
2026-07-29 14:41:57,660 [INFO] Connection opened
2026-07-29 14:41:57,661 [INFO] Switched to physical mode for TC: TC_ID-746 Step: PreCondition: PC_ID-023  Testcase:ECU_Serial_Number_F1_8C_Read(Defaultsession)
2026-07-29 14:41:57,662 [INFO] TC_ID-746 - PreCondition: PC_ID-023  Testcase:ECU_Serial_Number_F1_8C_Read(Defaultsession): SID=0x22, Sub=0xF18C, Expected=[16, 13, 98, 241, 140, 48, 48, 48, 48, 48, 48, 48, 48, 53, 48, 170, 170]
2026-07-29 14:41:57,761 [INFO] TC_ID-746 - PreCondition: PC_ID-023  Testcase:ECU_Serial_Number_F1_8C_Read(Defaultsession): Sending request 22F18C
2026-07-29 14:41:57,762 [INFO] TC_ID-746 - PreCondition: PC_ID-023  Testcase:ECU_Serial_Number_F1_8C_Read(Defaultsession): Sending request 22F18C
2026-07-29 14:41:57,763 [DEBUG] Sending 3 bytes : [22f18c]
2026-07-29 14:41:57,763 [DEBUG] Enqueuing a SendRequest for 3 bytes and TAT=Physical
2026-07-29 14:41:57,764 [DEBUG] Tx: <706> (08) [ ]	 0322f18c00000000
2026-07-29 14:41:57,765 [DEBUG] We've been asked to write a message to the bus
2026-07-29 14:41:57,765 [DEBUG] sending: Timestamp:        0.000000    ID:      706    S Rx     F BS       DL:  8    03 22 f1 8c 00 00 00 00
2026-07-29 14:41:57,789 [DEBUG] We've been asked to write a message to the bus
2026-07-29 14:41:57,792 [DEBUG] sending: Timestamp:        0.000000    ID:      706    S Rx     F BS       DL:  8    30 08 0a 00 00 00 00 00
2026-07-29 14:41:57,795 [DEBUG] Rx: <70E> (08) [p]	 100d62f18c303030
2026-07-29 14:41:57,809 [DEBUG] Tx: <706> (08) [ ]	 30080a0000000000
2026-07-29 14:41:57,810 [DEBUG] We've been asked to write a message to the bus
2026-07-29 14:41:57,812 [DEBUG] sending: Timestamp:        0.000000    ID:      706    S Rx     F BS       DL:  8    30 08 0a 00 00 00 00 00
2026-07-29 14:41:57,814 [DEBUG] TxState=IDLE - RxState=WAIT_CF
2026-07-29 14:41:57,816 [DEBUG] Rx: <70E> (08) [p]	 2130303030303530
2026-07-29 14:41:57,858 [INFO] TC_ID-746 - Received: 62F18C30303030303030303530
2026-07-29 14:41:57,859 [WARNING] TC_ID-746 - PreCondition: PC_ID-023  Testcase:ECU_Serial_Number_F1_8C_Read(Defaultsession) -> ❌ FAIL - Expected 100D62F18C30303030303030303530AAAA
2026-07-29 14:41:57,860 [DEBUG] Stopping CanStack
2026-07-29 14:41:57,861 [DEBUG] TxState=IDLE - RxState=IDLE
2026-07-29 14:41:57,862 [DEBUG] Main thread is exiting
2026-07-29 14:41:57,864 [DEBUG] CanStack Stopped
2026-07-29 14:41:57,865 [INFO] Connection closed
2026-07-29 14:41:57,867 [INFO] Running Test Case: TC_ID-747
2026-07-29 14:41:57,868 [DEBUG] Starting CanStack
2026-07-29 14:41:57,870 [DEBUG] Main thread has started
2026-07-29 14:41:57,871 [DEBUG] Relay thread has started
2026-07-29 14:41:57,872 [INFO] Connection opened
2026-07-29 14:41:57,873 [INFO] Switched to physical mode for TC: TC_ID-747 Step: PreCondition: PC_ID-023  Testcase:Vehicle_Manufacturer_ECU_HW_Number_F1_91_Read(Defaultsession)
2026-07-29 14:41:57,875 [INFO] TC_ID-747 - PreCondition: PC_ID-023  Testcase:Vehicle_Manufacturer_ECU_HW_Number_F1_91_Read(Defaultsession): SID=0x22, Sub=0xF191, Expected=[16, 8, 98, 241, 145, 67, 46, 48, 48, 170, 170, 170, 170, 170]
2026-07-29 14:41:57,980 [INFO] TC_ID-747 - PreCondition: PC_ID-023  Testcase:Vehicle_Manufacturer_ECU_HW_Number_F1_91_Read(Defaultsession): Sending request 22F191
2026-07-29 14:41:57,981 [INFO] TC_ID-747 - PreCondition: PC_ID-023  Testcase:Vehicle_Manufacturer_ECU_HW_Number_F1_91_Read(Defaultsession): Sending request 22F191
2026-07-29 14:41:57,982 [DEBUG] Sending 3 bytes : [22f191]
2026-07-29 14:41:57,983 [DEBUG] Enqueuing a SendRequest for 3 bytes and TAT=Physical
2026-07-29 14:41:57,984 [DEBUG] Tx: <706> (08) [ ]	 0322f19100000000
2026-07-29 14:41:57,984 [DEBUG] We've been asked to write a message to the bus
2026-07-29 14:41:57,984 [DEBUG] sending: Timestamp:        0.000000    ID:      706    S Rx     F BS       DL:  8    03 22 f1 91 00 00 00 00
2026-07-29 14:41:58,013 [INFO] TC_ID-747 PreCondition: PC_ID-023  Testcase:Vehicle_Manufacturer_ECU_HW_Number_F1_91_Read(Defaultsession) -> Response shorter than expected (7/8). Waiting for remaining payload.
2026-07-29 14:41:58,018 [DEBUG] Rx: <70E> (08) [p]	 0762f191432e3030
2026-07-29 14:41:58,021 [DEBUG] Received 7 bytes : [62f191432e3030]
2026-07-29 14:41:58,073 [INFO] TC_ID-747 - Received: 62F191432E303062
2026-07-29 14:41:58,074 [WARNING] TC_ID-747 - PreCondition: PC_ID-023  Testcase:Vehicle_Manufacturer_ECU_HW_Number_F1_91_Read(Defaultsession) -> ❌ FAIL - Expected 100862F191432E3030AAAAAAAAAA
2026-07-29 14:41:58,075 [DEBUG] Stopping CanStack
2026-07-29 14:41:58,077 [DEBUG] Main thread is exiting
2026-07-29 14:41:58,118 [DEBUG] CanStack Stopped
2026-07-29 14:41:58,120 [INFO] Connection closed
2026-07-29 14:41:58,121 [INFO] Running Test Case: TC_ID-748
2026-07-29 14:41:58,122 [DEBUG] Starting CanStack
2026-07-29 14:41:58,124 [DEBUG] Main thread has started
2026-07-29 14:41:58,126 [DEBUG] Relay thread has started
2026-07-29 14:41:58,128 [INFO] Connection opened
2026-07-29 14:41:58,128 [INFO] Switched to physical mode for TC: TC_ID-748 Step: PreCondition: PC_ID-023  Testcase:Verify incorrect msg length NRC for Vehicle Manufacturer ECU Hardware Number information information (22 F1 91 01)
2026-07-29 14:41:58,129 [INFO] TC_ID-748 - PreCondition: PC_ID-023  Testcase:Verify incorrect msg length NRC for Vehicle Manufacturer ECU Hardware Number information information (22 F1 91 01): SID=0x22, Sub=0xF19101, Expected=[3, 127, 34, 19, 170, 170, 170, 170]
2026-07-29 14:41:58,256 [INFO] TC_ID-748 - PreCondition: PC_ID-023  Testcase:Verify incorrect msg length NRC for Vehicle Manufacturer ECU Hardware Number information information (22 F1 91 01): Sending request 22F19101
2026-07-29 14:41:58,257 [INFO] TC_ID-748 - PreCondition: PC_ID-023  Testcase:Verify incorrect msg length NRC for Vehicle Manufacturer ECU Hardware Number information information (22 F1 91 01): Sending request 22F19101
2026-07-29 14:41:58,258 [DEBUG] Sending 4 bytes : [22f19101]
2026-07-29 14:41:58,259 [DEBUG] Enqueuing a SendRequest for 4 bytes and TAT=Physical
2026-07-29 14:41:58,261 [DEBUG] Tx: <706> (08) [ ]	 0422f19101000000
2026-07-29 14:41:58,262 [DEBUG] We've been asked to write a message to the bus
2026-07-29 14:41:58,263 [DEBUG] sending: Timestamp:        0.000000    ID:      706    S Rx     F BS       DL:  8    04 22 f1 91 01 00 00 00
2026-07-29 14:41:58,289 [DEBUG] Rx: <70E> (08) [p]	 037f2213aaaaaaaa
2026-07-29 14:41:58,339 [INFO] TC_ID-748 - Received: 7F2213
2026-07-29 14:41:58,341 [WARNING] TC_ID-748 - PreCondition: PC_ID-023  Testcase:Verify incorrect msg length NRC for Vehicle Manufacturer ECU Hardware Number information information (22 F1 91 01) -> ❌ FAIL - Expected 037F2213AAAAAAAA
2026-07-29 14:41:58,342 [DEBUG] Stopping CanStack
2026-07-29 14:41:58,344 [DEBUG] Main thread is exiting
2026-07-29 14:41:58,389 [DEBUG] CanStack Stopped
2026-07-29 14:41:58,391 [INFO] Connection closed
2026-07-29 14:41:58,392 [INFO] Running Test Case: TC_ID-749
2026-07-29 14:41:58,393 [DEBUG] Starting CanStack
2026-07-29 14:41:58,395 [DEBUG] Main thread has started
2026-07-29 14:41:58,397 [DEBUG] Relay thread has started
2026-07-29 14:41:58,399 [INFO] Connection opened
2026-07-29 14:41:58,401 [INFO] Switched to physical mode for TC: TC_ID-749 Step: PreCondition: PC_ID-023  Testcase:HardwareVersionNumber_F1_93_Read(Defaultsession)
2026-07-29 14:41:58,403 [INFO] TC_ID-749 - PreCondition: PC_ID-023  Testcase:HardwareVersionNumber_F1_93_Read(Defaultsession): SID=0x22, Sub=0xF193, Expected=[16, 8, 98, 241, 147, 67, 46, 48, 48, 170, 170, 170, 170, 170]
2026-07-29 14:41:58,546 [INFO] TC_ID-749 - PreCondition: PC_ID-023  Testcase:HardwareVersionNumber_F1_93_Read(Defaultsession): Sending request 22F193
2026-07-29 14:41:58,549 [INFO] TC_ID-749 - PreCondition: PC_ID-023  Testcase:HardwareVersionNumber_F1_93_Read(Defaultsession): Sending request 22F193
2026-07-29 14:41:58,551 [DEBUG] Sending 3 bytes : [22f193]
2026-07-29 14:41:58,553 [DEBUG] Enqueuing a SendRequest for 3 bytes and TAT=Physical
2026-07-29 14:41:58,564 [DEBUG] Tx: <706> (08) [ ]	 0322f19300000000
2026-07-29 14:41:58,578 [DEBUG] We've been asked to write a message to the bus
2026-07-29 14:41:58,581 [DEBUG] sending: Timestamp:        0.000000    ID:      706    S Rx     F BS       DL:  8    03 22 f1 93 00 00 00 00
2026-07-29 14:41:58,611 [INFO] TC_ID-749 PreCondition: PC_ID-023  Testcase:HardwareVersionNumber_F1_93_Read(Defaultsession) -> Response shorter than expected (7/8). Waiting for remaining payload.
2026-07-29 14:41:58,617 [DEBUG] Rx: <70E> (08) [p]	 0762f193432e3030
2026-07-29 14:41:58,623 [DEBUG] Received 7 bytes : [62f193432e3030]
2026-07-29 14:41:58,675 [INFO] TC_ID-749 - Received: 62F193432E303062
2026-07-29 14:41:58,676 [WARNING] TC_ID-749 - PreCondition: PC_ID-023  Testcase:HardwareVersionNumber_F1_93_Read(Defaultsession) -> ❌ FAIL - Expected 100862F193432E3030AAAAAAAAAA
2026-07-29 14:41:58,677 [DEBUG] Stopping CanStack
2026-07-29 14:41:58,682 [DEBUG] Main thread is exiting
2026-07-29 14:41:58,718 [DEBUG] CanStack Stopped
2026-07-29 14:41:58,719 [INFO] Connection closed
2026-07-29 14:41:58,720 [INFO] Running Test Case: TC_ID-750
2026-07-29 14:41:58,720 [DEBUG] Starting CanStack
2026-07-29 14:41:58,722 [DEBUG] Main thread has started
2026-07-29 14:41:58,723 [DEBUG] Relay thread has started
2026-07-29 14:41:58,724 [INFO] Connection opened
2026-07-29 14:41:58,725 [INFO] Switched to physical mode for TC: TC_ID-750 Step: PreCondition: PC_ID-023  Testcase:ECUSoftwareUnit1IVDDataIdentifier_F1_C1_Read(Defaultsession)
2026-07-29 14:41:58,726 [INFO] TC_ID-750 - PreCondition: PC_ID-023  Testcase:ECUSoftwareUnit1IVDDataIdentifier_F1_C1_Read(Defaultsession): SID=0x22, Sub=0xF1C1, Expected=[16, 35, 98, 241, 193, 89, 132, 149, 115, 208, 147, 255, 45, 174, 165, 181, 19, 158, 8, 114, 225, 168, 238, 34, 156, 199, 240, 147, 54, 118, 206, 209, 76, 62, 181, 253, 217, 170, 170, 170, 170, 170, 170]
2026-07-29 14:41:58,826 [INFO] TC_ID-750 - PreCondition: PC_ID-023  Testcase:ECUSoftwareUnit1IVDDataIdentifier_F1_C1_Read(Defaultsession): Sending request 22F1C1
2026-07-29 14:41:58,827 [INFO] TC_ID-750 - PreCondition: PC_ID-023  Testcase:ECUSoftwareUnit1IVDDataIdentifier_F1_C1_Read(Defaultsession): Sending request 22F1C1
2026-07-29 14:41:58,827 [DEBUG] Sending 3 bytes : [22f1c1]
2026-07-29 14:41:58,828 [DEBUG] Enqueuing a SendRequest for 3 bytes and TAT=Physical
2026-07-29 14:41:58,830 [DEBUG] Tx: <706> (08) [ ]	 0322f1c100000000
2026-07-29 14:41:58,832 [DEBUG] We've been asked to write a message to the bus
2026-07-29 14:41:58,832 [DEBUG] sending: Timestamp:        0.000000    ID:      706    S Rx     F BS       DL:  8    03 22 f1 c1 00 00 00 00
2026-07-29 14:41:58,859 [DEBUG] Rx: <70E> (08) [p]	 037f2222aaaaaaaa
2026-07-29 14:41:58,861 [INFO] TC_ID-750 PreCondition: PC_ID-023  Testcase:ECUSoftwareUnit1IVDDataIdentifier_F1_C1_Read(Defaultsession) -> Response shorter than expected (3/35). Waiting for remaining payload.
2026-07-29 14:41:58,864 [DEBUG] Received 3 bytes : [7f2222]
2026-07-29 14:42:03,870 [DEBUG] No data received: [TimeoutException] - Did not receive IsoTP frame from the Transport layer in time (timeout=5.0 sec) 
2026-07-29 14:42:03,883 [WARNING] TC_ID-750 PreCondition: PC_ID-023  Testcase:ECUSoftwareUnit1IVDDataIdentifier_F1_C1_Read(Defaultsession) -> Timed out while extending response (6/35)
2026-07-29 14:42:03,936 [INFO] TC_ID-750 - Received: 7F22227F2222
2026-07-29 14:42:03,939 [WARNING] TC_ID-750 - PreCondition: PC_ID-023  Testcase:ECUSoftwareUnit1IVDDataIdentifier_F1_C1_Read(Defaultsession) -> ❌ FAIL - Expected 102362F1C159849573D093FF2DAEA5B5139E0872E1A8EE229CC7F0933676CED14C3EB5FDD9AAAAAAAAAAAA
2026-07-29 14:42:03,942 [DEBUG] Stopping CanStack
2026-07-29 14:42:03,947 [DEBUG] Main thread is exiting
2026-07-29 14:42:03,990 [DEBUG] CanStack Stopped
2026-07-29 14:42:03,992 [INFO] Connection closed
2026-07-29 14:42:03,994 [INFO] Running Test Case: TC_ID-751
2026-07-29 14:42:03,998 [DEBUG] Starting CanStack
2026-07-29 14:42:04,003 [DEBUG] Main thread has started
2026-07-29 14:42:04,005 [DEBUG] Relay thread has started
2026-07-29 14:42:04,012 [INFO] Connection opened
2026-07-29 14:42:04,016 [INFO] Switched to physical mode for TC: TC_ID-751 Step: PreCondition: PC_ID-023  Testcase:Verify incorrect msg length NRC for ECU S/W Unit 1 IVD Response (22 F1 C1 01)
2026-07-29 14:42:04,021 [INFO] TC_ID-751 - PreCondition: PC_ID-023  Testcase:Verify incorrect msg length NRC for ECU S/W Unit 1 IVD Response (22 F1 C1 01): SID=0x22, Sub=0xF1C101, Expected=[3, 127, 34, 19, 170, 170, 170, 170]
2026-07-29 14:42:04,160 [INFO] TC_ID-751 - PreCondition: PC_ID-023  Testcase:Verify incorrect msg length NRC for ECU S/W Unit 1 IVD Response (22 F1 C1 01): Sending request 22F1C101
2026-07-29 14:42:04,161 [INFO] TC_ID-751 - PreCondition: PC_ID-023  Testcase:Verify incorrect msg length NRC for ECU S/W Unit 1 IVD Response (22 F1 C1 01): Sending request 22F1C101
2026-07-29 14:42:04,164 [DEBUG] Sending 4 bytes : [22f1c101]
2026-07-29 14:42:04,169 [DEBUG] Enqueuing a SendRequest for 4 bytes and TAT=Physical
2026-07-29 14:42:04,173 [DEBUG] Tx: <706> (08) [ ]	 0422f1c101000000
2026-07-29 14:42:04,179 [DEBUG] We've been asked to write a message to the bus
2026-07-29 14:42:04,185 [DEBUG] sending: Timestamp:        0.000000    ID:      706    S Rx     F BS       DL:  8    04 22 f1 c1 01 00 00 00
2026-07-29 14:42:04,254 [WARNING] TC_ID-751 - No response received
2026-07-29 14:42:04,255 [DEBUG] Stopping CanStack
2026-07-29 14:42:04,269 [DEBUG] Main thread is exiting
2026-07-29 14:42:04,272 [DEBUG] CanStack Stopped
2026-07-29 14:42:04,274 [INFO] Connection closed
2026-07-29 14:42:04,276 [INFO] Running Test Case: TC_ID-752
2026-07-29 14:42:04,278 [DEBUG] Starting CanStack
2026-07-29 14:42:04,280 [DEBUG] Main thread has started
2026-07-29 14:42:04,284 [DEBUG] Relay thread has started
2026-07-29 14:42:04,286 [INFO] Connection opened
2026-07-29 14:42:04,288 [INFO] Switched to physical mode for TC: TC_ID-752 Step: PreCondition: PC_ID-023  Testcase:ECU_Supplier_Code_F1_A1_Read(Defaultsession)
2026-07-29 14:42:04,289 [INFO] TC_ID-752 - PreCondition: PC_ID-023  Testcase:ECU_Supplier_Code_F1_A1_Read(Defaultsession): SID=0x22, Sub=0xF1A1, Expected=[7, 98, 241, 161, 83, 49, 49, 48]
2026-07-29 14:42:04,423 [INFO] TC_ID-752 - PreCondition: PC_ID-023  Testcase:ECU_Supplier_Code_F1_A1_Read(Defaultsession): Sending request 22F1A1
2026-07-29 14:42:04,424 [INFO] TC_ID-752 - PreCondition: PC_ID-023  Testcase:ECU_Supplier_Code_F1_A1_Read(Defaultsession): Sending request 22F1A1
2026-07-29 14:42:04,518 [DEBUG] Sending 3 bytes : [22f1a1]
2026-07-29 14:42:04,521 [DEBUG] Enqueuing a SendRequest for 3 bytes and TAT=Physical
2026-07-29 14:42:04,524 [DEBUG] Tx: <706> (08) [ ]	 0322f1a100000000
2026-07-29 14:42:04,526 [DEBUG] We've been asked to write a message to the bus
2026-07-29 14:42:04,531 [DEBUG] sending: Timestamp:        0.000000    ID:      706    S Rx     F BS       DL:  8    03 22 f1 a1 00 00 00 00
2026-07-29 14:42:04,607 [INFO] TC_ID-752 - Received: 62F1A153313130
2026-07-29 14:42:04,608 [WARNING] TC_ID-752 - PreCondition: PC_ID-023  Testcase:ECU_Supplier_Code_F1_A1_Read(Defaultsession) -> ❌ FAIL - Expected 0762F1A153313130
2026-07-29 14:42:04,609 [DEBUG] Stopping CanStack
2026-07-29 14:42:04,611 [DEBUG] Main thread is exiting
2026-07-29 14:42:04,614 [DEBUG] CanStack Stopped
2026-07-29 14:42:04,616 [INFO] Connection closed
2026-07-29 14:42:04,616 [INFO] Running Test Case: TC_ID-753
2026-07-29 14:42:04,617 [DEBUG] Starting CanStack
2026-07-29 14:42:04,619 [DEBUG] Main thread has started
2026-07-29 14:42:04,621 [DEBUG] Relay thread has started
2026-07-29 14:42:04,624 [INFO] Connection opened
2026-07-29 14:42:04,627 [INFO] Switched to physical mode for TC: TC_ID-753 Step: PreCondition: PC_ID-023  Testcase:ECU_Software_UNIT_number_F1_B0_Read(Defaultsession)
2026-07-29 14:42:04,628 [INFO] TC_ID-753 - PreCondition: PC_ID-023  Testcase:ECU_Software_UNIT_number_F1_B0_Read(Defaultsession): SID=0x22, Sub=0xF1B0, Expected=[4, 98, 241, 176, 1, 170, 170, 170]
2026-07-29 14:42:04,747 [INFO] TC_ID-753 - PreCondition: PC_ID-023  Testcase:ECU_Software_UNIT_number_F1_B0_Read(Defaultsession): Sending request 22F1B0
2026-07-29 14:42:04,748 [INFO] TC_ID-753 - PreCondition: PC_ID-023  Testcase:ECU_Software_UNIT_number_F1_B0_Read(Defaultsession): Sending request 22F1B0
2026-07-29 14:42:04,748 [DEBUG] Sending 3 bytes : [22f1b0]
2026-07-29 14:42:04,749 [DEBUG] Enqueuing a SendRequest for 3 bytes and TAT=Physical
2026-07-29 14:42:04,751 [DEBUG] Tx: <706> (08) [ ]	 0322f1b000000000
2026-07-29 14:42:04,752 [DEBUG] We've been asked to write a message to the bus
2026-07-29 14:42:04,753 [DEBUG] sending: Timestamp:        0.000000    ID:      706    S Rx     F BS       DL:  8    03 22 f1 b0 00 00 00 00
2026-07-29 14:42:04,828 [INFO] TC_ID-753 - Received: 62F1B001
2026-07-29 14:42:04,829 [WARNING] TC_ID-753 - PreCondition: PC_ID-023  Testcase:ECU_Software_UNIT_number_F1_B0_Read(Defaultsession) -> ❌ FAIL - Expected 0462F1B001AAAAAA
2026-07-29 14:42:04,830 [DEBUG] Stopping CanStack
2026-07-29 14:42:04,831 [DEBUG] Main thread is exiting
2026-07-29 14:42:04,835 [DEBUG] CanStack Stopped
2026-07-29 14:42:04,836 [INFO] Connection closed
2026-07-29 14:42:04,837 [INFO] Running Test Case: TC_ID-754
2026-07-29 14:42:04,838 [DEBUG] Starting CanStack
2026-07-29 14:42:04,840 [DEBUG] Main thread has started
2026-07-29 14:42:04,842 [DEBUG] Relay thread has started
2026-07-29 14:42:04,848 [INFO] Connection opened
2026-07-29 14:42:04,852 [INFO] Switched to physical mode for TC: TC_ID-754 Step: PreCondition: PC_ID-023  Testcase:Verify incorrect msg length NRC for ECU S/W Unit number information message (22 F1 B0 01)
2026-07-29 14:42:04,855 [INFO] TC_ID-754 - PreCondition: PC_ID-023  Testcase:Verify incorrect msg length NRC for ECU S/W Unit number information message (22 F1 B0 01): SID=0x22, Sub=0xF1B001, Expected=[3, 127, 34, 19, 170, 170, 170, 170]
2026-07-29 14:42:04,969 [INFO] TC_ID-754 - PreCondition: PC_ID-023  Testcase:Verify incorrect msg length NRC for ECU S/W Unit number information message (22 F1 B0 01): Sending request 22F1B001
2026-07-29 14:42:04,970 [INFO] TC_ID-754 - PreCondition: PC_ID-023  Testcase:Verify incorrect msg length NRC for ECU S/W Unit number information message (22 F1 B0 01): Sending request 22F1B001
2026-07-29 14:42:04,971 [DEBUG] Sending 4 bytes : [22f1b001]
2026-07-29 14:42:04,972 [DEBUG] Enqueuing a SendRequest for 4 bytes and TAT=Physical
2026-07-29 14:42:04,974 [DEBUG] Tx: <706> (08) [ ]	 0422f1b001000000
2026-07-29 14:42:04,975 [DEBUG] We've been asked to write a message to the bus
2026-07-29 14:42:04,976 [DEBUG] sending: Timestamp:        0.000000    ID:      706    S Rx     F BS       DL:  8    04 22 f1 b0 01 00 00 00
2026-07-29 14:42:05,050 [INFO] TC_ID-754 - Received: 7F2213
2026-07-29 14:42:05,052 [WARNING] TC_ID-754 - PreCondition: PC_ID-023  Testcase:Verify incorrect msg length NRC for ECU S/W Unit number information message (22 F1 B0 01) -> ❌ FAIL - Expected 037F2213AAAAAAAA
2026-07-29 14:42:05,054 [DEBUG] Stopping CanStack
2026-07-29 14:42:05,056 [DEBUG] Main thread is exiting
2026-07-29 14:42:05,065 [DEBUG] CanStack Stopped
2026-07-29 14:42:05,066 [INFO] Connection closed
2026-07-29 14:42:05,068 [INFO] Running Test Case: TC_ID-755
2026-07-29 14:42:05,070 [DEBUG] Starting CanStack
2026-07-29 14:42:05,073 [DEBUG] Main thread has started
2026-07-29 14:42:05,077 [DEBUG] Relay thread has started
2026-07-29 14:42:05,088 [INFO] Connection opened
2026-07-29 14:42:05,088 [INFO] Switched to physical mode for TC: TC_ID-755 Step: PreCondition: PC_ID-023  Testcase:ECU_Software_UNIT1_Version_F1_B1_Read(Defaultsession)
2026-07-29 14:42:05,090 [INFO] TC_ID-755 - PreCondition: PC_ID-023  Testcase:ECU_Software_UNIT1_Version_F1_B1_Read(Defaultsession): SID=0x22, Sub=0xF1B1, Expected=[16, 8, 98, 241, 177, 50, 53, 65, 49, 48, 170, 170, 170, 170, 170, 170]
2026-07-29 14:42:05,190 [INFO] TC_ID-755 - PreCondition: PC_ID-023  Testcase:ECU_Software_UNIT1_Version_F1_B1_Read(Defaultsession): Sending request 22F1B1
2026-07-29 14:42:05,191 [INFO] TC_ID-755 - PreCondition: PC_ID-023  Testcase:ECU_Software_UNIT1_Version_F1_B1_Read(Defaultsession): Sending request 22F1B1
2026-07-29 14:42:05,192 [DEBUG] Sending 3 bytes : [22f1b1]
2026-07-29 14:42:05,193 [DEBUG] Enqueuing a SendRequest for 3 bytes and TAT=Physical
2026-07-29 14:42:05,195 [DEBUG] Tx: <706> (08) [ ]	 0322f1b100000000
2026-07-29 14:42:05,197 [DEBUG] We've been asked to write a message to the bus
2026-07-29 14:42:05,198 [DEBUG] sending: Timestamp:        0.000000    ID:      706    S Rx     F BS       DL:  8    03 22 f1 b1 00 00 00 00
2026-07-29 14:42:05,255 [WARNING] TC_ID-755 - No response received
2026-07-29 14:42:05,259 [DEBUG] Stopping CanStack
2026-07-29 14:42:05,264 [DEBUG] Main thread is exiting
2026-07-29 14:42:05,276 [DEBUG] CanStack Stopped
2026-07-29 14:42:05,277 [INFO] Connection closed
2026-07-29 14:42:05,278 [INFO] Running Test Case: TC_ID-756
2026-07-29 14:42:05,280 [DEBUG] Starting CanStack
2026-07-29 14:42:05,282 [DEBUG] Main thread has started
2026-07-29 14:42:05,286 [DEBUG] Relay thread has started
2026-07-29 14:42:05,290 [INFO] Connection opened
2026-07-29 14:42:05,292 [INFO] Switched to physical mode for TC: TC_ID-756 Step: PreCondition: PC_ID-023  Testcase:SystemNameOrEngineTypeDataIdentifier_Read(Defaultsession)
2026-07-29 14:42:05,294 [INFO] TC_ID-756 - PreCondition: PC_ID-023  Testcase:SystemNameOrEngineTypeDataIdentifier_Read(Defaultsession): SID=0x22, Sub=0xF197, Expected=[16, 14, 98, 241, 151, 83, 72, 86, 85, 95, 70, 82, 32, 32, 32, 32, 170]
2026-07-29 14:42:05,419 [INFO] TC_ID-756 - PreCondition: PC_ID-023  Testcase:SystemNameOrEngineTypeDataIdentifier_Read(Defaultsession): Sending request 22F197
2026-07-29 14:42:05,421 [INFO] TC_ID-756 - PreCondition: PC_ID-023  Testcase:SystemNameOrEngineTypeDataIdentifier_Read(Defaultsession): Sending request 22F197
2026-07-29 14:42:05,424 [DEBUG] Sending 3 bytes : [22f197]
2026-07-29 14:42:05,425 [DEBUG] Enqueuing a SendRequest for 3 bytes and TAT=Physical
2026-07-29 14:42:05,428 [DEBUG] Tx: <706> (08) [ ]	 0322f19700000000
2026-07-29 14:42:05,429 [DEBUG] We've been asked to write a message to the bus
2026-07-29 14:42:05,431 [DEBUG] sending: Timestamp:        0.000000    ID:      706    S Rx     F BS       DL:  8    03 22 f1 97 00 00 00 00
2026-07-29 14:42:05,578 [INFO] TC_ID-756 PreCondition: PC_ID-023  Testcase:SystemNameOrEngineTypeDataIdentifier_Read(Defaultsession) -> Waiting for response (P2=0.15s, P2*=5.0s)
2026-07-29 14:42:05,729 [DEBUG] No data received: [TimeoutException] - Did not receive IsoTP frame from the Transport layer in time (timeout=0.15 sec) 
2026-07-29 14:42:05,831 [WARNING] TC_ID-756 - No response received
2026-07-29 14:42:05,832 [DEBUG] Stopping CanStack
2026-07-29 14:42:05,833 [DEBUG] Main thread is exiting
2026-07-29 14:42:05,844 [DEBUG] CanStack Stopped
2026-07-29 14:42:05,846 [INFO] Connection closed
2026-07-29 14:42:05,850 [INFO] Running Test Case: TC_ID-757
2026-07-29 14:42:05,854 [DEBUG] Starting CanStack
2026-07-29 14:42:05,861 [DEBUG] Main thread has started
2026-07-29 14:42:05,864 [DEBUG] Relay thread has started
2026-07-29 14:42:05,865 [INFO] Connection opened
2026-07-29 14:42:05,866 [INFO] Switched to physical mode for TC: TC_ID-757 Step: PreCondition: PC_ID-023  Testcase:ECU S/W Unit 1 IVD Response_Read(Defaultsession)
2026-07-29 14:42:05,867 [INFO] TC_ID-757 - PreCondition: PC_ID-023  Testcase:ECU S/W Unit 1 IVD Response_Read(Defaultsession): SID=0x22, Sub=0xF1C1, Expected=[16, 35, 98, 241, 193, 89, 132, 149, 115, 208, 147, 255, 45, 174, 165, 181, 19, 158, 8, 114, 225, 168, 238, 34, 156, 199, 240, 147, 54, 118, 206, 209, 76, 62, 181, 253, 217, 170, 170, 170, 170, 170, 170]
2026-07-29 14:42:05,987 [INFO] TC_ID-757 - PreCondition: PC_ID-023  Testcase:ECU S/W Unit 1 IVD Response_Read(Defaultsession): Sending request 22F1C1
2026-07-29 14:42:05,988 [INFO] TC_ID-757 - PreCondition: PC_ID-023  Testcase:ECU S/W Unit 1 IVD Response_Read(Defaultsession): Sending request 22F1C1
2026-07-29 14:42:05,988 [DEBUG] Sending 3 bytes : [22f1c1]
2026-07-29 14:42:05,990 [DEBUG] Enqueuing a SendRequest for 3 bytes and TAT=Physical
2026-07-29 14:42:05,992 [DEBUG] Tx: <706> (08) [ ]	 0322f1c100000000
2026-07-29 14:42:05,994 [DEBUG] We've been asked to write a message to the bus
2026-07-29 14:42:05,997 [DEBUG] sending: Timestamp:        0.000000    ID:      706    S Rx     F BS       DL:  8    03 22 f1 c1 00 00 00 00
2026-07-29 14:42:06,141 [INFO] TC_ID-757 PreCondition: PC_ID-023  Testcase:ECU S/W Unit 1 IVD Response_Read(Defaultsession) -> Waiting for response (P2=0.15s, P2*=5.0s)
2026-07-29 14:42:06,292 [DEBUG] No data received: [TimeoutException] - Did not receive IsoTP frame from the Transport layer in time (timeout=0.15 sec) 
2026-07-29 14:42:06,394 [WARNING] TC_ID-757 - No response received
2026-07-29 14:42:06,394 [DEBUG] Stopping CanStack
2026-07-29 14:42:06,395 [DEBUG] Main thread is exiting
2026-07-29 14:42:06,410 [DEBUG] CanStack Stopped
2026-07-29 14:42:06,414 [INFO] Connection closed
2026-07-29 14:42:06,417 [INFO] Running Test Case: TC_ID-758
2026-07-29 14:42:06,421 [DEBUG] Starting CanStack
2026-07-29 14:42:06,425 [DEBUG] Main thread has started
2026-07-29 14:42:06,426 [DEBUG] Relay thread has started
2026-07-29 14:42:06,428 [INFO] Connection opened
2026-07-29 14:42:06,429 [INFO] Switched to physical mode for TC: TC_ID-758 Step: PreCondition: PC_ID-023  Testcase:Type Option read information_Read(Default session)
2026-07-29 14:42:06,430 [INFO] TC_ID-758 - PreCondition: PC_ID-023  Testcase:Type Option read information_Read(Default session): SID=0x22, Sub=0xC100, Expected=[16, 11, 98, 193, 0, 238, 248, 0, 0, 54, 54, 0, 32, 170, 170, 170]
2026-07-29 14:42:06,527 [INFO] TC_ID-758 - PreCondition: PC_ID-023  Testcase:Type Option read information_Read(Default session): Sending request 22C100
2026-07-29 14:42:06,528 [INFO] TC_ID-758 - PreCondition: PC_ID-023  Testcase:Type Option read information_Read(Default session): Sending request 22C100
2026-07-29 14:42:06,529 [DEBUG] Sending 3 bytes : [22c100]
2026-07-29 14:42:06,530 [DEBUG] Enqueuing a SendRequest for 3 bytes and TAT=Physical
2026-07-29 14:42:06,532 [DEBUG] Tx: <706> (08) [ ]	 0322c10000000000
2026-07-29 14:42:06,533 [DEBUG] We've been asked to write a message to the bus
2026-07-29 14:42:06,534 [DEBUG] sending: Timestamp:        0.000000    ID:      706    S Rx     F BS       DL:  8    03 22 c1 00 00 00 00 00
2026-07-29 14:42:06,558 [DEBUG] We've been asked to write a message to the bus
2026-07-29 14:42:06,560 [DEBUG] sending: Timestamp:        0.000000    ID:      706    S Rx     F BS       DL:  8    30 08 0a 00 00 00 00 00
2026-07-29 14:42:06,617 [INFO] TC_ID-758 - Received: 62C100EEF8000036360000
2026-07-29 14:42:06,618 [WARNING] TC_ID-758 - PreCondition: PC_ID-023  Testcase:Type Option read information_Read(Default session) -> ❌ FAIL - Expected 100B62C100EEF8000036360020AAAAAA
2026-07-29 14:42:06,619 [DEBUG] Stopping CanStack
2026-07-29 14:42:06,620 [DEBUG] Main thread is exiting
2026-07-29 14:42:06,622 [DEBUG] CanStack Stopped
2026-07-29 14:42:06,623 [INFO] Connection closed
2026-07-29 14:42:06,624 [INFO] Running Test Case: TC_ID-759
2026-07-29 14:42:06,624 [DEBUG] Starting CanStack
2026-07-29 14:42:06,625 [DEBUG] Main thread has started
2026-07-29 14:42:06,626 [DEBUG] Relay thread has started
2026-07-29 14:42:06,627 [INFO] Connection opened
2026-07-29 14:42:06,628 [INFO] Switched to physical mode for TC: TC_ID-759 Step: PreCondition: PC_ID-023  Testcase:Output read information_Read(Default session)
2026-07-29 14:42:06,629 [INFO] TC_ID-759 - PreCondition: PC_ID-023  Testcase:Output read information_Read(Default session): SID=0x22, Sub=0xC101, Expected=[16, 11, 98, 193, 1, 136, 228, 64, 32, 0, 0, 0, 0, 170, 170, 170]
2026-07-29 14:42:06,726 [INFO] TC_ID-759 - PreCondition: PC_ID-023  Testcase:Output read information_Read(Default session): Sending request 22C101
2026-07-29 14:42:06,727 [INFO] TC_ID-759 - PreCondition: PC_ID-023  Testcase:Output read information_Read(Default session): Sending request 22C101
2026-07-29 14:42:06,729 [DEBUG] Sending 3 bytes : [22c101]
2026-07-29 14:42:06,731 [DEBUG] Enqueuing a SendRequest for 3 bytes and TAT=Physical
2026-07-29 14:42:06,733 [DEBUG] Tx: <706> (08) [ ]	 0322c10100000000
2026-07-29 14:42:06,734 [DEBUG] We've been asked to write a message to the bus
2026-07-29 14:42:06,735 [DEBUG] sending: Timestamp:        0.000000    ID:      706    S Rx     F BS       DL:  8    03 22 c1 01 00 00 00 00
2026-07-29 14:42:06,757 [DEBUG] We've been asked to write a message to the bus
2026-07-29 14:42:06,758 [DEBUG] sending: Timestamp:        0.000000    ID:      706    S Rx     F BS       DL:  8    30 08 0a 00 00 00 00 00
2026-07-29 14:42:06,813 [INFO] TC_ID-759 - Received: 62C1010000000000000000
2026-07-29 14:42:06,814 [WARNING] TC_ID-759 - PreCondition: PC_ID-023  Testcase:Output read information_Read(Default session) -> ❌ FAIL - Expected 100B62C10188E4402000000000AAAAAA
2026-07-29 14:42:06,815 [DEBUG] Stopping CanStack
2026-07-29 14:42:06,816 [DEBUG] Main thread is exiting
2026-07-29 14:42:06,836 [DEBUG] CanStack Stopped
2026-07-29 14:42:06,837 [INFO] Connection closed
2026-07-29 14:42:06,839 [INFO] Running Test Case: TC_ID-760
2026-07-29 14:42:06,840 [DEBUG] Starting CanStack
2026-07-29 14:42:06,842 [DEBUG] Main thread has started
2026-07-29 14:42:06,844 [DEBUG] Relay thread has started
2026-07-29 14:42:06,845 [INFO] Connection opened
2026-07-29 14:42:06,850 [INFO] Switched to physical mode for TC: TC_ID-760 Step: PreCondition: PC_ID-023  Testcase:Communication read information_Read(Default session)
2026-07-29 14:42:06,853 [INFO] TC_ID-760 - PreCondition: PC_ID-023  Testcase:Communication read information_Read(Default session): SID=0x22, Sub=0xC102, Expected=[16, 12, 98, 193, 2, 0, 0, 0, 0, 0, 0, 0, 0, 0, 170, 170]
2026-07-29 14:42:06,959 [INFO] TC_ID-760 - PreCondition: PC_ID-023  Testcase:Communication read information_Read(Default session): Sending request 22C102
2026-07-29 14:42:06,960 [INFO] TC_ID-760 - PreCondition: PC_ID-023  Testcase:Communication read information_Read(Default session): Sending request 22C102
2026-07-29 14:42:06,960 [DEBUG] Sending 3 bytes : [22c102]
2026-07-29 14:42:06,962 [DEBUG] Enqueuing a SendRequest for 3 bytes and TAT=Physical
2026-07-29 14:42:06,964 [DEBUG] Tx: <706> (08) [ ]	 0322c10200000000
2026-07-29 14:42:06,966 [DEBUG] We've been asked to write a message to the bus
2026-07-29 14:42:06,967 [DEBUG] sending: Timestamp:        0.000000    ID:      706    S Rx     F BS       DL:  8    03 22 c1 02 00 00 00 00
2026-07-29 14:42:06,989 [DEBUG] We've been asked to write a message to the bus
2026-07-29 14:42:06,990 [DEBUG] sending: Timestamp:        0.000000    ID:      706    S Rx     F BS       DL:  8    30 08 0a 00 00 00 00 00
2026-07-29 14:42:07,048 [INFO] TC_ID-760 - Received: 62C10295AB4A000000000000
2026-07-29 14:42:07,049 [WARNING] TC_ID-760 - PreCondition: PC_ID-023  Testcase:Communication read information_Read(Default session) -> ❌ FAIL - Expected 100C62C102000000000000000000AAAA
2026-07-29 14:42:07,050 [DEBUG] Stopping CanStack
2026-07-29 14:42:07,051 [DEBUG] Main thread is exiting
2026-07-29 14:42:07,052 [DEBUG] CanStack Stopped
2026-07-29 14:42:07,053 [INFO] Connection closed
2026-07-29 14:42:07,053 [INFO] Running Test Case: TC_ID-761
2026-07-29 14:42:07,054 [DEBUG] Starting CanStack
2026-07-29 14:42:07,055 [DEBUG] Main thread has started
2026-07-29 14:42:07,056 [DEBUG] Relay thread has started
2026-07-29 14:42:07,057 [INFO] Connection opened
2026-07-29 14:42:07,058 [INFO] Switched to physical mode for TC: TC_ID-761 Step: PreCondition: PC_ID-023  Testcase:LH seat heat fail detection read  information_Read(Default session)
2026-07-29 14:42:07,059 [INFO] TC_ID-761 - PreCondition: PC_ID-023  Testcase:LH seat heat fail detection read  information_Read(Default session): SID=0x22, Sub=0xC103, Expected=[16, 26, 98, 193, 3, 192, 0, 234, 160, 0, 0, 0, 0, 0, 0, 0, 0, 0]
2026-07-29 14:42:07,160 [INFO] TC_ID-761 - PreCondition: PC_ID-023  Testcase:LH seat heat fail detection read  information_Read(Default session): Sending request 22C103
2026-07-29 14:42:07,161 [INFO] TC_ID-761 - PreCondition: PC_ID-023  Testcase:LH seat heat fail detection read  information_Read(Default session): Sending request 22C103
2026-07-29 14:42:07,163 [DEBUG] Sending 3 bytes : [22c103]
2026-07-29 14:42:07,164 [DEBUG] Enqueuing a SendRequest for 3 bytes and TAT=Physical
2026-07-29 14:42:07,166 [DEBUG] Tx: <706> (08) [ ]	 0322c10300000000
2026-07-29 14:42:07,167 [DEBUG] We've been asked to write a message to the bus
2026-07-29 14:42:07,168 [DEBUG] sending: Timestamp:        0.000000    ID:      706    S Rx     F BS       DL:  8    03 22 c1 03 00 00 00 00
2026-07-29 14:42:07,188 [DEBUG] We've been asked to write a message to the bus
2026-07-29 14:42:07,191 [DEBUG] sending: Timestamp:        0.000000    ID:      706    S Rx     F BS       DL:  8    30 08 0a 00 00 00 00 00
2026-07-29 14:42:07,212 [INFO] TC_ID-761 PreCondition: PC_ID-023  Testcase:LH seat heat fail detection read  information_Read(Default session) -> Response shorter than expected (16/26). Waiting for remaining payload.
2026-07-29 14:42:09,419 [DEBUG] Rx: <70E> (08) [p]	 0762f1a153313130
2026-07-29 14:42:09,423 [DEBUG] Rx: <70E> (08) [p]	 0462f1b001aaaaaa
2026-07-29 14:42:09,424 [DEBUG] Received 7 bytes : [62f1a153313130]
2026-07-29 14:42:09,432 [DEBUG] Rx: <70E> (08) [p]	 037f2213aaaaaaaa
2026-07-29 14:42:09,434 [DEBUG] Received 4 bytes : [62f1b001]
2026-07-29 14:42:09,447 [DEBUG] Rx: <70E> (08) [p]	 100862f1b1323541
2026-07-29 14:42:09,456 [DEBUG] Tx: <706> (08) [ ]	 30080a0000000000
2026-07-29 14:42:09,458 [DEBUG] We've been asked to write a message to the bus
2026-07-29 14:42:09,460 [DEBUG] sending: Timestamp:        0.000000    ID:      706    S Rx     F BS       DL:  8    30 08 0a 00 00 00 00 00
2026-07-29 14:42:09,464 [DEBUG] TxState=IDLE - RxState=WAIT_CF
2026-07-29 14:42:09,468 [DEBUG] Rx: <70E> (08) [p]	 100b62c100eef800
2026-07-29 14:42:09,471 [WARNING] Reception of IsoTP frame interrupted with a new FirstFrame
2026-07-29 14:42:09,474 [DEBUG] Tx: <706> (08) [ ]	 30080a0000000000
2026-07-29 14:42:09,475 [DEBUG] We've been asked to write a message to the bus
2026-07-29 14:42:09,477 [DEBUG] sending: Timestamp:        0.000000    ID:      706    S Rx     F BS       DL:  8    30 08 0a 00 00 00 00 00
2026-07-29 14:42:09,479 [DEBUG] Rx: <70E> (08) [p]	 210036360000aaaa
2026-07-29 14:42:09,481 [DEBUG] Rx: <70E> (08) [p]	 100b62c101000000
2026-07-29 14:42:09,484 [DEBUG] Tx: <706> (08) [ ]	 30080a0000000000
2026-07-29 14:42:09,486 [DEBUG] We've been asked to write a message to the bus
2026-07-29 14:42:09,487 [INFO] TC_ID-761 - Received: 62C103C000EAA000000000000000000062F1A15331313062F1B0
2026-07-29 14:42:09,489 [DEBUG] sending: Timestamp:        0.000000    ID:      706    S Rx     F BS       DL:  8    30 08 0a 00 00 00 00 00
2026-07-29 14:42:09,491 [WARNING] TC_ID-761 - PreCondition: PC_ID-023  Testcase:LH seat heat fail detection read  information_Read(Default session) -> ❌ FAIL - Expected 101A62C103C000EAA0000000000000000000
2026-07-29 14:42:09,495 [DEBUG] Rx: <70E> (08) [p]	 210000000000aaaa
2026-07-29 14:42:09,496 [DEBUG] Stopping CanStack
2026-07-29 14:42:09,502 [DEBUG] Rx: <70E> (08) [p]	 100c62c10295ab4a
2026-07-29 14:42:09,514 [DEBUG] Tx: <706> (08) [ ]	 30080a0000000000
2026-07-29 14:42:09,515 [DEBUG] We've been asked to write a message to the bus
2026-07-29 14:42:09,516 [DEBUG] sending: Timestamp:        0.000000    ID:      706    S Rx     F BS       DL:  8    30 08 0a 00 00 00 00 00
2026-07-29 14:42:09,518 [DEBUG] Rx: <70E> (08) [p]	 21000000000000aa
2026-07-29 14:42:09,519 [DEBUG] Rx: <70E> (08) [p]	 101062c103c000ea
2026-07-29 14:42:09,520 [DEBUG] Tx: <706> (08) [ ]	 30080a0000000000
2026-07-29 14:42:09,521 [DEBUG] We've been asked to write a message to the bus
2026-07-29 14:42:09,522 [DEBUG] sending: Timestamp:        0.000000    ID:      706    S Rx     F BS       DL:  8    30 08 0a 00 00 00 00 00
2026-07-29 14:42:09,525 [DEBUG] Rx: <70E> (08) [p]	 21a0000000000000
2026-07-29 14:42:09,526 [DEBUG] Rx: <70E> (08) [p]	 22000000aaaaaaaa
2026-07-29 14:42:09,530 [DEBUG] TxState=IDLE - RxState=IDLE
2026-07-29 14:42:09,532 [DEBUG] Main thread is exiting
2026-07-29 14:42:09,533 [DEBUG] CanStack Stopped
2026-07-29 14:42:09,535 [INFO] Connection closed
2026-07-29 14:42:09,536 [INFO] Running Test Case: TC_ID-762
2026-07-29 14:42:09,537 [DEBUG] Starting CanStack
2026-07-29 14:42:09,539 [DEBUG] Main thread has started
2026-07-29 14:42:09,540 [DEBUG] Relay thread has started
2026-07-29 14:42:09,541 [INFO] Connection opened
2026-07-29 14:42:09,543 [INFO] Switched to physical mode for TC: TC_ID-762 Step: PreCondition: PC_ID-023  Testcase:LH seat vent fail detection read   information_Read(Default session)
2026-07-29 14:42:09,543 [INFO] TC_ID-762 - PreCondition: PC_ID-023  Testcase:LH seat vent fail detection read   information_Read(Default session): SID=0x22, Sub=0xC104, Expected=[16, 10, 98, 193, 4, 250, 0, 0, 0, 0, 0, 0, 170, 170, 170, 170]
2026-07-29 14:42:09,660 [INFO] TC_ID-762 - PreCondition: PC_ID-023  Testcase:LH seat vent fail detection read   information_Read(Default session): Sending request 22C104
2026-07-29 14:42:09,661 [INFO] TC_ID-762 - PreCondition: PC_ID-023  Testcase:LH seat vent fail detection read   information_Read(Default session): Sending request 22C104
2026-07-29 14:42:09,662 [DEBUG] Sending 3 bytes : [22c104]
2026-07-29 14:42:09,663 [DEBUG] Enqueuing a SendRequest for 3 bytes and TAT=Physical
2026-07-29 14:42:09,665 [DEBUG] Tx: <706> (08) [ ]	 0322c10400000000
2026-07-29 14:42:09,666 [DEBUG] We've been asked to write a message to the bus
2026-07-29 14:42:09,667 [DEBUG] sending: Timestamp:        0.000000    ID:      706    S Rx     F BS       DL:  8    03 22 c1 04 00 00 00 00
2026-07-29 14:42:09,688 [DEBUG] We've been asked to write a message to the bus
2026-07-29 14:42:09,690 [DEBUG] sending: Timestamp:        0.000000    ID:      706    S Rx     F BS       DL:  8    30 08 0a 00 00 00 00 00
2026-07-29 14:42:09,691 [DEBUG] Rx: <70E> (08) [p]	 100a62c104fa0000
2026-07-29 14:42:09,694 [DEBUG] Tx: <706> (08) [ ]	 30080a0000000000
2026-07-29 14:42:09,704 [DEBUG] We've been asked to write a message to the bus
2026-07-29 14:42:09,709 [DEBUG] sending: Timestamp:        0.000000    ID:      706    S Rx     F BS       DL:  8    30 08 0a 00 00 00 00 00
2026-07-29 14:42:09,710 [DEBUG] TxState=IDLE - RxState=WAIT_CF
2026-07-29 14:42:09,712 [DEBUG] Rx: <70E> (08) [p]	 2100000000aaaaaa
2026-07-29 14:42:09,748 [INFO] TC_ID-762 - Received: 62C104FA000000000000
2026-07-29 14:42:09,753 [WARNING] TC_ID-762 - PreCondition: PC_ID-023  Testcase:LH seat vent fail detection read   information_Read(Default session) -> ❌ FAIL - Expected 100A62C104FA000000000000AAAAAAAA
2026-07-29 14:42:09,754 [DEBUG] Stopping CanStack
2026-07-29 14:42:09,755 [DEBUG] TxState=IDLE - RxState=IDLE
2026-07-29 14:42:09,756 [DEBUG] Main thread is exiting
2026-07-29 14:42:09,802 [DEBUG] CanStack Stopped
2026-07-29 14:42:09,802 [INFO] Connection closed
2026-07-29 14:42:09,803 [INFO] Running Test Case: TC_ID-763
2026-07-29 14:42:09,804 [DEBUG] Starting CanStack
2026-07-29 14:42:09,805 [DEBUG] Main thread has started
2026-07-29 14:42:09,806 [DEBUG] Relay thread has started
2026-07-29 14:42:09,808 [INFO] Connection opened
2026-07-29 14:42:09,809 [INFO] Switched to physical mode for TC: TC_ID-763 Step: PreCondition: PC_ID-023  Testcase:RH seat heat fail detection read   information_Read(Default session)
2026-07-29 14:42:09,810 [INFO] TC_ID-763 - PreCondition: PC_ID-023  Testcase:RH seat heat fail detection read   information_Read(Default session): SID=0x22, Sub=0xC105, Expected=[16, 26, 98, 193, 5, 192, 0, 234, 160, 0, 0, 0, 0, 0, 0, 0, 0, 0]
2026-07-29 14:42:09,912 [INFO] TC_ID-763 - PreCondition: PC_ID-023  Testcase:RH seat heat fail detection read   information_Read(Default session): Sending request 22C105
2026-07-29 14:42:09,913 [INFO] TC_ID-763 - PreCondition: PC_ID-023  Testcase:RH seat heat fail detection read   information_Read(Default session): Sending request 22C105
2026-07-29 14:42:09,913 [DEBUG] Sending 3 bytes : [22c105]
2026-07-29 14:42:09,915 [DEBUG] Enqueuing a SendRequest for 3 bytes and TAT=Physical
2026-07-29 14:42:09,916 [DEBUG] Tx: <706> (08) [ ]	 0322c10500000000
2026-07-29 14:42:09,918 [DEBUG] We've been asked to write a message to the bus
2026-07-29 14:42:09,919 [DEBUG] sending: Timestamp:        0.000000    ID:      706    S Rx     F BS       DL:  8    03 22 c1 05 00 00 00 00
2026-07-29 14:42:09,947 [DEBUG] We've been asked to write a message to the bus
2026-07-29 14:42:09,948 [DEBUG] Rx: <70E> (08) [p]	 101062c105c000ea
2026-07-29 14:42:09,950 [DEBUG] sending: Timestamp:        0.000000    ID:      706    S Rx     F BS       DL:  8    30 08 0a 00 00 00 00 00
2026-07-29 14:42:09,953 [DEBUG] Tx: <706> (08) [ ]	 30080a0000000000
2026-07-29 14:42:09,958 [DEBUG] We've been asked to write a message to the bus
2026-07-29 14:42:09,959 [DEBUG] sending: Timestamp:        0.000000    ID:      706    S Rx     F BS       DL:  8    30 08 0a 00 00 00 00 00
2026-07-29 14:42:09,961 [DEBUG] TxState=IDLE - RxState=WAIT_CF
2026-07-29 14:42:09,964 [DEBUG] Rx: <70E> (08) [p]	 21a0000000000000
2026-07-29 14:42:09,977 [DEBUG] Rx: <70E> (08) [p]	 22000000aaaaaaaa
2026-07-29 14:42:09,981 [INFO] TC_ID-763 PreCondition: PC_ID-023  Testcase:RH seat heat fail detection read   information_Read(Default session) -> Response shorter than expected (16/26). Waiting for remaining payload.
2026-07-29 14:42:09,986 [DEBUG] Received 16 bytes : [62c105c000eaa0000000000000000000]
2026-07-29 14:42:10,036 [DEBUG] TxState=IDLE - RxState=IDLE
2026-07-29 14:42:10,037 [INFO] TC_ID-763 - Received: 62C105C000EAA000000000000000000062C105C000EAA0000000
2026-07-29 14:42:10,039 [WARNING] TC_ID-763 - PreCondition: PC_ID-023  Testcase:RH seat heat fail detection read   information_Read(Default session) -> ❌ FAIL - Expected 101A62C105C000EAA0000000000000000000
2026-07-29 14:42:10,040 [DEBUG] Stopping CanStack
2026-07-29 14:42:10,041 [DEBUG] Main thread is exiting
2026-07-29 14:42:10,077 [DEBUG] CanStack Stopped
2026-07-29 14:42:10,079 [INFO] Connection closed
2026-07-29 14:42:10,080 [INFO] Running Test Case: TC_ID-764
2026-07-29 14:42:10,080 [DEBUG] Starting CanStack
2026-07-29 14:42:10,081 [DEBUG] Main thread has started
2026-07-29 14:42:10,083 [DEBUG] Relay thread has started
2026-07-29 14:42:10,084 [INFO] Connection opened
2026-07-29 14:42:10,084 [INFO] Switched to physical mode for TC: TC_ID-764 Step: PreCondition: PC_ID-023  Testcase:RH seat vent fail detection read   information_Read(Default session)
2026-07-29 14:42:10,085 [INFO] TC_ID-764 - PreCondition: PC_ID-023  Testcase:RH seat vent fail detection read   information_Read(Default session): SID=0x22, Sub=0xC106, Expected=[16, 10, 98, 193, 6, 250, 0, 0, 0, 0, 0, 0, 170, 170, 170, 170]
2026-07-29 14:42:10,187 [INFO] TC_ID-764 - PreCondition: PC_ID-023  Testcase:RH seat vent fail detection read   information_Read(Default session): Sending request 22C106
2026-07-29 14:42:10,188 [INFO] TC_ID-764 - PreCondition: PC_ID-023  Testcase:RH seat vent fail detection read   information_Read(Default session): Sending request 22C106
2026-07-29 14:42:10,189 [DEBUG] Sending 3 bytes : [22c106]
2026-07-29 14:42:10,190 [DEBUG] Enqueuing a SendRequest for 3 bytes and TAT=Physical
2026-07-29 14:42:10,192 [DEBUG] Tx: <706> (08) [ ]	 0322c10600000000
2026-07-29 14:42:10,193 [DEBUG] We've been asked to write a message to the bus
2026-07-29 14:42:10,194 [DEBUG] sending: Timestamp:        0.000000    ID:      706    S Rx     F BS       DL:  8    03 22 c1 06 00 00 00 00
2026-07-29 14:42:10,217 [DEBUG] We've been asked to write a message to the bus
2026-07-29 14:42:10,218 [DEBUG] Rx: <70E> (08) [p]	 100a62c106fa0000
2026-07-29 14:42:10,220 [DEBUG] sending: Timestamp:        0.000000    ID:      706    S Rx     F BS       DL:  8    30 08 0a 00 00 00 00 00
2026-07-29 14:42:10,221 [DEBUG] Tx: <706> (08) [ ]	 30080a0000000000
2026-07-29 14:42:10,224 [DEBUG] We've been asked to write a message to the bus
2026-07-29 14:42:10,228 [DEBUG] sending: Timestamp:        0.000000    ID:      706    S Rx     F BS       DL:  8    30 08 0a 00 00 00 00 00
2026-07-29 14:42:10,231 [DEBUG] TxState=IDLE - RxState=WAIT_CF
2026-07-29 14:42:10,232 [DEBUG] Rx: <70E> (08) [p]	 2100000000aaaaaa
2026-07-29 14:42:10,279 [INFO] TC_ID-764 - Received: 62C106FA000000000000
2026-07-29 14:42:10,281 [WARNING] TC_ID-764 - PreCondition: PC_ID-023  Testcase:RH seat vent fail detection read   information_Read(Default session) -> ❌ FAIL - Expected 100A62C106FA000000000000AAAAAAAA
2026-07-29 14:42:10,282 [DEBUG] Stopping CanStack
2026-07-29 14:42:10,283 [DEBUG] TxState=IDLE - RxState=IDLE
2026-07-29 14:42:10,285 [DEBUG] Main thread is exiting
2026-07-29 14:42:10,329 [DEBUG] CanStack Stopped
2026-07-29 14:42:10,331 [INFO] Connection closed
2026-07-29 14:42:10,332 [INFO] Running Test Case: TC_ID-765
2026-07-29 14:42:10,333 [DEBUG] Starting CanStack
2026-07-29 14:42:10,335 [DEBUG] Main thread has started
2026-07-29 14:42:10,339 [DEBUG] Relay thread has started
2026-07-29 14:42:10,344 [INFO] Connection opened
2026-07-29 14:42:10,347 [INFO] Switched to physical mode for TC: TC_ID-765 Step: PreCondition: PC_ID-023  Testcase:Log frame data read  information_Read(Default session)
2026-07-29 14:42:10,351 [INFO] TC_ID-765 - PreCondition: PC_ID-023  Testcase:Log frame data read  information_Read(Default session): SID=0x22, Sub=0xCF10, Expected=[16, 50, 98, 207, 16, 239, 199, 126, 0, 4, 10, 4, 4, 9, 4, 239, 192, 0, 0, 4, 9, 4, 170, 170, 170]
2026-07-29 14:42:10,467 [INFO] TC_ID-765 - PreCondition: PC_ID-023  Testcase:Log frame data read  information_Read(Default session): Sending request 22CF10
2026-07-29 14:42:10,468 [INFO] TC_ID-765 - PreCondition: PC_ID-023  Testcase:Log frame data read  information_Read(Default session): Sending request 22CF10
2026-07-29 14:42:10,468 [DEBUG] Sending 3 bytes : [22cf10]
2026-07-29 14:42:10,469 [DEBUG] Enqueuing a SendRequest for 3 bytes and TAT=Physical
2026-07-29 14:42:10,471 [DEBUG] Tx: <706> (08) [ ]	 0322cf1000000000
2026-07-29 14:42:10,472 [DEBUG] We've been asked to write a message to the bus
2026-07-29 14:42:10,473 [DEBUG] sending: Timestamp:        0.000000    ID:      706    S Rx     F BS       DL:  8    03 22 cf 10 00 00 00 00
2026-07-29 14:42:10,498 [DEBUG] We've been asked to write a message to the bus
2026-07-29 14:42:10,499 [DEBUG] sending: Timestamp:        0.000000    ID:      706    S Rx     F BS       DL:  8    30 08 0a 00 00 00 00 00
2026-07-29 14:42:10,501 [DEBUG] Rx: <70E> (08) [p]	 101462cf10efc77e
2026-07-29 14:42:10,503 [DEBUG] Tx: <706> (08) [ ]	 30080a0000000000
2026-07-29 14:42:10,507 [DEBUG] We've been asked to write a message to the bus
2026-07-29 14:42:10,510 [DEBUG] sending: Timestamp:        0.000000    ID:      706    S Rx     F BS       DL:  8    30 08 0a 00 00 00 00 00
2026-07-29 14:42:10,512 [DEBUG] TxState=IDLE - RxState=WAIT_CF
2026-07-29 14:42:10,515 [DEBUG] Rx: <70E> (08) [p]	 2100040a04040904
2026-07-29 14:42:10,523 [DEBUG] Rx: <70E> (08) [p]	 22efc00000040904
2026-07-29 14:42:10,524 [INFO] TC_ID-765 PreCondition: PC_ID-023  Testcase:Log frame data read  information_Read(Default session) -> Response shorter than expected (20/50). Waiting for remaining payload.
2026-07-29 14:42:10,529 [DEBUG] Received 20 bytes : [62cf10efc77e00040a04040904efc00000040904]
2026-07-29 14:42:10,579 [DEBUG] TxState=IDLE - RxState=IDLE
2026-07-29 14:42:15,533 [DEBUG] No data received: [TimeoutException] - Did not receive IsoTP frame from the Transport layer in time (timeout=5.0 sec) 
2026-07-29 14:42:15,534 [WARNING] TC_ID-765 PreCondition: PC_ID-023  Testcase:Log frame data read  information_Read(Default session) -> Timed out while extending response (40/50)
2026-07-29 14:42:15,585 [INFO] TC_ID-765 - Received: 62CF10EFC77E00040A04040904EFC0000004090462CF10EFC77E00040A04040904EFC00000040904
2026-07-29 14:42:15,587 [WARNING] TC_ID-765 - PreCondition: PC_ID-023  Testcase:Log frame data read  information_Read(Default session) -> ❌ FAIL - Expected 103262CF10EFC77E00040A04040904EFC00000040904AAAAAA
2026-07-29 14:42:15,588 [DEBUG] Stopping CanStack
2026-07-29 14:42:15,590 [DEBUG] Main thread is exiting
2026-07-29 14:42:15,593 [DEBUG] CanStack Stopped
2026-07-29 14:42:15,594 [INFO] Connection closed
2026-07-29 14:42:15,596 [INFO] Running Test Case: TC_ID-766
2026-07-29 14:42:15,597 [DEBUG] Starting CanStack
2026-07-29 14:42:15,600 [DEBUG] Main thread has started
2026-07-29 14:42:15,602 [DEBUG] Relay thread has started
2026-07-29 14:42:15,604 [INFO] Connection opened
2026-07-29 14:42:15,605 [INFO] Switched to physical mode for TC: TC_ID-766 Step: PreCondition: PC_ID-023  Testcase:Non-Sleep ECU data Identifier_Read(Default session)
2026-07-29 14:42:15,607 [INFO] TC_ID-766 - PreCondition: PC_ID-023  Testcase:Non-Sleep ECU data Identifier_Read(Default session): SID=0x22, Sub=0xED90, Expected=[16, 9, 98, 237, 144, 240, 0, 0, 0, 0, 0, 170, 170, 170, 170, 170]
2026-07-29 14:42:15,711 [INFO] TC_ID-766 - PreCondition: PC_ID-023  Testcase:Non-Sleep ECU data Identifier_Read(Default session): Sending request 22ED90
2026-07-29 14:42:15,712 [INFO] TC_ID-766 - PreCondition: PC_ID-023  Testcase:Non-Sleep ECU data Identifier_Read(Default session): Sending request 22ED90
2026-07-29 14:42:15,712 [DEBUG] Sending 3 bytes : [22ed90]
2026-07-29 14:42:15,713 [DEBUG] Enqueuing a SendRequest for 3 bytes and TAT=Physical
2026-07-29 14:42:15,714 [DEBUG] Tx: <706> (08) [ ]	 0322ed9000000000
2026-07-29 14:42:15,715 [DEBUG] We've been asked to write a message to the bus
2026-07-29 14:42:15,716 [DEBUG] sending: Timestamp:        0.000000    ID:      706    S Rx     F BS       DL:  8    03 22 ed 90 00 00 00 00
2026-07-29 14:42:15,739 [DEBUG] We've been asked to write a message to the bus
2026-07-29 14:42:15,744 [DEBUG] sending: Timestamp:        0.000000    ID:      706    S Rx     F BS       DL:  8    30 08 0a 00 00 00 00 00
2026-07-29 14:42:15,745 [DEBUG] Rx: <70E> (08) [p]	 100962ed90f00000
2026-07-29 14:42:15,747 [DEBUG] Tx: <706> (08) [ ]	 30080a0000000000
2026-07-29 14:42:15,749 [DEBUG] We've been asked to write a message to the bus
2026-07-29 14:42:15,750 [DEBUG] sending: Timestamp:        0.000000    ID:      706    S Rx     F BS       DL:  8    30 08 0a 00 00 00 00 00
2026-07-29 14:42:15,755 [DEBUG] TxState=IDLE - RxState=WAIT_CF
2026-07-29 14:42:15,757 [DEBUG] Rx: <70E> (08) [p]	 21000000aaaaaaaa
2026-07-29 14:42:15,805 [INFO] TC_ID-766 - Received: 62ED90F00000000000
2026-07-29 14:42:15,807 [WARNING] TC_ID-766 - PreCondition: PC_ID-023  Testcase:Non-Sleep ECU data Identifier_Read(Default session) -> ❌ FAIL - Expected 100962ED90F00000000000AAAAAAAAAA
2026-07-29 14:42:15,808 [DEBUG] Stopping CanStack
2026-07-29 14:42:15,809 [DEBUG] TxState=IDLE - RxState=IDLE
2026-07-29 14:42:15,812 [DEBUG] Main thread is exiting
2026-07-29 14:42:15,860 [DEBUG] CanStack Stopped
2026-07-29 14:42:15,861 [INFO] Connection closed
2026-07-29 14:42:15,863 [INFO] Running Test Case: PC_ID-024
2026-07-29 14:42:15,864 [DEBUG] Starting CanStack
2026-07-29 14:42:15,868 [DEBUG] Main thread has started
2026-07-29 14:42:15,872 [DEBUG] Relay thread has started
2026-07-29 14:42:15,879 [INFO] Connection opened
2026-07-29 14:42:15,880 [INFO] Switched to physical mode for TC: PC_ID-024 Step: Start Extended session
2026-07-29 14:42:15,881 [INFO] PC_ID-024 - Start Extended session: SID=0x10, Sub=0x03, Expected=[6, 80, 3, 0, 50, 1, 244, 170]
2026-07-29 14:42:15,945 [INFO] PC_ID-024 - Start Extended session: Sending 1003
2026-07-29 14:42:16,001 [INFO] PC_ID-024 - Start Extended session: Sending request 1003
2026-07-29 14:42:16,005 [DEBUG] Sending 2 bytes : [1003]
2026-07-29 14:42:16,009 [DEBUG] Enqueuing a SendRequest for 2 bytes and TAT=Physical
2026-07-29 14:42:16,016 [DEBUG] Tx: <706> (08) [ ]	 0210030000000000
2026-07-29 14:42:16,017 [DEBUG] We've been asked to write a message to the bus
2026-07-29 14:42:16,018 [DEBUG] sending: Timestamp:        0.000000    ID:      706    S Rx     F BS       DL:  8    02 10 03 00 00 00 00 00
2026-07-29 14:42:16,038 [DEBUG] Rx: <70E> (08) [p]	 065003003201f4aa
2026-07-29 14:42:16,039 [INFO] PC_ID-024 - Received: 5003003201F4
2026-07-29 14:42:16,042 [WARNING] PC_ID-024 - Start Extended session -> FAIL - Unexpected response
2026-07-29 14:42:16,045 [DEBUG] Stopping CanStack
2026-07-29 14:42:16,051 [DEBUG] Main thread is exiting
2026-07-29 14:42:16,089 [DEBUG] CanStack Stopped
2026-07-29 14:42:16,093 [INFO] Connection closed
2026-07-29 14:42:16,097 [INFO] Running Test Case: TC_ID-767
2026-07-29 14:42:16,100 [DEBUG] Starting CanStack
2026-07-29 14:42:16,101 [DEBUG] Main thread has started
2026-07-29 14:42:16,102 [DEBUG] Relay thread has started
2026-07-29 14:42:16,104 [INFO] Connection opened
2026-07-29 14:42:16,105 [INFO] Switched to physical mode for TC: TC_ID-767 Step: PreCondition: PC_ID-024  Testcase:RX_SWIN_F1_EF_Read(Defaultsession)
2026-07-29 14:42:16,106 [INFO] TC_ID-767 - PreCondition: PC_ID-024  Testcase:RX_SWIN_F1_EF_Read(Defaultsession): SID=0x22, Sub=0xF1EF, Expected=[16, 43, 98, 241, 239, 7, 6, 11, 82, 49, 48, 32, 66, 74, 49, 47, 49, 47, 48, 12, 82, 49, 53, 53, 32, 66, 74, 49, 47, 49, 47, 48, 12, 82, 49, 53, 54, 32, 66, 74, 49, 47, 49, 47, 48, 170, 170, 170, 170, 170]
2026-07-29 14:42:16,191 [INFO] TC_ID-767 - PreCondition: PC_ID-024  Testcase:RX_SWIN_F1_EF_Read(Defaultsession): Sending request 22F1EF
2026-07-29 14:42:16,191 [INFO] TC_ID-767 - PreCondition: PC_ID-024  Testcase:RX_SWIN_F1_EF_Read(Defaultsession): Sending request 22F1EF
2026-07-29 14:42:16,192 [DEBUG] Sending 3 bytes : [22f1ef]
2026-07-29 14:42:16,193 [DEBUG] Enqueuing a SendRequest for 3 bytes and TAT=Physical
2026-07-29 14:42:16,195 [DEBUG] Tx: <706> (08) [ ]	 0322f1ef00000000
2026-07-29 14:42:16,196 [DEBUG] We've been asked to write a message to the bus
2026-07-29 14:42:16,197 [DEBUG] sending: Timestamp:        0.000000    ID:      706    S Rx     F BS       DL:  8    03 22 f1 ef 00 00 00 00
2026-07-29 14:42:16,221 [DEBUG] Rx: <70E> (08) [p]	 102b62f1ef07060b
2026-07-29 14:42:16,222 [DEBUG] Tx: <706> (08) [ ]	 30080a0000000000
2026-07-29 14:42:16,224 [DEBUG] We've been asked to write a message to the bus
2026-07-29 14:42:16,225 [DEBUG] sending: Timestamp:        0.000000    ID:      706    S Rx     F BS       DL:  8    30 08 0a 00 00 00 00 00
2026-07-29 14:42:16,227 [DEBUG] TxState=IDLE - RxState=WAIT_CF
2026-07-29 14:42:16,233 [DEBUG] Rx: <70E> (08) [p]	 2152313020424a31
2026-07-29 14:42:16,249 [DEBUG] Rx: <70E> (08) [p]	 222f312f300c5231
2026-07-29 14:42:16,254 [WARNING] TC_ID-767 - No response received
2026-07-29 14:42:16,257 [DEBUG] Stopping CanStack
2026-07-29 14:42:16,262 [DEBUG] Main thread is exiting
2026-07-29 14:42:16,267 [DEBUG] CanStack Stopped
2026-07-29 14:42:16,268 [INFO] Connection closed
2026-07-29 14:42:16,268 [INFO] Running Test Case: TC_ID-768
2026-07-29 14:42:16,269 [DEBUG] Starting CanStack
2026-07-29 14:42:16,270 [DEBUG] Main thread has started
2026-07-29 14:42:16,272 [DEBUG] Relay thread has started
2026-07-29 14:42:16,274 [INFO] Connection opened
2026-07-29 14:42:16,276 [INFO] Switched to physical mode for TC: TC_ID-768 Step: PreCondition: PC_ID-024  Testcase:Vehicle_Manufacturer_Spare_Part_Number_F1_87_Read(Defaultsession)
2026-07-29 14:42:16,279 [INFO] TC_ID-768 - PreCondition: PC_ID-024  Testcase:Vehicle_Manufacturer_Spare_Part_Number_F1_87_Read(Defaultsession): SID=0x22, Sub=0xF187, Expected=[16, 13, 98, 241, 135, 56, 56, 53, 52, 48, 71, 74, 48, 48, 48, 170, 170]
2026-07-29 14:42:16,280 [DEBUG] Rx: <70E> (08) [p]	 24312f300c523135
2026-07-29 14:42:16,351 [WARNING] Received a ConsecutiveFrame while reception was idle. Ignoring
2026-07-29 14:42:16,374 [DEBUG] Rx: <70E> (08) [p]	 253620424a312f31
2026-07-29 14:42:16,376 [WARNING] Received a ConsecutiveFrame while reception was idle. Ignoring
2026-07-29 14:42:16,378 [DEBUG] Rx: <70E> (08) [p]	 262f30aaaaaaaaaa
2026-07-29 14:42:16,379 [WARNING] Received a ConsecutiveFrame while reception was idle. Ignoring
2026-07-29 14:42:16,405 [INFO] TC_ID-768 - PreCondition: PC_ID-024  Testcase:Vehicle_Manufacturer_Spare_Part_Number_F1_87_Read(Defaultsession): Sending request 22F187
2026-07-29 14:42:16,409 [INFO] TC_ID-768 - PreCondition: PC_ID-024  Testcase:Vehicle_Manufacturer_Spare_Part_Number_F1_87_Read(Defaultsession): Sending request 22F187
2026-07-29 14:42:16,412 [DEBUG] Sending 3 bytes : [22f187]
2026-07-29 14:42:16,412 [DEBUG] Enqueuing a SendRequest for 3 bytes and TAT=Physical
2026-07-29 14:42:16,414 [DEBUG] Tx: <706> (08) [ ]	 0322f18700000000
2026-07-29 14:42:16,415 [DEBUG] We've been asked to write a message to the bus
2026-07-29 14:42:16,415 [DEBUG] sending: Timestamp:        0.000000    ID:      706    S Rx     F BS       DL:  8    03 22 f1 87 00 00 00 00
2026-07-29 14:42:16,416 [DEBUG] TxState=IDLE - RxState=IDLE
2026-07-29 14:42:16,436 [DEBUG] We've been asked to write a message to the bus
2026-07-29 14:42:16,439 [DEBUG] sending: Timestamp:        0.000000    ID:      706    S Rx     F BS       DL:  8    30 08 0a 00 00 00 00 00
2026-07-29 14:42:16,441 [DEBUG] Rx: <70E> (08) [p]	 100d62f187383835
2026-07-29 14:42:16,444 [DEBUG] Tx: <706> (08) [ ]	 30080a0000000000
2026-07-29 14:42:16,446 [DEBUG] We've been asked to write a message to the bus
2026-07-29 14:42:16,454 [DEBUG] sending: Timestamp:        0.000000    ID:      706    S Rx     F BS       DL:  8    30 08 0a 00 00 00 00 00
2026-07-29 14:42:16,462 [DEBUG] TxState=IDLE - RxState=WAIT_CF
2026-07-29 14:42:16,464 [DEBUG] Rx: <70E> (08) [p]	 213430474a303030
2026-07-29 14:42:16,502 [INFO] TC_ID-768 - Received: 62F1873838353430474A303030
2026-07-29 14:42:16,506 [WARNING] TC_ID-768 - PreCondition: PC_ID-024  Testcase:Vehicle_Manufacturer_Spare_Part_Number_F1_87_Read(Defaultsession) -> ❌ FAIL - Expected 100D62F1873838353430474A303030AAAA
2026-07-29 14:42:16,507 [DEBUG] Stopping CanStack
2026-07-29 14:42:16,507 [DEBUG] TxState=IDLE - RxState=IDLE
2026-07-29 14:42:16,508 [DEBUG] Main thread is exiting
2026-07-29 14:42:16,512 [DEBUG] CanStack Stopped
2026-07-29 14:42:16,513 [INFO] Connection closed
2026-07-29 14:42:16,514 [INFO] Running Test Case: TC_ID-769
2026-07-29 14:42:16,515 [DEBUG] Starting CanStack
2026-07-29 14:42:16,517 [DEBUG] Main thread has started
2026-07-29 14:42:16,519 [DEBUG] Relay thread has started
2026-07-29 14:42:16,522 [INFO] Connection opened
2026-07-29 14:42:16,523 [INFO] Switched to physical mode for TC: TC_ID-769 Step: PreCondition: PC_ID-024  Testcase:Verify incorrect msg length NRC for Part number information (22 F1 87 01)
2026-07-29 14:42:16,524 [INFO] TC_ID-769 - PreCondition: PC_ID-024  Testcase:Verify incorrect msg length NRC for Part number information (22 F1 87 01): SID=0x22, Sub=0xF18701, Expected=[3, 127, 34, 19, 170, 170, 170, 170]
2026-07-29 14:42:16,629 [INFO] TC_ID-769 - PreCondition: PC_ID-024  Testcase:Verify incorrect msg length NRC for Part number information (22 F1 87 01): Sending request 22F18701
2026-07-29 14:42:16,629 [INFO] TC_ID-769 - PreCondition: PC_ID-024  Testcase:Verify incorrect msg length NRC for Part number information (22 F1 87 01): Sending request 22F18701
2026-07-29 14:42:16,630 [DEBUG] Sending 4 bytes : [22f18701]
2026-07-29 14:42:16,631 [DEBUG] Enqueuing a SendRequest for 4 bytes and TAT=Physical
2026-07-29 14:42:16,632 [DEBUG] Tx: <706> (08) [ ]	 0422f18701000000
2026-07-29 14:42:16,632 [DEBUG] We've been asked to write a message to the bus
2026-07-29 14:42:16,632 [DEBUG] sending: Timestamp:        0.000000    ID:      706    S Rx     F BS       DL:  8    04 22 f1 87 01 00 00 00
2026-07-29 14:42:16,657 [DEBUG] Rx: <70E> (08) [p]	 037f2213aaaaaaaa
2026-07-29 14:42:16,706 [INFO] TC_ID-769 - Received: 7F2213
2026-07-29 14:42:16,708 [WARNING] TC_ID-769 - PreCondition: PC_ID-024  Testcase:Verify incorrect msg length NRC for Part number information (22 F1 87 01) -> ❌ FAIL - Expected 037F2213AAAAAAAA
2026-07-29 14:42:16,709 [DEBUG] Stopping CanStack
2026-07-29 14:42:16,710 [DEBUG] Main thread is exiting
2026-07-29 14:42:16,758 [DEBUG] CanStack Stopped
2026-07-29 14:42:16,759 [INFO] Connection closed
2026-07-29 14:42:16,761 [INFO] Running Test Case: TC_ID-770
2026-07-29 14:42:16,762 [DEBUG] Starting CanStack
2026-07-29 14:42:16,764 [DEBUG] Main thread has started
2026-07-29 14:42:16,766 [DEBUG] Relay thread has started
2026-07-29 14:42:16,767 [INFO] Connection opened
2026-07-29 14:42:16,768 [INFO] Switched to physical mode for TC: TC_ID-770 Step: PreCondition: PC_ID-024  Testcase:Manufacturing_F1_8B_Read(Defaultsession)
2026-07-29 14:42:16,769 [INFO] TC_ID-770 - PreCondition: PC_ID-024  Testcase:Manufacturing_F1_8B_Read(Defaultsession): SID=0x22, Sub=0xF18B, Expected=[7, 98, 241, 139, 32, 37, 16, 21]
2026-07-29 14:42:16,867 [INFO] TC_ID-770 - PreCondition: PC_ID-024  Testcase:Manufacturing_F1_8B_Read(Defaultsession): Sending request 22F18B
2026-07-29 14:42:16,867 [INFO] TC_ID-770 - PreCondition: PC_ID-024  Testcase:Manufacturing_F1_8B_Read(Defaultsession): Sending request 22F18B
2026-07-29 14:42:16,868 [DEBUG] Sending 3 bytes : [22f18b]
2026-07-29 14:42:16,869 [DEBUG] Enqueuing a SendRequest for 3 bytes and TAT=Physical
2026-07-29 14:42:16,870 [DEBUG] Tx: <706> (08) [ ]	 0322f18b00000000
2026-07-29 14:42:16,870 [DEBUG] We've been asked to write a message to the bus
2026-07-29 14:42:16,871 [DEBUG] sending: Timestamp:        0.000000    ID:      706    S Rx     F BS       DL:  8    03 22 f1 8b 00 00 00 00
2026-07-29 14:42:16,898 [DEBUG] Rx: <70E> (08) [p]	 0762f18b20251015
2026-07-29 14:42:16,949 [INFO] TC_ID-770 - Received: 62F18B20251015
2026-07-29 14:42:16,952 [WARNING] TC_ID-770 - PreCondition: PC_ID-024  Testcase:Manufacturing_F1_8B_Read(Defaultsession) -> ❌ FAIL - Expected 0762F18B20251015
2026-07-29 14:42:16,957 [DEBUG] Stopping CanStack
2026-07-29 14:42:16,959 [DEBUG] Main thread is exiting
2026-07-29 14:42:17,000 [DEBUG] CanStack Stopped
2026-07-29 14:42:17,002 [INFO] Connection closed
2026-07-29 14:42:17,002 [INFO] Running Test Case: TC_ID-771
2026-07-29 14:42:17,003 [DEBUG] Starting CanStack
2026-07-29 14:42:17,004 [DEBUG] Main thread has started
2026-07-29 14:42:17,005 [DEBUG] Relay thread has started
2026-07-29 14:42:17,007 [INFO] Connection opened
2026-07-29 14:42:17,008 [INFO] Switched to physical mode for TC: TC_ID-771 Step: PreCondition: PC_ID-024  Testcase:ECU_Serial_Number_F1_8C_Read(Extended session)
2026-07-29 14:42:17,009 [INFO] TC_ID-771 - PreCondition: PC_ID-024  Testcase:ECU_Serial_Number_F1_8C_Read(Extended session): SID=0x22, Sub=0xF18C, Expected=[16, 13, 98, 241, 140, 48, 48, 48, 48, 48, 48, 48, 48, 53, 48, 170, 170]
2026-07-29 14:42:17,120 [INFO] TC_ID-771 - PreCondition: PC_ID-024  Testcase:ECU_Serial_Number_F1_8C_Read(Extended session): Sending request 22F18C
2026-07-29 14:42:17,121 [INFO] TC_ID-771 - PreCondition: PC_ID-024  Testcase:ECU_Serial_Number_F1_8C_Read(Extended session): Sending request 22F18C
2026-07-29 14:42:17,122 [DEBUG] Sending 3 bytes : [22f18c]
2026-07-29 14:42:17,123 [DEBUG] Enqueuing a SendRequest for 3 bytes and TAT=Physical
2026-07-29 14:42:17,125 [DEBUG] Tx: <706> (08) [ ]	 0322f18c00000000
2026-07-29 14:42:17,126 [DEBUG] We've been asked to write a message to the bus
2026-07-29 14:42:17,127 [DEBUG] sending: Timestamp:        0.000000    ID:      706    S Rx     F BS       DL:  8    03 22 f1 8c 00 00 00 00
2026-07-29 14:42:17,148 [DEBUG] We've been asked to write a message to the bus
2026-07-29 14:42:17,152 [DEBUG] sending: Timestamp:        0.000000    ID:      706    S Rx     F BS       DL:  8    30 08 0a 00 00 00 00 00
2026-07-29 14:42:17,152 [DEBUG] Rx: <70E> (08) [p]	 100d62f18c303030
2026-07-29 14:42:17,155 [DEBUG] Tx: <706> (08) [ ]	 30080a0000000000
2026-07-29 14:42:17,158 [DEBUG] We've been asked to write a message to the bus
2026-07-29 14:42:17,161 [DEBUG] sending: Timestamp:        0.000000    ID:      706    S Rx     F BS       DL:  8    30 08 0a 00 00 00 00 00
2026-07-29 14:42:17,163 [DEBUG] TxState=IDLE - RxState=WAIT_CF
2026-07-29 14:42:17,164 [DEBUG] Rx: <70E> (08) [p]	 2130303030303530
2026-07-29 14:42:17,211 [INFO] TC_ID-771 - Received: 62F18C30303030303030303530
2026-07-29 14:42:17,212 [WARNING] TC_ID-771 - PreCondition: PC_ID-024  Testcase:ECU_Serial_Number_F1_8C_Read(Extended session) -> ❌ FAIL - Expected 100D62F18C30303030303030303530AAAA
2026-07-29 14:42:17,213 [DEBUG] Stopping CanStack
2026-07-29 14:42:17,215 [DEBUG] TxState=IDLE - RxState=IDLE
2026-07-29 14:42:17,216 [DEBUG] Main thread is exiting
2026-07-29 14:42:17,259 [DEBUG] CanStack Stopped
2026-07-29 14:42:17,260 [INFO] Connection closed
2026-07-29 14:42:17,261 [INFO] Running Test Case: TC_ID-772
2026-07-29 14:42:17,263 [DEBUG] Starting CanStack
2026-07-29 14:42:17,265 [DEBUG] Main thread has started
2026-07-29 14:42:17,267 [DEBUG] Relay thread has started
2026-07-29 14:42:17,269 [INFO] Connection opened
2026-07-29 14:42:17,273 [INFO] Switched to physical mode for TC: TC_ID-772 Step: PreCondition: PC_ID-024  Testcase:Verify incorrect msg length NRC for ECU Serial no. (22 F1 8C 01)
2026-07-29 14:42:17,277 [INFO] TC_ID-772 - PreCondition: PC_ID-024  Testcase:Verify incorrect msg length NRC for ECU Serial no. (22 F1 8C 01): SID=0x22, Sub=0xF18C01, Expected=[3, 127, 34, 19, 170, 170, 170, 170]
2026-07-29 14:42:17,379 [INFO] TC_ID-772 - PreCondition: PC_ID-024  Testcase:Verify incorrect msg length NRC for ECU Serial no. (22 F1 8C 01): Sending request 22F18C01
2026-07-29 14:42:17,380 [INFO] TC_ID-772 - PreCondition: PC_ID-024  Testcase:Verify incorrect msg length NRC for ECU Serial no. (22 F1 8C 01): Sending request 22F18C01
2026-07-29 14:42:17,380 [DEBUG] Sending 4 bytes : [22f18c01]
2026-07-29 14:42:17,381 [DEBUG] Enqueuing a SendRequest for 4 bytes and TAT=Physical
2026-07-29 14:42:17,383 [DEBUG] Tx: <706> (08) [ ]	 0422f18c01000000
2026-07-29 14:42:17,384 [DEBUG] We've been asked to write a message to the bus
2026-07-29 14:42:17,385 [DEBUG] sending: Timestamp:        0.000000    ID:      706    S Rx     F BS       DL:  8    04 22 f1 8c 01 00 00 00
2026-07-29 14:42:17,410 [DEBUG] Rx: <70E> (08) [p]	 037f2213aaaaaaaa
2026-07-29 14:42:17,459 [INFO] TC_ID-772 - Received: 7F2213
2026-07-29 14:42:17,461 [WARNING] TC_ID-772 - PreCondition: PC_ID-024  Testcase:Verify incorrect msg length NRC for ECU Serial no. (22 F1 8C 01) -> ❌ FAIL - Expected 037F2213AAAAAAAA
2026-07-29 14:42:17,463 [DEBUG] Stopping CanStack
2026-07-29 14:42:17,465 [DEBUG] Main thread is exiting
2026-07-29 14:42:17,511 [DEBUG] CanStack Stopped
2026-07-29 14:42:17,512 [INFO] Connection closed
2026-07-29 14:42:17,514 [INFO] Running Test Case: TC_ID-773
2026-07-29 14:42:17,515 [DEBUG] Starting CanStack
2026-07-29 14:42:17,517 [DEBUG] Main thread has started
2026-07-29 14:42:17,518 [DEBUG] Relay thread has started
2026-07-29 14:42:17,521 [INFO] Connection opened
2026-07-29 14:42:17,522 [INFO] Switched to physical mode for TC: TC_ID-773 Step: PreCondition: PC_ID-024  Testcase:Vehicle_Manufacturer_ECU_HW_Number_F1_91_Read(Defaultsession)
2026-07-29 14:42:17,523 [INFO] TC_ID-773 - PreCondition: PC_ID-024  Testcase:Vehicle_Manufacturer_ECU_HW_Number_F1_91_Read(Defaultsession): SID=0x22, Sub=0xF191, Expected=[16, 8, 98, 241, 145, 67, 46, 48, 48, 170, 170, 170, 170, 170]
2026-07-29 14:42:17,629 [INFO] TC_ID-773 - PreCondition: PC_ID-024  Testcase:Vehicle_Manufacturer_ECU_HW_Number_F1_91_Read(Defaultsession): Sending request 22F191
2026-07-29 14:42:17,629 [INFO] TC_ID-773 - PreCondition: PC_ID-024  Testcase:Vehicle_Manufacturer_ECU_HW_Number_F1_91_Read(Defaultsession): Sending request 22F191
2026-07-29 14:42:17,630 [DEBUG] Sending 3 bytes : [22f191]
2026-07-29 14:42:17,631 [DEBUG] Enqueuing a SendRequest for 3 bytes and TAT=Physical
2026-07-29 14:42:17,633 [DEBUG] Tx: <706> (08) [ ]	 0322f19100000000
2026-07-29 14:42:17,635 [DEBUG] We've been asked to write a message to the bus
2026-07-29 14:42:17,635 [DEBUG] sending: Timestamp:        0.000000    ID:      706    S Rx     F BS       DL:  8    03 22 f1 91 00 00 00 00
2026-07-29 14:42:17,661 [INFO] TC_ID-773 PreCondition: PC_ID-024  Testcase:Vehicle_Manufacturer_ECU_HW_Number_F1_91_Read(Defaultsession) -> Response shorter than expected (7/8). Waiting for remaining payload.
2026-07-29 14:42:17,663 [DEBUG] Rx: <70E> (08) [p]	 0762f191432e3030
2026-07-29 14:42:17,666 [DEBUG] Received 7 bytes : [62f191432e3030]
2026-07-29 14:42:17,717 [INFO] TC_ID-773 - Received: 62F191432E303062
2026-07-29 14:42:17,719 [WARNING] TC_ID-773 - PreCondition: PC_ID-024  Testcase:Vehicle_Manufacturer_ECU_HW_Number_F1_91_Read(Defaultsession) -> ❌ FAIL - Expected 100862F191432E3030AAAAAAAAAA
2026-07-29 14:42:17,720 [DEBUG] Stopping CanStack
2026-07-29 14:42:17,721 [DEBUG] Main thread is exiting
2026-07-29 14:42:17,760 [DEBUG] CanStack Stopped
2026-07-29 14:42:17,761 [INFO] Connection closed
2026-07-29 14:42:17,763 [INFO] Running Test Case: TC_ID-774
2026-07-29 14:42:17,765 [DEBUG] Starting CanStack
2026-07-29 14:42:17,767 [DEBUG] Main thread has started
2026-07-29 14:42:17,769 [DEBUG] Relay thread has started
2026-07-29 14:42:17,771 [INFO] Connection opened
2026-07-29 14:42:17,772 [INFO] Switched to physical mode for TC: TC_ID-774 Step: PreCondition: PC_ID-024  Testcase:HardwareVersionNumber_F1_93_Read(Defaultsession)
2026-07-29 14:42:17,773 [INFO] TC_ID-774 - PreCondition: PC_ID-024  Testcase:HardwareVersionNumber_F1_93_Read(Defaultsession): SID=0x22, Sub=0xF193, Expected=[16, 8, 98, 241, 147, 67, 46, 48, 48, 170, 170, 170, 170, 170]
2026-07-29 14:42:17,878 [INFO] TC_ID-774 - PreCondition: PC_ID-024  Testcase:HardwareVersionNumber_F1_93_Read(Defaultsession): Sending request 22F193
2026-07-29 14:42:17,879 [INFO] TC_ID-774 - PreCondition: PC_ID-024  Testcase:HardwareVersionNumber_F1_93_Read(Defaultsession): Sending request 22F193
2026-07-29 14:42:17,879 [DEBUG] Sending 3 bytes : [22f193]
2026-07-29 14:42:17,880 [DEBUG] Enqueuing a SendRequest for 3 bytes and TAT=Physical
2026-07-29 14:42:17,881 [DEBUG] Tx: <706> (08) [ ]	 0322f19300000000
2026-07-29 14:42:17,882 [DEBUG] We've been asked to write a message to the bus
2026-07-29 14:42:17,882 [DEBUG] sending: Timestamp:        0.000000    ID:      706    S Rx     F BS       DL:  8    03 22 f1 93 00 00 00 00
2026-07-29 14:42:17,911 [DEBUG] Rx: <70E> (08) [p]	 0762f193432e3030
2026-07-29 14:42:17,915 [INFO] TC_ID-774 PreCondition: PC_ID-024  Testcase:HardwareVersionNumber_F1_93_Read(Defaultsession) -> Response shorter than expected (7/8). Waiting for remaining payload.
2026-07-29 14:42:17,921 [DEBUG] Received 7 bytes : [62f193432e3030]
2026-07-29 14:42:17,972 [INFO] TC_ID-774 - Received: 62F193432E303062
2026-07-29 14:42:17,973 [WARNING] TC_ID-774 - PreCondition: PC_ID-024  Testcase:HardwareVersionNumber_F1_93_Read(Defaultsession) -> ❌ FAIL - Expected 100862F193432E3030AAAAAAAAAA
2026-07-29 14:42:17,975 [DEBUG] Stopping CanStack
2026-07-29 14:42:17,976 [DEBUG] Main thread is exiting
2026-07-29 14:42:18,012 [DEBUG] CanStack Stopped
2026-07-29 14:42:18,013 [INFO] Connection closed
2026-07-29 14:42:18,014 [INFO] Running Test Case: TC_ID-775
2026-07-29 14:42:18,015 [DEBUG] Starting CanStack
2026-07-29 14:42:18,016 [DEBUG] Main thread has started
2026-07-29 14:42:18,017 [DEBUG] Relay thread has started
2026-07-29 14:42:18,019 [INFO] Connection opened
2026-07-29 14:42:18,020 [INFO] Switched to physical mode for TC: TC_ID-775 Step: PreCondition: PC_ID-024  Testcase:Verify incorrect msg length NRC for System Supplier ECU H/W version information (22 F1 93 01)
2026-07-29 14:42:18,021 [INFO] TC_ID-775 - PreCondition: PC_ID-024  Testcase:Verify incorrect msg length NRC for System Supplier ECU H/W version information (22 F1 93 01): SID=0x22, Sub=0xF19301, Expected=[3, 127, 34, 19, 170, 170, 170, 170]
2026-07-29 14:42:18,136 [INFO] TC_ID-775 - PreCondition: PC_ID-024  Testcase:Verify incorrect msg length NRC for System Supplier ECU H/W version information (22 F1 93 01): Sending request 22F19301
2026-07-29 14:42:18,137 [INFO] TC_ID-775 - PreCondition: PC_ID-024  Testcase:Verify incorrect msg length NRC for System Supplier ECU H/W version information (22 F1 93 01): Sending request 22F19301
2026-07-29 14:42:18,139 [DEBUG] Sending 4 bytes : [22f19301]
2026-07-29 14:42:18,140 [DEBUG] Enqueuing a SendRequest for 4 bytes and TAT=Physical
2026-07-29 14:42:18,144 [DEBUG] Tx: <706> (08) [ ]	 0422f19301000000
2026-07-29 14:42:18,146 [DEBUG] We've been asked to write a message to the bus
2026-07-29 14:42:18,148 [DEBUG] sending: Timestamp:        0.000000    ID:      706    S Rx     F BS       DL:  8    04 22 f1 93 01 00 00 00
2026-07-29 14:42:18,178 [DEBUG] Rx: <70E> (08) [p]	 037f2213aaaaaaaa
2026-07-29 14:42:18,228 [INFO] TC_ID-775 - Received: 7F2213
2026-07-29 14:42:18,230 [WARNING] TC_ID-775 - PreCondition: PC_ID-024  Testcase:Verify incorrect msg length NRC for System Supplier ECU H/W version information (22 F1 93 01) -> ❌ FAIL - Expected 037F2213AAAAAAAA
2026-07-29 14:42:18,232 [DEBUG] Stopping CanStack
2026-07-29 14:42:18,234 [DEBUG] Main thread is exiting
2026-07-29 14:42:18,280 [DEBUG] CanStack Stopped
2026-07-29 14:42:18,282 [INFO] Connection closed
2026-07-29 14:42:18,284 [INFO] Running Test Case: TC_ID-776
2026-07-29 14:42:18,287 [DEBUG] Starting CanStack
2026-07-29 14:42:18,294 [DEBUG] Main thread has started
2026-07-29 14:42:18,299 [DEBUG] Relay thread has started
2026-07-29 14:42:18,300 [INFO] Connection opened
2026-07-29 14:42:18,300 [INFO] Switched to physical mode for TC: TC_ID-776 Step: PreCondition: PC_ID-024  Testcase:ECUSoftwareUnit1IVDDataIdentifier_F1_C1_Read(Extended )
2026-07-29 14:42:18,301 [INFO] TC_ID-776 - PreCondition: PC_ID-024  Testcase:ECUSoftwareUnit1IVDDataIdentifier_F1_C1_Read(Extended ): SID=0x22, Sub=0xF1C1, Expected=[16, 35, 98, 241, 193, 89, 132, 149, 115, 208, 147, 255, 45, 174, 165, 181, 19, 158, 8, 114, 225, 168, 238, 34, 156, 199, 240, 147, 54, 118, 206, 209, 76, 62, 181, 253, 217, 170, 170, 170, 170, 170, 170]
2026-07-29 14:42:18,398 [INFO] TC_ID-776 - PreCondition: PC_ID-024  Testcase:ECUSoftwareUnit1IVDDataIdentifier_F1_C1_Read(Extended ): Sending request 22F1C1
2026-07-29 14:42:18,399 [INFO] TC_ID-776 - PreCondition: PC_ID-024  Testcase:ECUSoftwareUnit1IVDDataIdentifier_F1_C1_Read(Extended ): Sending request 22F1C1
2026-07-29 14:42:18,400 [DEBUG] Sending 3 bytes : [22f1c1]
2026-07-29 14:42:18,401 [DEBUG] Enqueuing a SendRequest for 3 bytes and TAT=Physical
2026-07-29 14:42:18,403 [DEBUG] Tx: <706> (08) [ ]	 0322f1c100000000
2026-07-29 14:42:18,404 [DEBUG] We've been asked to write a message to the bus
2026-07-29 14:42:18,405 [DEBUG] sending: Timestamp:        0.000000    ID:      706    S Rx     F BS       DL:  8    03 22 f1 c1 00 00 00 00
2026-07-29 14:42:18,429 [INFO] TC_ID-776 PreCondition: PC_ID-024  Testcase:ECUSoftwareUnit1IVDDataIdentifier_F1_C1_Read(Extended ) -> Response shorter than expected (3/35). Waiting for remaining payload.
2026-07-29 14:42:18,431 [DEBUG] Rx: <70E> (08) [p]	 037f2222aaaaaaaa
2026-07-29 14:42:18,432 [DEBUG] Received 3 bytes : [7f2222]
2026-07-29 14:42:23,434 [DEBUG] No data received: [TimeoutException] - Did not receive IsoTP frame from the Transport layer in time (timeout=5.0 sec) 
2026-07-29 14:42:23,435 [WARNING] TC_ID-776 PreCondition: PC_ID-024  Testcase:ECUSoftwareUnit1IVDDataIdentifier_F1_C1_Read(Extended ) -> Timed out while extending response (6/35)
2026-07-29 14:42:23,486 [INFO] TC_ID-776 - Received: 7F22227F2222
2026-07-29 14:42:23,488 [WARNING] TC_ID-776 - PreCondition: PC_ID-024  Testcase:ECUSoftwareUnit1IVDDataIdentifier_F1_C1_Read(Extended ) -> ❌ FAIL - Expected 102362F1C159849573D093FF2DAEA5B5139E0872E1A8EE229CC7F0933676CED14C3EB5FDD9AAAAAAAAAAAA
2026-07-29 14:42:23,489 [DEBUG] Stopping CanStack
2026-07-29 14:42:23,491 [DEBUG] Main thread is exiting
2026-07-29 14:42:23,504 [DEBUG] CanStack Stopped
2026-07-29 14:42:23,505 [INFO] Connection closed
2026-07-29 14:42:23,507 [INFO] Running Test Case: TC_ID-777
2026-07-29 14:42:23,508 [DEBUG] Starting CanStack
2026-07-29 14:42:23,513 [DEBUG] Main thread has started
2026-07-29 14:42:23,519 [DEBUG] Relay thread has started
2026-07-29 14:42:23,524 [INFO] Connection opened
2026-07-29 14:42:23,526 [INFO] Switched to physical mode for TC: TC_ID-777 Step: PreCondition: PC_ID-024  Testcase:Verify incorrect msg length NRC for ECU S/W Unit 1 IVD Response (22 F1 C1 01)
2026-07-29 14:42:23,527 [INFO] TC_ID-777 - PreCondition: PC_ID-024  Testcase:Verify incorrect msg length NRC for ECU S/W Unit 1 IVD Response (22 F1 C1 01): SID=0x22, Sub=0xF1C101, Expected=[3, 127, 34, 19, 170, 170, 170, 170]
2026-07-29 14:42:23,635 [INFO] TC_ID-777 - PreCondition: PC_ID-024  Testcase:Verify incorrect msg length NRC for ECU S/W Unit 1 IVD Response (22 F1 C1 01): Sending request 22F1C101
2026-07-29 14:42:23,636 [INFO] TC_ID-777 - PreCondition: PC_ID-024  Testcase:Verify incorrect msg length NRC for ECU S/W Unit 1 IVD Response (22 F1 C1 01): Sending request 22F1C101
2026-07-29 14:42:23,637 [DEBUG] Sending 4 bytes : [22f1c101]
2026-07-29 14:42:23,639 [DEBUG] Enqueuing a SendRequest for 4 bytes and TAT=Physical
2026-07-29 14:42:23,641 [DEBUG] Tx: <706> (08) [ ]	 0422f1c101000000
2026-07-29 14:42:23,643 [DEBUG] We've been asked to write a message to the bus
2026-07-29 14:42:23,645 [DEBUG] sending: Timestamp:        0.000000    ID:      706    S Rx     F BS       DL:  8    04 22 f1 c1 01 00 00 00
2026-07-29 14:42:23,670 [DEBUG] Rx: <70E> (08) [p]	 037f2213aaaaaaaa
2026-07-29 14:42:23,718 [INFO] TC_ID-777 - Received: 7F2213
2026-07-29 14:42:23,719 [WARNING] TC_ID-777 - PreCondition: PC_ID-024  Testcase:Verify incorrect msg length NRC for ECU S/W Unit 1 IVD Response (22 F1 C1 01) -> ❌ FAIL - Expected 037F2213AAAAAAAA
2026-07-29 14:42:23,721 [DEBUG] Stopping CanStack
2026-07-29 14:42:23,723 [DEBUG] Main thread is exiting
2026-07-29 14:42:23,771 [DEBUG] CanStack Stopped
2026-07-29 14:42:23,772 [INFO] Connection closed
2026-07-29 14:42:23,773 [INFO] Running Test Case: TC_ID-778
2026-07-29 14:42:23,773 [DEBUG] Starting CanStack
2026-07-29 14:42:23,775 [DEBUG] Main thread has started
2026-07-29 14:42:23,776 [DEBUG] Relay thread has started
2026-07-29 14:42:23,777 [INFO] Connection opened
2026-07-29 14:42:23,778 [INFO] Switched to physical mode for TC: TC_ID-778 Step: PreCondition: PC_ID-024  Testcase:ECU_Supplier_Code_F1_A1_Read(Defaultsession)
2026-07-29 14:42:23,778 [INFO] TC_ID-778 - PreCondition: PC_ID-024  Testcase:ECU_Supplier_Code_F1_A1_Read(Defaultsession): SID=0x22, Sub=0xF1A1, Expected=[7, 98, 241, 161, 83, 49, 49, 48]
2026-07-29 14:42:23,892 [INFO] TC_ID-778 - PreCondition: PC_ID-024  Testcase:ECU_Supplier_Code_F1_A1_Read(Defaultsession): Sending request 22F1A1
2026-07-29 14:42:23,892 [INFO] TC_ID-778 - PreCondition: PC_ID-024  Testcase:ECU_Supplier_Code_F1_A1_Read(Defaultsession): Sending request 22F1A1
2026-07-29 14:42:23,893 [DEBUG] Sending 3 bytes : [22f1a1]
2026-07-29 14:42:23,894 [DEBUG] Enqueuing a SendRequest for 3 bytes and TAT=Physical
2026-07-29 14:42:23,896 [DEBUG] Tx: <706> (08) [ ]	 0322f1a100000000
2026-07-29 14:42:23,897 [DEBUG] We've been asked to write a message to the bus
2026-07-29 14:42:23,898 [DEBUG] sending: Timestamp:        0.000000    ID:      706    S Rx     F BS       DL:  8    03 22 f1 a1 00 00 00 00
2026-07-29 14:42:23,921 [DEBUG] Rx: <70E> (08) [p]	 0762f1a153313130
2026-07-29 14:42:23,973 [INFO] TC_ID-778 - Received: 62F1A153313130
2026-07-29 14:42:23,975 [WARNING] TC_ID-778 - PreCondition: PC_ID-024  Testcase:ECU_Supplier_Code_F1_A1_Read(Defaultsession) -> ❌ FAIL - Expected 0762F1A153313130
2026-07-29 14:42:23,976 [DEBUG] Stopping CanStack
2026-07-29 14:42:23,977 [DEBUG] Main thread is exiting
2026-07-29 14:42:24,019 [DEBUG] CanStack Stopped
2026-07-29 14:42:24,020 [INFO] Connection closed
2026-07-29 14:42:24,021 [INFO] Running Test Case: TC_ID-779
2026-07-29 14:42:24,023 [DEBUG] Starting CanStack
2026-07-29 14:42:24,026 [DEBUG] Main thread has started
2026-07-29 14:42:24,028 [DEBUG] Relay thread has started
2026-07-29 14:42:24,031 [INFO] Connection opened
2026-07-29 14:42:24,032 [INFO] Switched to physical mode for TC: TC_ID-779 Step: PreCondition: PC_ID-024  Testcase:ECU_Software_UNIT_number_F1_B0_Read(Defaultsession)
2026-07-29 14:42:24,033 [INFO] TC_ID-779 - PreCondition: PC_ID-024  Testcase:ECU_Software_UNIT_number_F1_B0_Read(Defaultsession): SID=0x22, Sub=0xF1B0, Expected=[4, 98, 241, 176, 1, 170, 170, 170]
2026-07-29 14:42:24,137 [INFO] TC_ID-779 - PreCondition: PC_ID-024  Testcase:ECU_Software_UNIT_number_F1_B0_Read(Defaultsession): Sending request 22F1B0
2026-07-29 14:42:24,138 [INFO] TC_ID-779 - PreCondition: PC_ID-024  Testcase:ECU_Software_UNIT_number_F1_B0_Read(Defaultsession): Sending request 22F1B0
2026-07-29 14:42:24,139 [DEBUG] Sending 3 bytes : [22f1b0]
2026-07-29 14:42:24,140 [DEBUG] Enqueuing a SendRequest for 3 bytes and TAT=Physical
2026-07-29 14:42:24,142 [DEBUG] Tx: <706> (08) [ ]	 0322f1b000000000
2026-07-29 14:42:24,143 [DEBUG] We've been asked to write a message to the bus
2026-07-29 14:42:24,144 [DEBUG] sending: Timestamp:        0.000000    ID:      706    S Rx     F BS       DL:  8    03 22 f1 b0 00 00 00 00
2026-07-29 14:42:24,169 [DEBUG] Rx: <70E> (08) [p]	 0462f1b001aaaaaa
2026-07-29 14:42:24,218 [INFO] TC_ID-779 - Received: 62F1B001
2026-07-29 14:42:24,219 [WARNING] TC_ID-779 - PreCondition: PC_ID-024  Testcase:ECU_Software_UNIT_number_F1_B0_Read(Defaultsession) -> ❌ FAIL - Expected 0462F1B001AAAAAA
2026-07-29 14:42:24,221 [DEBUG] Stopping CanStack
2026-07-29 14:42:24,222 [DEBUG] Main thread is exiting
2026-07-29 14:42:24,270 [DEBUG] CanStack Stopped
2026-07-29 14:42:24,272 [INFO] Connection closed
2026-07-29 14:42:24,273 [INFO] Running Test Case: TC_ID-780
2026-07-29 14:42:24,274 [DEBUG] Starting CanStack
2026-07-29 14:42:24,276 [DEBUG] Main thread has started
2026-07-29 14:42:24,277 [DEBUG] Relay thread has started
2026-07-29 14:42:24,280 [INFO] Connection opened
2026-07-29 14:42:24,281 [INFO] Switched to physical mode for TC: TC_ID-780 Step: PreCondition: PC_ID-024  Testcase:ECU_Software_UNIT1_Version_F1_B1_Read(Defaultsession)
2026-07-29 14:42:24,284 [INFO] TC_ID-780 - PreCondition: PC_ID-024  Testcase:ECU_Software_UNIT1_Version_F1_B1_Read(Defaultsession): SID=0x22, Sub=0xF1B1, Expected=[16, 8, 98, 241, 177, 50, 53, 65, 49, 48, 170, 170, 170, 170, 170, 170]
2026-07-29 14:42:24,386 [INFO] TC_ID-780 - PreCondition: PC_ID-024  Testcase:ECU_Software_UNIT1_Version_F1_B1_Read(Defaultsession): Sending request 22F1B1
2026-07-29 14:42:24,387 [INFO] TC_ID-780 - PreCondition: PC_ID-024  Testcase:ECU_Software_UNIT1_Version_F1_B1_Read(Defaultsession): Sending request 22F1B1
2026-07-29 14:42:24,388 [DEBUG] Sending 3 bytes : [22f1b1]
2026-07-29 14:42:24,389 [DEBUG] Enqueuing a SendRequest for 3 bytes and TAT=Physical
2026-07-29 14:42:24,391 [DEBUG] Tx: <706> (08) [ ]	 0322f1b100000000
2026-07-29 14:42:24,392 [DEBUG] We've been asked to write a message to the bus
2026-07-29 14:42:24,393 [DEBUG] sending: Timestamp:        0.000000    ID:      706    S Rx     F BS       DL:  8    03 22 f1 b1 00 00 00 00
2026-07-29 14:42:24,417 [DEBUG] We've been asked to write a message to the bus
2026-07-29 14:42:24,419 [DEBUG] Rx: <70E> (08) [p]	 100862f1b1323541
2026-07-29 14:42:24,421 [DEBUG] Tx: <706> (08) [ ]	 30080a0000000000
2026-07-29 14:42:24,420 [DEBUG] sending: Timestamp:        0.000000    ID:      706    S Rx     F BS       DL:  8    30 08 0a 00 00 00 00 00
2026-07-29 14:42:24,423 [DEBUG] We've been asked to write a message to the bus
2026-07-29 14:42:24,425 [DEBUG] sending: Timestamp:        0.000000    ID:      706    S Rx     F BS       DL:  8    30 08 0a 00 00 00 00 00
2026-07-29 14:42:24,429 [DEBUG] TxState=IDLE - RxState=WAIT_CF
2026-07-29 14:42:24,431 [DEBUG] Rx: <70E> (08) [p]	 213130aaaaaaaaaa
2026-07-29 14:42:24,480 [INFO] TC_ID-780 - Received: 62F1B13235413130
2026-07-29 14:42:24,482 [WARNING] TC_ID-780 - PreCondition: PC_ID-024  Testcase:ECU_Software_UNIT1_Version_F1_B1_Read(Defaultsession) -> ❌ FAIL - Expected 100862F1B13235413130AAAAAAAAAAAA
2026-07-29 14:42:24,483 [DEBUG] Stopping CanStack
2026-07-29 14:42:24,485 [DEBUG] TxState=IDLE - RxState=IDLE
2026-07-29 14:42:24,486 [DEBUG] Main thread is exiting
2026-07-29 14:42:24,530 [DEBUG] CanStack Stopped
2026-07-29 14:42:24,532 [INFO] Connection closed
2026-07-29 14:42:24,533 [INFO] Running Test Case: TC_ID-781
2026-07-29 14:42:24,534 [DEBUG] Starting CanStack
2026-07-29 14:42:24,538 [DEBUG] Main thread has started
2026-07-29 14:42:24,544 [DEBUG] Relay thread has started
2026-07-29 14:42:24,549 [INFO] Connection opened
2026-07-29 14:42:24,551 [INFO] Switched to physical mode for TC: TC_ID-781 Step: PreCondition: PC_ID-024  Testcase:Verify incorrect msg length NRC for ECU S/W Unit 1 version information (22 F1 B1 04)
2026-07-29 14:42:24,552 [INFO] TC_ID-781 - PreCondition: PC_ID-024  Testcase:Verify incorrect msg length NRC for ECU S/W Unit 1 version information (22 F1 B1 04): SID=0x22, Sub=0xF1B104, Expected=[3, 127, 34, 19, 170, 170, 170, 170]
2026-07-29 14:42:24,656 [INFO] TC_ID-781 - PreCondition: PC_ID-024  Testcase:Verify incorrect msg length NRC for ECU S/W Unit 1 version information (22 F1 B1 04): Sending request 22F1B104
2026-07-29 14:42:24,657 [INFO] TC_ID-781 - PreCondition: PC_ID-024  Testcase:Verify incorrect msg length NRC for ECU S/W Unit 1 version information (22 F1 B1 04): Sending request 22F1B104
2026-07-29 14:42:24,657 [DEBUG] Sending 4 bytes : [22f1b104]
2026-07-29 14:42:24,659 [DEBUG] Enqueuing a SendRequest for 4 bytes and TAT=Physical
2026-07-29 14:42:24,661 [DEBUG] Tx: <706> (08) [ ]	 0422f1b104000000
2026-07-29 14:42:24,662 [DEBUG] We've been asked to write a message to the bus
2026-07-29 14:42:24,664 [DEBUG] sending: Timestamp:        0.000000    ID:      706    S Rx     F BS       DL:  8    04 22 f1 b1 04 00 00 00
2026-07-29 14:42:24,688 [DEBUG] Rx: <70E> (08) [p]	 037f2213aaaaaaaa
2026-07-29 14:42:24,739 [INFO] TC_ID-781 - Received: 7F2213
2026-07-29 14:42:24,741 [WARNING] TC_ID-781 - PreCondition: PC_ID-024  Testcase:Verify incorrect msg length NRC for ECU S/W Unit 1 version information (22 F1 B1 04) -> ❌ FAIL - Expected 037F2213AAAAAAAA
2026-07-29 14:42:24,742 [DEBUG] Stopping CanStack
2026-07-29 14:42:24,743 [DEBUG] Main thread is exiting
2026-07-29 14:42:24,788 [DEBUG] CanStack Stopped
2026-07-29 14:42:24,789 [INFO] Connection closed
2026-07-29 14:42:24,791 [INFO] Running Test Case: TC_ID-782
2026-07-29 14:42:24,792 [DEBUG] Starting CanStack
2026-07-29 14:42:24,794 [DEBUG] Main thread has started
2026-07-29 14:42:24,796 [DEBUG] Relay thread has started
2026-07-29 14:42:24,798 [INFO] Connection opened
2026-07-29 14:42:24,799 [INFO] Switched to physical mode for TC: TC_ID-782 Step: PreCondition: PC_ID-024  Testcase:SystemNameOrEngineTypeDataIdentifier_Read(Defaultsession)
2026-07-29 14:42:24,800 [INFO] TC_ID-782 - PreCondition: PC_ID-024  Testcase:SystemNameOrEngineTypeDataIdentifier_Read(Defaultsession): SID=0x22, Sub=0xF197, Expected=[16, 14, 98, 241, 151, 83, 72, 86, 85, 95, 70, 82, 32, 32, 32, 32, 170]
2026-07-29 14:42:24,919 [INFO] TC_ID-782 - PreCondition: PC_ID-024  Testcase:SystemNameOrEngineTypeDataIdentifier_Read(Defaultsession): Sending request 22F197
2026-07-29 14:42:24,919 [INFO] TC_ID-782 - PreCondition: PC_ID-024  Testcase:SystemNameOrEngineTypeDataIdentifier_Read(Defaultsession): Sending request 22F197
2026-07-29 14:42:24,920 [DEBUG] Sending 3 bytes : [22f197]
2026-07-29 14:42:24,921 [DEBUG] Enqueuing a SendRequest for 3 bytes and TAT=Physical
2026-07-29 14:42:24,924 [DEBUG] Tx: <706> (08) [ ]	 0322f19700000000
2026-07-29 14:42:24,925 [DEBUG] We've been asked to write a message to the bus
2026-07-29 14:42:24,926 [DEBUG] sending: Timestamp:        0.000000    ID:      706    S Rx     F BS       DL:  8    03 22 f1 97 00 00 00 00
2026-07-29 14:42:24,949 [DEBUG] We've been asked to write a message to the bus
2026-07-29 14:42:24,951 [DEBUG] sending: Timestamp:        0.000000    ID:      706    S Rx     F BS       DL:  8    30 08 0a 00 00 00 00 00
2026-07-29 14:42:24,952 [DEBUG] Rx: <70E> (08) [p]	 100e62f197534856
2026-07-29 14:42:24,954 [DEBUG] Tx: <706> (08) [ ]	 30080a0000000000
2026-07-29 14:42:24,956 [DEBUG] We've been asked to write a message to the bus
2026-07-29 14:42:24,960 [DEBUG] sending: Timestamp:        0.000000    ID:      706    S Rx     F BS       DL:  8    30 08 0a 00 00 00 00 00
2026-07-29 14:42:24,961 [DEBUG] TxState=IDLE - RxState=WAIT_CF
2026-07-29 14:42:24,964 [DEBUG] Rx: <70E> (08) [p]	 21555f4652202020
2026-07-29 14:42:24,973 [DEBUG] Rx: <70E> (08) [p]	 2220aaaaaaaaaaaa
2026-07-29 14:42:25,022 [INFO] TC_ID-782 - Received: 62F197534856555F465220202020
2026-07-29 14:42:25,027 [DEBUG] TxState=IDLE - RxState=IDLE
2026-07-29 14:42:25,029 [WARNING] TC_ID-782 - PreCondition: PC_ID-024  Testcase:SystemNameOrEngineTypeDataIdentifier_Read(Defaultsession) -> ❌ FAIL - Expected 100E62F197534856555F465220202020AA
2026-07-29 14:42:25,035 [DEBUG] Stopping CanStack
2026-07-29 14:42:25,038 [DEBUG] Main thread is exiting
2026-07-29 14:42:25,077 [DEBUG] CanStack Stopped
2026-07-29 14:42:25,081 [INFO] Connection closed
2026-07-29 14:42:25,084 [INFO] Running Test Case: TC_ID-783
2026-07-29 14:42:25,085 [DEBUG] Starting CanStack
2026-07-29 14:42:25,086 [DEBUG] Main thread has started
2026-07-29 14:42:25,087 [DEBUG] Relay thread has started
2026-07-29 14:42:25,089 [INFO] Connection opened
2026-07-29 14:42:25,089 [INFO] Switched to physical mode for TC: TC_ID-783 Step: PreCondition: PC_ID-024  Testcase:Verify incorrect msg length NRC for system name information (22 F1 97 03)
2026-07-29 14:42:25,090 [INFO] TC_ID-783 - PreCondition: PC_ID-024  Testcase:Verify incorrect msg length NRC for system name information (22 F1 97 03): SID=0x22, Sub=0xF19703, Expected=[3, 127, 34, 19, 170, 170, 170, 170]
2026-07-29 14:42:25,197 [INFO] TC_ID-783 - PreCondition: PC_ID-024  Testcase:Verify incorrect msg length NRC for system name information (22 F1 97 03): Sending request 22F19703
2026-07-29 14:42:25,198 [INFO] TC_ID-783 - PreCondition: PC_ID-024  Testcase:Verify incorrect msg length NRC for system name information (22 F1 97 03): Sending request 22F19703
2026-07-29 14:42:25,199 [DEBUG] Sending 4 bytes : [22f19703]
2026-07-29 14:42:25,200 [DEBUG] Enqueuing a SendRequest for 4 bytes and TAT=Physical
2026-07-29 14:42:25,202 [DEBUG] Tx: <706> (08) [ ]	 0422f19703000000
2026-07-29 14:42:25,203 [DEBUG] We've been asked to write a message to the bus
2026-07-29 14:42:25,204 [DEBUG] sending: Timestamp:        0.000000    ID:      706    S Rx     F BS       DL:  8    04 22 f1 97 03 00 00 00
2026-07-29 14:42:25,229 [DEBUG] Rx: <70E> (08) [p]	 037f2213aaaaaaaa
2026-07-29 14:42:25,278 [INFO] TC_ID-783 - Received: 7F2213
2026-07-29 14:42:25,280 [WARNING] TC_ID-783 - PreCondition: PC_ID-024  Testcase:Verify incorrect msg length NRC for system name information (22 F1 97 03) -> ❌ FAIL - Expected 037F2213AAAAAAAA
2026-07-29 14:42:25,281 [DEBUG] Stopping CanStack
2026-07-29 14:42:25,283 [DEBUG] Main thread is exiting
2026-07-29 14:42:25,330 [DEBUG] CanStack Stopped
2026-07-29 14:42:25,331 [INFO] Connection closed
2026-07-29 14:42:25,332 [INFO] Running Test Case: TC_ID-784
2026-07-29 14:42:25,334 [DEBUG] Starting CanStack
2026-07-29 14:42:25,336 [DEBUG] Main thread has started
2026-07-29 14:42:25,337 [DEBUG] Relay thread has started
2026-07-29 14:42:25,339 [INFO] Connection opened
2026-07-29 14:42:25,340 [INFO] Switched to physical mode for TC: TC_ID-784 Step: PreCondition: PC_ID-024  Testcase:ECU S/W Unit 1 IVD Response_Read (Extended Session )
2026-07-29 14:42:25,341 [INFO] TC_ID-784 - PreCondition: PC_ID-024  Testcase:ECU S/W Unit 1 IVD Response_Read (Extended Session ): SID=0x22, Sub=0xF1C1, Expected=[16, 35, 98, 241, 193, 89, 132, 149, 115, 208, 147, 255, 45, 174, 165, 181, 19, 158, 8, 114, 225, 168, 238, 34, 156, 199, 240, 147, 54, 118, 206, 209, 76, 62, 181, 253, 217, 170, 170, 170, 170, 170, 170]
2026-07-29 14:42:25,443 [INFO] TC_ID-784 - PreCondition: PC_ID-024  Testcase:ECU S/W Unit 1 IVD Response_Read (Extended Session ): Sending request 22F1C1
2026-07-29 14:42:25,444 [INFO] TC_ID-784 - PreCondition: PC_ID-024  Testcase:ECU S/W Unit 1 IVD Response_Read (Extended Session ): Sending request 22F1C1
2026-07-29 14:42:25,445 [DEBUG] Sending 3 bytes : [22f1c1]
2026-07-29 14:42:25,446 [DEBUG] Enqueuing a SendRequest for 3 bytes and TAT=Physical
2026-07-29 14:42:25,448 [DEBUG] Tx: <706> (08) [ ]	 0322f1c100000000
2026-07-29 14:42:25,449 [DEBUG] We've been asked to write a message to the bus
2026-07-29 14:42:25,451 [DEBUG] sending: Timestamp:        0.000000    ID:      706    S Rx     F BS       DL:  8    03 22 f1 c1 00 00 00 00
2026-07-29 14:42:25,478 [INFO] TC_ID-784 PreCondition: PC_ID-024  Testcase:ECU S/W Unit 1 IVD Response_Read (Extended Session ) -> Response shorter than expected (3/35). Waiting for remaining payload.
2026-07-29 14:42:25,479 [DEBUG] Rx: <70E> (08) [p]	 037f2222aaaaaaaa
2026-07-29 14:42:25,482 [DEBUG] Received 3 bytes : [7f2222]
2026-07-29 14:42:30,483 [DEBUG] No data received: [TimeoutException] - Did not receive IsoTP frame from the Transport layer in time (timeout=5.0 sec) 
2026-07-29 14:42:30,484 [WARNING] TC_ID-784 PreCondition: PC_ID-024  Testcase:ECU S/W Unit 1 IVD Response_Read (Extended Session ) -> Timed out while extending response (6/35)
2026-07-29 14:42:30,535 [INFO] TC_ID-784 - Received: 7F22227F2222
2026-07-29 14:42:30,537 [WARNING] TC_ID-784 - PreCondition: PC_ID-024  Testcase:ECU S/W Unit 1 IVD Response_Read (Extended Session ) -> ❌ FAIL - Expected 102362F1C159849573D093FF2DAEA5B5139E0872E1A8EE229CC7F0933676CED14C3EB5FDD9AAAAAAAAAAAA
2026-07-29 14:42:30,539 [DEBUG] Stopping CanStack
2026-07-29 14:42:30,540 [DEBUG] Main thread is exiting
2026-07-29 14:42:30,550 [DEBUG] CanStack Stopped
2026-07-29 14:42:30,554 [INFO] Connection closed
2026-07-29 14:42:30,557 [INFO] Running Test Case: TC_ID-785
2026-07-29 14:42:30,560 [DEBUG] Starting CanStack
2026-07-29 14:42:30,561 [DEBUG] Main thread has started
2026-07-29 14:42:30,563 [DEBUG] Relay thread has started
2026-07-29 14:42:30,564 [INFO] Connection opened
2026-07-29 14:42:30,565 [INFO] Switched to physical mode for TC: TC_ID-785 Step: PreCondition: PC_ID-024  Testcase:Verify subfunction not correct NRC for alterated ECU S/W Unit 1 IVD Response (22 F1 C2)
2026-07-29 14:42:30,565 [INFO] TC_ID-785 - PreCondition: PC_ID-024  Testcase:Verify subfunction not correct NRC for alterated ECU S/W Unit 1 IVD Response (22 F1 C2): SID=0x22, Sub=0xF1C2, Expected=[3, 127, 34, 49, 170, 170, 170, 170]
2026-07-29 14:42:30,693 [INFO] TC_ID-785 - PreCondition: PC_ID-024  Testcase:Verify subfunction not correct NRC for alterated ECU S/W Unit 1 IVD Response (22 F1 C2): Sending request 22F1C2
2026-07-29 14:42:30,694 [INFO] TC_ID-785 - PreCondition: PC_ID-024  Testcase:Verify subfunction not correct NRC for alterated ECU S/W Unit 1 IVD Response (22 F1 C2): Sending request 22F1C2
2026-07-29 14:42:30,695 [DEBUG] Sending 3 bytes : [22f1c2]
2026-07-29 14:42:30,696 [DEBUG] Enqueuing a SendRequest for 3 bytes and TAT=Physical
2026-07-29 14:42:30,697 [DEBUG] Tx: <706> (08) [ ]	 0322f1c200000000
2026-07-29 14:42:30,698 [DEBUG] We've been asked to write a message to the bus
2026-07-29 14:42:30,699 [DEBUG] sending: Timestamp:        0.000000    ID:      706    S Rx     F BS       DL:  8    03 22 f1 c2 00 00 00 00
2026-07-29 14:42:30,728 [DEBUG] Rx: <70E> (08) [p]	 037f2231aaaaaaaa
2026-07-29 14:42:30,777 [INFO] TC_ID-785 - Received: 7F2231
2026-07-29 14:42:30,779 [WARNING] TC_ID-785 - PreCondition: PC_ID-024  Testcase:Verify subfunction not correct NRC for alterated ECU S/W Unit 1 IVD Response (22 F1 C2) -> ❌ FAIL - Expected 037F2231AAAAAAAA
2026-07-29 14:42:30,781 [DEBUG] Stopping CanStack
2026-07-29 14:42:30,782 [DEBUG] Main thread is exiting
2026-07-29 14:42:30,829 [DEBUG] CanStack Stopped
2026-07-29 14:42:30,830 [INFO] Connection closed
2026-07-29 14:42:30,832 [INFO] Running Test Case: TC_ID-786
2026-07-29 14:42:30,833 [DEBUG] Starting CanStack
2026-07-29 14:42:30,836 [DEBUG] Main thread has started
2026-07-29 14:42:30,837 [DEBUG] Relay thread has started
2026-07-29 14:42:30,840 [INFO] Connection opened
2026-07-29 14:42:30,841 [INFO] Switched to physical mode for TC: TC_ID-786 Step: PreCondition: PC_ID-024  Testcase:Type Option read information_Read(Default session)
2026-07-29 14:42:30,842 [INFO] TC_ID-786 - PreCondition: PC_ID-024  Testcase:Type Option read information_Read(Default session): SID=0x22, Sub=0xC100, Expected=[16, 11, 98, 193, 0, 238, 248, 0, 0, 54, 54, 0, 32, 170, 170, 170]
2026-07-29 14:42:30,945 [INFO] TC_ID-786 - PreCondition: PC_ID-024  Testcase:Type Option read information_Read(Default session): Sending request 22C100
2026-07-29 14:42:30,946 [INFO] TC_ID-786 - PreCondition: PC_ID-024  Testcase:Type Option read information_Read(Default session): Sending request 22C100
2026-07-29 14:42:30,947 [DEBUG] Sending 3 bytes : [22c100]
2026-07-29 14:42:30,948 [DEBUG] Enqueuing a SendRequest for 3 bytes and TAT=Physical
2026-07-29 14:42:30,950 [DEBUG] Tx: <706> (08) [ ]	 0322c10000000000
2026-07-29 14:42:30,951 [DEBUG] We've been asked to write a message to the bus
2026-07-29 14:42:30,952 [DEBUG] sending: Timestamp:        0.000000    ID:      706    S Rx     F BS       DL:  8    03 22 c1 00 00 00 00 00
2026-07-29 14:42:30,977 [DEBUG] We've been asked to write a message to the bus
2026-07-29 14:42:30,978 [DEBUG] Rx: <70E> (08) [p]	 100b62c100eef800
2026-07-29 14:42:30,979 [DEBUG] sending: Timestamp:        0.000000    ID:      706    S Rx     F BS       DL:  8    30 08 0a 00 00 00 00 00
2026-07-29 14:42:30,982 [DEBUG] Tx: <706> (08) [ ]	 30080a0000000000
2026-07-29 14:42:30,984 [DEBUG] We've been asked to write a message to the bus
2026-07-29 14:42:30,985 [DEBUG] sending: Timestamp:        0.000000    ID:      706    S Rx     F BS       DL:  8    30 08 0a 00 00 00 00 00
2026-07-29 14:42:30,989 [DEBUG] TxState=IDLE - RxState=WAIT_CF
2026-07-29 14:42:30,991 [DEBUG] Rx: <70E> (08) [p]	 210036360020aaaa
2026-07-29 14:42:31,037 [INFO] TC_ID-786 - Received: 62C100EEF8000036360020
2026-07-29 14:42:31,039 [WARNING] TC_ID-786 - PreCondition: PC_ID-024  Testcase:Type Option read information_Read(Default session) -> ❌ FAIL - Expected 100B62C100EEF8000036360020AAAAAA
2026-07-29 14:42:31,040 [DEBUG] Stopping CanStack
2026-07-29 14:42:31,041 [DEBUG] TxState=IDLE - RxState=IDLE
2026-07-29 14:42:31,043 [DEBUG] Main thread is exiting
2026-07-29 14:42:31,088 [DEBUG] CanStack Stopped
2026-07-29 14:42:31,089 [INFO] Connection closed
2026-07-29 14:42:31,091 [INFO] Running Test Case: TC_ID-787
2026-07-29 14:42:31,092 [DEBUG] Starting CanStack
2026-07-29 14:42:31,094 [DEBUG] Main thread has started
2026-07-29 14:42:31,096 [DEBUG] Relay thread has started
2026-07-29 14:42:31,103 [INFO] Connection opened
2026-07-29 14:42:31,106 [INFO] Switched to physical mode for TC: TC_ID-787 Step: PreCondition: PC_ID-024  Testcase:Verify incorrect msg length NRC for Type Option read information (22 C1 00 01)
2026-07-29 14:42:31,110 [INFO] TC_ID-787 - PreCondition: PC_ID-024  Testcase:Verify incorrect msg length NRC for Type Option read information (22 C1 00 01): SID=0x22, Sub=0xC10001, Expected=[3, 127, 34, 19, 170, 170, 170, 170]
2026-07-29 14:42:31,216 [INFO] TC_ID-787 - PreCondition: PC_ID-024  Testcase:Verify incorrect msg length NRC for Type Option read information (22 C1 00 01): Sending request 22C10001
2026-07-29 14:42:31,216 [INFO] TC_ID-787 - PreCondition: PC_ID-024  Testcase:Verify incorrect msg length NRC for Type Option read information (22 C1 00 01): Sending request 22C10001
2026-07-29 14:42:31,217 [DEBUG] Sending 4 bytes : [22c10001]
2026-07-29 14:42:31,218 [DEBUG] Enqueuing a SendRequest for 4 bytes and TAT=Physical
2026-07-29 14:42:31,220 [DEBUG] Tx: <706> (08) [ ]	 0422c10001000000
2026-07-29 14:42:31,221 [DEBUG] We've been asked to write a message to the bus
2026-07-29 14:42:31,222 [DEBUG] sending: Timestamp:        0.000000    ID:      706    S Rx     F BS       DL:  8    04 22 c1 00 01 00 00 00
2026-07-29 14:42:31,247 [DEBUG] Rx: <70E> (08) [p]	 037f2213aaaaaaaa
2026-07-29 14:42:31,297 [INFO] TC_ID-787 - Received: 7F2213
2026-07-29 14:42:31,299 [WARNING] TC_ID-787 - PreCondition: PC_ID-024  Testcase:Verify incorrect msg length NRC for Type Option read information (22 C1 00 01) -> ❌ FAIL - Expected 037F2213AAAAAAAA
2026-07-29 14:42:31,300 [DEBUG] Stopping CanStack
2026-07-29 14:42:31,301 [DEBUG] Main thread is exiting
2026-07-29 14:42:31,348 [DEBUG] CanStack Stopped
2026-07-29 14:42:31,349 [INFO] Connection closed
2026-07-29 14:42:31,350 [INFO] Running Test Case: TC_ID-788
2026-07-29 14:42:31,352 [DEBUG] Starting CanStack
2026-07-29 14:42:31,354 [DEBUG] Main thread has started
2026-07-29 14:42:31,356 [DEBUG] Relay thread has started
2026-07-29 14:42:31,358 [INFO] Connection opened
2026-07-29 14:42:31,360 [INFO] Switched to physical mode for TC: TC_ID-788 Step: PreCondition: PC_ID-024  Testcase:Output read information_Read(Extended session)
2026-07-29 14:42:31,361 [INFO] TC_ID-788 - PreCondition: PC_ID-024  Testcase:Output read information_Read(Extended session): SID=0x22, Sub=0xC101, Expected=[16, 11, 98, 193, 1, 0, 0, 0, 0, 0, 0, 0, 0, 170, 170, 170]
2026-07-29 14:42:31,463 [INFO] TC_ID-788 - PreCondition: PC_ID-024  Testcase:Output read information_Read(Extended session): Sending request 22C101
2026-07-29 14:42:31,464 [INFO] TC_ID-788 - PreCondition: PC_ID-024  Testcase:Output read information_Read(Extended session): Sending request 22C101
2026-07-29 14:42:31,465 [DEBUG] Sending 3 bytes : [22c101]
2026-07-29 14:42:31,466 [DEBUG] Enqueuing a SendRequest for 3 bytes and TAT=Physical
2026-07-29 14:42:31,468 [DEBUG] Tx: <706> (08) [ ]	 0322c10100000000
2026-07-29 14:42:31,469 [DEBUG] We've been asked to write a message to the bus
2026-07-29 14:42:31,470 [DEBUG] sending: Timestamp:        0.000000    ID:      706    S Rx     F BS       DL:  8    03 22 c1 01 00 00 00 00
2026-07-29 14:42:31,497 [DEBUG] We've been asked to write a message to the bus
2026-07-29 14:42:31,499 [DEBUG] Rx: <70E> (08) [p]	 100b62c101000000
2026-07-29 14:42:31,500 [DEBUG] sending: Timestamp:        0.000000    ID:      706    S Rx     F BS       DL:  8    30 08 0a 00 00 00 00 00
2026-07-29 14:42:31,502 [DEBUG] Tx: <706> (08) [ ]	 30080a0000000000
2026-07-29 14:42:31,504 [DEBUG] We've been asked to write a message to the bus
2026-07-29 14:42:31,507 [DEBUG] sending: Timestamp:        0.000000    ID:      706    S Rx     F BS       DL:  8    30 08 0a 00 00 00 00 00
2026-07-29 14:42:31,510 [DEBUG] TxState=IDLE - RxState=WAIT_CF
2026-07-29 14:42:31,513 [DEBUG] Rx: <70E> (08) [p]	 210000000000aaaa
2026-07-29 14:42:31,556 [INFO] TC_ID-788 - Received: 62C1010000000000000000
2026-07-29 14:42:31,558 [WARNING] TC_ID-788 - PreCondition: PC_ID-024  Testcase:Output read information_Read(Extended session) -> ❌ FAIL - Expected 100B62C1010000000000000000AAAAAA
2026-07-29 14:42:31,560 [DEBUG] Stopping CanStack
2026-07-29 14:42:31,561 [DEBUG] TxState=IDLE - RxState=IDLE
2026-07-29 14:42:31,563 [DEBUG] Main thread is exiting
2026-07-29 14:42:31,609 [DEBUG] CanStack Stopped
2026-07-29 14:42:31,610 [INFO] Connection closed
2026-07-29 14:42:31,611 [INFO] Running Test Case: TC_ID-789
2026-07-29 14:42:31,615 [DEBUG] Starting CanStack
2026-07-29 14:42:31,620 [DEBUG] Main thread has started
2026-07-29 14:42:31,625 [DEBUG] Relay thread has started
2026-07-29 14:42:31,628 [INFO] Connection opened
2026-07-29 14:42:31,629 [INFO] Switched to physical mode for TC: TC_ID-789 Step: PreCondition: PC_ID-024  Testcase:Verify incorrect msg length NRC for Output read information (22 C1 01 01)
2026-07-29 14:42:31,629 [INFO] TC_ID-789 - PreCondition: PC_ID-024  Testcase:Verify incorrect msg length NRC for Output read information (22 C1 01 01): SID=0x22, Sub=0xC10101, Expected=[3, 127, 34, 19, 170, 170, 170, 170]
2026-07-29 14:42:31,733 [INFO] TC_ID-789 - PreCondition: PC_ID-024  Testcase:Verify incorrect msg length NRC for Output read information (22 C1 01 01): Sending request 22C10101
2026-07-29 14:42:31,733 [INFO] TC_ID-789 - PreCondition: PC_ID-024  Testcase:Verify incorrect msg length NRC for Output read information (22 C1 01 01): Sending request 22C10101
2026-07-29 14:42:31,734 [DEBUG] Sending 4 bytes : [22c10101]
2026-07-29 14:42:31,735 [DEBUG] Enqueuing a SendRequest for 4 bytes and TAT=Physical
2026-07-29 14:42:31,736 [DEBUG] Tx: <706> (08) [ ]	 0422c10101000000
2026-07-29 14:42:31,737 [DEBUG] We've been asked to write a message to the bus
2026-07-29 14:42:31,738 [DEBUG] sending: Timestamp:        0.000000    ID:      706    S Rx     F BS       DL:  8    04 22 c1 01 01 00 00 00
2026-07-29 14:42:31,767 [DEBUG] Rx: <70E> (08) [p]	 037f2213aaaaaaaa
2026-07-29 14:42:31,819 [INFO] TC_ID-789 - Received: 7F2213
2026-07-29 14:42:31,821 [WARNING] TC_ID-789 - PreCondition: PC_ID-024  Testcase:Verify incorrect msg length NRC for Output read information (22 C1 01 01) -> ❌ FAIL - Expected 037F2213AAAAAAAA
2026-07-29 14:42:31,822 [DEBUG] Stopping CanStack
2026-07-29 14:42:31,823 [DEBUG] Main thread is exiting
2026-07-29 14:42:31,868 [DEBUG] CanStack Stopped
2026-07-29 14:42:31,869 [INFO] Connection closed
2026-07-29 14:42:31,870 [INFO] Running Test Case: TC_ID-790
2026-07-29 14:42:31,871 [DEBUG] Starting CanStack
2026-07-29 14:42:31,873 [DEBUG] Main thread has started
2026-07-29 14:42:31,875 [DEBUG] Relay thread has started
2026-07-29 14:42:31,877 [INFO] Connection opened
2026-07-29 14:42:31,878 [INFO] Switched to physical mode for TC: TC_ID-790 Step: PreCondition: PC_ID-024  Testcase:Communication read information_Read(Extended session)
2026-07-29 14:42:31,879 [INFO] TC_ID-790 - PreCondition: PC_ID-024  Testcase:Communication read information_Read(Extended session): SID=0x22, Sub=0xC102, Expected=[16, 12, 98, 193, 2, 149, 171, 74, 0, 0, 0, 0, 0, 0, 170, 170]
2026-07-29 14:42:31,983 [INFO] TC_ID-790 - PreCondition: PC_ID-024  Testcase:Communication read information_Read(Extended session): Sending request 22C102
2026-07-29 14:42:31,984 [INFO] TC_ID-790 - PreCondition: PC_ID-024  Testcase:Communication read information_Read(Extended session): Sending request 22C102
2026-07-29 14:42:31,985 [DEBUG] Sending 3 bytes : [22c102]
2026-07-29 14:42:31,986 [DEBUG] Enqueuing a SendRequest for 3 bytes and TAT=Physical
2026-07-29 14:42:31,988 [DEBUG] Tx: <706> (08) [ ]	 0322c10200000000
2026-07-29 14:42:31,989 [DEBUG] We've been asked to write a message to the bus
2026-07-29 14:42:31,990 [DEBUG] sending: Timestamp:        0.000000    ID:      706    S Rx     F BS       DL:  8    03 22 c1 02 00 00 00 00
2026-07-29 14:42:32,017 [DEBUG] Rx: <70E> (08) [p]	 100c62c10295ab4a
2026-07-29 14:42:32,019 [DEBUG] We've been asked to write a message to the bus
2026-07-29 14:42:32,020 [DEBUG] Tx: <706> (08) [ ]	 30080a0000000000
2026-07-29 14:42:32,022 [DEBUG] sending: Timestamp:        0.000000    ID:      706    S Rx     F BS       DL:  8    30 08 0a 00 00 00 00 00
2026-07-29 14:42:32,023 [DEBUG] We've been asked to write a message to the bus
2026-07-29 14:42:32,025 [DEBUG] sending: Timestamp:        0.000000    ID:      706    S Rx     F BS       DL:  8    30 08 0a 00 00 00 00 00
2026-07-29 14:42:32,030 [DEBUG] TxState=IDLE - RxState=WAIT_CF
2026-07-29 14:42:32,032 [DEBUG] Rx: <70E> (08) [p]	 21000000000000aa
2026-07-29 14:42:32,077 [INFO] TC_ID-790 - Received: 62C10295AB4A000000000000
2026-07-29 14:42:32,079 [WARNING] TC_ID-790 - PreCondition: PC_ID-024  Testcase:Communication read information_Read(Extended session) -> ❌ FAIL - Expected 100C62C10295AB4A000000000000AAAA
2026-07-29 14:42:32,080 [DEBUG] Stopping CanStack
2026-07-29 14:42:32,082 [DEBUG] TxState=IDLE - RxState=IDLE
2026-07-29 14:42:32,083 [DEBUG] Main thread is exiting
2026-07-29 14:42:32,131 [DEBUG] CanStack Stopped
2026-07-29 14:42:32,134 [INFO] Connection closed
2026-07-29 14:42:32,137 [INFO] Running Test Case: TC_ID-791
2026-07-29 14:42:32,141 [DEBUG] Starting CanStack
2026-07-29 14:42:32,147 [DEBUG] Main thread has started
2026-07-29 14:42:32,148 [DEBUG] Relay thread has started
2026-07-29 14:42:32,149 [INFO] Connection opened
2026-07-29 14:42:32,150 [INFO] Switched to physical mode for TC: TC_ID-791 Step: PreCondition: PC_ID-024  Testcase:Verify incorrect msg length NRC for Communication read information (22 C1 02 01)
2026-07-29 14:42:32,151 [INFO] TC_ID-791 - PreCondition: PC_ID-024  Testcase:Verify incorrect msg length NRC for Communication read information (22 C1 02 01): SID=0x22, Sub=0xC10201, Expected=[3, 127, 34, 19, 170, 170, 170, 170]
2026-07-29 14:42:32,257 [INFO] TC_ID-791 - PreCondition: PC_ID-024  Testcase:Verify incorrect msg length NRC for Communication read information (22 C1 02 01): Sending request 22C10201
2026-07-29 14:42:32,257 [INFO] TC_ID-791 - PreCondition: PC_ID-024  Testcase:Verify incorrect msg length NRC for Communication read information (22 C1 02 01): Sending request 22C10201
2026-07-29 14:42:32,258 [DEBUG] Sending 4 bytes : [22c10201]
2026-07-29 14:42:32,259 [DEBUG] Enqueuing a SendRequest for 4 bytes and TAT=Physical
2026-07-29 14:42:32,261 [DEBUG] Tx: <706> (08) [ ]	 0422c10201000000
2026-07-29 14:42:32,262 [DEBUG] We've been asked to write a message to the bus
2026-07-29 14:42:32,263 [DEBUG] sending: Timestamp:        0.000000    ID:      706    S Rx     F BS       DL:  8    04 22 c1 02 01 00 00 00
2026-07-29 14:42:32,289 [DEBUG] Rx: <70E> (08) [p]	 037f2213aaaaaaaa
2026-07-29 14:42:32,338 [INFO] TC_ID-791 - Received: 7F2213
2026-07-29 14:42:32,340 [WARNING] TC_ID-791 - PreCondition: PC_ID-024  Testcase:Verify incorrect msg length NRC for Communication read information (22 C1 02 01) -> ❌ FAIL - Expected 037F2213AAAAAAAA
2026-07-29 14:42:32,341 [DEBUG] Stopping CanStack
2026-07-29 14:42:32,343 [DEBUG] Main thread is exiting
2026-07-29 14:42:32,392 [DEBUG] CanStack Stopped
2026-07-29 14:42:32,393 [INFO] Connection closed
2026-07-29 14:42:32,395 [INFO] Running Test Case: TC_ID-792
2026-07-29 14:42:32,396 [DEBUG] Starting CanStack
2026-07-29 14:42:32,399 [DEBUG] Main thread has started
2026-07-29 14:42:32,400 [DEBUG] Relay thread has started
2026-07-29 14:42:32,403 [INFO] Connection opened
2026-07-29 14:42:32,406 [INFO] Switched to physical mode for TC: TC_ID-792 Step: PreCondition: PC_ID-024  Testcase:LH seat heat fail detection read  information_Read(Extended session)
2026-07-29 14:42:32,409 [INFO] TC_ID-792 - PreCondition: PC_ID-024  Testcase:LH seat heat fail detection read  information_Read(Extended session): SID=0x22, Sub=0xC103, Expected=[16, 30, 98, 192, 0, 234, 160, 0, 0, 0, 0, 0, 0, 0, 0, 0, 170, 170]
2026-07-29 14:42:32,518 [INFO] TC_ID-792 - PreCondition: PC_ID-024  Testcase:LH seat heat fail detection read  information_Read(Extended session): Sending request 22C103
2026-07-29 14:42:32,519 [INFO] TC_ID-792 - PreCondition: PC_ID-024  Testcase:LH seat heat fail detection read  information_Read(Extended session): Sending request 22C103
2026-07-29 14:42:32,520 [DEBUG] Sending 3 bytes : [22c103]
2026-07-29 14:42:32,521 [DEBUG] Enqueuing a SendRequest for 3 bytes and TAT=Physical
2026-07-29 14:42:32,523 [DEBUG] Tx: <706> (08) [ ]	 0322c10300000000
2026-07-29 14:42:32,524 [DEBUG] We've been asked to write a message to the bus
2026-07-29 14:42:32,525 [DEBUG] sending: Timestamp:        0.000000    ID:      706    S Rx     F BS       DL:  8    03 22 c1 03 00 00 00 00
2026-07-29 14:42:32,549 [DEBUG] We've been asked to write a message to the bus
2026-07-29 14:42:32,549 [DEBUG] Rx: <70E> (08) [p]	 101062c103c000ea
2026-07-29 14:42:32,551 [DEBUG] sending: Timestamp:        0.000000    ID:      706    S Rx     F BS       DL:  8    30 08 0a 00 00 00 00 00
2026-07-29 14:42:32,553 [DEBUG] Tx: <706> (08) [ ]	 30080a0000000000
2026-07-29 14:42:32,556 [DEBUG] We've been asked to write a message to the bus
2026-07-29 14:42:32,558 [DEBUG] sending: Timestamp:        0.000000    ID:      706    S Rx     F BS       DL:  8    30 08 0a 00 00 00 00 00
2026-07-29 14:42:32,560 [DEBUG] TxState=IDLE - RxState=WAIT_CF
2026-07-29 14:42:32,563 [DEBUG] Rx: <70E> (08) [p]	 21a0000000000020
2026-07-29 14:42:32,580 [INFO] TC_ID-792 PreCondition: PC_ID-024  Testcase:LH seat heat fail detection read  information_Read(Extended session) -> Response shorter than expected (16/30). Waiting for remaining payload.
2026-07-29 14:42:32,586 [DEBUG] Rx: <70E> (08) [p]	 22200000aaaaaaaa
2026-07-29 14:42:32,592 [DEBUG] Received 16 bytes : [62c103c000eaa0000000000020200000]
2026-07-29 14:42:32,644 [DEBUG] TxState=IDLE - RxState=IDLE
2026-07-29 14:42:32,645 [INFO] TC_ID-792 - Received: 62C103C000EAA000000000002020000062C103C000EAA000000000002020
2026-07-29 14:42:32,648 [WARNING] TC_ID-792 - PreCondition: PC_ID-024  Testcase:LH seat heat fail detection read  information_Read(Extended session) -> ❌ FAIL - Expected 101E62C000EAA0000000000000000000AAAA
2026-07-29 14:42:32,650 [DEBUG] Stopping CanStack
2026-07-29 14:42:32,652 [DEBUG] Main thread is exiting
2026-07-29 14:42:32,687 [DEBUG] CanStack Stopped
2026-07-29 14:42:32,690 [INFO] Connection closed
2026-07-29 14:42:32,691 [INFO] Running Test Case: TC_ID-793
2026-07-29 14:42:32,691 [DEBUG] Starting CanStack
2026-07-29 14:42:32,692 [DEBUG] Main thread has started
2026-07-29 14:42:32,694 [DEBUG] Relay thread has started
2026-07-29 14:42:32,695 [INFO] Connection opened
2026-07-29 14:42:32,696 [INFO] Switched to physical mode for TC: TC_ID-793 Step: PreCondition: PC_ID-024  Testcase:Verify incorrect msg length NRC for LH seat heat fail detection read information (22 C1 03 01)
2026-07-29 14:42:32,696 [INFO] TC_ID-793 - PreCondition: PC_ID-024  Testcase:Verify incorrect msg length NRC for LH seat heat fail detection read information (22 C1 03 01): SID=0x22, Sub=0xC10301, Expected=[3, 127, 34, 19, 170, 170, 170, 170]
2026-07-29 14:42:32,806 [INFO] TC_ID-793 - PreCondition: PC_ID-024  Testcase:Verify incorrect msg length NRC for LH seat heat fail detection read information (22 C1 03 01): Sending request 22C10301
2026-07-29 14:42:32,807 [INFO] TC_ID-793 - PreCondition: PC_ID-024  Testcase:Verify incorrect msg length NRC for LH seat heat fail detection read information (22 C1 03 01): Sending request 22C10301
2026-07-29 14:42:32,808 [DEBUG] Sending 4 bytes : [22c10301]
2026-07-29 14:42:32,809 [DEBUG] Enqueuing a SendRequest for 4 bytes and TAT=Physical
2026-07-29 14:42:32,812 [DEBUG] Tx: <706> (08) [ ]	 0422c10301000000
2026-07-29 14:42:32,813 [DEBUG] We've been asked to write a message to the bus
2026-07-29 14:42:32,814 [DEBUG] sending: Timestamp:        0.000000    ID:      706    S Rx     F BS       DL:  8    04 22 c1 03 01 00 00 00
2026-07-29 14:42:32,838 [DEBUG] Rx: <70E> (08) [p]	 037f2213aaaaaaaa
2026-07-29 14:42:32,887 [INFO] TC_ID-793 - Received: 7F2213
2026-07-29 14:42:32,889 [WARNING] TC_ID-793 - PreCondition: PC_ID-024  Testcase:Verify incorrect msg length NRC for LH seat heat fail detection read information (22 C1 03 01) -> ❌ FAIL - Expected 037F2213AAAAAAAA
2026-07-29 14:42:32,891 [DEBUG] Stopping CanStack
2026-07-29 14:42:32,892 [DEBUG] Main thread is exiting
2026-07-29 14:42:32,939 [DEBUG] CanStack Stopped
2026-07-29 14:42:32,940 [INFO] Connection closed
2026-07-29 14:42:32,941 [INFO] Running Test Case: TC_ID-794
2026-07-29 14:42:32,942 [DEBUG] Starting CanStack
2026-07-29 14:42:32,944 [DEBUG] Main thread has started
2026-07-29 14:42:32,946 [DEBUG] Relay thread has started
2026-07-29 14:42:32,948 [INFO] Connection opened
2026-07-29 14:42:32,949 [INFO] Switched to physical mode for TC: TC_ID-794 Step: PreCondition: PC_ID-024  Testcase:LH seat vent fail detection read   information_Read(Default session)
2026-07-29 14:42:32,951 [INFO] TC_ID-794 - PreCondition: PC_ID-024  Testcase:LH seat vent fail detection read   information_Read(Default session): SID=0x22, Sub=0xC104, Expected=[16, 10, 98, 193, 4, 250, 0, 0, 0, 0, 0, 0, 170, 170, 170, 170]
2026-07-29 14:42:33,062 [INFO] TC_ID-794 - PreCondition: PC_ID-024  Testcase:LH seat vent fail detection read   information_Read(Default session): Sending request 22C104
2026-07-29 14:42:33,063 [INFO] TC_ID-794 - PreCondition: PC_ID-024  Testcase:LH seat vent fail detection read   information_Read(Default session): Sending request 22C104
2026-07-29 14:42:33,064 [DEBUG] Sending 3 bytes : [22c104]
2026-07-29 14:42:33,065 [DEBUG] Enqueuing a SendRequest for 3 bytes and TAT=Physical
2026-07-29 14:42:33,067 [DEBUG] Tx: <706> (08) [ ]	 0322c10400000000
2026-07-29 14:42:33,068 [DEBUG] We've been asked to write a message to the bus
2026-07-29 14:42:33,069 [DEBUG] sending: Timestamp:        0.000000    ID:      706    S Rx     F BS       DL:  8    03 22 c1 04 00 00 00 00
2026-07-29 14:42:33,097 [DEBUG] We've been asked to write a message to the bus
2026-07-29 14:42:33,099 [DEBUG] Rx: <70E> (08) [p]	 100a62c104fa0000
2026-07-29 14:42:33,100 [DEBUG] sending: Timestamp:        0.000000    ID:      706    S Rx     F BS       DL:  8    30 08 0a 00 00 00 00 00
2026-07-29 14:42:33,102 [DEBUG] Tx: <706> (08) [ ]	 30080a0000000000
2026-07-29 14:42:33,104 [DEBUG] We've been asked to write a message to the bus
2026-07-29 14:42:33,110 [DEBUG] sending: Timestamp:        0.000000    ID:      706    S Rx     F BS       DL:  8    30 08 0a 00 00 00 00 00
2026-07-29 14:42:33,112 [DEBUG] TxState=IDLE - RxState=WAIT_CF
2026-07-29 14:42:33,114 [DEBUG] Rx: <70E> (08) [p]	 2100000000aaaaaa
2026-07-29 14:42:33,158 [INFO] TC_ID-794 - Received: 62C104FA000000000000
2026-07-29 14:42:33,159 [WARNING] TC_ID-794 - PreCondition: PC_ID-024  Testcase:LH seat vent fail detection read   information_Read(Default session) -> ❌ FAIL - Expected 100A62C104FA000000000000AAAAAAAA
2026-07-29 14:42:33,160 [DEBUG] Stopping CanStack
2026-07-29 14:42:33,162 [DEBUG] TxState=IDLE - RxState=IDLE
2026-07-29 14:42:33,163 [DEBUG] Main thread is exiting
2026-07-29 14:42:33,209 [DEBUG] CanStack Stopped
2026-07-29 14:42:33,210 [INFO] Connection closed
2026-07-29 14:42:33,213 [INFO] Running Test Case: TC_ID-795
2026-07-29 14:42:33,217 [DEBUG] Starting CanStack
2026-07-29 14:42:33,224 [DEBUG] Main thread has started
2026-07-29 14:42:33,227 [DEBUG] Relay thread has started
2026-07-29 14:42:33,228 [INFO] Connection opened
2026-07-29 14:42:33,229 [INFO] Switched to physical mode for TC: TC_ID-795 Step: PreCondition: PC_ID-024  Testcase:Verify incorrect msg length NRC for LH seat vent fail detection read information (22 C1 04 01)
2026-07-29 14:42:33,229 [INFO] TC_ID-795 - PreCondition: PC_ID-024  Testcase:Verify incorrect msg length NRC for LH seat vent fail detection read information (22 C1 04 01): SID=0x22, Sub=0xC10401, Expected=[3, 127, 34, 19, 170, 170, 170, 170]
2026-07-29 14:42:33,339 [INFO] TC_ID-795 - PreCondition: PC_ID-024  Testcase:Verify incorrect msg length NRC for LH seat vent fail detection read information (22 C1 04 01): Sending request 22C10401
2026-07-29 14:42:33,340 [INFO] TC_ID-795 - PreCondition: PC_ID-024  Testcase:Verify incorrect msg length NRC for LH seat vent fail detection read information (22 C1 04 01): Sending request 22C10401
2026-07-29 14:42:33,341 [DEBUG] Sending 4 bytes : [22c10401]
2026-07-29 14:42:33,342 [DEBUG] Enqueuing a SendRequest for 4 bytes and TAT=Physical
2026-07-29 14:42:33,344 [DEBUG] Tx: <706> (08) [ ]	 0422c10401000000
2026-07-29 14:42:33,345 [DEBUG] We've been asked to write a message to the bus
2026-07-29 14:42:33,346 [DEBUG] sending: Timestamp:        0.000000    ID:      706    S Rx     F BS       DL:  8    04 22 c1 04 01 00 00 00
2026-07-29 14:42:33,370 [DEBUG] Rx: <70E> (08) [p]	 037f2213aaaaaaaa
2026-07-29 14:42:33,421 [INFO] TC_ID-795 - Received: 7F2213
2026-07-29 14:42:33,423 [WARNING] TC_ID-795 - PreCondition: PC_ID-024  Testcase:Verify incorrect msg length NRC for LH seat vent fail detection read information (22 C1 04 01) -> ❌ FAIL - Expected 037F2213AAAAAAAA
2026-07-29 14:42:33,424 [DEBUG] Stopping CanStack
2026-07-29 14:42:33,425 [DEBUG] Main thread is exiting
2026-07-29 14:42:33,470 [DEBUG] CanStack Stopped
2026-07-29 14:42:33,474 [INFO] Connection closed
2026-07-29 14:42:33,476 [INFO] Running Test Case: TC_ID-796
2026-07-29 14:42:33,477 [DEBUG] Starting CanStack
2026-07-29 14:42:33,478 [DEBUG] Main thread has started
2026-07-29 14:42:33,479 [DEBUG] Relay thread has started
2026-07-29 14:42:33,481 [INFO] Connection opened
2026-07-29 14:42:33,481 [INFO] Switched to physical mode for TC: TC_ID-796 Step: PreCondition: PC_ID-024  Testcase:RH seat heat fail detection read   information_Read(Extended  session)
2026-07-29 14:42:33,482 [INFO] TC_ID-796 - PreCondition: PC_ID-024  Testcase:RH seat heat fail detection read   information_Read(Extended  session): SID=0x22, Sub=0xC105, Expected=[16, 10, 98, 193, 5, 192, 0, 234, 160, 0, 0, 0, 0, 0, 0, 0, 0, 0]
2026-07-29 14:42:33,584 [INFO] TC_ID-796 - PreCondition: PC_ID-024  Testcase:RH seat heat fail detection read   information_Read(Extended  session): Sending request 22C105
2026-07-29 14:42:33,585 [INFO] TC_ID-796 - PreCondition: PC_ID-024  Testcase:RH seat heat fail detection read   information_Read(Extended  session): Sending request 22C105
2026-07-29 14:42:33,586 [DEBUG] Sending 3 bytes : [22c105]
2026-07-29 14:42:33,586 [DEBUG] Enqueuing a SendRequest for 3 bytes and TAT=Physical
2026-07-29 14:42:33,588 [DEBUG] Tx: <706> (08) [ ]	 0322c10500000000
2026-07-29 14:42:33,589 [DEBUG] We've been asked to write a message to the bus
2026-07-29 14:42:33,589 [DEBUG] sending: Timestamp:        0.000000    ID:      706    S Rx     F BS       DL:  8    03 22 c1 05 00 00 00 00
2026-07-29 14:42:33,617 [DEBUG] We've been asked to write a message to the bus
2026-07-29 14:42:33,619 [DEBUG] Rx: <70E> (08) [p]	 101062c105c000ea
2026-07-29 14:42:33,620 [DEBUG] sending: Timestamp:        0.000000    ID:      706    S Rx     F BS       DL:  8    30 08 0a 00 00 00 00 00
2026-07-29 14:42:33,623 [DEBUG] Tx: <706> (08) [ ]	 30080a0000000000
2026-07-29 14:42:33,625 [DEBUG] We've been asked to write a message to the bus
2026-07-29 14:42:33,626 [DEBUG] sending: Timestamp:        0.000000    ID:      706    S Rx     F BS       DL:  8    30 08 0a 00 00 00 00 00
2026-07-29 14:42:33,632 [DEBUG] TxState=IDLE - RxState=WAIT_CF
2026-07-29 14:42:33,635 [DEBUG] Rx: <70E> (08) [p]	 21a0000000000020
2026-07-29 14:42:33,657 [DEBUG] Rx: <70E> (08) [p]	 22200000aaaaaaaa
2026-07-29 14:42:33,700 [INFO] TC_ID-796 - Received: 62C105C000EAA0000000000020200000
2026-07-29 14:42:33,703 [WARNING] TC_ID-796 - PreCondition: PC_ID-024  Testcase:RH seat heat fail detection read   information_Read(Extended  session) -> ❌ FAIL - Expected 100A62C105C000EAA0000000000000000000
2026-07-29 14:42:33,707 [DEBUG] Stopping CanStack
2026-07-29 14:42:33,708 [DEBUG] TxState=IDLE - RxState=IDLE
2026-07-29 14:42:33,709 [DEBUG] Main thread is exiting
2026-07-29 14:42:33,758 [DEBUG] CanStack Stopped
2026-07-29 14:42:33,759 [INFO] Connection closed
2026-07-29 14:42:33,759 [INFO] Running Test Case: TC_ID-797
2026-07-29 14:42:33,760 [DEBUG] Starting CanStack
2026-07-29 14:42:33,761 [DEBUG] Main thread has started
2026-07-29 14:42:33,763 [DEBUG] Relay thread has started
2026-07-29 14:42:33,764 [INFO] Connection opened
2026-07-29 14:42:33,765 [INFO] Switched to physical mode for TC: TC_ID-797 Step: PreCondition: PC_ID-024  Testcase:Verify incorrect msg length NRC for RH seat heat fail detection read information (22 C1 05 01)
2026-07-29 14:42:33,767 [INFO] TC_ID-797 - PreCondition: PC_ID-024  Testcase:Verify incorrect msg length NRC for RH seat heat fail detection read information (22 C1 05 01): SID=0x22, Sub=0xC10501, Expected=[3, 127, 34, 19, 170, 170, 170, 170]
2026-07-29 14:42:33,887 [INFO] TC_ID-797 - PreCondition: PC_ID-024  Testcase:Verify incorrect msg length NRC for RH seat heat fail detection read information (22 C1 05 01): Sending request 22C10501
2026-07-29 14:42:33,887 [INFO] TC_ID-797 - PreCondition: PC_ID-024  Testcase:Verify incorrect msg length NRC for RH seat heat fail detection read information (22 C1 05 01): Sending request 22C10501
2026-07-29 14:42:33,888 [DEBUG] Sending 4 bytes : [22c10501]
2026-07-29 14:42:33,890 [DEBUG] Enqueuing a SendRequest for 4 bytes and TAT=Physical
2026-07-29 14:42:33,892 [DEBUG] Tx: <706> (08) [ ]	 0422c10501000000
2026-07-29 14:42:33,893 [DEBUG] We've been asked to write a message to the bus
2026-07-29 14:42:33,894 [DEBUG] sending: Timestamp:        0.000000    ID:      706    S Rx     F BS       DL:  8    04 22 c1 05 01 00 00 00
2026-07-29 14:42:33,918 [DEBUG] Rx: <70E> (08) [p]	 037f2213aaaaaaaa
2026-07-29 14:42:33,968 [INFO] TC_ID-797 - Received: 7F2213
2026-07-29 14:42:33,969 [WARNING] TC_ID-797 - PreCondition: PC_ID-024  Testcase:Verify incorrect msg length NRC for RH seat heat fail detection read information (22 C1 05 01) -> ❌ FAIL - Expected 037F2213AAAAAAAA
2026-07-29 14:42:33,971 [DEBUG] Stopping CanStack
2026-07-29 14:42:33,973 [DEBUG] Main thread is exiting
2026-07-29 14:42:34,019 [DEBUG] CanStack Stopped
2026-07-29 14:42:34,020 [INFO] Connection closed
2026-07-29 14:42:34,021 [INFO] Running Test Case: TC_ID-798
2026-07-29 14:42:34,022 [DEBUG] Starting CanStack
2026-07-29 14:42:34,024 [DEBUG] Main thread has started
2026-07-29 14:42:34,027 [DEBUG] Relay thread has started
2026-07-29 14:42:34,029 [INFO] Connection opened
2026-07-29 14:42:34,030 [INFO] Switched to physical mode for TC: TC_ID-798 Step: PreCondition: PC_ID-024  Testcase:RH seat vent fail detection read   information_Read(Default session)
2026-07-29 14:42:34,031 [INFO] TC_ID-798 - PreCondition: PC_ID-024  Testcase:RH seat vent fail detection read   information_Read(Default session): SID=0x22, Sub=0xC106, Expected=[16, 10, 98, 193, 6, 250, 0, 0, 0, 0, 0, 0, 170, 170, 170, 170]
2026-07-29 14:42:34,142 [INFO] TC_ID-798 - PreCondition: PC_ID-024  Testcase:RH seat vent fail detection read   information_Read(Default session): Sending request 22C106
2026-07-29 14:42:34,143 [INFO] TC_ID-798 - PreCondition: PC_ID-024  Testcase:RH seat vent fail detection read   information_Read(Default session): Sending request 22C106
2026-07-29 14:42:34,143 [DEBUG] Sending 3 bytes : [22c106]
2026-07-29 14:42:34,144 [DEBUG] Enqueuing a SendRequest for 3 bytes and TAT=Physical
2026-07-29 14:42:34,146 [DEBUG] Tx: <706> (08) [ ]	 0322c10600000000
2026-07-29 14:42:34,147 [DEBUG] We've been asked to write a message to the bus
2026-07-29 14:42:34,148 [DEBUG] sending: Timestamp:        0.000000    ID:      706    S Rx     F BS       DL:  8    03 22 c1 06 00 00 00 00
2026-07-29 14:42:34,167 [DEBUG] We've been asked to write a message to the bus
2026-07-29 14:42:34,173 [DEBUG] Rx: <70E> (08) [p]	 100a62c106fa0000
2026-07-29 14:42:34,173 [DEBUG] sending: Timestamp:        0.000000    ID:      706    S Rx     F BS       DL:  8    30 08 0a 00 00 00 00 00
2026-07-29 14:42:34,174 [DEBUG] Tx: <706> (08) [ ]	 30080a0000000000
2026-07-29 14:42:34,176 [DEBUG] We've been asked to write a message to the bus
2026-07-29 14:42:34,179 [DEBUG] sending: Timestamp:        0.000000    ID:      706    S Rx     F BS       DL:  8    30 08 0a 00 00 00 00 00
2026-07-29 14:42:34,183 [DEBUG] TxState=IDLE - RxState=WAIT_CF
2026-07-29 14:42:34,185 [DEBUG] Rx: <70E> (08) [p]	 2100000000aaaaaa
2026-07-29 14:42:34,232 [INFO] TC_ID-798 - Received: 62C106FA000000000000
2026-07-29 14:42:34,233 [WARNING] TC_ID-798 - PreCondition: PC_ID-024  Testcase:RH seat vent fail detection read   information_Read(Default session) -> ❌ FAIL - Expected 100A62C106FA000000000000AAAAAAAA
2026-07-29 14:42:34,235 [DEBUG] Stopping CanStack
2026-07-29 14:42:34,238 [DEBUG] TxState=IDLE - RxState=IDLE
2026-07-29 14:42:34,240 [DEBUG] Main thread is exiting
2026-07-29 14:42:34,287 [DEBUG] CanStack Stopped
2026-07-29 14:42:34,288 [INFO] Connection closed
2026-07-29 14:42:34,289 [INFO] Running Test Case: TC_ID-799
2026-07-29 14:42:34,291 [DEBUG] Starting CanStack
2026-07-29 14:42:34,294 [DEBUG] Main thread has started
2026-07-29 14:42:34,298 [DEBUG] Relay thread has started
2026-07-29 14:42:34,305 [INFO] Connection opened
2026-07-29 14:42:34,308 [INFO] Switched to physical mode for TC: TC_ID-799 Step: PreCondition: PC_ID-024  Testcase:Verify incorrect msg length NRC for LH seat vent fail detection read information (22 C1 06 01)
2026-07-29 14:42:34,308 [INFO] TC_ID-799 - PreCondition: PC_ID-024  Testcase:Verify incorrect msg length NRC for LH seat vent fail detection read information (22 C1 06 01): SID=0x22, Sub=0xC10601, Expected=[3, 127, 34, 19, 170, 170, 170, 170]
2026-07-29 14:42:34,418 [INFO] TC_ID-799 - PreCondition: PC_ID-024  Testcase:Verify incorrect msg length NRC for LH seat vent fail detection read information (22 C1 06 01): Sending request 22C10601
2026-07-29 14:42:34,419 [INFO] TC_ID-799 - PreCondition: PC_ID-024  Testcase:Verify incorrect msg length NRC for LH seat vent fail detection read information (22 C1 06 01): Sending request 22C10601
2026-07-29 14:42:34,420 [DEBUG] Sending 4 bytes : [22c10601]
2026-07-29 14:42:34,420 [DEBUG] Enqueuing a SendRequest for 4 bytes and TAT=Physical
2026-07-29 14:42:34,422 [DEBUG] Tx: <706> (08) [ ]	 0422c10601000000
2026-07-29 14:42:34,424 [DEBUG] We've been asked to write a message to the bus
2026-07-29 14:42:34,424 [DEBUG] sending: Timestamp:        0.000000    ID:      706    S Rx     F BS       DL:  8    04 22 c1 06 01 00 00 00
2026-07-29 14:42:34,449 [DEBUG] Rx: <70E> (08) [p]	 037f2213aaaaaaaa
2026-07-29 14:42:34,499 [INFO] TC_ID-799 - Received: 7F2213
2026-07-29 14:42:34,500 [WARNING] TC_ID-799 - PreCondition: PC_ID-024  Testcase:Verify incorrect msg length NRC for LH seat vent fail detection read information (22 C1 06 01) -> ❌ FAIL - Expected 037F2213AAAAAAAA
2026-07-29 14:42:34,502 [DEBUG] Stopping CanStack
2026-07-29 14:42:34,504 [DEBUG] Main thread is exiting
2026-07-29 14:42:34,551 [DEBUG] CanStack Stopped
2026-07-29 14:42:34,552 [INFO] Connection closed
2026-07-29 14:42:34,553 [INFO] Running Test Case: TC_ID-800
2026-07-29 14:42:34,553 [DEBUG] Starting CanStack
2026-07-29 14:42:34,555 [DEBUG] Main thread has started
2026-07-29 14:42:34,556 [DEBUG] Relay thread has started
2026-07-29 14:42:34,557 [INFO] Connection opened
2026-07-29 14:42:34,558 [INFO] Switched to physical mode for TC: TC_ID-800 Step: PreCondition: PC_ID-024  Testcase:Log frame data read  information_Read(Default session)
2026-07-29 14:42:34,559 [INFO] TC_ID-800 - PreCondition: PC_ID-024  Testcase:Log frame data read  information_Read(Default session): SID=0x22, Sub=0xCF10, Expected=[16, 50, 98, 207, 16, 239, 199, 126, 0, 4, 10, 4, 4, 9, 4, 239, 192, 0, 0, 4, 9, 4, 170, 170, 170]
2026-07-29 14:42:34,653 [INFO] TC_ID-800 - PreCondition: PC_ID-024  Testcase:Log frame data read  information_Read(Default session): Sending request 22CF10
2026-07-29 14:42:34,654 [INFO] TC_ID-800 - PreCondition: PC_ID-024  Testcase:Log frame data read  information_Read(Default session): Sending request 22CF10
2026-07-29 14:42:34,655 [DEBUG] Sending 3 bytes : [22cf10]
2026-07-29 14:42:34,656 [DEBUG] Enqueuing a SendRequest for 3 bytes and TAT=Physical
2026-07-29 14:42:34,658 [DEBUG] Tx: <706> (08) [ ]	 0322cf1000000000
2026-07-29 14:42:34,659 [DEBUG] We've been asked to write a message to the bus
2026-07-29 14:42:34,660 [DEBUG] sending: Timestamp:        0.000000    ID:      706    S Rx     F BS       DL:  8    03 22 cf 10 00 00 00 00
2026-07-29 14:42:34,687 [DEBUG] We've been asked to write a message to the bus
2026-07-29 14:42:34,690 [DEBUG] sending: Timestamp:        0.000000    ID:      706    S Rx     F BS       DL:  8    30 08 0a 00 00 00 00 00
2026-07-29 14:42:34,691 [DEBUG] Rx: <70E> (08) [p]	 101462cf10efc77e
2026-07-29 14:42:34,694 [DEBUG] Tx: <706> (08) [ ]	 30080a0000000000
2026-07-29 14:42:34,698 [DEBUG] We've been asked to write a message to the bus
2026-07-29 14:42:34,701 [DEBUG] sending: Timestamp:        0.000000    ID:      706    S Rx     F BS       DL:  8    30 08 0a 00 00 00 00 00
2026-07-29 14:42:34,704 [DEBUG] TxState=IDLE - RxState=WAIT_CF
2026-07-29 14:42:34,707 [DEBUG] Rx: <70E> (08) [p]	 2100040a04040904
2026-07-29 14:42:34,717 [INFO] TC_ID-800 PreCondition: PC_ID-024  Testcase:Log frame data read  information_Read(Default session) -> Response shorter than expected (20/50). Waiting for remaining payload.
2026-07-29 14:42:34,719 [DEBUG] Rx: <70E> (08) [p]	 22efc00000040904
2026-07-29 14:42:34,726 [DEBUG] Received 20 bytes : [62cf10efc77e00040a04040904efc00000040904]
2026-07-29 14:42:34,776 [DEBUG] TxState=IDLE - RxState=IDLE
2026-07-29 14:42:39,727 [DEBUG] No data received: [TimeoutException] - Did not receive IsoTP frame from the Transport layer in time (timeout=5.0 sec) 
2026-07-29 14:42:39,728 [WARNING] TC_ID-800 PreCondition: PC_ID-024  Testcase:Log frame data read  information_Read(Default session) -> Timed out while extending response (40/50)
2026-07-29 14:42:39,780 [INFO] TC_ID-800 - Received: 62CF10EFC77E00040A04040904EFC0000004090462CF10EFC77E00040A04040904EFC00000040904
2026-07-29 14:42:39,781 [WARNING] TC_ID-800 - PreCondition: PC_ID-024  Testcase:Log frame data read  information_Read(Default session) -> ❌ FAIL - Expected 103262CF10EFC77E00040A04040904EFC00000040904AAAAAA
2026-07-29 14:42:39,783 [DEBUG] Stopping CanStack
2026-07-29 14:42:39,785 [DEBUG] Main thread is exiting
2026-07-29 14:42:39,791 [DEBUG] CanStack Stopped
2026-07-29 14:42:39,792 [INFO] Connection closed
2026-07-29 14:42:39,792 [INFO] Running Test Case: TC_ID-801
2026-07-29 14:42:39,793 [DEBUG] Starting CanStack
2026-07-29 14:42:39,795 [DEBUG] Main thread has started
2026-07-29 14:42:39,797 [DEBUG] Relay thread has started
2026-07-29 14:42:39,799 [INFO] Connection opened
2026-07-29 14:42:39,800 [INFO] Switched to physical mode for TC: TC_ID-801 Step: PreCondition: PC_ID-024  Testcase:Verify incorrect msg length NRC for Log frame data read information (22 CF 10 01)
2026-07-29 14:42:39,801 [INFO] TC_ID-801 - PreCondition: PC_ID-024  Testcase:Verify incorrect msg length NRC for Log frame data read information (22 CF 10 01): SID=0x22, Sub=0xCF1001, Expected=[3, 127, 34, 19, 170, 170, 170, 170]
2026-07-29 14:42:39,912 [INFO] TC_ID-801 - PreCondition: PC_ID-024  Testcase:Verify incorrect msg length NRC for Log frame data read information (22 CF 10 01): Sending request 22CF1001
2026-07-29 14:42:39,913 [INFO] TC_ID-801 - PreCondition: PC_ID-024  Testcase:Verify incorrect msg length NRC for Log frame data read information (22 CF 10 01): Sending request 22CF1001
2026-07-29 14:42:39,914 [DEBUG] Sending 4 bytes : [22cf1001]
2026-07-29 14:42:39,915 [DEBUG] Enqueuing a SendRequest for 4 bytes and TAT=Physical
2026-07-29 14:42:39,917 [DEBUG] Tx: <706> (08) [ ]	 0422cf1001000000
2026-07-29 14:42:39,918 [DEBUG] We've been asked to write a message to the bus
2026-07-29 14:42:39,919 [DEBUG] sending: Timestamp:        0.000000    ID:      706    S Rx     F BS       DL:  8    04 22 cf 10 01 00 00 00
2026-07-29 14:42:39,976 [WARNING] TC_ID-801 - No response received
2026-07-29 14:42:39,982 [DEBUG] Stopping CanStack
2026-07-29 14:42:39,991 [DEBUG] Main thread is exiting
2026-07-29 14:42:39,998 [DEBUG] CanStack Stopped
2026-07-29 14:42:40,000 [INFO] Connection closed
2026-07-29 14:42:40,001 [INFO] Running Test Case: TC_ID-802
2026-07-29 14:42:40,003 [DEBUG] Starting CanStack
2026-07-29 14:42:40,010 [DEBUG] Main thread has started
2026-07-29 14:42:40,015 [DEBUG] Relay thread has started
2026-07-29 14:42:40,018 [INFO] Connection opened
2026-07-29 14:42:40,020 [INFO] Switched to physical mode for TC: TC_ID-802 Step: PreCondition: PC_ID-024  Testcase:Non-Sleep ECU data Identifier_Read(Default session)
2026-07-29 14:42:40,024 [INFO] TC_ID-802 - PreCondition: PC_ID-024  Testcase:Non-Sleep ECU data Identifier_Read(Default session): SID=0x22, Sub=0xED90, Expected=[16, 9, 98, 237, 144, 240, 0, 0, 0, 8, 0, 170, 170, 170, 170, 170]
2026-07-29 14:42:40,135 [INFO] TC_ID-802 - PreCondition: PC_ID-024  Testcase:Non-Sleep ECU data Identifier_Read(Default session): Sending request 22ED90
2026-07-29 14:42:40,135 [INFO] TC_ID-802 - PreCondition: PC_ID-024  Testcase:Non-Sleep ECU data Identifier_Read(Default session): Sending request 22ED90
2026-07-29 14:42:40,248 [DEBUG] Sending 3 bytes : [22ed90]
2026-07-29 14:42:40,249 [DEBUG] Enqueuing a SendRequest for 3 bytes and TAT=Physical
2026-07-29 14:42:40,252 [DEBUG] Tx: <706> (08) [ ]	 0322ed9000000000
2026-07-29 14:42:40,254 [DEBUG] We've been asked to write a message to the bus
2026-07-29 14:42:40,256 [DEBUG] sending: Timestamp:        0.000000    ID:      706    S Rx     F BS       DL:  8    03 22 ed 90 00 00 00 00
2026-07-29 14:42:40,279 [DEBUG] We've been asked to write a message to the bus
2026-07-29 14:42:40,280 [DEBUG] sending: Timestamp:        0.000000    ID:      706    S Rx     F BS       DL:  8    30 08 0a 00 00 00 00 00
2026-07-29 14:42:40,338 [INFO] TC_ID-802 - Received: 62ED90F00000000800
2026-07-29 14:42:40,339 [WARNING] TC_ID-802 - PreCondition: PC_ID-024  Testcase:Non-Sleep ECU data Identifier_Read(Default session) -> ❌ FAIL - Expected 100962ED90F00000000800AAAAAAAAAA
2026-07-29 14:42:40,339 [DEBUG] Stopping CanStack
2026-07-29 14:42:40,340 [DEBUG] Main thread is exiting
2026-07-29 14:42:40,355 [DEBUG] CanStack Stopped
2026-07-29 14:42:40,356 [INFO] Connection closed
2026-07-29 14:42:40,357 [INFO] Running Test Case: TC_ID-803
2026-07-29 14:42:40,357 [DEBUG] Starting CanStack
2026-07-29 14:42:40,359 [DEBUG] Main thread has started
2026-07-29 14:42:40,360 [DEBUG] Relay thread has started
2026-07-29 14:42:40,363 [INFO] Connection opened
2026-07-29 14:42:40,364 [INFO] Switched to physical mode for TC: TC_ID-803 Step: PreCondition: PC_ID-024  Testcase:Verify incorrect msg length NRC for Non-Sleep ECU data Identifier (22 ED 90 01)
2026-07-29 14:42:40,366 [INFO] TC_ID-803 - PreCondition: PC_ID-024  Testcase:Verify incorrect msg length NRC for Non-Sleep ECU data Identifier (22 ED 90 01): SID=0x22, Sub=0xED9001, Expected=[3, 127, 34, 19, 170, 170, 170, 170]
2026-07-29 14:42:40,479 [INFO] TC_ID-803 - PreCondition: PC_ID-024  Testcase:Verify incorrect msg length NRC for Non-Sleep ECU data Identifier (22 ED 90 01): Sending request 22ED9001
2026-07-29 14:42:40,480 [INFO] TC_ID-803 - PreCondition: PC_ID-024  Testcase:Verify incorrect msg length NRC for Non-Sleep ECU data Identifier (22 ED 90 01): Sending request 22ED9001
2026-07-29 14:42:40,481 [DEBUG] Sending 4 bytes : [22ed9001]
2026-07-29 14:42:40,482 [DEBUG] Enqueuing a SendRequest for 4 bytes and TAT=Physical
2026-07-29 14:42:40,484 [DEBUG] Tx: <706> (08) [ ]	 0422ed9001000000
2026-07-29 14:42:40,485 [DEBUG] We've been asked to write a message to the bus
2026-07-29 14:42:40,486 [DEBUG] sending: Timestamp:        0.000000    ID:      706    S Rx     F BS       DL:  8    04 22 ed 90 01 00 00 00
2026-07-29 14:42:40,560 [INFO] TC_ID-803 - Received: 7F2213
2026-07-29 14:42:40,561 [WARNING] TC_ID-803 - PreCondition: PC_ID-024  Testcase:Verify incorrect msg length NRC for Non-Sleep ECU data Identifier (22 ED 90 01) -> ❌ FAIL - Expected 037F2213AAAAAAAA
2026-07-29 14:42:40,563 [DEBUG] Stopping CanStack
2026-07-29 14:42:40,564 [DEBUG] Main thread is exiting
2026-07-29 14:42:40,575 [DEBUG] CanStack Stopped
2026-07-29 14:42:40,576 [INFO] Connection closed
2026-07-29 14:42:40,577 [INFO] Running Test Case: TC_ID-804
2026-07-29 14:42:40,579 [ERROR] ----------------------------------TC_ID-804 PreCondition: PC_ID-024 -> EXCEPTION - Unsupported or unconfigured addressing mode: ----------------------------------
2026-07-29 14:42:40,582 [INFO] Running Test Case: TC_ID-805
2026-07-29 14:42:40,586 [ERROR] ----------------------------------TC_ID-805 PreCondition: PC_ID-024 -> EXCEPTION - Unsupported or unconfigured addressing mode: ----------------------------------
2026-07-29 14:42:40,589 [INFO] Running Test Case: TC_ID-806
2026-07-29 14:42:40,593 [ERROR] ----------------------------------TC_ID-806 PreCondition: PC_ID-024 -> EXCEPTION - Unsupported or unconfigured addressing mode: ----------------------------------
2026-07-29 14:42:40,595 [INFO] Running Test Case: TC_ID-807
2026-07-29 14:42:40,596 [ERROR] ----------------------------------TC_ID-807 PreCondition: PC_ID-024 -> EXCEPTION - Unsupported or unconfigured addressing mode: ----------------------------------
2026-07-29 14:42:40,596 [INFO] Running Test Case: TC_ID-808
2026-07-29 14:42:40,597 [ERROR] ----------------------------------TC_ID-808 PreCondition: PC_ID-024 -> EXCEPTION - Unsupported or unconfigured addressing mode: ----------------------------------
2026-07-29 14:42:40,598 [INFO] Running Test Case: TC_ID-809
2026-07-29 14:42:40,599 [ERROR] ----------------------------------TC_ID-809 PreCondition: PC_ID-024 -> EXCEPTION - Unsupported or unconfigured addressing mode: ----------------------------------
2026-07-29 14:42:40,599 [INFO] Running Test Case: TC_ID-810
2026-07-29 14:42:40,600 [ERROR] ----------------------------------TC_ID-810 PreCondition: PC_ID-024 -> EXCEPTION - Unsupported or unconfigured addressing mode: ----------------------------------
2026-07-29 14:42:40,601 [INFO] Running Test Case: TC_ID-811
2026-07-29 14:42:40,601 [ERROR] ----------------------------------TC_ID-811 PreCondition: PC_ID-024 -> EXCEPTION - Unsupported or unconfigured addressing mode: ----------------------------------
2026-07-29 14:42:40,602 [INFO] Running Test Case: TC_ID-812
2026-07-29 14:42:40,603 [ERROR] ----------------------------------TC_ID-812 PreCondition: PC_ID-024 -> EXCEPTION - Unsupported or unconfigured addressing mode: ----------------------------------
2026-07-29 14:42:40,605 [INFO] Running Test Case: TC_ID-813
2026-07-29 14:42:40,606 [ERROR] ----------------------------------TC_ID-813 PreCondition: PC_ID-024 -> EXCEPTION - Unsupported or unconfigured addressing mode: ----------------------------------
2026-07-29 14:42:40,607 [INFO] Running Test Case: TC_ID-814
2026-07-29 14:42:40,608 [ERROR] ----------------------------------TC_ID-814 PreCondition: PC_ID-024 -> EXCEPTION - Unsupported or unconfigured addressing mode: ----------------------------------
2026-07-29 14:42:40,609 [INFO] Running Test Case: TC_ID-815
2026-07-29 14:42:40,610 [ERROR] ----------------------------------TC_ID-815 PreCondition: PC_ID-024 -> EXCEPTION - Unsupported or unconfigured addressing mode: ----------------------------------
2026-07-29 14:42:40,611 [INFO] Running Test Case: TC_ID-816
2026-07-29 14:42:40,612 [ERROR] ----------------------------------TC_ID-816 PreCondition: PC_ID-024 -> EXCEPTION - Unsupported or unconfigured addressing mode: ----------------------------------
2026-07-29 14:42:40,612 [INFO] Running Test Case: TC_ID-817
2026-07-29 14:42:40,613 [ERROR] ----------------------------------TC_ID-817 PreCondition: PC_ID-024 -> EXCEPTION - Unsupported or unconfigured addressing mode: ----------------------------------
2026-07-29 14:42:40,614 [INFO] Running Test Case: TC_ID-818
2026-07-29 14:42:40,615 [ERROR] ----------------------------------TC_ID-818 PreCondition: PC_ID-024 -> EXCEPTION - Unsupported or unconfigured addressing mode: ----------------------------------
2026-07-29 14:42:40,616 [INFO] Running Test Case: TC_ID-819
2026-07-29 14:42:40,617 [ERROR] ----------------------------------TC_ID-819 PreCondition: PC_ID-024 -> EXCEPTION - Unsupported or unconfigured addressing mode: ----------------------------------
2026-07-29 14:42:40,618 [INFO] Running Test Case: TC_ID-820
2026-07-29 14:42:40,620 [ERROR] ----------------------------------TC_ID-820 PreCondition: PC_ID-024 -> EXCEPTION - Unsupported or unconfigured addressing mode: ----------------------------------
2026-07-29 14:42:40,621 [INFO] Running Test Case: TC_ID-821
2026-07-29 14:42:40,621 [ERROR] ----------------------------------TC_ID-821 PreCondition: PC_ID-024 -> EXCEPTION - Unsupported or unconfigured addressing mode: ----------------------------------
2026-07-29 14:42:40,623 [INFO] Running Test Case: TC_ID-822
2026-07-29 14:42:40,624 [ERROR] ----------------------------------TC_ID-822 PreCondition: PC_ID-024 -> EXCEPTION - Unsupported or unconfigured addressing mode: ----------------------------------
2026-07-29 14:42:40,625 [INFO] Running Test Case: TC_ID-823
2026-07-29 14:42:40,626 [DEBUG] Starting CanStack
2026-07-29 14:42:40,630 [DEBUG] Main thread has started
2026-07-29 14:42:40,635 [DEBUG] Relay thread has started
2026-07-29 14:42:40,640 [INFO] Connection opened
2026-07-29 14:42:40,644 [INFO] Switched to physical mode for TC: TC_ID-823 Step: PreCondition: PC_ID-023  Testcase:Verify SHVU Front Diagnostics CAN request and response ID's
2026-07-29 14:42:40,645 [INFO] TC_ID-823 - PreCondition: PC_ID-023  Testcase:Verify SHVU Front Diagnostics CAN request and response ID's: SID=0x10, Sub=0x01, Expected=[6, 80, 1, 0, 50, 1, 244, 170]
2026-07-29 14:42:40,749 [INFO] TC_ID-823 - PreCondition: PC_ID-023  Testcase:Verify SHVU Front Diagnostics CAN request and response ID's: Sending 1001
2026-07-29 14:42:40,811 [INFO] TC_ID-823 - PreCondition: PC_ID-023  Testcase:Verify SHVU Front Diagnostics CAN request and response ID's: Sending request 1001
2026-07-29 14:42:40,816 [DEBUG] Sending 2 bytes : [1001]
2026-07-29 14:42:40,821 [DEBUG] Enqueuing a SendRequest for 2 bytes and TAT=Physical
2026-07-29 14:42:40,828 [DEBUG] Tx: <706> (08) [ ]	 0210010000000000
2026-07-29 14:42:40,829 [DEBUG] We've been asked to write a message to the bus
2026-07-29 14:42:40,830 [DEBUG] sending: Timestamp:        0.000000    ID:      706    S Rx     F BS       DL:  8    02 10 01 00 00 00 00 00
2026-07-29 14:42:40,869 [INFO] TC_ID-823 - Received: 5001003201F4
2026-07-29 14:42:40,873 [WARNING] TC_ID-823 - PreCondition: PC_ID-023  Testcase:Verify SHVU Front Diagnostics CAN request and response ID's -> FAIL - Unexpected response
2026-07-29 14:42:40,875 [DEBUG] Stopping CanStack
2026-07-29 14:42:40,877 [DEBUG] Main thread is exiting
2026-07-29 14:42:40,896 [DEBUG] CanStack Stopped
2026-07-29 14:42:40,898 [INFO] Connection closed
2026-07-29 14:42:40,900 [INFO] Running Test Case: TC_ID-824
2026-07-29 14:42:40,902 [DEBUG] Starting CanStack
2026-07-29 14:42:40,904 [DEBUG] Main thread has started
2026-07-29 14:42:40,908 [DEBUG] Relay thread has started
2026-07-29 14:42:40,914 [INFO] Connection opened
2026-07-29 14:42:40,918 [INFO] Switched to physical mode for TC: TC_ID-824 Step: PreCondition: PC_ID-023  Testcase:Start Default session
2026-07-29 14:42:40,922 [INFO] TC_ID-824 - PreCondition: PC_ID-023  Testcase:Start Default session: SID=0x10, Sub=0x01, Expected=[6, 80, 1, 0, 50, 1, 244, 170]
2026-07-29 14:42:41,019 [INFO] TC_ID-824 - PreCondition: PC_ID-023  Testcase:Start Default session: Sending 1001
2026-07-29 14:42:41,077 [INFO] TC_ID-824 - PreCondition: PC_ID-023  Testcase:Start Default session: Sending request 1001
2026-07-29 14:42:41,081 [DEBUG] Sending 2 bytes : [1001]
2026-07-29 14:42:41,084 [DEBUG] Enqueuing a SendRequest for 2 bytes and TAT=Physical
2026-07-29 14:42:41,089 [DEBUG] Tx: <706> (08) [ ]	 0210010000000000
2026-07-29 14:42:41,090 [DEBUG] We've been asked to write a message to the bus
2026-07-29 14:42:41,091 [DEBUG] sending: Timestamp:        0.000000    ID:      706    S Rx     F BS       DL:  8    02 10 01 00 00 00 00 00
2026-07-29 14:42:41,094 [WARNING] TC_ID-824 - No response received
2026-07-29 14:42:41,157 [DEBUG] Stopping CanStack
2026-07-29 14:42:41,158 [DEBUG] Main thread is exiting
2026-07-29 14:42:41,161 [DEBUG] CanStack Stopped
2026-07-29 14:42:41,161 [INFO] Connection closed
2026-07-29 14:42:41,162 [INFO] Running Test Case: TC_ID-825
2026-07-29 14:42:41,163 [DEBUG] Starting CanStack
2026-07-29 14:42:41,164 [DEBUG] Main thread has started
2026-07-29 14:42:41,165 [DEBUG] Relay thread has started
2026-07-29 14:42:41,168 [INFO] Connection opened
2026-07-29 14:42:41,170 [INFO] Switched to physical mode for TC: TC_ID-825 Step: PreCondition: PC_ID-023  Testcase:Read DTC Past(19 02 09)
2026-07-29 14:42:41,171 [INFO] TC_ID-825 - PreCondition: PC_ID-023  Testcase:Read DTC Past(19 02 09): SID=0x19, Sub=0x02, Expected=[7, 89, 2, 9, 167, 19, 0, 8]
2026-07-29 14:42:41,259 [INFO] TC_ID-825 - PreCondition: PC_ID-023  Testcase:Read DTC Past(19 02 09): Sending 190209
2026-07-29 14:42:41,260 [INFO] TC_ID-825 - PreCondition: PC_ID-023  Testcase:Read DTC Past(19 02 09): Sending request 190209
2026-07-29 14:42:41,261 [DEBUG] Sending 3 bytes : [190209]
2026-07-29 14:42:41,261 [DEBUG] Enqueuing a SendRequest for 3 bytes and TAT=Physical
2026-07-29 14:42:41,262 [DEBUG] Tx: <706> (08) [ ]	 0319020900000000
2026-07-29 14:42:41,263 [DEBUG] We've been asked to write a message to the bus
2026-07-29 14:42:41,263 [DEBUG] sending: Timestamp:        0.000000    ID:      706    S Rx     F BS       DL:  8    03 19 02 09 00 00 00 00
2026-07-29 14:42:41,277 [DEBUG] Stopping CanStack
2026-07-29 14:42:41,280 [DEBUG] Main thread is exiting
2026-07-29 14:42:41,299 [DEBUG] CanStack Stopped
2026-07-29 14:42:41,300 [INFO] Connection closed
2026-07-29 14:42:41,301 [INFO] Running Test Case: TC_ID-826
2026-07-29 14:42:41,301 [DEBUG] Starting CanStack
2026-07-29 14:42:41,303 [DEBUG] Main thread has started
2026-07-29 14:42:41,304 [DEBUG] Relay thread has started
2026-07-29 14:42:41,306 [INFO] Connection opened
2026-07-29 14:42:41,308 [INFO] Switched to physical mode for TC: TC_ID-826 Step: PreCondition: PC_ID-024  Testcase:Verify CAN bus off error (19 02 09)
2026-07-29 14:42:41,309 [INFO] TC_ID-826 - PreCondition: PC_ID-024  Testcase:Verify CAN bus off error (19 02 09): SID=0x19, Sub=0x02, Expected=[7, 89, 2, 9, 167, 19, 0, 8]
2026-07-29 14:42:41,418 [INFO] TC_ID-826 - PreCondition: PC_ID-024  Testcase:Verify CAN bus off error (19 02 09): Sending 190209
2026-07-29 14:42:41,418 [INFO] TC_ID-826 - PreCondition: PC_ID-024  Testcase:Verify CAN bus off error (19 02 09): Sending request 190209
2026-07-29 14:42:41,419 [DEBUG] Sending 3 bytes : [190209]
2026-07-29 14:42:41,420 [DEBUG] Enqueuing a SendRequest for 3 bytes and TAT=Physical
2026-07-29 14:42:41,422 [DEBUG] Tx: <706> (08) [ ]	 0319020900000000
2026-07-29 14:42:41,423 [DEBUG] We've been asked to write a message to the bus
2026-07-29 14:42:41,424 [DEBUG] sending: Timestamp:        0.000000    ID:      706    S Rx     F BS       DL:  8    03 19 02 09 00 00 00 00
2026-07-29 14:42:41,438 [DEBUG] Stopping CanStack
2026-07-29 14:42:41,446 [DEBUG] Main thread is exiting
2026-07-29 14:42:41,465 [DEBUG] CanStack Stopped
2026-07-29 14:42:41,467 [INFO] Connection closed
2026-07-29 14:42:41,468 [INFO] Running Test Case: PC_ID-028
2026-07-29 14:42:41,469 [DEBUG] Starting CanStack
2026-07-29 14:42:41,471 [DEBUG] Main thread has started
2026-07-29 14:42:41,475 [DEBUG] Relay thread has started
2026-07-29 14:42:41,482 [INFO] Connection opened
2026-07-29 14:42:41,487 [INFO] Switched to physical mode for TC: PC_ID-028 Step: Start Programming  session
2026-07-29 14:42:41,488 [INFO] PC_ID-028 - Start Programming  session: SID=0x10, Sub=0x02, Expected=[6, 80, 2, 0, 50, 1, 244, 170]
2026-07-29 14:42:41,557 [INFO] PC_ID-028 - Start Programming  session: Sending 1002
2026-07-29 14:42:41,621 [INFO] PC_ID-028 - Start Programming  session: Sending request 1002
2026-07-29 14:42:41,622 [DEBUG] Sending 2 bytes : [1002]
2026-07-29 14:42:41,623 [DEBUG] Enqueuing a SendRequest for 2 bytes and TAT=Physical
2026-07-29 14:42:41,624 [DEBUG] Tx: <706> (08) [ ]	 0210020000000000
2026-07-29 14:42:41,624 [DEBUG] We've been asked to write a message to the bus
2026-07-29 14:42:41,624 [DEBUG] sending: Timestamp:        0.000000    ID:      706    S Rx     F BS       DL:  8    02 10 02 00 00 00 00 00
2026-07-29 14:42:41,916 [INFO] PC_ID-028 - Received: 5002003201F4
2026-07-29 14:42:41,917 [WARNING] PC_ID-028 - Start Programming  session -> FAIL - Unexpected response
2026-07-29 14:42:41,918 [DEBUG] Stopping CanStack
2026-07-29 14:42:41,919 [DEBUG] Main thread is exiting
2026-07-29 14:42:41,922 [DEBUG] CanStack Stopped
2026-07-29 14:42:41,923 [INFO] Connection closed
2026-07-29 14:42:41,924 [INFO] Running Test Case: TC_ID-827
2026-07-29 14:42:41,925 [DEBUG] Starting CanStack
2026-07-29 14:42:41,927 [DEBUG] Main thread has started
2026-07-29 14:42:41,929 [DEBUG] Relay thread has started
2026-07-29 14:42:41,932 [INFO] Connection opened
2026-07-29 14:42:41,937 [INFO] Switched to physical mode for TC: TC_ID-827 Step: PreCondition: PC_ID-028  Testcase:Verify CAN bus off error (19 02 09)
2026-07-29 14:42:41,940 [INFO] TC_ID-827 - PreCondition: PC_ID-028  Testcase:Verify CAN bus off error (19 02 09): SID=0x19, Sub=0x02, Expected=[3, 127, 25, 17, 170, 170, 170]
2026-07-29 14:42:42,031 [INFO] TC_ID-827 - PreCondition: PC_ID-028  Testcase:Verify CAN bus off error (19 02 09): Sending 190209
2026-07-29 14:42:42,032 [INFO] TC_ID-827 - PreCondition: PC_ID-028  Testcase:Verify CAN bus off error (19 02 09): Sending request 190209
2026-07-29 14:42:42,033 [DEBUG] Sending 3 bytes : [190209]
2026-07-29 14:42:42,035 [DEBUG] Enqueuing a SendRequest for 3 bytes and TAT=Physical
2026-07-29 14:42:42,036 [DEBUG] Tx: <706> (08) [ ]	 0319020900000000
2026-07-29 14:42:42,037 [DEBUG] We've been asked to write a message to the bus
2026-07-29 14:42:42,038 [DEBUG] sending: Timestamp:        0.000000    ID:      706    S Rx     F BS       DL:  8    03 19 02 09 00 00 00 00
2026-07-29 14:42:42,047 [DEBUG] Stopping CanStack
2026-07-29 14:42:42,055 [DEBUG] Main thread is exiting
2026-07-29 14:42:42,060 [DEBUG] CanStack Stopped
2026-07-29 14:42:42,061 [INFO] Connection closed
2026-07-29 14:42:42,061 [INFO] Running Test Case: TC_ID-828
2026-07-29 14:42:42,062 [DEBUG] Starting CanStack
2026-07-29 14:42:42,064 [DEBUG] Main thread has started
2026-07-29 14:42:42,066 [DEBUG] Relay thread has started
2026-07-29 14:42:42,068 [INFO] Connection opened
2026-07-29 14:42:42,070 [INFO] Switched to physical mode for TC: TC_ID-828 Step: PreCondition: PC_ID-023  Testcase:Verify report Read DTC in past (19 02 08)
2026-07-29 14:42:42,071 [INFO] TC_ID-828 - PreCondition: PC_ID-023  Testcase:Verify report Read DTC in past (19 02 08): SID=0x19, Sub=0x02, Expected=[3, 89, 2, 8, 170, 170, 170, 170]
2026-07-29 14:42:42,170 [INFO] TC_ID-828 - PreCondition: PC_ID-023  Testcase:Verify report Read DTC in past (19 02 08): Sending 190208
2026-07-29 14:42:42,171 [INFO] TC_ID-828 - PreCondition: PC_ID-023  Testcase:Verify report Read DTC in past (19 02 08): Sending request 190208
2026-07-29 14:42:42,171 [DEBUG] Sending 3 bytes : [190208]
2026-07-29 14:42:42,172 [DEBUG] Enqueuing a SendRequest for 3 bytes and TAT=Physical
2026-07-29 14:42:42,173 [DEBUG] Tx: <706> (08) [ ]	 0319020800000000
2026-07-29 14:42:42,174 [DEBUG] We've been asked to write a message to the bus
2026-07-29 14:42:42,174 [DEBUG] sending: Timestamp:        0.000000    ID:      706    S Rx     F BS       DL:  8    03 19 02 08 00 00 00 00
2026-07-29 14:42:42,186 [DEBUG] Stopping CanStack
2026-07-29 14:42:42,188 [DEBUG] Main thread is exiting
2026-07-29 14:42:42,198 [DEBUG] CanStack Stopped
2026-07-29 14:42:42,199 [INFO] Connection closed
2026-07-29 14:42:42,200 [INFO] Running Test Case: TC_ID-829
2026-07-29 14:42:42,204 [DEBUG] Starting CanStack
2026-07-29 14:42:42,210 [DEBUG] Main thread has started
2026-07-29 14:42:42,215 [DEBUG] Relay thread has started
2026-07-29 14:42:42,217 [INFO] Connection opened
2026-07-29 14:42:42,218 [INFO] Switched to physical mode for TC: TC_ID-829 Step: PreCondition: PC_ID-024  Testcase:Verify report Read DTC in past (19 02 08)
2026-07-29 14:42:42,219 [INFO] TC_ID-829 - PreCondition: PC_ID-024  Testcase:Verify report Read DTC in past (19 02 08): SID=0x19, Sub=0x02, Expected=[3, 89, 2, 8, 170, 170, 170, 170]
2026-07-29 14:42:42,307 [INFO] TC_ID-829 - PreCondition: PC_ID-024  Testcase:Verify report Read DTC in past (19 02 08): Sending 190208
2026-07-29 14:42:42,308 [INFO] TC_ID-829 - PreCondition: PC_ID-024  Testcase:Verify report Read DTC in past (19 02 08): Sending request 190208
2026-07-29 14:42:42,309 [DEBUG] Sending 3 bytes : [190208]
2026-07-29 14:42:42,310 [DEBUG] Enqueuing a SendRequest for 3 bytes and TAT=Physical
2026-07-29 14:42:42,312 [DEBUG] Tx: <706> (08) [ ]	 0319020800000000
2026-07-29 14:42:42,313 [DEBUG] We've been asked to write a message to the bus
2026-07-29 14:42:42,314 [DEBUG] sending: Timestamp:        0.000000    ID:      706    S Rx     F BS       DL:  8    03 19 02 08 00 00 00 00
2026-07-29 14:42:42,329 [DEBUG] Stopping CanStack
2026-07-29 14:42:42,334 [DEBUG] Main thread is exiting
2026-07-29 14:42:42,337 [DEBUG] CanStack Stopped
2026-07-29 14:42:42,338 [INFO] Connection closed
2026-07-29 14:42:42,339 [INFO] Running Test Case: TC_ID-830
2026-07-29 14:42:42,340 [DEBUG] Starting CanStack
2026-07-29 14:42:42,342 [DEBUG] Main thread has started
2026-07-29 14:42:42,344 [DEBUG] Relay thread has started
2026-07-29 14:42:42,346 [INFO] Connection opened
2026-07-29 14:42:42,348 [INFO] Switched to physical mode for TC: TC_ID-830 Step: PreCondition: PC_ID-023  Testcase:Verify NRC-sub function not supported in fault memory (19 05 01)
2026-07-29 14:42:42,349 [INFO] TC_ID-830 - PreCondition: PC_ID-023  Testcase:Verify NRC-sub function not supported in fault memory (19 05 01): SID=0x19, Sub=0x06, Expected=[3, 127, 25, 18, 170, 170, 170, 170]
2026-07-29 14:42:42,457 [DEBUG] Stopping CanStack
2026-07-29 14:42:42,459 [DEBUG] Main thread is exiting
2026-07-29 14:42:42,461 [DEBUG] CanStack Stopped
2026-07-29 14:42:42,461 [INFO] Connection closed
2026-07-29 14:42:42,462 [ERROR] ----------------------------------TC_ID-830 PreCondition: PC_ID-023  Testcase:Verify NRC-sub function not supported in fault memory (19 05 01) -> EXCEPTION - invalid literal for int() with base 16: ''----------------------------------
2026-07-29 14:42:42,463 [INFO] Running Test Case: TC_ID-831
2026-07-29 14:42:42,463 [DEBUG] Starting CanStack
2026-07-29 14:42:42,465 [DEBUG] Main thread has started
2026-07-29 14:42:42,467 [DEBUG] Relay thread has started
2026-07-29 14:42:42,468 [INFO] Connection opened
2026-07-29 14:42:42,470 [INFO] Switched to physical mode for TC: TC_ID-831 Step: PreCondition: PC_ID-023  Testcase:Verify NRC-Incorrect message length in fault memory (19 02 08 01)
2026-07-29 14:42:42,471 [INFO] TC_ID-831 - PreCondition: PC_ID-023  Testcase:Verify NRC-Incorrect message length in fault memory (19 02 08 01): SID=0x19, Sub=0x02, Expected=[3, 127, 25, 19, 170, 170, 170, 170]
2026-07-29 14:42:42,577 [DEBUG] Stopping CanStack
2026-07-29 14:42:42,579 [DEBUG] Main thread is exiting
2026-07-29 14:42:42,584 [DEBUG] CanStack Stopped
2026-07-29 14:42:42,585 [INFO] Connection closed
2026-07-29 14:42:42,587 [ERROR] ----------------------------------TC_ID-831 PreCondition: PC_ID-023  Testcase:Verify NRC-Incorrect message length in fault memory (19 02 08 01) -> EXCEPTION - bytes must be in range(0, 256)----------------------------------
2026-07-29 14:42:42,588 [INFO] Running Test Case: TC_ID-832
2026-07-29 14:42:42,589 [DEBUG] Starting CanStack
2026-07-29 14:42:42,591 [DEBUG] Main thread has started
2026-07-29 14:42:42,595 [DEBUG] Relay thread has started
2026-07-29 14:42:42,602 [INFO] Connection opened
2026-07-29 14:42:42,607 [INFO] Switched to physical mode for TC: TC_ID-832 Step: PreCondition: PC_ID-023  Testcase:Verify Clear DTC positive response for all group (14 FF FF FF)
2026-07-29 14:42:42,608 [INFO] TC_ID-832 - PreCondition: PC_ID-023  Testcase:Verify Clear DTC positive response for all group (14 FF FF FF): SID=0x14, Sub=0xFFFFFF, Expected=[1, 84, 170, 170, 170, 170, 170, 170]
2026-07-29 14:42:42,707 [INFO] TC_ID-832 - PreCondition: PC_ID-023  Testcase:Verify Clear DTC positive response for all group (14 FF FF FF): Sending 14FFFFFF
2026-07-29 14:42:42,708 [INFO] TC_ID-832 - PreCondition: PC_ID-023  Testcase:Verify Clear DTC positive response for all group (14 FF FF FF): Sending request 14FFFFFF
2026-07-29 14:42:42,710 [DEBUG] Sending 4 bytes : [14ffffff]
2026-07-29 14:42:42,711 [DEBUG] Enqueuing a SendRequest for 4 bytes and TAT=Physical
2026-07-29 14:42:42,713 [DEBUG] Tx: <706> (08) [ ]	 0414ffffff000000
2026-07-29 14:42:42,714 [DEBUG] We've been asked to write a message to the bus
2026-07-29 14:42:42,715 [DEBUG] sending: Timestamp:        0.000000    ID:      706    S Rx     F BS       DL:  8    04 14 ff ff ff 00 00 00
2026-07-29 14:42:42,727 [DEBUG] Stopping CanStack
2026-07-29 14:42:42,736 [DEBUG] Main thread is exiting
2026-07-29 14:42:42,738 [DEBUG] CanStack Stopped
2026-07-29 14:42:42,739 [INFO] Connection closed
2026-07-29 14:42:42,740 [INFO] Running Test Case: TC_ID-833
2026-07-29 14:42:42,741 [DEBUG] Starting CanStack
2026-07-29 14:42:42,744 [DEBUG] Main thread has started
2026-07-29 14:42:42,745 [DEBUG] Relay thread has started
2026-07-29 14:42:42,748 [INFO] Connection opened
2026-07-29 14:42:42,749 [INFO] Switched to physical mode for TC: TC_ID-833 Step: PreCondition: PC_ID-024  Testcase:Verify Clear DTC positive response for all group (14 FF FF FF)
2026-07-29 14:42:42,750 [INFO] TC_ID-833 - PreCondition: PC_ID-024  Testcase:Verify Clear DTC positive response for all group (14 FF FF FF): SID=0x14, Sub=0xFFFFFF, Expected=[1, 84, 170, 170, 170, 170, 170, 170]
2026-07-29 14:42:42,853 [INFO] TC_ID-833 - PreCondition: PC_ID-024  Testcase:Verify Clear DTC positive response for all group (14 FF FF FF): Sending 14FFFFFF
2026-07-29 14:42:42,854 [INFO] TC_ID-833 - PreCondition: PC_ID-024  Testcase:Verify Clear DTC positive response for all group (14 FF FF FF): Sending request 14FFFFFF
2026-07-29 14:42:42,854 [DEBUG] Sending 4 bytes : [14ffffff]
2026-07-29 14:42:42,855 [DEBUG] Enqueuing a SendRequest for 4 bytes and TAT=Physical
2026-07-29 14:42:42,856 [DEBUG] Tx: <706> (08) [ ]	 0414ffffff000000
2026-07-29 14:42:42,857 [DEBUG] We've been asked to write a message to the bus
2026-07-29 14:42:42,857 [DEBUG] sending: Timestamp:        0.000000    ID:      706    S Rx     F BS       DL:  8    04 14 ff ff ff 00 00 00
2026-07-29 14:42:42,866 [DEBUG] Stopping CanStack
2026-07-29 14:42:42,869 [DEBUG] Main thread is exiting
2026-07-29 14:42:42,871 [DEBUG] CanStack Stopped
2026-07-29 14:42:42,873 [INFO] Connection closed
2026-07-29 14:42:42,874 [INFO] Running Test Case: TC_ID-834
2026-07-29 14:42:42,875 [DEBUG] Starting CanStack
2026-07-29 14:42:42,877 [DEBUG] Main thread has started
2026-07-29 14:42:42,882 [DEBUG] Relay thread has started
2026-07-29 14:42:42,887 [INFO] Connection opened
2026-07-29 14:42:42,892 [INFO] Switched to physical mode for TC: TC_ID-834 Step: PreCondition: PC_ID-023  Testcase:Verify NRC- incorrect message length in Clear Diagnostic information (14 FF FF FF FF)
2026-07-29 14:42:42,894 [INFO] TC_ID-834 - PreCondition: PC_ID-023  Testcase:Verify NRC- incorrect message length in Clear Diagnostic information (14 FF FF FF FF): SID=0x14, Sub=0xFFFFFFFF, Expected=[3, 127, 20, 19, 170, 170, 170, 170]
2026-07-29 14:42:43,001 [INFO] TC_ID-834 - PreCondition: PC_ID-023  Testcase:Verify NRC- incorrect message length in Clear Diagnostic information (14 FF FF FF FF): Sending 14FFFFFFFF
2026-07-29 14:42:43,002 [INFO] TC_ID-834 - PreCondition: PC_ID-023  Testcase:Verify NRC- incorrect message length in Clear Diagnostic information (14 FF FF FF FF): Sending request 14FFFFFFFF
2026-07-29 14:42:43,003 [DEBUG] Sending 5 bytes : [14ffffffff]
2026-07-29 14:42:43,004 [DEBUG] Enqueuing a SendRequest for 5 bytes and TAT=Physical
2026-07-29 14:42:43,006 [DEBUG] Tx: <706> (08) [ ]	 0514ffffffff0000
2026-07-29 14:42:43,007 [DEBUG] We've been asked to write a message to the bus
2026-07-29 14:42:43,008 [DEBUG] sending: Timestamp:        0.000000    ID:      706    S Rx     F BS       DL:  8    05 14 ff ff ff ff 00 00
2026-07-29 14:42:43,017 [DEBUG] Stopping CanStack
2026-07-29 14:42:43,024 [DEBUG] Main thread is exiting
2026-07-29 14:42:43,034 [DEBUG] CanStack Stopped
2026-07-29 14:42:43,035 [INFO] Connection closed
2026-07-29 14:42:43,037 [INFO] Running Test Case: TC_ID-835
2026-07-29 14:42:43,038 [DEBUG] Starting CanStack
2026-07-29 14:42:43,040 [DEBUG] Main thread has started
2026-07-29 14:42:43,042 [DEBUG] Relay thread has started
2026-07-29 14:42:43,043 [INFO] Connection opened
2026-07-29 14:42:43,045 [INFO] Switched to physical mode for TC: TC_ID-835 Step: PreCondition: PC_ID-024  Testcase:Verify positive response for Security Seed Request (27 11)
2026-07-29 14:42:43,046 [INFO] TC_ID-835 - PreCondition: PC_ID-024  Testcase:Verify positive response for Security Seed Request (27 11): SID=0x27, Sub=0x11, Expected=[16, 10, 103, 17, 16, 38, 67, 122, 19, 110, 83, 10]
2026-07-29 14:42:43,150 [INFO] TC_ID-835 - PreCondition: PC_ID-024  Testcase:Verify positive response for Security Seed Request (27 11): Sending request 2711
2026-07-29 14:42:43,151 [DEBUG] Sending 2 bytes : [2711]
2026-07-29 14:42:43,152 [DEBUG] Enqueuing a SendRequest for 2 bytes and TAT=Physical
2026-07-29 14:42:43,153 [DEBUG] Tx: <706> (08) [ ]	 0227110000000000
2026-07-29 14:42:43,153 [DEBUG] We've been asked to write a message to the bus
2026-07-29 14:42:43,154 [DEBUG] sending: Timestamp:        0.000000    ID:      706    S Rx     F BS       DL:  8    02 27 11 00 00 00 00 00
2026-07-29 14:42:43,177 [DEBUG] We've been asked to write a message to the bus
2026-07-29 14:42:43,186 [DEBUG] sending: Timestamp:        0.000000    ID:      706    S Rx     F BS       DL:  8    30 08 0a 00 00 00 00 00
2026-07-29 14:42:43,191 [DEBUG] TC_ID-835 PreCondition: PC_ID-024  Testcase:Verify positive response for Security Seed Request (27 11) -> Received payload: [103, 17, 51, 61, 150, 81, 87, 80, 141, 28]
2026-07-29 14:42:43,193 [INFO] Received Seed (subfunc 0x11): 333d965157508d1c
2026-07-29 14:42:43,696 [INFO] Attempt 1: Sending seed to PC...
2026-07-29 14:42:43,767 [INFO] Received Key (for subfunc 0x12): b'0\xdf\x92\x81(\xf2p\xf1'
2026-07-29 14:42:43,768 [DEBUG] Stopping CanStack
2026-07-29 14:42:43,769 [DEBUG] Main thread is exiting
2026-07-29 14:42:43,781 [DEBUG] CanStack Stopped
2026-07-29 14:42:43,785 [INFO] Connection closed
2026-07-29 14:42:43,789 [INFO] Running Test Case: TC_ID-836
2026-07-29 14:42:43,793 [ERROR] ----------------------------------TC_ID-836 PreCondition: PC_ID-023 -> EXCEPTION - Unsupported or unconfigured addressing mode: ----------------------------------
2026-07-29 14:42:43,797 [INFO] Running Test Case: TC_ID-837
2026-07-29 14:42:43,799 [ERROR] ----------------------------------TC_ID-837 PreCondition: PC_ID-024 -> EXCEPTION - Unsupported or unconfigured addressing mode: ----------------------------------
2026-07-29 14:42:43,799 [INFO] Running Test Case: TC_ID-838
2026-07-29 14:42:43,800 [ERROR] ----------------------------------TC_ID-838 PreCondition: PC_ID-023 -> EXCEPTION - Unsupported or unconfigured addressing mode: ----------------------------------
2026-07-29 14:42:43,801 [INFO] Running Test Case: TC_ID-839
2026-07-29 14:42:43,802 [ERROR] ----------------------------------TC_ID-839 PreCondition: PC_ID-023 -> EXCEPTION - Unsupported or unconfigured addressing mode: ----------------------------------
2026-07-29 14:42:43,803 [INFO] Running Test Case: TC_ID-840
2026-07-29 14:42:43,803 [ERROR] ----------------------------------TC_ID-840 PreCondition: PC_ID-023 -> EXCEPTION - Unsupported or unconfigured addressing mode: ----------------------------------
2026-07-29 14:42:43,804 [INFO] Running Test Case: TC_ID-841
2026-07-29 14:42:43,805 [ERROR] ----------------------------------TC_ID-841 PreCondition: PC_ID-023 -> EXCEPTION - Unsupported or unconfigured addressing mode: ----------------------------------
2026-07-29 14:42:43,806 [INFO] Running Test Case: TC_ID-842
2026-07-29 14:42:43,807 [ERROR] ----------------------------------TC_ID-842 PreCondition: PC_ID-023 -> EXCEPTION - Unsupported or unconfigured addressing mode: ----------------------------------
2026-07-29 14:42:43,808 [INFO] Running Test Case: TC_ID-843
2026-07-29 14:42:43,810 [ERROR] ----------------------------------TC_ID-843 PreCondition: PC_ID-023 -> EXCEPTION - Unsupported or unconfigured addressing mode: ----------------------------------
2026-07-29 14:42:43,811 [INFO] Running Test Case: TC_ID-844
2026-07-29 14:42:43,812 [ERROR] ----------------------------------TC_ID-844 PreCondition: PC_ID-024 -> EXCEPTION - Unsupported or unconfigured addressing mode: ----------------------------------
2026-07-29 14:42:44,197 [ERROR] [CANLogger] Error during stop: I/O operation on closed file.
2026-07-29 14:42:44,198 [WARNING] SocketcanBus was not properly shut down
2026-07-29 14:42:44,200 [DEBUG] Closing raw can socket
2026-07-29 14:42:45,702 [INFO] ----------------------------------Log Generated!----------------------------------
2026-07-29 14:42:48,215 [INFO] ----------------------------------Report Generated----------------------------------
2026-07-29 14:42:50,216 [INFO] ----------------------------------Done-----------------------------------------------
2026-07-29 14:43:03,288 [INFO] Uploading...
2026-07-29 14:44:53,076 [INFO] ----------------------------------Run Test Cases-----------------------------------------------
2026-07-29 14:44:53,077 [INFO] ----------------------------------Storage OK Free: 4837 MB-----------------------------------------------
2026-07-29 14:44:55,096 [DEBUG] can config: {'can_filters': [{'can_id': 1798, 'can_mask': 2047, 'extended': False}, {'can_id': 1806, 'can_mask': 2047, 'extended': False}, {'can_id': 2015, 'can_mask': 2047, 'extended': False}, {'can_id': 1822, 'can_mask': 2047, 'extended': False}], 'fd': True, 'interface': 'socketcan', 'channel': 'can0'}
2026-07-29 14:44:55,099 [INFO] Created a socket
2026-07-29 14:44:55,100 [DEBUG] Binding socket to channel=can0
2026-07-29 14:44:55,102 [DEBUG] Bound socket.
2026-07-29 14:44:55,107 [INFO] CAN logging started: /home/mobase/Git/Raja/New_3/dist/output/can_logs/SHVU_Test2nd_time_20260729_144455.asc
2026-07-29 14:44:55,109 [INFO] Execution startup settle delay: 0.250s before first testcase
2026-07-29 14:44:55,361 [INFO] Drained stale CAN frames on physical sniffer bus
2026-07-29 14:44:55,361 [INFO] Drained stale CAN frames on active sniffer bus
2026-07-29 14:44:55,375 [INFO] Running Test Case: ECU_INFO-21
2026-07-29 14:44:55,377 [INFO] Final CAN drain completed before first testcase ECU_INFO-21
2026-07-29 14:44:55,380 [DEBUG] Starting CanStack
2026-07-29 14:44:55,387 [DEBUG] Main thread has started
2026-07-29 14:44:55,392 [DEBUG] Relay thread has started
2026-07-29 14:44:55,394 [INFO] Connection opened
2026-07-29 14:44:55,395 [INFO] Switched to physical mode for TC: ECU_INFO-21 Step: S/W Version
2026-07-29 14:44:55,396 [INFO] ECU_INFO-21 - S/W Version: SID=0x22, Sub=0xF1B1, Expected=[16, 8, 98, 241, 177, 50, 53, 65, 49, 48, 170, 170, 170, 170, 170, 170]
2026-07-29 14:44:55,455 [INFO] ECU_INFO-21 - S/W Version: Sending request 22F1B1
2026-07-29 14:44:55,456 [INFO] ECU_INFO-21 - S/W Version: Sending request 22F1B1
2026-07-29 14:44:55,456 [DEBUG] Sending 3 bytes : [22f1b1]
2026-07-29 14:44:55,457 [DEBUG] Enqueuing a SendRequest for 3 bytes and TAT=Physical
2026-07-29 14:44:55,458 [DEBUG] Tx: <706> (08) [ ]	 0322f1b100000000
2026-07-29 14:44:55,459 [DEBUG] We've been asked to write a message to the bus
2026-07-29 14:44:55,460 [DEBUG] sending: Timestamp:        0.000000    ID:      706    S Rx     F BS       DL:  8    03 22 f1 b1 00 00 00 00
2026-07-29 14:44:55,513 [WARNING] ECU_INFO-21 - S/W Version: no response; retrying ReadDID attempt 2/3
2026-07-29 14:44:55,768 [INFO] ECU_INFO-21 - S/W Version: Sending request 22F1B1
2026-07-29 14:44:55,815 [DEBUG] Sending 3 bytes : [22f1b1]
2026-07-29 14:44:55,816 [DEBUG] Enqueuing a SendRequest for 3 bytes and TAT=Physical
2026-07-29 14:44:55,817 [DEBUG] Tx: <706> (08) [ ]	 0322f1b100000000
2026-07-29 14:44:55,817 [DEBUG] We've been asked to write a message to the bus
2026-07-29 14:44:55,818 [DEBUG] sending: Timestamp:        0.000000    ID:      706    S Rx     F BS       DL:  8    03 22 f1 b1 00 00 00 00
2026-07-29 14:44:55,967 [INFO] ECU_INFO-21 S/W Version -> Waiting for response (P2=0.15s, P2*=5.0s)
2026-07-29 14:44:56,118 [DEBUG] No data received: [TimeoutException] - Did not receive IsoTP frame from the Transport layer in time (timeout=0.15 sec) 
2026-07-29 14:44:56,220 [WARNING] ECU_INFO-21 - S/W Version: no response; retrying ReadDID attempt 3/3
2026-07-29 14:44:56,471 [INFO] ECU_INFO-21 - S/W Version: Sending request 22F1B1
2026-07-29 14:44:56,471 [DEBUG] Sending 3 bytes : [22f1b1]
2026-07-29 14:44:56,472 [DEBUG] Enqueuing a SendRequest for 3 bytes and TAT=Physical
2026-07-29 14:44:56,473 [DEBUG] Tx: <706> (08) [ ]	 0322f1b100000000
2026-07-29 14:44:56,474 [DEBUG] We've been asked to write a message to the bus
2026-07-29 14:44:56,475 [DEBUG] sending: Timestamp:        0.000000    ID:      706    S Rx     F BS       DL:  8    03 22 f1 b1 00 00 00 00
2026-07-29 14:44:56,623 [INFO] ECU_INFO-21 S/W Version -> Waiting for response (P2=0.15s, P2*=5.0s)
2026-07-29 14:44:56,774 [DEBUG] No data received: [TimeoutException] - Did not receive IsoTP frame from the Transport layer in time (timeout=0.15 sec) 
2026-07-29 14:44:56,875 [WARNING] ECU_INFO-21 - No response received
2026-07-29 14:44:56,876 [DEBUG] Stopping CanStack
2026-07-29 14:44:56,877 [DEBUG] Main thread is exiting
2026-07-29 14:44:56,886 [DEBUG] CanStack Stopped
2026-07-29 14:44:56,887 [INFO] Connection closed
2026-07-29 14:44:56,888 [INFO] Running Test Case: ECU_INFO-22
2026-07-29 14:44:56,889 [DEBUG] Starting CanStack
2026-07-29 14:44:56,891 [DEBUG] Main thread has started
2026-07-29 14:44:56,893 [DEBUG] Relay thread has started
2026-07-29 14:44:56,899 [INFO] Connection opened
2026-07-29 14:44:56,904 [INFO] Switched to physical mode for TC: ECU_INFO-22 Step: Part Number
2026-07-29 14:44:56,908 [INFO] ECU_INFO-22 - Part Number: SID=0x22, Sub=0xF187, Expected=[16, 13, 98, 241, 135, 56, 56, 53, 52, 48, 71, 74, 48, 48, 48, 170, 170]
2026-07-29 14:44:56,963 [INFO] ECU_INFO-22 - Part Number: Sending request 22F187
2026-07-29 14:44:56,964 [INFO] ECU_INFO-22 - Part Number: Sending request 22F187
2026-07-29 14:44:56,965 [DEBUG] Sending 3 bytes : [22f187]
2026-07-29 14:44:56,966 [DEBUG] Enqueuing a SendRequest for 3 bytes and TAT=Physical
2026-07-29 14:44:56,967 [DEBUG] Tx: <706> (08) [ ]	 0322f18700000000
2026-07-29 14:44:56,968 [DEBUG] We've been asked to write a message to the bus
2026-07-29 14:44:56,969 [DEBUG] sending: Timestamp:        0.000000    ID:      706    S Rx     F BS       DL:  8    03 22 f1 87 00 00 00 00
2026-07-29 14:44:56,996 [DEBUG] We've been asked to write a message to the bus
2026-07-29 14:44:57,004 [DEBUG] sending: Timestamp:        0.000000    ID:      706    S Rx     F BS       DL:  8    30 08 0a 00 00 00 00 00
2026-07-29 14:44:57,064 [INFO] ECU_INFO-22 - Received: 62F1873838353430474A303030
2026-07-29 14:44:57,065 [WARNING] ECU_INFO-22 - Part Number -> ❌ FAIL - Expected 100D62F1873838353430474A303030AAAA
2026-07-29 14:44:57,067 [DEBUG] Stopping CanStack
2026-07-29 14:44:57,068 [DEBUG] Main thread is exiting
2026-07-29 14:44:57,089 [DEBUG] CanStack Stopped
2026-07-29 14:44:57,093 [INFO] Connection closed
2026-07-29 14:44:57,096 [INFO] Running Test Case: ECU_INFO-23
2026-07-29 14:44:57,099 [DEBUG] Starting CanStack
2026-07-29 14:44:57,101 [DEBUG] Main thread has started
2026-07-29 14:44:57,103 [DEBUG] Relay thread has started
2026-07-29 14:44:57,104 [INFO] Connection opened
2026-07-29 14:44:57,105 [INFO] Switched to physical mode for TC: ECU_INFO-23 Step: Manufacturing Date
2026-07-29 14:44:57,107 [INFO] ECU_INFO-23 - Manufacturing Date: SID=0x22, Sub=0xF18B, Expected=[16, 8, 98, 241, 139, 32, 37, 16, 21, 170, 170, 170, 170, 170]
2026-07-29 14:44:57,172 [INFO] ECU_INFO-23 - Manufacturing Date: Sending request 22F18B
2026-07-29 14:44:57,173 [INFO] ECU_INFO-23 - Manufacturing Date: Sending request 22F18B
2026-07-29 14:44:57,173 [DEBUG] Sending 3 bytes : [22f18b]
2026-07-29 14:44:57,174 [DEBUG] Enqueuing a SendRequest for 3 bytes and TAT=Physical
2026-07-29 14:44:57,175 [DEBUG] Tx: <706> (08) [ ]	 0322f18b00000000
2026-07-29 14:44:57,176 [DEBUG] We've been asked to write a message to the bus
2026-07-29 14:44:57,176 [DEBUG] sending: Timestamp:        0.000000    ID:      706    S Rx     F BS       DL:  8    03 22 f1 8b 00 00 00 00
2026-07-29 14:44:57,182 [DEBUG] Rx: <70E> (08) [p]	 100962ed90f00000
2026-07-29 14:44:57,185 [DEBUG] Tx: <706> (08) [ ]	 30080a0000000000
2026-07-29 14:44:57,187 [DEBUG] We've been asked to write a message to the bus
2026-07-29 14:44:57,189 [DEBUG] sending: Timestamp:        0.000000    ID:      706    S Rx     F BS       DL:  8    30 08 0a 00 00 00 00 00
2026-07-29 14:44:57,194 [DEBUG] TxState=IDLE - RxState=WAIT_CF
2026-07-29 14:44:57,204 [INFO] ECU_INFO-23 Manufacturing Date -> Response shorter than expected (7/8). Waiting for remaining payload.
2026-07-29 14:44:57,207 [DEBUG] Rx: <70E> (08) [p]	 21000800aaaaaaaa
2026-07-29 14:44:57,211 [DEBUG] Rx: <70E> (08) [p]	 037f2213aaaaaaaa
2026-07-29 14:44:57,213 [DEBUG] Received 9 bytes : [62ed90f00000000800]
2026-07-29 14:44:57,214 [DEBUG] Rx: <70E> (08) [p]	 065001003201f4aa
2026-07-29 14:44:57,218 [DEBUG] Rx: <70E> (08) [p]	 065001003201f4aa
2026-07-29 14:44:57,219 [DEBUG] Rx: <70E> (08) [p]	 07590209a7130008
2026-07-29 14:44:57,222 [DEBUG] Rx: <70E> (08) [p]	 07590209a7130008
2026-07-29 14:44:57,223 [DEBUG] Rx: <70E> (08) [p]	 037f1078aaaaaaaa
2026-07-29 14:44:57,225 [DEBUG] Rx: <70E> (08) [p]	 065002003201f4aa
2026-07-29 14:44:57,226 [DEBUG] Rx: <70E> (08) [p]	 037f1911aaaaaaaa
2026-07-29 14:44:57,228 [DEBUG] Rx: <70E> (08) [p]	 037f1911aaaaaaaa
2026-07-29 14:44:57,229 [DEBUG] Rx: <70E> (08) [p]	 037f1911aaaaaaaa
2026-07-29 14:44:57,230 [DEBUG] Rx: <70E> (08) [p]	 037f1411aaaaaaaa
2026-07-29 14:44:57,232 [DEBUG] Rx: <70E> (08) [p]	 037f1411aaaaaaaa
2026-07-29 14:44:57,233 [DEBUG] Rx: <70E> (08) [p]	 037f1411aaaaaaaa
2026-07-29 14:44:57,235 [DEBUG] Rx: <70E> (08) [p]	 100a6711333d9651
2026-07-29 14:44:57,236 [DEBUG] Tx: <706> (08) [ ]	 30080a0000000000
2026-07-29 14:44:57,239 [DEBUG] We've been asked to write a message to the bus
2026-07-29 14:44:57,242 [DEBUG] sending: Timestamp:        0.000000    ID:      706    S Rx     F BS       DL:  8    30 08 0a 00 00 00 00 00
2026-07-29 14:44:57,250 [DEBUG] Rx: <70E> (08) [p]	 2157508d1caaaaaa
2026-07-29 14:44:57,267 [INFO] ECU_INFO-23 - Received: 62F18B2025101562
2026-07-29 14:44:57,268 [WARNING] ECU_INFO-23 - Manufacturing Date -> ❌ FAIL - Expected 100862F18B20251015AAAAAAAAAA
2026-07-29 14:44:57,268 [DEBUG] Stopping CanStack
2026-07-29 14:44:57,269 [DEBUG] TxState=IDLE - RxState=IDLE
2026-07-29 14:44:57,271 [DEBUG] Main thread is exiting
2026-07-29 14:44:57,275 [DEBUG] CanStack Stopped
2026-07-29 14:44:57,276 [INFO] Connection closed
2026-07-29 14:44:57,277 [INFO] Running Test Case: ECU_INFO-24
2026-07-29 14:44:57,278 [DEBUG] Starting CanStack
2026-07-29 14:44:57,280 [DEBUG] Main thread has started
2026-07-29 14:44:57,282 [DEBUG] Relay thread has started
2026-07-29 14:44:57,287 [INFO] Connection opened
2026-07-29 14:44:57,291 [INFO] Switched to physical mode for TC: ECU_INFO-24 Step: ECU_Serial Number
2026-07-29 14:44:57,294 [INFO] ECU_INFO-24 - ECU_Serial Number: SID=0x22, Sub=0xF18C, Expected=[16, 13, 98, 241, 140, 48, 48, 48, 48, 48, 48, 48, 48, 53, 48, 170, 170]
2026-07-29 14:44:57,355 [INFO] ECU_INFO-24 - ECU_Serial Number: Sending request 22F18C
2026-07-29 14:44:57,356 [INFO] ECU_INFO-24 - ECU_Serial Number: Sending request 22F18C
2026-07-29 14:44:57,357 [DEBUG] Sending 3 bytes : [22f18c]
2026-07-29 14:44:57,357 [DEBUG] Enqueuing a SendRequest for 3 bytes and TAT=Physical
2026-07-29 14:44:57,359 [DEBUG] Tx: <706> (08) [ ]	 0322f18c00000000
2026-07-29 14:44:57,360 [DEBUG] We've been asked to write a message to the bus
2026-07-29 14:44:57,361 [DEBUG] sending: Timestamp:        0.000000    ID:      706    S Rx     F BS       DL:  8    03 22 f1 8c 00 00 00 00
2026-07-29 14:44:57,386 [DEBUG] We've been asked to write a message to the bus
2026-07-29 14:44:57,389 [DEBUG] sending: Timestamp:        0.000000    ID:      706    S Rx     F BS       DL:  8    30 08 0a 00 00 00 00 00
2026-07-29 14:44:57,450 [INFO] ECU_INFO-24 - Received: 62F18C30303030303030303530
2026-07-29 14:44:57,451 [WARNING] ECU_INFO-24 - ECU_Serial Number -> ❌ FAIL - Expected 100D62F18C30303030303030303530AAAA
2026-07-29 14:44:57,452 [DEBUG] Stopping CanStack
2026-07-29 14:44:57,453 [DEBUG] Main thread is exiting
2026-07-29 14:44:57,458 [DEBUG] CanStack Stopped
2026-07-29 14:44:57,459 [INFO] Connection closed
2026-07-29 14:44:57,460 [INFO] Running Test Case: ECU_INFO-25
2026-07-29 14:44:57,461 [DEBUG] Starting CanStack
2026-07-29 14:44:57,462 [DEBUG] Main thread has started
2026-07-29 14:44:57,464 [DEBUG] Relay thread has started
2026-07-29 14:44:57,466 [INFO] Connection opened
2026-07-29 14:44:57,468 [INFO] Switched to physical mode for TC: ECU_INFO-25 Step: H/W Version
2026-07-29 14:44:57,469 [INFO] ECU_INFO-25 - H/W Version: SID=0x22, Sub=0xF193, Expected=[16, 8, 98, 241, 147, 67, 46, 48, 48, 170, 170, 170, 170, 170]
2026-07-29 14:44:57,530 [INFO] ECU_INFO-25 - H/W Version: Sending request 22F193
2026-07-29 14:44:57,533 [INFO] ECU_INFO-25 - H/W Version: Sending request 22F193
2026-07-29 14:44:57,537 [DEBUG] Sending 3 bytes : [22f193]
2026-07-29 14:44:57,538 [DEBUG] Enqueuing a SendRequest for 3 bytes and TAT=Physical
2026-07-29 14:44:57,540 [DEBUG] Tx: <706> (08) [ ]	 0322f19300000000
2026-07-29 14:44:57,540 [DEBUG] We've been asked to write a message to the bus
2026-07-29 14:44:57,541 [DEBUG] sending: Timestamp:        0.000000    ID:      706    S Rx     F BS       DL:  8    03 22 f1 93 00 00 00 00
2026-07-29 14:44:57,568 [INFO] ECU_INFO-25 H/W Version -> Response shorter than expected (7/8). Waiting for remaining payload.
2026-07-29 14:44:59,927 [DEBUG] Rx: <70E> (08) [p]	 100862f1b1323541
2026-07-29 14:44:59,929 [DEBUG] Tx: <706> (08) [ ]	 30080a0000000000
2026-07-29 14:44:59,930 [DEBUG] We've been asked to write a message to the bus
2026-07-29 14:44:59,930 [DEBUG] sending: Timestamp:        0.000000    ID:      706    S Rx     F BS       DL:  8    30 08 0a 00 00 00 00 00
2026-07-29 14:44:59,932 [DEBUG] TxState=IDLE - RxState=WAIT_CF
2026-07-29 14:44:59,934 [DEBUG] Rx: <70E> (08) [p]	 100d62f187383835
2026-07-29 14:44:59,936 [WARNING] Reception of IsoTP frame interrupted with a new FirstFrame
2026-07-29 14:44:59,938 [DEBUG] Tx: <706> (08) [ ]	 30080a0000000000
2026-07-29 14:44:59,939 [DEBUG] We've been asked to write a message to the bus
2026-07-29 14:44:59,940 [DEBUG] sending: Timestamp:        0.000000    ID:      706    S Rx     F BS       DL:  8    30 08 0a 00 00 00 00 00
2026-07-29 14:44:59,951 [DEBUG] Rx: <70E> (08) [p]	 213430474a303030
2026-07-29 14:44:59,959 [DEBUG] Rx: <70E> (08) [p]	 0762f18b20251015
2026-07-29 14:44:59,965 [DEBUG] Received 13 bytes : [62f1873838353430474a303030]
2026-07-29 14:44:59,966 [DEBUG] Rx: <70E> (08) [p]	 100d62f18c303030
2026-07-29 14:44:59,968 [DEBUG] Tx: <706> (08) [ ]	 30080a0000000000
2026-07-29 14:44:59,968 [DEBUG] We've been asked to write a message to the bus
2026-07-29 14:44:59,969 [DEBUG] sending: Timestamp:        0.000000    ID:      706    S Rx     F BS       DL:  8    30 08 0a 00 00 00 00 00
2026-07-29 14:44:59,971 [DEBUG] Rx: <70E> (08) [p]	 2130303030303530
2026-07-29 14:44:59,974 [DEBUG] Rx: <70E> (08) [p]	 0762f193432e3030
2026-07-29 14:45:00,018 [INFO] ECU_INFO-25 - Received: 62F193432E303062
2026-07-29 14:45:00,019 [WARNING] ECU_INFO-25 - H/W Version -> ❌ FAIL - Expected 100862F193432E3030AAAAAAAAAA
2026-07-29 14:45:00,020 [DEBUG] Stopping CanStack
2026-07-29 14:45:00,021 [DEBUG] TxState=IDLE - RxState=IDLE
2026-07-29 14:45:00,022 [DEBUG] Main thread is exiting
2026-07-29 14:45:00,068 [DEBUG] CanStack Stopped
2026-07-29 14:45:00,071 [INFO] Connection closed
2026-07-29 14:45:00,074 [INFO] Running Test Case: PC_ID-023
2026-07-29 14:45:00,075 [DEBUG] Starting CanStack
2026-07-29 14:45:00,077 [DEBUG] Main thread has started
2026-07-29 14:45:00,078 [DEBUG] Relay thread has started
2026-07-29 14:45:00,080 [INFO] Connection opened
2026-07-29 14:45:00,080 [INFO] Switched to physical mode for TC: PC_ID-023 Step: Start default session
2026-07-29 14:45:00,081 [INFO] PC_ID-023 - Start default session: SID=0x10, Sub=0x01, Expected=[6, 80, 1, 0, 50, 1, 244, 170]
2026-07-29 14:45:00,145 [INFO] PC_ID-023 - Start default session: Sending 1001
2026-07-29 14:45:00,195 [INFO] PC_ID-023 - Start default session: Sending request 1001
2026-07-29 14:45:00,196 [DEBUG] Sending 2 bytes : [1001]
2026-07-29 14:45:00,198 [DEBUG] Enqueuing a SendRequest for 2 bytes and TAT=Physical
2026-07-29 14:45:00,200 [DEBUG] Tx: <706> (08) [ ]	 0210010000000000
2026-07-29 14:45:00,201 [DEBUG] We've been asked to write a message to the bus
2026-07-29 14:45:00,202 [DEBUG] sending: Timestamp:        0.000000    ID:      706    S Rx     F BS       DL:  8    02 10 01 00 00 00 00 00
2026-07-29 14:45:00,228 [INFO] PC_ID-023 - Received: 5001003201F4
2026-07-29 14:45:00,235 [DEBUG] Rx: <70E> (08) [p]	 065001003201f4aa
2026-07-29 14:45:00,237 [WARNING] PC_ID-023 - Start default session -> FAIL - Unexpected response
2026-07-29 14:45:00,239 [DEBUG] Stopping CanStack
2026-07-29 14:45:00,240 [DEBUG] Main thread is exiting
2026-07-29 14:45:00,282 [DEBUG] CanStack Stopped
2026-07-29 14:45:00,283 [INFO] Connection closed
2026-07-29 14:45:00,284 [INFO] Running Test Case: TC_ID-740
2026-07-29 14:45:00,285 [DEBUG] Starting CanStack
2026-07-29 14:45:00,288 [DEBUG] Main thread has started
2026-07-29 14:45:00,289 [DEBUG] Relay thread has started
2026-07-29 14:45:00,292 [INFO] Connection opened
2026-07-29 14:45:00,293 [INFO] Switched to physical mode for TC: TC_ID-740 Step: PreCondition: PC_ID-023  Testcase:RX_SWIN_F1_EF_Read(Defaultsession)
2026-07-29 14:45:00,294 [INFO] TC_ID-740 - PreCondition: PC_ID-023  Testcase:RX_SWIN_F1_EF_Read(Defaultsession): SID=0x22, Sub=0xF1EF, Expected=[16, 43, 98, 241, 239, 7, 6, 11, 82, 49, 48, 32, 66, 74, 49, 47, 49, 47, 48, 12, 82, 49, 53, 53, 32, 66, 74, 49, 47, 49, 47, 48, 12, 82, 49, 53, 54, 32, 66, 74, 49, 47, 49, 47, 48, 170, 170, 170, 170, 170]
2026-07-29 14:45:00,387 [INFO] TC_ID-740 - PreCondition: PC_ID-023  Testcase:RX_SWIN_F1_EF_Read(Defaultsession): Sending request 22F1EF
2026-07-29 14:45:00,388 [INFO] TC_ID-740 - PreCondition: PC_ID-023  Testcase:RX_SWIN_F1_EF_Read(Defaultsession): Sending request 22F1EF
2026-07-29 14:45:00,388 [DEBUG] Sending 3 bytes : [22f1ef]
2026-07-29 14:45:00,389 [DEBUG] Enqueuing a SendRequest for 3 bytes and TAT=Physical
2026-07-29 14:45:00,390 [DEBUG] Tx: <706> (08) [ ]	 0322f1ef00000000
2026-07-29 14:45:00,391 [DEBUG] We've been asked to write a message to the bus
2026-07-29 14:45:00,391 [DEBUG] sending: Timestamp:        0.000000    ID:      706    S Rx     F BS       DL:  8    03 22 f1 ef 00 00 00 00
2026-07-29 14:45:00,416 [DEBUG] We've been asked to write a message to the bus
2026-07-29 14:45:00,419 [DEBUG] sending: Timestamp:        0.000000    ID:      706    S Rx     F BS       DL:  8    30 08 0a 00 00 00 00 00
2026-07-29 14:45:00,420 [DEBUG] Rx: <70E> (08) [p]	 102b62f1ef07060b
2026-07-29 14:45:00,425 [DEBUG] Tx: <706> (08) [ ]	 30080a0000000000
2026-07-29 14:45:00,433 [DEBUG] We've been asked to write a message to the bus
2026-07-29 14:45:00,438 [DEBUG] sending: Timestamp:        0.000000    ID:      706    S Rx     F BS       DL:  8    30 08 0a 00 00 00 00 00
2026-07-29 14:45:00,439 [DEBUG] TxState=IDLE - RxState=WAIT_CF
2026-07-29 14:45:00,441 [DEBUG] Rx: <70E> (08) [p]	 2152313020424a31
2026-07-29 14:45:00,445 [DEBUG] Rx: <70E> (08) [p]	 222f312f300c5231
2026-07-29 14:45:00,458 [DEBUG] Rx: <70E> (08) [p]	 23353520424a312f
2026-07-29 14:45:00,476 [DEBUG] Rx: <70E> (08) [p]	 24312f300c523135
2026-07-29 14:45:00,488 [DEBUG] Rx: <70E> (08) [p]	 253620424a312f31
2026-07-29 14:45:00,502 [DEBUG] Rx: <70E> (08) [p]	 262f30aaaaaaaaaa
2026-07-29 14:45:00,551 [INFO] TC_ID-740 - Received: 62F1EF07060B52313020424A312F312F300C5231353520424A312F312F300C5231353620424A312F312F30
2026-07-29 14:45:00,553 [WARNING] TC_ID-740 - PreCondition: PC_ID-023  Testcase:RX_SWIN_F1_EF_Read(Defaultsession) -> ❌ FAIL - Expected 102B62F1EF07060B52313020424A312F312F300C5231353520424A312F312F300C5231353620424A312F312F30AAAAAAAAAA
2026-07-29 14:45:00,554 [DEBUG] TxState=IDLE - RxState=IDLE
2026-07-29 14:45:00,555 [DEBUG] Stopping CanStack
2026-07-29 14:45:00,558 [DEBUG] Main thread is exiting
2026-07-29 14:45:00,603 [DEBUG] CanStack Stopped
2026-07-29 14:45:00,604 [INFO] Connection closed
2026-07-29 14:45:00,605 [INFO] Running Test Case: TC_ID-741
2026-07-29 14:45:00,607 [DEBUG] Starting CanStack
2026-07-29 14:45:00,609 [DEBUG] Main thread has started
2026-07-29 14:45:00,610 [DEBUG] Relay thread has started
2026-07-29 14:45:00,612 [INFO] Connection opened
2026-07-29 14:45:00,613 [INFO] Switched to physical mode for TC: TC_ID-741 Step: PreCondition: PC_ID-023  Testcase:Verify incorrect msg length NRC for RXSWIN version information (22 F1 EF 02)
2026-07-29 14:45:00,614 [INFO] TC_ID-741 - PreCondition: PC_ID-023  Testcase:Verify incorrect msg length NRC for RXSWIN version information (22 F1 EF 02): SID=0x22, Sub=0xF1EF02, Expected=[3, 127, 34, 19, 170, 170, 170, 170]
2026-07-29 14:45:00,725 [INFO] TC_ID-741 - PreCondition: PC_ID-023  Testcase:Verify incorrect msg length NRC for RXSWIN version information (22 F1 EF 02): Sending request 22F1EF02
2026-07-29 14:45:00,726 [INFO] TC_ID-741 - PreCondition: PC_ID-023  Testcase:Verify incorrect msg length NRC for RXSWIN version information (22 F1 EF 02): Sending request 22F1EF02
2026-07-29 14:45:00,727 [DEBUG] Sending 4 bytes : [22f1ef02]
2026-07-29 14:45:00,728 [DEBUG] Enqueuing a SendRequest for 4 bytes and TAT=Physical
2026-07-29 14:45:00,729 [DEBUG] Tx: <706> (08) [ ]	 0422f1ef02000000
2026-07-29 14:45:00,730 [DEBUG] We've been asked to write a message to the bus
2026-07-29 14:45:00,730 [DEBUG] sending: Timestamp:        0.000000    ID:      706    S Rx     F BS       DL:  8    04 22 f1 ef 02 00 00 00
2026-07-29 14:45:00,762 [DEBUG] Rx: <70E> (08) [p]	 037f2213aaaaaaaa
2026-07-29 14:45:00,811 [INFO] TC_ID-741 - Received: 7F2213
2026-07-29 14:45:00,812 [WARNING] TC_ID-741 - PreCondition: PC_ID-023  Testcase:Verify incorrect msg length NRC for RXSWIN version information (22 F1 EF 02) -> ❌ FAIL - Expected 037F2213AAAAAAAA
2026-07-29 14:45:00,813 [DEBUG] Stopping CanStack
2026-07-29 14:45:00,815 [DEBUG] Main thread is exiting
2026-07-29 14:45:00,860 [DEBUG] CanStack Stopped
2026-07-29 14:45:00,861 [INFO] Connection closed
2026-07-29 14:45:00,862 [INFO] Running Test Case: TC_ID-742
2026-07-29 14:45:00,863 [DEBUG] Starting CanStack
2026-07-29 14:45:00,866 [DEBUG] Main thread has started
2026-07-29 14:45:00,867 [DEBUG] Relay thread has started
2026-07-29 14:45:00,869 [INFO] Connection opened
2026-07-29 14:45:00,870 [INFO] Switched to physical mode for TC: TC_ID-742 Step: PreCondition: PC_ID-023  Testcase:Vehicle_Manufacturer_Spare_Part_Number_F1_87_Read(Defaultsession)
2026-07-29 14:45:00,871 [INFO] TC_ID-742 - PreCondition: PC_ID-023  Testcase:Vehicle_Manufacturer_Spare_Part_Number_F1_87_Read(Defaultsession): SID=0x22, Sub=0xF187, Expected=[16, 13, 98, 241, 135, 56, 56, 53, 52, 48, 71, 74, 48, 48, 48, 170, 170]
2026-07-29 14:45:00,980 [INFO] TC_ID-742 - PreCondition: PC_ID-023  Testcase:Vehicle_Manufacturer_Spare_Part_Number_F1_87_Read(Defaultsession): Sending request 22F187
2026-07-29 14:45:00,981 [INFO] TC_ID-742 - PreCondition: PC_ID-023  Testcase:Vehicle_Manufacturer_Spare_Part_Number_F1_87_Read(Defaultsession): Sending request 22F187
2026-07-29 14:45:00,981 [DEBUG] Sending 3 bytes : [22f187]
2026-07-29 14:45:00,982 [DEBUG] Enqueuing a SendRequest for 3 bytes and TAT=Physical
2026-07-29 14:45:00,983 [DEBUG] Tx: <706> (08) [ ]	 0322f18700000000
2026-07-29 14:45:00,984 [DEBUG] We've been asked to write a message to the bus
2026-07-29 14:45:00,984 [DEBUG] sending: Timestamp:        0.000000    ID:      706    S Rx     F BS       DL:  8    03 22 f1 87 00 00 00 00
2026-07-29 14:45:01,011 [DEBUG] We've been asked to write a message to the bus
2026-07-29 14:45:01,014 [DEBUG] Rx: <70E> (08) [p]	 100d62f187383835
2026-07-29 14:45:01,017 [DEBUG] sending: Timestamp:        0.000000    ID:      706    S Rx     F BS       DL:  8    30 08 0a 00 00 00 00 00
2026-07-29 14:45:01,020 [DEBUG] Tx: <706> (08) [ ]	 30080a0000000000
2026-07-29 14:45:01,022 [DEBUG] We've been asked to write a message to the bus
2026-07-29 14:45:01,023 [DEBUG] sending: Timestamp:        0.000000    ID:      706    S Rx     F BS       DL:  8    30 08 0a 00 00 00 00 00
2026-07-29 14:45:01,025 [DEBUG] TxState=IDLE - RxState=WAIT_CF
2026-07-29 14:45:01,029 [DEBUG] Rx: <70E> (08) [p]	 213430474a303030
2026-07-29 14:45:01,076 [INFO] TC_ID-742 - Received: 62F1873838353430474A303030
2026-07-29 14:45:01,078 [WARNING] TC_ID-742 - PreCondition: PC_ID-023  Testcase:Vehicle_Manufacturer_Spare_Part_Number_F1_87_Read(Defaultsession) -> ❌ FAIL - Expected 100D62F1873838353430474A303030AAAA
2026-07-29 14:45:01,080 [DEBUG] Stopping CanStack
2026-07-29 14:45:01,081 [DEBUG] TxState=IDLE - RxState=IDLE
2026-07-29 14:45:01,082 [DEBUG] Main thread is exiting
2026-07-29 14:45:01,130 [DEBUG] CanStack Stopped
2026-07-29 14:45:01,131 [INFO] Connection closed
2026-07-29 14:45:01,132 [INFO] Running Test Case: TC_ID-743
2026-07-29 14:45:01,132 [DEBUG] Starting CanStack
2026-07-29 14:45:01,134 [DEBUG] Main thread has started
2026-07-29 14:45:01,135 [DEBUG] Relay thread has started
2026-07-29 14:45:01,136 [INFO] Connection opened
2026-07-29 14:45:01,137 [INFO] Switched to physical mode for TC: TC_ID-743 Step: PreCondition: PC_ID-023  Testcase:Verify incorrect msg length NRC for Part number information (22 F1 87 01)
2026-07-29 14:45:01,138 [INFO] TC_ID-743 - PreCondition: PC_ID-023  Testcase:Verify incorrect msg length NRC for Part number information (22 F1 87 01): SID=0x22, Sub=0xF18701, Expected=[3, 127, 34, 19, 170, 170, 170, 170]
2026-07-29 14:45:01,246 [INFO] TC_ID-743 - PreCondition: PC_ID-023  Testcase:Verify incorrect msg length NRC for Part number information (22 F1 87 01): Sending request 22F18701
2026-07-29 14:45:01,247 [INFO] TC_ID-743 - PreCondition: PC_ID-023  Testcase:Verify incorrect msg length NRC for Part number information (22 F1 87 01): Sending request 22F18701
2026-07-29 14:45:01,247 [DEBUG] Sending 4 bytes : [22f18701]
2026-07-29 14:45:01,248 [DEBUG] Enqueuing a SendRequest for 4 bytes and TAT=Physical
2026-07-29 14:45:01,249 [DEBUG] Tx: <706> (08) [ ]	 0422f18701000000
2026-07-29 14:45:01,250 [DEBUG] We've been asked to write a message to the bus
2026-07-29 14:45:01,250 [DEBUG] sending: Timestamp:        0.000000    ID:      706    S Rx     F BS       DL:  8    04 22 f1 87 01 00 00 00
2026-07-29 14:45:01,282 [DEBUG] Rx: <70E> (08) [p]	 037f2213aaaaaaaa
2026-07-29 14:45:01,330 [INFO] TC_ID-743 - Received: 7F2213
2026-07-29 14:45:01,331 [WARNING] TC_ID-743 - PreCondition: PC_ID-023  Testcase:Verify incorrect msg length NRC for Part number information (22 F1 87 01) -> ❌ FAIL - Expected 037F2213AAAAAAAA
2026-07-29 14:45:01,332 [DEBUG] Stopping CanStack
2026-07-29 14:45:01,334 [DEBUG] Main thread is exiting
2026-07-29 14:45:01,384 [DEBUG] CanStack Stopped
2026-07-29 14:45:01,385 [INFO] Connection closed
2026-07-29 14:45:01,386 [INFO] Running Test Case: TC_ID-744
2026-07-29 14:45:01,387 [DEBUG] Starting CanStack
2026-07-29 14:45:01,388 [DEBUG] Main thread has started
2026-07-29 14:45:01,390 [DEBUG] Relay thread has started
2026-07-29 14:45:01,393 [INFO] Connection opened
2026-07-29 14:45:01,394 [INFO] Switched to physical mode for TC: TC_ID-744 Step: PreCondition: PC_ID-023  Testcase:Manufacturing_F1_8B_Read(Defaultsession)
2026-07-29 14:45:01,395 [INFO] TC_ID-744 - PreCondition: PC_ID-023  Testcase:Manufacturing_F1_8B_Read(Defaultsession): SID=0x22, Sub=0xF18B, Expected=[7, 98, 241, 139, 32, 37, 16, 21]
2026-07-29 14:45:01,490 [INFO] TC_ID-744 - PreCondition: PC_ID-023  Testcase:Manufacturing_F1_8B_Read(Defaultsession): Sending request 22F18B
2026-07-29 14:45:01,491 [INFO] TC_ID-744 - PreCondition: PC_ID-023  Testcase:Manufacturing_F1_8B_Read(Defaultsession): Sending request 22F18B
2026-07-29 14:45:01,492 [DEBUG] Sending 3 bytes : [22f18b]
2026-07-29 14:45:01,492 [DEBUG] Enqueuing a SendRequest for 3 bytes and TAT=Physical
2026-07-29 14:45:01,493 [DEBUG] Tx: <706> (08) [ ]	 0322f18b00000000
2026-07-29 14:45:01,494 [DEBUG] We've been asked to write a message to the bus
2026-07-29 14:45:01,494 [DEBUG] sending: Timestamp:        0.000000    ID:      706    S Rx     F BS       DL:  8    03 22 f1 8b 00 00 00 00
2026-07-29 14:45:01,517 [DEBUG] Rx: <70E> (08) [p]	 0762f18b20251015
2026-07-29 14:45:01,568 [INFO] TC_ID-744 - Received: 62F18B20251015
2026-07-29 14:45:01,572 [WARNING] TC_ID-744 - PreCondition: PC_ID-023  Testcase:Manufacturing_F1_8B_Read(Defaultsession) -> ❌ FAIL - Expected 0762F18B20251015
2026-07-29 14:45:01,576 [DEBUG] Stopping CanStack
2026-07-29 14:45:01,578 [DEBUG] Main thread is exiting
2026-07-29 14:45:01,619 [DEBUG] CanStack Stopped
2026-07-29 14:45:01,620 [INFO] Connection closed
2026-07-29 14:45:01,621 [INFO] Running Test Case: TC_ID-745
2026-07-29 14:45:01,621 [DEBUG] Starting CanStack
2026-07-29 14:45:01,623 [DEBUG] Main thread has started
2026-07-29 14:45:01,624 [DEBUG] Relay thread has started
2026-07-29 14:45:01,626 [INFO] Connection opened
2026-07-29 14:45:01,628 [INFO] Switched to physical mode for TC: TC_ID-745 Step: PreCondition: PC_ID-023  Testcase:Verify incorrect msg length NRC for Manufacturing date information (22 F1 8B 02)
2026-07-29 14:45:01,629 [INFO] TC_ID-745 - PreCondition: PC_ID-023  Testcase:Verify incorrect msg length NRC for Manufacturing date information (22 F1 8B 02): SID=0x22, Sub=0xF18B02, Expected=[3, 127, 34, 19, 170, 170, 170, 170]
2026-07-29 14:45:01,740 [INFO] TC_ID-745 - PreCondition: PC_ID-023  Testcase:Verify incorrect msg length NRC for Manufacturing date information (22 F1 8B 02): Sending request 22F18B02
2026-07-29 14:45:01,742 [INFO] TC_ID-745 - PreCondition: PC_ID-023  Testcase:Verify incorrect msg length NRC for Manufacturing date information (22 F1 8B 02): Sending request 22F18B02
2026-07-29 14:45:01,743 [DEBUG] Sending 4 bytes : [22f18b02]
2026-07-29 14:45:01,744 [DEBUG] Enqueuing a SendRequest for 4 bytes and TAT=Physical
2026-07-29 14:45:01,746 [DEBUG] Tx: <706> (08) [ ]	 0422f18b02000000
2026-07-29 14:45:01,748 [DEBUG] We've been asked to write a message to the bus
2026-07-29 14:45:01,749 [DEBUG] sending: Timestamp:        0.000000    ID:      706    S Rx     F BS       DL:  8    04 22 f1 8b 02 00 00 00
2026-07-29 14:45:01,777 [DEBUG] Rx: <70E> (08) [p]	 037f2213aaaaaaaa
2026-07-29 14:45:01,827 [INFO] TC_ID-745 - Received: 7F2213
2026-07-29 14:45:01,828 [WARNING] TC_ID-745 - PreCondition: PC_ID-023  Testcase:Verify incorrect msg length NRC for Manufacturing date information (22 F1 8B 02) -> ❌ FAIL - Expected 037F2213AAAAAAAA
2026-07-29 14:45:01,830 [DEBUG] Stopping CanStack
2026-07-29 14:45:01,831 [DEBUG] Main thread is exiting
2026-07-29 14:45:01,879 [DEBUG] CanStack Stopped
2026-07-29 14:45:01,880 [INFO] Connection closed
2026-07-29 14:45:01,881 [INFO] Running Test Case: TC_ID-746
2026-07-29 14:45:01,881 [DEBUG] Starting CanStack
2026-07-29 14:45:01,883 [DEBUG] Main thread has started
2026-07-29 14:45:01,884 [DEBUG] Relay thread has started
2026-07-29 14:45:01,885 [INFO] Connection opened
2026-07-29 14:45:01,886 [INFO] Switched to physical mode for TC: TC_ID-746 Step: PreCondition: PC_ID-023  Testcase:ECU_Serial_Number_F1_8C_Read(Defaultsession)
2026-07-29 14:45:01,887 [INFO] TC_ID-746 - PreCondition: PC_ID-023  Testcase:ECU_Serial_Number_F1_8C_Read(Defaultsession): SID=0x22, Sub=0xF18C, Expected=[16, 13, 98, 241, 140, 48, 48, 48, 48, 48, 48, 48, 48, 53, 48, 170, 170]
2026-07-29 14:45:02,008 [INFO] TC_ID-746 - PreCondition: PC_ID-023  Testcase:ECU_Serial_Number_F1_8C_Read(Defaultsession): Sending request 22F18C
2026-07-29 14:45:02,009 [INFO] TC_ID-746 - PreCondition: PC_ID-023  Testcase:ECU_Serial_Number_F1_8C_Read(Defaultsession): Sending request 22F18C
2026-07-29 14:45:02,009 [DEBUG] Sending 3 bytes : [22f18c]
2026-07-29 14:45:02,010 [DEBUG] Enqueuing a SendRequest for 3 bytes and TAT=Physical
2026-07-29 14:45:02,011 [DEBUG] Tx: <706> (08) [ ]	 0322f18c00000000
2026-07-29 14:45:02,012 [DEBUG] We've been asked to write a message to the bus
2026-07-29 14:45:02,012 [DEBUG] sending: Timestamp:        0.000000    ID:      706    S Rx     F BS       DL:  8    03 22 f1 8c 00 00 00 00
2026-07-29 14:45:02,040 [DEBUG] We've been asked to write a message to the bus
2026-07-29 14:45:02,043 [DEBUG] Rx: <70E> (08) [p]	 100d62f18c303030
2026-07-29 14:45:02,044 [DEBUG] sending: Timestamp:        0.000000    ID:      706    S Rx     F BS       DL:  8    30 08 0a 00 00 00 00 00
2026-07-29 14:45:02,045 [DEBUG] Tx: <706> (08) [ ]	 30080a0000000000
2026-07-29 14:45:02,047 [DEBUG] We've been asked to write a message to the bus
2026-07-29 14:45:02,049 [DEBUG] sending: Timestamp:        0.000000    ID:      706    S Rx     F BS       DL:  8    30 08 0a 00 00 00 00 00
2026-07-29 14:45:02,050 [DEBUG] TxState=IDLE - RxState=WAIT_CF
2026-07-29 14:45:02,053 [DEBUG] Rx: <70E> (08) [p]	 2130303030303530
2026-07-29 14:45:02,102 [INFO] TC_ID-746 - Received: 62F18C30303030303030303530
2026-07-29 14:45:02,104 [WARNING] TC_ID-746 - PreCondition: PC_ID-023  Testcase:ECU_Serial_Number_F1_8C_Read(Defaultsession) -> ❌ FAIL - Expected 100D62F18C30303030303030303530AAAA
2026-07-29 14:45:02,105 [DEBUG] Stopping CanStack
2026-07-29 14:45:02,107 [DEBUG] TxState=IDLE - RxState=IDLE
2026-07-29 14:45:02,109 [DEBUG] Main thread is exiting
2026-07-29 14:45:02,155 [DEBUG] CanStack Stopped
2026-07-29 14:45:02,156 [INFO] Connection closed
2026-07-29 14:45:02,158 [INFO] Running Test Case: TC_ID-747
2026-07-29 14:45:02,159 [DEBUG] Starting CanStack
2026-07-29 14:45:02,161 [DEBUG] Main thread has started
2026-07-29 14:45:02,163 [DEBUG] Relay thread has started
2026-07-29 14:45:02,164 [INFO] Connection opened
2026-07-29 14:45:02,165 [INFO] Switched to physical mode for TC: TC_ID-747 Step: PreCondition: PC_ID-023  Testcase:Vehicle_Manufacturer_ECU_HW_Number_F1_91_Read(Defaultsession)
2026-07-29 14:45:02,165 [INFO] TC_ID-747 - PreCondition: PC_ID-023  Testcase:Vehicle_Manufacturer_ECU_HW_Number_F1_91_Read(Defaultsession): SID=0x22, Sub=0xF191, Expected=[16, 8, 98, 241, 145, 67, 46, 48, 48, 170, 170, 170, 170, 170]
2026-07-29 14:45:02,267 [INFO] TC_ID-747 - PreCondition: PC_ID-023  Testcase:Vehicle_Manufacturer_ECU_HW_Number_F1_91_Read(Defaultsession): Sending request 22F191
2026-07-29 14:45:02,268 [INFO] TC_ID-747 - PreCondition: PC_ID-023  Testcase:Vehicle_Manufacturer_ECU_HW_Number_F1_91_Read(Defaultsession): Sending request 22F191
2026-07-29 14:45:02,268 [DEBUG] Sending 3 bytes : [22f191]
2026-07-29 14:45:02,269 [DEBUG] Enqueuing a SendRequest for 3 bytes and TAT=Physical
2026-07-29 14:45:02,270 [DEBUG] Tx: <706> (08) [ ]	 0322f19100000000
2026-07-29 14:45:02,271 [DEBUG] We've been asked to write a message to the bus
2026-07-29 14:45:02,271 [DEBUG] sending: Timestamp:        0.000000    ID:      706    S Rx     F BS       DL:  8    03 22 f1 91 00 00 00 00
2026-07-29 14:45:02,301 [INFO] TC_ID-747 PreCondition: PC_ID-023  Testcase:Vehicle_Manufacturer_ECU_HW_Number_F1_91_Read(Defaultsession) -> Response shorter than expected (7/8). Waiting for remaining payload.
2026-07-29 14:45:02,304 [DEBUG] Rx: <70E> (08) [p]	 0762f191432e3030
2026-07-29 14:45:02,311 [DEBUG] Received 7 bytes : [62f191432e3030]
2026-07-29 14:45:02,363 [INFO] TC_ID-747 - Received: 62F191432E303062
2026-07-29 14:45:02,364 [WARNING] TC_ID-747 - PreCondition: PC_ID-023  Testcase:Vehicle_Manufacturer_ECU_HW_Number_F1_91_Read(Defaultsession) -> ❌ FAIL - Expected 100862F191432E3030AAAAAAAAAA
2026-07-29 14:45:02,364 [DEBUG] Stopping CanStack
2026-07-29 14:45:02,365 [DEBUG] Main thread is exiting
2026-07-29 14:45:02,401 [DEBUG] CanStack Stopped
2026-07-29 14:45:02,404 [INFO] Connection closed
2026-07-29 14:45:02,408 [INFO] Running Test Case: TC_ID-748
2026-07-29 14:45:02,412 [DEBUG] Starting CanStack
2026-07-29 14:45:02,415 [DEBUG] Main thread has started
2026-07-29 14:45:02,417 [DEBUG] Relay thread has started
2026-07-29 14:45:02,418 [INFO] Connection opened
2026-07-29 14:45:02,419 [INFO] Switched to physical mode for TC: TC_ID-748 Step: PreCondition: PC_ID-023  Testcase:Verify incorrect msg length NRC for Vehicle Manufacturer ECU Hardware Number information information (22 F1 91 01)
2026-07-29 14:45:02,420 [INFO] TC_ID-748 - PreCondition: PC_ID-023  Testcase:Verify incorrect msg length NRC for Vehicle Manufacturer ECU Hardware Number information information (22 F1 91 01): SID=0x22, Sub=0xF19101, Expected=[3, 127, 34, 19, 170, 170, 170, 170]
2026-07-29 14:45:02,539 [INFO] TC_ID-748 - PreCondition: PC_ID-023  Testcase:Verify incorrect msg length NRC for Vehicle Manufacturer ECU Hardware Number information information (22 F1 91 01): Sending request 22F19101
2026-07-29 14:45:02,540 [INFO] TC_ID-748 - PreCondition: PC_ID-023  Testcase:Verify incorrect msg length NRC for Vehicle Manufacturer ECU Hardware Number information information (22 F1 91 01): Sending request 22F19101
2026-07-29 14:45:02,541 [DEBUG] Sending 4 bytes : [22f19101]
2026-07-29 14:45:02,541 [DEBUG] Enqueuing a SendRequest for 4 bytes and TAT=Physical
2026-07-29 14:45:02,543 [DEBUG] Tx: <706> (08) [ ]	 0422f19101000000
2026-07-29 14:45:02,544 [DEBUG] We've been asked to write a message to the bus
2026-07-29 14:45:02,545 [DEBUG] sending: Timestamp:        0.000000    ID:      706    S Rx     F BS       DL:  8    04 22 f1 91 01 00 00 00
2026-07-29 14:45:02,568 [DEBUG] Rx: <70E> (08) [p]	 037f2213aaaaaaaa
2026-07-29 14:45:02,617 [INFO] TC_ID-748 - Received: 7F2213
2026-07-29 14:45:02,619 [WARNING] TC_ID-748 - PreCondition: PC_ID-023  Testcase:Verify incorrect msg length NRC for Vehicle Manufacturer ECU Hardware Number information information (22 F1 91 01) -> ❌ FAIL - Expected 037F2213AAAAAAAA
2026-07-29 14:45:02,620 [DEBUG] Stopping CanStack
2026-07-29 14:45:02,622 [DEBUG] Main thread is exiting
2026-07-29 14:45:02,669 [DEBUG] CanStack Stopped
2026-07-29 14:45:02,671 [INFO] Connection closed
2026-07-29 14:45:02,672 [INFO] Running Test Case: TC_ID-749
2026-07-29 14:45:02,673 [DEBUG] Starting CanStack
2026-07-29 14:45:02,675 [DEBUG] Main thread has started
2026-07-29 14:45:02,676 [DEBUG] Relay thread has started
2026-07-29 14:45:02,679 [INFO] Connection opened
2026-07-29 14:45:02,680 [INFO] Switched to physical mode for TC: TC_ID-749 Step: PreCondition: PC_ID-023  Testcase:HardwareVersionNumber_F1_93_Read(Defaultsession)
2026-07-29 14:45:02,681 [INFO] TC_ID-749 - PreCondition: PC_ID-023  Testcase:HardwareVersionNumber_F1_93_Read(Defaultsession): SID=0x22, Sub=0xF193, Expected=[16, 8, 98, 241, 147, 67, 46, 48, 48, 170, 170, 170, 170, 170]
2026-07-29 14:45:02,777 [INFO] TC_ID-749 - PreCondition: PC_ID-023  Testcase:HardwareVersionNumber_F1_93_Read(Defaultsession): Sending request 22F193
2026-07-29 14:45:02,778 [INFO] TC_ID-749 - PreCondition: PC_ID-023  Testcase:HardwareVersionNumber_F1_93_Read(Defaultsession): Sending request 22F193
2026-07-29 14:45:02,779 [DEBUG] Sending 3 bytes : [22f193]
2026-07-29 14:45:02,780 [DEBUG] Enqueuing a SendRequest for 3 bytes and TAT=Physical
2026-07-29 14:45:02,781 [DEBUG] Tx: <706> (08) [ ]	 0322f19300000000
2026-07-29 14:45:02,782 [DEBUG] We've been asked to write a message to the bus
2026-07-29 14:45:02,782 [DEBUG] sending: Timestamp:        0.000000    ID:      706    S Rx     F BS       DL:  8    03 22 f1 93 00 00 00 00
2026-07-29 14:45:02,810 [INFO] TC_ID-749 PreCondition: PC_ID-023  Testcase:HardwareVersionNumber_F1_93_Read(Defaultsession) -> Response shorter than expected (7/8). Waiting for remaining payload.
2026-07-29 14:45:02,814 [DEBUG] Rx: <70E> (08) [p]	 0762f193432e3030
2026-07-29 14:45:02,815 [DEBUG] Received 7 bytes : [62f193432e3030]
2026-07-29 14:45:02,867 [INFO] TC_ID-749 - Received: 62F193432E303062
2026-07-29 14:45:02,868 [WARNING] TC_ID-749 - PreCondition: PC_ID-023  Testcase:HardwareVersionNumber_F1_93_Read(Defaultsession) -> ❌ FAIL - Expected 100862F193432E3030AAAAAAAAAA
2026-07-29 14:45:02,868 [DEBUG] Stopping CanStack
2026-07-29 14:45:02,869 [DEBUG] Main thread is exiting
2026-07-29 14:45:02,917 [DEBUG] CanStack Stopped
2026-07-29 14:45:02,919 [INFO] Connection closed
2026-07-29 14:45:02,920 [INFO] Running Test Case: TC_ID-750
2026-07-29 14:45:02,921 [DEBUG] Starting CanStack
2026-07-29 14:45:02,922 [DEBUG] Main thread has started
2026-07-29 14:45:02,923 [DEBUG] Relay thread has started
2026-07-29 14:45:02,925 [INFO] Connection opened
2026-07-29 14:45:02,925 [INFO] Switched to physical mode for TC: TC_ID-750 Step: PreCondition: PC_ID-023  Testcase:ECUSoftwareUnit1IVDDataIdentifier_F1_C1_Read(Defaultsession)
2026-07-29 14:45:02,926 [INFO] TC_ID-750 - PreCondition: PC_ID-023  Testcase:ECUSoftwareUnit1IVDDataIdentifier_F1_C1_Read(Defaultsession): SID=0x22, Sub=0xF1C1, Expected=[16, 35, 98, 241, 193, 89, 132, 149, 115, 208, 147, 255, 45, 174, 165, 181, 19, 158, 8, 114, 225, 168, 238, 34, 156, 199, 240, 147, 54, 118, 206, 209, 76, 62, 181, 253, 217, 170, 170, 170, 170, 170, 170]
2026-07-29 14:45:03,036 [INFO] TC_ID-750 - PreCondition: PC_ID-023  Testcase:ECUSoftwareUnit1IVDDataIdentifier_F1_C1_Read(Defaultsession): Sending request 22F1C1
2026-07-29 14:45:03,037 [INFO] TC_ID-750 - PreCondition: PC_ID-023  Testcase:ECUSoftwareUnit1IVDDataIdentifier_F1_C1_Read(Defaultsession): Sending request 22F1C1
2026-07-29 14:45:03,038 [DEBUG] Sending 3 bytes : [22f1c1]
2026-07-29 14:45:03,039 [DEBUG] Enqueuing a SendRequest for 3 bytes and TAT=Physical
2026-07-29 14:45:03,040 [DEBUG] Tx: <706> (08) [ ]	 0322f1c100000000
2026-07-29 14:45:03,041 [DEBUG] We've been asked to write a message to the bus
2026-07-29 14:45:03,041 [DEBUG] sending: Timestamp:        0.000000    ID:      706    S Rx     F BS       DL:  8    03 22 f1 c1 00 00 00 00
2026-07-29 14:45:03,068 [INFO] TC_ID-750 PreCondition: PC_ID-023  Testcase:ECUSoftwareUnit1IVDDataIdentifier_F1_C1_Read(Defaultsession) -> Response shorter than expected (3/35). Waiting for remaining payload.
2026-07-29 14:45:03,074 [DEBUG] Rx: <70E> (08) [p]	 037f2222aaaaaaaa
2026-07-29 14:45:03,075 [DEBUG] Received 3 bytes : [7f2222]
2026-07-29 14:45:08,076 [DEBUG] No data received: [TimeoutException] - Did not receive IsoTP frame from the Transport layer in time (timeout=5.0 sec) 
2026-07-29 14:45:08,077 [WARNING] TC_ID-750 PreCondition: PC_ID-023  Testcase:ECUSoftwareUnit1IVDDataIdentifier_F1_C1_Read(Defaultsession) -> Timed out while extending response (6/35)
2026-07-29 14:45:08,128 [INFO] TC_ID-750 - Received: 7F22227F2222
2026-07-29 14:45:08,130 [WARNING] TC_ID-750 - PreCondition: PC_ID-023  Testcase:ECUSoftwareUnit1IVDDataIdentifier_F1_C1_Read(Defaultsession) -> ❌ FAIL - Expected 102362F1C159849573D093FF2DAEA5B5139E0872E1A8EE229CC7F0933676CED14C3EB5FDD9AAAAAAAAAAAA
2026-07-29 14:45:08,131 [DEBUG] Stopping CanStack
2026-07-29 14:45:08,132 [DEBUG] Main thread is exiting
2026-07-29 14:45:08,147 [DEBUG] CanStack Stopped
2026-07-29 14:45:08,151 [INFO] Connection closed
2026-07-29 14:45:08,154 [INFO] Running Test Case: TC_ID-751
2026-07-29 14:45:08,155 [DEBUG] Starting CanStack
2026-07-29 14:45:08,156 [DEBUG] Main thread has started
2026-07-29 14:45:08,157 [DEBUG] Relay thread has started
2026-07-29 14:45:08,159 [INFO] Connection opened
2026-07-29 14:45:08,160 [INFO] Switched to physical mode for TC: TC_ID-751 Step: PreCondition: PC_ID-023  Testcase:Verify incorrect msg length NRC for ECU S/W Unit 1 IVD Response (22 F1 C1 01)
2026-07-29 14:45:08,161 [INFO] TC_ID-751 - PreCondition: PC_ID-023  Testcase:Verify incorrect msg length NRC for ECU S/W Unit 1 IVD Response (22 F1 C1 01): SID=0x22, Sub=0xF1C101, Expected=[3, 127, 34, 19, 170, 170, 170, 170]
2026-07-29 14:45:08,264 [INFO] TC_ID-751 - PreCondition: PC_ID-023  Testcase:Verify incorrect msg length NRC for ECU S/W Unit 1 IVD Response (22 F1 C1 01): Sending request 22F1C101
2026-07-29 14:45:08,264 [INFO] TC_ID-751 - PreCondition: PC_ID-023  Testcase:Verify incorrect msg length NRC for ECU S/W Unit 1 IVD Response (22 F1 C1 01): Sending request 22F1C101
2026-07-29 14:45:08,265 [DEBUG] Sending 4 bytes : [22f1c101]
2026-07-29 14:45:08,266 [DEBUG] Enqueuing a SendRequest for 4 bytes and TAT=Physical
2026-07-29 14:45:08,267 [DEBUG] Tx: <706> (08) [ ]	 0422f1c101000000
2026-07-29 14:45:08,268 [DEBUG] We've been asked to write a message to the bus
2026-07-29 14:45:08,269 [DEBUG] sending: Timestamp:        0.000000    ID:      706    S Rx     F BS       DL:  8    04 22 f1 c1 01 00 00 00
2026-07-29 14:45:08,326 [WARNING] TC_ID-751 - No response received
2026-07-29 14:45:08,329 [DEBUG] Stopping CanStack
2026-07-29 14:45:08,332 [DEBUG] Main thread is exiting
2026-07-29 14:45:08,344 [DEBUG] CanStack Stopped
2026-07-29 14:45:08,348 [INFO] Connection closed
2026-07-29 14:45:08,350 [INFO] Running Test Case: TC_ID-752
2026-07-29 14:45:08,355 [DEBUG] Starting CanStack
2026-07-29 14:45:08,358 [DEBUG] Main thread has started
2026-07-29 14:45:08,360 [DEBUG] Relay thread has started
2026-07-29 14:45:08,367 [INFO] Connection opened
2026-07-29 14:45:08,368 [INFO] Switched to physical mode for TC: TC_ID-752 Step: PreCondition: PC_ID-023  Testcase:ECU_Supplier_Code_F1_A1_Read(Defaultsession)
2026-07-29 14:45:08,370 [INFO] TC_ID-752 - PreCondition: PC_ID-023  Testcase:ECU_Supplier_Code_F1_A1_Read(Defaultsession): SID=0x22, Sub=0xF1A1, Expected=[7, 98, 241, 161, 83, 49, 49, 48]
2026-07-29 14:45:08,469 [INFO] TC_ID-752 - PreCondition: PC_ID-023  Testcase:ECU_Supplier_Code_F1_A1_Read(Defaultsession): Sending request 22F1A1
2026-07-29 14:45:08,471 [INFO] TC_ID-752 - PreCondition: PC_ID-023  Testcase:ECU_Supplier_Code_F1_A1_Read(Defaultsession): Sending request 22F1A1
2026-07-29 14:45:08,556 [DEBUG] Sending 3 bytes : [22f1a1]
2026-07-29 14:45:08,558 [DEBUG] Enqueuing a SendRequest for 3 bytes and TAT=Physical
2026-07-29 14:45:08,559 [DEBUG] Tx: <706> (08) [ ]	 0322f1a100000000
2026-07-29 14:45:08,561 [DEBUG] We've been asked to write a message to the bus
2026-07-29 14:45:08,562 [DEBUG] sending: Timestamp:        0.000000    ID:      706    S Rx     F BS       DL:  8    03 22 f1 a1 00 00 00 00
2026-07-29 14:45:08,636 [INFO] TC_ID-752 - Received: 62F1A153313130
2026-07-29 14:45:08,637 [WARNING] TC_ID-752 - PreCondition: PC_ID-023  Testcase:ECU_Supplier_Code_F1_A1_Read(Defaultsession) -> ❌ FAIL - Expected 0762F1A153313130
2026-07-29 14:45:08,637 [DEBUG] Stopping CanStack
2026-07-29 14:45:08,638 [DEBUG] Main thread is exiting
2026-07-29 14:45:08,644 [DEBUG] CanStack Stopped
2026-07-29 14:45:08,646 [INFO] Connection closed
2026-07-29 14:45:08,647 [INFO] Running Test Case: TC_ID-753
2026-07-29 14:45:08,648 [DEBUG] Starting CanStack
2026-07-29 14:45:08,650 [DEBUG] Main thread has started
2026-07-29 14:45:08,651 [DEBUG] Relay thread has started
2026-07-29 14:45:08,652 [INFO] Connection opened
2026-07-29 14:45:08,653 [INFO] Switched to physical mode for TC: TC_ID-753 Step: PreCondition: PC_ID-023  Testcase:ECU_Software_UNIT_number_F1_B0_Read(Defaultsession)
2026-07-29 14:45:08,653 [INFO] TC_ID-753 - PreCondition: PC_ID-023  Testcase:ECU_Software_UNIT_number_F1_B0_Read(Defaultsession): SID=0x22, Sub=0xF1B0, Expected=[4, 98, 241, 176, 1, 170, 170, 170]
2026-07-29 14:45:08,740 [INFO] TC_ID-753 - PreCondition: PC_ID-023  Testcase:ECU_Software_UNIT_number_F1_B0_Read(Defaultsession): Sending request 22F1B0
2026-07-29 14:45:08,740 [INFO] TC_ID-753 - PreCondition: PC_ID-023  Testcase:ECU_Software_UNIT_number_F1_B0_Read(Defaultsession): Sending request 22F1B0
2026-07-29 14:45:08,741 [DEBUG] Sending 3 bytes : [22f1b0]
2026-07-29 14:45:08,742 [DEBUG] Enqueuing a SendRequest for 3 bytes and TAT=Physical
2026-07-29 14:45:08,743 [DEBUG] Tx: <706> (08) [ ]	 0322f1b000000000
2026-07-29 14:45:08,744 [DEBUG] We've been asked to write a message to the bus
2026-07-29 14:45:08,745 [DEBUG] sending: Timestamp:        0.000000    ID:      706    S Rx     F BS       DL:  8    03 22 f1 b0 00 00 00 00
2026-07-29 14:45:08,817 [INFO] TC_ID-753 - Received: 62F1B001
2026-07-29 14:45:08,819 [WARNING] TC_ID-753 - PreCondition: PC_ID-023  Testcase:ECU_Software_UNIT_number_F1_B0_Read(Defaultsession) -> ❌ FAIL - Expected 0462F1B001AAAAAA
2026-07-29 14:45:08,819 [DEBUG] Stopping CanStack
2026-07-29 14:45:08,821 [DEBUG] Main thread is exiting
2026-07-29 14:45:08,833 [DEBUG] CanStack Stopped
2026-07-29 14:45:08,835 [INFO] Connection closed
2026-07-29 14:45:08,835 [INFO] Running Test Case: TC_ID-754
2026-07-29 14:45:08,836 [DEBUG] Starting CanStack
2026-07-29 14:45:08,838 [DEBUG] Main thread has started
2026-07-29 14:45:08,841 [DEBUG] Relay thread has started
2026-07-29 14:45:08,843 [INFO] Connection opened
2026-07-29 14:45:08,845 [INFO] Switched to physical mode for TC: TC_ID-754 Step: PreCondition: PC_ID-023  Testcase:Verify incorrect msg length NRC for ECU S/W Unit number information message (22 F1 B0 01)
2026-07-29 14:45:08,846 [INFO] TC_ID-754 - PreCondition: PC_ID-023  Testcase:Verify incorrect msg length NRC for ECU S/W Unit number information message (22 F1 B0 01): SID=0x22, Sub=0xF1B001, Expected=[3, 127, 34, 19, 170, 170, 170, 170]
2026-07-29 14:45:08,957 [INFO] TC_ID-754 - PreCondition: PC_ID-023  Testcase:Verify incorrect msg length NRC for ECU S/W Unit number information message (22 F1 B0 01): Sending request 22F1B001
2026-07-29 14:45:08,959 [INFO] TC_ID-754 - PreCondition: PC_ID-023  Testcase:Verify incorrect msg length NRC for ECU S/W Unit number information message (22 F1 B0 01): Sending request 22F1B001
2026-07-29 14:45:08,960 [DEBUG] Sending 4 bytes : [22f1b001]
2026-07-29 14:45:08,960 [DEBUG] Enqueuing a SendRequest for 4 bytes and TAT=Physical
2026-07-29 14:45:08,962 [DEBUG] Tx: <706> (08) [ ]	 0422f1b001000000
2026-07-29 14:45:08,963 [DEBUG] We've been asked to write a message to the bus
2026-07-29 14:45:08,963 [DEBUG] sending: Timestamp:        0.000000    ID:      706    S Rx     F BS       DL:  8    04 22 f1 b0 01 00 00 00
2026-07-29 14:45:09,037 [INFO] TC_ID-754 - Received: 7F2213
2026-07-29 14:45:09,038 [WARNING] TC_ID-754 - PreCondition: PC_ID-023  Testcase:Verify incorrect msg length NRC for ECU S/W Unit number information message (22 F1 B0 01) -> ❌ FAIL - Expected 037F2213AAAAAAAA
2026-07-29 14:45:09,039 [DEBUG] Stopping CanStack
2026-07-29 14:45:09,040 [DEBUG] Main thread is exiting
2026-07-29 14:45:09,052 [DEBUG] CanStack Stopped
2026-07-29 14:45:09,053 [INFO] Connection closed
2026-07-29 14:45:09,053 [INFO] Running Test Case: TC_ID-755
2026-07-29 14:45:09,054 [DEBUG] Starting CanStack
2026-07-29 14:45:09,055 [DEBUG] Main thread has started
2026-07-29 14:45:09,056 [DEBUG] Relay thread has started
2026-07-29 14:45:09,057 [INFO] Connection opened
2026-07-29 14:45:09,059 [INFO] Switched to physical mode for TC: TC_ID-755 Step: PreCondition: PC_ID-023  Testcase:ECU_Software_UNIT1_Version_F1_B1_Read(Defaultsession)
2026-07-29 14:45:09,059 [INFO] TC_ID-755 - PreCondition: PC_ID-023  Testcase:ECU_Software_UNIT1_Version_F1_B1_Read(Defaultsession): SID=0x22, Sub=0xF1B1, Expected=[16, 8, 98, 241, 177, 50, 53, 65, 49, 48, 170, 170, 170, 170, 170, 170]
2026-07-29 14:45:09,145 [INFO] TC_ID-755 - PreCondition: PC_ID-023  Testcase:ECU_Software_UNIT1_Version_F1_B1_Read(Defaultsession): Sending request 22F1B1
2026-07-29 14:45:09,146 [INFO] TC_ID-755 - PreCondition: PC_ID-023  Testcase:ECU_Software_UNIT1_Version_F1_B1_Read(Defaultsession): Sending request 22F1B1
2026-07-29 14:45:09,147 [DEBUG] Sending 3 bytes : [22f1b1]
2026-07-29 14:45:09,148 [DEBUG] Enqueuing a SendRequest for 3 bytes and TAT=Physical
2026-07-29 14:45:09,149 [DEBUG] Tx: <706> (08) [ ]	 0322f1b100000000
2026-07-29 14:45:09,149 [DEBUG] We've been asked to write a message to the bus
2026-07-29 14:45:09,150 [DEBUG] sending: Timestamp:        0.000000    ID:      706    S Rx     F BS       DL:  8    03 22 f1 b1 00 00 00 00
2026-07-29 14:45:09,203 [WARNING] TC_ID-755 - No response received
2026-07-29 14:45:09,204 [DEBUG] Stopping CanStack
2026-07-29 14:45:09,205 [DEBUG] Main thread is exiting
2026-07-29 14:45:09,217 [DEBUG] CanStack Stopped
2026-07-29 14:45:09,218 [INFO] Connection closed
2026-07-29 14:45:09,218 [INFO] Running Test Case: TC_ID-756
2026-07-29 14:45:09,219 [DEBUG] Starting CanStack
2026-07-29 14:45:09,220 [DEBUG] Main thread has started
2026-07-29 14:45:09,221 [DEBUG] Relay thread has started
2026-07-29 14:45:09,222 [INFO] Connection opened
2026-07-29 14:45:09,223 [INFO] Switched to physical mode for TC: TC_ID-756 Step: PreCondition: PC_ID-023  Testcase:SystemNameOrEngineTypeDataIdentifier_Read(Defaultsession)
2026-07-29 14:45:09,224 [INFO] TC_ID-756 - PreCondition: PC_ID-023  Testcase:SystemNameOrEngineTypeDataIdentifier_Read(Defaultsession): SID=0x22, Sub=0xF197, Expected=[16, 14, 98, 241, 151, 83, 72, 86, 85, 95, 70, 82, 32, 32, 32, 32, 170]
2026-07-29 14:45:09,317 [INFO] TC_ID-756 - PreCondition: PC_ID-023  Testcase:SystemNameOrEngineTypeDataIdentifier_Read(Defaultsession): Sending request 22F197
2026-07-29 14:45:09,318 [INFO] TC_ID-756 - PreCondition: PC_ID-023  Testcase:SystemNameOrEngineTypeDataIdentifier_Read(Defaultsession): Sending request 22F197
2026-07-29 14:45:09,319 [DEBUG] Sending 3 bytes : [22f197]
2026-07-29 14:45:09,319 [DEBUG] Enqueuing a SendRequest for 3 bytes and TAT=Physical
2026-07-29 14:45:09,320 [DEBUG] Tx: <706> (08) [ ]	 0322f19700000000
2026-07-29 14:45:09,321 [DEBUG] We've been asked to write a message to the bus
2026-07-29 14:45:09,321 [DEBUG] sending: Timestamp:        0.000000    ID:      706    S Rx     F BS       DL:  8    03 22 f1 97 00 00 00 00
2026-07-29 14:45:09,470 [INFO] TC_ID-756 PreCondition: PC_ID-023  Testcase:SystemNameOrEngineTypeDataIdentifier_Read(Defaultsession) -> Waiting for response (P2=0.15s, P2*=5.0s)
2026-07-29 14:45:09,621 [DEBUG] No data received: [TimeoutException] - Did not receive IsoTP frame from the Transport layer in time (timeout=0.15 sec) 
2026-07-29 14:45:09,722 [WARNING] TC_ID-756 - No response received
2026-07-29 14:45:09,723 [DEBUG] Stopping CanStack
2026-07-29 14:45:09,724 [DEBUG] Main thread is exiting
2026-07-29 14:45:09,743 [DEBUG] CanStack Stopped
2026-07-29 14:45:09,744 [INFO] Connection closed
2026-07-29 14:45:09,744 [INFO] Running Test Case: TC_ID-757
2026-07-29 14:45:09,745 [DEBUG] Starting CanStack
2026-07-29 14:45:09,746 [DEBUG] Main thread has started
2026-07-29 14:45:09,747 [DEBUG] Relay thread has started
2026-07-29 14:45:09,748 [INFO] Connection opened
2026-07-29 14:45:09,749 [INFO] Switched to physical mode for TC: TC_ID-757 Step: PreCondition: PC_ID-023  Testcase:ECU S/W Unit 1 IVD Response_Read(Defaultsession)
2026-07-29 14:45:09,750 [INFO] TC_ID-757 - PreCondition: PC_ID-023  Testcase:ECU S/W Unit 1 IVD Response_Read(Defaultsession): SID=0x22, Sub=0xF1C1, Expected=[16, 35, 98, 241, 193, 89, 132, 149, 115, 208, 147, 255, 45, 174, 165, 181, 19, 158, 8, 114, 225, 168, 238, 34, 156, 199, 240, 147, 54, 118, 206, 209, 76, 62, 181, 253, 217, 170, 170, 170, 170, 170, 170]
2026-07-29 14:45:09,846 [INFO] TC_ID-757 - PreCondition: PC_ID-023  Testcase:ECU S/W Unit 1 IVD Response_Read(Defaultsession): Sending request 22F1C1
2026-07-29 14:45:09,847 [INFO] TC_ID-757 - PreCondition: PC_ID-023  Testcase:ECU S/W Unit 1 IVD Response_Read(Defaultsession): Sending request 22F1C1
2026-07-29 14:45:09,847 [DEBUG] Sending 3 bytes : [22f1c1]
2026-07-29 14:45:09,848 [DEBUG] Enqueuing a SendRequest for 3 bytes and TAT=Physical
2026-07-29 14:45:09,849 [DEBUG] Tx: <706> (08) [ ]	 0322f1c100000000
2026-07-29 14:45:09,850 [DEBUG] We've been asked to write a message to the bus
2026-07-29 14:45:09,850 [DEBUG] sending: Timestamp:        0.000000    ID:      706    S Rx     F BS       DL:  8    03 22 f1 c1 00 00 00 00
2026-07-29 14:45:09,999 [INFO] TC_ID-757 PreCondition: PC_ID-023  Testcase:ECU S/W Unit 1 IVD Response_Read(Defaultsession) -> Waiting for response (P2=0.15s, P2*=5.0s)
2026-07-29 14:45:10,150 [DEBUG] No data received: [TimeoutException] - Did not receive IsoTP frame from the Transport layer in time (timeout=0.15 sec) 
2026-07-29 14:45:10,251 [WARNING] TC_ID-757 - No response received
2026-07-29 14:45:10,252 [DEBUG] Stopping CanStack
2026-07-29 14:45:10,253 [DEBUG] Main thread is exiting
2026-07-29 14:45:10,267 [DEBUG] CanStack Stopped
2026-07-29 14:45:10,268 [INFO] Connection closed
2026-07-29 14:45:10,269 [INFO] Running Test Case: TC_ID-758
2026-07-29 14:45:10,269 [DEBUG] Starting CanStack
2026-07-29 14:45:10,271 [DEBUG] Main thread has started
2026-07-29 14:45:10,272 [DEBUG] Relay thread has started
2026-07-29 14:45:10,273 [INFO] Connection opened
2026-07-29 14:45:10,274 [INFO] Switched to physical mode for TC: TC_ID-758 Step: PreCondition: PC_ID-023  Testcase:Type Option read information_Read(Default session)
2026-07-29 14:45:10,274 [INFO] TC_ID-758 - PreCondition: PC_ID-023  Testcase:Type Option read information_Read(Default session): SID=0x22, Sub=0xC100, Expected=[16, 11, 98, 193, 0, 238, 248, 0, 0, 54, 54, 0, 32, 170, 170, 170]
2026-07-29 14:45:10,361 [INFO] TC_ID-758 - PreCondition: PC_ID-023  Testcase:Type Option read information_Read(Default session): Sending request 22C100
2026-07-29 14:45:10,362 [INFO] TC_ID-758 - PreCondition: PC_ID-023  Testcase:Type Option read information_Read(Default session): Sending request 22C100
2026-07-29 14:45:10,362 [DEBUG] Sending 3 bytes : [22c100]
2026-07-29 14:45:10,363 [DEBUG] Enqueuing a SendRequest for 3 bytes and TAT=Physical
2026-07-29 14:45:10,364 [DEBUG] Tx: <706> (08) [ ]	 0322c10000000000
2026-07-29 14:45:10,365 [DEBUG] We've been asked to write a message to the bus
2026-07-29 14:45:10,365 [DEBUG] sending: Timestamp:        0.000000    ID:      706    S Rx     F BS       DL:  8    03 22 c1 00 00 00 00 00
2026-07-29 14:45:10,388 [DEBUG] We've been asked to write a message to the bus
2026-07-29 14:45:10,394 [DEBUG] sending: Timestamp:        0.000000    ID:      706    S Rx     F BS       DL:  8    30 08 0a 00 00 00 00 00
2026-07-29 14:45:10,451 [INFO] TC_ID-758 - Received: 62C100EEF8000036360000
2026-07-29 14:45:10,452 [WARNING] TC_ID-758 - PreCondition: PC_ID-023  Testcase:Type Option read information_Read(Default session) -> ❌ FAIL - Expected 100B62C100EEF8000036360020AAAAAA
2026-07-29 14:45:10,452 [DEBUG] Stopping CanStack
2026-07-29 14:45:10,453 [DEBUG] Main thread is exiting
2026-07-29 14:45:10,457 [DEBUG] CanStack Stopped
2026-07-29 14:45:10,458 [INFO] Connection closed
2026-07-29 14:45:10,459 [INFO] Running Test Case: TC_ID-759
2026-07-29 14:45:10,459 [DEBUG] Starting CanStack
2026-07-29 14:45:10,460 [DEBUG] Main thread has started
2026-07-29 14:45:10,461 [DEBUG] Relay thread has started
2026-07-29 14:45:10,462 [INFO] Connection opened
2026-07-29 14:45:10,463 [INFO] Switched to physical mode for TC: TC_ID-759 Step: PreCondition: PC_ID-023  Testcase:Output read information_Read(Default session)
2026-07-29 14:45:10,464 [INFO] TC_ID-759 - PreCondition: PC_ID-023  Testcase:Output read information_Read(Default session): SID=0x22, Sub=0xC101, Expected=[16, 11, 98, 193, 1, 136, 228, 64, 32, 0, 0, 0, 0, 170, 170, 170]
2026-07-29 14:45:10,549 [INFO] TC_ID-759 - PreCondition: PC_ID-023  Testcase:Output read information_Read(Default session): Sending request 22C101
2026-07-29 14:45:10,552 [INFO] TC_ID-759 - PreCondition: PC_ID-023  Testcase:Output read information_Read(Default session): Sending request 22C101
2026-07-29 14:45:10,555 [DEBUG] Sending 3 bytes : [22c101]
2026-07-29 14:45:10,556 [DEBUG] Enqueuing a SendRequest for 3 bytes and TAT=Physical
2026-07-29 14:45:10,557 [DEBUG] Tx: <706> (08) [ ]	 0322c10100000000
2026-07-29 14:45:10,558 [DEBUG] We've been asked to write a message to the bus
2026-07-29 14:45:10,559 [DEBUG] sending: Timestamp:        0.000000    ID:      706    S Rx     F BS       DL:  8    03 22 c1 01 00 00 00 00
2026-07-29 14:45:10,586 [DEBUG] We've been asked to write a message to the bus
2026-07-29 14:45:10,589 [DEBUG] sending: Timestamp:        0.000000    ID:      706    S Rx     F BS       DL:  8    30 08 0a 00 00 00 00 00
2026-07-29 14:45:10,647 [INFO] TC_ID-759 - Received: 62C1010040304000000000
2026-07-29 14:45:10,651 [WARNING] TC_ID-759 - PreCondition: PC_ID-023  Testcase:Output read information_Read(Default session) -> ❌ FAIL - Expected 100B62C10188E4402000000000AAAAAA
2026-07-29 14:45:10,653 [DEBUG] Stopping CanStack
2026-07-29 14:45:10,655 [DEBUG] Main thread is exiting
2026-07-29 14:45:10,662 [DEBUG] CanStack Stopped
2026-07-29 14:45:10,663 [INFO] Connection closed
2026-07-29 14:45:10,664 [INFO] Running Test Case: TC_ID-760
2026-07-29 14:45:10,665 [DEBUG] Starting CanStack
2026-07-29 14:45:10,668 [DEBUG] Main thread has started
2026-07-29 14:45:10,670 [DEBUG] Relay thread has started
2026-07-29 14:45:10,672 [INFO] Connection opened
2026-07-29 14:45:10,673 [INFO] Switched to physical mode for TC: TC_ID-760 Step: PreCondition: PC_ID-023  Testcase:Communication read information_Read(Default session)
2026-07-29 14:45:10,674 [INFO] TC_ID-760 - PreCondition: PC_ID-023  Testcase:Communication read information_Read(Default session): SID=0x22, Sub=0xC102, Expected=[16, 12, 98, 193, 2, 0, 0, 0, 0, 0, 0, 0, 0, 0, 170, 170]
2026-07-29 14:45:10,767 [INFO] TC_ID-760 - PreCondition: PC_ID-023  Testcase:Communication read information_Read(Default session): Sending request 22C102
2026-07-29 14:45:10,767 [INFO] TC_ID-760 - PreCondition: PC_ID-023  Testcase:Communication read information_Read(Default session): Sending request 22C102
2026-07-29 14:45:10,768 [DEBUG] Sending 3 bytes : [22c102]
2026-07-29 14:45:10,768 [DEBUG] Enqueuing a SendRequest for 3 bytes and TAT=Physical
2026-07-29 14:45:10,769 [DEBUG] Tx: <706> (08) [ ]	 0322c10200000000
2026-07-29 14:45:10,771 [DEBUG] We've been asked to write a message to the bus
2026-07-29 14:45:10,771 [DEBUG] sending: Timestamp:        0.000000    ID:      706    S Rx     F BS       DL:  8    03 22 c1 02 00 00 00 00
2026-07-29 14:45:10,799 [DEBUG] We've been asked to write a message to the bus
2026-07-29 14:45:10,803 [DEBUG] sending: Timestamp:        0.000000    ID:      706    S Rx     F BS       DL:  8    30 08 0a 00 00 00 00 00
2026-07-29 14:45:10,861 [INFO] TC_ID-760 - Received: 62C102000000000000000000
2026-07-29 14:45:10,862 [WARNING] TC_ID-760 - PreCondition: PC_ID-023  Testcase:Communication read information_Read(Default session) -> ❌ FAIL - Expected 100C62C102000000000000000000AAAA
2026-07-29 14:45:10,862 [DEBUG] Stopping CanStack
2026-07-29 14:45:10,863 [DEBUG] Main thread is exiting
2026-07-29 14:45:10,867 [DEBUG] CanStack Stopped
2026-07-29 14:45:10,868 [INFO] Connection closed
2026-07-29 14:45:10,869 [INFO] Running Test Case: TC_ID-761
2026-07-29 14:45:10,869 [DEBUG] Starting CanStack
2026-07-29 14:45:10,871 [DEBUG] Main thread has started
2026-07-29 14:45:10,871 [DEBUG] Relay thread has started
2026-07-29 14:45:10,873 [INFO] Connection opened
2026-07-29 14:45:10,873 [INFO] Switched to physical mode for TC: TC_ID-761 Step: PreCondition: PC_ID-023  Testcase:LH seat heat fail detection read  information_Read(Default session)
2026-07-29 14:45:10,874 [INFO] TC_ID-761 - PreCondition: PC_ID-023  Testcase:LH seat heat fail detection read  information_Read(Default session): SID=0x22, Sub=0xC103, Expected=[16, 26, 98, 193, 3, 192, 0, 234, 160, 0, 0, 0, 0, 0, 0, 0, 0, 0]
2026-07-29 14:45:11,002 [INFO] TC_ID-761 - PreCondition: PC_ID-023  Testcase:LH seat heat fail detection read  information_Read(Default session): Sending request 22C103
2026-07-29 14:45:11,004 [INFO] TC_ID-761 - PreCondition: PC_ID-023  Testcase:LH seat heat fail detection read  information_Read(Default session): Sending request 22C103
2026-07-29 14:45:11,004 [DEBUG] Sending 3 bytes : [22c103]
2026-07-29 14:45:11,005 [DEBUG] Enqueuing a SendRequest for 3 bytes and TAT=Physical
2026-07-29 14:45:11,007 [DEBUG] Tx: <706> (08) [ ]	 0322c10300000000
2026-07-29 14:45:11,010 [DEBUG] We've been asked to write a message to the bus
2026-07-29 14:45:11,013 [DEBUG] sending: Timestamp:        0.000000    ID:      706    S Rx     F BS       DL:  8    03 22 c1 03 00 00 00 00
2026-07-29 14:45:11,037 [DEBUG] We've been asked to write a message to the bus
2026-07-29 14:45:11,038 [DEBUG] sending: Timestamp:        0.000000    ID:      706    S Rx     F BS       DL:  8    30 08 0a 00 00 00 00 00
2026-07-29 14:45:11,061 [INFO] TC_ID-761 PreCondition: PC_ID-023  Testcase:LH seat heat fail detection read  information_Read(Default session) -> Response shorter than expected (16/26). Waiting for remaining payload.
2026-07-29 14:45:13,352 [DEBUG] Rx: <70E> (08) [p]	 0762f1a153313130
2026-07-29 14:45:13,353 [DEBUG] Rx: <70E> (08) [p]	 0462f1b001aaaaaa
2026-07-29 14:45:13,354 [DEBUG] Received 7 bytes : [62f1a153313130]
2026-07-29 14:45:13,358 [DEBUG] Rx: <70E> (08) [p]	 037f2213aaaaaaaa
2026-07-29 14:45:13,359 [DEBUG] Received 4 bytes : [62f1b001]
2026-07-29 14:45:13,373 [DEBUG] Rx: <70E> (08) [p]	 100862f1b1323541
2026-07-29 14:45:13,375 [DEBUG] Tx: <706> (08) [ ]	 30080a0000000000
2026-07-29 14:45:13,376 [DEBUG] We've been asked to write a message to the bus
2026-07-29 14:45:13,377 [DEBUG] sending: Timestamp:        0.000000    ID:      706    S Rx     F BS       DL:  8    30 08 0a 00 00 00 00 00
2026-07-29 14:45:13,379 [DEBUG] TxState=IDLE - RxState=WAIT_CF
2026-07-29 14:45:13,381 [DEBUG] Rx: <70E> (08) [p]	 100b62c100eef800
2026-07-29 14:45:13,382 [WARNING] Reception of IsoTP frame interrupted with a new FirstFrame
2026-07-29 14:45:13,383 [DEBUG] Tx: <706> (08) [ ]	 30080a0000000000
2026-07-29 14:45:13,383 [DEBUG] We've been asked to write a message to the bus
2026-07-29 14:45:13,384 [DEBUG] sending: Timestamp:        0.000000    ID:      706    S Rx     F BS       DL:  8    30 08 0a 00 00 00 00 00
2026-07-29 14:45:13,385 [DEBUG] Rx: <70E> (08) [p]	 210036360000aaaa
2026-07-29 14:45:13,387 [DEBUG] Rx: <70E> (08) [p]	 100b62c101004030
2026-07-29 14:45:13,391 [DEBUG] Tx: <706> (08) [ ]	 30080a0000000000
2026-07-29 14:45:13,391 [DEBUG] We've been asked to write a message to the bus
2026-07-29 14:45:13,392 [DEBUG] sending: Timestamp:        0.000000    ID:      706    S Rx     F BS       DL:  8    30 08 0a 00 00 00 00 00
2026-07-29 14:45:13,394 [DEBUG] Rx: <70E> (08) [p]	 214000000000aaaa
2026-07-29 14:45:13,395 [DEBUG] Rx: <70E> (08) [p]	 100c62c102000000
2026-07-29 14:45:13,396 [DEBUG] Tx: <706> (08) [ ]	 30080a0000000000
2026-07-29 14:45:13,396 [DEBUG] We've been asked to write a message to the bus
2026-07-29 14:45:13,396 [DEBUG] sending: Timestamp:        0.000000    ID:      706    S Rx     F BS       DL:  8    30 08 0a 00 00 00 00 00
2026-07-29 14:45:13,397 [DEBUG] Rx: <70E> (08) [p]	 21000000000000aa
2026-07-29 14:45:13,399 [DEBUG] Rx: <70E> (08) [p]	 101062c103c000ea
2026-07-29 14:45:13,400 [DEBUG] Tx: <706> (08) [ ]	 30080a0000000000
2026-07-29 14:45:13,400 [DEBUG] We've been asked to write a message to the bus
2026-07-29 14:45:13,401 [DEBUG] sending: Timestamp:        0.000000    ID:      706    S Rx     F BS       DL:  8    30 08 0a 00 00 00 00 00
2026-07-29 14:45:13,402 [DEBUG] Rx: <70E> (08) [p]	 21a0000000000000
2026-07-29 14:45:13,403 [DEBUG] Rx: <70E> (08) [p]	 22000000aaaaaaaa
2026-07-29 14:45:13,410 [INFO] TC_ID-761 - Received: 62C103C000EAA000000000000000000062F1A15331313062F1B0
2026-07-29 14:45:13,411 [WARNING] TC_ID-761 - PreCondition: PC_ID-023  Testcase:LH seat heat fail detection read  information_Read(Default session) -> ❌ FAIL - Expected 101A62C103C000EAA0000000000000000000
2026-07-29 14:45:13,411 [DEBUG] Stopping CanStack
2026-07-29 14:45:13,412 [DEBUG] TxState=IDLE - RxState=IDLE
2026-07-29 14:45:13,413 [DEBUG] Main thread is exiting
2026-07-29 14:45:13,431 [DEBUG] CanStack Stopped
2026-07-29 14:45:13,432 [INFO] Connection closed
2026-07-29 14:45:13,432 [INFO] Running Test Case: TC_ID-762
2026-07-29 14:45:13,433 [DEBUG] Starting CanStack
2026-07-29 14:45:13,434 [DEBUG] Main thread has started
2026-07-29 14:45:13,435 [DEBUG] Relay thread has started
2026-07-29 14:45:13,436 [INFO] Connection opened
2026-07-29 14:45:13,436 [INFO] Switched to physical mode for TC: TC_ID-762 Step: PreCondition: PC_ID-023  Testcase:LH seat vent fail detection read   information_Read(Default session)
2026-07-29 14:45:13,437 [INFO] TC_ID-762 - PreCondition: PC_ID-023  Testcase:LH seat vent fail detection read   information_Read(Default session): SID=0x22, Sub=0xC104, Expected=[16, 10, 98, 193, 4, 250, 0, 0, 0, 0, 0, 0, 170, 170, 170, 170]
2026-07-29 14:45:13,530 [INFO] TC_ID-762 - PreCondition: PC_ID-023  Testcase:LH seat vent fail detection read   information_Read(Default session): Sending request 22C104
2026-07-29 14:45:13,531 [INFO] TC_ID-762 - PreCondition: PC_ID-023  Testcase:LH seat vent fail detection read   information_Read(Default session): Sending request 22C104
2026-07-29 14:45:13,531 [DEBUG] Sending 3 bytes : [22c104]
2026-07-29 14:45:13,532 [DEBUG] Enqueuing a SendRequest for 3 bytes and TAT=Physical
2026-07-29 14:45:13,534 [DEBUG] Tx: <706> (08) [ ]	 0322c10400000000
2026-07-29 14:45:13,535 [DEBUG] We've been asked to write a message to the bus
2026-07-29 14:45:13,536 [DEBUG] sending: Timestamp:        0.000000    ID:      706    S Rx     F BS       DL:  8    03 22 c1 04 00 00 00 00
2026-07-29 14:45:13,557 [DEBUG] We've been asked to write a message to the bus
2026-07-29 14:45:13,562 [DEBUG] Rx: <70E> (08) [p]	 100a62c104fa0000
2026-07-29 14:45:13,563 [DEBUG] sending: Timestamp:        0.000000    ID:      706    S Rx     F BS       DL:  8    30 08 0a 00 00 00 00 00
2026-07-29 14:45:13,565 [DEBUG] Tx: <706> (08) [ ]	 30080a0000000000
2026-07-29 14:45:13,572 [DEBUG] We've been asked to write a message to the bus
2026-07-29 14:45:13,573 [DEBUG] sending: Timestamp:        0.000000    ID:      706    S Rx     F BS       DL:  8    30 08 0a 00 00 00 00 00
2026-07-29 14:45:13,576 [DEBUG] TxState=IDLE - RxState=WAIT_CF
2026-07-29 14:45:13,581 [DEBUG] Rx: <70E> (08) [p]	 2100000000aaaaaa
2026-07-29 14:45:13,628 [INFO] TC_ID-762 - Received: 62C104FA000000000000
2026-07-29 14:45:13,629 [WARNING] TC_ID-762 - PreCondition: PC_ID-023  Testcase:LH seat vent fail detection read   information_Read(Default session) -> ❌ FAIL - Expected 100A62C104FA000000000000AAAAAAAA
2026-07-29 14:45:13,629 [DEBUG] Stopping CanStack
2026-07-29 14:45:13,630 [DEBUG] TxState=IDLE - RxState=IDLE
2026-07-29 14:45:13,631 [DEBUG] Main thread is exiting
2026-07-29 14:45:13,678 [DEBUG] CanStack Stopped
2026-07-29 14:45:13,679 [INFO] Connection closed
2026-07-29 14:45:13,679 [INFO] Running Test Case: TC_ID-763
2026-07-29 14:45:13,680 [DEBUG] Starting CanStack
2026-07-29 14:45:13,681 [DEBUG] Main thread has started
2026-07-29 14:45:13,682 [DEBUG] Relay thread has started
2026-07-29 14:45:13,683 [INFO] Connection opened
2026-07-29 14:45:13,684 [INFO] Switched to physical mode for TC: TC_ID-763 Step: PreCondition: PC_ID-023  Testcase:RH seat heat fail detection read   information_Read(Default session)
2026-07-29 14:45:13,685 [INFO] TC_ID-763 - PreCondition: PC_ID-023  Testcase:RH seat heat fail detection read   information_Read(Default session): SID=0x22, Sub=0xC105, Expected=[16, 26, 98, 193, 5, 192, 0, 234, 160, 0, 0, 0, 0, 0, 0, 0, 0, 0]
2026-07-29 14:45:13,779 [INFO] TC_ID-763 - PreCondition: PC_ID-023  Testcase:RH seat heat fail detection read   information_Read(Default session): Sending request 22C105
2026-07-29 14:45:13,780 [INFO] TC_ID-763 - PreCondition: PC_ID-023  Testcase:RH seat heat fail detection read   information_Read(Default session): Sending request 22C105
2026-07-29 14:45:13,781 [DEBUG] Sending 3 bytes : [22c105]
2026-07-29 14:45:13,782 [DEBUG] Enqueuing a SendRequest for 3 bytes and TAT=Physical
2026-07-29 14:45:13,783 [DEBUG] Tx: <706> (08) [ ]	 0322c10500000000
2026-07-29 14:45:13,784 [DEBUG] We've been asked to write a message to the bus
2026-07-29 14:45:13,785 [DEBUG] sending: Timestamp:        0.000000    ID:      706    S Rx     F BS       DL:  8    03 22 c1 05 00 00 00 00
2026-07-29 14:45:13,807 [DEBUG] We've been asked to write a message to the bus
2026-07-29 14:45:13,812 [DEBUG] Rx: <70E> (08) [p]	 101062c105c000ea
2026-07-29 14:45:13,813 [DEBUG] sending: Timestamp:        0.000000    ID:      706    S Rx     F BS       DL:  8    30 08 0a 00 00 00 00 00
2026-07-29 14:45:13,815 [DEBUG] Tx: <706> (08) [ ]	 30080a0000000000
2026-07-29 14:45:13,817 [DEBUG] We've been asked to write a message to the bus
2026-07-29 14:45:13,820 [DEBUG] sending: Timestamp:        0.000000    ID:      706    S Rx     F BS       DL:  8    30 08 0a 00 00 00 00 00
2026-07-29 14:45:13,823 [DEBUG] TxState=IDLE - RxState=WAIT_CF
2026-07-29 14:45:13,825 [DEBUG] Rx: <70E> (08) [p]	 21a0000000000000
2026-07-29 14:45:13,836 [INFO] TC_ID-763 PreCondition: PC_ID-023  Testcase:RH seat heat fail detection read   information_Read(Default session) -> Response shorter than expected (16/26). Waiting for remaining payload.
2026-07-29 14:45:13,837 [DEBUG] Rx: <70E> (08) [p]	 22000000aaaaaaaa
2026-07-29 14:45:13,839 [DEBUG] Received 16 bytes : [62c105c000eaa0000000000000000000]
2026-07-29 14:45:13,889 [DEBUG] TxState=IDLE - RxState=IDLE
2026-07-29 14:45:13,889 [INFO] TC_ID-763 - Received: 62C105C000EAA000000000000000000062C105C000EAA0000000
2026-07-29 14:45:13,890 [WARNING] TC_ID-763 - PreCondition: PC_ID-023  Testcase:RH seat heat fail detection read   information_Read(Default session) -> ❌ FAIL - Expected 101A62C105C000EAA0000000000000000000
2026-07-29 14:45:13,891 [DEBUG] Stopping CanStack
2026-07-29 14:45:13,892 [DEBUG] Main thread is exiting
2026-07-29 14:45:13,938 [DEBUG] CanStack Stopped
2026-07-29 14:45:13,939 [INFO] Connection closed
2026-07-29 14:45:13,939 [INFO] Running Test Case: TC_ID-764
2026-07-29 14:45:13,940 [DEBUG] Starting CanStack
2026-07-29 14:45:13,941 [DEBUG] Main thread has started
2026-07-29 14:45:13,942 [DEBUG] Relay thread has started
2026-07-29 14:45:13,943 [INFO] Connection opened
2026-07-29 14:45:13,944 [INFO] Switched to physical mode for TC: TC_ID-764 Step: PreCondition: PC_ID-023  Testcase:RH seat vent fail detection read   information_Read(Default session)
2026-07-29 14:45:13,944 [INFO] TC_ID-764 - PreCondition: PC_ID-023  Testcase:RH seat vent fail detection read   information_Read(Default session): SID=0x22, Sub=0xC106, Expected=[16, 10, 98, 193, 6, 250, 0, 0, 0, 0, 0, 0, 170, 170, 170, 170]
2026-07-29 14:45:14,047 [INFO] TC_ID-764 - PreCondition: PC_ID-023  Testcase:RH seat vent fail detection read   information_Read(Default session): Sending request 22C106
2026-07-29 14:45:14,047 [INFO] TC_ID-764 - PreCondition: PC_ID-023  Testcase:RH seat vent fail detection read   information_Read(Default session): Sending request 22C106
2026-07-29 14:45:14,048 [DEBUG] Sending 3 bytes : [22c106]
2026-07-29 14:45:14,049 [DEBUG] Enqueuing a SendRequest for 3 bytes and TAT=Physical
2026-07-29 14:45:14,051 [DEBUG] Tx: <706> (08) [ ]	 0322c10600000000
2026-07-29 14:45:14,052 [DEBUG] We've been asked to write a message to the bus
2026-07-29 14:45:14,053 [DEBUG] sending: Timestamp:        0.000000    ID:      706    S Rx     F BS       DL:  8    03 22 c1 06 00 00 00 00
2026-07-29 14:45:14,078 [DEBUG] We've been asked to write a message to the bus
2026-07-29 14:45:14,080 [DEBUG] Rx: <70E> (08) [p]	 100a62c106fa0000
2026-07-29 14:45:14,081 [DEBUG] sending: Timestamp:        0.000000    ID:      706    S Rx     F BS       DL:  8    30 08 0a 00 00 00 00 00
2026-07-29 14:45:14,083 [DEBUG] Tx: <706> (08) [ ]	 30080a0000000000
2026-07-29 14:45:14,085 [DEBUG] We've been asked to write a message to the bus
2026-07-29 14:45:14,087 [DEBUG] sending: Timestamp:        0.000000    ID:      706    S Rx     F BS       DL:  8    30 08 0a 00 00 00 00 00
2026-07-29 14:45:14,089 [DEBUG] TxState=IDLE - RxState=WAIT_CF
2026-07-29 14:45:14,093 [DEBUG] Rx: <70E> (08) [p]	 2100000000aaaaaa
2026-07-29 14:45:14,142 [INFO] TC_ID-764 - Received: 62C106FA000000000000
2026-07-29 14:45:14,143 [WARNING] TC_ID-764 - PreCondition: PC_ID-023  Testcase:RH seat vent fail detection read   information_Read(Default session) -> ❌ FAIL - Expected 100A62C106FA000000000000AAAAAAAA
2026-07-29 14:45:14,144 [DEBUG] Stopping CanStack
2026-07-29 14:45:14,145 [DEBUG] TxState=IDLE - RxState=IDLE
2026-07-29 14:45:14,146 [DEBUG] Main thread is exiting
2026-07-29 14:45:14,194 [DEBUG] CanStack Stopped
2026-07-29 14:45:14,195 [INFO] Connection closed
2026-07-29 14:45:14,195 [INFO] Running Test Case: TC_ID-765
2026-07-29 14:45:14,196 [DEBUG] Starting CanStack
2026-07-29 14:45:14,197 [DEBUG] Main thread has started
2026-07-29 14:45:14,198 [DEBUG] Relay thread has started
2026-07-29 14:45:14,199 [INFO] Connection opened
2026-07-29 14:45:14,200 [INFO] Switched to physical mode for TC: TC_ID-765 Step: PreCondition: PC_ID-023  Testcase:Log frame data read  information_Read(Default session)
2026-07-29 14:45:14,200 [INFO] TC_ID-765 - PreCondition: PC_ID-023  Testcase:Log frame data read  information_Read(Default session): SID=0x22, Sub=0xCF10, Expected=[16, 50, 98, 207, 16, 239, 199, 126, 0, 4, 10, 4, 4, 9, 4, 239, 192, 0, 0, 4, 9, 4, 170, 170, 170]
2026-07-29 14:45:14,288 [INFO] TC_ID-765 - PreCondition: PC_ID-023  Testcase:Log frame data read  information_Read(Default session): Sending request 22CF10
2026-07-29 14:45:14,289 [INFO] TC_ID-765 - PreCondition: PC_ID-023  Testcase:Log frame data read  information_Read(Default session): Sending request 22CF10
2026-07-29 14:45:14,290 [DEBUG] Sending 3 bytes : [22cf10]
2026-07-29 14:45:14,291 [DEBUG] Enqueuing a SendRequest for 3 bytes and TAT=Physical
2026-07-29 14:45:14,293 [DEBUG] Tx: <706> (08) [ ]	 0322cf1000000000
2026-07-29 14:45:14,294 [DEBUG] We've been asked to write a message to the bus
2026-07-29 14:45:14,295 [DEBUG] sending: Timestamp:        0.000000    ID:      706    S Rx     F BS       DL:  8    03 22 cf 10 00 00 00 00
2026-07-29 14:45:14,319 [DEBUG] Rx: <70E> (08) [p]	 101462cf10efc77e
2026-07-29 14:45:14,320 [DEBUG] We've been asked to write a message to the bus
2026-07-29 14:45:14,322 [DEBUG] Tx: <706> (08) [ ]	 30080a0000000000
2026-07-29 14:45:14,323 [DEBUG] sending: Timestamp:        0.000000    ID:      706    S Rx     F BS       DL:  8    30 08 0a 00 00 00 00 00
2026-07-29 14:45:14,325 [DEBUG] We've been asked to write a message to the bus
2026-07-29 14:45:14,327 [DEBUG] sending: Timestamp:        0.000000    ID:      706    S Rx     F BS       DL:  8    30 08 0a 00 00 00 00 00
2026-07-29 14:45:14,328 [DEBUG] TxState=IDLE - RxState=WAIT_CF
2026-07-29 14:45:14,334 [DEBUG] Rx: <70E> (08) [p]	 2100040a04040904
2026-07-29 14:45:14,346 [INFO] TC_ID-765 PreCondition: PC_ID-023  Testcase:Log frame data read  information_Read(Default session) -> Response shorter than expected (20/50). Waiting for remaining payload.
2026-07-29 14:45:14,348 [DEBUG] Rx: <70E> (08) [p]	 22efc00000040904
2026-07-29 14:45:14,349 [DEBUG] Received 20 bytes : [62cf10efc77e00040a04040904efc00000040904]
2026-07-29 14:45:14,399 [DEBUG] TxState=IDLE - RxState=IDLE
2026-07-29 14:45:19,349 [DEBUG] No data received: [TimeoutException] - Did not receive IsoTP frame from the Transport layer in time (timeout=5.0 sec) 
2026-07-29 14:45:19,350 [WARNING] TC_ID-765 PreCondition: PC_ID-023  Testcase:Log frame data read  information_Read(Default session) -> Timed out while extending response (40/50)
2026-07-29 14:45:19,401 [INFO] TC_ID-765 - Received: 62CF10EFC77E00040A04040904EFC0000004090462CF10EFC77E00040A04040904EFC00000040904
2026-07-29 14:45:19,403 [WARNING] TC_ID-765 - PreCondition: PC_ID-023  Testcase:Log frame data read  information_Read(Default session) -> ❌ FAIL - Expected 103262CF10EFC77E00040A04040904EFC00000040904AAAAAA
2026-07-29 14:45:19,403 [DEBUG] Stopping CanStack
2026-07-29 14:45:19,404 [DEBUG] Main thread is exiting
2026-07-29 14:45:19,431 [DEBUG] CanStack Stopped
2026-07-29 14:45:19,435 [INFO] Connection closed
2026-07-29 14:45:19,437 [INFO] Running Test Case: TC_ID-766
2026-07-29 14:45:19,437 [DEBUG] Starting CanStack
2026-07-29 14:45:19,439 [DEBUG] Main thread has started
2026-07-29 14:45:19,440 [DEBUG] Relay thread has started
2026-07-29 14:45:19,441 [INFO] Connection opened
2026-07-29 14:45:19,442 [INFO] Switched to physical mode for TC: TC_ID-766 Step: PreCondition: PC_ID-023  Testcase:Non-Sleep ECU data Identifier_Read(Default session)
2026-07-29 14:45:19,443 [INFO] TC_ID-766 - PreCondition: PC_ID-023  Testcase:Non-Sleep ECU data Identifier_Read(Default session): SID=0x22, Sub=0xED90, Expected=[16, 9, 98, 237, 144, 240, 0, 0, 0, 0, 0, 170, 170, 170, 170, 170]
2026-07-29 14:45:19,537 [INFO] TC_ID-766 - PreCondition: PC_ID-023  Testcase:Non-Sleep ECU data Identifier_Read(Default session): Sending request 22ED90
2026-07-29 14:45:19,538 [INFO] TC_ID-766 - PreCondition: PC_ID-023  Testcase:Non-Sleep ECU data Identifier_Read(Default session): Sending request 22ED90
2026-07-29 14:45:19,539 [DEBUG] Sending 3 bytes : [22ed90]
2026-07-29 14:45:19,539 [DEBUG] Enqueuing a SendRequest for 3 bytes and TAT=Physical
2026-07-29 14:45:19,540 [DEBUG] Tx: <706> (08) [ ]	 0322ed9000000000
2026-07-29 14:45:19,541 [DEBUG] We've been asked to write a message to the bus
2026-07-29 14:45:19,542 [DEBUG] sending: Timestamp:        0.000000    ID:      706    S Rx     F BS       DL:  8    03 22 ed 90 00 00 00 00
2026-07-29 14:45:19,571 [DEBUG] We've been asked to write a message to the bus
2026-07-29 14:45:19,573 [DEBUG] Rx: <70E> (08) [p]	 100962ed90f00000
2026-07-29 14:45:19,575 [DEBUG] sending: Timestamp:        0.000000    ID:      706    S Rx     F BS       DL:  8    30 08 0a 00 00 00 00 00
2026-07-29 14:45:19,576 [DEBUG] Tx: <706> (08) [ ]	 30080a0000000000
2026-07-29 14:45:19,578 [DEBUG] We've been asked to write a message to the bus
2026-07-29 14:45:19,580 [DEBUG] sending: Timestamp:        0.000000    ID:      706    S Rx     F BS       DL:  8    30 08 0a 00 00 00 00 00
2026-07-29 14:45:19,583 [DEBUG] TxState=IDLE - RxState=WAIT_CF
2026-07-29 14:45:19,585 [DEBUG] Rx: <70E> (08) [p]	 21000000aaaaaaaa
2026-07-29 14:45:19,632 [INFO] TC_ID-766 - Received: 62ED90F00000000000
2026-07-29 14:45:19,633 [WARNING] TC_ID-766 - PreCondition: PC_ID-023  Testcase:Non-Sleep ECU data Identifier_Read(Default session) -> ❌ FAIL - Expected 100962ED90F00000000000AAAAAAAAAA
2026-07-29 14:45:19,634 [DEBUG] Stopping CanStack
2026-07-29 14:45:19,635 [DEBUG] TxState=IDLE - RxState=IDLE
2026-07-29 14:45:19,636 [DEBUG] Main thread is exiting
2026-07-29 14:45:19,685 [DEBUG] CanStack Stopped
2026-07-29 14:45:19,686 [INFO] Connection closed
2026-07-29 14:45:19,687 [INFO] Running Test Case: PC_ID-024
2026-07-29 14:45:19,688 [DEBUG] Starting CanStack
2026-07-29 14:45:19,689 [DEBUG] Main thread has started
2026-07-29 14:45:19,690 [DEBUG] Relay thread has started
2026-07-29 14:45:19,692 [INFO] Connection opened
2026-07-29 14:45:19,692 [INFO] Switched to physical mode for TC: PC_ID-024 Step: Start Extended session
2026-07-29 14:45:19,693 [INFO] PC_ID-024 - Start Extended session: SID=0x10, Sub=0x03, Expected=[6, 80, 3, 0, 50, 1, 244, 170]
2026-07-29 14:45:19,758 [INFO] PC_ID-024 - Start Extended session: Sending 1003
2026-07-29 14:45:19,808 [INFO] PC_ID-024 - Start Extended session: Sending request 1003
2026-07-29 14:45:19,812 [DEBUG] Sending 2 bytes : [1003]
2026-07-29 14:45:19,812 [DEBUG] Enqueuing a SendRequest for 2 bytes and TAT=Physical
2026-07-29 14:45:19,814 [DEBUG] Tx: <706> (08) [ ]	 0210030000000000
2026-07-29 14:45:19,815 [DEBUG] We've been asked to write a message to the bus
2026-07-29 14:45:19,815 [DEBUG] sending: Timestamp:        0.000000    ID:      706    S Rx     F BS       DL:  8    02 10 03 00 00 00 00 00
2026-07-29 14:45:19,836 [INFO] PC_ID-024 - Received: 5003003201F4
2026-07-29 14:45:19,838 [DEBUG] Rx: <70E> (08) [p]	 065003003201f4aa
2026-07-29 14:45:19,838 [WARNING] PC_ID-024 - Start Extended session -> FAIL - Unexpected response
2026-07-29 14:45:19,840 [DEBUG] Stopping CanStack
2026-07-29 14:45:19,842 [DEBUG] Main thread is exiting
2026-07-29 14:45:19,887 [DEBUG] CanStack Stopped
2026-07-29 14:45:19,888 [INFO] Connection closed
2026-07-29 14:45:19,889 [INFO] Running Test Case: TC_ID-767
2026-07-29 14:45:19,890 [DEBUG] Starting CanStack
2026-07-29 14:45:19,893 [DEBUG] Main thread has started
2026-07-29 14:45:19,895 [DEBUG] Relay thread has started
2026-07-29 14:45:19,896 [INFO] Connection opened
2026-07-29 14:45:19,897 [INFO] Switched to physical mode for TC: TC_ID-767 Step: PreCondition: PC_ID-024  Testcase:RX_SWIN_F1_EF_Read(Defaultsession)
2026-07-29 14:45:19,899 [INFO] TC_ID-767 - PreCondition: PC_ID-024  Testcase:RX_SWIN_F1_EF_Read(Defaultsession): SID=0x22, Sub=0xF1EF, Expected=[16, 43, 98, 241, 239, 7, 6, 11, 82, 49, 48, 32, 66, 74, 49, 47, 49, 47, 48, 12, 82, 49, 53, 53, 32, 66, 74, 49, 47, 49, 47, 48, 12, 82, 49, 53, 54, 32, 66, 74, 49, 47, 49, 47, 48, 170, 170, 170, 170, 170]
2026-07-29 14:45:19,992 [INFO] TC_ID-767 - PreCondition: PC_ID-024  Testcase:RX_SWIN_F1_EF_Read(Defaultsession): Sending request 22F1EF
2026-07-29 14:45:19,993 [INFO] TC_ID-767 - PreCondition: PC_ID-024  Testcase:RX_SWIN_F1_EF_Read(Defaultsession): Sending request 22F1EF
2026-07-29 14:45:19,994 [DEBUG] Sending 3 bytes : [22f1ef]
2026-07-29 14:45:19,995 [DEBUG] Enqueuing a SendRequest for 3 bytes and TAT=Physical
2026-07-29 14:45:19,998 [DEBUG] Tx: <706> (08) [ ]	 0322f1ef00000000
2026-07-29 14:45:19,999 [DEBUG] We've been asked to write a message to the bus
2026-07-29 14:45:20,000 [DEBUG] sending: Timestamp:        0.000000    ID:      706    S Rx     F BS       DL:  8    03 22 f1 ef 00 00 00 00
2026-07-29 14:45:20,027 [DEBUG] Rx: <70E> (08) [p]	 102b62f1ef07060b
2026-07-29 14:45:20,030 [DEBUG] Tx: <706> (08) [ ]	 30080a0000000000
2026-07-29 14:45:20,033 [DEBUG] We've been asked to write a message to the bus
2026-07-29 14:45:20,034 [DEBUG] sending: Timestamp:        0.000000    ID:      706    S Rx     F BS       DL:  8    30 08 0a 00 00 00 00 00
2026-07-29 14:45:20,036 [DEBUG] TxState=IDLE - RxState=WAIT_CF
2026-07-29 14:45:20,042 [DEBUG] Rx: <70E> (08) [p]	 2152313020424a31
2026-07-29 14:45:20,057 [DEBUG] Rx: <70E> (08) [p]	 222f312f300c5231
2026-07-29 14:45:20,057 [WARNING] TC_ID-767 - No response received
2026-07-29 14:45:20,059 [DEBUG] Stopping CanStack
2026-07-29 14:45:20,059 [DEBUG] Main thread is exiting
2026-07-29 14:45:20,073 [DEBUG] CanStack Stopped
2026-07-29 14:45:20,074 [INFO] Connection closed
2026-07-29 14:45:20,076 [INFO] Running Test Case: TC_ID-768
2026-07-29 14:45:20,076 [DEBUG] Starting CanStack
2026-07-29 14:45:20,078 [DEBUG] Main thread has started
2026-07-29 14:45:20,079 [DEBUG] Relay thread has started
2026-07-29 14:45:20,081 [INFO] Connection opened
2026-07-29 14:45:20,084 [INFO] Switched to physical mode for TC: TC_ID-768 Step: PreCondition: PC_ID-024  Testcase:Vehicle_Manufacturer_Spare_Part_Number_F1_87_Read(Defaultsession)
2026-07-29 14:45:20,088 [INFO] TC_ID-768 - PreCondition: PC_ID-024  Testcase:Vehicle_Manufacturer_Spare_Part_Number_F1_87_Read(Defaultsession): SID=0x22, Sub=0xF187, Expected=[16, 13, 98, 241, 135, 56, 56, 53, 52, 48, 71, 74, 48, 48, 48, 170, 170]
2026-07-29 14:45:20,089 [DEBUG] Rx: <70E> (08) [p]	 24312f300c523135
2026-07-29 14:45:20,156 [WARNING] Received a ConsecutiveFrame while reception was idle. Ignoring
2026-07-29 14:45:20,158 [DEBUG] Rx: <70E> (08) [p]	 253620424a312f31
2026-07-29 14:45:20,166 [WARNING] Received a ConsecutiveFrame while reception was idle. Ignoring
2026-07-29 14:45:20,179 [DEBUG] Rx: <70E> (08) [p]	 262f30aaaaaaaaaa
2026-07-29 14:45:20,184 [WARNING] Received a ConsecutiveFrame while reception was idle. Ignoring
2026-07-29 14:45:20,216 [INFO] TC_ID-768 - PreCondition: PC_ID-024  Testcase:Vehicle_Manufacturer_Spare_Part_Number_F1_87_Read(Defaultsession): Sending request 22F187
2026-07-29 14:45:20,218 [INFO] TC_ID-768 - PreCondition: PC_ID-024  Testcase:Vehicle_Manufacturer_Spare_Part_Number_F1_87_Read(Defaultsession): Sending request 22F187
2026-07-29 14:45:20,221 [DEBUG] Sending 3 bytes : [22f187]
2026-07-29 14:45:20,222 [DEBUG] Enqueuing a SendRequest for 3 bytes and TAT=Physical
2026-07-29 14:45:20,224 [DEBUG] Tx: <706> (08) [ ]	 0322f18700000000
2026-07-29 14:45:20,225 [DEBUG] We've been asked to write a message to the bus
2026-07-29 14:45:20,226 [DEBUG] sending: Timestamp:        0.000000    ID:      706    S Rx     F BS       DL:  8    03 22 f1 87 00 00 00 00
2026-07-29 14:45:20,228 [DEBUG] TxState=IDLE - RxState=IDLE
2026-07-29 14:45:20,246 [DEBUG] We've been asked to write a message to the bus
2026-07-29 14:45:20,249 [DEBUG] sending: Timestamp:        0.000000    ID:      706    S Rx     F BS       DL:  8    30 08 0a 00 00 00 00 00
2026-07-29 14:45:20,249 [DEBUG] Rx: <70E> (08) [p]	 100d62f187383835
2026-07-29 14:45:20,251 [DEBUG] Tx: <706> (08) [ ]	 30080a0000000000
2026-07-29 14:45:20,253 [DEBUG] We've been asked to write a message to the bus
2026-07-29 14:45:20,254 [DEBUG] sending: Timestamp:        0.000000    ID:      706    S Rx     F BS       DL:  8    30 08 0a 00 00 00 00 00
2026-07-29 14:45:20,255 [DEBUG] TxState=IDLE - RxState=WAIT_CF
2026-07-29 14:45:20,259 [DEBUG] Rx: <70E> (08) [p]	 213430474a303030
2026-07-29 14:45:20,308 [INFO] TC_ID-768 - Received: 62F1873838353430474A303030
2026-07-29 14:45:20,309 [WARNING] TC_ID-768 - PreCondition: PC_ID-024  Testcase:Vehicle_Manufacturer_Spare_Part_Number_F1_87_Read(Defaultsession) -> ❌ FAIL - Expected 100D62F1873838353430474A303030AAAA
2026-07-29 14:45:20,310 [DEBUG] Stopping CanStack
2026-07-29 14:45:20,311 [DEBUG] TxState=IDLE - RxState=IDLE
2026-07-29 14:45:20,312 [DEBUG] Main thread is exiting
2026-07-29 14:45:20,358 [DEBUG] CanStack Stopped
2026-07-29 14:45:20,359 [INFO] Connection closed
2026-07-29 14:45:20,359 [INFO] Running Test Case: TC_ID-769
2026-07-29 14:45:20,360 [DEBUG] Starting CanStack
2026-07-29 14:45:20,361 [DEBUG] Main thread has started
2026-07-29 14:45:20,362 [DEBUG] Relay thread has started
2026-07-29 14:45:20,364 [INFO] Connection opened
2026-07-29 14:45:20,365 [INFO] Switched to physical mode for TC: TC_ID-769 Step: PreCondition: PC_ID-024  Testcase:Verify incorrect msg length NRC for Part number information (22 F1 87 01)
2026-07-29 14:45:20,365 [INFO] TC_ID-769 - PreCondition: PC_ID-024  Testcase:Verify incorrect msg length NRC for Part number information (22 F1 87 01): SID=0x22, Sub=0xF18701, Expected=[3, 127, 34, 19, 170, 170, 170, 170]
2026-07-29 14:45:20,474 [INFO] TC_ID-769 - PreCondition: PC_ID-024  Testcase:Verify incorrect msg length NRC for Part number information (22 F1 87 01): Sending request 22F18701
2026-07-29 14:45:20,475 [INFO] TC_ID-769 - PreCondition: PC_ID-024  Testcase:Verify incorrect msg length NRC for Part number information (22 F1 87 01): Sending request 22F18701
2026-07-29 14:45:20,476 [DEBUG] Sending 4 bytes : [22f18701]
2026-07-29 14:45:20,476 [DEBUG] Enqueuing a SendRequest for 4 bytes and TAT=Physical
2026-07-29 14:45:20,477 [DEBUG] Tx: <706> (08) [ ]	 0422f18701000000
2026-07-29 14:45:20,478 [DEBUG] We've been asked to write a message to the bus
2026-07-29 14:45:20,479 [DEBUG] sending: Timestamp:        0.000000    ID:      706    S Rx     F BS       DL:  8    04 22 f1 87 01 00 00 00
2026-07-29 14:45:20,511 [DEBUG] Rx: <70E> (08) [p]	 037f2213aaaaaaaa
2026-07-29 14:45:20,562 [INFO] TC_ID-769 - Received: 7F2213
2026-07-29 14:45:20,565 [WARNING] TC_ID-769 - PreCondition: PC_ID-024  Testcase:Verify incorrect msg length NRC for Part number information (22 F1 87 01) -> ❌ FAIL - Expected 037F2213AAAAAAAA
2026-07-29 14:45:20,566 [DEBUG] Stopping CanStack
2026-07-29 14:45:20,567 [DEBUG] Main thread is exiting
2026-07-29 14:45:20,611 [DEBUG] CanStack Stopped
2026-07-29 14:45:20,615 [INFO] Connection closed
2026-07-29 14:45:20,617 [INFO] Running Test Case: TC_ID-770
2026-07-29 14:45:20,618 [DEBUG] Starting CanStack
2026-07-29 14:45:20,620 [DEBUG] Main thread has started
2026-07-29 14:45:20,621 [DEBUG] Relay thread has started
2026-07-29 14:45:20,623 [INFO] Connection opened
2026-07-29 14:45:20,623 [INFO] Switched to physical mode for TC: TC_ID-770 Step: PreCondition: PC_ID-024  Testcase:Manufacturing_F1_8B_Read(Defaultsession)
2026-07-29 14:45:20,624 [INFO] TC_ID-770 - PreCondition: PC_ID-024  Testcase:Manufacturing_F1_8B_Read(Defaultsession): SID=0x22, Sub=0xF18B, Expected=[7, 98, 241, 139, 32, 37, 16, 21]
2026-07-29 14:45:20,720 [INFO] TC_ID-770 - PreCondition: PC_ID-024  Testcase:Manufacturing_F1_8B_Read(Defaultsession): Sending request 22F18B
2026-07-29 14:45:20,721 [INFO] TC_ID-770 - PreCondition: PC_ID-024  Testcase:Manufacturing_F1_8B_Read(Defaultsession): Sending request 22F18B
2026-07-29 14:45:20,722 [DEBUG] Sending 3 bytes : [22f18b]
2026-07-29 14:45:20,723 [DEBUG] Enqueuing a SendRequest for 3 bytes and TAT=Physical
2026-07-29 14:45:20,724 [DEBUG] Tx: <706> (08) [ ]	 0322f18b00000000
2026-07-29 14:45:20,725 [DEBUG] We've been asked to write a message to the bus
2026-07-29 14:45:20,725 [DEBUG] sending: Timestamp:        0.000000    ID:      706    S Rx     F BS       DL:  8    03 22 f1 8b 00 00 00 00
2026-07-29 14:45:20,747 [DEBUG] Rx: <70E> (08) [p]	 0762f18b20251015
2026-07-29 14:45:20,796 [INFO] TC_ID-770 - Received: 62F18B20251015
2026-07-29 14:45:20,798 [WARNING] TC_ID-770 - PreCondition: PC_ID-024  Testcase:Manufacturing_F1_8B_Read(Defaultsession) -> ❌ FAIL - Expected 0762F18B20251015
2026-07-29 14:45:20,800 [DEBUG] Stopping CanStack
2026-07-29 14:45:20,801 [DEBUG] Main thread is exiting
2026-07-29 14:45:20,848 [DEBUG] CanStack Stopped
2026-07-29 14:45:20,849 [INFO] Connection closed
2026-07-29 14:45:20,850 [INFO] Running Test Case: TC_ID-771
2026-07-29 14:45:20,851 [DEBUG] Starting CanStack
2026-07-29 14:45:20,853 [DEBUG] Main thread has started
2026-07-29 14:45:20,855 [DEBUG] Relay thread has started
2026-07-29 14:45:20,857 [INFO] Connection opened
2026-07-29 14:45:20,859 [INFO] Switched to physical mode for TC: TC_ID-771 Step: PreCondition: PC_ID-024  Testcase:ECU_Serial_Number_F1_8C_Read(Extended session)
2026-07-29 14:45:20,860 [INFO] TC_ID-771 - PreCondition: PC_ID-024  Testcase:ECU_Serial_Number_F1_8C_Read(Extended session): SID=0x22, Sub=0xF18C, Expected=[16, 13, 98, 241, 140, 48, 48, 48, 48, 48, 48, 48, 48, 53, 48, 170, 170]
2026-07-29 14:45:20,959 [INFO] TC_ID-771 - PreCondition: PC_ID-024  Testcase:ECU_Serial_Number_F1_8C_Read(Extended session): Sending request 22F18C
2026-07-29 14:45:20,960 [INFO] TC_ID-771 - PreCondition: PC_ID-024  Testcase:ECU_Serial_Number_F1_8C_Read(Extended session): Sending request 22F18C
2026-07-29 14:45:20,960 [DEBUG] Sending 3 bytes : [22f18c]
2026-07-29 14:45:20,961 [DEBUG] Enqueuing a SendRequest for 3 bytes and TAT=Physical
2026-07-29 14:45:20,962 [DEBUG] Tx: <706> (08) [ ]	 0322f18c00000000
2026-07-29 14:45:20,963 [DEBUG] We've been asked to write a message to the bus
2026-07-29 14:45:20,963 [DEBUG] sending: Timestamp:        0.000000    ID:      706    S Rx     F BS       DL:  8    03 22 f1 8c 00 00 00 00
2026-07-29 14:45:20,985 [DEBUG] We've been asked to write a message to the bus
2026-07-29 14:45:20,987 [DEBUG] sending: Timestamp:        0.000000    ID:      706    S Rx     F BS       DL:  8    30 08 0a 00 00 00 00 00
2026-07-29 14:45:20,988 [DEBUG] Rx: <70E> (08) [p]	 100d62f18c303030
2026-07-29 14:45:20,989 [DEBUG] Tx: <706> (08) [ ]	 30080a0000000000
2026-07-29 14:45:20,992 [DEBUG] We've been asked to write a message to the bus
2026-07-29 14:45:20,994 [DEBUG] sending: Timestamp:        0.000000    ID:      706    S Rx     F BS       DL:  8    30 08 0a 00 00 00 00 00
2026-07-29 14:45:20,995 [DEBUG] TxState=IDLE - RxState=WAIT_CF
2026-07-29 14:45:20,997 [DEBUG] Rx: <70E> (08) [p]	 2130303030303530
2026-07-29 14:45:21,042 [INFO] TC_ID-771 - Received: 62F18C30303030303030303530
2026-07-29 14:45:21,043 [WARNING] TC_ID-771 - PreCondition: PC_ID-024  Testcase:ECU_Serial_Number_F1_8C_Read(Extended session) -> ❌ FAIL - Expected 100D62F18C30303030303030303530AAAA
2026-07-29 14:45:21,045 [DEBUG] Stopping CanStack
2026-07-29 14:45:21,047 [DEBUG] TxState=IDLE - RxState=IDLE
2026-07-29 14:45:21,048 [DEBUG] Main thread is exiting
2026-07-29 14:45:21,096 [DEBUG] CanStack Stopped
2026-07-29 14:45:21,097 [INFO] Connection closed
2026-07-29 14:45:21,099 [INFO] Running Test Case: TC_ID-772
2026-07-29 14:45:21,100 [DEBUG] Starting CanStack
2026-07-29 14:45:21,102 [DEBUG] Main thread has started
2026-07-29 14:45:21,103 [DEBUG] Relay thread has started
2026-07-29 14:45:21,104 [INFO] Connection opened
2026-07-29 14:45:21,105 [INFO] Switched to physical mode for TC: TC_ID-772 Step: PreCondition: PC_ID-024  Testcase:Verify incorrect msg length NRC for ECU Serial no. (22 F1 8C 01)
2026-07-29 14:45:21,106 [INFO] TC_ID-772 - PreCondition: PC_ID-024  Testcase:Verify incorrect msg length NRC for ECU Serial no. (22 F1 8C 01): SID=0x22, Sub=0xF18C01, Expected=[3, 127, 34, 19, 170, 170, 170, 170]
2026-07-29 14:45:21,205 [INFO] TC_ID-772 - PreCondition: PC_ID-024  Testcase:Verify incorrect msg length NRC for ECU Serial no. (22 F1 8C 01): Sending request 22F18C01
2026-07-29 14:45:21,206 [INFO] TC_ID-772 - PreCondition: PC_ID-024  Testcase:Verify incorrect msg length NRC for ECU Serial no. (22 F1 8C 01): Sending request 22F18C01
2026-07-29 14:45:21,208 [DEBUG] Sending 4 bytes : [22f18c01]
2026-07-29 14:45:21,209 [DEBUG] Enqueuing a SendRequest for 4 bytes and TAT=Physical
2026-07-29 14:45:21,210 [DEBUG] Tx: <706> (08) [ ]	 0422f18c01000000
2026-07-29 14:45:21,211 [DEBUG] We've been asked to write a message to the bus
2026-07-29 14:45:21,212 [DEBUG] sending: Timestamp:        0.000000    ID:      706    S Rx     F BS       DL:  8    04 22 f1 8c 01 00 00 00
2026-07-29 14:45:21,238 [DEBUG] Rx: <70E> (08) [p]	 037f2213aaaaaaaa
2026-07-29 14:45:21,290 [INFO] TC_ID-772 - Received: 7F2213
2026-07-29 14:45:21,295 [WARNING] TC_ID-772 - PreCondition: PC_ID-024  Testcase:Verify incorrect msg length NRC for ECU Serial no. (22 F1 8C 01) -> ❌ FAIL - Expected 037F2213AAAAAAAA
2026-07-29 14:45:21,299 [DEBUG] Stopping CanStack
2026-07-29 14:45:21,303 [DEBUG] Main thread is exiting
2026-07-29 14:45:21,338 [DEBUG] CanStack Stopped
2026-07-29 14:45:21,340 [INFO] Connection closed
2026-07-29 14:45:21,341 [INFO] Running Test Case: TC_ID-773
2026-07-29 14:45:21,342 [DEBUG] Starting CanStack
2026-07-29 14:45:21,349 [DEBUG] Main thread has started
2026-07-29 14:45:21,354 [DEBUG] Relay thread has started
2026-07-29 14:45:21,358 [INFO] Connection opened
2026-07-29 14:45:21,358 [INFO] Switched to physical mode for TC: TC_ID-773 Step: PreCondition: PC_ID-024  Testcase:Vehicle_Manufacturer_ECU_HW_Number_F1_91_Read(Defaultsession)
2026-07-29 14:45:21,359 [INFO] TC_ID-773 - PreCondition: PC_ID-024  Testcase:Vehicle_Manufacturer_ECU_HW_Number_F1_91_Read(Defaultsession): SID=0x22, Sub=0xF191, Expected=[16, 8, 98, 241, 145, 67, 46, 48, 48, 170, 170, 170, 170, 170]
2026-07-29 14:45:21,456 [INFO] TC_ID-773 - PreCondition: PC_ID-024  Testcase:Vehicle_Manufacturer_ECU_HW_Number_F1_91_Read(Defaultsession): Sending request 22F191
2026-07-29 14:45:21,457 [INFO] TC_ID-773 - PreCondition: PC_ID-024  Testcase:Vehicle_Manufacturer_ECU_HW_Number_F1_91_Read(Defaultsession): Sending request 22F191
2026-07-29 14:45:21,458 [DEBUG] Sending 3 bytes : [22f191]
2026-07-29 14:45:21,459 [DEBUG] Enqueuing a SendRequest for 3 bytes and TAT=Physical
2026-07-29 14:45:21,460 [DEBUG] Tx: <706> (08) [ ]	 0322f19100000000
2026-07-29 14:45:21,461 [DEBUG] We've been asked to write a message to the bus
2026-07-29 14:45:21,462 [DEBUG] sending: Timestamp:        0.000000    ID:      706    S Rx     F BS       DL:  8    03 22 f1 91 00 00 00 00
2026-07-29 14:45:21,491 [INFO] TC_ID-773 PreCondition: PC_ID-024  Testcase:Vehicle_Manufacturer_ECU_HW_Number_F1_91_Read(Defaultsession) -> Response shorter than expected (7/8). Waiting for remaining payload.
2026-07-29 14:45:21,494 [DEBUG] Rx: <70E> (08) [p]	 0762f191432e3030
2026-07-29 14:45:21,495 [DEBUG] Received 7 bytes : [62f191432e3030]
2026-07-29 14:45:21,547 [INFO] TC_ID-773 - Received: 62F191432E303062
2026-07-29 14:45:21,548 [WARNING] TC_ID-773 - PreCondition: PC_ID-024  Testcase:Vehicle_Manufacturer_ECU_HW_Number_F1_91_Read(Defaultsession) -> ❌ FAIL - Expected 100862F191432E3030AAAAAAAAAA
2026-07-29 14:45:21,549 [DEBUG] Stopping CanStack
2026-07-29 14:45:21,550 [DEBUG] Main thread is exiting
2026-07-29 14:45:21,590 [DEBUG] CanStack Stopped
2026-07-29 14:45:21,591 [INFO] Connection closed
2026-07-29 14:45:21,591 [INFO] Running Test Case: TC_ID-774
2026-07-29 14:45:21,593 [DEBUG] Starting CanStack
2026-07-29 14:45:21,597 [DEBUG] Main thread has started
2026-07-29 14:45:21,598 [DEBUG] Relay thread has started
2026-07-29 14:45:21,600 [INFO] Connection opened
2026-07-29 14:45:21,601 [INFO] Switched to physical mode for TC: TC_ID-774 Step: PreCondition: PC_ID-024  Testcase:HardwareVersionNumber_F1_93_Read(Defaultsession)
2026-07-29 14:45:21,601 [INFO] TC_ID-774 - PreCondition: PC_ID-024  Testcase:HardwareVersionNumber_F1_93_Read(Defaultsession): SID=0x22, Sub=0xF193, Expected=[16, 8, 98, 241, 147, 67, 46, 48, 48, 170, 170, 170, 170, 170]
2026-07-29 14:45:21,716 [INFO] TC_ID-774 - PreCondition: PC_ID-024  Testcase:HardwareVersionNumber_F1_93_Read(Defaultsession): Sending request 22F193
2026-07-29 14:45:21,717 [INFO] TC_ID-774 - PreCondition: PC_ID-024  Testcase:HardwareVersionNumber_F1_93_Read(Defaultsession): Sending request 22F193
2026-07-29 14:45:21,718 [DEBUG] Sending 3 bytes : [22f193]
2026-07-29 14:45:21,719 [DEBUG] Enqueuing a SendRequest for 3 bytes and TAT=Physical
2026-07-29 14:45:21,720 [DEBUG] Tx: <706> (08) [ ]	 0322f19300000000
2026-07-29 14:45:21,720 [DEBUG] We've been asked to write a message to the bus
2026-07-29 14:45:21,721 [DEBUG] sending: Timestamp:        0.000000    ID:      706    S Rx     F BS       DL:  8    03 22 f1 93 00 00 00 00
2026-07-29 14:45:21,750 [INFO] TC_ID-774 PreCondition: PC_ID-024  Testcase:HardwareVersionNumber_F1_93_Read(Defaultsession) -> Response shorter than expected (7/8). Waiting for remaining payload.
2026-07-29 14:45:21,754 [DEBUG] Rx: <70E> (08) [p]	 0762f193432e3030
2026-07-29 14:45:21,755 [DEBUG] Received 7 bytes : [62f193432e3030]
2026-07-29 14:45:21,806 [INFO] TC_ID-774 - Received: 62F193432E303062
2026-07-29 14:45:21,807 [WARNING] TC_ID-774 - PreCondition: PC_ID-024  Testcase:HardwareVersionNumber_F1_93_Read(Defaultsession) -> ❌ FAIL - Expected 100862F193432E3030AAAAAAAAAA
2026-07-29 14:45:21,808 [DEBUG] Stopping CanStack
2026-07-29 14:45:21,808 [DEBUG] Main thread is exiting
2026-07-29 14:45:21,855 [DEBUG] CanStack Stopped
2026-07-29 14:45:21,856 [INFO] Connection closed
2026-07-29 14:45:21,856 [INFO] Running Test Case: TC_ID-775
2026-07-29 14:45:21,857 [DEBUG] Starting CanStack
2026-07-29 14:45:21,858 [DEBUG] Main thread has started
2026-07-29 14:45:21,860 [DEBUG] Relay thread has started
2026-07-29 14:45:21,861 [INFO] Connection opened
2026-07-29 14:45:21,861 [INFO] Switched to physical mode for TC: TC_ID-775 Step: PreCondition: PC_ID-024  Testcase:Verify incorrect msg length NRC for System Supplier ECU H/W version information (22 F1 93 01)
2026-07-29 14:45:21,862 [INFO] TC_ID-775 - PreCondition: PC_ID-024  Testcase:Verify incorrect msg length NRC for System Supplier ECU H/W version information (22 F1 93 01): SID=0x22, Sub=0xF19301, Expected=[3, 127, 34, 19, 170, 170, 170, 170]
2026-07-29 14:45:21,964 [INFO] TC_ID-775 - PreCondition: PC_ID-024  Testcase:Verify incorrect msg length NRC for System Supplier ECU H/W version information (22 F1 93 01): Sending request 22F19301
2026-07-29 14:45:21,965 [INFO] TC_ID-775 - PreCondition: PC_ID-024  Testcase:Verify incorrect msg length NRC for System Supplier ECU H/W version information (22 F1 93 01): Sending request 22F19301
2026-07-29 14:45:21,966 [DEBUG] Sending 4 bytes : [22f19301]
2026-07-29 14:45:21,967 [DEBUG] Enqueuing a SendRequest for 4 bytes and TAT=Physical
2026-07-29 14:45:21,969 [DEBUG] Tx: <706> (08) [ ]	 0422f19301000000
2026-07-29 14:45:21,971 [DEBUG] We've been asked to write a message to the bus
2026-07-29 14:45:21,972 [DEBUG] sending: Timestamp:        0.000000    ID:      706    S Rx     F BS       DL:  8    04 22 f1 93 01 00 00 00
2026-07-29 14:45:21,998 [DEBUG] Rx: <70E> (08) [p]	 037f2213aaaaaaaa
2026-07-29 14:45:22,047 [INFO] TC_ID-775 - Received: 7F2213
2026-07-29 14:45:22,048 [WARNING] TC_ID-775 - PreCondition: PC_ID-024  Testcase:Verify incorrect msg length NRC for System Supplier ECU H/W version information (22 F1 93 01) -> ❌ FAIL - Expected 037F2213AAAAAAAA
2026-07-29 14:45:22,049 [DEBUG] Stopping CanStack
2026-07-29 14:45:22,051 [DEBUG] Main thread is exiting
2026-07-29 14:45:22,099 [DEBUG] CanStack Stopped
2026-07-29 14:45:22,100 [INFO] Connection closed
2026-07-29 14:45:22,101 [INFO] Running Test Case: TC_ID-776
2026-07-29 14:45:22,101 [DEBUG] Starting CanStack
2026-07-29 14:45:22,103 [DEBUG] Main thread has started
2026-07-29 14:45:22,104 [DEBUG] Relay thread has started
2026-07-29 14:45:22,105 [INFO] Connection opened
2026-07-29 14:45:22,105 [INFO] Switched to physical mode for TC: TC_ID-776 Step: PreCondition: PC_ID-024  Testcase:ECUSoftwareUnit1IVDDataIdentifier_F1_C1_Read(Extended )
2026-07-29 14:45:22,106 [INFO] TC_ID-776 - PreCondition: PC_ID-024  Testcase:ECUSoftwareUnit1IVDDataIdentifier_F1_C1_Read(Extended ): SID=0x22, Sub=0xF1C1, Expected=[16, 35, 98, 241, 193, 89, 132, 149, 115, 208, 147, 255, 45, 174, 165, 181, 19, 158, 8, 114, 225, 168, 238, 34, 156, 199, 240, 147, 54, 118, 206, 209, 76, 62, 181, 253, 217, 170, 170, 170, 170, 170, 170]
2026-07-29 14:45:22,193 [INFO] TC_ID-776 - PreCondition: PC_ID-024  Testcase:ECUSoftwareUnit1IVDDataIdentifier_F1_C1_Read(Extended ): Sending request 22F1C1
2026-07-29 14:45:22,193 [INFO] TC_ID-776 - PreCondition: PC_ID-024  Testcase:ECUSoftwareUnit1IVDDataIdentifier_F1_C1_Read(Extended ): Sending request 22F1C1
2026-07-29 14:45:22,194 [DEBUG] Sending 3 bytes : [22f1c1]
2026-07-29 14:45:22,195 [DEBUG] Enqueuing a SendRequest for 3 bytes and TAT=Physical
2026-07-29 14:45:22,196 [DEBUG] Tx: <706> (08) [ ]	 0322f1c100000000
2026-07-29 14:45:22,197 [DEBUG] We've been asked to write a message to the bus
2026-07-29 14:45:22,197 [DEBUG] sending: Timestamp:        0.000000    ID:      706    S Rx     F BS       DL:  8    03 22 f1 c1 00 00 00 00
2026-07-29 14:45:22,218 [INFO] TC_ID-776 PreCondition: PC_ID-024  Testcase:ECUSoftwareUnit1IVDDataIdentifier_F1_C1_Read(Extended ) -> Response shorter than expected (3/35). Waiting for remaining payload.
2026-07-29 14:45:22,222 [DEBUG] Rx: <70E> (08) [p]	 037f2222aaaaaaaa
2026-07-29 14:45:22,229 [DEBUG] Received 3 bytes : [7f2222]
2026-07-29 14:45:27,230 [DEBUG] No data received: [TimeoutException] - Did not receive IsoTP frame from the Transport layer in time (timeout=5.0 sec) 
2026-07-29 14:45:27,231 [WARNING] TC_ID-776 PreCondition: PC_ID-024  Testcase:ECUSoftwareUnit1IVDDataIdentifier_F1_C1_Read(Extended ) -> Timed out while extending response (6/35)
2026-07-29 14:45:27,282 [INFO] TC_ID-776 - Received: 7F22227F2222
2026-07-29 14:45:27,283 [WARNING] TC_ID-776 - PreCondition: PC_ID-024  Testcase:ECUSoftwareUnit1IVDDataIdentifier_F1_C1_Read(Extended ) -> ❌ FAIL - Expected 102362F1C159849573D093FF2DAEA5B5139E0872E1A8EE229CC7F0933676CED14C3EB5FDD9AAAAAAAAAAAA
2026-07-29 14:45:27,283 [DEBUG] Stopping CanStack
2026-07-29 14:45:27,284 [DEBUG] Main thread is exiting
2026-07-29 14:45:27,296 [DEBUG] CanStack Stopped
2026-07-29 14:45:27,297 [INFO] Connection closed
2026-07-29 14:45:27,297 [INFO] Running Test Case: TC_ID-777
2026-07-29 14:45:27,298 [DEBUG] Starting CanStack
2026-07-29 14:45:27,299 [DEBUG] Main thread has started
2026-07-29 14:45:27,301 [DEBUG] Relay thread has started
2026-07-29 14:45:27,302 [INFO] Connection opened
2026-07-29 14:45:27,303 [INFO] Switched to physical mode for TC: TC_ID-777 Step: PreCondition: PC_ID-024  Testcase:Verify incorrect msg length NRC for ECU S/W Unit 1 IVD Response (22 F1 C1 01)
2026-07-29 14:45:27,303 [INFO] TC_ID-777 - PreCondition: PC_ID-024  Testcase:Verify incorrect msg length NRC for ECU S/W Unit 1 IVD Response (22 F1 C1 01): SID=0x22, Sub=0xF1C101, Expected=[3, 127, 34, 19, 170, 170, 170, 170]
2026-07-29 14:45:27,400 [INFO] TC_ID-777 - PreCondition: PC_ID-024  Testcase:Verify incorrect msg length NRC for ECU S/W Unit 1 IVD Response (22 F1 C1 01): Sending request 22F1C101
2026-07-29 14:45:27,400 [INFO] TC_ID-777 - PreCondition: PC_ID-024  Testcase:Verify incorrect msg length NRC for ECU S/W Unit 1 IVD Response (22 F1 C1 01): Sending request 22F1C101
2026-07-29 14:45:27,401 [DEBUG] Sending 4 bytes : [22f1c101]
2026-07-29 14:45:27,403 [DEBUG] Enqueuing a SendRequest for 4 bytes and TAT=Physical
2026-07-29 14:45:27,405 [DEBUG] Tx: <706> (08) [ ]	 0422f1c101000000
2026-07-29 14:45:27,407 [DEBUG] We've been asked to write a message to the bus
2026-07-29 14:45:27,408 [DEBUG] sending: Timestamp:        0.000000    ID:      706    S Rx     F BS       DL:  8    04 22 f1 c1 01 00 00 00
2026-07-29 14:45:27,438 [DEBUG] Rx: <70E> (08) [p]	 037f2213aaaaaaaa
2026-07-29 14:45:27,488 [INFO] TC_ID-777 - Received: 7F2213
2026-07-29 14:45:27,489 [WARNING] TC_ID-777 - PreCondition: PC_ID-024  Testcase:Verify incorrect msg length NRC for ECU S/W Unit 1 IVD Response (22 F1 C1 01) -> ❌ FAIL - Expected 037F2213AAAAAAAA
2026-07-29 14:45:27,490 [DEBUG] Stopping CanStack
2026-07-29 14:45:27,491 [DEBUG] Main thread is exiting
2026-07-29 14:45:27,539 [DEBUG] CanStack Stopped
2026-07-29 14:45:27,540 [INFO] Connection closed
2026-07-29 14:45:27,541 [INFO] Running Test Case: TC_ID-778
2026-07-29 14:45:27,541 [DEBUG] Starting CanStack
2026-07-29 14:45:27,542 [DEBUG] Main thread has started
2026-07-29 14:45:27,543 [DEBUG] Relay thread has started
2026-07-29 14:45:27,544 [INFO] Connection opened
2026-07-29 14:45:27,545 [INFO] Switched to physical mode for TC: TC_ID-778 Step: PreCondition: PC_ID-024  Testcase:ECU_Supplier_Code_F1_A1_Read(Defaultsession)
2026-07-29 14:45:27,545 [INFO] TC_ID-778 - PreCondition: PC_ID-024  Testcase:ECU_Supplier_Code_F1_A1_Read(Defaultsession): SID=0x22, Sub=0xF1A1, Expected=[7, 98, 241, 161, 83, 49, 49, 48]
2026-07-29 14:45:27,628 [INFO] TC_ID-778 - PreCondition: PC_ID-024  Testcase:ECU_Supplier_Code_F1_A1_Read(Defaultsession): Sending request 22F1A1
2026-07-29 14:45:27,629 [INFO] TC_ID-778 - PreCondition: PC_ID-024  Testcase:ECU_Supplier_Code_F1_A1_Read(Defaultsession): Sending request 22F1A1
2026-07-29 14:45:27,630 [DEBUG] Sending 3 bytes : [22f1a1]
2026-07-29 14:45:27,631 [DEBUG] Enqueuing a SendRequest for 3 bytes and TAT=Physical
2026-07-29 14:45:27,633 [DEBUG] Tx: <706> (08) [ ]	 0322f1a100000000
2026-07-29 14:45:27,635 [DEBUG] We've been asked to write a message to the bus
2026-07-29 14:45:27,636 [DEBUG] sending: Timestamp:        0.000000    ID:      706    S Rx     F BS       DL:  8    03 22 f1 a1 00 00 00 00
2026-07-29 14:45:27,661 [DEBUG] Rx: <70E> (08) [p]	 0762f1a153313130
2026-07-29 14:45:27,713 [INFO] TC_ID-778 - Received: 62F1A153313130
2026-07-29 14:45:27,714 [WARNING] TC_ID-778 - PreCondition: PC_ID-024  Testcase:ECU_Supplier_Code_F1_A1_Read(Defaultsession) -> ❌ FAIL - Expected 0762F1A153313130
2026-07-29 14:45:27,715 [DEBUG] Stopping CanStack
2026-07-29 14:45:27,716 [DEBUG] Main thread is exiting
2026-07-29 14:45:27,762 [DEBUG] CanStack Stopped
2026-07-29 14:45:27,763 [INFO] Connection closed
2026-07-29 14:45:27,763 [INFO] Running Test Case: TC_ID-779
2026-07-29 14:45:27,764 [DEBUG] Starting CanStack
2026-07-29 14:45:27,765 [DEBUG] Main thread has started
2026-07-29 14:45:27,766 [DEBUG] Relay thread has started
2026-07-29 14:45:27,767 [INFO] Connection opened
2026-07-29 14:45:27,768 [INFO] Switched to physical mode for TC: TC_ID-779 Step: PreCondition: PC_ID-024  Testcase:ECU_Software_UNIT_number_F1_B0_Read(Defaultsession)
2026-07-29 14:45:27,768 [INFO] TC_ID-779 - PreCondition: PC_ID-024  Testcase:ECU_Software_UNIT_number_F1_B0_Read(Defaultsession): SID=0x22, Sub=0xF1B0, Expected=[4, 98, 241, 176, 1, 170, 170, 170]
2026-07-29 14:45:27,877 [INFO] TC_ID-779 - PreCondition: PC_ID-024  Testcase:ECU_Software_UNIT_number_F1_B0_Read(Defaultsession): Sending request 22F1B0
2026-07-29 14:45:27,878 [INFO] TC_ID-779 - PreCondition: PC_ID-024  Testcase:ECU_Software_UNIT_number_F1_B0_Read(Defaultsession): Sending request 22F1B0
2026-07-29 14:45:27,879 [DEBUG] Sending 3 bytes : [22f1b0]
2026-07-29 14:45:27,881 [DEBUG] Enqueuing a SendRequest for 3 bytes and TAT=Physical
2026-07-29 14:45:27,884 [DEBUG] Tx: <706> (08) [ ]	 0322f1b000000000
2026-07-29 14:45:27,885 [DEBUG] We've been asked to write a message to the bus
2026-07-29 14:45:27,886 [DEBUG] sending: Timestamp:        0.000000    ID:      706    S Rx     F BS       DL:  8    03 22 f1 b0 00 00 00 00
2026-07-29 14:45:27,909 [DEBUG] Rx: <70E> (08) [p]	 0462f1b001aaaaaa
2026-07-29 14:45:27,958 [INFO] TC_ID-779 - Received: 62F1B001
2026-07-29 14:45:27,959 [WARNING] TC_ID-779 - PreCondition: PC_ID-024  Testcase:ECU_Software_UNIT_number_F1_B0_Read(Defaultsession) -> ❌ FAIL - Expected 0462F1B001AAAAAA
2026-07-29 14:45:27,959 [DEBUG] Stopping CanStack
2026-07-29 14:45:27,960 [DEBUG] Main thread is exiting
2026-07-29 14:45:28,010 [DEBUG] CanStack Stopped
2026-07-29 14:45:28,011 [INFO] Connection closed
2026-07-29 14:45:28,011 [INFO] Running Test Case: TC_ID-780
2026-07-29 14:45:28,012 [DEBUG] Starting CanStack
2026-07-29 14:45:28,014 [DEBUG] Main thread has started
2026-07-29 14:45:28,014 [DEBUG] Relay thread has started
2026-07-29 14:45:28,016 [INFO] Connection opened
2026-07-29 14:45:28,016 [INFO] Switched to physical mode for TC: TC_ID-780 Step: PreCondition: PC_ID-024  Testcase:ECU_Software_UNIT1_Version_F1_B1_Read(Defaultsession)
2026-07-29 14:45:28,017 [INFO] TC_ID-780 - PreCondition: PC_ID-024  Testcase:ECU_Software_UNIT1_Version_F1_B1_Read(Defaultsession): SID=0x22, Sub=0xF1B1, Expected=[16, 8, 98, 241, 177, 50, 53, 65, 49, 48, 170, 170, 170, 170, 170, 170]
2026-07-29 14:45:28,103 [INFO] TC_ID-780 - PreCondition: PC_ID-024  Testcase:ECU_Software_UNIT1_Version_F1_B1_Read(Defaultsession): Sending request 22F1B1
2026-07-29 14:45:28,103 [INFO] TC_ID-780 - PreCondition: PC_ID-024  Testcase:ECU_Software_UNIT1_Version_F1_B1_Read(Defaultsession): Sending request 22F1B1
2026-07-29 14:45:28,104 [DEBUG] Sending 3 bytes : [22f1b1]
2026-07-29 14:45:28,105 [DEBUG] Enqueuing a SendRequest for 3 bytes and TAT=Physical
2026-07-29 14:45:28,107 [DEBUG] Tx: <706> (08) [ ]	 0322f1b100000000
2026-07-29 14:45:28,108 [DEBUG] We've been asked to write a message to the bus
2026-07-29 14:45:28,109 [DEBUG] sending: Timestamp:        0.000000    ID:      706    S Rx     F BS       DL:  8    03 22 f1 b1 00 00 00 00
2026-07-29 14:45:28,137 [DEBUG] We've been asked to write a message to the bus
2026-07-29 14:45:28,139 [DEBUG] sending: Timestamp:        0.000000    ID:      706    S Rx     F BS       DL:  8    30 08 0a 00 00 00 00 00
2026-07-29 14:45:28,141 [DEBUG] Rx: <70E> (08) [p]	 100862f1b1323541
2026-07-29 14:45:28,143 [DEBUG] Tx: <706> (08) [ ]	 30080a0000000000
2026-07-29 14:45:28,144 [DEBUG] We've been asked to write a message to the bus
2026-07-29 14:45:28,146 [DEBUG] sending: Timestamp:        0.000000    ID:      706    S Rx     F BS       DL:  8    30 08 0a 00 00 00 00 00
2026-07-29 14:45:28,148 [DEBUG] TxState=IDLE - RxState=WAIT_CF
2026-07-29 14:45:28,150 [DEBUG] Rx: <70E> (08) [p]	 213130aaaaaaaaaa
2026-07-29 14:45:28,197 [INFO] TC_ID-780 - Received: 62F1B13235413130
2026-07-29 14:45:28,198 [WARNING] TC_ID-780 - PreCondition: PC_ID-024  Testcase:ECU_Software_UNIT1_Version_F1_B1_Read(Defaultsession) -> ❌ FAIL - Expected 100862F1B13235413130AAAAAAAAAAAA
2026-07-29 14:45:28,199 [DEBUG] Stopping CanStack
2026-07-29 14:45:28,200 [DEBUG] TxState=IDLE - RxState=IDLE
2026-07-29 14:45:28,200 [DEBUG] Main thread is exiting
2026-07-29 14:45:28,248 [DEBUG] CanStack Stopped
2026-07-29 14:45:28,249 [INFO] Connection closed
2026-07-29 14:45:28,250 [INFO] Running Test Case: TC_ID-781
2026-07-29 14:45:28,251 [DEBUG] Starting CanStack
2026-07-29 14:45:28,252 [DEBUG] Main thread has started
2026-07-29 14:45:28,252 [DEBUG] Relay thread has started
2026-07-29 14:45:28,254 [INFO] Connection opened
2026-07-29 14:45:28,254 [INFO] Switched to physical mode for TC: TC_ID-781 Step: PreCondition: PC_ID-024  Testcase:Verify incorrect msg length NRC for ECU S/W Unit 1 version information (22 F1 B1 04)
2026-07-29 14:45:28,255 [INFO] TC_ID-781 - PreCondition: PC_ID-024  Testcase:Verify incorrect msg length NRC for ECU S/W Unit 1 version information (22 F1 B1 04): SID=0x22, Sub=0xF1B104, Expected=[3, 127, 34, 19, 170, 170, 170, 170]
2026-07-29 14:45:28,351 [INFO] TC_ID-781 - PreCondition: PC_ID-024  Testcase:Verify incorrect msg length NRC for ECU S/W Unit 1 version information (22 F1 B1 04): Sending request 22F1B104
2026-07-29 14:45:28,352 [INFO] TC_ID-781 - PreCondition: PC_ID-024  Testcase:Verify incorrect msg length NRC for ECU S/W Unit 1 version information (22 F1 B1 04): Sending request 22F1B104
2026-07-29 14:45:28,353 [DEBUG] Sending 4 bytes : [22f1b104]
2026-07-29 14:45:28,354 [DEBUG] Enqueuing a SendRequest for 4 bytes and TAT=Physical
2026-07-29 14:45:28,356 [DEBUG] Tx: <706> (08) [ ]	 0422f1b104000000
2026-07-29 14:45:28,357 [DEBUG] We've been asked to write a message to the bus
2026-07-29 14:45:28,358 [DEBUG] sending: Timestamp:        0.000000    ID:      706    S Rx     F BS       DL:  8    04 22 f1 b1 04 00 00 00
2026-07-29 14:45:28,380 [DEBUG] Rx: <70E> (08) [p]	 037f2213aaaaaaaa
2026-07-29 14:45:28,429 [INFO] TC_ID-781 - Received: 7F2213
2026-07-29 14:45:28,430 [WARNING] TC_ID-781 - PreCondition: PC_ID-024  Testcase:Verify incorrect msg length NRC for ECU S/W Unit 1 version information (22 F1 B1 04) -> ❌ FAIL - Expected 037F2213AAAAAAAA
2026-07-29 14:45:28,431 [DEBUG] Stopping CanStack
2026-07-29 14:45:28,432 [DEBUG] Main thread is exiting
2026-07-29 14:45:28,479 [DEBUG] CanStack Stopped
2026-07-29 14:45:28,480 [INFO] Connection closed
2026-07-29 14:45:28,480 [INFO] Running Test Case: TC_ID-782
2026-07-29 14:45:28,481 [DEBUG] Starting CanStack
2026-07-29 14:45:28,482 [DEBUG] Main thread has started
2026-07-29 14:45:28,483 [DEBUG] Relay thread has started
2026-07-29 14:45:28,484 [INFO] Connection opened
2026-07-29 14:45:28,485 [INFO] Switched to physical mode for TC: TC_ID-782 Step: PreCondition: PC_ID-024  Testcase:SystemNameOrEngineTypeDataIdentifier_Read(Defaultsession)
2026-07-29 14:45:28,485 [INFO] TC_ID-782 - PreCondition: PC_ID-024  Testcase:SystemNameOrEngineTypeDataIdentifier_Read(Defaultsession): SID=0x22, Sub=0xF197, Expected=[16, 14, 98, 241, 151, 83, 72, 86, 85, 95, 70, 82, 32, 32, 32, 32, 170]
2026-07-29 14:45:28,577 [INFO] TC_ID-782 - PreCondition: PC_ID-024  Testcase:SystemNameOrEngineTypeDataIdentifier_Read(Defaultsession): Sending request 22F197
2026-07-29 14:45:28,578 [INFO] TC_ID-782 - PreCondition: PC_ID-024  Testcase:SystemNameOrEngineTypeDataIdentifier_Read(Defaultsession): Sending request 22F197
2026-07-29 14:45:28,579 [DEBUG] Sending 3 bytes : [22f197]
2026-07-29 14:45:28,580 [DEBUG] Enqueuing a SendRequest for 3 bytes and TAT=Physical
2026-07-29 14:45:28,582 [DEBUG] Tx: <706> (08) [ ]	 0322f19700000000
2026-07-29 14:45:28,583 [DEBUG] We've been asked to write a message to the bus
2026-07-29 14:45:28,584 [DEBUG] sending: Timestamp:        0.000000    ID:      706    S Rx     F BS       DL:  8    03 22 f1 97 00 00 00 00
2026-07-29 14:45:28,608 [DEBUG] We've been asked to write a message to the bus
2026-07-29 14:45:28,610 [DEBUG] Rx: <70E> (08) [p]	 100e62f197534856
2026-07-29 14:45:28,615 [DEBUG] sending: Timestamp:        0.000000    ID:      706    S Rx     F BS       DL:  8    30 08 0a 00 00 00 00 00
2026-07-29 14:45:28,617 [DEBUG] Tx: <706> (08) [ ]	 30080a0000000000
2026-07-29 14:45:28,619 [DEBUG] We've been asked to write a message to the bus
2026-07-29 14:45:28,620 [DEBUG] sending: Timestamp:        0.000000    ID:      706    S Rx     F BS       DL:  8    30 08 0a 00 00 00 00 00
2026-07-29 14:45:28,621 [DEBUG] TxState=IDLE - RxState=WAIT_CF
2026-07-29 14:45:28,627 [DEBUG] Rx: <70E> (08) [p]	 21555f4652202020
2026-07-29 14:45:28,643 [DEBUG] Rx: <70E> (08) [p]	 2220aaaaaaaaaaaa
2026-07-29 14:45:28,691 [INFO] TC_ID-782 - Received: 62F197534856555F465220202020
2026-07-29 14:45:28,692 [WARNING] TC_ID-782 - PreCondition: PC_ID-024  Testcase:SystemNameOrEngineTypeDataIdentifier_Read(Defaultsession) -> ❌ FAIL - Expected 100E62F197534856555F465220202020AA
2026-07-29 14:45:28,693 [DEBUG] Stopping CanStack
2026-07-29 14:45:28,694 [DEBUG] TxState=IDLE - RxState=IDLE
2026-07-29 14:45:28,695 [DEBUG] Main thread is exiting
2026-07-29 14:45:28,743 [DEBUG] CanStack Stopped
2026-07-29 14:45:28,744 [INFO] Connection closed
2026-07-29 14:45:28,745 [INFO] Running Test Case: TC_ID-783
2026-07-29 14:45:28,745 [DEBUG] Starting CanStack
2026-07-29 14:45:28,746 [DEBUG] Main thread has started
2026-07-29 14:45:28,747 [DEBUG] Relay thread has started
2026-07-29 14:45:28,748 [INFO] Connection opened
2026-07-29 14:45:28,749 [INFO] Switched to physical mode for TC: TC_ID-783 Step: PreCondition: PC_ID-024  Testcase:Verify incorrect msg length NRC for system name information (22 F1 97 03)
2026-07-29 14:45:28,749 [INFO] TC_ID-783 - PreCondition: PC_ID-024  Testcase:Verify incorrect msg length NRC for system name information (22 F1 97 03): SID=0x22, Sub=0xF19703, Expected=[3, 127, 34, 19, 170, 170, 170, 170]
2026-07-29 14:45:28,843 [INFO] TC_ID-783 - PreCondition: PC_ID-024  Testcase:Verify incorrect msg length NRC for system name information (22 F1 97 03): Sending request 22F19703
2026-07-29 14:45:28,844 [INFO] TC_ID-783 - PreCondition: PC_ID-024  Testcase:Verify incorrect msg length NRC for system name information (22 F1 97 03): Sending request 22F19703
2026-07-29 14:45:28,845 [DEBUG] Sending 4 bytes : [22f19703]
2026-07-29 14:45:28,846 [DEBUG] Enqueuing a SendRequest for 4 bytes and TAT=Physical
2026-07-29 14:45:28,848 [DEBUG] Tx: <706> (08) [ ]	 0422f19703000000
2026-07-29 14:45:28,850 [DEBUG] We've been asked to write a message to the bus
2026-07-29 14:45:28,851 [DEBUG] sending: Timestamp:        0.000000    ID:      706    S Rx     F BS       DL:  8    04 22 f1 97 03 00 00 00
2026-07-29 14:45:28,878 [DEBUG] Rx: <70E> (08) [p]	 037f2213aaaaaaaa
2026-07-29 14:45:28,926 [INFO] TC_ID-783 - Received: 7F2213
2026-07-29 14:45:28,927 [WARNING] TC_ID-783 - PreCondition: PC_ID-024  Testcase:Verify incorrect msg length NRC for system name information (22 F1 97 03) -> ❌ FAIL - Expected 037F2213AAAAAAAA
2026-07-29 14:45:28,928 [DEBUG] Stopping CanStack
2026-07-29 14:45:28,929 [DEBUG] Main thread is exiting
2026-07-29 14:45:28,979 [DEBUG] CanStack Stopped
2026-07-29 14:45:28,980 [INFO] Connection closed
2026-07-29 14:45:28,980 [INFO] Running Test Case: TC_ID-784
2026-07-29 14:45:28,981 [DEBUG] Starting CanStack
2026-07-29 14:45:28,982 [DEBUG] Main thread has started
2026-07-29 14:45:28,983 [DEBUG] Relay thread has started
2026-07-29 14:45:28,984 [INFO] Connection opened
2026-07-29 14:45:28,984 [INFO] Switched to physical mode for TC: TC_ID-784 Step: PreCondition: PC_ID-024  Testcase:ECU S/W Unit 1 IVD Response_Read (Extended Session )
2026-07-29 14:45:28,985 [INFO] TC_ID-784 - PreCondition: PC_ID-024  Testcase:ECU S/W Unit 1 IVD Response_Read (Extended Session ): SID=0x22, Sub=0xF1C1, Expected=[16, 35, 98, 241, 193, 89, 132, 149, 115, 208, 147, 255, 45, 174, 165, 181, 19, 158, 8, 114, 225, 168, 238, 34, 156, 199, 240, 147, 54, 118, 206, 209, 76, 62, 181, 253, 217, 170, 170, 170, 170, 170, 170]
2026-07-29 14:45:29,090 [INFO] TC_ID-784 - PreCondition: PC_ID-024  Testcase:ECU S/W Unit 1 IVD Response_Read (Extended Session ): Sending request 22F1C1
2026-07-29 14:45:29,091 [INFO] TC_ID-784 - PreCondition: PC_ID-024  Testcase:ECU S/W Unit 1 IVD Response_Read (Extended Session ): Sending request 22F1C1
2026-07-29 14:45:29,092 [DEBUG] Sending 3 bytes : [22f1c1]
2026-07-29 14:45:29,093 [DEBUG] Enqueuing a SendRequest for 3 bytes and TAT=Physical
2026-07-29 14:45:29,095 [DEBUG] Tx: <706> (08) [ ]	 0322f1c100000000
2026-07-29 14:45:29,096 [DEBUG] We've been asked to write a message to the bus
2026-07-29 14:45:29,097 [DEBUG] sending: Timestamp:        0.000000    ID:      706    S Rx     F BS       DL:  8    03 22 f1 c1 00 00 00 00
2026-07-29 14:45:29,121 [INFO] TC_ID-784 PreCondition: PC_ID-024  Testcase:ECU S/W Unit 1 IVD Response_Read (Extended Session ) -> Response shorter than expected (3/35). Waiting for remaining payload.
2026-07-29 14:45:29,122 [DEBUG] Rx: <70E> (08) [p]	 037f2222aaaaaaaa
2026-07-29 14:45:29,124 [DEBUG] Received 3 bytes : [7f2222]
2026-07-29 14:45:34,126 [DEBUG] No data received: [TimeoutException] - Did not receive IsoTP frame from the Transport layer in time (timeout=5.0 sec) 
2026-07-29 14:45:34,127 [WARNING] TC_ID-784 PreCondition: PC_ID-024  Testcase:ECU S/W Unit 1 IVD Response_Read (Extended Session ) -> Timed out while extending response (6/35)
2026-07-29 14:45:34,179 [INFO] TC_ID-784 - Received: 7F22227F2222
2026-07-29 14:45:34,181 [WARNING] TC_ID-784 - PreCondition: PC_ID-024  Testcase:ECU S/W Unit 1 IVD Response_Read (Extended Session ) -> ❌ FAIL - Expected 102362F1C159849573D093FF2DAEA5B5139E0872E1A8EE229CC7F0933676CED14C3EB5FDD9AAAAAAAAAAAA
2026-07-29 14:45:34,182 [DEBUG] Stopping CanStack
2026-07-29 14:45:34,183 [DEBUG] Main thread is exiting
2026-07-29 14:45:34,190 [DEBUG] CanStack Stopped
2026-07-29 14:45:34,191 [INFO] Connection closed
2026-07-29 14:45:34,192 [INFO] Running Test Case: TC_ID-785
2026-07-29 14:45:34,193 [DEBUG] Starting CanStack
2026-07-29 14:45:34,194 [DEBUG] Main thread has started
2026-07-29 14:45:34,195 [DEBUG] Relay thread has started
2026-07-29 14:45:34,198 [INFO] Connection opened
2026-07-29 14:45:34,199 [INFO] Switched to physical mode for TC: TC_ID-785 Step: PreCondition: PC_ID-024  Testcase:Verify subfunction not correct NRC for alterated ECU S/W Unit 1 IVD Response (22 F1 C2)
2026-07-29 14:45:34,200 [INFO] TC_ID-785 - PreCondition: PC_ID-024  Testcase:Verify subfunction not correct NRC for alterated ECU S/W Unit 1 IVD Response (22 F1 C2): SID=0x22, Sub=0xF1C2, Expected=[3, 127, 34, 49, 170, 170, 170, 170]
2026-07-29 14:45:34,302 [INFO] TC_ID-785 - PreCondition: PC_ID-024  Testcase:Verify subfunction not correct NRC for alterated ECU S/W Unit 1 IVD Response (22 F1 C2): Sending request 22F1C2
2026-07-29 14:45:34,303 [INFO] TC_ID-785 - PreCondition: PC_ID-024  Testcase:Verify subfunction not correct NRC for alterated ECU S/W Unit 1 IVD Response (22 F1 C2): Sending request 22F1C2
2026-07-29 14:45:34,304 [DEBUG] Sending 3 bytes : [22f1c2]
2026-07-29 14:45:34,305 [DEBUG] Enqueuing a SendRequest for 3 bytes and TAT=Physical
2026-07-29 14:45:34,307 [DEBUG] Tx: <706> (08) [ ]	 0322f1c200000000
2026-07-29 14:45:34,308 [DEBUG] We've been asked to write a message to the bus
2026-07-29 14:45:34,309 [DEBUG] sending: Timestamp:        0.000000    ID:      706    S Rx     F BS       DL:  8    03 22 f1 c2 00 00 00 00
2026-07-29 14:45:34,338 [DEBUG] Rx: <70E> (08) [p]	 037f2231aaaaaaaa
2026-07-29 14:45:34,386 [INFO] TC_ID-785 - Received: 7F2231
2026-07-29 14:45:34,387 [WARNING] TC_ID-785 - PreCondition: PC_ID-024  Testcase:Verify subfunction not correct NRC for alterated ECU S/W Unit 1 IVD Response (22 F1 C2) -> ❌ FAIL - Expected 037F2231AAAAAAAA
2026-07-29 14:45:34,388 [DEBUG] Stopping CanStack
2026-07-29 14:45:34,389 [DEBUG] Main thread is exiting
2026-07-29 14:45:34,439 [DEBUG] CanStack Stopped
2026-07-29 14:45:34,440 [INFO] Connection closed
2026-07-29 14:45:34,440 [INFO] Running Test Case: TC_ID-786
2026-07-29 14:45:34,441 [DEBUG] Starting CanStack
2026-07-29 14:45:34,442 [DEBUG] Main thread has started
2026-07-29 14:45:34,443 [DEBUG] Relay thread has started
2026-07-29 14:45:34,444 [INFO] Connection opened
2026-07-29 14:45:34,445 [INFO] Switched to physical mode for TC: TC_ID-786 Step: PreCondition: PC_ID-024  Testcase:Type Option read information_Read(Default session)
2026-07-29 14:45:34,446 [INFO] TC_ID-786 - PreCondition: PC_ID-024  Testcase:Type Option read information_Read(Default session): SID=0x22, Sub=0xC100, Expected=[16, 11, 98, 193, 0, 238, 248, 0, 0, 54, 54, 0, 32, 170, 170, 170]
2026-07-29 14:45:34,531 [INFO] TC_ID-786 - PreCondition: PC_ID-024  Testcase:Type Option read information_Read(Default session): Sending request 22C100
2026-07-29 14:45:34,532 [INFO] TC_ID-786 - PreCondition: PC_ID-024  Testcase:Type Option read information_Read(Default session): Sending request 22C100
2026-07-29 14:45:34,533 [DEBUG] Sending 3 bytes : [22c100]
2026-07-29 14:45:34,535 [DEBUG] Enqueuing a SendRequest for 3 bytes and TAT=Physical
2026-07-29 14:45:34,536 [DEBUG] Tx: <706> (08) [ ]	 0322c10000000000
2026-07-29 14:45:34,538 [DEBUG] We've been asked to write a message to the bus
2026-07-29 14:45:34,539 [DEBUG] sending: Timestamp:        0.000000    ID:      706    S Rx     F BS       DL:  8    03 22 c1 00 00 00 00 00
2026-07-29 14:45:34,568 [DEBUG] We've been asked to write a message to the bus
2026-07-29 14:45:34,570 [DEBUG] sending: Timestamp:        0.000000    ID:      706    S Rx     F BS       DL:  8    30 08 0a 00 00 00 00 00
2026-07-29 14:45:34,571 [DEBUG] Rx: <70E> (08) [p]	 100b62c100eef800
2026-07-29 14:45:34,573 [DEBUG] Tx: <706> (08) [ ]	 30080a0000000000
2026-07-29 14:45:34,574 [DEBUG] We've been asked to write a message to the bus
2026-07-29 14:45:34,575 [DEBUG] sending: Timestamp:        0.000000    ID:      706    S Rx     F BS       DL:  8    30 08 0a 00 00 00 00 00
2026-07-29 14:45:34,580 [DEBUG] TxState=IDLE - RxState=WAIT_CF
2026-07-29 14:45:34,582 [DEBUG] Rx: <70E> (08) [p]	 210036360020aaaa
2026-07-29 14:45:34,629 [INFO] TC_ID-786 - Received: 62C100EEF8000036360020
2026-07-29 14:45:34,630 [WARNING] TC_ID-786 - PreCondition: PC_ID-024  Testcase:Type Option read information_Read(Default session) -> ❌ FAIL - Expected 100B62C100EEF8000036360020AAAAAA
2026-07-29 14:45:34,631 [DEBUG] Stopping CanStack
2026-07-29 14:45:34,631 [DEBUG] TxState=IDLE - RxState=IDLE
2026-07-29 14:45:34,632 [DEBUG] Main thread is exiting
2026-07-29 14:45:34,681 [DEBUG] CanStack Stopped
2026-07-29 14:45:34,682 [INFO] Connection closed
2026-07-29 14:45:34,683 [INFO] Running Test Case: TC_ID-787
2026-07-29 14:45:34,683 [DEBUG] Starting CanStack
2026-07-29 14:45:34,684 [DEBUG] Main thread has started
2026-07-29 14:45:34,685 [DEBUG] Relay thread has started
2026-07-29 14:45:34,686 [INFO] Connection opened
2026-07-29 14:45:34,687 [INFO] Switched to physical mode for TC: TC_ID-787 Step: PreCondition: PC_ID-024  Testcase:Verify incorrect msg length NRC for Type Option read information (22 C1 00 01)
2026-07-29 14:45:34,687 [INFO] TC_ID-787 - PreCondition: PC_ID-024  Testcase:Verify incorrect msg length NRC for Type Option read information (22 C1 00 01): SID=0x22, Sub=0xC10001, Expected=[3, 127, 34, 19, 170, 170, 170, 170]
2026-07-29 14:45:34,783 [INFO] TC_ID-787 - PreCondition: PC_ID-024  Testcase:Verify incorrect msg length NRC for Type Option read information (22 C1 00 01): Sending request 22C10001
2026-07-29 14:45:34,784 [INFO] TC_ID-787 - PreCondition: PC_ID-024  Testcase:Verify incorrect msg length NRC for Type Option read information (22 C1 00 01): Sending request 22C10001
2026-07-29 14:45:34,785 [DEBUG] Sending 4 bytes : [22c10001]
2026-07-29 14:45:34,785 [DEBUG] Enqueuing a SendRequest for 4 bytes and TAT=Physical
2026-07-29 14:45:34,787 [DEBUG] Tx: <706> (08) [ ]	 0422c10001000000
2026-07-29 14:45:34,788 [DEBUG] We've been asked to write a message to the bus
2026-07-29 14:45:34,789 [DEBUG] sending: Timestamp:        0.000000    ID:      706    S Rx     F BS       DL:  8    04 22 c1 00 01 00 00 00
2026-07-29 14:45:34,818 [DEBUG] Rx: <70E> (08) [p]	 037f2213aaaaaaaa
2026-07-29 14:45:34,867 [INFO] TC_ID-787 - Received: 7F2213
2026-07-29 14:45:34,868 [WARNING] TC_ID-787 - PreCondition: PC_ID-024  Testcase:Verify incorrect msg length NRC for Type Option read information (22 C1 00 01) -> ❌ FAIL - Expected 037F2213AAAAAAAA
2026-07-29 14:45:34,868 [DEBUG] Stopping CanStack
2026-07-29 14:45:34,869 [DEBUG] Main thread is exiting
2026-07-29 14:45:34,919 [DEBUG] CanStack Stopped
2026-07-29 14:45:34,920 [INFO] Connection closed
2026-07-29 14:45:34,920 [INFO] Running Test Case: TC_ID-788
2026-07-29 14:45:34,921 [DEBUG] Starting CanStack
2026-07-29 14:45:34,922 [DEBUG] Main thread has started
2026-07-29 14:45:34,923 [DEBUG] Relay thread has started
2026-07-29 14:45:34,924 [INFO] Connection opened
2026-07-29 14:45:34,924 [INFO] Switched to physical mode for TC: TC_ID-788 Step: PreCondition: PC_ID-024  Testcase:Output read information_Read(Extended session)
2026-07-29 14:45:34,925 [INFO] TC_ID-788 - PreCondition: PC_ID-024  Testcase:Output read information_Read(Extended session): SID=0x22, Sub=0xC101, Expected=[16, 11, 98, 193, 1, 0, 0, 0, 0, 0, 0, 0, 0, 170, 170, 170]
2026-07-29 14:45:35,010 [INFO] TC_ID-788 - PreCondition: PC_ID-024  Testcase:Output read information_Read(Extended session): Sending request 22C101
2026-07-29 14:45:35,011 [INFO] TC_ID-788 - PreCondition: PC_ID-024  Testcase:Output read information_Read(Extended session): Sending request 22C101
2026-07-29 14:45:35,012 [DEBUG] Sending 3 bytes : [22c101]
2026-07-29 14:45:35,013 [DEBUG] Enqueuing a SendRequest for 3 bytes and TAT=Physical
2026-07-29 14:45:35,016 [DEBUG] Tx: <706> (08) [ ]	 0322c10100000000
2026-07-29 14:45:35,017 [DEBUG] We've been asked to write a message to the bus
2026-07-29 14:45:35,018 [DEBUG] sending: Timestamp:        0.000000    ID:      706    S Rx     F BS       DL:  8    03 22 c1 01 00 00 00 00
2026-07-29 14:45:35,040 [DEBUG] Rx: <70E> (08) [p]	 100b62c101000000
2026-07-29 14:45:35,041 [DEBUG] We've been asked to write a message to the bus
2026-07-29 14:45:35,043 [DEBUG] Tx: <706> (08) [ ]	 30080a0000000000
2026-07-29 14:45:35,044 [DEBUG] sending: Timestamp:        0.000000    ID:      706    S Rx     F BS       DL:  8    30 08 0a 00 00 00 00 00
2026-07-29 14:45:35,046 [DEBUG] We've been asked to write a message to the bus
2026-07-29 14:45:35,048 [DEBUG] sending: Timestamp:        0.000000    ID:      706    S Rx     F BS       DL:  8    30 08 0a 00 00 00 00 00
2026-07-29 14:45:35,053 [DEBUG] TxState=IDLE - RxState=WAIT_CF
2026-07-29 14:45:35,055 [DEBUG] Rx: <70E> (08) [p]	 210000000000aaaa
2026-07-29 14:45:35,103 [INFO] TC_ID-788 - Received: 62C1010000000000000000
2026-07-29 14:45:35,104 [WARNING] TC_ID-788 - PreCondition: PC_ID-024  Testcase:Output read information_Read(Extended session) -> ❌ FAIL - Expected 100B62C1010000000000000000AAAAAA
2026-07-29 14:45:35,105 [DEBUG] Stopping CanStack
2026-07-29 14:45:35,106 [DEBUG] TxState=IDLE - RxState=IDLE
2026-07-29 14:45:35,106 [DEBUG] Main thread is exiting
2026-07-29 14:45:35,152 [DEBUG] CanStack Stopped
2026-07-29 14:45:35,153 [INFO] Connection closed
2026-07-29 14:45:35,154 [INFO] Running Test Case: TC_ID-789
2026-07-29 14:45:35,154 [DEBUG] Starting CanStack
2026-07-29 14:45:35,156 [DEBUG] Main thread has started
2026-07-29 14:45:35,157 [DEBUG] Relay thread has started
2026-07-29 14:45:35,157 [INFO] Connection opened
2026-07-29 14:45:35,158 [INFO] Switched to physical mode for TC: TC_ID-789 Step: PreCondition: PC_ID-024  Testcase:Verify incorrect msg length NRC for Output read information (22 C1 01 01)
2026-07-29 14:45:35,159 [INFO] TC_ID-789 - PreCondition: PC_ID-024  Testcase:Verify incorrect msg length NRC for Output read information (22 C1 01 01): SID=0x22, Sub=0xC10101, Expected=[3, 127, 34, 19, 170, 170, 170, 170]
2026-07-29 14:45:35,270 [INFO] TC_ID-789 - PreCondition: PC_ID-024  Testcase:Verify incorrect msg length NRC for Output read information (22 C1 01 01): Sending request 22C10101
2026-07-29 14:45:35,271 [INFO] TC_ID-789 - PreCondition: PC_ID-024  Testcase:Verify incorrect msg length NRC for Output read information (22 C1 01 01): Sending request 22C10101
2026-07-29 14:45:35,272 [DEBUG] Sending 4 bytes : [22c10101]
2026-07-29 14:45:35,273 [DEBUG] Enqueuing a SendRequest for 4 bytes and TAT=Physical
2026-07-29 14:45:35,275 [DEBUG] Tx: <706> (08) [ ]	 0422c10101000000
2026-07-29 14:45:35,276 [DEBUG] We've been asked to write a message to the bus
2026-07-29 14:45:35,277 [DEBUG] sending: Timestamp:        0.000000    ID:      706    S Rx     F BS       DL:  8    04 22 c1 01 01 00 00 00
2026-07-29 14:45:35,300 [DEBUG] Rx: <70E> (08) [p]	 037f2213aaaaaaaa
2026-07-29 14:45:35,348 [INFO] TC_ID-789 - Received: 7F2213
2026-07-29 14:45:35,350 [WARNING] TC_ID-789 - PreCondition: PC_ID-024  Testcase:Verify incorrect msg length NRC for Output read information (22 C1 01 01) -> ❌ FAIL - Expected 037F2213AAAAAAAA
2026-07-29 14:45:35,351 [DEBUG] Stopping CanStack
2026-07-29 14:45:35,353 [DEBUG] Main thread is exiting
2026-07-29 14:45:35,402 [DEBUG] CanStack Stopped
2026-07-29 14:45:35,403 [INFO] Connection closed
2026-07-29 14:45:35,404 [INFO] Running Test Case: TC_ID-790
2026-07-29 14:45:35,405 [DEBUG] Starting CanStack
2026-07-29 14:45:35,408 [DEBUG] Main thread has started
2026-07-29 14:45:35,416 [DEBUG] Relay thread has started
2026-07-29 14:45:35,418 [INFO] Connection opened
2026-07-29 14:45:35,419 [INFO] Switched to physical mode for TC: TC_ID-790 Step: PreCondition: PC_ID-024  Testcase:Communication read information_Read(Extended session)
2026-07-29 14:45:35,420 [INFO] TC_ID-790 - PreCondition: PC_ID-024  Testcase:Communication read information_Read(Extended session): SID=0x22, Sub=0xC102, Expected=[16, 12, 98, 193, 2, 149, 171, 74, 0, 0, 0, 0, 0, 0, 170, 170]
2026-07-29 14:45:35,521 [INFO] TC_ID-790 - PreCondition: PC_ID-024  Testcase:Communication read information_Read(Extended session): Sending request 22C102
2026-07-29 14:45:35,522 [INFO] TC_ID-790 - PreCondition: PC_ID-024  Testcase:Communication read information_Read(Extended session): Sending request 22C102
2026-07-29 14:45:35,523 [DEBUG] Sending 3 bytes : [22c102]
2026-07-29 14:45:35,525 [DEBUG] Enqueuing a SendRequest for 3 bytes and TAT=Physical
2026-07-29 14:45:35,530 [DEBUG] Tx: <706> (08) [ ]	 0322c10200000000
2026-07-29 14:45:35,532 [DEBUG] We've been asked to write a message to the bus
2026-07-29 14:45:35,534 [DEBUG] sending: Timestamp:        0.000000    ID:      706    S Rx     F BS       DL:  8    03 22 c1 02 00 00 00 00
2026-07-29 14:45:35,558 [DEBUG] We've been asked to write a message to the bus
2026-07-29 14:45:35,559 [DEBUG] Rx: <70E> (08) [p]	 100c62c10290e440
2026-07-29 14:45:35,560 [DEBUG] sending: Timestamp:        0.000000    ID:      706    S Rx     F BS       DL:  8    30 08 0a 00 00 00 00 00
2026-07-29 14:45:35,562 [DEBUG] Tx: <706> (08) [ ]	 30080a0000000000
2026-07-29 14:45:35,564 [DEBUG] We've been asked to write a message to the bus
2026-07-29 14:45:35,566 [DEBUG] sending: Timestamp:        0.000000    ID:      706    S Rx     F BS       DL:  8    30 08 0a 00 00 00 00 00
2026-07-29 14:45:35,569 [DEBUG] TxState=IDLE - RxState=WAIT_CF
2026-07-29 14:45:35,571 [DEBUG] Rx: <70E> (08) [p]	 21200000000000aa
2026-07-29 14:45:35,618 [INFO] TC_ID-790 - Received: 62C10290E440200000000000
2026-07-29 14:45:35,619 [WARNING] TC_ID-790 - PreCondition: PC_ID-024  Testcase:Communication read information_Read(Extended session) -> ❌ FAIL - Expected 100C62C10295AB4A000000000000AAAA
2026-07-29 14:45:35,619 [DEBUG] Stopping CanStack
2026-07-29 14:45:35,620 [DEBUG] TxState=IDLE - RxState=IDLE
2026-07-29 14:45:35,621 [DEBUG] Main thread is exiting
2026-07-29 14:45:35,670 [DEBUG] CanStack Stopped
2026-07-29 14:45:35,671 [INFO] Connection closed
2026-07-29 14:45:35,672 [INFO] Running Test Case: TC_ID-791
2026-07-29 14:45:35,673 [DEBUG] Starting CanStack
2026-07-29 14:45:35,675 [DEBUG] Main thread has started
2026-07-29 14:45:35,677 [DEBUG] Relay thread has started
2026-07-29 14:45:35,679 [INFO] Connection opened
2026-07-29 14:45:35,680 [INFO] Switched to physical mode for TC: TC_ID-791 Step: PreCondition: PC_ID-024  Testcase:Verify incorrect msg length NRC for Communication read information (22 C1 02 01)
2026-07-29 14:45:35,681 [INFO] TC_ID-791 - PreCondition: PC_ID-024  Testcase:Verify incorrect msg length NRC for Communication read information (22 C1 02 01): SID=0x22, Sub=0xC10201, Expected=[3, 127, 34, 19, 170, 170, 170, 170]
2026-07-29 14:45:35,791 [INFO] TC_ID-791 - PreCondition: PC_ID-024  Testcase:Verify incorrect msg length NRC for Communication read information (22 C1 02 01): Sending request 22C10201
2026-07-29 14:45:35,792 [INFO] TC_ID-791 - PreCondition: PC_ID-024  Testcase:Verify incorrect msg length NRC for Communication read information (22 C1 02 01): Sending request 22C10201
2026-07-29 14:45:35,793 [DEBUG] Sending 4 bytes : [22c10201]
2026-07-29 14:45:35,794 [DEBUG] Enqueuing a SendRequest for 4 bytes and TAT=Physical
2026-07-29 14:45:35,796 [DEBUG] Tx: <706> (08) [ ]	 0422c10201000000
2026-07-29 14:45:35,797 [DEBUG] We've been asked to write a message to the bus
2026-07-29 14:45:35,798 [DEBUG] sending: Timestamp:        0.000000    ID:      706    S Rx     F BS       DL:  8    04 22 c1 02 01 00 00 00
2026-07-29 14:45:35,817 [DEBUG] Rx: <70E> (08) [p]	 037f2213aaaaaaaa
2026-07-29 14:45:35,876 [INFO] TC_ID-791 - Received: 7F2213
2026-07-29 14:45:35,877 [WARNING] TC_ID-791 - PreCondition: PC_ID-024  Testcase:Verify incorrect msg length NRC for Communication read information (22 C1 02 01) -> ❌ FAIL - Expected 037F2213AAAAAAAA
2026-07-29 14:45:35,878 [DEBUG] Stopping CanStack
2026-07-29 14:45:35,879 [DEBUG] Main thread is exiting
2026-07-29 14:45:35,918 [DEBUG] CanStack Stopped
2026-07-29 14:45:35,919 [INFO] Connection closed
2026-07-29 14:45:35,920 [INFO] Running Test Case: TC_ID-792
2026-07-29 14:45:35,921 [DEBUG] Starting CanStack
2026-07-29 14:45:35,925 [DEBUG] Main thread has started
2026-07-29 14:45:35,927 [DEBUG] Relay thread has started
2026-07-29 14:45:35,929 [INFO] Connection opened
2026-07-29 14:45:35,929 [INFO] Switched to physical mode for TC: TC_ID-792 Step: PreCondition: PC_ID-024  Testcase:LH seat heat fail detection read  information_Read(Extended session)
2026-07-29 14:45:35,930 [INFO] TC_ID-792 - PreCondition: PC_ID-024  Testcase:LH seat heat fail detection read  information_Read(Extended session): SID=0x22, Sub=0xC103, Expected=[16, 30, 98, 192, 0, 234, 160, 0, 0, 0, 0, 0, 0, 0, 0, 0, 170, 170]
2026-07-29 14:45:36,033 [INFO] TC_ID-792 - PreCondition: PC_ID-024  Testcase:LH seat heat fail detection read  information_Read(Extended session): Sending request 22C103
2026-07-29 14:45:36,034 [INFO] TC_ID-792 - PreCondition: PC_ID-024  Testcase:LH seat heat fail detection read  information_Read(Extended session): Sending request 22C103
2026-07-29 14:45:36,035 [DEBUG] Sending 3 bytes : [22c103]
2026-07-29 14:45:36,036 [DEBUG] Enqueuing a SendRequest for 3 bytes and TAT=Physical
2026-07-29 14:45:36,038 [DEBUG] Tx: <706> (08) [ ]	 0322c10300000000
2026-07-29 14:45:36,040 [DEBUG] We've been asked to write a message to the bus
2026-07-29 14:45:36,041 [DEBUG] sending: Timestamp:        0.000000    ID:      706    S Rx     F BS       DL:  8    03 22 c1 03 00 00 00 00
2026-07-29 14:45:36,066 [DEBUG] We've been asked to write a message to the bus
2026-07-29 14:45:36,069 [DEBUG] sending: Timestamp:        0.000000    ID:      706    S Rx     F BS       DL:  8    30 08 0a 00 00 00 00 00
2026-07-29 14:45:36,070 [DEBUG] Rx: <70E> (08) [p]	 101062c103c000ea
2026-07-29 14:45:36,073 [DEBUG] Tx: <706> (08) [ ]	 30080a0000000000
2026-07-29 14:45:36,075 [DEBUG] We've been asked to write a message to the bus
2026-07-29 14:45:36,077 [DEBUG] sending: Timestamp:        0.000000    ID:      706    S Rx     F BS       DL:  8    30 08 0a 00 00 00 00 00
2026-07-29 14:45:36,080 [DEBUG] TxState=IDLE - RxState=WAIT_CF
2026-07-29 14:45:36,083 [DEBUG] Rx: <70E> (08) [p]	 21a0000000000020
2026-07-29 14:45:36,093 [DEBUG] Rx: <70E> (08) [p]	 22200000aaaaaaaa
2026-07-29 14:45:36,097 [INFO] TC_ID-792 PreCondition: PC_ID-024  Testcase:LH seat heat fail detection read  information_Read(Extended session) -> Response shorter than expected (16/30). Waiting for remaining payload.
2026-07-29 14:45:36,103 [DEBUG] Received 16 bytes : [62c103c000eaa0000000000020200000]
2026-07-29 14:45:36,153 [DEBUG] TxState=IDLE - RxState=IDLE
2026-07-29 14:45:36,157 [INFO] TC_ID-792 - Received: 62C103C000EAA000000000002020000062C103C000EAA000000000002020
2026-07-29 14:45:36,158 [WARNING] TC_ID-792 - PreCondition: PC_ID-024  Testcase:LH seat heat fail detection read  information_Read(Extended session) -> ❌ FAIL - Expected 101E62C000EAA0000000000000000000AAAA
2026-07-29 14:45:36,159 [DEBUG] Stopping CanStack
2026-07-29 14:45:36,160 [DEBUG] Main thread is exiting
2026-07-29 14:45:36,195 [DEBUG] CanStack Stopped
2026-07-29 14:45:36,198 [INFO] Connection closed
2026-07-29 14:45:36,201 [INFO] Running Test Case: TC_ID-793
2026-07-29 14:45:36,202 [DEBUG] Starting CanStack
2026-07-29 14:45:36,203 [DEBUG] Main thread has started
2026-07-29 14:45:36,204 [DEBUG] Relay thread has started
2026-07-29 14:45:36,205 [INFO] Connection opened
2026-07-29 14:45:36,206 [INFO] Switched to physical mode for TC: TC_ID-793 Step: PreCondition: PC_ID-024  Testcase:Verify incorrect msg length NRC for LH seat heat fail detection read information (22 C1 03 01)
2026-07-29 14:45:36,207 [INFO] TC_ID-793 - PreCondition: PC_ID-024  Testcase:Verify incorrect msg length NRC for LH seat heat fail detection read information (22 C1 03 01): SID=0x22, Sub=0xC10301, Expected=[3, 127, 34, 19, 170, 170, 170, 170]
2026-07-29 14:45:36,318 [INFO] TC_ID-793 - PreCondition: PC_ID-024  Testcase:Verify incorrect msg length NRC for LH seat heat fail detection read information (22 C1 03 01): Sending request 22C10301
2026-07-29 14:45:36,319 [INFO] TC_ID-793 - PreCondition: PC_ID-024  Testcase:Verify incorrect msg length NRC for LH seat heat fail detection read information (22 C1 03 01): Sending request 22C10301
2026-07-29 14:45:36,319 [DEBUG] Sending 4 bytes : [22c10301]
2026-07-29 14:45:36,320 [DEBUG] Enqueuing a SendRequest for 4 bytes and TAT=Physical
2026-07-29 14:45:36,322 [DEBUG] Tx: <706> (08) [ ]	 0422c10301000000
2026-07-29 14:45:36,323 [DEBUG] We've been asked to write a message to the bus
2026-07-29 14:45:36,324 [DEBUG] sending: Timestamp:        0.000000    ID:      706    S Rx     F BS       DL:  8    04 22 c1 03 01 00 00 00
2026-07-29 14:45:36,349 [DEBUG] Rx: <70E> (08) [p]	 037f2213aaaaaaaa
2026-07-29 14:45:36,399 [INFO] TC_ID-793 - Received: 7F2213
2026-07-29 14:45:36,400 [WARNING] TC_ID-793 - PreCondition: PC_ID-024  Testcase:Verify incorrect msg length NRC for LH seat heat fail detection read information (22 C1 03 01) -> ❌ FAIL - Expected 037F2213AAAAAAAA
2026-07-29 14:45:36,403 [DEBUG] Stopping CanStack
2026-07-29 14:45:36,404 [DEBUG] Main thread is exiting
2026-07-29 14:45:36,450 [DEBUG] CanStack Stopped
2026-07-29 14:45:36,451 [INFO] Connection closed
2026-07-29 14:45:36,452 [INFO] Running Test Case: TC_ID-794
2026-07-29 14:45:36,453 [DEBUG] Starting CanStack
2026-07-29 14:45:36,455 [DEBUG] Main thread has started
2026-07-29 14:45:36,457 [DEBUG] Relay thread has started
2026-07-29 14:45:36,459 [INFO] Connection opened
2026-07-29 14:45:36,462 [INFO] Switched to physical mode for TC: TC_ID-794 Step: PreCondition: PC_ID-024  Testcase:LH seat vent fail detection read   information_Read(Default session)
2026-07-29 14:45:36,466 [INFO] TC_ID-794 - PreCondition: PC_ID-024  Testcase:LH seat vent fail detection read   information_Read(Default session): SID=0x22, Sub=0xC104, Expected=[16, 10, 98, 193, 4, 250, 0, 0, 0, 0, 0, 0, 170, 170, 170, 170]
2026-07-29 14:45:36,573 [INFO] TC_ID-794 - PreCondition: PC_ID-024  Testcase:LH seat vent fail detection read   information_Read(Default session): Sending request 22C104
2026-07-29 14:45:36,574 [INFO] TC_ID-794 - PreCondition: PC_ID-024  Testcase:LH seat vent fail detection read   information_Read(Default session): Sending request 22C104
2026-07-29 14:45:36,575 [DEBUG] Sending 3 bytes : [22c104]
2026-07-29 14:45:36,576 [DEBUG] Enqueuing a SendRequest for 3 bytes and TAT=Physical
2026-07-29 14:45:36,578 [DEBUG] Tx: <706> (08) [ ]	 0322c10400000000
2026-07-29 14:45:36,579 [DEBUG] We've been asked to write a message to the bus
2026-07-29 14:45:36,580 [DEBUG] sending: Timestamp:        0.000000    ID:      706    S Rx     F BS       DL:  8    03 22 c1 04 00 00 00 00
2026-07-29 14:45:36,606 [DEBUG] We've been asked to write a message to the bus
2026-07-29 14:45:36,609 [DEBUG] Rx: <70E> (08) [p]	 100a62c104fa0000
2026-07-29 14:45:36,610 [DEBUG] sending: Timestamp:        0.000000    ID:      706    S Rx     F BS       DL:  8    30 08 0a 00 00 00 00 00
2026-07-29 14:45:36,612 [DEBUG] Tx: <706> (08) [ ]	 30080a0000000000
2026-07-29 14:45:36,616 [DEBUG] We've been asked to write a message to the bus
2026-07-29 14:45:36,618 [DEBUG] sending: Timestamp:        0.000000    ID:      706    S Rx     F BS       DL:  8    30 08 0a 00 00 00 00 00
2026-07-29 14:45:36,619 [DEBUG] TxState=IDLE - RxState=WAIT_CF
2026-07-29 14:45:36,627 [DEBUG] Rx: <70E> (08) [p]	 2100000000aaaaaa
2026-07-29 14:45:36,672 [INFO] TC_ID-794 - Received: 62C104FA000000000000
2026-07-29 14:45:36,673 [WARNING] TC_ID-794 - PreCondition: PC_ID-024  Testcase:LH seat vent fail detection read   information_Read(Default session) -> ❌ FAIL - Expected 100A62C104FA000000000000AAAAAAAA
2026-07-29 14:45:36,674 [DEBUG] Stopping CanStack
2026-07-29 14:45:36,675 [DEBUG] TxState=IDLE - RxState=IDLE
2026-07-29 14:45:36,677 [DEBUG] Main thread is exiting
2026-07-29 14:45:36,679 [DEBUG] CanStack Stopped
2026-07-29 14:45:36,680 [INFO] Connection closed
2026-07-29 14:45:36,681 [INFO] Running Test Case: TC_ID-795
2026-07-29 14:45:36,682 [DEBUG] Starting CanStack
2026-07-29 14:45:36,684 [DEBUG] Main thread has started
2026-07-29 14:45:36,686 [DEBUG] Relay thread has started
2026-07-29 14:45:36,688 [INFO] Connection opened
2026-07-29 14:45:36,689 [INFO] Switched to physical mode for TC: TC_ID-795 Step: PreCondition: PC_ID-024  Testcase:Verify incorrect msg length NRC for LH seat vent fail detection read information (22 C1 04 01)
2026-07-29 14:45:36,691 [INFO] TC_ID-795 - PreCondition: PC_ID-024  Testcase:Verify incorrect msg length NRC for LH seat vent fail detection read information (22 C1 04 01): SID=0x22, Sub=0xC10401, Expected=[3, 127, 34, 19, 170, 170, 170, 170]
2026-07-29 14:45:36,817 [INFO] TC_ID-795 - PreCondition: PC_ID-024  Testcase:Verify incorrect msg length NRC for LH seat vent fail detection read information (22 C1 04 01): Sending request 22C10401
2026-07-29 14:45:36,817 [INFO] TC_ID-795 - PreCondition: PC_ID-024  Testcase:Verify incorrect msg length NRC for LH seat vent fail detection read information (22 C1 04 01): Sending request 22C10401
2026-07-29 14:45:36,818 [DEBUG] Sending 4 bytes : [22c10401]
2026-07-29 14:45:36,819 [DEBUG] Enqueuing a SendRequest for 4 bytes and TAT=Physical
2026-07-29 14:45:36,822 [DEBUG] Tx: <706> (08) [ ]	 0422c10401000000
2026-07-29 14:45:36,823 [DEBUG] We've been asked to write a message to the bus
2026-07-29 14:45:36,824 [DEBUG] sending: Timestamp:        0.000000    ID:      706    S Rx     F BS       DL:  8    04 22 c1 04 01 00 00 00
2026-07-29 14:45:36,848 [DEBUG] Rx: <70E> (08) [p]	 037f2213aaaaaaaa
2026-07-29 14:45:36,898 [INFO] TC_ID-795 - Received: 7F2213
2026-07-29 14:45:36,899 [WARNING] TC_ID-795 - PreCondition: PC_ID-024  Testcase:Verify incorrect msg length NRC for LH seat vent fail detection read information (22 C1 04 01) -> ❌ FAIL - Expected 037F2213AAAAAAAA
2026-07-29 14:45:36,901 [DEBUG] Stopping CanStack
2026-07-29 14:45:36,903 [DEBUG] Main thread is exiting
2026-07-29 14:45:36,951 [DEBUG] CanStack Stopped
2026-07-29 14:45:36,954 [INFO] Connection closed
2026-07-29 14:45:36,955 [INFO] Running Test Case: TC_ID-796
2026-07-29 14:45:36,957 [DEBUG] Starting CanStack
2026-07-29 14:45:36,959 [DEBUG] Main thread has started
2026-07-29 14:45:36,962 [DEBUG] Relay thread has started
2026-07-29 14:45:36,965 [INFO] Connection opened
2026-07-29 14:45:36,966 [INFO] Switched to physical mode for TC: TC_ID-796 Step: PreCondition: PC_ID-024  Testcase:RH seat heat fail detection read   information_Read(Extended  session)
2026-07-29 14:45:36,968 [INFO] TC_ID-796 - PreCondition: PC_ID-024  Testcase:RH seat heat fail detection read   information_Read(Extended  session): SID=0x22, Sub=0xC105, Expected=[16, 10, 98, 193, 5, 192, 0, 234, 160, 0, 0, 0, 0, 0, 0, 0, 0, 0]
2026-07-29 14:45:37,108 [INFO] TC_ID-796 - PreCondition: PC_ID-024  Testcase:RH seat heat fail detection read   information_Read(Extended  session): Sending request 22C105
2026-07-29 14:45:37,109 [INFO] TC_ID-796 - PreCondition: PC_ID-024  Testcase:RH seat heat fail detection read   information_Read(Extended  session): Sending request 22C105
2026-07-29 14:45:37,110 [DEBUG] Sending 3 bytes : [22c105]
2026-07-29 14:45:37,111 [DEBUG] Enqueuing a SendRequest for 3 bytes and TAT=Physical
2026-07-29 14:45:37,113 [DEBUG] Tx: <706> (08) [ ]	 0322c10500000000
2026-07-29 14:45:37,115 [DEBUG] We've been asked to write a message to the bus
2026-07-29 14:45:37,116 [DEBUG] sending: Timestamp:        0.000000    ID:      706    S Rx     F BS       DL:  8    03 22 c1 05 00 00 00 00
2026-07-29 14:45:37,141 [DEBUG] Rx: <70E> (08) [p]	 101062c105c000ea
2026-07-29 14:45:37,144 [DEBUG] Tx: <706> (08) [ ]	 30080a0000000000
2026-07-29 14:45:37,143 [DEBUG] We've been asked to write a message to the bus
2026-07-29 14:45:37,148 [DEBUG] sending: Timestamp:        0.000000    ID:      706    S Rx     F BS       DL:  8    30 08 0a 00 00 00 00 00
2026-07-29 14:45:37,146 [DEBUG] We've been asked to write a message to the bus
2026-07-29 14:45:37,152 [DEBUG] sending: Timestamp:        0.000000    ID:      706    S Rx     F BS       DL:  8    30 08 0a 00 00 00 00 00
2026-07-29 14:45:37,157 [DEBUG] TxState=IDLE - RxState=WAIT_CF
2026-07-29 14:45:37,163 [DEBUG] Rx: <70E> (08) [p]	 21a0000000000020
2026-07-29 14:45:37,173 [DEBUG] Rx: <70E> (08) [p]	 22200000aaaaaaaa
2026-07-29 14:45:37,226 [INFO] TC_ID-796 - Received: 62C105C000EAA0000000000020200000
2026-07-29 14:45:37,231 [WARNING] TC_ID-796 - PreCondition: PC_ID-024  Testcase:RH seat heat fail detection read   information_Read(Extended  session) -> ❌ FAIL - Expected 100A62C105C000EAA0000000000000000000
2026-07-29 14:45:37,227 [DEBUG] TxState=IDLE - RxState=IDLE
2026-07-29 14:45:37,233 [DEBUG] Stopping CanStack
2026-07-29 14:45:37,251 [DEBUG] Main thread is exiting
2026-07-29 14:45:37,274 [DEBUG] CanStack Stopped
2026-07-29 14:45:37,275 [INFO] Connection closed
2026-07-29 14:45:37,277 [INFO] Running Test Case: TC_ID-797
2026-07-29 14:45:37,280 [DEBUG] Starting CanStack
2026-07-29 14:45:37,283 [DEBUG] Main thread has started
2026-07-29 14:45:37,285 [DEBUG] Relay thread has started
2026-07-29 14:45:37,293 [INFO] Connection opened
2026-07-29 14:45:37,297 [INFO] Switched to physical mode for TC: TC_ID-797 Step: PreCondition: PC_ID-024  Testcase:Verify incorrect msg length NRC for RH seat heat fail detection read information (22 C1 05 01)
2026-07-29 14:45:37,303 [INFO] TC_ID-797 - PreCondition: PC_ID-024  Testcase:Verify incorrect msg length NRC for RH seat heat fail detection read information (22 C1 05 01): SID=0x22, Sub=0xC10501, Expected=[3, 127, 34, 19, 170, 170, 170, 170]
2026-07-29 14:45:37,418 [INFO] TC_ID-797 - PreCondition: PC_ID-024  Testcase:Verify incorrect msg length NRC for RH seat heat fail detection read information (22 C1 05 01): Sending request 22C10501
2026-07-29 14:45:37,419 [INFO] TC_ID-797 - PreCondition: PC_ID-024  Testcase:Verify incorrect msg length NRC for RH seat heat fail detection read information (22 C1 05 01): Sending request 22C10501
2026-07-29 14:45:37,419 [DEBUG] Sending 4 bytes : [22c10501]
2026-07-29 14:45:37,420 [DEBUG] Enqueuing a SendRequest for 4 bytes and TAT=Physical
2026-07-29 14:45:37,422 [DEBUG] Tx: <706> (08) [ ]	 0422c10501000000
2026-07-29 14:45:37,423 [DEBUG] We've been asked to write a message to the bus
2026-07-29 14:45:37,424 [DEBUG] sending: Timestamp:        0.000000    ID:      706    S Rx     F BS       DL:  8    04 22 c1 05 01 00 00 00
2026-07-29 14:45:37,449 [DEBUG] Rx: <70E> (08) [p]	 037f2213aaaaaaaa
2026-07-29 14:45:37,501 [INFO] TC_ID-797 - Received: 7F2213
2026-07-29 14:45:37,503 [WARNING] TC_ID-797 - PreCondition: PC_ID-024  Testcase:Verify incorrect msg length NRC for RH seat heat fail detection read information (22 C1 05 01) -> ❌ FAIL - Expected 037F2213AAAAAAAA
2026-07-29 14:45:37,504 [DEBUG] Stopping CanStack
2026-07-29 14:45:37,505 [DEBUG] Main thread is exiting
2026-07-29 14:45:37,550 [DEBUG] CanStack Stopped
2026-07-29 14:45:37,551 [INFO] Connection closed
2026-07-29 14:45:37,552 [INFO] Running Test Case: TC_ID-798
2026-07-29 14:45:37,552 [DEBUG] Starting CanStack
2026-07-29 14:45:37,554 [DEBUG] Main thread has started
2026-07-29 14:45:37,556 [DEBUG] Relay thread has started
2026-07-29 14:45:37,557 [INFO] Connection opened
2026-07-29 14:45:37,559 [INFO] Switched to physical mode for TC: TC_ID-798 Step: PreCondition: PC_ID-024  Testcase:RH seat vent fail detection read   information_Read(Default session)
2026-07-29 14:45:37,560 [INFO] TC_ID-798 - PreCondition: PC_ID-024  Testcase:RH seat vent fail detection read   information_Read(Default session): SID=0x22, Sub=0xC106, Expected=[16, 10, 98, 193, 6, 250, 0, 0, 0, 0, 0, 0, 170, 170, 170, 170]
2026-07-29 14:45:37,667 [INFO] TC_ID-798 - PreCondition: PC_ID-024  Testcase:RH seat vent fail detection read   information_Read(Default session): Sending request 22C106
2026-07-29 14:45:37,667 [INFO] TC_ID-798 - PreCondition: PC_ID-024  Testcase:RH seat vent fail detection read   information_Read(Default session): Sending request 22C106
2026-07-29 14:45:37,668 [DEBUG] Sending 3 bytes : [22c106]
2026-07-29 14:45:37,668 [DEBUG] Enqueuing a SendRequest for 3 bytes and TAT=Physical
2026-07-29 14:45:37,669 [DEBUG] Tx: <706> (08) [ ]	 0322c10600000000
2026-07-29 14:45:37,670 [DEBUG] We've been asked to write a message to the bus
2026-07-29 14:45:37,671 [DEBUG] sending: Timestamp:        0.000000    ID:      706    S Rx     F BS       DL:  8    03 22 c1 06 00 00 00 00
2026-07-29 14:45:37,700 [DEBUG] We've been asked to write a message to the bus
2026-07-29 14:45:37,705 [DEBUG] Rx: <70E> (08) [p]	 100a62c106fa0000
2026-07-29 14:45:37,705 [DEBUG] sending: Timestamp:        0.000000    ID:      706    S Rx     F BS       DL:  8    30 08 0a 00 00 00 00 00
2026-07-29 14:45:37,707 [DEBUG] Tx: <706> (08) [ ]	 30080a0000000000
2026-07-29 14:45:37,709 [DEBUG] We've been asked to write a message to the bus
2026-07-29 14:45:37,711 [DEBUG] sending: Timestamp:        0.000000    ID:      706    S Rx     F BS       DL:  8    30 08 0a 00 00 00 00 00
2026-07-29 14:45:37,717 [DEBUG] TxState=IDLE - RxState=WAIT_CF
2026-07-29 14:45:37,720 [DEBUG] Rx: <70E> (08) [p]	 2100000000aaaaaa
2026-07-29 14:45:37,765 [INFO] TC_ID-798 - Received: 62C106FA000000000000
2026-07-29 14:45:37,766 [WARNING] TC_ID-798 - PreCondition: PC_ID-024  Testcase:RH seat vent fail detection read   information_Read(Default session) -> ❌ FAIL - Expected 100A62C106FA000000000000AAAAAAAA
2026-07-29 14:45:37,767 [DEBUG] Stopping CanStack
2026-07-29 14:45:37,768 [DEBUG] TxState=IDLE - RxState=IDLE
2026-07-29 14:45:37,769 [DEBUG] Main thread is exiting
2026-07-29 14:45:37,815 [DEBUG] CanStack Stopped
2026-07-29 14:45:37,816 [INFO] Connection closed
2026-07-29 14:45:37,817 [INFO] Running Test Case: TC_ID-799
2026-07-29 14:45:37,817 [DEBUG] Starting CanStack
2026-07-29 14:45:37,819 [DEBUG] Main thread has started
2026-07-29 14:45:37,821 [DEBUG] Relay thread has started
2026-07-29 14:45:37,823 [INFO] Connection opened
2026-07-29 14:45:37,824 [INFO] Switched to physical mode for TC: TC_ID-799 Step: PreCondition: PC_ID-024  Testcase:Verify incorrect msg length NRC for LH seat vent fail detection read information (22 C1 06 01)
2026-07-29 14:45:37,825 [INFO] TC_ID-799 - PreCondition: PC_ID-024  Testcase:Verify incorrect msg length NRC for LH seat vent fail detection read information (22 C1 06 01): SID=0x22, Sub=0xC10601, Expected=[3, 127, 34, 19, 170, 170, 170, 170]
2026-07-29 14:45:37,943 [INFO] TC_ID-799 - PreCondition: PC_ID-024  Testcase:Verify incorrect msg length NRC for LH seat vent fail detection read information (22 C1 06 01): Sending request 22C10601
2026-07-29 14:45:37,944 [INFO] TC_ID-799 - PreCondition: PC_ID-024  Testcase:Verify incorrect msg length NRC for LH seat vent fail detection read information (22 C1 06 01): Sending request 22C10601
2026-07-29 14:45:37,945 [DEBUG] Sending 4 bytes : [22c10601]
2026-07-29 14:45:37,946 [DEBUG] Enqueuing a SendRequest for 4 bytes and TAT=Physical
2026-07-29 14:45:37,948 [DEBUG] Tx: <706> (08) [ ]	 0422c10601000000
2026-07-29 14:45:37,949 [DEBUG] We've been asked to write a message to the bus
2026-07-29 14:45:37,950 [DEBUG] sending: Timestamp:        0.000000    ID:      706    S Rx     F BS       DL:  8    04 22 c1 06 01 00 00 00
2026-07-29 14:45:37,978 [DEBUG] Rx: <70E> (08) [p]	 037f2213aaaaaaaa
2026-07-29 14:45:38,028 [INFO] TC_ID-799 - Received: 7F2213
2026-07-29 14:45:38,029 [WARNING] TC_ID-799 - PreCondition: PC_ID-024  Testcase:Verify incorrect msg length NRC for LH seat vent fail detection read information (22 C1 06 01) -> ❌ FAIL - Expected 037F2213AAAAAAAA
2026-07-29 14:45:38,031 [DEBUG] Stopping CanStack
2026-07-29 14:45:38,032 [DEBUG] Main thread is exiting
2026-07-29 14:45:38,079 [DEBUG] CanStack Stopped
2026-07-29 14:45:38,083 [INFO] Connection closed
2026-07-29 14:45:38,084 [INFO] Running Test Case: TC_ID-800
2026-07-29 14:45:38,085 [DEBUG] Starting CanStack
2026-07-29 14:45:38,086 [DEBUG] Main thread has started
2026-07-29 14:45:38,088 [DEBUG] Relay thread has started
2026-07-29 14:45:38,089 [INFO] Connection opened
2026-07-29 14:45:38,090 [INFO] Switched to physical mode for TC: TC_ID-800 Step: PreCondition: PC_ID-024  Testcase:Log frame data read  information_Read(Default session)
2026-07-29 14:45:38,091 [INFO] TC_ID-800 - PreCondition: PC_ID-024  Testcase:Log frame data read  information_Read(Default session): SID=0x22, Sub=0xCF10, Expected=[16, 50, 98, 207, 16, 239, 199, 126, 0, 4, 10, 4, 4, 9, 4, 239, 192, 0, 0, 4, 9, 4, 170, 170, 170]
2026-07-29 14:45:38,189 [INFO] TC_ID-800 - PreCondition: PC_ID-024  Testcase:Log frame data read  information_Read(Default session): Sending request 22CF10
2026-07-29 14:45:38,190 [INFO] TC_ID-800 - PreCondition: PC_ID-024  Testcase:Log frame data read  information_Read(Default session): Sending request 22CF10
2026-07-29 14:45:38,191 [DEBUG] Sending 3 bytes : [22cf10]
2026-07-29 14:45:38,192 [DEBUG] Enqueuing a SendRequest for 3 bytes and TAT=Physical
2026-07-29 14:45:38,194 [DEBUG] Tx: <706> (08) [ ]	 0322cf1000000000
2026-07-29 14:45:38,195 [DEBUG] We've been asked to write a message to the bus
2026-07-29 14:45:38,196 [DEBUG] sending: Timestamp:        0.000000    ID:      706    S Rx     F BS       DL:  8    03 22 cf 10 00 00 00 00
2026-07-29 14:45:38,220 [DEBUG] We've been asked to write a message to the bus
2026-07-29 14:45:38,221 [DEBUG] Rx: <70E> (08) [p]	 101462cf10efc77e
2026-07-29 14:45:38,222 [DEBUG] sending: Timestamp:        0.000000    ID:      706    S Rx     F BS       DL:  8    30 08 0a 00 00 00 00 00
2026-07-29 14:45:38,223 [DEBUG] Tx: <706> (08) [ ]	 30080a0000000000
2026-07-29 14:45:38,226 [DEBUG] We've been asked to write a message to the bus
2026-07-29 14:45:38,228 [DEBUG] sending: Timestamp:        0.000000    ID:      706    S Rx     F BS       DL:  8    30 08 0a 00 00 00 00 00
2026-07-29 14:45:38,230 [DEBUG] TxState=IDLE - RxState=WAIT_CF
2026-07-29 14:45:38,233 [DEBUG] Rx: <70E> (08) [p]	 2100040a04040904
2026-07-29 14:45:38,247 [INFO] TC_ID-800 PreCondition: PC_ID-024  Testcase:Log frame data read  information_Read(Default session) -> Response shorter than expected (20/50). Waiting for remaining payload.
2026-07-29 14:45:38,253 [DEBUG] Rx: <70E> (08) [p]	 22efc00000040904
2026-07-29 14:45:38,259 [DEBUG] Received 20 bytes : [62cf10efc77e00040a04040904efc00000040904]
2026-07-29 14:45:38,309 [DEBUG] TxState=IDLE - RxState=IDLE
2026-07-29 14:45:43,263 [DEBUG] No data received: [TimeoutException] - Did not receive IsoTP frame from the Transport layer in time (timeout=5.0 sec) 
2026-07-29 14:45:43,264 [WARNING] TC_ID-800 PreCondition: PC_ID-024  Testcase:Log frame data read  information_Read(Default session) -> Timed out while extending response (40/50)
2026-07-29 14:45:43,315 [INFO] TC_ID-800 - Received: 62CF10EFC77E00040A04040904EFC0000004090462CF10EFC77E00040A04040904EFC00000040904
2026-07-29 14:45:43,317 [WARNING] TC_ID-800 - PreCondition: PC_ID-024  Testcase:Log frame data read  information_Read(Default session) -> ❌ FAIL - Expected 103262CF10EFC77E00040A04040904EFC00000040904AAAAAA
2026-07-29 14:45:43,318 [DEBUG] Stopping CanStack
2026-07-29 14:45:43,320 [DEBUG] Main thread is exiting
2026-07-29 14:45:43,324 [DEBUG] CanStack Stopped
2026-07-29 14:45:43,326 [INFO] Connection closed
2026-07-29 14:45:43,327 [INFO] Running Test Case: TC_ID-801
2026-07-29 14:45:43,328 [DEBUG] Starting CanStack
2026-07-29 14:45:43,330 [DEBUG] Main thread has started
2026-07-29 14:45:43,334 [DEBUG] Relay thread has started
2026-07-29 14:45:43,335 [INFO] Connection opened
2026-07-29 14:45:43,336 [INFO] Switched to physical mode for TC: TC_ID-801 Step: PreCondition: PC_ID-024  Testcase:Verify incorrect msg length NRC for Log frame data read information (22 CF 10 01)
2026-07-29 14:45:43,337 [INFO] TC_ID-801 - PreCondition: PC_ID-024  Testcase:Verify incorrect msg length NRC for Log frame data read information (22 CF 10 01): SID=0x22, Sub=0xCF1001, Expected=[3, 127, 34, 19, 170, 170, 170, 170]
2026-07-29 14:45:43,448 [INFO] TC_ID-801 - PreCondition: PC_ID-024  Testcase:Verify incorrect msg length NRC for Log frame data read information (22 CF 10 01): Sending request 22CF1001
2026-07-29 14:45:43,449 [INFO] TC_ID-801 - PreCondition: PC_ID-024  Testcase:Verify incorrect msg length NRC for Log frame data read information (22 CF 10 01): Sending request 22CF1001
2026-07-29 14:45:43,449 [DEBUG] Sending 4 bytes : [22cf1001]
2026-07-29 14:45:43,450 [DEBUG] Enqueuing a SendRequest for 4 bytes and TAT=Physical
2026-07-29 14:45:43,451 [DEBUG] Tx: <706> (08) [ ]	 0422cf1001000000
2026-07-29 14:45:43,452 [DEBUG] We've been asked to write a message to the bus
2026-07-29 14:45:43,453 [DEBUG] sending: Timestamp:        0.000000    ID:      706    S Rx     F BS       DL:  8    04 22 cf 10 01 00 00 00
2026-07-29 14:45:43,511 [WARNING] TC_ID-801 - No response received
2026-07-29 14:45:43,513 [DEBUG] Stopping CanStack
2026-07-29 14:45:43,523 [DEBUG] Main thread is exiting
2026-07-29 14:45:43,532 [DEBUG] CanStack Stopped
2026-07-29 14:45:43,533 [INFO] Connection closed
2026-07-29 14:45:43,539 [INFO] Running Test Case: TC_ID-802
2026-07-29 14:45:43,541 [DEBUG] Starting CanStack
2026-07-29 14:45:43,547 [DEBUG] Main thread has started
2026-07-29 14:45:43,553 [DEBUG] Relay thread has started
2026-07-29 14:45:43,557 [INFO] Connection opened
2026-07-29 14:45:43,559 [INFO] Switched to physical mode for TC: TC_ID-802 Step: PreCondition: PC_ID-024  Testcase:Non-Sleep ECU data Identifier_Read(Default session)
2026-07-29 14:45:43,561 [INFO] TC_ID-802 - PreCondition: PC_ID-024  Testcase:Non-Sleep ECU data Identifier_Read(Default session): SID=0x22, Sub=0xED90, Expected=[16, 9, 98, 237, 144, 240, 0, 0, 0, 8, 0, 170, 170, 170, 170, 170]
2026-07-29 14:45:43,672 [INFO] TC_ID-802 - PreCondition: PC_ID-024  Testcase:Non-Sleep ECU data Identifier_Read(Default session): Sending request 22ED90
2026-07-29 14:45:43,673 [INFO] TC_ID-802 - PreCondition: PC_ID-024  Testcase:Non-Sleep ECU data Identifier_Read(Default session): Sending request 22ED90
2026-07-29 14:45:43,785 [DEBUG] Sending 3 bytes : [22ed90]
2026-07-29 14:45:43,787 [DEBUG] Enqueuing a SendRequest for 3 bytes and TAT=Physical
2026-07-29 14:45:43,789 [DEBUG] Tx: <706> (08) [ ]	 0322ed9000000000
2026-07-29 14:45:43,790 [DEBUG] We've been asked to write a message to the bus
2026-07-29 14:45:43,792 [DEBUG] sending: Timestamp:        0.000000    ID:      706    S Rx     F BS       DL:  8    03 22 ed 90 00 00 00 00
2026-07-29 14:45:43,820 [DEBUG] We've been asked to write a message to the bus
2026-07-29 14:45:43,822 [DEBUG] sending: Timestamp:        0.000000    ID:      706    S Rx     F BS       DL:  8    30 08 0a 00 00 00 00 00
2026-07-29 14:45:43,875 [INFO] TC_ID-802 - Received: 62ED90F00000000800
2026-07-29 14:45:43,876 [WARNING] TC_ID-802 - PreCondition: PC_ID-024  Testcase:Non-Sleep ECU data Identifier_Read(Default session) -> ❌ FAIL - Expected 100962ED90F00000000800AAAAAAAAAA
2026-07-29 14:45:43,878 [DEBUG] Stopping CanStack
2026-07-29 14:45:43,879 [DEBUG] Main thread is exiting
2026-07-29 14:45:43,882 [DEBUG] CanStack Stopped
2026-07-29 14:45:43,883 [INFO] Connection closed
2026-07-29 14:45:43,884 [INFO] Running Test Case: TC_ID-803
2026-07-29 14:45:43,885 [DEBUG] Starting CanStack
2026-07-29 14:45:43,886 [DEBUG] Main thread has started
2026-07-29 14:45:43,887 [DEBUG] Relay thread has started
2026-07-29 14:45:43,889 [INFO] Connection opened
2026-07-29 14:45:43,891 [INFO] Switched to physical mode for TC: TC_ID-803 Step: PreCondition: PC_ID-024  Testcase:Verify incorrect msg length NRC for Non-Sleep ECU data Identifier (22 ED 90 01)
2026-07-29 14:45:43,894 [INFO] TC_ID-803 - PreCondition: PC_ID-024  Testcase:Verify incorrect msg length NRC for Non-Sleep ECU data Identifier (22 ED 90 01): SID=0x22, Sub=0xED9001, Expected=[3, 127, 34, 19, 170, 170, 170, 170]
2026-07-29 14:45:44,028 [INFO] TC_ID-803 - PreCondition: PC_ID-024  Testcase:Verify incorrect msg length NRC for Non-Sleep ECU data Identifier (22 ED 90 01): Sending request 22ED9001
2026-07-29 14:45:44,029 [INFO] TC_ID-803 - PreCondition: PC_ID-024  Testcase:Verify incorrect msg length NRC for Non-Sleep ECU data Identifier (22 ED 90 01): Sending request 22ED9001
2026-07-29 14:45:44,030 [DEBUG] Sending 4 bytes : [22ed9001]
2026-07-29 14:45:44,030 [DEBUG] Enqueuing a SendRequest for 4 bytes and TAT=Physical
2026-07-29 14:45:44,031 [DEBUG] Tx: <706> (08) [ ]	 0422ed9001000000
2026-07-29 14:45:44,032 [DEBUG] We've been asked to write a message to the bus
2026-07-29 14:45:44,032 [DEBUG] sending: Timestamp:        0.000000    ID:      706    S Rx     F BS       DL:  8    04 22 ed 90 01 00 00 00
2026-07-29 14:45:44,104 [INFO] TC_ID-803 - Received: 7F2213
2026-07-29 14:45:44,108 [WARNING] TC_ID-803 - PreCondition: PC_ID-024  Testcase:Verify incorrect msg length NRC for Non-Sleep ECU data Identifier (22 ED 90 01) -> ❌ FAIL - Expected 037F2213AAAAAAAA
2026-07-29 14:45:44,111 [DEBUG] Stopping CanStack
2026-07-29 14:45:44,112 [DEBUG] Main thread is exiting
2026-07-29 14:45:44,121 [DEBUG] CanStack Stopped
2026-07-29 14:45:44,123 [INFO] Connection closed
2026-07-29 14:45:44,124 [INFO] Running Test Case: TC_ID-804
2026-07-29 14:45:44,125 [ERROR] ----------------------------------TC_ID-804 PreCondition: PC_ID-024 -> EXCEPTION - Unsupported or unconfigured addressing mode: ----------------------------------
2026-07-29 14:45:44,125 [INFO] Running Test Case: TC_ID-805
2026-07-29 14:45:44,127 [ERROR] ----------------------------------TC_ID-805 PreCondition: PC_ID-024 -> EXCEPTION - Unsupported or unconfigured addressing mode: ----------------------------------
2026-07-29 14:45:44,128 [INFO] Running Test Case: TC_ID-806
2026-07-29 14:45:44,129 [ERROR] ----------------------------------TC_ID-806 PreCondition: PC_ID-024 -> EXCEPTION - Unsupported or unconfigured addressing mode: ----------------------------------
2026-07-29 14:45:44,131 [INFO] Running Test Case: TC_ID-807
2026-07-29 14:45:44,132 [ERROR] ----------------------------------TC_ID-807 PreCondition: PC_ID-024 -> EXCEPTION - Unsupported or unconfigured addressing mode: ----------------------------------
2026-07-29 14:45:44,133 [INFO] Running Test Case: TC_ID-808
2026-07-29 14:45:44,134 [ERROR] ----------------------------------TC_ID-808 PreCondition: PC_ID-024 -> EXCEPTION - Unsupported or unconfigured addressing mode: ----------------------------------
2026-07-29 14:45:44,135 [INFO] Running Test Case: TC_ID-809
2026-07-29 14:45:44,136 [ERROR] ----------------------------------TC_ID-809 PreCondition: PC_ID-024 -> EXCEPTION - Unsupported or unconfigured addressing mode: ----------------------------------
2026-07-29 14:45:44,137 [INFO] Running Test Case: TC_ID-810
2026-07-29 14:45:44,138 [ERROR] ----------------------------------TC_ID-810 PreCondition: PC_ID-024 -> EXCEPTION - Unsupported or unconfigured addressing mode: ----------------------------------
2026-07-29 14:45:44,140 [INFO] Running Test Case: TC_ID-811
2026-07-29 14:45:44,144 [ERROR] ----------------------------------TC_ID-811 PreCondition: PC_ID-024 -> EXCEPTION - Unsupported or unconfigured addressing mode: ----------------------------------
2026-07-29 14:45:44,148 [INFO] Running Test Case: TC_ID-812
2026-07-29 14:45:44,150 [ERROR] ----------------------------------TC_ID-812 PreCondition: PC_ID-024 -> EXCEPTION - Unsupported or unconfigured addressing mode: ----------------------------------
2026-07-29 14:45:44,154 [INFO] Running Test Case: TC_ID-813
2026-07-29 14:45:44,156 [ERROR] ----------------------------------TC_ID-813 PreCondition: PC_ID-024 -> EXCEPTION - Unsupported or unconfigured addressing mode: ----------------------------------
2026-07-29 14:45:44,157 [INFO] Running Test Case: TC_ID-814
2026-07-29 14:45:44,158 [ERROR] ----------------------------------TC_ID-814 PreCondition: PC_ID-024 -> EXCEPTION - Unsupported or unconfigured addressing mode: ----------------------------------
2026-07-29 14:45:44,159 [INFO] Running Test Case: TC_ID-815
2026-07-29 14:45:44,160 [ERROR] ----------------------------------TC_ID-815 PreCondition: PC_ID-024 -> EXCEPTION - Unsupported or unconfigured addressing mode: ----------------------------------
2026-07-29 14:45:44,161 [INFO] Running Test Case: TC_ID-816
2026-07-29 14:45:44,162 [ERROR] ----------------------------------TC_ID-816 PreCondition: PC_ID-024 -> EXCEPTION - Unsupported or unconfigured addressing mode: ----------------------------------
2026-07-29 14:45:44,163 [INFO] Running Test Case: TC_ID-817
2026-07-29 14:45:44,164 [ERROR] ----------------------------------TC_ID-817 PreCondition: PC_ID-024 -> EXCEPTION - Unsupported or unconfigured addressing mode: ----------------------------------
2026-07-29 14:45:44,165 [INFO] Running Test Case: TC_ID-818
2026-07-29 14:45:44,167 [ERROR] ----------------------------------TC_ID-818 PreCondition: PC_ID-024 -> EXCEPTION - Unsupported or unconfigured addressing mode: ----------------------------------
2026-07-29 14:45:44,168 [INFO] Running Test Case: TC_ID-819
2026-07-29 14:45:44,170 [ERROR] ----------------------------------TC_ID-819 PreCondition: PC_ID-024 -> EXCEPTION - Unsupported or unconfigured addressing mode: ----------------------------------
2026-07-29 14:45:44,171 [INFO] Running Test Case: TC_ID-820
2026-07-29 14:45:44,172 [ERROR] ----------------------------------TC_ID-820 PreCondition: PC_ID-024 -> EXCEPTION - Unsupported or unconfigured addressing mode: ----------------------------------
2026-07-29 14:45:44,173 [INFO] Running Test Case: TC_ID-821
2026-07-29 14:45:44,173 [ERROR] ----------------------------------TC_ID-821 PreCondition: PC_ID-024 -> EXCEPTION - Unsupported or unconfigured addressing mode: ----------------------------------
2026-07-29 14:45:44,174 [INFO] Running Test Case: TC_ID-822
2026-07-29 14:45:44,175 [ERROR] ----------------------------------TC_ID-822 PreCondition: PC_ID-024 -> EXCEPTION - Unsupported or unconfigured addressing mode: ----------------------------------
2026-07-29 14:45:44,175 [INFO] Running Test Case: TC_ID-823
2026-07-29 14:45:44,176 [DEBUG] Starting CanStack
2026-07-29 14:45:44,178 [DEBUG] Main thread has started
2026-07-29 14:45:44,180 [DEBUG] Relay thread has started
2026-07-29 14:45:44,182 [INFO] Connection opened
2026-07-29 14:45:44,184 [INFO] Switched to physical mode for TC: TC_ID-823 Step: PreCondition: PC_ID-023  Testcase:Verify SHVU Front Diagnostics CAN request and response ID's
2026-07-29 14:45:44,185 [INFO] TC_ID-823 - PreCondition: PC_ID-023  Testcase:Verify SHVU Front Diagnostics CAN request and response ID's: SID=0x10, Sub=0x01, Expected=[6, 80, 1, 0, 50, 1, 244, 170]
2026-07-29 14:45:44,294 [INFO] TC_ID-823 - PreCondition: PC_ID-023  Testcase:Verify SHVU Front Diagnostics CAN request and response ID's: Sending 1001
2026-07-29 14:45:44,354 [INFO] TC_ID-823 - PreCondition: PC_ID-023  Testcase:Verify SHVU Front Diagnostics CAN request and response ID's: Sending request 1001
2026-07-29 14:45:44,359 [DEBUG] Sending 2 bytes : [1001]
2026-07-29 14:45:44,364 [DEBUG] Enqueuing a SendRequest for 2 bytes and TAT=Physical
2026-07-29 14:45:44,367 [DEBUG] Tx: <706> (08) [ ]	 0210010000000000
2026-07-29 14:45:44,368 [DEBUG] We've been asked to write a message to the bus
2026-07-29 14:45:44,369 [DEBUG] sending: Timestamp:        0.000000    ID:      706    S Rx     F BS       DL:  8    02 10 01 00 00 00 00 00
2026-07-29 14:45:44,392 [INFO] TC_ID-823 - Received: 5001003201F4
2026-07-29 14:45:44,396 [WARNING] TC_ID-823 - PreCondition: PC_ID-023  Testcase:Verify SHVU Front Diagnostics CAN request and response ID's -> FAIL - Unexpected response
2026-07-29 14:45:44,399 [DEBUG] Stopping CanStack
2026-07-29 14:45:44,403 [DEBUG] Main thread is exiting
2026-07-29 14:45:44,408 [DEBUG] CanStack Stopped
2026-07-29 14:45:44,409 [INFO] Connection closed
2026-07-29 14:45:44,409 [INFO] Running Test Case: TC_ID-824
2026-07-29 14:45:44,410 [DEBUG] Starting CanStack
2026-07-29 14:45:44,412 [DEBUG] Main thread has started
2026-07-29 14:45:44,414 [DEBUG] Relay thread has started
2026-07-29 14:45:44,416 [INFO] Connection opened
2026-07-29 14:45:44,418 [INFO] Switched to physical mode for TC: TC_ID-824 Step: PreCondition: PC_ID-023  Testcase:Start Default session
2026-07-29 14:45:44,419 [INFO] TC_ID-824 - PreCondition: PC_ID-023  Testcase:Start Default session: SID=0x10, Sub=0x01, Expected=[6, 80, 1, 0, 50, 1, 244, 170]
2026-07-29 14:45:44,503 [INFO] TC_ID-824 - PreCondition: PC_ID-023  Testcase:Start Default session: Sending 1001
2026-07-29 14:45:44,555 [INFO] TC_ID-824 - PreCondition: PC_ID-023  Testcase:Start Default session: Sending request 1001
2026-07-29 14:45:44,556 [DEBUG] Sending 2 bytes : [1001]
2026-07-29 14:45:44,557 [DEBUG] Enqueuing a SendRequest for 2 bytes and TAT=Physical
2026-07-29 14:45:44,559 [DEBUG] Tx: <706> (08) [ ]	 0210010000000000
2026-07-29 14:45:44,560 [DEBUG] We've been asked to write a message to the bus
2026-07-29 14:45:44,560 [DEBUG] sending: Timestamp:        0.000000    ID:      706    S Rx     F BS       DL:  8    02 10 01 00 00 00 00 00
2026-07-29 14:45:44,564 [WARNING] TC_ID-824 - No response received
2026-07-29 14:45:44,643 [DEBUG] Stopping CanStack
2026-07-29 14:45:44,645 [DEBUG] Main thread is exiting
2026-07-29 14:45:44,652 [DEBUG] CanStack Stopped
2026-07-29 14:45:44,653 [INFO] Connection closed
2026-07-29 14:45:44,653 [INFO] Running Test Case: TC_ID-825
2026-07-29 14:45:44,654 [DEBUG] Starting CanStack
2026-07-29 14:45:44,655 [DEBUG] Main thread has started
2026-07-29 14:45:44,656 [DEBUG] Relay thread has started
2026-07-29 14:45:44,659 [INFO] Connection opened
2026-07-29 14:45:44,660 [INFO] Switched to physical mode for TC: TC_ID-825 Step: PreCondition: PC_ID-023  Testcase:Read DTC Past(19 02 09)
2026-07-29 14:45:44,661 [INFO] TC_ID-825 - PreCondition: PC_ID-023  Testcase:Read DTC Past(19 02 09): SID=0x19, Sub=0x02, Expected=[7, 89, 2, 9, 167, 19, 0, 8]
2026-07-29 14:45:44,739 [INFO] TC_ID-825 - PreCondition: PC_ID-023  Testcase:Read DTC Past(19 02 09): Sending 190209
2026-07-29 14:45:44,740 [INFO] TC_ID-825 - PreCondition: PC_ID-023  Testcase:Read DTC Past(19 02 09): Sending request 190209
2026-07-29 14:45:44,741 [DEBUG] Sending 3 bytes : [190209]
2026-07-29 14:45:44,742 [DEBUG] Enqueuing a SendRequest for 3 bytes and TAT=Physical
2026-07-29 14:45:44,743 [DEBUG] Tx: <706> (08) [ ]	 0319020900000000
2026-07-29 14:45:44,744 [DEBUG] We've been asked to write a message to the bus
2026-07-29 14:45:44,745 [DEBUG] sending: Timestamp:        0.000000    ID:      706    S Rx     F BS       DL:  8    03 19 02 09 00 00 00 00
2026-07-29 14:45:44,761 [DEBUG] Stopping CanStack
2026-07-29 14:45:44,763 [DEBUG] Main thread is exiting
2026-07-29 14:45:44,768 [DEBUG] CanStack Stopped
2026-07-29 14:45:44,769 [INFO] Connection closed
2026-07-29 14:45:44,769 [INFO] Running Test Case: TC_ID-826
2026-07-29 14:45:44,770 [DEBUG] Starting CanStack
2026-07-29 14:45:44,772 [DEBUG] Main thread has started
2026-07-29 14:45:44,774 [DEBUG] Relay thread has started
2026-07-29 14:45:44,776 [INFO] Connection opened
2026-07-29 14:45:44,777 [INFO] Switched to physical mode for TC: TC_ID-826 Step: PreCondition: PC_ID-024  Testcase:Verify CAN bus off error (19 02 09)
2026-07-29 14:45:44,778 [INFO] TC_ID-826 - PreCondition: PC_ID-024  Testcase:Verify CAN bus off error (19 02 09): SID=0x19, Sub=0x02, Expected=[7, 89, 2, 9, 167, 19, 0, 8]
2026-07-29 14:45:44,856 [INFO] TC_ID-826 - PreCondition: PC_ID-024  Testcase:Verify CAN bus off error (19 02 09): Sending 190209
2026-07-29 14:45:44,857 [INFO] TC_ID-826 - PreCondition: PC_ID-024  Testcase:Verify CAN bus off error (19 02 09): Sending request 190209
2026-07-29 14:45:44,857 [DEBUG] Sending 3 bytes : [190209]
2026-07-29 14:45:44,859 [DEBUG] Enqueuing a SendRequest for 3 bytes and TAT=Physical
2026-07-29 14:45:44,860 [DEBUG] Tx: <706> (08) [ ]	 0319020900000000
2026-07-29 14:45:44,860 [DEBUG] We've been asked to write a message to the bus
2026-07-29 14:45:44,861 [DEBUG] sending: Timestamp:        0.000000    ID:      706    S Rx     F BS       DL:  8    03 19 02 09 00 00 00 00
2026-07-29 14:45:44,870 [DEBUG] Stopping CanStack
2026-07-29 14:45:44,873 [DEBUG] Main thread is exiting
2026-07-29 14:45:44,888 [DEBUG] CanStack Stopped
2026-07-29 14:45:44,889 [INFO] Connection closed
2026-07-29 14:45:44,889 [INFO] Running Test Case: PC_ID-028
2026-07-29 14:45:44,890 [DEBUG] Starting CanStack
2026-07-29 14:45:44,892 [DEBUG] Main thread has started
2026-07-29 14:45:44,893 [DEBUG] Relay thread has started
2026-07-29 14:45:44,895 [INFO] Connection opened
2026-07-29 14:45:44,896 [INFO] Switched to physical mode for TC: PC_ID-028 Step: Start Programming  session
2026-07-29 14:45:44,897 [INFO] PC_ID-028 - Start Programming  session: SID=0x10, Sub=0x02, Expected=[6, 80, 2, 0, 50, 1, 244, 170]
2026-07-29 14:45:44,958 [INFO] PC_ID-028 - Start Programming  session: Sending 1002
2026-07-29 14:45:45,011 [INFO] PC_ID-028 - Start Programming  session: Sending request 1002
2026-07-29 14:45:45,012 [DEBUG] Sending 2 bytes : [1002]
2026-07-29 14:45:45,014 [DEBUG] Enqueuing a SendRequest for 2 bytes and TAT=Physical
2026-07-29 14:45:45,016 [DEBUG] Tx: <706> (08) [ ]	 0210020000000000
2026-07-29 14:45:45,017 [DEBUG] We've been asked to write a message to the bus
2026-07-29 14:45:45,018 [DEBUG] sending: Timestamp:        0.000000    ID:      706    S Rx     F BS       DL:  8    02 10 02 00 00 00 00 00
2026-07-29 14:45:45,310 [INFO] PC_ID-028 - Received: 5002003201F4
2026-07-29 14:45:45,311 [WARNING] PC_ID-028 - Start Programming  session -> FAIL - Unexpected response
2026-07-29 14:45:45,312 [DEBUG] Stopping CanStack
2026-07-29 14:45:45,312 [DEBUG] Main thread is exiting
2026-07-29 14:45:45,319 [DEBUG] CanStack Stopped
2026-07-29 14:45:45,319 [INFO] Connection closed
2026-07-29 14:45:45,320 [INFO] Running Test Case: TC_ID-827
2026-07-29 14:45:45,321 [DEBUG] Starting CanStack
2026-07-29 14:45:45,322 [DEBUG] Main thread has started
2026-07-29 14:45:45,323 [DEBUG] Relay thread has started
2026-07-29 14:45:45,324 [INFO] Connection opened
2026-07-29 14:45:45,325 [INFO] Switched to physical mode for TC: TC_ID-827 Step: PreCondition: PC_ID-028  Testcase:Verify CAN bus off error (19 02 09)
2026-07-29 14:45:45,326 [INFO] TC_ID-827 - PreCondition: PC_ID-028  Testcase:Verify CAN bus off error (19 02 09): SID=0x19, Sub=0x02, Expected=[3, 127, 25, 17, 170, 170, 170]
2026-07-29 14:45:45,401 [INFO] TC_ID-827 - PreCondition: PC_ID-028  Testcase:Verify CAN bus off error (19 02 09): Sending 190209
2026-07-29 14:45:45,402 [INFO] TC_ID-827 - PreCondition: PC_ID-028  Testcase:Verify CAN bus off error (19 02 09): Sending request 190209
2026-07-29 14:45:45,403 [DEBUG] Sending 3 bytes : [190209]
2026-07-29 14:45:45,403 [DEBUG] Enqueuing a SendRequest for 3 bytes and TAT=Physical
2026-07-29 14:45:45,404 [DEBUG] Tx: <706> (08) [ ]	 0319020900000000
2026-07-29 14:45:45,405 [DEBUG] We've been asked to write a message to the bus
2026-07-29 14:45:45,405 [DEBUG] sending: Timestamp:        0.000000    ID:      706    S Rx     F BS       DL:  8    03 19 02 09 00 00 00 00
2026-07-29 14:45:45,410 [DEBUG] Stopping CanStack
2026-07-29 14:45:45,411 [DEBUG] Main thread is exiting
2026-07-29 14:45:45,413 [DEBUG] CanStack Stopped
2026-07-29 14:45:45,414 [INFO] Connection closed
2026-07-29 14:45:45,414 [INFO] Running Test Case: TC_ID-828
2026-07-29 14:45:45,415 [DEBUG] Starting CanStack
2026-07-29 14:45:45,416 [DEBUG] Main thread has started
2026-07-29 14:45:45,417 [DEBUG] Relay thread has started
2026-07-29 14:45:45,418 [INFO] Connection opened
2026-07-29 14:45:45,419 [INFO] Switched to physical mode for TC: TC_ID-828 Step: PreCondition: PC_ID-023  Testcase:Verify report Read DTC in past (19 02 08)
2026-07-29 14:45:45,420 [INFO] TC_ID-828 - PreCondition: PC_ID-023  Testcase:Verify report Read DTC in past (19 02 08): SID=0x19, Sub=0x02, Expected=[3, 89, 2, 8, 170, 170, 170, 170]
2026-07-29 14:45:45,503 [INFO] TC_ID-828 - PreCondition: PC_ID-023  Testcase:Verify report Read DTC in past (19 02 08): Sending 190208
2026-07-29 14:45:45,504 [INFO] TC_ID-828 - PreCondition: PC_ID-023  Testcase:Verify report Read DTC in past (19 02 08): Sending request 190208
2026-07-29 14:45:45,505 [DEBUG] Sending 3 bytes : [190208]
2026-07-29 14:45:45,505 [DEBUG] Enqueuing a SendRequest for 3 bytes and TAT=Physical
2026-07-29 14:45:45,506 [DEBUG] Tx: <706> (08) [ ]	 0319020800000000
2026-07-29 14:45:45,507 [DEBUG] We've been asked to write a message to the bus
2026-07-29 14:45:45,507 [DEBUG] sending: Timestamp:        0.000000    ID:      706    S Rx     F BS       DL:  8    03 19 02 08 00 00 00 00
2026-07-29 14:45:45,520 [DEBUG] Stopping CanStack
2026-07-29 14:45:45,523 [DEBUG] Main thread is exiting
2026-07-29 14:45:45,525 [DEBUG] CanStack Stopped
2026-07-29 14:45:45,527 [INFO] Connection closed
2026-07-29 14:45:45,528 [INFO] Running Test Case: TC_ID-829
2026-07-29 14:45:45,529 [DEBUG] Starting CanStack
2026-07-29 14:45:45,531 [DEBUG] Main thread has started
2026-07-29 14:45:45,534 [DEBUG] Relay thread has started
2026-07-29 14:45:45,536 [INFO] Connection opened
2026-07-29 14:45:45,537 [INFO] Switched to physical mode for TC: TC_ID-829 Step: PreCondition: PC_ID-024  Testcase:Verify report Read DTC in past (19 02 08)
2026-07-29 14:45:45,538 [INFO] TC_ID-829 - PreCondition: PC_ID-024  Testcase:Verify report Read DTC in past (19 02 08): SID=0x19, Sub=0x02, Expected=[3, 89, 2, 8, 170, 170, 170, 170]
2026-07-29 14:45:45,621 [INFO] TC_ID-829 - PreCondition: PC_ID-024  Testcase:Verify report Read DTC in past (19 02 08): Sending 190208
2026-07-29 14:45:45,622 [INFO] TC_ID-829 - PreCondition: PC_ID-024  Testcase:Verify report Read DTC in past (19 02 08): Sending request 190208
2026-07-29 14:45:45,623 [DEBUG] Sending 3 bytes : [190208]
2026-07-29 14:45:45,623 [DEBUG] Enqueuing a SendRequest for 3 bytes and TAT=Physical
2026-07-29 14:45:45,624 [DEBUG] Tx: <706> (08) [ ]	 0319020800000000
2026-07-29 14:45:45,625 [DEBUG] We've been asked to write a message to the bus
2026-07-29 14:45:45,625 [DEBUG] sending: Timestamp:        0.000000    ID:      706    S Rx     F BS       DL:  8    03 19 02 08 00 00 00 00
2026-07-29 14:45:45,630 [DEBUG] Stopping CanStack
2026-07-29 14:45:45,631 [DEBUG] Main thread is exiting
2026-07-29 14:45:45,649 [DEBUG] CanStack Stopped
2026-07-29 14:45:45,650 [INFO] Connection closed
2026-07-29 14:45:45,651 [INFO] Running Test Case: TC_ID-830
2026-07-29 14:45:45,653 [DEBUG] Starting CanStack
2026-07-29 14:45:45,655 [DEBUG] Main thread has started
2026-07-29 14:45:45,656 [DEBUG] Relay thread has started
2026-07-29 14:45:45,659 [INFO] Connection opened
2026-07-29 14:45:45,661 [INFO] Switched to physical mode for TC: TC_ID-830 Step: PreCondition: PC_ID-023  Testcase:Verify NRC-sub function not supported in fault memory (19 05 01)
2026-07-29 14:45:45,662 [INFO] TC_ID-830 - PreCondition: PC_ID-023  Testcase:Verify NRC-sub function not supported in fault memory (19 05 01): SID=0x19, Sub=0x06, Expected=[3, 127, 25, 18, 170, 170, 170, 170]
2026-07-29 14:45:45,756 [DEBUG] Stopping CanStack
2026-07-29 14:45:45,757 [DEBUG] Main thread is exiting
2026-07-29 14:45:45,773 [DEBUG] CanStack Stopped
2026-07-29 14:45:45,774 [INFO] Connection closed
2026-07-29 14:45:45,775 [ERROR] ----------------------------------TC_ID-830 PreCondition: PC_ID-023  Testcase:Verify NRC-sub function not supported in fault memory (19 05 01) -> EXCEPTION - invalid literal for int() with base 16: ''----------------------------------
2026-07-29 14:45:45,776 [INFO] Running Test Case: TC_ID-831
2026-07-29 14:45:45,778 [DEBUG] Starting CanStack
2026-07-29 14:45:45,780 [DEBUG] Main thread has started
2026-07-29 14:45:45,782 [DEBUG] Relay thread has started
2026-07-29 14:45:45,784 [INFO] Connection opened
2026-07-29 14:45:45,786 [INFO] Switched to physical mode for TC: TC_ID-831 Step: PreCondition: PC_ID-023  Testcase:Verify NRC-Incorrect message length in fault memory (19 02 08 01)
2026-07-29 14:45:45,788 [INFO] TC_ID-831 - PreCondition: PC_ID-023  Testcase:Verify NRC-Incorrect message length in fault memory (19 02 08 01): SID=0x19, Sub=0x02, Expected=[3, 127, 25, 19, 170, 170, 170, 170]
2026-07-29 14:45:45,903 [DEBUG] Stopping CanStack
2026-07-29 14:45:45,905 [DEBUG] Main thread is exiting
2026-07-29 14:45:45,926 [DEBUG] CanStack Stopped
2026-07-29 14:45:45,928 [INFO] Connection closed
2026-07-29 14:45:45,929 [ERROR] ----------------------------------TC_ID-831 PreCondition: PC_ID-023  Testcase:Verify NRC-Incorrect message length in fault memory (19 02 08 01) -> EXCEPTION - bytes must be in range(0, 256)----------------------------------
2026-07-29 14:45:45,930 [INFO] Running Test Case: TC_ID-832
2026-07-29 14:45:45,931 [DEBUG] Starting CanStack
2026-07-29 14:45:45,932 [DEBUG] Main thread has started
2026-07-29 14:45:45,934 [DEBUG] Relay thread has started
2026-07-29 14:45:45,937 [INFO] Connection opened
2026-07-29 14:45:45,938 [INFO] Switched to physical mode for TC: TC_ID-832 Step: PreCondition: PC_ID-023  Testcase:Verify Clear DTC positive response for all group (14 FF FF FF)
2026-07-29 14:45:45,939 [INFO] TC_ID-832 - PreCondition: PC_ID-023  Testcase:Verify Clear DTC positive response for all group (14 FF FF FF): SID=0x14, Sub=0xFFFFFF, Expected=[1, 84, 170, 170, 170, 170, 170, 170]
2026-07-29 14:45:46,035 [INFO] TC_ID-832 - PreCondition: PC_ID-023  Testcase:Verify Clear DTC positive response for all group (14 FF FF FF): Sending 14FFFFFF
2026-07-29 14:45:46,036 [INFO] TC_ID-832 - PreCondition: PC_ID-023  Testcase:Verify Clear DTC positive response for all group (14 FF FF FF): Sending request 14FFFFFF
2026-07-29 14:45:46,037 [DEBUG] Sending 4 bytes : [14ffffff]
2026-07-29 14:45:46,038 [DEBUG] Enqueuing a SendRequest for 4 bytes and TAT=Physical
2026-07-29 14:45:46,040 [DEBUG] Tx: <706> (08) [ ]	 0414ffffff000000
2026-07-29 14:45:46,040 [DEBUG] We've been asked to write a message to the bus
2026-07-29 14:45:46,041 [DEBUG] sending: Timestamp:        0.000000    ID:      706    S Rx     F BS       DL:  8    04 14 ff ff ff 00 00 00
2026-07-29 14:45:46,050 [DEBUG] Stopping CanStack
2026-07-29 14:45:46,052 [DEBUG] Main thread is exiting
2026-07-29 14:45:46,065 [DEBUG] CanStack Stopped
2026-07-29 14:45:46,066 [INFO] Connection closed
2026-07-29 14:45:46,067 [INFO] Running Test Case: TC_ID-833
2026-07-29 14:45:46,068 [DEBUG] Starting CanStack
2026-07-29 14:45:46,069 [DEBUG] Main thread has started
2026-07-29 14:45:46,071 [DEBUG] Relay thread has started
2026-07-29 14:45:46,073 [INFO] Connection opened
2026-07-29 14:45:46,076 [INFO] Switched to physical mode for TC: TC_ID-833 Step: PreCondition: PC_ID-024  Testcase:Verify Clear DTC positive response for all group (14 FF FF FF)
2026-07-29 14:45:46,077 [INFO] TC_ID-833 - PreCondition: PC_ID-024  Testcase:Verify Clear DTC positive response for all group (14 FF FF FF): SID=0x14, Sub=0xFFFFFF, Expected=[1, 84, 170, 170, 170, 170, 170, 170]
2026-07-29 14:45:46,171 [INFO] TC_ID-833 - PreCondition: PC_ID-024  Testcase:Verify Clear DTC positive response for all group (14 FF FF FF): Sending 14FFFFFF
2026-07-29 14:45:46,174 [INFO] TC_ID-833 - PreCondition: PC_ID-024  Testcase:Verify Clear DTC positive response for all group (14 FF FF FF): Sending request 14FFFFFF
2026-07-29 14:45:46,175 [DEBUG] Sending 4 bytes : [14ffffff]
2026-07-29 14:45:46,176 [DEBUG] Enqueuing a SendRequest for 4 bytes and TAT=Physical
2026-07-29 14:45:46,178 [DEBUG] Tx: <706> (08) [ ]	 0414ffffff000000
2026-07-29 14:45:46,179 [DEBUG] We've been asked to write a message to the bus
2026-07-29 14:45:46,180 [DEBUG] sending: Timestamp:        0.000000    ID:      706    S Rx     F BS       DL:  8    04 14 ff ff ff 00 00 00
2026-07-29 14:45:46,191 [DEBUG] Stopping CanStack
2026-07-29 14:45:46,192 [DEBUG] Main thread is exiting
2026-07-29 14:45:46,208 [DEBUG] CanStack Stopped
2026-07-29 14:45:46,210 [INFO] Connection closed
2026-07-29 14:45:46,212 [INFO] Running Test Case: TC_ID-834
2026-07-29 14:45:46,214 [DEBUG] Starting CanStack
2026-07-29 14:45:46,218 [DEBUG] Main thread has started
2026-07-29 14:45:46,222 [DEBUG] Relay thread has started
2026-07-29 14:45:46,225 [INFO] Connection opened
2026-07-29 14:45:46,227 [INFO] Switched to physical mode for TC: TC_ID-834 Step: PreCondition: PC_ID-023  Testcase:Verify NRC- incorrect message length in Clear Diagnostic information (14 FF FF FF FF)
2026-07-29 14:45:46,228 [INFO] TC_ID-834 - PreCondition: PC_ID-023  Testcase:Verify NRC- incorrect message length in Clear Diagnostic information (14 FF FF FF FF): SID=0x14, Sub=0xFFFFFFFF, Expected=[3, 127, 20, 19, 170, 170, 170, 170]
2026-07-29 14:45:46,337 [INFO] TC_ID-834 - PreCondition: PC_ID-023  Testcase:Verify NRC- incorrect message length in Clear Diagnostic information (14 FF FF FF FF): Sending 14FFFFFFFF
2026-07-29 14:45:46,338 [INFO] TC_ID-834 - PreCondition: PC_ID-023  Testcase:Verify NRC- incorrect message length in Clear Diagnostic information (14 FF FF FF FF): Sending request 14FFFFFFFF
2026-07-29 14:45:46,339 [DEBUG] Sending 5 bytes : [14ffffffff]
2026-07-29 14:45:46,340 [DEBUG] Enqueuing a SendRequest for 5 bytes and TAT=Physical
2026-07-29 14:45:46,341 [DEBUG] Tx: <706> (08) [ ]	 0514ffffffff0000
2026-07-29 14:45:46,342 [DEBUG] We've been asked to write a message to the bus
2026-07-29 14:45:46,343 [DEBUG] sending: Timestamp:        0.000000    ID:      706    S Rx     F BS       DL:  8    05 14 ff ff ff ff 00 00
2026-07-29 14:45:46,351 [DEBUG] Stopping CanStack
2026-07-29 14:45:46,353 [DEBUG] Main thread is exiting
2026-07-29 14:45:46,369 [DEBUG] CanStack Stopped
2026-07-29 14:45:46,370 [INFO] Connection closed
2026-07-29 14:45:46,371 [INFO] Running Test Case: TC_ID-835
2026-07-29 14:45:46,372 [DEBUG] Starting CanStack
2026-07-29 14:45:46,373 [DEBUG] Main thread has started
2026-07-29 14:45:46,375 [DEBUG] Relay thread has started
2026-07-29 14:45:46,376 [INFO] Connection opened
2026-07-29 14:45:46,377 [INFO] Switched to physical mode for TC: TC_ID-835 Step: PreCondition: PC_ID-024  Testcase:Verify positive response for Security Seed Request (27 11)
2026-07-29 14:45:46,378 [INFO] TC_ID-835 - PreCondition: PC_ID-024  Testcase:Verify positive response for Security Seed Request (27 11): SID=0x27, Sub=0x11, Expected=[16, 10, 103, 17, 16, 38, 67, 122, 19, 110, 83, 10]
2026-07-29 14:45:46,476 [INFO] TC_ID-835 - PreCondition: PC_ID-024  Testcase:Verify positive response for Security Seed Request (27 11): Sending request 2711
2026-07-29 14:45:46,477 [DEBUG] Sending 2 bytes : [2711]
2026-07-29 14:45:46,479 [DEBUG] Enqueuing a SendRequest for 2 bytes and TAT=Physical
2026-07-29 14:45:46,483 [DEBUG] Tx: <706> (08) [ ]	 0227110000000000
2026-07-29 14:45:46,484 [DEBUG] We've been asked to write a message to the bus
2026-07-29 14:45:46,484 [DEBUG] sending: Timestamp:        0.000000    ID:      706    S Rx     F BS       DL:  8    02 27 11 00 00 00 00 00
2026-07-29 14:45:46,501 [DEBUG] We've been asked to write a message to the bus
2026-07-29 14:45:46,502 [DEBUG] sending: Timestamp:        0.000000    ID:      706    S Rx     F BS       DL:  8    30 08 0a 00 00 00 00 00
2026-07-29 14:45:46,512 [DEBUG] TC_ID-835 PreCondition: PC_ID-024  Testcase:Verify positive response for Security Seed Request (27 11) -> Received payload: [103, 17, 134, 124, 95, 234, 152, 151, 78, 192]
2026-07-29 14:45:46,513 [INFO] Received Seed (subfunc 0x11): 867c5fea98974ec0
2026-07-29 14:45:47,016 [INFO] Attempt 1: Sending seed to PC...
2026-07-29 14:45:47,072 [INFO] Received Key (for subfunc 0x12): b'\xf4}\xa9-\x02K\xd4\xdf'
2026-07-29 14:45:47,073 [DEBUG] Stopping CanStack
2026-07-29 14:45:47,075 [DEBUG] Main thread is exiting
2026-07-29 14:45:47,094 [DEBUG] CanStack Stopped
2026-07-29 14:45:47,095 [INFO] Connection closed
2026-07-29 14:45:47,096 [INFO] Running Test Case: TC_ID-836
2026-07-29 14:45:47,097 [ERROR] ----------------------------------TC_ID-836 PreCondition: PC_ID-023 -> EXCEPTION - Unsupported or unconfigured addressing mode: ----------------------------------
2026-07-29 14:45:47,098 [INFO] Running Test Case: TC_ID-837
2026-07-29 14:45:47,099 [ERROR] ----------------------------------TC_ID-837 PreCondition: PC_ID-024 -> EXCEPTION - Unsupported or unconfigured addressing mode: ----------------------------------
2026-07-29 14:45:47,100 [INFO] Running Test Case: TC_ID-838
2026-07-29 14:45:47,101 [ERROR] ----------------------------------TC_ID-838 PreCondition: PC_ID-023 -> EXCEPTION - Unsupported or unconfigured addressing mode: ----------------------------------
2026-07-29 14:45:47,102 [INFO] Running Test Case: TC_ID-839
2026-07-29 14:45:47,103 [ERROR] ----------------------------------TC_ID-839 PreCondition: PC_ID-023 -> EXCEPTION - Unsupported or unconfigured addressing mode: ----------------------------------
2026-07-29 14:45:47,104 [INFO] Running Test Case: TC_ID-840
2026-07-29 14:45:47,105 [ERROR] ----------------------------------TC_ID-840 PreCondition: PC_ID-023 -> EXCEPTION - Unsupported or unconfigured addressing mode: ----------------------------------
2026-07-29 14:45:47,106 [INFO] Running Test Case: TC_ID-841
2026-07-29 14:45:47,107 [ERROR] ----------------------------------TC_ID-841 PreCondition: PC_ID-023 -> EXCEPTION - Unsupported or unconfigured addressing mode: ----------------------------------
2026-07-29 14:45:47,108 [INFO] Running Test Case: TC_ID-842
2026-07-29 14:45:47,109 [ERROR] ----------------------------------TC_ID-842 PreCondition: PC_ID-023 -> EXCEPTION - Unsupported or unconfigured addressing mode: ----------------------------------
2026-07-29 14:45:47,110 [INFO] Running Test Case: TC_ID-843
2026-07-29 14:45:47,111 [ERROR] ----------------------------------TC_ID-843 PreCondition: PC_ID-023 -> EXCEPTION - Unsupported or unconfigured addressing mode: ----------------------------------
2026-07-29 14:45:47,112 [INFO] Running Test Case: TC_ID-844
2026-07-29 14:45:47,113 [ERROR] ----------------------------------TC_ID-844 PreCondition: PC_ID-024 -> EXCEPTION - Unsupported or unconfigured addressing mode: ----------------------------------
2026-07-29 14:45:47,514 [ERROR] [CANLogger] Error during stop: I/O operation on closed file.
2026-07-29 14:45:47,515 [WARNING] SocketcanBus was not properly shut down
2026-07-29 14:45:47,516 [DEBUG] Closing raw can socket
2026-07-29 14:45:49,017 [INFO] ----------------------------------Log Generated!----------------------------------
2026-07-29 14:45:51,500 [INFO] ----------------------------------Report Generated----------------------------------
2026-07-29 14:45:53,501 [INFO] ----------------------------------Done-----------------------------------------------
2026-07-29 14:46:43,408 [INFO] Uploading...
