2026-07-29 15:40:22,788 [INFO] Checking openssh-client...
2026-07-29 15:40:22,832 [INFO] openssh-client already installed
2026-07-29 15:40:22,834 [INFO] Checking ssh-agent...
2026-07-29 15:40:22,835 [INFO] ssh-agent already running
2026-07-29 15:40:22,839 [INFO] Private key already exists
2026-07-29 15:40:22,841 [INFO] Public key already exists
2026-07-29 15:40:22,841 [INFO] Adding key to ssh-agent...
2026-07-29 15:40:22,934 [INFO] Key added successfully
2026-07-29 15:40:22,935 [INFO] SSH setup completed ✔
2026-07-29 15:40:23,064 [INFO] ------------- Wifi Setup -------------
2026-07-29 15:41:35,026 [DEBUG] can config: {'fd': False, 'can_filters': [{'can_id': 1966, 'can_mask': 2047, 'extended': False}], 'interface': 'socketcan', 'channel': 'can0'}
2026-07-29 15:41:35,088 [INFO] Created a socket
2026-07-29 15:41:35,090 [DEBUG] Binding socket to channel=can0
2026-07-29 15:41:35,093 [DEBUG] Bound socket.
2026-07-29 15:41:35,104 [DEBUG] can config: {'fd': False, 'can_filters': [{'can_id': 1966, 'can_mask': 2047, 'extended': False}], 'interface': 'socketcan', 'channel': 'can0'}
2026-07-29 15:41:35,108 [INFO] Created a socket
2026-07-29 15:41:35,109 [DEBUG] Binding socket to channel=can0
2026-07-29 15:41:35,111 [DEBUG] Bound socket.
2026-07-29 15:41:35,121 [DEBUG] Given rxfn is considered blocking
2026-07-29 15:41:35,129 [INFO] CANLogger: Logging only UDS traffic (tx/rx physical+functional)
2026-07-29 15:41:35,192 [INFO] ----------------------------------Checking UDP Server (1/3)----------------------------------
2026-07-29 15:41:35,193 [INFO] Checking UDP Seed-Key server...
2026-07-29 15:41:35,218 [INFO] UDP Server Connected. Key received: 4b65792067656e65726174696f6e206661696c6564
2026-07-29 15:41:35,274 [INFO] ----------------------------------UDP Server Connected----------------------------------
2026-07-29 15:41:37,275 [INFO] ----------------------------------Welcome to Diagnostics-----------------------------------------------
2026-07-29 15:41:39,276 [INFO] ----------------------------------Initializing-----------------------------------------------
2026-07-29 15:41:40,777 [INFO] ----------------------------------Waiting for CAN-----------------------------------------------
2026-07-29 15:41:40,904 [INFO] Bringing up CAN interface can0...
2026-07-29 15:41:41,544 [INFO] CAN interface can0 successfully brought up.
2026-07-29 15:41:42,545 [INFO] Creating temporary UDS client...
2026-07-29 15:41:42,551 [DEBUG] can config: {'fd': False, 'can_filters': [{'can_id': 1966, 'can_mask': 2047, 'extended': False}], 'interface': 'socketcan', 'channel': 'can0'}
2026-07-29 15:41:42,552 [INFO] Created a socket
2026-07-29 15:41:42,554 [DEBUG] Binding socket to channel=can0
2026-07-29 15:41:42,555 [DEBUG] Bound socket.
2026-07-29 15:41:42,565 [DEBUG] can config: {'fd': False, 'can_filters': [{'can_id': 1966, 'can_mask': 2047, 'extended': False}], 'interface': 'socketcan', 'channel': 'can0'}
2026-07-29 15:41:42,567 [INFO] Created a socket
2026-07-29 15:41:42,567 [DEBUG] Binding socket to channel=can0
2026-07-29 15:41:42,568 [DEBUG] Bound socket.
2026-07-29 15:41:42,573 [DEBUG] Given rxfn is considered blocking
2026-07-29 15:41:42,576 [INFO] CANLogger: Logging only UDS traffic (tx/rx physical+functional)
2026-07-29 15:41:42,577 [INFO] Trying basic communication with ECU...
2026-07-29 15:41:42,578 [DEBUG] Starting CanStack
2026-07-29 15:41:42,583 [DEBUG] Main thread has started
2026-07-29 15:41:42,585 [DEBUG] Relay thread has started
2026-07-29 15:41:42,588 [INFO] Connection opened
2026-07-29 15:41:42,592 [INFO] TesterPresent<0x3e> - Sending TesterPresent request
2026-07-29 15:41:42,598 [DEBUG] Sending request to server
2026-07-29 15:41:42,599 [DEBUG] Sending 2 bytes : [3e00]
2026-07-29 15:41:42,601 [DEBUG] Enqueuing a SendRequest for 2 bytes and TAT=Physical
2026-07-29 15:41:42,602 [DEBUG] Waiting for server response
2026-07-29 15:41:42,603 [DEBUG] Tx: <7A6> (08) [ ]	 023e000000000000
2026-07-29 15:41:42,605 [DEBUG] We've been asked to write a message to the bus
2026-07-29 15:41:42,607 [DEBUG] sending: Timestamp:        0.000000    ID:      7a6    S Rx       BS       DL:  8    02 3e 00 00 00 00 00 00
2026-07-29 15:41:42,618 [DEBUG] Rx: <7AE> (08) [p]	 027e00aaaaaaaaaa
2026-07-29 15:41:42,620 [DEBUG] Received 2 bytes : [7e00]
2026-07-29 15:41:42,626 [DEBUG] Received response from server
2026-07-29 15:41:42,630 [INFO] Received positive response for service TesterPresent (0x3e) from server.
2026-07-29 15:41:42,632 [DEBUG] Stopping CanStack
2026-07-29 15:41:42,633 [DEBUG] Main thread is exiting
2026-07-29 15:41:42,669 [DEBUG] CanStack Stopped
2026-07-29 15:41:42,670 [INFO] Connection closed
2026-07-29 15:41:42,671 [INFO] UDS communication successful.
2026-07-29 15:41:42,672 [INFO] ----------------------------------ECU Ready-----------------------------------------------
2026-07-29 15:41:42,672 [INFO] USBTransfer initialized
2026-07-29 15:41:42,673 [WARNING] SocketcanBus was not properly shut down
2026-07-29 15:41:42,673 [DEBUG] Closing raw can socket
2026-07-29 15:41:42,675 [INFO] Checking openssh-client...
2026-07-29 15:41:42,692 [INFO] openssh-client already installed
2026-07-29 15:41:42,693 [INFO] Checking ssh-agent...
2026-07-29 15:41:42,694 [INFO] ssh-agent already running
2026-07-29 15:41:42,697 [INFO] Private key already exists
2026-07-29 15:41:42,701 [INFO] Public key already exists
2026-07-29 15:41:42,705 [INFO] Adding key to ssh-agent...
2026-07-29 15:41:42,772 [INFO] Key added successfully
2026-07-29 15:41:42,773 [INFO] SSH setup completed ✔
2026-07-29 15:41:42,806 [INFO] uds.service already up-to-date.
2026-07-29 15:41:43,112 [INFO] User lingering enabled.
2026-07-29 15:42:19,128 [INFO] ----------------------------------Run Test Cases-----------------------------------------------
2026-07-29 15:42:19,133 [INFO] ----------------------------------Storage OK Free: 4672 MB-----------------------------------------------
2026-07-29 15:42:21,139 [INFO] Preparing ECU and CAN/ISO-TP connections before logged run
2026-07-29 15:42:21,140 [DEBUG] Stopping CanStack
2026-07-29 15:42:21,141 [DEBUG] Closing raw can socket
2026-07-29 15:42:21,143 [DEBUG] Closing raw can socket
2026-07-29 15:42:21,163 [DEBUG] can config: {'fd': False, 'can_filters': [{'can_id': 1966, 'can_mask': 2047, 'extended': False}], 'interface': 'socketcan', 'channel': 'can0'}
2026-07-29 15:42:21,165 [INFO] Created a socket
2026-07-29 15:42:21,167 [DEBUG] Binding socket to channel=can0
2026-07-29 15:42:21,168 [DEBUG] Bound socket.
2026-07-29 15:42:21,173 [DEBUG] can config: {'fd': False, 'can_filters': [{'can_id': 1966, 'can_mask': 2047, 'extended': False}], 'interface': 'socketcan', 'channel': 'can0'}
2026-07-29 15:42:21,175 [INFO] Created a socket
2026-07-29 15:42:21,177 [DEBUG] Binding socket to channel=can0
2026-07-29 15:42:21,180 [DEBUG] Bound socket.
2026-07-29 15:42:21,189 [DEBUG] Given rxfn is considered blocking
2026-07-29 15:42:21,192 [INFO] Execution startup settle delay: 0.250s before first testcase
2026-07-29 15:42:21,444 [INFO] Drained stale CAN frames on physical sniffer bus
2026-07-29 15:42:21,445 [INFO] Drained stale CAN frames on active sniffer bus
2026-07-29 15:42:21,446 [DEBUG] Starting CanStack
2026-07-29 15:42:21,449 [DEBUG] Main thread has started
2026-07-29 15:42:21,450 [DEBUG] Relay thread has started
2026-07-29 15:42:21,453 [INFO] Connection opened
2026-07-29 15:42:21,454 [INFO] PRE_RUN - Start default session before logged execution: Sending request 1001
2026-07-29 15:42:21,458 [DEBUG] Sending 2 bytes : [1001]
2026-07-29 15:42:21,462 [DEBUG] Enqueuing a SendRequest for 2 bytes and TAT=Physical
2026-07-29 15:42:21,465 [DEBUG] Tx: <7A6> (08) [ ]	 0210010000000000
2026-07-29 15:42:21,466 [DEBUG] We've been asked to write a message to the bus
2026-07-29 15:42:21,467 [DEBUG] sending: Timestamp:        0.000000    ID:      7a6    S Rx       BS       DL:  8    02 10 01 00 00 00 00 00
2026-07-29 15:42:21,476 [DEBUG] Rx: <7AE> (08) [p]	 065001003201f4aa
2026-07-29 15:42:21,676 [INFO] Pre-run default session response: 5001003201F4
2026-07-29 15:42:21,677 [DEBUG] Stopping CanStack
2026-07-29 15:42:21,678 [DEBUG] Main thread is exiting
2026-07-29 15:42:21,730 [DEBUG] CanStack Stopped
2026-07-29 15:42:21,733 [INFO] Connection closed
2026-07-29 15:42:21,734 [DEBUG] Stopping CanStack
2026-07-29 15:42:21,735 [DEBUG] CanStack Stopped
2026-07-29 15:42:21,735 [INFO] Connection closed
2026-07-29 15:42:21,736 [DEBUG] Closing raw can socket
2026-07-29 15:42:21,737 [DEBUG] Closing raw can socket
2026-07-29 15:42:21,740 [DEBUG] can config: {'fd': False, 'can_filters': [{'can_id': 1966, 'can_mask': 2047, 'extended': False}], 'interface': 'socketcan', 'channel': 'can0'}
2026-07-29 15:42:21,742 [INFO] Created a socket
2026-07-29 15:42:21,743 [DEBUG] Binding socket to channel=can0
2026-07-29 15:42:21,744 [DEBUG] Bound socket.
2026-07-29 15:42:21,750 [DEBUG] can config: {'fd': False, 'can_filters': [{'can_id': 1966, 'can_mask': 2047, 'extended': False}], 'interface': 'socketcan', 'channel': 'can0'}
2026-07-29 15:42:21,752 [INFO] Created a socket
2026-07-29 15:42:21,753 [DEBUG] Binding socket to channel=can0
2026-07-29 15:42:21,754 [DEBUG] Bound socket.
2026-07-29 15:42:21,759 [DEBUG] Given rxfn is considered blocking
2026-07-29 15:42:21,764 [INFO] Execution startup settle delay: 0.250s before first testcase
2026-07-29 15:42:22,017 [INFO] Drained stale CAN frames on physical sniffer bus
2026-07-29 15:42:22,018 [INFO] Drained stale CAN frames on active sniffer bus
2026-07-29 15:42:22,030 [DEBUG] can config: {'can_filters': [{'can_id': 1958, 'can_mask': 2047, 'extended': False}, {'can_id': 1966, 'can_mask': 2047, 'extended': False}, {'can_id': 0, 'can_mask': 2047, 'extended': False}, {'can_id': 1966, 'can_mask': 2047, 'extended': False}], 'fd': True, 'interface': 'socketcan', 'channel': 'can0'}
2026-07-29 15:42:22,034 [INFO] Created a socket
2026-07-29 15:42:22,037 [DEBUG] Binding socket to channel=can0
2026-07-29 15:42:22,038 [DEBUG] Bound socket.
2026-07-29 15:42:22,041 [INFO] CAN logging started: /home/mobase/Git/Raja/New_4/dist/output/can_logs/MFSW_10_20260729_154221.asc
2026-07-29 15:42:22,042 [INFO] Execution startup settle delay: 0.250s before first testcase
2026-07-29 15:42:22,293 [INFO] Drained stale CAN frames on physical sniffer bus
2026-07-29 15:42:22,294 [INFO] Drained stale CAN frames on active sniffer bus
2026-07-29 15:42:22,304 [WARNING] SocketcanBus was not properly shut down
2026-07-29 15:42:22,308 [DEBUG] Closing raw can socket
2026-07-29 15:42:22,322 [INFO] Running Test Case: ECU_INFO-6
2026-07-29 15:42:22,324 [INFO] Final CAN drain completed before first testcase ECU_INFO-6
2026-07-29 15:42:22,325 [DEBUG] Starting CanStack
2026-07-29 15:42:22,327 [DEBUG] Main thread has started
2026-07-29 15:42:22,329 [DEBUG] Relay thread has started
2026-07-29 15:42:22,331 [INFO] Connection opened
2026-07-29 15:42:22,332 [INFO] Switched to physical mode for TC: ECU_INFO-6 Step: S/W Version
2026-07-29 15:42:22,333 [INFO] ECU_INFO-6 - S/W Version: SID=0x22, Sub=0xF1DD, Expected=[16, 16, 98, 241, 221, 49, 48, 48, 48, 48, 0, 0, 0, 0, 0, 0, 0, 0, 170, 170, 170, 170]
2026-07-29 15:42:22,392 [INFO] ECU_INFO-6 - S/W Version: Sending request 22F1DD
2026-07-29 15:42:22,393 [INFO] ECU_INFO-6 - S/W Version: Sending request 22F1DD
2026-07-29 15:42:22,394 [DEBUG] Sending 3 bytes : [22f1dd]
2026-07-29 15:42:22,395 [DEBUG] Enqueuing a SendRequest for 3 bytes and TAT=Physical
2026-07-29 15:42:22,397 [DEBUG] Tx: <7A6> (08) [ ]	 0322f1dd00000000
2026-07-29 15:42:22,399 [DEBUG] We've been asked to write a message to the bus
2026-07-29 15:42:22,400 [DEBUG] sending: Timestamp:        0.000000    ID:      7a6    S Rx       BS       DL:  8    03 22 f1 dd 00 00 00 00
2026-07-29 15:42:22,407 [DEBUG] We've been asked to write a message to the bus
2026-07-29 15:42:22,409 [DEBUG] sending: Timestamp:        0.000000    ID:      7a6    S Rx       BS       DL:  8    30 08 0a 00 00 00 00 00
2026-07-29 15:42:22,411 [DEBUG] Rx: <7AE> (08) [p]	 101062f1dd313030
2026-07-29 15:42:22,420 [DEBUG] Tx: <7A6> (08) [ ]	 30080a0000000000
2026-07-29 15:42:22,422 [DEBUG] We've been asked to write a message to the bus
2026-07-29 15:42:22,422 [DEBUG] sending: Timestamp:        0.000000    ID:      7a6    S Rx       BS       DL:  8    30 08 0a 00 00 00 00 00
2026-07-29 15:42:22,424 [DEBUG] TxState=IDLE - RxState=WAIT_CF
2026-07-29 15:42:22,438 [DEBUG] Rx: <7AE> (08) [p]	 2130300000000000
2026-07-29 15:42:22,457 [DEBUG] Rx: <7AE> (08) [p]	 22000000aaaaaaaa
2026-07-29 15:42:22,510 [INFO] ECU_INFO-6 - Received: 62F1DD31303030300000000000000000
2026-07-29 15:42:22,510 [DEBUG] TxState=IDLE - RxState=IDLE
2026-07-29 15:42:22,511 [WARNING] ECU_INFO-6 - S/W Version -> ❌ FAIL - Expected 101062F1DD31303030300000000000000000AAAAAAAA
2026-07-29 15:42:22,513 [DEBUG] Stopping CanStack
2026-07-29 15:42:22,514 [DEBUG] Main thread is exiting
2026-07-29 15:42:22,558 [DEBUG] CanStack Stopped
2026-07-29 15:42:22,562 [INFO] Connection closed
2026-07-29 15:42:22,563 [INFO] Running Test Case: ECU_INFO-7
2026-07-29 15:42:22,564 [DEBUG] Starting CanStack
2026-07-29 15:42:22,565 [DEBUG] Main thread has started
2026-07-29 15:42:22,566 [DEBUG] Relay thread has started
2026-07-29 15:42:22,568 [INFO] Connection opened
2026-07-29 15:42:22,569 [INFO] Switched to physical mode for TC: ECU_INFO-7 Step: B-CAN Version
2026-07-29 15:42:22,570 [INFO] ECU_INFO-7 - B-CAN Version: SID=0x22, Sub=0xF100, Expected=[6, 98, 241, 0, 49, 46, 48, 170]
2026-07-29 15:42:22,641 [INFO] ECU_INFO-7 - B-CAN Version: Sending request 22F100
2026-07-29 15:42:22,643 [INFO] ECU_INFO-7 - B-CAN Version: Sending request 22F100
2026-07-29 15:42:22,644 [DEBUG] Sending 3 bytes : [22f100]
2026-07-29 15:42:22,646 [DEBUG] Enqueuing a SendRequest for 3 bytes and TAT=Physical
2026-07-29 15:42:22,649 [DEBUG] Tx: <7A6> (08) [ ]	 0322f10000000000
2026-07-29 15:42:22,650 [DEBUG] We've been asked to write a message to the bus
2026-07-29 15:42:22,651 [DEBUG] sending: Timestamp:        0.000000    ID:      7a6    S Rx       BS       DL:  8    03 22 f1 00 00 00 00 00
2026-07-29 15:42:22,656 [DEBUG] Rx: <7AE> (08) [p]	 0662f100312e30aa
2026-07-29 15:42:22,706 [INFO] ECU_INFO-7 - Received: 62F100312E30
2026-07-29 15:42:22,707 [WARNING] ECU_INFO-7 - B-CAN Version -> ❌ FAIL - Expected 0662F100312E30AA
2026-07-29 15:42:22,708 [DEBUG] Stopping CanStack
2026-07-29 15:42:22,709 [DEBUG] Main thread is exiting
2026-07-29 15:42:22,756 [DEBUG] CanStack Stopped
2026-07-29 15:42:22,757 [INFO] Connection closed
2026-07-29 15:42:22,758 [INFO] Running Test Case: ECU_INFO-8
2026-07-29 15:42:22,759 [DEBUG] Starting CanStack
2026-07-29 15:42:22,760 [DEBUG] Main thread has started
2026-07-29 15:42:22,762 [DEBUG] Relay thread has started
2026-07-29 15:42:22,764 [INFO] Connection opened
2026-07-29 15:42:22,765 [INFO] Switched to physical mode for TC: ECU_INFO-8 Step: Manufacturing Date
2026-07-29 15:42:22,766 [INFO] ECU_INFO-8 - Manufacturing Date: SID=0x22, Sub=0xF18B, Expected=[7, 98, 241, 139, 32, 37, 18, 25]
2026-07-29 15:42:22,852 [INFO] ECU_INFO-8 - Manufacturing Date: Sending request 22F18B
2026-07-29 15:42:22,853 [INFO] ECU_INFO-8 - Manufacturing Date: Sending request 22F18B
2026-07-29 15:42:22,854 [DEBUG] Sending 3 bytes : [22f18b]
2026-07-29 15:42:22,855 [DEBUG] Enqueuing a SendRequest for 3 bytes and TAT=Physical
2026-07-29 15:42:22,857 [DEBUG] Tx: <7A6> (08) [ ]	 0322f18b00000000
2026-07-29 15:42:22,858 [DEBUG] We've been asked to write a message to the bus
2026-07-29 15:42:22,859 [DEBUG] sending: Timestamp:        0.000000    ID:      7a6    S Rx       BS       DL:  8    03 22 f1 8b 00 00 00 00
2026-07-29 15:42:22,870 [DEBUG] Rx: <7AE> (08) [p]	 0762f18b20251219
2026-07-29 15:42:22,917 [INFO] ECU_INFO-8 - Received: 62F18B20251219
2026-07-29 15:42:22,918 [WARNING] ECU_INFO-8 - Manufacturing Date -> ❌ FAIL - Expected 0762F18B20251219
2026-07-29 15:42:22,918 [DEBUG] Stopping CanStack
2026-07-29 15:42:22,919 [DEBUG] Main thread is exiting
2026-07-29 15:42:22,920 [DEBUG] CanStack Stopped
2026-07-29 15:42:22,921 [INFO] Connection closed
2026-07-29 15:42:22,922 [INFO] Running Test Case: ECU_INFO-9
2026-07-29 15:42:22,922 [DEBUG] Starting CanStack
2026-07-29 15:42:22,924 [DEBUG] Main thread has started
2026-07-29 15:42:22,924 [DEBUG] Relay thread has started
2026-07-29 15:42:22,925 [INFO] Connection opened
2026-07-29 15:42:22,926 [INFO] Switched to physical mode for TC: ECU_INFO-9 Step: ECU_Serial Number
2026-07-29 15:42:22,927 [INFO] ECU_INFO-9 - ECU_Serial Number: SID=0x22, Sub=0xF18C, Expected=[16, 11, 98, 241, 140, 48, 48, 48, 48, 48, 48, 48, 49, 170, 170]
2026-07-29 15:42:22,987 [INFO] ECU_INFO-9 - ECU_Serial Number: Sending request 22F18C
2026-07-29 15:42:22,988 [INFO] ECU_INFO-9 - ECU_Serial Number: Sending request 22F18C
2026-07-29 15:42:22,990 [DEBUG] Sending 3 bytes : [22f18c]
2026-07-29 15:42:22,991 [DEBUG] Enqueuing a SendRequest for 3 bytes and TAT=Physical
2026-07-29 15:42:22,992 [DEBUG] Tx: <7A6> (08) [ ]	 0322f18c00000000
2026-07-29 15:42:22,994 [DEBUG] We've been asked to write a message to the bus
2026-07-29 15:42:22,995 [DEBUG] sending: Timestamp:        0.000000    ID:      7a6    S Rx       BS       DL:  8    03 22 f1 8c 00 00 00 00
2026-07-29 15:42:23,009 [DEBUG] We've been asked to write a message to the bus
2026-07-29 15:42:23,012 [DEBUG] Rx: <7AE> (08) [p]	 100b62f18c303030
2026-07-29 15:42:23,012 [DEBUG] sending: Timestamp:        0.000000    ID:      7a6    S Rx       BS       DL:  8    30 08 0a 00 00 00 00 00
2026-07-29 15:42:23,014 [DEBUG] Tx: <7A6> (08) [ ]	 30080a0000000000
2026-07-29 15:42:23,017 [DEBUG] We've been asked to write a message to the bus
2026-07-29 15:42:23,019 [DEBUG] sending: Timestamp:        0.000000    ID:      7a6    S Rx       BS       DL:  8    30 08 0a 00 00 00 00 00
2026-07-29 15:42:23,020 [DEBUG] TxState=IDLE - RxState=WAIT_CF
2026-07-29 15:42:23,041 [DEBUG] Rx: <7AE> (08) [p]	 213030303031aaaa
2026-07-29 15:42:23,091 [INFO] ECU_INFO-9 - Received: 62F18C3030303030303031
2026-07-29 15:42:23,092 [WARNING] ECU_INFO-9 - ECU_Serial Number -> ❌ FAIL - Expected 100B62F18C3030303030303031AAAA
2026-07-29 15:42:23,093 [DEBUG] Stopping CanStack
2026-07-29 15:42:23,093 [DEBUG] TxState=IDLE - RxState=IDLE
2026-07-29 15:42:23,094 [DEBUG] Main thread is exiting
2026-07-29 15:42:23,142 [DEBUG] CanStack Stopped
2026-07-29 15:42:23,143 [INFO] Connection closed
2026-07-29 15:42:23,144 [INFO] Running Test Case: ECU_INFO-10
2026-07-29 15:42:23,144 [DEBUG] Starting CanStack
2026-07-29 15:42:23,145 [DEBUG] Main thread has started
2026-07-29 15:42:23,146 [DEBUG] Relay thread has started
2026-07-29 15:42:23,147 [INFO] Connection opened
2026-07-29 15:42:23,148 [INFO] Switched to physical mode for TC: ECU_INFO-10 Step: H/W Version
2026-07-29 15:42:23,149 [INFO] ECU_INFO-10 - H/W Version: SID=0x22, Sub=0xF193, Expected=[7, 98, 241, 147, 49, 46, 48, 48]
2026-07-29 15:42:23,201 [INFO] ECU_INFO-10 - H/W Version: Sending request 22F193
2026-07-29 15:42:23,202 [INFO] ECU_INFO-10 - H/W Version: Sending request 22F193
2026-07-29 15:42:23,203 [DEBUG] Sending 3 bytes : [22f193]
2026-07-29 15:42:23,204 [DEBUG] Enqueuing a SendRequest for 3 bytes and TAT=Physical
2026-07-29 15:42:23,207 [DEBUG] Tx: <7A6> (08) [ ]	 0322f19300000000
2026-07-29 15:42:23,208 [DEBUG] We've been asked to write a message to the bus
2026-07-29 15:42:23,209 [DEBUG] sending: Timestamp:        0.000000    ID:      7a6    S Rx       BS       DL:  8    03 22 f1 93 00 00 00 00
2026-07-29 15:42:23,220 [DEBUG] Rx: <7AE> (08) [p]	 0762f193312e3030
2026-07-29 15:42:23,270 [INFO] ECU_INFO-10 - Received: 62F193312E3030
2026-07-29 15:42:23,271 [WARNING] ECU_INFO-10 - H/W Version -> ❌ FAIL - Expected 0762F193312E3030
2026-07-29 15:42:23,272 [DEBUG] Stopping CanStack
2026-07-29 15:42:23,272 [DEBUG] Main thread is exiting
2026-07-29 15:42:23,318 [DEBUG] CanStack Stopped
2026-07-29 15:42:23,319 [INFO] Connection closed
2026-07-29 15:42:23,320 [INFO] Running Test Case: PC_ID-029
2026-07-29 15:42:23,320 [DEBUG] Starting CanStack
2026-07-29 15:42:23,321 [DEBUG] Main thread has started
2026-07-29 15:42:23,323 [DEBUG] Relay thread has started
2026-07-29 15:42:23,324 [INFO] Connection opened
2026-07-29 15:42:23,325 [INFO] Switched to physical mode for TC: PC_ID-029 Step: Start default session
2026-07-29 15:42:23,326 [INFO] PC_ID-029 - Start default session: SID=0x10, Sub=0x01, Expected=[6, 80, 1, 0, 50, 1, 244, 170]
2026-07-29 15:42:23,393 [INFO] PC_ID-029 - Start default session: Sending 1001
2026-07-29 15:42:23,455 [INFO] PC_ID-029 - Start default session: Sending request 1001
2026-07-29 15:42:23,456 [DEBUG] Sending 2 bytes : [1001]
2026-07-29 15:42:23,457 [DEBUG] Enqueuing a SendRequest for 2 bytes and TAT=Physical
2026-07-29 15:42:23,460 [DEBUG] Tx: <7A6> (08) [ ]	 0210010000000000
2026-07-29 15:42:23,461 [DEBUG] We've been asked to write a message to the bus
2026-07-29 15:42:23,462 [DEBUG] sending: Timestamp:        0.000000    ID:      7a6    S Rx       BS       DL:  8    02 10 01 00 00 00 00 00
2026-07-29 15:42:23,470 [DEBUG] Rx: <7AE> (08) [p]	 065001003201f4aa
2026-07-29 15:42:23,473 [INFO] PC_ID-029 - Received: 5001003201F4
2026-07-29 15:42:23,475 [WARNING] PC_ID-029 - Start default session -> FAIL - Unexpected response
2026-07-29 15:42:23,476 [DEBUG] Stopping CanStack
2026-07-29 15:42:23,478 [DEBUG] Main thread is exiting
2026-07-29 15:42:23,519 [DEBUG] CanStack Stopped
2026-07-29 15:42:23,520 [INFO] Connection closed
2026-07-29 15:42:23,521 [INFO] Running Test Case: TC_ID-224
2026-07-29 15:42:23,521 [DEBUG] Starting CanStack
2026-07-29 15:42:23,523 [DEBUG] Main thread has started
2026-07-29 15:42:23,524 [DEBUG] Relay thread has started
2026-07-29 15:42:23,525 [INFO] Connection opened
2026-07-29 15:42:23,525 [INFO] Switched to physical mode for TC: TC_ID-224 Step: PreCondition: PC_ID-029  Testcase:Read DTC with default session(19 02)
2026-07-29 15:42:23,526 [INFO] TC_ID-224 - PreCondition: PC_ID-029  Testcase:Read DTC with default session(19 02): SID=0x19, Sub=0x02, Expected=[3, 89, 2, 8, 170, 170, 170, 170]
2026-07-29 15:42:23,608 [INFO] TC_ID-224 - PreCondition: PC_ID-029  Testcase:Read DTC with default session(19 02): Sending 190208
2026-07-29 15:42:23,609 [INFO] TC_ID-224 - PreCondition: PC_ID-029  Testcase:Read DTC with default session(19 02): Sending request 190208
2026-07-29 15:42:23,610 [DEBUG] Sending 3 bytes : [190208]
2026-07-29 15:42:23,611 [DEBUG] Enqueuing a SendRequest for 3 bytes and TAT=Physical
2026-07-29 15:42:23,612 [DEBUG] Tx: <7A6> (08) [ ]	 0319020800000000
2026-07-29 15:42:23,612 [DEBUG] We've been asked to write a message to the bus
2026-07-29 15:42:23,613 [DEBUG] sending: Timestamp:        0.000000    ID:      7a6    S Rx       BS       DL:  8    03 19 02 08 00 00 00 00
2026-07-29 15:42:23,626 [DEBUG] Stopping CanStack
2026-07-29 15:42:23,627 [DEBUG] Rx: <7AE> (08) [p]	 03590200aaaaaaaa
2026-07-29 15:42:23,628 [DEBUG] Main thread is exiting
2026-07-29 15:42:23,678 [DEBUG] CanStack Stopped
2026-07-29 15:42:23,679 [INFO] Connection closed
2026-07-29 15:42:23,679 [INFO] Running Test Case: TC_ID-225
2026-07-29 15:42:23,680 [DEBUG] Starting CanStack
2026-07-29 15:42:23,681 [DEBUG] Main thread has started
2026-07-29 15:42:23,682 [DEBUG] Relay thread has started
2026-07-29 15:42:23,683 [INFO] Connection opened
2026-07-29 15:42:23,684 [INFO] Switched to physical mode for TC: TC_ID-225 Step: PreCondition: PC_ID-029  Testcase:Fault memory clear Extended session(14 FFFFFF)
2026-07-29 15:42:23,684 [INFO] TC_ID-225 - PreCondition: PC_ID-029  Testcase:Fault memory clear Extended session(14 FFFFFF): SID=0x14, Sub=0xFFFFFF, Expected=[1, 84, 170, 170, 170, 170, 170, 170]
2026-07-29 15:42:23,768 [INFO] TC_ID-225 - PreCondition: PC_ID-029  Testcase:Fault memory clear Extended session(14 FFFFFF): Sending 14FFFFFF
2026-07-29 15:42:23,769 [INFO] TC_ID-225 - PreCondition: PC_ID-029  Testcase:Fault memory clear Extended session(14 FFFFFF): Sending request 14FFFFFF
2026-07-29 15:42:23,769 [DEBUG] Sending 4 bytes : [14ffffff]
2026-07-29 15:42:23,771 [DEBUG] Enqueuing a SendRequest for 4 bytes and TAT=Physical
2026-07-29 15:42:23,773 [DEBUG] Tx: <7A6> (08) [ ]	 0414ffffff000000
2026-07-29 15:42:23,774 [DEBUG] We've been asked to write a message to the bus
2026-07-29 15:42:23,776 [DEBUG] sending: Timestamp:        0.000000    ID:      7a6    S Rx       BS       DL:  8    04 14 ff ff ff 00 00 00
2026-07-29 15:42:23,786 [DEBUG] Stopping CanStack
2026-07-29 15:42:23,796 [DEBUG] Rx: <7AE> (08) [p]	 0154aaaaaaaaaaaa
2026-07-29 15:42:23,797 [DEBUG] Main thread is exiting
2026-07-29 15:42:23,845 [DEBUG] CanStack Stopped
2026-07-29 15:42:23,846 [INFO] Connection closed
2026-07-29 15:42:23,847 [INFO] Running Test Case: TC_ID-226
2026-07-29 15:42:23,848 [DEBUG] Starting CanStack
2026-07-29 15:42:23,849 [DEBUG] Main thread has started
2026-07-29 15:42:23,851 [DEBUG] Relay thread has started
2026-07-29 15:42:23,852 [INFO] Connection opened
2026-07-29 15:42:23,853 [INFO] Switched to physical mode for TC: TC_ID-226 Step: PreCondition: PC_ID-029  Testcase:- Input Output Record Local Identifier #1(Default session)
2026-07-29 15:42:23,854 [INFO] TC_ID-226 - PreCondition: PC_ID-029  Testcase:- Input Output Record Local Identifier #1(Default session): SID=0x22, Sub=0xB302, Expected=[16, 9, 98, 179, 2, 255, 255, 0, 0, 0, 147, 170, 170, 170, 170]
2026-07-29 15:42:23,955 [INFO] TC_ID-226 - PreCondition: PC_ID-029  Testcase:- Input Output Record Local Identifier #1(Default session): Sending request 22B302
2026-07-29 15:42:23,957 [INFO] TC_ID-226 - PreCondition: PC_ID-029  Testcase:- Input Output Record Local Identifier #1(Default session): Sending request 22B302
2026-07-29 15:42:23,959 [DEBUG] Sending 3 bytes : [22b302]
2026-07-29 15:42:23,960 [DEBUG] Enqueuing a SendRequest for 3 bytes and TAT=Physical
2026-07-29 15:42:23,963 [DEBUG] Tx: <7A6> (08) [ ]	 0322b30200000000
2026-07-29 15:42:23,964 [DEBUG] We've been asked to write a message to the bus
2026-07-29 15:42:23,970 [DEBUG] sending: Timestamp:        0.000000    ID:      7a6    S Rx       BS       DL:  8    03 22 b3 02 00 00 00 00
2026-07-29 15:42:23,987 [DEBUG] We've been asked to write a message to the bus
2026-07-29 15:42:23,989 [DEBUG] sending: Timestamp:        0.000000    ID:      7a6    S Rx       BS       DL:  8    30 08 0a 00 00 00 00 00
2026-07-29 15:42:23,993 [DEBUG] Rx: <7AE> (08) [p]	 100962b302ffff00
2026-07-29 15:42:23,999 [DEBUG] Tx: <7A6> (08) [ ]	 30080a0000000000
2026-07-29 15:42:24,004 [DEBUG] We've been asked to write a message to the bus
2026-07-29 15:42:24,005 [DEBUG] sending: Timestamp:        0.000000    ID:      7a6    S Rx       BS       DL:  8    30 08 0a 00 00 00 00 00
2026-07-29 15:42:24,008 [DEBUG] TxState=IDLE - RxState=WAIT_CF
2026-07-29 15:42:24,017 [DEBUG] Rx: <7AE> (08) [p]	 21000086aaaaaaaa
2026-07-29 15:42:24,066 [INFO] TC_ID-226 - Received: 62B302FFFF00000086
2026-07-29 15:42:24,070 [DEBUG] TxState=IDLE - RxState=IDLE
2026-07-29 15:42:24,070 [WARNING] TC_ID-226 - PreCondition: PC_ID-029  Testcase:- Input Output Record Local Identifier #1(Default session) -> ❌ FAIL - Expected 100962B302FFFF00000093AAAAAAAA
2026-07-29 15:42:24,071 [DEBUG] Stopping CanStack
2026-07-29 15:42:24,073 [DEBUG] Main thread is exiting
2026-07-29 15:42:24,119 [DEBUG] CanStack Stopped
2026-07-29 15:42:24,120 [INFO] Connection closed
2026-07-29 15:42:24,121 [INFO] Running Test Case: TC_ID-227
2026-07-29 15:42:24,122 [DEBUG] Starting CanStack
2026-07-29 15:42:24,123 [DEBUG] Main thread has started
2026-07-29 15:42:24,124 [DEBUG] Relay thread has started
2026-07-29 15:42:24,125 [INFO] Connection opened
2026-07-29 15:42:24,126 [INFO] Switched to physical mode for TC: TC_ID-227 Step: PreCondition: PC_ID-029  Testcase:- Input Output Record Local Identifier #2(Default session)
2026-07-29 15:42:24,126 [INFO] TC_ID-227 - PreCondition: PC_ID-029  Testcase:- Input Output Record Local Identifier #2(Default session): SID=0x22, Sub=0xB303, Expected=[16, 11, 98, 179, 3, 255, 255, 255, 1, 8, 0, 0, 1, 170, 170]
2026-07-29 15:42:24,219 [INFO] TC_ID-227 - PreCondition: PC_ID-029  Testcase:- Input Output Record Local Identifier #2(Default session): Sending request 22B303
2026-07-29 15:42:24,220 [INFO] TC_ID-227 - PreCondition: PC_ID-029  Testcase:- Input Output Record Local Identifier #2(Default session): Sending request 22B303
2026-07-29 15:42:24,221 [DEBUG] Sending 3 bytes : [22b303]
2026-07-29 15:42:24,223 [DEBUG] Enqueuing a SendRequest for 3 bytes and TAT=Physical
2026-07-29 15:42:24,225 [DEBUG] Tx: <7A6> (08) [ ]	 0322b30300000000
2026-07-29 15:42:24,227 [DEBUG] We've been asked to write a message to the bus
2026-07-29 15:42:24,228 [DEBUG] sending: Timestamp:        0.000000    ID:      7a6    S Rx       BS       DL:  8    03 22 b3 03 00 00 00 00
2026-07-29 15:42:24,237 [DEBUG] We've been asked to write a message to the bus
2026-07-29 15:42:24,241 [DEBUG] Rx: <7AE> (08) [p]	 100b62b303ffffff
2026-07-29 15:42:24,243 [DEBUG] sending: Timestamp:        0.000000    ID:      7a6    S Rx       BS       DL:  8    30 08 0a 00 00 00 00 00
2026-07-29 15:42:24,245 [DEBUG] Tx: <7A6> (08) [ ]	 30080a0000000000
2026-07-29 15:42:24,248 [DEBUG] We've been asked to write a message to the bus
2026-07-29 15:42:24,249 [DEBUG] sending: Timestamp:        0.000000    ID:      7a6    S Rx       BS       DL:  8    30 08 0a 00 00 00 00 00
2026-07-29 15:42:24,252 [DEBUG] TxState=IDLE - RxState=WAIT_CF
2026-07-29 15:42:24,272 [DEBUG] Rx: <7AE> (08) [p]	 210108000001aaaa
2026-07-29 15:42:24,318 [INFO] TC_ID-227 - Received: 62B303FFFFFF0108000001
2026-07-29 15:42:24,319 [WARNING] TC_ID-227 - PreCondition: PC_ID-029  Testcase:- Input Output Record Local Identifier #2(Default session) -> ❌ FAIL - Expected 100B62B303FFFFFF0108000001AAAA
2026-07-29 15:42:24,321 [DEBUG] Stopping CanStack
2026-07-29 15:42:24,323 [DEBUG] TxState=IDLE - RxState=IDLE
2026-07-29 15:42:24,325 [DEBUG] Main thread is exiting
2026-07-29 15:42:24,327 [DEBUG] CanStack Stopped
2026-07-29 15:42:24,328 [INFO] Connection closed
2026-07-29 15:42:24,329 [INFO] Running Test Case: TC_ID-228
2026-07-29 15:42:24,330 [DEBUG] Starting CanStack
2026-07-29 15:42:24,332 [DEBUG] Main thread has started
2026-07-29 15:42:24,334 [DEBUG] Relay thread has started
2026-07-29 15:42:24,336 [INFO] Connection opened
2026-07-29 15:42:24,338 [INFO] Switched to physical mode for TC: TC_ID-228 Step: PreCondition: PC_ID-029  Testcase:RX_SWIN_F1_EF_Read(Defaultsession)
2026-07-29 15:42:24,339 [INFO] TC_ID-228 - PreCondition: PC_ID-029  Testcase:RX_SWIN_F1_EF_Read(Defaultsession): SID=0x22, Sub=0xF1EF, Expected=[16, 43, 98, 241, 239, 7, 166, 11, 82, 49, 48, 32, 77, 81, 52, 47, 49, 47, 48, 12, 82, 49, 53, 53, 32, 77, 81, 52, 47, 49, 47, 48, 12, 82, 49, 53, 54, 32, 77, 81, 52, 47, 49, 47, 48, 170, 170, 170, 170, 170]
2026-07-29 15:42:24,444 [INFO] TC_ID-228 - PreCondition: PC_ID-029  Testcase:RX_SWIN_F1_EF_Read(Defaultsession): Sending request 22F1EF
2026-07-29 15:42:24,445 [INFO] TC_ID-228 - PreCondition: PC_ID-029  Testcase:RX_SWIN_F1_EF_Read(Defaultsession): Sending request 22F1EF
2026-07-29 15:42:24,446 [DEBUG] Sending 3 bytes : [22f1ef]
2026-07-29 15:42:24,449 [DEBUG] Enqueuing a SendRequest for 3 bytes and TAT=Physical
2026-07-29 15:42:24,454 [DEBUG] Tx: <7A6> (08) [ ]	 0322f1ef00000000
2026-07-29 15:42:24,458 [DEBUG] We've been asked to write a message to the bus
2026-07-29 15:42:24,462 [DEBUG] sending: Timestamp:        0.000000    ID:      7a6    S Rx       BS       DL:  8    03 22 f1 ef 00 00 00 00
2026-07-29 15:42:24,477 [DEBUG] We've been asked to write a message to the bus
2026-07-29 15:42:24,479 [DEBUG] Rx: <7AE> (08) [p]	 102b62f1ef07a60b
2026-07-29 15:42:24,482 [DEBUG] sending: Timestamp:        0.000000    ID:      7a6    S Rx       BS       DL:  8    30 08 0a 00 00 00 00 00
2026-07-29 15:42:24,489 [DEBUG] Tx: <7A6> (08) [ ]	 30080a0000000000
2026-07-29 15:42:24,490 [DEBUG] We've been asked to write a message to the bus
2026-07-29 15:42:24,492 [DEBUG] sending: Timestamp:        0.000000    ID:      7a6    S Rx       BS       DL:  8    30 08 0a 00 00 00 00 00
2026-07-29 15:42:24,493 [DEBUG] TxState=IDLE - RxState=WAIT_CF
2026-07-29 15:42:24,520 [DEBUG] Rx: <7AE> (08) [p]	 21523130204d5134
2026-07-29 15:42:24,538 [DEBUG] Rx: <7AE> (08) [p]	 222f312f300c5231
2026-07-29 15:42:24,557 [DEBUG] Rx: <7AE> (08) [p]	 233535204d51342f
2026-07-29 15:42:24,580 [DEBUG] Rx: <7AE> (08) [p]	 24312f300c523135
2026-07-29 15:42:24,597 [DEBUG] Rx: <7AE> (08) [p]	 2536204d51342f31
2026-07-29 15:42:24,618 [DEBUG] Rx: <7AE> (08) [p]	 262f30aaaaaaaaaa
2026-07-29 15:42:24,668 [INFO] TC_ID-228 - Received: 62F1EF07A60B523130204D51342F312F300C52313535204D51342F312F300C52313536204D51342F312F30
2026-07-29 15:42:24,670 [DEBUG] TxState=IDLE - RxState=IDLE
2026-07-29 15:42:24,672 [WARNING] TC_ID-228 - PreCondition: PC_ID-029  Testcase:RX_SWIN_F1_EF_Read(Defaultsession) -> ❌ FAIL - Expected 102B62F1EF07A60B523130204D51342F312F300C52313535204D51342F312F300C52313536204D51342F312F30AAAAAAAAAA
2026-07-29 15:42:24,675 [DEBUG] Stopping CanStack
2026-07-29 15:42:24,677 [DEBUG] Main thread is exiting
2026-07-29 15:42:24,721 [DEBUG] CanStack Stopped
2026-07-29 15:42:24,723 [INFO] Connection closed
2026-07-29 15:42:24,724 [INFO] Running Test Case: TC_ID-229
2026-07-29 15:42:24,727 [DEBUG] Starting CanStack
2026-07-29 15:42:24,729 [DEBUG] Main thread has started
2026-07-29 15:42:24,731 [DEBUG] Relay thread has started
2026-07-29 15:42:24,732 [INFO] Connection opened
2026-07-29 15:42:24,733 [INFO] Switched to physical mode for TC: TC_ID-229 Step: PreCondition: PC_ID-029  Testcase:B_CAN_Database_Version_F1_00_Read(Defaultsession)
2026-07-29 15:42:24,734 [INFO] TC_ID-229 - PreCondition: PC_ID-029  Testcase:B_CAN_Database_Version_F1_00_Read(Defaultsession): SID=0x22, Sub=0xF100, Expected=[6, 98, 241, 0, 49, 46, 48, 170]
2026-07-29 15:42:24,836 [INFO] TC_ID-229 - PreCondition: PC_ID-029  Testcase:B_CAN_Database_Version_F1_00_Read(Defaultsession): Sending request 22F100
2026-07-29 15:42:25,697 [INFO] TC_ID-229 - PreCondition: PC_ID-029  Testcase:B_CAN_Database_Version_F1_00_Read(Defaultsession): Sending request 22F100
2026-07-29 15:42:25,699 [DEBUG] Sending 3 bytes : [22f100]
2026-07-29 15:42:25,701 [DEBUG] Enqueuing a SendRequest for 3 bytes and TAT=Physical
2026-07-29 15:42:25,704 [DEBUG] Tx: <7A6> (08) [ ]	 0322f10000000000
2026-07-29 15:42:25,706 [DEBUG] We've been asked to write a message to the bus
2026-07-29 15:42:25,709 [DEBUG] sending: Timestamp:        0.000000    ID:      7a6    S Rx       BS       DL:  8    03 22 f1 00 00 00 00 00
2026-07-29 15:42:25,717 [DEBUG] Rx: <7AE> (08) [p]	 0662f100312e30aa
2026-07-29 15:42:25,767 [INFO] TC_ID-229 - Received: 62F100312E30
2026-07-29 15:42:25,768 [WARNING] TC_ID-229 - PreCondition: PC_ID-029  Testcase:B_CAN_Database_Version_F1_00_Read(Defaultsession) -> ❌ FAIL - Expected 0662F100312E30AA
2026-07-29 15:42:25,768 [DEBUG] Stopping CanStack
2026-07-29 15:42:25,769 [DEBUG] Main thread is exiting
2026-07-29 15:42:25,817 [DEBUG] CanStack Stopped
2026-07-29 15:42:25,818 [INFO] Connection closed
2026-07-29 15:42:25,819 [INFO] Running Test Case: TC_ID-230
2026-07-29 15:42:25,820 [DEBUG] Starting CanStack
2026-07-29 15:42:25,821 [DEBUG] Main thread has started
2026-07-29 15:42:25,822 [DEBUG] Relay thread has started
2026-07-29 15:42:25,823 [INFO] Connection opened
2026-07-29 15:42:25,825 [INFO] Switched to physical mode for TC: TC_ID-230 Step: PreCondition: PC_ID-029  Testcase:Vehicle_Manufacturer_Spare_Part_Number_F1_87_Read(Defaultsession)
2026-07-29 15:42:25,826 [INFO] TC_ID-230 - PreCondition: PC_ID-029  Testcase:Vehicle_Manufacturer_Spare_Part_Number_F1_87_Read(Defaultsession): SID=0x22, Sub=0xF187, Expected=[16, 13, 98, 241, 135, 57, 51, 52, 68, 56, 71, 66, 53, 49, 48]
2026-07-29 15:42:25,935 [INFO] TC_ID-230 - PreCondition: PC_ID-029  Testcase:Vehicle_Manufacturer_Spare_Part_Number_F1_87_Read(Defaultsession): Sending request 22F187
2026-07-29 15:42:25,936 [INFO] TC_ID-230 - PreCondition: PC_ID-029  Testcase:Vehicle_Manufacturer_Spare_Part_Number_F1_87_Read(Defaultsession): Sending request 22F187
2026-07-29 15:42:25,937 [DEBUG] Sending 3 bytes : [22f187]
2026-07-29 15:42:25,938 [DEBUG] Enqueuing a SendRequest for 3 bytes and TAT=Physical
2026-07-29 15:42:25,940 [DEBUG] Tx: <7A6> (08) [ ]	 0322f18700000000
2026-07-29 15:42:25,941 [DEBUG] We've been asked to write a message to the bus
2026-07-29 15:42:25,942 [DEBUG] sending: Timestamp:        0.000000    ID:      7a6    S Rx       BS       DL:  8    03 22 f1 87 00 00 00 00
2026-07-29 15:42:25,956 [DEBUG] We've been asked to write a message to the bus
2026-07-29 15:42:25,958 [DEBUG] Rx: <7AE> (08) [p]	 100d62f187393334
2026-07-29 15:42:25,959 [DEBUG] sending: Timestamp:        0.000000    ID:      7a6    S Rx       BS       DL:  8    30 08 0a 00 00 00 00 00
2026-07-29 15:42:25,961 [DEBUG] Tx: <7A6> (08) [ ]	 30080a0000000000
2026-07-29 15:42:25,963 [DEBUG] We've been asked to write a message to the bus
2026-07-29 15:42:25,965 [DEBUG] sending: Timestamp:        0.000000    ID:      7a6    S Rx       BS       DL:  8    30 08 0a 00 00 00 00 00
2026-07-29 15:42:25,967 [DEBUG] TxState=IDLE - RxState=WAIT_CF
2026-07-29 15:42:25,982 [DEBUG] Rx: <7AE> (08) [p]	 2144384742353130
2026-07-29 15:42:26,031 [INFO] TC_ID-230 - Received: 62F18739333444384742353130
2026-07-29 15:42:26,032 [WARNING] TC_ID-230 - PreCondition: PC_ID-029  Testcase:Vehicle_Manufacturer_Spare_Part_Number_F1_87_Read(Defaultsession) -> ❌ FAIL - Expected 100D62F18739333444384742353130
2026-07-29 15:42:26,032 [DEBUG] Stopping CanStack
2026-07-29 15:42:26,033 [DEBUG] TxState=IDLE - RxState=IDLE
2026-07-29 15:42:26,034 [DEBUG] Main thread is exiting
2026-07-29 15:42:26,078 [DEBUG] CanStack Stopped
2026-07-29 15:42:26,079 [INFO] Connection closed
2026-07-29 15:42:26,080 [INFO] Running Test Case: TC_ID-231
2026-07-29 15:42:26,081 [DEBUG] Starting CanStack
2026-07-29 15:42:26,082 [DEBUG] Main thread has started
2026-07-29 15:42:26,083 [DEBUG] Relay thread has started
2026-07-29 15:42:26,084 [INFO] Connection opened
2026-07-29 15:42:26,085 [INFO] Switched to physical mode for TC: TC_ID-231 Step: PreCondition: PC_ID-029  Testcase:Manufacturing_F1_8B_Read(Defaultsession)
2026-07-29 15:42:26,085 [INFO] TC_ID-231 - PreCondition: PC_ID-029  Testcase:Manufacturing_F1_8B_Read(Defaultsession): SID=0x22, Sub=0xF18B, Expected=[7, 98, 241, 139, 32, 37, 18, 25]
2026-07-29 15:42:26,173 [INFO] TC_ID-231 - PreCondition: PC_ID-029  Testcase:Manufacturing_F1_8B_Read(Defaultsession): Sending request 22F18B
2026-07-29 15:42:26,174 [INFO] TC_ID-231 - PreCondition: PC_ID-029  Testcase:Manufacturing_F1_8B_Read(Defaultsession): Sending request 22F18B
2026-07-29 15:42:26,175 [DEBUG] Sending 3 bytes : [22f18b]
2026-07-29 15:42:26,176 [DEBUG] Enqueuing a SendRequest for 3 bytes and TAT=Physical
2026-07-29 15:42:26,178 [DEBUG] Tx: <7A6> (08) [ ]	 0322f18b00000000
2026-07-29 15:42:26,179 [DEBUG] We've been asked to write a message to the bus
2026-07-29 15:42:26,180 [DEBUG] sending: Timestamp:        0.000000    ID:      7a6    S Rx       BS       DL:  8    03 22 f1 8b 00 00 00 00
2026-07-29 15:42:26,192 [DEBUG] Rx: <7AE> (08) [p]	 0762f18b20251219
2026-07-29 15:42:26,241 [INFO] TC_ID-231 - Received: 62F18B20251219
2026-07-29 15:42:26,242 [WARNING] TC_ID-231 - PreCondition: PC_ID-029  Testcase:Manufacturing_F1_8B_Read(Defaultsession) -> ❌ FAIL - Expected 0762F18B20251219
2026-07-29 15:42:26,243 [DEBUG] Stopping CanStack
2026-07-29 15:42:26,244 [DEBUG] Main thread is exiting
2026-07-29 15:42:26,290 [DEBUG] CanStack Stopped
2026-07-29 15:42:26,291 [INFO] Connection closed
2026-07-29 15:42:26,291 [INFO] Running Test Case: TC_ID-232
2026-07-29 15:42:26,292 [DEBUG] Starting CanStack
2026-07-29 15:42:26,293 [DEBUG] Main thread has started
2026-07-29 15:42:26,294 [DEBUG] Relay thread has started
2026-07-29 15:42:26,295 [INFO] Connection opened
2026-07-29 15:42:26,296 [INFO] Switched to physical mode for TC: TC_ID-232 Step: PreCondition: PC_ID-029  Testcase:ECU_Serial_Number_F1_8C_Read(Defaultsession)
2026-07-29 15:42:26,297 [INFO] TC_ID-232 - PreCondition: PC_ID-029  Testcase:ECU_Serial_Number_F1_8C_Read(Defaultsession): SID=0x22, Sub=0xF18C, Expected=[16, 11, 98, 241, 140, 48, 48, 48, 48, 48, 48, 48, 49, 170, 170]
2026-07-29 15:42:26,389 [INFO] TC_ID-232 - PreCondition: PC_ID-029  Testcase:ECU_Serial_Number_F1_8C_Read(Defaultsession): Sending request 22F18C
2026-07-29 15:42:26,390 [INFO] TC_ID-232 - PreCondition: PC_ID-029  Testcase:ECU_Serial_Number_F1_8C_Read(Defaultsession): Sending request 22F18C
2026-07-29 15:42:26,391 [DEBUG] Sending 3 bytes : [22f18c]
2026-07-29 15:42:26,392 [DEBUG] Enqueuing a SendRequest for 3 bytes and TAT=Physical
2026-07-29 15:42:26,394 [DEBUG] Tx: <7A6> (08) [ ]	 0322f18c00000000
2026-07-29 15:42:26,395 [DEBUG] We've been asked to write a message to the bus
2026-07-29 15:42:26,396 [DEBUG] sending: Timestamp:        0.000000    ID:      7a6    S Rx       BS       DL:  8    03 22 f1 8c 00 00 00 00
2026-07-29 15:42:26,408 [DEBUG] We've been asked to write a message to the bus
2026-07-29 15:42:26,409 [DEBUG] Rx: <7AE> (08) [p]	 100b62f18c303030
2026-07-29 15:42:26,410 [DEBUG] sending: Timestamp:        0.000000    ID:      7a6    S Rx       BS       DL:  8    30 08 0a 00 00 00 00 00
2026-07-29 15:42:26,412 [DEBUG] Tx: <7A6> (08) [ ]	 30080a0000000000
2026-07-29 15:42:26,414 [DEBUG] We've been asked to write a message to the bus
2026-07-29 15:42:26,415 [DEBUG] sending: Timestamp:        0.000000    ID:      7a6    S Rx       BS       DL:  8    30 08 0a 00 00 00 00 00
2026-07-29 15:42:26,417 [DEBUG] TxState=IDLE - RxState=WAIT_CF
2026-07-29 15:42:26,437 [DEBUG] Rx: <7AE> (08) [p]	 213030303031aaaa
2026-07-29 15:42:26,487 [INFO] TC_ID-232 - Received: 62F18C3030303030303031
2026-07-29 15:42:26,488 [WARNING] TC_ID-232 - PreCondition: PC_ID-029  Testcase:ECU_Serial_Number_F1_8C_Read(Defaultsession) -> ❌ FAIL - Expected 100B62F18C3030303030303031AAAA
2026-07-29 15:42:26,489 [DEBUG] TxState=IDLE - RxState=IDLE
2026-07-29 15:42:26,489 [DEBUG] Stopping CanStack
2026-07-29 15:42:26,491 [DEBUG] Main thread is exiting
2026-07-29 15:42:26,538 [DEBUG] CanStack Stopped
2026-07-29 15:42:26,539 [INFO] Connection closed
2026-07-29 15:42:26,540 [INFO] Running Test Case: TC_ID-233
2026-07-29 15:42:26,540 [DEBUG] Starting CanStack
2026-07-29 15:42:26,541 [DEBUG] Main thread has started
2026-07-29 15:42:26,542 [DEBUG] Relay thread has started
2026-07-29 15:42:26,544 [INFO] Connection opened
2026-07-29 15:42:26,544 [INFO] Switched to physical mode for TC: TC_ID-233 Step: PreCondition: PC_ID-029  Testcase:Vehicle_Manufacturer_ECU_HW_Number_F1_91_Read(Defaultsession)
2026-07-29 15:42:26,545 [INFO] TC_ID-233 - PreCondition: PC_ID-029  Testcase:Vehicle_Manufacturer_ECU_HW_Number_F1_91_Read(Defaultsession): SID=0x22, Sub=0xF191, Expected=[7, 98, 241, 145, 49, 46, 48, 48]
2026-07-29 15:42:26,640 [INFO] TC_ID-233 - PreCondition: PC_ID-029  Testcase:Vehicle_Manufacturer_ECU_HW_Number_F1_91_Read(Defaultsession): Sending request 22F191
2026-07-29 15:42:26,641 [INFO] TC_ID-233 - PreCondition: PC_ID-029  Testcase:Vehicle_Manufacturer_ECU_HW_Number_F1_91_Read(Defaultsession): Sending request 22F191
2026-07-29 15:42:26,642 [DEBUG] Sending 3 bytes : [22f191]
2026-07-29 15:42:26,644 [DEBUG] Enqueuing a SendRequest for 3 bytes and TAT=Physical
2026-07-29 15:42:26,648 [DEBUG] Tx: <7A6> (08) [ ]	 0322f19100000000
2026-07-29 15:42:26,651 [DEBUG] We've been asked to write a message to the bus
2026-07-29 15:42:26,657 [DEBUG] sending: Timestamp:        0.000000    ID:      7a6    S Rx       BS       DL:  8    03 22 f1 91 00 00 00 00
2026-07-29 15:42:26,668 [DEBUG] Rx: <7AE> (08) [p]	 0762f191312e3030
2026-07-29 15:42:26,718 [INFO] TC_ID-233 - Received: 62F191312E3030
2026-07-29 15:42:26,719 [WARNING] TC_ID-233 - PreCondition: PC_ID-029  Testcase:Vehicle_Manufacturer_ECU_HW_Number_F1_91_Read(Defaultsession) -> ❌ FAIL - Expected 0762F191312E3030
2026-07-29 15:42:26,720 [DEBUG] Stopping CanStack
2026-07-29 15:42:26,721 [DEBUG] Main thread is exiting
2026-07-29 15:42:26,769 [DEBUG] CanStack Stopped
2026-07-29 15:42:26,770 [INFO] Connection closed
2026-07-29 15:42:26,771 [INFO] Running Test Case: TC_ID-234
2026-07-29 15:42:26,771 [DEBUG] Starting CanStack
2026-07-29 15:42:26,773 [DEBUG] Main thread has started
2026-07-29 15:42:26,774 [DEBUG] Relay thread has started
2026-07-29 15:42:26,775 [INFO] Connection opened
2026-07-29 15:42:26,776 [INFO] Switched to physical mode for TC: TC_ID-234 Step: PreCondition: PC_ID-029  Testcase:HardwareVersionNumber_F1_93_Read(Defaultsession)
2026-07-29 15:42:26,777 [INFO] TC_ID-234 - PreCondition: PC_ID-029  Testcase:HardwareVersionNumber_F1_93_Read(Defaultsession): SID=0x22, Sub=0xF193, Expected=[7, 98, 241, 147, 49, 46, 48, 48]
2026-07-29 15:42:26,871 [INFO] TC_ID-234 - PreCondition: PC_ID-029  Testcase:HardwareVersionNumber_F1_93_Read(Defaultsession): Sending request 22F193
2026-07-29 15:42:26,872 [INFO] TC_ID-234 - PreCondition: PC_ID-029  Testcase:HardwareVersionNumber_F1_93_Read(Defaultsession): Sending request 22F193
2026-07-29 15:42:26,873 [DEBUG] Sending 3 bytes : [22f193]
2026-07-29 15:42:26,874 [DEBUG] Enqueuing a SendRequest for 3 bytes and TAT=Physical
2026-07-29 15:42:26,876 [DEBUG] Tx: <7A6> (08) [ ]	 0322f19300000000
2026-07-29 15:42:26,877 [DEBUG] We've been asked to write a message to the bus
2026-07-29 15:42:26,878 [DEBUG] sending: Timestamp:        0.000000    ID:      7a6    S Rx       BS       DL:  8    03 22 f1 93 00 00 00 00
2026-07-29 15:42:26,890 [DEBUG] Rx: <7AE> (08) [p]	 0762f193312e3030
2026-07-29 15:42:26,937 [INFO] TC_ID-234 - Received: 62F193312E3030
2026-07-29 15:42:26,937 [WARNING] TC_ID-234 - PreCondition: PC_ID-029  Testcase:HardwareVersionNumber_F1_93_Read(Defaultsession) -> ❌ FAIL - Expected 0762F193312E3030
2026-07-29 15:42:26,938 [DEBUG] Stopping CanStack
2026-07-29 15:42:26,939 [DEBUG] Main thread is exiting
2026-07-29 15:42:26,940 [DEBUG] CanStack Stopped
2026-07-29 15:42:26,941 [INFO] Connection closed
2026-07-29 15:42:26,942 [INFO] Running Test Case: TC_ID-235
2026-07-29 15:42:26,943 [DEBUG] Starting CanStack
2026-07-29 15:42:26,944 [DEBUG] Main thread has started
2026-07-29 15:42:26,945 [DEBUG] Relay thread has started
2026-07-29 15:42:26,946 [INFO] Connection opened
2026-07-29 15:42:26,946 [INFO] Switched to physical mode for TC: TC_ID-235 Step: PreCondition: PC_ID-029  Testcase:ECUSoftwareUnit1IVDDataIdentifier_F1_C1_Read(Defaultsession)
2026-07-29 15:42:26,947 [INFO] TC_ID-235 - PreCondition: PC_ID-029  Testcase:ECUSoftwareUnit1IVDDataIdentifier_F1_C1_Read(Defaultsession): SID=0x22, Sub=0xF1C1, Expected=[3, 98, 241, 193, 170, 170, 170, 170]
2026-07-29 15:42:27,047 [INFO] TC_ID-235 - PreCondition: PC_ID-029  Testcase:ECUSoftwareUnit1IVDDataIdentifier_F1_C1_Read(Defaultsession): Sending request 22F1C1
2026-07-29 15:42:27,048 [INFO] TC_ID-235 - PreCondition: PC_ID-029  Testcase:ECUSoftwareUnit1IVDDataIdentifier_F1_C1_Read(Defaultsession): Sending request 22F1C1
2026-07-29 15:42:27,049 [DEBUG] Sending 3 bytes : [22f1c1]
2026-07-29 15:42:27,050 [DEBUG] Enqueuing a SendRequest for 3 bytes and TAT=Physical
2026-07-29 15:42:27,052 [DEBUG] Tx: <7A6> (08) [ ]	 0322f1c100000000
2026-07-29 15:42:27,053 [DEBUG] We've been asked to write a message to the bus
2026-07-29 15:42:27,054 [DEBUG] sending: Timestamp:        0.000000    ID:      7a6    S Rx       BS       DL:  8    03 22 f1 c1 00 00 00 00
2026-07-29 15:42:27,068 [DEBUG] Rx: <7AE> (08) [p]	 037f2222aaaaaaaa
2026-07-29 15:42:27,117 [INFO] TC_ID-235 - Received: 7F2222
2026-07-29 15:42:27,118 [WARNING] TC_ID-235 - PreCondition: PC_ID-029  Testcase:ECUSoftwareUnit1IVDDataIdentifier_F1_C1_Read(Defaultsession) -> ❌ FAIL - Expected 0362F1C1AAAAAAAA
2026-07-29 15:42:27,118 [DEBUG] Stopping CanStack
2026-07-29 15:42:27,119 [DEBUG] Main thread is exiting
2026-07-29 15:42:27,169 [DEBUG] CanStack Stopped
2026-07-29 15:42:27,170 [INFO] Connection closed
2026-07-29 15:42:27,171 [INFO] Running Test Case: TC_ID-236
2026-07-29 15:42:27,171 [DEBUG] Starting CanStack
2026-07-29 15:42:27,173 [DEBUG] Main thread has started
2026-07-29 15:42:27,174 [DEBUG] Relay thread has started
2026-07-29 15:42:27,176 [INFO] Connection opened
2026-07-29 15:42:27,177 [INFO] Switched to physical mode for TC: TC_ID-236 Step: PreCondition: PC_ID-029  Testcase:ECUSoftwareUnit2 IVDDataIdentifier_F1_C2_Read(Defaultsession)
2026-07-29 15:42:27,178 [INFO] TC_ID-236 - PreCondition: PC_ID-029  Testcase:ECUSoftwareUnit2 IVDDataIdentifier_F1_C2_Read(Defaultsession): SID=0x22, Sub=0xF1C2, Expected=[3, 98, 241, 194, 170, 170, 170, 170]
2026-07-29 15:42:27,281 [INFO] TC_ID-236 - PreCondition: PC_ID-029  Testcase:ECUSoftwareUnit2 IVDDataIdentifier_F1_C2_Read(Defaultsession): Sending request 22F1C2
2026-07-29 15:42:27,282 [INFO] TC_ID-236 - PreCondition: PC_ID-029  Testcase:ECUSoftwareUnit2 IVDDataIdentifier_F1_C2_Read(Defaultsession): Sending request 22F1C2
2026-07-29 15:42:27,283 [DEBUG] Sending 3 bytes : [22f1c2]
2026-07-29 15:42:27,284 [DEBUG] Enqueuing a SendRequest for 3 bytes and TAT=Physical
2026-07-29 15:42:27,286 [DEBUG] Tx: <7A6> (08) [ ]	 0322f1c200000000
2026-07-29 15:42:27,288 [DEBUG] We've been asked to write a message to the bus
2026-07-29 15:42:27,289 [DEBUG] sending: Timestamp:        0.000000    ID:      7a6    S Rx       BS       DL:  8    03 22 f1 c2 00 00 00 00
2026-07-29 15:42:27,300 [DEBUG] Rx: <7AE> (08) [p]	 037f2212aaaaaaaa
2026-07-29 15:42:27,347 [INFO] TC_ID-236 - Received: 7F2212
2026-07-29 15:42:27,347 [WARNING] TC_ID-236 - PreCondition: PC_ID-029  Testcase:ECUSoftwareUnit2 IVDDataIdentifier_F1_C2_Read(Defaultsession) -> ❌ FAIL - Expected 0362F1C2AAAAAAAA
2026-07-29 15:42:27,348 [DEBUG] Stopping CanStack
2026-07-29 15:42:27,349 [DEBUG] Main thread is exiting
2026-07-29 15:42:27,350 [DEBUG] CanStack Stopped
2026-07-29 15:42:27,351 [INFO] Connection closed
2026-07-29 15:42:27,352 [INFO] Running Test Case: TC_ID-237
2026-07-29 15:42:27,352 [DEBUG] Starting CanStack
2026-07-29 15:42:27,354 [DEBUG] Main thread has started
2026-07-29 15:42:27,355 [DEBUG] Relay thread has started
2026-07-29 15:42:27,356 [INFO] Connection opened
2026-07-29 15:42:27,356 [INFO] Switched to physical mode for TC: TC_ID-237 Step: PreCondition: PC_ID-029  Testcase:SystemSupplierECUSoftwareVersionNumbe_DataIdentifier_F1_95_Read(Defaultsession)
2026-07-29 15:42:27,357 [INFO] TC_ID-237 - PreCondition: PC_ID-029  Testcase:SystemSupplierECUSoftwareVersionNumbe_DataIdentifier_F1_95_Read(Defaultsession): SID=0x22, Sub=0xF195, Expected=[7, 98, 241, 149, 49, 46, 48, 48]
2026-07-29 15:42:27,464 [INFO] TC_ID-237 - PreCondition: PC_ID-029  Testcase:SystemSupplierECUSoftwareVersionNumbe_DataIdentifier_F1_95_Read(Defaultsession): Sending request 22F195
2026-07-29 15:42:27,465 [INFO] TC_ID-237 - PreCondition: PC_ID-029  Testcase:SystemSupplierECUSoftwareVersionNumbe_DataIdentifier_F1_95_Read(Defaultsession): Sending request 22F195
2026-07-29 15:42:27,465 [DEBUG] Sending 3 bytes : [22f195]
2026-07-29 15:42:27,467 [DEBUG] Enqueuing a SendRequest for 3 bytes and TAT=Physical
2026-07-29 15:42:27,469 [DEBUG] Tx: <7A6> (08) [ ]	 0322f19500000000
2026-07-29 15:42:27,470 [DEBUG] We've been asked to write a message to the bus
2026-07-29 15:42:27,471 [DEBUG] sending: Timestamp:        0.000000    ID:      7a6    S Rx       BS       DL:  8    03 22 f1 95 00 00 00 00
2026-07-29 15:42:27,487 [DEBUG] Rx: <7AE> (08) [p]	 0762f195312e3030
2026-07-29 15:42:27,537 [INFO] TC_ID-237 - Received: 62F195312E3030
2026-07-29 15:42:27,538 [WARNING] TC_ID-237 - PreCondition: PC_ID-029  Testcase:SystemSupplierECUSoftwareVersionNumbe_DataIdentifier_F1_95_Read(Defaultsession) -> ❌ FAIL - Expected 0762F195312E3030
2026-07-29 15:42:27,538 [DEBUG] Stopping CanStack
2026-07-29 15:42:27,539 [DEBUG] Main thread is exiting
2026-07-29 15:42:27,587 [DEBUG] CanStack Stopped
2026-07-29 15:42:27,588 [INFO] Connection closed
2026-07-29 15:42:27,588 [INFO] Running Test Case: TC_ID-238
2026-07-29 15:42:27,589 [DEBUG] Starting CanStack
2026-07-29 15:42:27,590 [DEBUG] Main thread has started
2026-07-29 15:42:27,591 [DEBUG] Relay thread has started
2026-07-29 15:42:27,593 [INFO] Connection opened
2026-07-29 15:42:27,594 [INFO] Switched to physical mode for TC: TC_ID-238 Step: PreCondition: PC_ID-029  Testcase:Software_Version_for_HKMC_Vehicle_Manufacture_F1_A0_Read(Defaultsession)
2026-07-29 15:42:27,595 [INFO] TC_ID-238 - PreCondition: PC_ID-029  Testcase:Software_Version_for_HKMC_Vehicle_Manufacture_F1_A0_Read(Defaultsession): SID=0x22, Sub=0xF1A0, Expected=[7, 98, 241, 160, 49, 46, 48, 48]
2026-07-29 15:42:27,704 [INFO] TC_ID-238 - PreCondition: PC_ID-029  Testcase:Software_Version_for_HKMC_Vehicle_Manufacture_F1_A0_Read(Defaultsession): Sending request 22F1A0
2026-07-29 15:42:27,705 [INFO] TC_ID-238 - PreCondition: PC_ID-029  Testcase:Software_Version_for_HKMC_Vehicle_Manufacture_F1_A0_Read(Defaultsession): Sending request 22F1A0
2026-07-29 15:42:27,706 [DEBUG] Sending 3 bytes : [22f1a0]
2026-07-29 15:42:27,708 [DEBUG] Enqueuing a SendRequest for 3 bytes and TAT=Physical
2026-07-29 15:42:27,710 [DEBUG] Tx: <7A6> (08) [ ]	 0322f1a000000000
2026-07-29 15:42:27,712 [DEBUG] We've been asked to write a message to the bus
2026-07-29 15:42:27,714 [DEBUG] sending: Timestamp:        0.000000    ID:      7a6    S Rx       BS       DL:  8    03 22 f1 a0 00 00 00 00
2026-07-29 15:42:27,727 [DEBUG] Rx: <7AE> (08) [p]	 0762f1a0312e3030
2026-07-29 15:42:27,777 [INFO] TC_ID-238 - Received: 62F1A0312E3030
2026-07-29 15:42:27,778 [WARNING] TC_ID-238 - PreCondition: PC_ID-029  Testcase:Software_Version_for_HKMC_Vehicle_Manufacture_F1_A0_Read(Defaultsession) -> ❌ FAIL - Expected 0762F1A0312E3030
2026-07-29 15:42:27,778 [DEBUG] Stopping CanStack
2026-07-29 15:42:27,780 [DEBUG] Main thread is exiting
2026-07-29 15:42:27,828 [DEBUG] CanStack Stopped
2026-07-29 15:42:27,829 [INFO] Connection closed
2026-07-29 15:42:27,829 [INFO] Running Test Case: TC_ID-239
2026-07-29 15:42:27,830 [DEBUG] Starting CanStack
2026-07-29 15:42:27,831 [DEBUG] Main thread has started
2026-07-29 15:42:27,833 [DEBUG] Relay thread has started
2026-07-29 15:42:27,835 [INFO] Connection opened
2026-07-29 15:42:27,836 [INFO] Switched to physical mode for TC: TC_ID-239 Step: PreCondition: PC_ID-029  Testcase:ECU_Supplier_Code_F1_A1_Read(Defaultsession)
2026-07-29 15:42:27,837 [INFO] TC_ID-239 - PreCondition: PC_ID-029  Testcase:ECU_Supplier_Code_F1_A1_Read(Defaultsession): SID=0x22, Sub=0xF1A1, Expected=[7, 98, 241, 161, 83, 49, 49, 48]
2026-07-29 15:42:27,932 [INFO] TC_ID-239 - PreCondition: PC_ID-029  Testcase:ECU_Supplier_Code_F1_A1_Read(Defaultsession): Sending request 22F1A1
2026-07-29 15:42:27,933 [INFO] TC_ID-239 - PreCondition: PC_ID-029  Testcase:ECU_Supplier_Code_F1_A1_Read(Defaultsession): Sending request 22F1A1
2026-07-29 15:42:27,934 [DEBUG] Sending 3 bytes : [22f1a1]
2026-07-29 15:42:27,936 [DEBUG] Enqueuing a SendRequest for 3 bytes and TAT=Physical
2026-07-29 15:42:27,938 [DEBUG] Tx: <7A6> (08) [ ]	 0322f1a100000000
2026-07-29 15:42:27,939 [DEBUG] We've been asked to write a message to the bus
2026-07-29 15:42:27,940 [DEBUG] sending: Timestamp:        0.000000    ID:      7a6    S Rx       BS       DL:  8    03 22 f1 a1 00 00 00 00
2026-07-29 15:42:27,951 [DEBUG] Rx: <7AE> (08) [p]	 0762f1a153313130
2026-07-29 15:42:27,999 [INFO] TC_ID-239 - Received: 62F1A153313130
2026-07-29 15:42:28,000 [WARNING] TC_ID-239 - PreCondition: PC_ID-029  Testcase:ECU_Supplier_Code_F1_A1_Read(Defaultsession) -> ❌ FAIL - Expected 0762F1A153313130
2026-07-29 15:42:28,001 [DEBUG] Stopping CanStack
2026-07-29 15:42:28,002 [DEBUG] Main thread is exiting
2026-07-29 15:42:28,049 [DEBUG] CanStack Stopped
2026-07-29 15:42:28,050 [INFO] Connection closed
2026-07-29 15:42:28,051 [INFO] Running Test Case: TC_ID-240
2026-07-29 15:42:28,051 [DEBUG] Starting CanStack
2026-07-29 15:42:28,052 [DEBUG] Main thread has started
2026-07-29 15:42:28,053 [DEBUG] Relay thread has started
2026-07-29 15:42:28,054 [INFO] Connection opened
2026-07-29 15:42:28,055 [INFO] Switched to physical mode for TC: TC_ID-240 Step: PreCondition: PC_ID-029  Testcase:ECU_Software_UNIT_number_F1_B0_Read(Defaultsession)
2026-07-29 15:42:28,056 [INFO] TC_ID-240 - PreCondition: PC_ID-029  Testcase:ECU_Software_UNIT_number_F1_B0_Read(Defaultsession): SID=0x22, Sub=0xF1B0, Expected=[4, 98, 241, 176, 1, 170, 170, 170]
2026-07-29 15:42:28,151 [INFO] TC_ID-240 - PreCondition: PC_ID-029  Testcase:ECU_Software_UNIT_number_F1_B0_Read(Defaultsession): Sending request 22F1B0
2026-07-29 15:42:28,152 [INFO] TC_ID-240 - PreCondition: PC_ID-029  Testcase:ECU_Software_UNIT_number_F1_B0_Read(Defaultsession): Sending request 22F1B0
2026-07-29 15:42:28,152 [DEBUG] Sending 3 bytes : [22f1b0]
2026-07-29 15:42:28,153 [DEBUG] Enqueuing a SendRequest for 3 bytes and TAT=Physical
2026-07-29 15:42:28,154 [DEBUG] Tx: <7A6> (08) [ ]	 0322f1b000000000
2026-07-29 15:42:28,156 [DEBUG] We've been asked to write a message to the bus
2026-07-29 15:42:28,157 [DEBUG] sending: Timestamp:        0.000000    ID:      7a6    S Rx       BS       DL:  8    03 22 f1 b0 00 00 00 00
2026-07-29 15:42:28,171 [DEBUG] Rx: <7AE> (08) [p]	 0462f1b001aaaaaa
2026-07-29 15:42:28,219 [INFO] TC_ID-240 - Received: 62F1B001
2026-07-29 15:42:28,220 [WARNING] TC_ID-240 - PreCondition: PC_ID-029  Testcase:ECU_Software_UNIT_number_F1_B0_Read(Defaultsession) -> ❌ FAIL - Expected 0462F1B001AAAAAA
2026-07-29 15:42:28,221 [DEBUG] Stopping CanStack
2026-07-29 15:42:28,222 [DEBUG] Main thread is exiting
2026-07-29 15:42:28,272 [DEBUG] CanStack Stopped
2026-07-29 15:42:28,273 [INFO] Connection closed
2026-07-29 15:42:28,273 [INFO] Running Test Case: TC_ID-241
2026-07-29 15:42:28,274 [DEBUG] Starting CanStack
2026-07-29 15:42:28,275 [DEBUG] Main thread has started
2026-07-29 15:42:28,276 [DEBUG] Relay thread has started
2026-07-29 15:42:28,277 [INFO] Connection opened
2026-07-29 15:42:28,278 [INFO] Switched to physical mode for TC: TC_ID-241 Step: PreCondition: PC_ID-029  Testcase:ECU_Software_UNIT1_Version_F1_B1_Read(Defaultsession)
2026-07-29 15:42:28,279 [INFO] TC_ID-241 - PreCondition: PC_ID-029  Testcase:ECU_Software_UNIT1_Version_F1_B1_Read(Defaultsession): SID=0x22, Sub=0xF1B1, Expected=[7, 98, 241, 177, 49, 46, 48, 48]
2026-07-29 15:42:28,375 [INFO] TC_ID-241 - PreCondition: PC_ID-029  Testcase:ECU_Software_UNIT1_Version_F1_B1_Read(Defaultsession): Sending request 22F1B1
2026-07-29 15:42:28,376 [INFO] TC_ID-241 - PreCondition: PC_ID-029  Testcase:ECU_Software_UNIT1_Version_F1_B1_Read(Defaultsession): Sending request 22F1B1
2026-07-29 15:42:28,377 [DEBUG] Sending 3 bytes : [22f1b1]
2026-07-29 15:42:28,379 [DEBUG] Enqueuing a SendRequest for 3 bytes and TAT=Physical
2026-07-29 15:42:28,380 [DEBUG] Tx: <7A6> (08) [ ]	 0322f1b100000000
2026-07-29 15:42:28,382 [DEBUG] We've been asked to write a message to the bus
2026-07-29 15:42:28,383 [DEBUG] sending: Timestamp:        0.000000    ID:      7a6    S Rx       BS       DL:  8    03 22 f1 b1 00 00 00 00
2026-07-29 15:42:28,397 [DEBUG] Rx: <7AE> (08) [p]	 0762f1b1312e3030
2026-07-29 15:42:28,448 [INFO] TC_ID-241 - Received: 62F1B1312E3030
2026-07-29 15:42:28,449 [WARNING] TC_ID-241 - PreCondition: PC_ID-029  Testcase:ECU_Software_UNIT1_Version_F1_B1_Read(Defaultsession) -> ❌ FAIL - Expected 0762F1B1312E3030
2026-07-29 15:42:28,450 [DEBUG] Stopping CanStack
2026-07-29 15:42:28,451 [DEBUG] Main thread is exiting
2026-07-29 15:42:28,497 [DEBUG] CanStack Stopped
2026-07-29 15:42:28,498 [INFO] Connection closed
2026-07-29 15:42:28,499 [INFO] Running Test Case: TC_ID-242
2026-07-29 15:42:28,499 [DEBUG] Starting CanStack
2026-07-29 15:42:28,501 [DEBUG] Main thread has started
2026-07-29 15:42:28,502 [DEBUG] Relay thread has started
2026-07-29 15:42:28,504 [INFO] Connection opened
2026-07-29 15:42:28,505 [INFO] Switched to physical mode for TC: TC_ID-242 Step: PreCondition: PC_ID-029  Testcase:S_W_Version_Dataidentifier_F1_DD_Read(Defaultsession)
2026-07-29 15:42:28,507 [INFO] TC_ID-242 - PreCondition: PC_ID-029  Testcase:S_W_Version_Dataidentifier_F1_DD_Read(Defaultsession): SID=0x22, Sub=0xF1DD, Expected=[16, 16, 98, 241, 221, 49, 48, 48, 48, 48, 0, 0, 0, 0, 0, 0, 0, 0, 170, 170, 170, 170]
2026-07-29 15:42:28,625 [INFO] TC_ID-242 - PreCondition: PC_ID-029  Testcase:S_W_Version_Dataidentifier_F1_DD_Read(Defaultsession): Sending request 22F1DD
2026-07-29 15:42:28,626 [INFO] TC_ID-242 - PreCondition: PC_ID-029  Testcase:S_W_Version_Dataidentifier_F1_DD_Read(Defaultsession): Sending request 22F1DD
2026-07-29 15:42:28,627 [DEBUG] Sending 3 bytes : [22f1dd]
2026-07-29 15:42:28,628 [DEBUG] Enqueuing a SendRequest for 3 bytes and TAT=Physical
2026-07-29 15:42:28,630 [DEBUG] Tx: <7A6> (08) [ ]	 0322f1dd00000000
2026-07-29 15:42:28,631 [DEBUG] We've been asked to write a message to the bus
2026-07-29 15:42:28,632 [DEBUG] sending: Timestamp:        0.000000    ID:      7a6    S Rx       BS       DL:  8    03 22 f1 dd 00 00 00 00
2026-07-29 15:42:28,640 [DEBUG] We've been asked to write a message to the bus
2026-07-29 15:42:28,643 [DEBUG] Rx: <7AE> (08) [p]	 101062f1dd313030
2026-07-29 15:42:28,645 [DEBUG] sending: Timestamp:        0.000000    ID:      7a6    S Rx       BS       DL:  8    30 08 0a 00 00 00 00 00
2026-07-29 15:42:28,648 [DEBUG] Tx: <7A6> (08) [ ]	 30080a0000000000
2026-07-29 15:42:28,650 [DEBUG] We've been asked to write a message to the bus
2026-07-29 15:42:28,651 [DEBUG] sending: Timestamp:        0.000000    ID:      7a6    S Rx       BS       DL:  8    30 08 0a 00 00 00 00 00
2026-07-29 15:42:28,654 [DEBUG] TxState=IDLE - RxState=WAIT_CF
2026-07-29 15:42:28,670 [DEBUG] Rx: <7AE> (08) [p]	 2130300000000000
2026-07-29 15:42:28,686 [DEBUG] Rx: <7AE> (08) [p]	 22000000aaaaaaaa
2026-07-29 15:42:28,738 [INFO] TC_ID-242 - Received: 62F1DD31303030300000000000000000
2026-07-29 15:42:28,739 [DEBUG] TxState=IDLE - RxState=IDLE
2026-07-29 15:42:28,740 [WARNING] TC_ID-242 - PreCondition: PC_ID-029  Testcase:S_W_Version_Dataidentifier_F1_DD_Read(Defaultsession) -> ❌ FAIL - Expected 101062F1DD31303030300000000000000000AAAAAAAA
2026-07-29 15:42:28,741 [DEBUG] Stopping CanStack
2026-07-29 15:42:28,743 [DEBUG] Main thread is exiting
2026-07-29 15:42:28,787 [DEBUG] CanStack Stopped
2026-07-29 15:42:28,788 [INFO] Connection closed
2026-07-29 15:42:28,788 [INFO] Running Test Case: TC_ID-243
2026-07-29 15:42:28,789 [DEBUG] Starting CanStack
2026-07-29 15:42:28,790 [DEBUG] Main thread has started
2026-07-29 15:42:28,791 [DEBUG] Relay thread has started
2026-07-29 15:42:28,792 [INFO] Connection opened
2026-07-29 15:42:28,793 [INFO] Switched to physical mode for TC: TC_ID-243 Step: PreCondition: PC_ID-029  Testcase:SystemNameOrEngineTypeDataIdentifier_Read(Defaultsession)
2026-07-29 15:42:28,793 [INFO] TC_ID-243 - PreCondition: PC_ID-029  Testcase:SystemNameOrEngineTypeDataIdentifier_Read(Defaultsession): SID=0x22, Sub=0xF197, Expected=[7, 98, 241, 151, 77, 70, 83, 87]
2026-07-29 15:42:28,890 [INFO] TC_ID-243 - PreCondition: PC_ID-029  Testcase:SystemNameOrEngineTypeDataIdentifier_Read(Defaultsession): Sending request 22F197
2026-07-29 15:42:28,891 [INFO] TC_ID-243 - PreCondition: PC_ID-029  Testcase:SystemNameOrEngineTypeDataIdentifier_Read(Defaultsession): Sending request 22F197
2026-07-29 15:42:28,892 [DEBUG] Sending 3 bytes : [22f197]
2026-07-29 15:42:28,893 [DEBUG] Enqueuing a SendRequest for 3 bytes and TAT=Physical
2026-07-29 15:42:28,895 [DEBUG] Tx: <7A6> (08) [ ]	 0322f19700000000
2026-07-29 15:42:28,896 [DEBUG] We've been asked to write a message to the bus
2026-07-29 15:42:28,897 [DEBUG] sending: Timestamp:        0.000000    ID:      7a6    S Rx       BS       DL:  8    03 22 f1 97 00 00 00 00
2026-07-29 15:42:28,917 [DEBUG] Rx: <7AE> (08) [p]	 0762f1974d465357
2026-07-29 15:42:28,966 [INFO] TC_ID-243 - Received: 62F1974D465357
2026-07-29 15:42:28,967 [WARNING] TC_ID-243 - PreCondition: PC_ID-029  Testcase:SystemNameOrEngineTypeDataIdentifier_Read(Defaultsession) -> ❌ FAIL - Expected 0762F1974D465357
2026-07-29 15:42:28,968 [DEBUG] Stopping CanStack
2026-07-29 15:42:28,970 [DEBUG] Main thread is exiting
2026-07-29 15:42:29,017 [DEBUG] CanStack Stopped
2026-07-29 15:42:29,018 [INFO] Connection closed
2026-07-29 15:42:29,019 [INFO] Running Test Case: PC_ID-030
2026-07-29 15:42:29,020 [DEBUG] Starting CanStack
2026-07-29 15:42:29,021 [DEBUG] Main thread has started
2026-07-29 15:42:29,021 [DEBUG] Relay thread has started
2026-07-29 15:42:29,023 [INFO] Connection opened
2026-07-29 15:42:29,023 [INFO] Switched to physical mode for TC: PC_ID-030 Step: Start Extended session
2026-07-29 15:42:29,024 [INFO] PC_ID-030 - Start Extended session: SID=0x10, Sub=0x03, Expected=[6, 80, 3, 0, 50, 1, 244, 170]
2026-07-29 15:42:29,085 [INFO] PC_ID-030 - Start Extended session: Sending 1003
2026-07-29 15:42:29,140 [INFO] PC_ID-030 - Start Extended session: Sending request 1003
2026-07-29 15:42:29,141 [DEBUG] Sending 2 bytes : [1003]
2026-07-29 15:42:29,141 [DEBUG] Enqueuing a SendRequest for 2 bytes and TAT=Physical
2026-07-29 15:42:29,143 [DEBUG] Tx: <7A6> (08) [ ]	 0210030000000000
2026-07-29 15:42:29,143 [DEBUG] We've been asked to write a message to the bus
2026-07-29 15:42:29,144 [DEBUG] sending: Timestamp:        0.000000    ID:      7a6    S Rx       BS       DL:  8    02 10 03 00 00 00 00 00
2026-07-29 15:42:29,155 [INFO] PC_ID-030 - Received: 5003003201F4
2026-07-29 15:42:29,157 [WARNING] PC_ID-030 - Start Extended session -> FAIL - Unexpected response
2026-07-29 15:42:29,158 [DEBUG] Rx: <7AE> (08) [p]	 065003003201f4aa
2026-07-29 15:42:29,158 [DEBUG] Stopping CanStack
2026-07-29 15:42:29,160 [DEBUG] Main thread is exiting
2026-07-29 15:42:29,208 [DEBUG] CanStack Stopped
2026-07-29 15:42:29,209 [INFO] Connection closed
2026-07-29 15:42:29,210 [INFO] Running Test Case: TC_ID-244
2026-07-29 15:42:29,211 [DEBUG] Starting CanStack
2026-07-29 15:42:29,213 [DEBUG] Main thread has started
2026-07-29 15:42:29,215 [DEBUG] Relay thread has started
2026-07-29 15:42:29,217 [INFO] Connection opened
2026-07-29 15:42:29,218 [INFO] Switched to physical mode for TC: TC_ID-244 Step: PreCondition: PC_ID-030  Testcase:Read DTC with Extended session(19 02)
2026-07-29 15:42:29,220 [INFO] TC_ID-244 - PreCondition: PC_ID-030  Testcase:Read DTC with Extended session(19 02): SID=0x19, Sub=0x02, Expected=[3, 89, 2, 8, 170, 170, 170, 170]
2026-07-29 15:42:29,307 [INFO] TC_ID-244 - PreCondition: PC_ID-030  Testcase:Read DTC with Extended session(19 02): Sending 190208
2026-07-29 15:42:29,320 [INFO] TC_ID-244 - PreCondition: PC_ID-030  Testcase:Read DTC with Extended session(19 02): Sending request 190208
2026-07-29 15:42:29,326 [DEBUG] Sending 3 bytes : [190208]
2026-07-29 15:42:29,327 [DEBUG] Enqueuing a SendRequest for 3 bytes and TAT=Physical
2026-07-29 15:42:29,329 [DEBUG] Tx: <7A6> (08) [ ]	 0319020800000000
2026-07-29 15:42:29,330 [DEBUG] We've been asked to write a message to the bus
2026-07-29 15:42:29,331 [DEBUG] sending: Timestamp:        0.000000    ID:      7a6    S Rx       BS       DL:  8    03 19 02 08 00 00 00 00
2026-07-29 15:42:29,336 [DEBUG] Stopping CanStack
2026-07-29 15:42:29,338 [DEBUG] Rx: <7AE> (08) [p]	 03590200aaaaaaaa
2026-07-29 15:42:29,340 [DEBUG] Main thread is exiting
2026-07-29 15:42:29,390 [DEBUG] CanStack Stopped
2026-07-29 15:42:29,391 [INFO] Connection closed
2026-07-29 15:42:29,392 [INFO] Running Test Case: TC_ID-245
2026-07-29 15:42:29,393 [DEBUG] Starting CanStack
2026-07-29 15:42:29,394 [DEBUG] Main thread has started
2026-07-29 15:42:29,396 [DEBUG] Relay thread has started
2026-07-29 15:42:29,398 [INFO] Connection opened
2026-07-29 15:42:29,400 [INFO] Switched to physical mode for TC: TC_ID-245 Step: PreCondition: PC_ID-030  Testcase:Fault memory clear Extended session(14 FFFFFF)
2026-07-29 15:42:29,402 [INFO] TC_ID-245 - PreCondition: PC_ID-030  Testcase:Fault memory clear Extended session(14 FFFFFF): SID=0x14, Sub=0xFFFFFF, Expected=[1, 84, 170, 170, 170, 170, 170, 170]
2026-07-29 15:42:29,496 [INFO] TC_ID-245 - PreCondition: PC_ID-030  Testcase:Fault memory clear Extended session(14 FFFFFF): Sending 14FFFFFF
2026-07-29 15:42:29,497 [INFO] TC_ID-245 - PreCondition: PC_ID-030  Testcase:Fault memory clear Extended session(14 FFFFFF): Sending request 14FFFFFF
2026-07-29 15:42:29,498 [DEBUG] Sending 4 bytes : [14ffffff]
2026-07-29 15:42:29,499 [DEBUG] Enqueuing a SendRequest for 4 bytes and TAT=Physical
2026-07-29 15:42:29,501 [DEBUG] Tx: <7A6> (08) [ ]	 0414ffffff000000
2026-07-29 15:42:29,502 [DEBUG] We've been asked to write a message to the bus
2026-07-29 15:42:29,503 [DEBUG] sending: Timestamp:        0.000000    ID:      7a6    S Rx       BS       DL:  8    04 14 ff ff ff 00 00 00
2026-07-29 15:42:29,517 [DEBUG] Stopping CanStack
2026-07-29 15:42:29,518 [DEBUG] Rx: <7AE> (08) [p]	 0154aaaaaaaaaaaa
2026-07-29 15:42:29,520 [DEBUG] Main thread is exiting
2026-07-29 15:42:29,567 [DEBUG] CanStack Stopped
2026-07-29 15:42:29,567 [INFO] Connection closed
2026-07-29 15:42:29,568 [INFO] Running Test Case: TC_ID-246
2026-07-29 15:42:29,569 [DEBUG] Starting CanStack
2026-07-29 15:42:29,570 [DEBUG] Main thread has started
2026-07-29 15:42:29,571 [DEBUG] Relay thread has started
2026-07-29 15:42:29,572 [INFO] Connection opened
2026-07-29 15:42:29,572 [INFO] Switched to physical mode for TC: TC_ID-246 Step: PreCondition: PC_ID-030  Testcase:- Input Output Record Local Identifier #1(Extended session)
2026-07-29 15:42:29,573 [INFO] TC_ID-246 - PreCondition: PC_ID-030  Testcase:- Input Output Record Local Identifier #1(Extended session): SID=0x22, Sub=0xB302, Expected=[16, 9, 98, 179, 2, 255, 255, 0, 0, 0, 147, 170, 170, 170, 170]
2026-07-29 15:42:29,672 [INFO] TC_ID-246 - PreCondition: PC_ID-030  Testcase:- Input Output Record Local Identifier #1(Extended session): Sending request 22B302
2026-07-29 15:42:29,673 [INFO] TC_ID-246 - PreCondition: PC_ID-030  Testcase:- Input Output Record Local Identifier #1(Extended session): Sending request 22B302
2026-07-29 15:42:29,674 [DEBUG] Sending 3 bytes : [22b302]
2026-07-29 15:42:29,675 [DEBUG] Enqueuing a SendRequest for 3 bytes and TAT=Physical
2026-07-29 15:42:29,677 [DEBUG] Tx: <7A6> (08) [ ]	 0322b30200000000
2026-07-29 15:42:29,678 [DEBUG] We've been asked to write a message to the bus
2026-07-29 15:42:29,679 [DEBUG] sending: Timestamp:        0.000000    ID:      7a6    S Rx       BS       DL:  8    03 22 b3 02 00 00 00 00
2026-07-29 15:42:29,688 [DEBUG] We've been asked to write a message to the bus
2026-07-29 15:42:29,691 [DEBUG] Rx: <7AE> (08) [p]	 100962b302ffff00
2026-07-29 15:42:29,692 [DEBUG] sending: Timestamp:        0.000000    ID:      7a6    S Rx       BS       DL:  8    30 08 0a 00 00 00 00 00
2026-07-29 15:42:29,693 [DEBUG] Tx: <7A6> (08) [ ]	 30080a0000000000
2026-07-29 15:42:29,695 [DEBUG] We've been asked to write a message to the bus
2026-07-29 15:42:29,697 [DEBUG] sending: Timestamp:        0.000000    ID:      7a6    S Rx       BS       DL:  8    30 08 0a 00 00 00 00 00
2026-07-29 15:42:29,699 [DEBUG] TxState=IDLE - RxState=WAIT_CF
2026-07-29 15:42:29,720 [DEBUG] Rx: <7AE> (08) [p]	 21000086aaaaaaaa
2026-07-29 15:42:29,769 [INFO] TC_ID-246 - Received: 62B302FFFF00000086
2026-07-29 15:42:29,770 [WARNING] TC_ID-246 - PreCondition: PC_ID-030  Testcase:- Input Output Record Local Identifier #1(Extended session) -> ❌ FAIL - Expected 100962B302FFFF00000093AAAAAAAA
2026-07-29 15:42:29,771 [DEBUG] Stopping CanStack
2026-07-29 15:42:29,772 [DEBUG] TxState=IDLE - RxState=IDLE
2026-07-29 15:42:29,772 [DEBUG] Main thread is exiting
2026-07-29 15:42:29,821 [DEBUG] CanStack Stopped
2026-07-29 15:42:29,822 [INFO] Connection closed
2026-07-29 15:42:29,822 [INFO] Running Test Case: TC_ID-247
2026-07-29 15:42:29,823 [DEBUG] Starting CanStack
2026-07-29 15:42:29,824 [DEBUG] Main thread has started
2026-07-29 15:42:29,825 [DEBUG] Relay thread has started
2026-07-29 15:42:29,826 [INFO] Connection opened
2026-07-29 15:42:29,827 [INFO] Switched to physical mode for TC: TC_ID-247 Step: PreCondition: PC_ID-030  Testcase:- Input Output Record Local Identifier #2(Extended session)
2026-07-29 15:42:29,827 [INFO] TC_ID-247 - PreCondition: PC_ID-030  Testcase:- Input Output Record Local Identifier #2(Extended session): SID=0x22, Sub=0xB303, Expected=[16, 11, 98, 179, 3, 255, 255, 255, 1, 8, 0, 0, 1, 170, 170]
2026-07-29 15:42:29,919 [INFO] TC_ID-247 - PreCondition: PC_ID-030  Testcase:- Input Output Record Local Identifier #2(Extended session): Sending request 22B303
2026-07-29 15:42:29,920 [INFO] TC_ID-247 - PreCondition: PC_ID-030  Testcase:- Input Output Record Local Identifier #2(Extended session): Sending request 22B303
2026-07-29 15:42:29,920 [DEBUG] Sending 3 bytes : [22b303]
2026-07-29 15:42:29,922 [DEBUG] Enqueuing a SendRequest for 3 bytes and TAT=Physical
2026-07-29 15:42:29,924 [DEBUG] Tx: <7A6> (08) [ ]	 0322b30300000000
2026-07-29 15:42:29,925 [DEBUG] We've been asked to write a message to the bus
2026-07-29 15:42:29,926 [DEBUG] sending: Timestamp:        0.000000    ID:      7a6    S Rx       BS       DL:  8    03 22 b3 03 00 00 00 00
2026-07-29 15:42:29,938 [DEBUG] We've been asked to write a message to the bus
2026-07-29 15:42:29,939 [DEBUG] sending: Timestamp:        0.000000    ID:      7a6    S Rx       BS       DL:  8    30 08 0a 00 00 00 00 00
2026-07-29 15:42:29,941 [DEBUG] Rx: <7AE> (08) [p]	 100b62b303ffffff
2026-07-29 15:42:29,943 [DEBUG] Tx: <7A6> (08) [ ]	 30080a0000000000
2026-07-29 15:42:29,945 [DEBUG] We've been asked to write a message to the bus
2026-07-29 15:42:29,946 [DEBUG] sending: Timestamp:        0.000000    ID:      7a6    S Rx       BS       DL:  8    30 08 0a 00 00 00 00 00
2026-07-29 15:42:29,948 [DEBUG] TxState=IDLE - RxState=WAIT_CF
2026-07-29 15:42:29,960 [DEBUG] Rx: <7AE> (08) [p]	 210108000001aaaa
2026-07-29 15:42:30,006 [INFO] TC_ID-247 - Received: 62B303FFFFFF0108000001
2026-07-29 15:42:30,008 [WARNING] TC_ID-247 - PreCondition: PC_ID-030  Testcase:- Input Output Record Local Identifier #2(Extended session) -> ❌ FAIL - Expected 100B62B303FFFFFF0108000001AAAA
2026-07-29 15:42:30,009 [DEBUG] Stopping CanStack
2026-07-29 15:42:30,010 [DEBUG] TxState=IDLE - RxState=IDLE
2026-07-29 15:42:30,011 [DEBUG] Main thread is exiting
2026-07-29 15:42:30,061 [DEBUG] CanStack Stopped
2026-07-29 15:42:30,062 [INFO] Connection closed
2026-07-29 15:42:30,063 [INFO] Running Test Case: TC_ID-248
2026-07-29 15:42:30,063 [DEBUG] Starting CanStack
2026-07-29 15:42:30,065 [DEBUG] Main thread has started
2026-07-29 15:42:30,066 [DEBUG] Relay thread has started
2026-07-29 15:42:30,067 [INFO] Connection opened
2026-07-29 15:42:30,068 [INFO] Switched to physical mode for TC: TC_ID-248 Step: PreCondition: PC_ID-030  Testcase:RX_SWIN_F1_EF_Read(Extended session)
2026-07-29 15:42:30,069 [INFO] TC_ID-248 - PreCondition: PC_ID-030  Testcase:RX_SWIN_F1_EF_Read(Extended session): SID=0x22, Sub=0xF1EF, Expected=[16, 43, 98, 241, 239, 7, 166, 11, 82, 49, 48, 32, 77, 81, 52, 47, 49, 47, 48, 12, 82, 49, 53, 53, 32, 77, 81, 52, 47, 49, 47, 48, 12, 82, 49, 53, 54, 32, 77, 81, 52, 47, 49, 47, 48, 170, 170, 170, 170, 170]
2026-07-29 15:42:30,152 [INFO] TC_ID-248 - PreCondition: PC_ID-030  Testcase:RX_SWIN_F1_EF_Read(Extended session): Sending request 22F1EF
2026-07-29 15:42:30,153 [INFO] TC_ID-248 - PreCondition: PC_ID-030  Testcase:RX_SWIN_F1_EF_Read(Extended session): Sending request 22F1EF
2026-07-29 15:42:30,154 [DEBUG] Sending 3 bytes : [22f1ef]
2026-07-29 15:42:30,155 [DEBUG] Enqueuing a SendRequest for 3 bytes and TAT=Physical
2026-07-29 15:42:30,157 [DEBUG] Tx: <7A6> (08) [ ]	 0322f1ef00000000
2026-07-29 15:42:30,158 [DEBUG] We've been asked to write a message to the bus
2026-07-29 15:42:30,159 [DEBUG] sending: Timestamp:        0.000000    ID:      7a6    S Rx       BS       DL:  8    03 22 f1 ef 00 00 00 00
2026-07-29 15:42:30,170 [DEBUG] Rx: <7AE> (08) [p]	 102b62f1ef07a60b
2026-07-29 15:42:30,171 [DEBUG] We've been asked to write a message to the bus
2026-07-29 15:42:30,172 [DEBUG] Tx: <7A6> (08) [ ]	 30080a0000000000
2026-07-29 15:42:30,173 [DEBUG] sending: Timestamp:        0.000000    ID:      7a6    S Rx       BS       DL:  8    30 08 0a 00 00 00 00 00
2026-07-29 15:42:30,175 [DEBUG] We've been asked to write a message to the bus
2026-07-29 15:42:30,177 [DEBUG] sending: Timestamp:        0.000000    ID:      7a6    S Rx       BS       DL:  8    30 08 0a 00 00 00 00 00
2026-07-29 15:42:30,180 [DEBUG] TxState=IDLE - RxState=WAIT_CF
2026-07-29 15:42:30,200 [DEBUG] Rx: <7AE> (08) [p]	 21523130204d5134
2026-07-29 15:42:30,218 [DEBUG] Rx: <7AE> (08) [p]	 222f312f300c5231
2026-07-29 15:42:30,236 [DEBUG] Rx: <7AE> (08) [p]	 233535204d51342f
2026-07-29 15:42:30,260 [DEBUG] Rx: <7AE> (08) [p]	 24312f300c523135
2026-07-29 15:42:30,276 [DEBUG] Rx: <7AE> (08) [p]	 2536204d51342f31
2026-07-29 15:42:30,297 [DEBUG] Rx: <7AE> (08) [p]	 262f30aaaaaaaaaa
2026-07-29 15:42:30,347 [INFO] TC_ID-248 - Received: 62F1EF07A60B523130204D51342F312F300C52313535204D51342F312F300C52313536204D51342F312F30
2026-07-29 15:42:30,348 [WARNING] TC_ID-248 - PreCondition: PC_ID-030  Testcase:RX_SWIN_F1_EF_Read(Extended session) -> ❌ FAIL - Expected 102B62F1EF07A60B523130204D51342F312F300C52313535204D51342F312F300C52313536204D51342F312F30AAAAAAAAAA
2026-07-29 15:42:30,349 [DEBUG] TxState=IDLE - RxState=IDLE
2026-07-29 15:42:30,349 [DEBUG] Stopping CanStack
2026-07-29 15:42:30,351 [DEBUG] Main thread is exiting
2026-07-29 15:42:30,398 [DEBUG] CanStack Stopped
2026-07-29 15:42:30,399 [INFO] Connection closed
2026-07-29 15:42:30,400 [INFO] Running Test Case: TC_ID-249
2026-07-29 15:42:30,400 [DEBUG] Starting CanStack
2026-07-29 15:42:30,401 [DEBUG] Main thread has started
2026-07-29 15:42:30,402 [DEBUG] Relay thread has started
2026-07-29 15:42:30,404 [INFO] Connection opened
2026-07-29 15:42:30,405 [INFO] Switched to physical mode for TC: TC_ID-249 Step: PreCondition: PC_ID-030  Testcase:B_CAN_Database_Version_F1_00_Read(Extendedsession)
2026-07-29 15:42:30,405 [INFO] TC_ID-249 - PreCondition: PC_ID-030  Testcase:B_CAN_Database_Version_F1_00_Read(Extendedsession): SID=0x22, Sub=0xF100, Expected=[6, 98, 241, 0, 49, 46, 48, 170]
2026-07-29 15:42:30,498 [INFO] TC_ID-249 - PreCondition: PC_ID-030  Testcase:B_CAN_Database_Version_F1_00_Read(Extendedsession): Sending request 22F100
2026-07-29 15:42:30,499 [INFO] TC_ID-249 - PreCondition: PC_ID-030  Testcase:B_CAN_Database_Version_F1_00_Read(Extendedsession): Sending request 22F100
2026-07-29 15:42:30,500 [DEBUG] Sending 3 bytes : [22f100]
2026-07-29 15:42:30,501 [DEBUG] Enqueuing a SendRequest for 3 bytes and TAT=Physical
2026-07-29 15:42:30,503 [DEBUG] Tx: <7A6> (08) [ ]	 0322f10000000000
2026-07-29 15:42:30,504 [DEBUG] We've been asked to write a message to the bus
2026-07-29 15:42:30,505 [DEBUG] sending: Timestamp:        0.000000    ID:      7a6    S Rx       BS       DL:  8    03 22 f1 00 00 00 00 00
2026-07-29 15:42:30,517 [DEBUG] Rx: <7AE> (08) [p]	 0662f100312e30aa
2026-07-29 15:42:30,567 [INFO] TC_ID-249 - Received: 62F100312E30
2026-07-29 15:42:30,568 [WARNING] TC_ID-249 - PreCondition: PC_ID-030  Testcase:B_CAN_Database_Version_F1_00_Read(Extendedsession) -> ❌ FAIL - Expected 0662F100312E30AA
2026-07-29 15:42:30,568 [DEBUG] Stopping CanStack
2026-07-29 15:42:30,569 [DEBUG] Main thread is exiting
2026-07-29 15:42:30,618 [DEBUG] CanStack Stopped
2026-07-29 15:42:30,619 [INFO] Connection closed
2026-07-29 15:42:30,620 [INFO] Running Test Case: TC_ID-250
2026-07-29 15:42:30,621 [DEBUG] Starting CanStack
2026-07-29 15:42:30,622 [DEBUG] Main thread has started
2026-07-29 15:42:30,624 [DEBUG] Relay thread has started
2026-07-29 15:42:30,628 [INFO] Connection opened
2026-07-29 15:42:30,629 [INFO] Switched to physical mode for TC: TC_ID-250 Step: PreCondition: PC_ID-030  Testcase:Vehicle_Manufacturer_Spare_Part_Number_F1_87_Read(Extendedsession)
2026-07-29 15:42:30,630 [INFO] TC_ID-250 - PreCondition: PC_ID-030  Testcase:Vehicle_Manufacturer_Spare_Part_Number_F1_87_Read(Extendedsession): SID=0x22, Sub=0xF187, Expected=[16, 13, 98, 241, 135, 57, 51, 52, 68, 56, 71, 66, 53, 49, 48]
2026-07-29 15:42:30,744 [INFO] TC_ID-250 - PreCondition: PC_ID-030  Testcase:Vehicle_Manufacturer_Spare_Part_Number_F1_87_Read(Extendedsession): Sending request 22F187
2026-07-29 15:42:30,745 [INFO] TC_ID-250 - PreCondition: PC_ID-030  Testcase:Vehicle_Manufacturer_Spare_Part_Number_F1_87_Read(Extendedsession): Sending request 22F187
2026-07-29 15:42:30,746 [DEBUG] Sending 3 bytes : [22f187]
2026-07-29 15:42:30,747 [DEBUG] Enqueuing a SendRequest for 3 bytes and TAT=Physical
2026-07-29 15:42:30,749 [DEBUG] Tx: <7A6> (08) [ ]	 0322f18700000000
2026-07-29 15:42:30,751 [DEBUG] We've been asked to write a message to the bus
2026-07-29 15:42:30,752 [DEBUG] sending: Timestamp:        0.000000    ID:      7a6    S Rx       BS       DL:  8    03 22 f1 87 00 00 00 00
2026-07-29 15:42:30,767 [DEBUG] We've been asked to write a message to the bus
2026-07-29 15:42:30,769 [DEBUG] sending: Timestamp:        0.000000    ID:      7a6    S Rx       BS       DL:  8    30 08 0a 00 00 00 00 00
2026-07-29 15:42:30,770 [DEBUG] Rx: <7AE> (08) [p]	 100d62f187393334
2026-07-29 15:42:30,773 [DEBUG] Tx: <7A6> (08) [ ]	 30080a0000000000
2026-07-29 15:42:30,775 [DEBUG] We've been asked to write a message to the bus
2026-07-29 15:42:30,776 [DEBUG] sending: Timestamp:        0.000000    ID:      7a6    S Rx       BS       DL:  8    30 08 0a 00 00 00 00 00
2026-07-29 15:42:30,779 [DEBUG] TxState=IDLE - RxState=WAIT_CF
2026-07-29 15:42:30,790 [DEBUG] Rx: <7AE> (08) [p]	 2144384742353130
2026-07-29 15:42:30,839 [INFO] TC_ID-250 - Received: 62F18739333444384742353130
2026-07-29 15:42:30,842 [WARNING] TC_ID-250 - PreCondition: PC_ID-030  Testcase:Vehicle_Manufacturer_Spare_Part_Number_F1_87_Read(Extendedsession) -> ❌ FAIL - Expected 100D62F18739333444384742353130
2026-07-29 15:42:30,843 [DEBUG] Stopping CanStack
2026-07-29 15:42:30,844 [DEBUG] TxState=IDLE - RxState=IDLE
2026-07-29 15:42:30,845 [DEBUG] Main thread is exiting
2026-07-29 15:42:30,894 [DEBUG] CanStack Stopped
2026-07-29 15:42:30,896 [INFO] Connection closed
2026-07-29 15:42:30,896 [INFO] Running Test Case: TC_ID-251
2026-07-29 15:42:30,897 [DEBUG] Starting CanStack
2026-07-29 15:42:30,899 [DEBUG] Main thread has started
2026-07-29 15:42:30,900 [DEBUG] Relay thread has started
2026-07-29 15:42:30,902 [INFO] Connection opened
2026-07-29 15:42:30,903 [INFO] Switched to physical mode for TC: TC_ID-251 Step: PreCondition: PC_ID-030  Testcase:Manufacturing_F1_8B_Read(Extendedsession)
2026-07-29 15:42:30,903 [INFO] TC_ID-251 - PreCondition: PC_ID-030  Testcase:Manufacturing_F1_8B_Read(Extendedsession): SID=0x22, Sub=0xF18B, Expected=[7, 98, 241, 139, 32, 37, 18, 25]
2026-07-29 15:42:30,993 [INFO] TC_ID-251 - PreCondition: PC_ID-030  Testcase:Manufacturing_F1_8B_Read(Extendedsession): Sending request 22F18B
2026-07-29 15:42:30,994 [INFO] TC_ID-251 - PreCondition: PC_ID-030  Testcase:Manufacturing_F1_8B_Read(Extendedsession): Sending request 22F18B
2026-07-29 15:42:30,995 [DEBUG] Sending 3 bytes : [22f18b]
2026-07-29 15:42:30,996 [DEBUG] Enqueuing a SendRequest for 3 bytes and TAT=Physical
2026-07-29 15:42:30,998 [DEBUG] Tx: <7A6> (08) [ ]	 0322f18b00000000
2026-07-29 15:42:30,999 [DEBUG] We've been asked to write a message to the bus
2026-07-29 15:42:31,000 [DEBUG] sending: Timestamp:        0.000000    ID:      7a6    S Rx       BS       DL:  8    03 22 f1 8b 00 00 00 00
2026-07-29 15:42:31,010 [DEBUG] Rx: <7AE> (08) [p]	 0762f18b20251219
2026-07-29 15:42:31,059 [INFO] TC_ID-251 - Received: 62F18B20251219
2026-07-29 15:42:31,060 [WARNING] TC_ID-251 - PreCondition: PC_ID-030  Testcase:Manufacturing_F1_8B_Read(Extendedsession) -> ❌ FAIL - Expected 0762F18B20251219
2026-07-29 15:42:31,060 [DEBUG] Stopping CanStack
2026-07-29 15:42:31,061 [DEBUG] Main thread is exiting
2026-07-29 15:42:31,109 [DEBUG] CanStack Stopped
2026-07-29 15:42:31,109 [INFO] Connection closed
2026-07-29 15:42:31,110 [INFO] Running Test Case: TC_ID-252
2026-07-29 15:42:31,111 [DEBUG] Starting CanStack
2026-07-29 15:42:31,112 [DEBUG] Main thread has started
2026-07-29 15:42:31,113 [DEBUG] Relay thread has started
2026-07-29 15:42:31,114 [INFO] Connection opened
2026-07-29 15:42:31,115 [INFO] Switched to physical mode for TC: TC_ID-252 Step: PreCondition: PC_ID-030  Testcase:ECU_Serial_Number_F1_8C_Read(Extendedsession)
2026-07-29 15:42:31,115 [INFO] TC_ID-252 - PreCondition: PC_ID-030  Testcase:ECU_Serial_Number_F1_8C_Read(Extendedsession): SID=0x22, Sub=0xF18C, Expected=[16, 11, 98, 241, 140, 48, 48, 48, 48, 48, 48, 48, 49, 170, 170]
2026-07-29 15:42:31,209 [INFO] TC_ID-252 - PreCondition: PC_ID-030  Testcase:ECU_Serial_Number_F1_8C_Read(Extendedsession): Sending request 22F18C
2026-07-29 15:42:31,210 [INFO] TC_ID-252 - PreCondition: PC_ID-030  Testcase:ECU_Serial_Number_F1_8C_Read(Extendedsession): Sending request 22F18C
2026-07-29 15:42:31,211 [DEBUG] Sending 3 bytes : [22f18c]
2026-07-29 15:42:31,212 [DEBUG] Enqueuing a SendRequest for 3 bytes and TAT=Physical
2026-07-29 15:42:31,214 [DEBUG] Tx: <7A6> (08) [ ]	 0322f18c00000000
2026-07-29 15:42:31,215 [DEBUG] We've been asked to write a message to the bus
2026-07-29 15:42:31,216 [DEBUG] sending: Timestamp:        0.000000    ID:      7a6    S Rx       BS       DL:  8    03 22 f1 8c 00 00 00 00
2026-07-29 15:42:31,228 [DEBUG] We've been asked to write a message to the bus
2026-07-29 15:42:31,230 [DEBUG] sending: Timestamp:        0.000000    ID:      7a6    S Rx       BS       DL:  8    30 08 0a 00 00 00 00 00
2026-07-29 15:42:31,232 [DEBUG] Rx: <7AE> (08) [p]	 100b62f18c303030
2026-07-29 15:42:31,235 [DEBUG] Tx: <7A6> (08) [ ]	 30080a0000000000
2026-07-29 15:42:31,236 [DEBUG] We've been asked to write a message to the bus
2026-07-29 15:42:31,238 [DEBUG] sending: Timestamp:        0.000000    ID:      7a6    S Rx       BS       DL:  8    30 08 0a 00 00 00 00 00
2026-07-29 15:42:31,240 [DEBUG] TxState=IDLE - RxState=WAIT_CF
2026-07-29 15:42:31,260 [DEBUG] Rx: <7AE> (08) [p]	 213030303031aaaa
2026-07-29 15:42:31,309 [INFO] TC_ID-252 - Received: 62F18C3030303030303031
2026-07-29 15:42:31,310 [WARNING] TC_ID-252 - PreCondition: PC_ID-030  Testcase:ECU_Serial_Number_F1_8C_Read(Extendedsession) -> ❌ FAIL - Expected 100B62F18C3030303030303031AAAA
2026-07-29 15:42:31,310 [DEBUG] Stopping CanStack
2026-07-29 15:42:31,311 [DEBUG] TxState=IDLE - RxState=IDLE
2026-07-29 15:42:31,312 [DEBUG] Main thread is exiting
2026-07-29 15:42:31,358 [DEBUG] CanStack Stopped
2026-07-29 15:42:31,359 [INFO] Connection closed
2026-07-29 15:42:31,359 [INFO] Running Test Case: TC_ID-253
2026-07-29 15:42:31,360 [DEBUG] Starting CanStack
2026-07-29 15:42:31,361 [DEBUG] Main thread has started
2026-07-29 15:42:31,362 [DEBUG] Relay thread has started
2026-07-29 15:42:31,363 [INFO] Connection opened
2026-07-29 15:42:31,364 [INFO] Switched to physical mode for TC: TC_ID-253 Step: PreCondition: PC_ID-030  Testcase:Vehicle_Manufacturer_ECU_HW_Number_F1_91_Read(Extendedsession)
2026-07-29 15:42:31,364 [INFO] TC_ID-253 - PreCondition: PC_ID-030  Testcase:Vehicle_Manufacturer_ECU_HW_Number_F1_91_Read(Extendedsession): SID=0x22, Sub=0xF191, Expected=[7, 98, 241, 145, 49, 46, 48, 48]
2026-07-29 15:42:31,460 [INFO] TC_ID-253 - PreCondition: PC_ID-030  Testcase:Vehicle_Manufacturer_ECU_HW_Number_F1_91_Read(Extendedsession): Sending request 22F191
2026-07-29 15:42:31,461 [INFO] TC_ID-253 - PreCondition: PC_ID-030  Testcase:Vehicle_Manufacturer_ECU_HW_Number_F1_91_Read(Extendedsession): Sending request 22F191
2026-07-29 15:42:31,462 [DEBUG] Sending 3 bytes : [22f191]
2026-07-29 15:42:31,463 [DEBUG] Enqueuing a SendRequest for 3 bytes and TAT=Physical
2026-07-29 15:42:31,465 [DEBUG] Tx: <7A6> (08) [ ]	 0322f19100000000
2026-07-29 15:42:31,466 [DEBUG] We've been asked to write a message to the bus
2026-07-29 15:42:31,467 [DEBUG] sending: Timestamp:        0.000000    ID:      7a6    S Rx       BS       DL:  8    03 22 f1 91 00 00 00 00
2026-07-29 15:42:31,479 [DEBUG] Rx: <7AE> (08) [p]	 0762f191312e3030
2026-07-29 15:42:31,528 [INFO] TC_ID-253 - Received: 62F191312E3030
2026-07-29 15:42:31,529 [WARNING] TC_ID-253 - PreCondition: PC_ID-030  Testcase:Vehicle_Manufacturer_ECU_HW_Number_F1_91_Read(Extendedsession) -> ❌ FAIL - Expected 0762F191312E3030
2026-07-29 15:42:31,530 [DEBUG] Stopping CanStack
2026-07-29 15:42:31,531 [DEBUG] Main thread is exiting
2026-07-29 15:42:31,580 [DEBUG] CanStack Stopped
2026-07-29 15:42:31,581 [INFO] Connection closed
2026-07-29 15:42:31,581 [INFO] Running Test Case: TC_ID-254
2026-07-29 15:42:31,582 [DEBUG] Starting CanStack
2026-07-29 15:42:31,583 [DEBUG] Main thread has started
2026-07-29 15:42:31,584 [DEBUG] Relay thread has started
2026-07-29 15:42:31,585 [INFO] Connection opened
2026-07-29 15:42:31,586 [INFO] Switched to physical mode for TC: TC_ID-254 Step: PreCondition: PC_ID-030  Testcase:HardwareVersionNumber_F1_93_Read(Extendedsession)
2026-07-29 15:42:31,587 [INFO] TC_ID-254 - PreCondition: PC_ID-030  Testcase:HardwareVersionNumber_F1_93_Read(Extendedsession): SID=0x22, Sub=0xF193, Expected=[7, 98, 241, 147, 49, 46, 48, 48]
2026-07-29 15:42:31,721 [INFO] TC_ID-254 - PreCondition: PC_ID-030  Testcase:HardwareVersionNumber_F1_93_Read(Extendedsession): Sending request 22F193
2026-07-29 15:42:31,722 [INFO] TC_ID-254 - PreCondition: PC_ID-030  Testcase:HardwareVersionNumber_F1_93_Read(Extendedsession): Sending request 22F193
2026-07-29 15:42:31,723 [DEBUG] Sending 3 bytes : [22f193]
2026-07-29 15:42:31,724 [DEBUG] Enqueuing a SendRequest for 3 bytes and TAT=Physical
2026-07-29 15:42:31,726 [DEBUG] Tx: <7A6> (08) [ ]	 0322f19300000000
2026-07-29 15:42:31,728 [DEBUG] We've been asked to write a message to the bus
2026-07-29 15:42:31,729 [DEBUG] sending: Timestamp:        0.000000    ID:      7a6    S Rx       BS       DL:  8    03 22 f1 93 00 00 00 00
2026-07-29 15:42:31,740 [DEBUG] Rx: <7AE> (08) [p]	 0762f193312e3030
2026-07-29 15:42:31,789 [INFO] TC_ID-254 - Received: 62F193312E3030
2026-07-29 15:42:31,790 [WARNING] TC_ID-254 - PreCondition: PC_ID-030  Testcase:HardwareVersionNumber_F1_93_Read(Extendedsession) -> ❌ FAIL - Expected 0762F193312E3030
2026-07-29 15:42:31,791 [DEBUG] Stopping CanStack
2026-07-29 15:42:31,792 [DEBUG] Main thread is exiting
2026-07-29 15:42:31,841 [DEBUG] CanStack Stopped
2026-07-29 15:42:31,842 [INFO] Connection closed
2026-07-29 15:42:31,843 [INFO] Running Test Case: TC_ID-255
2026-07-29 15:42:31,843 [DEBUG] Starting CanStack
2026-07-29 15:42:31,844 [DEBUG] Main thread has started
2026-07-29 15:42:31,845 [DEBUG] Relay thread has started
2026-07-29 15:42:31,848 [INFO] Connection opened
2026-07-29 15:42:31,850 [INFO] Switched to physical mode for TC: TC_ID-255 Step: PreCondition: PC_ID-030  Testcase:ECUSoftwareUnit1IVDDataIdentifier_F1_C1_Read(Extendedsession)
2026-07-29 15:42:31,851 [INFO] TC_ID-255 - PreCondition: PC_ID-030  Testcase:ECUSoftwareUnit1IVDDataIdentifier_F1_C1_Read(Extendedsession): SID=0x22, Sub=0xF1C1, Expected=[3, 98, 241, 193, 170, 170, 170, 170]
2026-07-29 15:42:31,956 [INFO] TC_ID-255 - PreCondition: PC_ID-030  Testcase:ECUSoftwareUnit1IVDDataIdentifier_F1_C1_Read(Extendedsession): Sending request 22F1C1
2026-07-29 15:42:31,957 [INFO] TC_ID-255 - PreCondition: PC_ID-030  Testcase:ECUSoftwareUnit1IVDDataIdentifier_F1_C1_Read(Extendedsession): Sending request 22F1C1
2026-07-29 15:42:31,958 [DEBUG] Sending 3 bytes : [22f1c1]
2026-07-29 15:42:31,959 [DEBUG] Enqueuing a SendRequest for 3 bytes and TAT=Physical
2026-07-29 15:42:31,961 [DEBUG] Tx: <7A6> (08) [ ]	 0322f1c100000000
2026-07-29 15:42:31,962 [DEBUG] We've been asked to write a message to the bus
2026-07-29 15:42:31,963 [DEBUG] sending: Timestamp:        0.000000    ID:      7a6    S Rx       BS       DL:  8    03 22 f1 c1 00 00 00 00
2026-07-29 15:42:31,977 [DEBUG] Rx: <7AE> (08) [p]	 037f2222aaaaaaaa
2026-07-29 15:42:32,028 [INFO] TC_ID-255 - Received: 7F2222
2026-07-29 15:42:32,029 [WARNING] TC_ID-255 - PreCondition: PC_ID-030  Testcase:ECUSoftwareUnit1IVDDataIdentifier_F1_C1_Read(Extendedsession) -> ❌ FAIL - Expected 0362F1C1AAAAAAAA
2026-07-29 15:42:32,030 [DEBUG] Stopping CanStack
2026-07-29 15:42:32,031 [DEBUG] Main thread is exiting
2026-07-29 15:42:32,078 [DEBUG] CanStack Stopped
2026-07-29 15:42:32,081 [INFO] Connection closed
2026-07-29 15:42:32,083 [INFO] Running Test Case: TC_ID-256
2026-07-29 15:42:32,083 [DEBUG] Starting CanStack
2026-07-29 15:42:32,085 [DEBUG] Main thread has started
2026-07-29 15:42:32,086 [DEBUG] Relay thread has started
2026-07-29 15:42:32,088 [INFO] Connection opened
2026-07-29 15:42:32,089 [INFO] Switched to physical mode for TC: TC_ID-256 Step: PreCondition: PC_ID-030  Testcase:ECUSoftwareUnit2 IVDDataIdentifier_F1_C2_Read(Defaultsession)
2026-07-29 15:42:32,090 [INFO] TC_ID-256 - PreCondition: PC_ID-030  Testcase:ECUSoftwareUnit2 IVDDataIdentifier_F1_C2_Read(Defaultsession): SID=0x22, Sub=0xF1C2, Expected=[3, 98, 241, 194, 170, 170, 170, 170]
2026-07-29 15:42:32,188 [INFO] TC_ID-256 - PreCondition: PC_ID-030  Testcase:ECUSoftwareUnit2 IVDDataIdentifier_F1_C2_Read(Defaultsession): Sending request 22F1C2
2026-07-29 15:42:32,189 [INFO] TC_ID-256 - PreCondition: PC_ID-030  Testcase:ECUSoftwareUnit2 IVDDataIdentifier_F1_C2_Read(Defaultsession): Sending request 22F1C2
2026-07-29 15:42:32,190 [DEBUG] Sending 3 bytes : [22f1c2]
2026-07-29 15:42:32,191 [DEBUG] Enqueuing a SendRequest for 3 bytes and TAT=Physical
2026-07-29 15:42:32,193 [DEBUG] Tx: <7A6> (08) [ ]	 0322f1c200000000
2026-07-29 15:42:32,194 [DEBUG] We've been asked to write a message to the bus
2026-07-29 15:42:32,195 [DEBUG] sending: Timestamp:        0.000000    ID:      7a6    S Rx       BS       DL:  8    03 22 f1 c2 00 00 00 00
2026-07-29 15:42:32,208 [DEBUG] Rx: <7AE> (08) [p]	 037f2212aaaaaaaa
2026-07-29 15:42:32,257 [INFO] TC_ID-256 - Received: 7F2212
2026-07-29 15:42:32,258 [WARNING] TC_ID-256 - PreCondition: PC_ID-030  Testcase:ECUSoftwareUnit2 IVDDataIdentifier_F1_C2_Read(Defaultsession) -> ❌ FAIL - Expected 0362F1C2AAAAAAAA
2026-07-29 15:42:32,260 [DEBUG] Stopping CanStack
2026-07-29 15:42:32,261 [DEBUG] Main thread is exiting
2026-07-29 15:42:32,309 [DEBUG] CanStack Stopped
2026-07-29 15:42:32,310 [INFO] Connection closed
2026-07-29 15:42:32,310 [INFO] Running Test Case: TC_ID-257
2026-07-29 15:42:32,311 [DEBUG] Starting CanStack
2026-07-29 15:42:32,312 [DEBUG] Main thread has started
2026-07-29 15:42:32,314 [DEBUG] Relay thread has started
2026-07-29 15:42:32,316 [INFO] Connection opened
2026-07-29 15:42:32,317 [INFO] Switched to physical mode for TC: TC_ID-257 Step: PreCondition: PC_ID-030  Testcase:SystemSupplierECUSoftwareVersionNumbe_DataIdentifier_F1_95_Read(Extendedsession)
2026-07-29 15:42:32,318 [INFO] TC_ID-257 - PreCondition: PC_ID-030  Testcase:SystemSupplierECUSoftwareVersionNumbe_DataIdentifier_F1_95_Read(Extendedsession): SID=0x22, Sub=0xF195, Expected=[7, 98, 241, 149, 49, 46, 48, 48]
2026-07-29 15:42:32,431 [INFO] TC_ID-257 - PreCondition: PC_ID-030  Testcase:SystemSupplierECUSoftwareVersionNumbe_DataIdentifier_F1_95_Read(Extendedsession): Sending request 22F195
2026-07-29 15:42:32,432 [INFO] TC_ID-257 - PreCondition: PC_ID-030  Testcase:SystemSupplierECUSoftwareVersionNumbe_DataIdentifier_F1_95_Read(Extendedsession): Sending request 22F195
2026-07-29 15:42:32,433 [DEBUG] Sending 3 bytes : [22f195]
2026-07-29 15:42:32,434 [DEBUG] Enqueuing a SendRequest for 3 bytes and TAT=Physical
2026-07-29 15:42:32,436 [DEBUG] Tx: <7A6> (08) [ ]	 0322f19500000000
2026-07-29 15:42:32,437 [DEBUG] We've been asked to write a message to the bus
2026-07-29 15:42:32,438 [DEBUG] sending: Timestamp:        0.000000    ID:      7a6    S Rx       BS       DL:  8    03 22 f1 95 00 00 00 00
2026-07-29 15:42:32,449 [DEBUG] Rx: <7AE> (08) [p]	 0762f195312e3030
2026-07-29 15:42:32,501 [INFO] TC_ID-257 - Received: 62F195312E3030
2026-07-29 15:42:32,502 [WARNING] TC_ID-257 - PreCondition: PC_ID-030  Testcase:SystemSupplierECUSoftwareVersionNumbe_DataIdentifier_F1_95_Read(Extendedsession) -> ❌ FAIL - Expected 0762F195312E3030
2026-07-29 15:42:32,503 [DEBUG] Stopping CanStack
2026-07-29 15:42:32,504 [DEBUG] Main thread is exiting
2026-07-29 15:42:32,550 [DEBUG] CanStack Stopped
2026-07-29 15:42:32,551 [INFO] Connection closed
2026-07-29 15:42:32,551 [INFO] Running Test Case: TC_ID-258
2026-07-29 15:42:32,552 [DEBUG] Starting CanStack
2026-07-29 15:42:32,553 [DEBUG] Main thread has started
2026-07-29 15:42:32,554 [DEBUG] Relay thread has started
2026-07-29 15:42:32,555 [INFO] Connection opened
2026-07-29 15:42:32,556 [INFO] Switched to physical mode for TC: TC_ID-258 Step: PreCondition: PC_ID-030  Testcase:Software_Version_for_HKMC_Vehicle_Manufacture_F1_A0_Read(Extendedsession)
2026-07-29 15:42:32,557 [INFO] TC_ID-258 - PreCondition: PC_ID-030  Testcase:Software_Version_for_HKMC_Vehicle_Manufacture_F1_A0_Read(Extendedsession): SID=0x22, Sub=0xF1A0, Expected=[7, 98, 241, 160, 49, 46, 48, 48]
2026-07-29 15:42:32,662 [INFO] TC_ID-258 - PreCondition: PC_ID-030  Testcase:Software_Version_for_HKMC_Vehicle_Manufacture_F1_A0_Read(Extendedsession): Sending request 22F1A0
2026-07-29 15:42:32,663 [INFO] TC_ID-258 - PreCondition: PC_ID-030  Testcase:Software_Version_for_HKMC_Vehicle_Manufacture_F1_A0_Read(Extendedsession): Sending request 22F1A0
2026-07-29 15:42:32,664 [DEBUG] Sending 3 bytes : [22f1a0]
2026-07-29 15:42:32,666 [DEBUG] Enqueuing a SendRequest for 3 bytes and TAT=Physical
2026-07-29 15:42:32,671 [DEBUG] Tx: <7A6> (08) [ ]	 0322f1a000000000
2026-07-29 15:42:32,675 [DEBUG] We've been asked to write a message to the bus
2026-07-29 15:42:32,678 [DEBUG] sending: Timestamp:        0.000000    ID:      7a6    S Rx       BS       DL:  8    03 22 f1 a0 00 00 00 00
2026-07-29 15:42:32,687 [DEBUG] Rx: <7AE> (08) [p]	 0762f1a0312e3030
2026-07-29 15:42:32,739 [INFO] TC_ID-258 - Received: 62F1A0312E3030
2026-07-29 15:42:32,740 [WARNING] TC_ID-258 - PreCondition: PC_ID-030  Testcase:Software_Version_for_HKMC_Vehicle_Manufacture_F1_A0_Read(Extendedsession) -> ❌ FAIL - Expected 0762F1A0312E3030
2026-07-29 15:42:32,741 [DEBUG] Stopping CanStack
2026-07-29 15:42:32,742 [DEBUG] Main thread is exiting
2026-07-29 15:42:32,788 [DEBUG] CanStack Stopped
2026-07-29 15:42:32,789 [INFO] Connection closed
2026-07-29 15:42:32,790 [INFO] Running Test Case: TC_ID-259
2026-07-29 15:42:32,791 [DEBUG] Starting CanStack
2026-07-29 15:42:32,792 [DEBUG] Main thread has started
2026-07-29 15:42:32,794 [DEBUG] Relay thread has started
2026-07-29 15:42:32,795 [INFO] Connection opened
2026-07-29 15:42:32,796 [INFO] Switched to physical mode for TC: TC_ID-259 Step: PreCondition: PC_ID-030  Testcase:ECU_Supplier_Code_F1_A1_Read(Extendedsession)
2026-07-29 15:42:32,797 [INFO] TC_ID-259 - PreCondition: PC_ID-030  Testcase:ECU_Supplier_Code_F1_A1_Read(Extendedsession): SID=0x22, Sub=0xF1A1, Expected=[7, 98, 241, 161, 83, 49, 49, 48]
2026-07-29 15:42:32,887 [INFO] TC_ID-259 - PreCondition: PC_ID-030  Testcase:ECU_Supplier_Code_F1_A1_Read(Extendedsession): Sending request 22F1A1
2026-07-29 15:42:32,888 [INFO] TC_ID-259 - PreCondition: PC_ID-030  Testcase:ECU_Supplier_Code_F1_A1_Read(Extendedsession): Sending request 22F1A1
2026-07-29 15:42:32,889 [DEBUG] Sending 3 bytes : [22f1a1]
2026-07-29 15:42:32,891 [DEBUG] Enqueuing a SendRequest for 3 bytes and TAT=Physical
2026-07-29 15:42:32,893 [DEBUG] Tx: <7A6> (08) [ ]	 0322f1a100000000
2026-07-29 15:42:32,894 [DEBUG] We've been asked to write a message to the bus
2026-07-29 15:42:32,895 [DEBUG] sending: Timestamp:        0.000000    ID:      7a6    S Rx       BS       DL:  8    03 22 f1 a1 00 00 00 00
2026-07-29 15:42:32,919 [DEBUG] Rx: <7AE> (08) [p]	 0762f1a153313130
2026-07-29 15:42:32,967 [INFO] TC_ID-259 - Received: 62F1A153313130
2026-07-29 15:42:32,968 [WARNING] TC_ID-259 - PreCondition: PC_ID-030  Testcase:ECU_Supplier_Code_F1_A1_Read(Extendedsession) -> ❌ FAIL - Expected 0762F1A153313130
2026-07-29 15:42:32,970 [DEBUG] Stopping CanStack
2026-07-29 15:42:32,972 [DEBUG] Main thread is exiting
2026-07-29 15:42:33,020 [DEBUG] CanStack Stopped
2026-07-29 15:42:33,021 [INFO] Connection closed
2026-07-29 15:42:33,021 [INFO] Running Test Case: TC_ID-260
2026-07-29 15:42:33,022 [DEBUG] Starting CanStack
2026-07-29 15:42:33,023 [DEBUG] Main thread has started
2026-07-29 15:42:33,024 [DEBUG] Relay thread has started
2026-07-29 15:42:33,025 [INFO] Connection opened
2026-07-29 15:42:33,025 [INFO] Switched to physical mode for TC: TC_ID-260 Step: PreCondition: PC_ID-030  Testcase:ECU_Software_UNIT_number_F1_B0_Read(Extendedsession)
2026-07-29 15:42:33,026 [INFO] TC_ID-260 - PreCondition: PC_ID-030  Testcase:ECU_Software_UNIT_number_F1_B0_Read(Extendedsession): SID=0x22, Sub=0xF1B0, Expected=[4, 98, 241, 176, 1, 170, 170, 170]
2026-07-29 15:42:33,146 [INFO] TC_ID-260 - PreCondition: PC_ID-030  Testcase:ECU_Software_UNIT_number_F1_B0_Read(Extendedsession): Sending request 22F1B0
2026-07-29 15:42:33,147 [INFO] TC_ID-260 - PreCondition: PC_ID-030  Testcase:ECU_Software_UNIT_number_F1_B0_Read(Extendedsession): Sending request 22F1B0
2026-07-29 15:42:33,147 [DEBUG] Sending 3 bytes : [22f1b0]
2026-07-29 15:42:33,149 [DEBUG] Enqueuing a SendRequest for 3 bytes and TAT=Physical
2026-07-29 15:42:33,151 [DEBUG] Tx: <7A6> (08) [ ]	 0322f1b000000000
2026-07-29 15:42:33,152 [DEBUG] We've been asked to write a message to the bus
2026-07-29 15:42:33,153 [DEBUG] sending: Timestamp:        0.000000    ID:      7a6    S Rx       BS       DL:  8    03 22 f1 b0 00 00 00 00
2026-07-29 15:42:33,167 [DEBUG] Rx: <7AE> (08) [p]	 0462f1b001aaaaaa
2026-07-29 15:42:33,218 [INFO] TC_ID-260 - Received: 62F1B001
2026-07-29 15:42:33,219 [WARNING] TC_ID-260 - PreCondition: PC_ID-030  Testcase:ECU_Software_UNIT_number_F1_B0_Read(Extendedsession) -> ❌ FAIL - Expected 0462F1B001AAAAAA
2026-07-29 15:42:33,220 [DEBUG] Stopping CanStack
2026-07-29 15:42:33,221 [DEBUG] Main thread is exiting
2026-07-29 15:42:33,267 [DEBUG] CanStack Stopped
2026-07-29 15:42:33,268 [INFO] Connection closed
2026-07-29 15:42:33,268 [INFO] Running Test Case: TC_ID-261
2026-07-29 15:42:33,269 [DEBUG] Starting CanStack
2026-07-29 15:42:33,270 [DEBUG] Main thread has started
2026-07-29 15:42:33,272 [DEBUG] Relay thread has started
2026-07-29 15:42:33,274 [INFO] Connection opened
2026-07-29 15:42:33,275 [INFO] Switched to physical mode for TC: TC_ID-261 Step: PreCondition: PC_ID-030  Testcase:ECU_Software_UNIT1_Version_F1_B1_Read(Extendedsession)
2026-07-29 15:42:33,277 [INFO] TC_ID-261 - PreCondition: PC_ID-030  Testcase:ECU_Software_UNIT1_Version_F1_B1_Read(Extendedsession): SID=0x22, Sub=0xF1B1, Expected=[7, 98, 241, 177, 49, 46, 48, 48]
2026-07-29 15:42:33,375 [INFO] TC_ID-261 - PreCondition: PC_ID-030  Testcase:ECU_Software_UNIT1_Version_F1_B1_Read(Extendedsession): Sending request 22F1B1
2026-07-29 15:42:33,376 [INFO] TC_ID-261 - PreCondition: PC_ID-030  Testcase:ECU_Software_UNIT1_Version_F1_B1_Read(Extendedsession): Sending request 22F1B1
2026-07-29 15:42:33,377 [DEBUG] Sending 3 bytes : [22f1b1]
2026-07-29 15:42:33,378 [DEBUG] Enqueuing a SendRequest for 3 bytes and TAT=Physical
2026-07-29 15:42:33,380 [DEBUG] Tx: <7A6> (08) [ ]	 0322f1b100000000
2026-07-29 15:42:33,381 [DEBUG] We've been asked to write a message to the bus
2026-07-29 15:42:33,382 [DEBUG] sending: Timestamp:        0.000000    ID:      7a6    S Rx       BS       DL:  8    03 22 f1 b1 00 00 00 00
2026-07-29 15:42:33,397 [DEBUG] Rx: <7AE> (08) [p]	 0762f1b1312e3030
2026-07-29 15:42:33,446 [INFO] TC_ID-261 - Received: 62F1B1312E3030
2026-07-29 15:42:33,447 [WARNING] TC_ID-261 - PreCondition: PC_ID-030  Testcase:ECU_Software_UNIT1_Version_F1_B1_Read(Extendedsession) -> ❌ FAIL - Expected 0762F1B1312E3030
2026-07-29 15:42:33,448 [DEBUG] Stopping CanStack
2026-07-29 15:42:33,449 [DEBUG] Main thread is exiting
2026-07-29 15:42:33,498 [DEBUG] CanStack Stopped
2026-07-29 15:42:33,499 [INFO] Connection closed
2026-07-29 15:42:33,499 [INFO] Running Test Case: TC_ID-262
2026-07-29 15:42:33,500 [DEBUG] Starting CanStack
2026-07-29 15:42:33,502 [DEBUG] Main thread has started
2026-07-29 15:42:33,504 [DEBUG] Relay thread has started
2026-07-29 15:42:33,506 [INFO] Connection opened
2026-07-29 15:42:33,508 [INFO] Switched to physical mode for TC: TC_ID-262 Step: PreCondition: PC_ID-030  Testcase:S_W_Version_Dataidentifier_F1_DD_Read(Extendedsession)
2026-07-29 15:42:33,512 [INFO] TC_ID-262 - PreCondition: PC_ID-030  Testcase:S_W_Version_Dataidentifier_F1_DD_Read(Extendedsession): SID=0x22, Sub=0xF1DD, Expected=[16, 16, 98, 241, 221, 49, 48, 48, 48, 48, 0, 0, 0, 0, 0, 0, 0, 0, 170, 170, 170, 170]
2026-07-29 15:42:33,609 [INFO] TC_ID-262 - PreCondition: PC_ID-030  Testcase:S_W_Version_Dataidentifier_F1_DD_Read(Extendedsession): Sending request 22F1DD
2026-07-29 15:42:33,610 [INFO] TC_ID-262 - PreCondition: PC_ID-030  Testcase:S_W_Version_Dataidentifier_F1_DD_Read(Extendedsession): Sending request 22F1DD
2026-07-29 15:42:33,611 [DEBUG] Sending 3 bytes : [22f1dd]
2026-07-29 15:42:33,612 [DEBUG] Enqueuing a SendRequest for 3 bytes and TAT=Physical
2026-07-29 15:42:33,614 [DEBUG] Tx: <7A6> (08) [ ]	 0322f1dd00000000
2026-07-29 15:42:33,615 [DEBUG] We've been asked to write a message to the bus
2026-07-29 15:42:33,616 [DEBUG] sending: Timestamp:        0.000000    ID:      7a6    S Rx       BS       DL:  8    03 22 f1 dd 00 00 00 00
2026-07-29 15:42:33,627 [DEBUG] We've been asked to write a message to the bus
2026-07-29 15:42:33,629 [DEBUG] Rx: <7AE> (08) [p]	 101062f1dd313030
2026-07-29 15:42:33,630 [DEBUG] sending: Timestamp:        0.000000    ID:      7a6    S Rx       BS       DL:  8    30 08 0a 00 00 00 00 00
2026-07-29 15:42:33,632 [DEBUG] Tx: <7A6> (08) [ ]	 30080a0000000000
2026-07-29 15:42:33,635 [DEBUG] We've been asked to write a message to the bus
2026-07-29 15:42:33,636 [DEBUG] sending: Timestamp:        0.000000    ID:      7a6    S Rx       BS       DL:  8    30 08 0a 00 00 00 00 00
2026-07-29 15:42:33,638 [DEBUG] TxState=IDLE - RxState=WAIT_CF
2026-07-29 15:42:33,658 [DEBUG] Rx: <7AE> (08) [p]	 2130300000000000
2026-07-29 15:42:33,678 [DEBUG] Rx: <7AE> (08) [p]	 22000000aaaaaaaa
2026-07-29 15:42:33,728 [INFO] TC_ID-262 - Received: 62F1DD31303030300000000000000000
2026-07-29 15:42:33,729 [WARNING] TC_ID-262 - PreCondition: PC_ID-030  Testcase:S_W_Version_Dataidentifier_F1_DD_Read(Extendedsession) -> ❌ FAIL - Expected 101062F1DD31303030300000000000000000AAAAAAAA
2026-07-29 15:42:33,730 [DEBUG] Stopping CanStack
2026-07-29 15:42:33,732 [DEBUG] TxState=IDLE - RxState=IDLE
2026-07-29 15:42:33,733 [DEBUG] Main thread is exiting
2026-07-29 15:42:33,778 [DEBUG] CanStack Stopped
2026-07-29 15:42:33,781 [INFO] Connection closed
2026-07-29 15:42:33,785 [INFO] Running Test Case: TC_ID-263
2026-07-29 15:42:33,787 [DEBUG] Starting CanStack
2026-07-29 15:42:33,789 [DEBUG] Main thread has started
2026-07-29 15:42:33,790 [DEBUG] Relay thread has started
2026-07-29 15:42:33,791 [INFO] Connection opened
2026-07-29 15:42:33,792 [INFO] Switched to physical mode for TC: TC_ID-263 Step: PreCondition: PC_ID-030  Testcase:SystemNameOrEngineTypeDataIdentifier_Read(Extendedsession)
2026-07-29 15:42:33,793 [INFO] TC_ID-263 - PreCondition: PC_ID-030  Testcase:SystemNameOrEngineTypeDataIdentifier_Read(Extendedsession): SID=0x22, Sub=0xF197, Expected=[7, 98, 241, 151, 77, 70, 83, 87]
2026-07-29 15:42:33,891 [INFO] TC_ID-263 - PreCondition: PC_ID-030  Testcase:SystemNameOrEngineTypeDataIdentifier_Read(Extendedsession): Sending request 22F197
2026-07-29 15:42:33,892 [INFO] TC_ID-263 - PreCondition: PC_ID-030  Testcase:SystemNameOrEngineTypeDataIdentifier_Read(Extendedsession): Sending request 22F197
2026-07-29 15:42:33,894 [DEBUG] Sending 3 bytes : [22f197]
2026-07-29 15:42:33,895 [DEBUG] Enqueuing a SendRequest for 3 bytes and TAT=Physical
2026-07-29 15:42:33,898 [DEBUG] Tx: <7A6> (08) [ ]	 0322f19700000000
2026-07-29 15:42:33,899 [DEBUG] We've been asked to write a message to the bus
2026-07-29 15:42:33,900 [DEBUG] sending: Timestamp:        0.000000    ID:      7a6    S Rx       BS       DL:  8    03 22 f1 97 00 00 00 00
2026-07-29 15:42:33,918 [DEBUG] Rx: <7AE> (08) [p]	 0762f1974d465357
2026-07-29 15:42:33,967 [INFO] TC_ID-263 - Received: 62F1974D465357
2026-07-29 15:42:33,969 [WARNING] TC_ID-263 - PreCondition: PC_ID-030  Testcase:SystemNameOrEngineTypeDataIdentifier_Read(Extendedsession) -> ❌ FAIL - Expected 0762F1974D465357
2026-07-29 15:42:33,969 [DEBUG] Stopping CanStack
2026-07-29 15:42:33,971 [DEBUG] Main thread is exiting
2026-07-29 15:42:34,019 [DEBUG] CanStack Stopped
2026-07-29 15:42:34,020 [INFO] Connection closed
2026-07-29 15:42:34,021 [INFO] Running Test Case: TC_ID-264
2026-07-29 15:42:34,021 [DEBUG] Starting CanStack
2026-07-29 15:42:34,022 [DEBUG] Main thread has started
2026-07-29 15:42:34,023 [DEBUG] Relay thread has started
2026-07-29 15:42:34,024 [INFO] Connection opened
2026-07-29 15:42:34,025 [INFO] Switched to physical mode for TC: TC_ID-264 Step: sub function not correct(invalid identifier))(22 F1 FF)
2026-07-29 15:42:34,025 [INFO] TC_ID-264 - sub function not correct(invalid identifier))(22 F1 FF): SID=0x22, Sub=0xF1FF, Expected=[3, 127, 34, 18, 170, 170, 170, 170]
2026-07-29 15:42:34,099 [INFO] TC_ID-264 - sub function not correct(invalid identifier))(22 F1 FF): Sending request 22F1FF
2026-07-29 15:42:34,100 [INFO] TC_ID-264 - sub function not correct(invalid identifier))(22 F1 FF): Sending request 22F1FF
2026-07-29 15:42:34,101 [DEBUG] Sending 3 bytes : [22f1ff]
2026-07-29 15:42:34,102 [DEBUG] Enqueuing a SendRequest for 3 bytes and TAT=Physical
2026-07-29 15:42:34,105 [DEBUG] Tx: <7A6> (08) [ ]	 0322f1ff00000000
2026-07-29 15:42:34,107 [DEBUG] We've been asked to write a message to the bus
2026-07-29 15:42:34,108 [DEBUG] sending: Timestamp:        0.000000    ID:      7a6    S Rx       BS       DL:  8    03 22 f1 ff 00 00 00 00
2026-07-29 15:42:34,126 [DEBUG] Rx: <7AE> (08) [p]	 037f2212aaaaaaaa
2026-07-29 15:42:34,176 [INFO] TC_ID-264 - Received: 7F2212
2026-07-29 15:42:34,177 [WARNING] TC_ID-264 - sub function not correct(invalid identifier))(22 F1 FF) -> ❌ FAIL - Expected 037F2212AAAAAAAA
2026-07-29 15:42:34,178 [DEBUG] Stopping CanStack
2026-07-29 15:42:34,180 [DEBUG] Main thread is exiting
2026-07-29 15:42:34,227 [DEBUG] CanStack Stopped
2026-07-29 15:42:34,228 [INFO] Connection closed
2026-07-29 15:42:34,229 [INFO] Running Test Case: TC_ID-268
2026-07-29 15:42:34,229 [DEBUG] Starting CanStack
2026-07-29 15:42:34,231 [DEBUG] Main thread has started
2026-07-29 15:42:34,231 [DEBUG] Relay thread has started
2026-07-29 15:42:34,233 [INFO] Connection opened
2026-07-29 15:42:34,233 [INFO] Switched to physical mode for TC: TC_ID-268 Step: PreCondition: PC_ID-030  Testcase:Incorrect message length(22)
2026-07-29 15:42:34,234 [INFO] TC_ID-268 - PreCondition: PC_ID-030  Testcase:Incorrect message length(22): SID=0x22, Sub=, Expected=[3, 127, 34, 19, 170, 170, 170, 170]
2026-07-29 15:42:34,314 [WARNING] TC_ID-268 - Subfunction empty: Sending only service byte
2026-07-29 15:42:34,316 [INFO] TC_ID-268 - PreCondition: PC_ID-030  Testcase:Incorrect message length(22): Sending request 22
2026-07-29 15:42:34,317 [INFO] TC_ID-268 - PreCondition: PC_ID-030  Testcase:Incorrect message length(22): Sending request 22
2026-07-29 15:42:34,318 [DEBUG] Sending 1 bytes : [22]
2026-07-29 15:42:34,390 [DEBUG] Enqueuing a SendRequest for 1 bytes and TAT=Physical
2026-07-29 15:42:34,391 [DEBUG] Tx: <7A6> (08) [ ]	 0122000000000000
2026-07-29 15:42:34,393 [DEBUG] We've been asked to write a message to the bus
2026-07-29 15:42:34,393 [DEBUG] sending: Timestamp:        0.000000    ID:      7a6    S Rx       BS       DL:  8    01 22 00 00 00 00 00 00
2026-07-29 15:42:34,409 [DEBUG] Rx: <7AE> (08) [p]	 037f2213aaaaaaaa
2026-07-29 15:42:34,458 [INFO] TC_ID-268 - Received: 7F2213
2026-07-29 15:42:34,459 [WARNING] TC_ID-268 - PreCondition: PC_ID-030  Testcase:Incorrect message length(22) -> ❌ FAIL - Expected 037F2213AAAAAAAA
2026-07-29 15:42:34,460 [DEBUG] Stopping CanStack
2026-07-29 15:42:34,461 [DEBUG] Main thread is exiting
2026-07-29 15:42:34,508 [DEBUG] CanStack Stopped
2026-07-29 15:42:34,509 [INFO] Connection closed
2026-07-29 15:42:34,510 [INFO] Running Test Case: TC_ID-269
2026-07-29 15:42:34,511 [DEBUG] Starting CanStack
2026-07-29 15:42:34,513 [DEBUG] Main thread has started
2026-07-29 15:42:34,515 [DEBUG] Relay thread has started
2026-07-29 15:42:34,516 [INFO] Connection opened
2026-07-29 15:42:34,517 [INFO] Switched to physical mode for TC: TC_ID-269 Step: PreCondition: PC_ID-030  Testcase:Request out of range(22D100)
2026-07-29 15:42:34,518 [INFO] TC_ID-269 - PreCondition: PC_ID-030  Testcase:Request out of range(22D100): SID=0x22, Sub=0xD100, Expected=[3, 127, 34, 49, 170, 170, 170, 170]
2026-07-29 15:42:34,598 [INFO] TC_ID-269 - PreCondition: PC_ID-030  Testcase:Request out of range(22D100): Sending request 22D100
2026-07-29 15:42:34,599 [INFO] TC_ID-269 - PreCondition: PC_ID-030  Testcase:Request out of range(22D100): Sending request 22D100
2026-07-29 15:42:34,600 [DEBUG] Sending 3 bytes : [22d100]
2026-07-29 15:42:34,601 [DEBUG] Enqueuing a SendRequest for 3 bytes and TAT=Physical
2026-07-29 15:42:34,603 [DEBUG] Tx: <7A6> (08) [ ]	 0322d10000000000
2026-07-29 15:42:34,604 [DEBUG] We've been asked to write a message to the bus
2026-07-29 15:42:34,605 [DEBUG] sending: Timestamp:        0.000000    ID:      7a6    S Rx       BS       DL:  8    03 22 d1 00 00 00 00 00
2026-07-29 15:42:34,618 [DEBUG] Rx: <7AE> (08) [p]	 037f2231aaaaaaaa
2026-07-29 15:42:34,668 [INFO] TC_ID-269 - Received: 7F2231
2026-07-29 15:42:34,669 [WARNING] TC_ID-269 - PreCondition: PC_ID-030  Testcase:Request out of range(22D100) -> ❌ FAIL - Expected 037F2231AAAAAAAA
2026-07-29 15:42:34,669 [DEBUG] Stopping CanStack
2026-07-29 15:42:34,670 [DEBUG] Main thread is exiting
2026-07-29 15:42:34,719 [DEBUG] CanStack Stopped
2026-07-29 15:42:34,720 [INFO] Connection closed
2026-07-29 15:42:34,721 [INFO] Running Test Case: TC_ID-270
2026-07-29 15:42:34,721 [DEBUG] Starting CanStack
2026-07-29 15:42:34,723 [DEBUG] Main thread has started
2026-07-29 15:42:34,724 [DEBUG] Relay thread has started
2026-07-29 15:42:34,725 [INFO] Connection opened
2026-07-29 15:42:34,726 [INFO] Switched to physical mode for TC: TC_ID-270 Step: PreCondition: PC_ID-030  Testcase:Request out of range(2250DD)
2026-07-29 15:42:34,726 [INFO] TC_ID-270 - PreCondition: PC_ID-030  Testcase:Request out of range(2250DD): SID=0x22, Sub=0x50DD, Expected=[3, 127, 34, 49, 170, 170, 170, 170]
2026-07-29 15:42:34,810 [INFO] TC_ID-270 - PreCondition: PC_ID-030  Testcase:Request out of range(2250DD): Sending request 2250DD
2026-07-29 15:42:34,811 [INFO] TC_ID-270 - PreCondition: PC_ID-030  Testcase:Request out of range(2250DD): Sending request 2250DD
2026-07-29 15:42:34,812 [DEBUG] Sending 3 bytes : [2250dd]
2026-07-29 15:42:34,813 [DEBUG] Enqueuing a SendRequest for 3 bytes and TAT=Physical
2026-07-29 15:42:34,815 [DEBUG] Tx: <7A6> (08) [ ]	 032250dd00000000
2026-07-29 15:42:34,817 [DEBUG] We've been asked to write a message to the bus
2026-07-29 15:42:34,817 [DEBUG] sending: Timestamp:        0.000000    ID:      7a6    S Rx       BS       DL:  8    03 22 50 dd 00 00 00 00
2026-07-29 15:42:34,829 [DEBUG] Rx: <7AE> (08) [p]	 037f2231aaaaaaaa
2026-07-29 15:42:34,877 [INFO] TC_ID-270 - Received: 7F2231
2026-07-29 15:42:34,878 [WARNING] TC_ID-270 - PreCondition: PC_ID-030  Testcase:Request out of range(2250DD) -> ❌ FAIL - Expected 037F2231AAAAAAAA
2026-07-29 15:42:34,879 [DEBUG] Stopping CanStack
2026-07-29 15:42:34,880 [DEBUG] Main thread is exiting
2026-07-29 15:42:34,930 [DEBUG] CanStack Stopped
2026-07-29 15:42:34,931 [INFO] Connection closed
2026-07-29 15:42:34,931 [INFO] Running Test Case: PC_ID-031
2026-07-29 15:42:34,932 [DEBUG] Starting CanStack
2026-07-29 15:42:34,933 [DEBUG] Main thread has started
2026-07-29 15:42:34,935 [DEBUG] Relay thread has started
2026-07-29 15:42:34,937 [INFO] Connection opened
2026-07-29 15:42:34,939 [INFO] Switched to physical mode for TC: PC_ID-031 Step: Start programming session
2026-07-29 15:42:34,940 [INFO] PC_ID-031 - Start programming session: SID=0x10, Sub=0x02, Expected=[6, 80, 2, 0, 50, 0, 200, 0]
2026-07-29 15:42:35,009 [INFO] PC_ID-031 - Start programming session: Sending 1002
2026-07-29 15:42:35,060 [INFO] PC_ID-031 - Start programming session: Sending request 1002
2026-07-29 15:42:35,061 [DEBUG] Sending 2 bytes : [1002]
2026-07-29 15:42:35,062 [DEBUG] Enqueuing a SendRequest for 2 bytes and TAT=Physical
2026-07-29 15:42:35,064 [DEBUG] Tx: <7A6> (08) [ ]	 0210020000000000
2026-07-29 15:42:35,066 [DEBUG] We've been asked to write a message to the bus
2026-07-29 15:42:35,067 [DEBUG] sending: Timestamp:        0.000000    ID:      7a6    S Rx       BS       DL:  8    02 10 02 00 00 00 00 00
2026-07-29 15:42:35,106 [INFO] PC_ID-031 - Received: 5002003200C8
2026-07-29 15:42:35,108 [WARNING] PC_ID-031 - Start programming session -> FAIL - Unexpected response
2026-07-29 15:42:35,109 [DEBUG] Rx: <7AE> (08) [p]	 065002003200c800
2026-07-29 15:42:35,110 [DEBUG] Stopping CanStack
2026-07-29 15:42:35,113 [DEBUG] Main thread is exiting
2026-07-29 15:42:35,159 [DEBUG] CanStack Stopped
2026-07-29 15:42:35,160 [INFO] Connection closed
2026-07-29 15:42:35,160 [INFO] Running Test Case: TC_ID-271
2026-07-29 15:42:35,161 [DEBUG] Starting CanStack
2026-07-29 15:42:35,162 [DEBUG] Main thread has started
2026-07-29 15:42:35,163 [DEBUG] Relay thread has started
2026-07-29 15:42:35,164 [INFO] Connection opened
2026-07-29 15:42:35,165 [INFO] Switched to physical mode for TC: TC_ID-271 Step: PreCondition: PC_ID-031  Testcase:Read DTC with Programming session(19 02)
2026-07-29 15:42:35,165 [INFO] TC_ID-271 - PreCondition: PC_ID-031  Testcase:Read DTC with Programming session(19 02): SID=0x19, Sub=0x02, Expected=[3, 89, 2, 8, 170, 170, 170, 170]
2026-07-29 15:42:35,254 [INFO] TC_ID-271 - PreCondition: PC_ID-031  Testcase:Read DTC with Programming session(19 02): Sending 190208
2026-07-29 15:42:35,255 [INFO] TC_ID-271 - PreCondition: PC_ID-031  Testcase:Read DTC with Programming session(19 02): Sending request 190208
2026-07-29 15:42:35,256 [DEBUG] Sending 3 bytes : [190208]
2026-07-29 15:42:35,257 [DEBUG] Enqueuing a SendRequest for 3 bytes and TAT=Physical
2026-07-29 15:42:35,259 [DEBUG] Tx: <7A6> (08) [ ]	 0319020800000000
2026-07-29 15:42:35,260 [DEBUG] We've been asked to write a message to the bus
2026-07-29 15:42:35,261 [DEBUG] sending: Timestamp:        0.000000    ID:      7a6    S Rx       BS       DL:  8    03 19 02 08 00 00 00 00
2026-07-29 15:42:35,409 [INFO] TC_ID-271 PreCondition: PC_ID-031  Testcase:Read DTC with Programming session(19 02) -> Waiting for response (P2=0.15s, P2*=5.0s)
2026-07-29 15:42:35,562 [DEBUG] No data received: [TimeoutException] - Did not receive IsoTP frame from the Transport layer in time (timeout=0.15 sec) 
2026-07-29 15:42:35,613 [DEBUG] Stopping CanStack
2026-07-29 15:42:35,615 [DEBUG] Main thread is exiting
2026-07-29 15:42:35,633 [DEBUG] CanStack Stopped
2026-07-29 15:42:35,635 [INFO] Connection closed
2026-07-29 15:42:35,635 [INFO] Running Test Case: TC_ID-272
2026-07-29 15:42:35,636 [DEBUG] Starting CanStack
2026-07-29 15:42:35,637 [DEBUG] Main thread has started
2026-07-29 15:42:35,638 [DEBUG] Relay thread has started
2026-07-29 15:42:35,641 [INFO] Connection opened
2026-07-29 15:42:35,643 [INFO] Switched to physical mode for TC: TC_ID-272 Step: PreCondition: PC_ID-031  Testcase:Fault memory clear Extended session(14 FFFFFF)
2026-07-29 15:42:35,645 [INFO] TC_ID-272 - PreCondition: PC_ID-031  Testcase:Fault memory clear Extended session(14 FFFFFF): SID=0x14, Sub=0xFFFFFF, Expected=[1, 84, 170, 170, 170, 170, 170, 170]
2026-07-29 15:42:35,735 [INFO] TC_ID-272 - PreCondition: PC_ID-031  Testcase:Fault memory clear Extended session(14 FFFFFF): Sending 14FFFFFF
2026-07-29 15:42:35,736 [INFO] TC_ID-272 - PreCondition: PC_ID-031  Testcase:Fault memory clear Extended session(14 FFFFFF): Sending request 14FFFFFF
2026-07-29 15:42:35,737 [DEBUG] Sending 4 bytes : [14ffffff]
2026-07-29 15:42:35,738 [DEBUG] Enqueuing a SendRequest for 4 bytes and TAT=Physical
2026-07-29 15:42:35,741 [DEBUG] Tx: <7A6> (08) [ ]	 0414ffffff000000
2026-07-29 15:42:35,742 [DEBUG] We've been asked to write a message to the bus
2026-07-29 15:42:35,743 [DEBUG] sending: Timestamp:        0.000000    ID:      7a6    S Rx       BS       DL:  8    04 14 ff ff ff 00 00 00
2026-07-29 15:42:35,890 [INFO] TC_ID-272 PreCondition: PC_ID-031  Testcase:Fault memory clear Extended session(14 FFFFFF) -> Waiting for response (P2=0.15s, P2*=5.0s)
2026-07-29 15:42:36,041 [DEBUG] No data received: [TimeoutException] - Did not receive IsoTP frame from the Transport layer in time (timeout=0.15 sec) 
2026-07-29 15:42:36,093 [DEBUG] Stopping CanStack
2026-07-29 15:42:36,094 [DEBUG] Main thread is exiting
2026-07-29 15:42:36,100 [DEBUG] CanStack Stopped
2026-07-29 15:42:36,101 [INFO] Connection closed
2026-07-29 15:42:36,103 [INFO] Running Test Case: TC_ID-273
2026-07-29 15:42:36,106 [DEBUG] Starting CanStack
2026-07-29 15:42:36,112 [DEBUG] Main thread has started
2026-07-29 15:42:36,113 [DEBUG] Relay thread has started
2026-07-29 15:42:36,114 [INFO] Connection opened
2026-07-29 15:42:36,115 [INFO] Switched to physical mode for TC: TC_ID-273 Step: PreCondition: PC_ID-031  Testcase:Start default session(10 01)
2026-07-29 15:42:36,116 [INFO] TC_ID-273 - PreCondition: PC_ID-031  Testcase:Start default session(10 01): SID=0x10, Sub=0x01, Expected=[6, 80, 1, 0, 50, 1, 244, 170]
2026-07-29 15:42:36,198 [INFO] TC_ID-273 - PreCondition: PC_ID-031  Testcase:Start default session(10 01): Sending 1001
2026-07-29 15:42:36,254 [INFO] TC_ID-273 - PreCondition: PC_ID-031  Testcase:Start default session(10 01): Sending request 1001
2026-07-29 15:42:36,255 [DEBUG] Sending 2 bytes : [1001]
2026-07-29 15:42:36,256 [DEBUG] Enqueuing a SendRequest for 2 bytes and TAT=Physical
2026-07-29 15:42:36,257 [DEBUG] Tx: <7A6> (08) [ ]	 0210010000000000
2026-07-29 15:42:36,257 [DEBUG] We've been asked to write a message to the bus
2026-07-29 15:42:36,258 [DEBUG] sending: Timestamp:        0.000000    ID:      7a6    S Rx       BS       DL:  8    02 10 01 00 00 00 00 00
2026-07-29 15:42:36,266 [WARNING] TC_ID-273 - No response received
2026-07-29 15:42:36,320 [DEBUG] Stopping CanStack
2026-07-29 15:42:36,321 [DEBUG] Main thread is exiting
2026-07-29 15:42:36,367 [DEBUG] CanStack Stopped
2026-07-29 15:42:36,368 [INFO] Connection closed
2026-07-29 15:42:36,370 [INFO] Running Test Case: TC_ID-274
2026-07-29 15:42:36,371 [DEBUG] Starting CanStack
2026-07-29 15:42:36,373 [DEBUG] Main thread has started
2026-07-29 15:42:36,374 [DEBUG] Relay thread has started
2026-07-29 15:42:36,376 [INFO] Connection opened
2026-07-29 15:42:36,377 [INFO] Switched to physical mode for TC: TC_ID-274 Step: PreCondition: PC_ID-031  Testcase:Start programming session(10 02)
2026-07-29 15:42:36,379 [INFO] TC_ID-274 - PreCondition: PC_ID-031  Testcase:Start programming session(10 02): SID=0x10, Sub=0x02, Expected=[6, 80, 2, 0, 50, 0, 200, 0]
2026-07-29 15:42:36,468 [INFO] TC_ID-274 - PreCondition: PC_ID-031  Testcase:Start programming session(10 02): Sending 1002
2026-07-29 15:42:36,523 [INFO] TC_ID-274 - PreCondition: PC_ID-031  Testcase:Start programming session(10 02): Sending request 1002
2026-07-29 15:42:36,524 [DEBUG] Sending 2 bytes : [1002]
2026-07-29 15:42:36,525 [DEBUG] Enqueuing a SendRequest for 2 bytes and TAT=Physical
2026-07-29 15:42:36,526 [DEBUG] Tx: <7A6> (08) [ ]	 0210020000000000
2026-07-29 15:42:36,527 [DEBUG] We've been asked to write a message to the bus
2026-07-29 15:42:36,528 [DEBUG] sending: Timestamp:        0.000000    ID:      7a6    S Rx       BS       DL:  8    02 10 02 00 00 00 00 00
2026-07-29 15:42:36,570 [INFO] TC_ID-274 - Received: 5002003200C8
2026-07-29 15:42:36,572 [DEBUG] Rx: <7AE> (08) [p]	 065002003200c800
2026-07-29 15:42:36,573 [WARNING] TC_ID-274 - PreCondition: PC_ID-031  Testcase:Start programming session(10 02) -> FAIL - Unexpected response
2026-07-29 15:42:36,574 [DEBUG] Stopping CanStack
2026-07-29 15:42:36,575 [DEBUG] Main thread is exiting
2026-07-29 15:42:36,622 [DEBUG] CanStack Stopped
2026-07-29 15:42:36,623 [INFO] Connection closed
2026-07-29 15:42:36,623 [INFO] Running Test Case: TC_ID-275
2026-07-29 15:42:36,624 [DEBUG] Starting CanStack
2026-07-29 15:42:36,625 [DEBUG] Main thread has started
2026-07-29 15:42:36,626 [DEBUG] Relay thread has started
2026-07-29 15:42:36,627 [INFO] Connection opened
2026-07-29 15:42:36,628 [INFO] Switched to physical mode for TC: TC_ID-275 Step: PreCondition: PC_ID-031  Testcase:Start Extended session(10 03)
2026-07-29 15:42:36,628 [INFO] TC_ID-275 - PreCondition: PC_ID-031  Testcase:Start Extended session(10 03): SID=0x10, Sub=0x03, Expected=[3, 127, 34, 126, 170, 170, 170, 170]
2026-07-29 15:42:36,711 [INFO] TC_ID-275 - PreCondition: PC_ID-031  Testcase:Start Extended session(10 03): Sending 1003
2026-07-29 15:42:36,766 [INFO] TC_ID-275 - PreCondition: PC_ID-031  Testcase:Start Extended session(10 03): Sending request 1003
2026-07-29 15:42:36,767 [DEBUG] Sending 2 bytes : [1003]
2026-07-29 15:42:36,768 [DEBUG] Enqueuing a SendRequest for 2 bytes and TAT=Physical
2026-07-29 15:42:36,769 [DEBUG] Tx: <7A6> (08) [ ]	 0210030000000000
2026-07-29 15:42:36,770 [DEBUG] We've been asked to write a message to the bus
2026-07-29 15:42:36,770 [DEBUG] sending: Timestamp:        0.000000    ID:      7a6    S Rx       BS       DL:  8    02 10 03 00 00 00 00 00
2026-07-29 15:42:36,779 [INFO] TC_ID-275 - Received: 5003003200C8
2026-07-29 15:42:36,780 [WARNING] TC_ID-275 - PreCondition: PC_ID-031  Testcase:Start Extended session(10 03) -> FAIL - Unexpected response
2026-07-29 15:42:36,781 [DEBUG] Rx: <7AE> (08) [p]	 065003003200c800
2026-07-29 15:42:36,781 [DEBUG] Stopping CanStack
2026-07-29 15:42:36,782 [DEBUG] Main thread is exiting
2026-07-29 15:42:36,831 [DEBUG] CanStack Stopped
2026-07-29 15:42:36,831 [INFO] Connection closed
2026-07-29 15:42:36,832 [INFO] Running Test Case: TC_ID-276
2026-07-29 15:42:36,833 [DEBUG] Starting CanStack
2026-07-29 15:42:36,835 [DEBUG] Main thread has started
2026-07-29 15:42:36,836 [DEBUG] Relay thread has started
2026-07-29 15:42:36,838 [INFO] Connection opened
2026-07-29 15:42:36,840 [INFO] Switched to physical mode for TC: TC_ID-276 Step: PreCondition: PC_ID-031  Testcase:Start programming session(10 02)
2026-07-29 15:42:36,841 [INFO] TC_ID-276 - PreCondition: PC_ID-031  Testcase:Start programming session(10 02): SID=0x10, Sub=0x02, Expected=[6, 80, 2, 0, 50, 0, 200, 0]
2026-07-29 15:42:36,929 [INFO] TC_ID-276 - PreCondition: PC_ID-031  Testcase:Start programming session(10 02): Sending 1002
2026-07-29 15:42:36,994 [INFO] TC_ID-276 - PreCondition: PC_ID-031  Testcase:Start programming session(10 02): Sending request 1002
2026-07-29 15:42:36,995 [DEBUG] Sending 2 bytes : [1002]
2026-07-29 15:42:36,996 [DEBUG] Enqueuing a SendRequest for 2 bytes and TAT=Physical
2026-07-29 15:42:36,997 [DEBUG] Tx: <7A6> (08) [ ]	 0210020000000000
2026-07-29 15:42:36,998 [DEBUG] We've been asked to write a message to the bus
2026-07-29 15:42:36,998 [DEBUG] sending: Timestamp:        0.000000    ID:      7a6    S Rx       BS       DL:  8    02 10 02 00 00 00 00 00
2026-07-29 15:42:37,009 [INFO] TC_ID-276 - Received: 5002003200C8
2026-07-29 15:42:37,012 [WARNING] TC_ID-276 - PreCondition: PC_ID-031  Testcase:Start programming session(10 02) -> FAIL - Unexpected response
2026-07-29 15:42:37,014 [DEBUG] Rx: <7AE> (08) [p]	 065002003200c800
2026-07-29 15:42:37,018 [DEBUG] Stopping CanStack
2026-07-29 15:42:37,023 [DEBUG] Main thread is exiting
2026-07-29 15:42:37,063 [DEBUG] CanStack Stopped
2026-07-29 15:42:37,064 [INFO] Connection closed
2026-07-29 15:42:37,064 [INFO] Running Test Case: TC_ID-277
2026-07-29 15:42:37,065 [DEBUG] Starting CanStack
2026-07-29 15:42:37,066 [DEBUG] Main thread has started
2026-07-29 15:42:37,067 [DEBUG] Relay thread has started
2026-07-29 15:42:37,068 [INFO] Connection opened
2026-07-29 15:42:37,069 [INFO] Switched to physical mode for TC: TC_ID-277 Step: PreCondition: PC_ID-031  Testcase:Start default session(10 01)
2026-07-29 15:42:37,069 [INFO] TC_ID-277 - PreCondition: PC_ID-031  Testcase:Start default session(10 01): SID=0x10, Sub=0x01, Expected=[6, 80, 1, 0, 50, 1, 244, 170]
2026-07-29 15:42:37,147 [INFO] TC_ID-277 - PreCondition: PC_ID-031  Testcase:Start default session(10 01): Sending 1001
2026-07-29 15:42:37,200 [INFO] TC_ID-277 - PreCondition: PC_ID-031  Testcase:Start default session(10 01): Sending request 1001
2026-07-29 15:42:37,202 [DEBUG] Sending 2 bytes : [1001]
2026-07-29 15:42:37,203 [DEBUG] Enqueuing a SendRequest for 2 bytes and TAT=Physical
2026-07-29 15:42:37,204 [DEBUG] Tx: <7A6> (08) [ ]	 0210010000000000
2026-07-29 15:42:37,204 [DEBUG] We've been asked to write a message to the bus
2026-07-29 15:42:37,205 [DEBUG] sending: Timestamp:        0.000000    ID:      7a6    S Rx       BS       DL:  8    02 10 01 00 00 00 00 00
2026-07-29 15:42:37,208 [WARNING] TC_ID-277 - No response received
2026-07-29 15:42:37,263 [DEBUG] Stopping CanStack
2026-07-29 15:42:37,265 [DEBUG] Main thread is exiting
2026-07-29 15:42:37,310 [DEBUG] CanStack Stopped
2026-07-29 15:42:37,311 [INFO] Connection closed
2026-07-29 15:42:37,312 [INFO] Running Test Case: TC_ID-278
2026-07-29 15:42:37,312 [DEBUG] Starting CanStack
2026-07-29 15:42:37,314 [DEBUG] Main thread has started
2026-07-29 15:42:37,316 [DEBUG] Relay thread has started
2026-07-29 15:42:37,318 [INFO] Connection opened
2026-07-29 15:42:37,320 [INFO] Switched to physical mode for TC: TC_ID-278 Step: PreCondition: PC_ID-031  Testcase:Start Extended session(10 03)
2026-07-29 15:42:37,323 [INFO] TC_ID-278 - PreCondition: PC_ID-031  Testcase:Start Extended session(10 03): SID=0x10, Sub=0x03, Expected=[6, 80, 3, 0, 50, 1, 244, 170]
2026-07-29 15:42:37,408 [INFO] TC_ID-278 - PreCondition: PC_ID-031  Testcase:Start Extended session(10 03): Sending 1003
2026-07-29 15:42:37,466 [INFO] TC_ID-278 - PreCondition: PC_ID-031  Testcase:Start Extended session(10 03): Sending request 1003
2026-07-29 15:42:37,467 [DEBUG] Sending 2 bytes : [1003]
2026-07-29 15:42:37,467 [DEBUG] Enqueuing a SendRequest for 2 bytes and TAT=Physical
2026-07-29 15:42:37,468 [DEBUG] Tx: <7A6> (08) [ ]	 0210030000000000
2026-07-29 15:42:37,469 [DEBUG] We've been asked to write a message to the bus
2026-07-29 15:42:37,469 [DEBUG] sending: Timestamp:        0.000000    ID:      7a6    S Rx       BS       DL:  8    02 10 03 00 00 00 00 00
2026-07-29 15:42:37,481 [INFO] TC_ID-278 - Received: 5003003201F4
2026-07-29 15:42:37,483 [WARNING] TC_ID-278 - PreCondition: PC_ID-031  Testcase:Start Extended session(10 03) -> FAIL - Unexpected response
2026-07-29 15:42:37,484 [DEBUG] Rx: <7AE> (08) [p]	 065003003201f4aa
2026-07-29 15:42:37,485 [DEBUG] Stopping CanStack
2026-07-29 15:42:37,487 [DEBUG] Main thread is exiting
2026-07-29 15:42:37,534 [DEBUG] CanStack Stopped
2026-07-29 15:42:37,535 [INFO] Connection closed
2026-07-29 15:42:37,536 [INFO] Running Test Case: PC_ID-032
2026-07-29 15:42:37,537 [DEBUG] Starting CanStack
2026-07-29 15:42:37,540 [DEBUG] Main thread has started
2026-07-29 15:42:37,542 [DEBUG] Relay thread has started
2026-07-29 15:42:37,543 [INFO] Connection opened
2026-07-29 15:42:37,545 [INFO] Switched to physical mode for TC: PC_ID-032 Step: Start default session
2026-07-29 15:42:37,546 [INFO] PC_ID-032 - Start default session: SID=0x10, Sub=0x01, Expected=[6, 80, 1, 0, 50, 1, 244, 170]
2026-07-29 15:42:37,614 [INFO] PC_ID-032 - Start default session: Sending 1001
2026-07-29 15:42:37,667 [INFO] PC_ID-032 - Start default session: Sending request 1001
2026-07-29 15:42:37,668 [DEBUG] Sending 2 bytes : [1001]
2026-07-29 15:42:37,668 [DEBUG] Enqueuing a SendRequest for 2 bytes and TAT=Physical
2026-07-29 15:42:37,670 [DEBUG] Tx: <7A6> (08) [ ]	 0210010000000000
2026-07-29 15:42:37,671 [DEBUG] We've been asked to write a message to the bus
2026-07-29 15:42:37,672 [DEBUG] sending: Timestamp:        0.000000    ID:      7a6    S Rx       BS       DL:  8    02 10 01 00 00 00 00 00
2026-07-29 15:42:37,685 [INFO] PC_ID-032 - Received: 5001003201F4
2026-07-29 15:42:37,687 [DEBUG] Rx: <7AE> (08) [p]	 065001003201f4aa
2026-07-29 15:42:37,688 [WARNING] PC_ID-032 - Start default session -> FAIL - Unexpected response
2026-07-29 15:42:37,690 [DEBUG] Stopping CanStack
2026-07-29 15:42:37,692 [DEBUG] Main thread is exiting
2026-07-29 15:42:37,734 [DEBUG] CanStack Stopped
2026-07-29 15:42:37,735 [INFO] Connection closed
2026-07-29 15:42:37,735 [INFO] Running Test Case: TC_ID-279
2026-07-29 15:42:37,736 [DEBUG] Starting CanStack
2026-07-29 15:42:37,737 [DEBUG] Main thread has started
2026-07-29 15:42:37,738 [DEBUG] Relay thread has started
2026-07-29 15:42:37,739 [INFO] Connection opened
2026-07-29 15:42:37,740 [INFO] Switched to physical mode for TC: TC_ID-279 Step: PreCondition: PC_ID-032  Testcase:Service not supported in Active session(27 11)
2026-07-29 15:42:37,740 [INFO] TC_ID-279 - PreCondition: PC_ID-032  Testcase:Service not supported in Active session(27 11): SID=0x27, Sub=0x11, Expected=[3, 127, 39, 127, 170, 170, 170, 170]
2026-07-29 15:42:37,826 [INFO] TC_ID-279 - PreCondition: PC_ID-032  Testcase:Service not supported in Active session(27 11): Sending request 2711
2026-07-29 15:42:37,827 [DEBUG] Sending 2 bytes : [2711]
2026-07-29 15:42:37,828 [DEBUG] Enqueuing a SendRequest for 2 bytes and TAT=Physical
2026-07-29 15:42:37,830 [DEBUG] Tx: <7A6> (08) [ ]	 0227110000000000
2026-07-29 15:42:37,832 [DEBUG] We've been asked to write a message to the bus
2026-07-29 15:42:37,833 [DEBUG] sending: Timestamp:        0.000000    ID:      7a6    S Rx       BS       DL:  8    02 27 11 00 00 00 00 00
2026-07-29 15:42:37,845 [DEBUG] TC_ID-279 PreCondition: PC_ID-032  Testcase:Service not supported in Active session(27 11) -> Received payload: [127, 39, 127]
2026-07-29 15:42:37,846 [DEBUG] Rx: <7AE> (08) [p]	 037f277faaaaaaaa
2026-07-29 15:42:37,847 [WARNING] TC_ID-279 PreCondition: PC_ID-032  Testcase:Service not supported in Active session(27 11) -> FAIL - NRC (key): [127, 39, 127]
2026-07-29 15:42:37,849 [DEBUG] Stopping CanStack
2026-07-29 15:42:37,852 [DEBUG] Main thread is exiting
2026-07-29 15:42:37,895 [DEBUG] CanStack Stopped
2026-07-29 15:42:37,896 [INFO] Connection closed
2026-07-29 15:42:37,897 [ERROR] ----------------------------------TC_ID-279 PreCondition: PC_ID-032  Testcase:Service not supported in Active session(27 11) -> EXCEPTION - NRC (key): [127, 39, 127]----------------------------------
2026-07-29 15:42:37,897 [INFO] Running Test Case: TC_ID-280
2026-07-29 15:42:37,898 [DEBUG] Starting CanStack
2026-07-29 15:42:37,899 [DEBUG] Main thread has started
2026-07-29 15:42:37,900 [DEBUG] Relay thread has started
2026-07-29 15:42:37,901 [INFO] Connection opened
2026-07-29 15:42:37,902 [INFO] Switched to physical mode for TC: TC_ID-280 Step: PreCondition: PC_ID-032  Testcase:Start Extended session(10 03)
2026-07-29 15:42:37,903 [INFO] TC_ID-280 - PreCondition: PC_ID-032  Testcase:Start Extended session(10 03): SID=0x10, Sub=0x03, Expected=[6, 80, 3, 0, 50, 1, 244, 170]
2026-07-29 15:42:37,982 [INFO] TC_ID-280 - PreCondition: PC_ID-032  Testcase:Start Extended session(10 03): Sending 1003
2026-07-29 15:42:38,037 [INFO] TC_ID-280 - PreCondition: PC_ID-032  Testcase:Start Extended session(10 03): Sending request 1003
2026-07-29 15:42:38,038 [DEBUG] Sending 2 bytes : [1003]
2026-07-29 15:42:38,039 [DEBUG] Enqueuing a SendRequest for 2 bytes and TAT=Physical
2026-07-29 15:42:38,040 [DEBUG] Tx: <7A6> (08) [ ]	 0210030000000000
2026-07-29 15:42:38,041 [DEBUG] We've been asked to write a message to the bus
2026-07-29 15:42:38,041 [DEBUG] sending: Timestamp:        0.000000    ID:      7a6    S Rx       BS       DL:  8    02 10 03 00 00 00 00 00
2026-07-29 15:42:38,055 [INFO] TC_ID-280 - Received: 5003003201F4
2026-07-29 15:42:38,056 [WARNING] TC_ID-280 - PreCondition: PC_ID-032  Testcase:Start Extended session(10 03) -> FAIL - Unexpected response
2026-07-29 15:42:38,057 [DEBUG] Rx: <7AE> (08) [p]	 065003003201f4aa
2026-07-29 15:42:38,058 [DEBUG] Stopping CanStack
2026-07-29 15:42:38,059 [DEBUG] Main thread is exiting
2026-07-29 15:42:38,107 [DEBUG] CanStack Stopped
2026-07-29 15:42:38,108 [INFO] Connection closed
2026-07-29 15:42:38,109 [INFO] Running Test Case: TC_ID-281
2026-07-29 15:42:38,110 [DEBUG] Starting CanStack
2026-07-29 15:42:38,112 [DEBUG] Main thread has started
2026-07-29 15:42:38,113 [DEBUG] Relay thread has started
2026-07-29 15:42:38,115 [INFO] Connection opened
2026-07-29 15:42:38,116 [INFO] Switched to physical mode for TC: TC_ID-281 Step: PreCondition: PC_ID-032  Testcase:sub function not support(27 22)
2026-07-29 15:42:38,117 [INFO] TC_ID-281 - PreCondition: PC_ID-032  Testcase:sub function not support(27 22): SID=0x27, Sub=0x22, Expected=[3, 127, 39, 18, 170, 170, 170, 170]
2026-07-29 15:42:38,201 [INFO] No key available for subfunction 0x22. Ensure seed request precedes key send. aaaaaaa
2026-07-29 15:42:38,201 [INFO] TC_ID-281 - PreCondition: PC_ID-032  Testcase:sub function not support(27 22): Sending request 2722
2026-07-29 15:42:38,202 [DEBUG] Sending 2 bytes : [2722]
2026-07-29 15:42:38,203 [DEBUG] Enqueuing a SendRequest for 2 bytes and TAT=Physical
2026-07-29 15:42:38,205 [DEBUG] Tx: <7A6> (08) [ ]	 0227220000000000
2026-07-29 15:42:38,206 [DEBUG] We've been asked to write a message to the bus
2026-07-29 15:42:38,207 [DEBUG] sending: Timestamp:        0.000000    ID:      7a6    S Rx       BS       DL:  8    02 27 22 00 00 00 00 00
2026-07-29 15:42:38,217 [DEBUG] TC_ID-281 PreCondition: PC_ID-032  Testcase:sub function not support(27 22) -> Received payload: [127, 39, 18]
2026-07-29 15:42:38,220 [DEBUG] Rx: <7AE> (08) [p]	 037f2712aaaaaaaa
2026-07-29 15:42:38,221 [WARNING] TC_ID-281 PreCondition: PC_ID-032  Testcase:sub function not support(27 22) -> FAIL - NRC (key): [127, 39, 18]
2026-07-29 15:42:38,223 [DEBUG] Stopping CanStack
2026-07-29 15:42:38,226 [DEBUG] Main thread is exiting
2026-07-29 15:42:38,264 [DEBUG] CanStack Stopped
2026-07-29 15:42:38,265 [INFO] Connection closed
2026-07-29 15:42:38,265 [ERROR] ----------------------------------TC_ID-281 PreCondition: PC_ID-032  Testcase:sub function not support(27 22) -> EXCEPTION - NRC (key): [127, 39, 18]----------------------------------
2026-07-29 15:42:38,266 [INFO] Running Test Case: TC_ID-282
2026-07-29 15:42:38,267 [DEBUG] Starting CanStack
2026-07-29 15:42:38,268 [DEBUG] Main thread has started
2026-07-29 15:42:38,269 [DEBUG] Relay thread has started
2026-07-29 15:42:38,270 [INFO] Connection opened
2026-07-29 15:42:38,270 [INFO] Switched to physical mode for TC: TC_ID-282 Step: PreCondition: PC_ID-032  Testcase:SubFunctionNotSupported(0x12)
2026-07-29 15:42:38,271 [INFO] TC_ID-282 - PreCondition: PC_ID-032  Testcase:SubFunctionNotSupported(0x12): SID=0x27, Sub=, Expected=[3, 127, 39, 18, 170, 170, 170, 170]
2026-07-29 15:42:38,351 [INFO] TC_ID-282 - PreCondition: PC_ID-032  Testcase:SubFunctionNotSupported(0x12): Sending request 27
2026-07-29 15:42:38,352 [DEBUG] Sending 1 bytes : [27]
2026-07-29 15:42:38,353 [DEBUG] Enqueuing a SendRequest for 1 bytes and TAT=Physical
2026-07-29 15:42:38,355 [DEBUG] Tx: <7A6> (08) [ ]	 0127000000000000
2026-07-29 15:42:38,356 [DEBUG] We've been asked to write a message to the bus
2026-07-29 15:42:38,358 [DEBUG] sending: Timestamp:        0.000000    ID:      7a6    S Rx       BS       DL:  8    01 27 00 00 00 00 00 00
2026-07-29 15:42:38,372 [DEBUG] Stopping CanStack
2026-07-29 15:42:38,374 [DEBUG] Rx: <7AE> (08) [p]	 037f2712aaaaaaaa
2026-07-29 15:42:38,377 [DEBUG] Main thread is exiting
2026-07-29 15:42:38,422 [DEBUG] CanStack Stopped
2026-07-29 15:42:38,424 [INFO] Connection closed
2026-07-29 15:42:38,424 [INFO] Running Test Case: TC_ID-283
2026-07-29 15:42:38,425 [DEBUG] Starting CanStack
2026-07-29 15:42:38,427 [DEBUG] Main thread has started
2026-07-29 15:42:38,428 [DEBUG] Relay thread has started
2026-07-29 15:42:38,429 [INFO] Connection opened
2026-07-29 15:42:38,431 [INFO] Switched to physical mode for TC: TC_ID-283 Step: PreCondition: PC_ID-032  Testcase:Seed request in extended session(27 11)
2026-07-29 15:42:38,432 [INFO] TC_ID-283 - PreCondition: PC_ID-032  Testcase:Seed request in extended session(27 11): SID=0x27, Sub=0x11, Expected=[10, 103, 17, 167, 14, 132, 124, 156, 192, 57, 101]
2026-07-29 15:42:38,523 [INFO] TC_ID-283 - PreCondition: PC_ID-032  Testcase:Seed request in extended session(27 11): Sending request 2711
2026-07-29 15:42:38,524 [DEBUG] Sending 2 bytes : [2711]
2026-07-29 15:42:38,525 [DEBUG] Enqueuing a SendRequest for 2 bytes and TAT=Physical
2026-07-29 15:42:38,526 [DEBUG] Tx: <7A6> (08) [ ]	 0227110000000000
2026-07-29 15:42:38,528 [DEBUG] We've been asked to write a message to the bus
2026-07-29 15:42:38,529 [DEBUG] sending: Timestamp:        0.000000    ID:      7a6    S Rx       BS       DL:  8    02 27 11 00 00 00 00 00
2026-07-29 15:42:38,553 [DEBUG] We've been asked to write a message to the bus
2026-07-29 15:42:38,556 [DEBUG] sending: Timestamp:        0.000000    ID:      7a6    S Rx       BS       DL:  8    30 08 0a 00 00 00 00 00
2026-07-29 15:42:38,557 [DEBUG] Rx: <7AE> (08) [p]	 100a6711fb58c968
2026-07-29 15:42:38,564 [DEBUG] Tx: <7A6> (08) [ ]	 30080a0000000000
2026-07-29 15:42:38,568 [DEBUG] We've been asked to write a message to the bus
2026-07-29 15:42:38,569 [DEBUG] sending: Timestamp:        0.000000    ID:      7a6    S Rx       BS       DL:  8    30 08 0a 00 00 00 00 00
2026-07-29 15:42:38,570 [DEBUG] TxState=IDLE - RxState=WAIT_CF
2026-07-29 15:42:38,584 [DEBUG] Rx: <7AE> (08) [p]	 21e9ca5515aaaaaa
2026-07-29 15:42:38,586 [DEBUG] TC_ID-283 PreCondition: PC_ID-032  Testcase:Seed request in extended session(27 11) -> Received payload: [103, 17, 251, 88, 201, 104, 233, 202, 85, 21]
2026-07-29 15:42:38,591 [INFO] Received Seed (subfunc 0x11): fb58c968e9ca5515
2026-07-29 15:42:38,640 [DEBUG] TxState=IDLE - RxState=IDLE
2026-07-29 15:42:39,094 [INFO] Attempt 1: Sending seed to PC...
2026-07-29 15:42:39,145 [INFO] Received Key (for subfunc 0x12): b'\x93\x18\t/\xbeL\xde\xeb'
2026-07-29 15:42:39,146 [DEBUG] Stopping CanStack
2026-07-29 15:42:39,148 [DEBUG] Main thread is exiting
2026-07-29 15:42:39,187 [DEBUG] CanStack Stopped
2026-07-29 15:42:39,188 [INFO] Connection closed
2026-07-29 15:42:39,192 [INFO] Running Test Case: TC_ID-284
2026-07-29 15:42:39,195 [DEBUG] Starting CanStack
2026-07-29 15:42:39,199 [DEBUG] Main thread has started
2026-07-29 15:42:39,200 [DEBUG] Relay thread has started
2026-07-29 15:42:39,201 [INFO] Connection opened
2026-07-29 15:42:39,202 [INFO] Switched to physical mode for TC: TC_ID-284 Step: PreCondition: PC_ID-032  Testcase:Start default session(10 01)
2026-07-29 15:42:39,203 [INFO] TC_ID-284 - PreCondition: PC_ID-032  Testcase:Start default session(10 01): SID=0x10, Sub=0x01, Expected=[6, 80, 1, 0, 50, 1, 244, 170]
2026-07-29 15:42:39,300 [INFO] TC_ID-284 - PreCondition: PC_ID-032  Testcase:Start default session(10 01): Sending 1001
2026-07-29 15:42:39,357 [INFO] TC_ID-284 - PreCondition: PC_ID-032  Testcase:Start default session(10 01): Sending request 1001
2026-07-29 15:42:39,358 [DEBUG] Sending 2 bytes : [1001]
2026-07-29 15:42:39,436 [DEBUG] Enqueuing a SendRequest for 2 bytes and TAT=Physical
2026-07-29 15:42:39,437 [DEBUG] Tx: <7A6> (08) [ ]	 0210010000000000
2026-07-29 15:42:39,439 [DEBUG] We've been asked to write a message to the bus
2026-07-29 15:42:39,440 [DEBUG] sending: Timestamp:        0.000000    ID:      7a6    S Rx       BS       DL:  8    02 10 01 00 00 00 00 00
2026-07-29 15:42:39,455 [INFO] TC_ID-284 - Received: 5001003201F4
2026-07-29 15:42:39,456 [DEBUG] Rx: <7AE> (08) [p]	 065001003201f4aa
2026-07-29 15:42:39,457 [WARNING] TC_ID-284 - PreCondition: PC_ID-032  Testcase:Start default session(10 01) -> FAIL - Unexpected response
2026-07-29 15:42:39,459 [DEBUG] Stopping CanStack
2026-07-29 15:42:39,461 [DEBUG] Main thread is exiting
2026-07-29 15:42:39,505 [DEBUG] CanStack Stopped
2026-07-29 15:42:39,506 [INFO] Connection closed
2026-07-29 15:42:39,506 [INFO] Running Test Case: TC_ID-285
2026-07-29 15:42:39,507 [DEBUG] Starting CanStack
2026-07-29 15:42:39,508 [DEBUG] Main thread has started
2026-07-29 15:42:39,509 [DEBUG] Relay thread has started
2026-07-29 15:42:39,510 [INFO] Connection opened
2026-07-29 15:42:39,511 [INFO] Switched to physical mode for TC: TC_ID-285 Step: PreCondition: PC_ID-032  Testcase:Service not supported in Active session in default session(27 11)
2026-07-29 15:42:39,511 [INFO] TC_ID-285 - PreCondition: PC_ID-032  Testcase:Service not supported in Active session in default session(27 11): SID=0x27, Sub=0x11, Expected=[3, 127, 39, 127, 170, 170, 170, 170]
2026-07-29 15:42:39,632 [INFO] TC_ID-285 - PreCondition: PC_ID-032  Testcase:Service not supported in Active session in default session(27 11): Sending request 2711
2026-07-29 15:42:39,633 [DEBUG] Sending 2 bytes : [2711]
2026-07-29 15:42:39,635 [DEBUG] Enqueuing a SendRequest for 2 bytes and TAT=Physical
2026-07-29 15:42:39,637 [DEBUG] Tx: <7A6> (08) [ ]	 0227110000000000
2026-07-29 15:42:39,639 [DEBUG] We've been asked to write a message to the bus
2026-07-29 15:42:39,640 [DEBUG] sending: Timestamp:        0.000000    ID:      7a6    S Rx       BS       DL:  8    02 27 11 00 00 00 00 00
2026-07-29 15:42:39,655 [DEBUG] TC_ID-285 PreCondition: PC_ID-032  Testcase:Service not supported in Active session in default session(27 11) -> Received payload: [127, 39, 127]
2026-07-29 15:42:39,657 [WARNING] TC_ID-285 PreCondition: PC_ID-032  Testcase:Service not supported in Active session in default session(27 11) -> FAIL - NRC (key): [127, 39, 127]
2026-07-29 15:42:39,658 [DEBUG] Stopping CanStack
2026-07-29 15:42:39,660 [DEBUG] Rx: <7AE> (08) [p]	 037f277faaaaaaaa
2026-07-29 15:42:39,661 [DEBUG] Main thread is exiting
2026-07-29 15:42:39,710 [DEBUG] CanStack Stopped
2026-07-29 15:42:39,711 [INFO] Connection closed
2026-07-29 15:42:39,712 [ERROR] ----------------------------------TC_ID-285 PreCondition: PC_ID-032  Testcase:Service not supported in Active session in default session(27 11) -> EXCEPTION - NRC (key): [127, 39, 127]----------------------------------
2026-07-29 15:42:39,712 [INFO] Running Test Case: PC_ID-034
2026-07-29 15:42:39,713 [DEBUG] Starting CanStack
2026-07-29 15:42:39,714 [DEBUG] Main thread has started
2026-07-29 15:42:39,715 [DEBUG] Relay thread has started
2026-07-29 15:42:39,716 [INFO] Connection opened
2026-07-29 15:42:39,717 [INFO] Switched to physical mode for TC: PC_ID-034 Step: Start Extended session(10 03)
2026-07-29 15:42:39,717 [INFO] PC_ID-034 - Start Extended session(10 03): SID=0x10, Sub=0x03, Expected=[6, 80, 3, 0, 50, 1, 244, 170]
2026-07-29 15:42:39,784 [INFO] PC_ID-034 - Start Extended session(10 03): Sending 1003
2026-07-29 15:42:39,837 [INFO] PC_ID-034 - Start Extended session(10 03): Sending request 1003
2026-07-29 15:42:39,838 [DEBUG] Sending 2 bytes : [1003]
2026-07-29 15:42:39,839 [DEBUG] Enqueuing a SendRequest for 2 bytes and TAT=Physical
2026-07-29 15:42:39,840 [DEBUG] Tx: <7A6> (08) [ ]	 0210030000000000
2026-07-29 15:42:39,841 [DEBUG] We've been asked to write a message to the bus
2026-07-29 15:42:39,841 [DEBUG] sending: Timestamp:        0.000000    ID:      7a6    S Rx       BS       DL:  8    02 10 03 00 00 00 00 00
2026-07-29 15:42:39,853 [INFO] PC_ID-034 - Received: 5003003201F4
2026-07-29 15:42:39,860 [WARNING] PC_ID-034 - Start Extended session(10 03) -> FAIL - Unexpected response
2026-07-29 15:42:39,863 [DEBUG] Rx: <7AE> (08) [p]	 065003003201f4aa
2026-07-29 15:42:39,864 [DEBUG] Stopping CanStack
2026-07-29 15:42:39,865 [DEBUG] Main thread is exiting
2026-07-29 15:42:39,907 [DEBUG] CanStack Stopped
2026-07-29 15:42:39,908 [INFO] Connection closed
2026-07-29 15:42:39,909 [INFO] Running Test Case: TC_ID-286
2026-07-29 15:42:39,909 [DEBUG] Starting CanStack
2026-07-29 15:42:39,910 [DEBUG] Main thread has started
2026-07-29 15:42:39,911 [DEBUG] Relay thread has started
2026-07-29 15:42:39,913 [INFO] Connection opened
2026-07-29 15:42:39,913 [INFO] Switched to physical mode for TC: TC_ID-286 Step: PreCondition: PC_ID-034  Testcase:Start programming session(10 02)
2026-07-29 15:42:39,914 [INFO] TC_ID-286 - PreCondition: PC_ID-034  Testcase:Start programming session(10 02): SID=0x10, Sub=0x02, Expected=[6, 80, 2, 0, 50, 0, 200, 0]
2026-07-29 15:42:39,995 [INFO] TC_ID-286 - PreCondition: PC_ID-034  Testcase:Start programming session(10 02): Sending 1002
2026-07-29 15:42:40,051 [INFO] TC_ID-286 - PreCondition: PC_ID-034  Testcase:Start programming session(10 02): Sending request 1002
2026-07-29 15:42:40,052 [DEBUG] Sending 2 bytes : [1002]
2026-07-29 15:42:40,053 [DEBUG] Enqueuing a SendRequest for 2 bytes and TAT=Physical
2026-07-29 15:42:40,054 [DEBUG] Tx: <7A6> (08) [ ]	 0210020000000000
2026-07-29 15:42:40,054 [DEBUG] We've been asked to write a message to the bus
2026-07-29 15:42:40,055 [DEBUG] sending: Timestamp:        0.000000    ID:      7a6    S Rx       BS       DL:  8    02 10 02 00 00 00 00 00
2026-07-29 15:42:40,094 [INFO] TC_ID-286 - Received: 5002003200C8
2026-07-29 15:42:40,095 [DEBUG] Rx: <7AE> (08) [p]	 065002003200c800
2026-07-29 15:42:40,096 [WARNING] TC_ID-286 - PreCondition: PC_ID-034  Testcase:Start programming session(10 02) -> FAIL - Unexpected response
2026-07-29 15:42:40,098 [DEBUG] Stopping CanStack
2026-07-29 15:42:40,100 [DEBUG] Main thread is exiting
2026-07-29 15:42:40,145 [DEBUG] CanStack Stopped
2026-07-29 15:42:40,147 [INFO] Connection closed
2026-07-29 15:42:40,148 [INFO] Running Test Case: PC_ID-035
2026-07-29 15:42:40,149 [DEBUG] Starting CanStack
2026-07-29 15:42:40,150 [DEBUG] Main thread has started
2026-07-29 15:42:40,151 [DEBUG] Relay thread has started
2026-07-29 15:42:40,153 [INFO] Connection opened
2026-07-29 15:42:40,154 [INFO] Switched to physical mode for TC: PC_ID-035 Step: Start Extended session(10 03)
2026-07-29 15:42:40,155 [INFO] PC_ID-035 - Start Extended session(10 03): SID=0x10, Sub=0x03, Expected=[6, 80, 3, 0, 50, 0, 200, 170]
2026-07-29 15:42:40,221 [INFO] PC_ID-035 - Start Extended session(10 03): Sending 1003
2026-07-29 15:42:40,277 [INFO] PC_ID-035 - Start Extended session(10 03): Sending request 1003
2026-07-29 15:42:40,278 [DEBUG] Sending 2 bytes : [1003]
2026-07-29 15:42:40,279 [DEBUG] Enqueuing a SendRequest for 2 bytes and TAT=Physical
2026-07-29 15:42:40,280 [DEBUG] Tx: <7A6> (08) [ ]	 0210030000000000
2026-07-29 15:42:40,280 [DEBUG] We've been asked to write a message to the bus
2026-07-29 15:42:40,281 [DEBUG] sending: Timestamp:        0.000000    ID:      7a6    S Rx       BS       DL:  8    02 10 03 00 00 00 00 00
2026-07-29 15:42:40,293 [INFO] PC_ID-035 - Received: 5003003200C8
2026-07-29 15:42:40,294 [DEBUG] Rx: <7AE> (08) [p]	 065003003200c800
2026-07-29 15:42:40,294 [WARNING] PC_ID-035 - Start Extended session(10 03) -> FAIL - Unexpected response
2026-07-29 15:42:40,296 [DEBUG] Stopping CanStack
2026-07-29 15:42:40,297 [DEBUG] Main thread is exiting
2026-07-29 15:42:40,343 [DEBUG] CanStack Stopped
2026-07-29 15:42:40,344 [INFO] Connection closed
2026-07-29 15:42:40,345 [INFO] Running Test Case: TC_ID-287
2026-07-29 15:42:40,346 [DEBUG] Starting CanStack
2026-07-29 15:42:40,348 [DEBUG] Main thread has started
2026-07-29 15:42:40,350 [DEBUG] Relay thread has started
2026-07-29 15:42:40,352 [INFO] Connection opened
2026-07-29 15:42:40,352 [INFO] Switched to physical mode for TC: TC_ID-287 Step: PreCondition: PC_ID-035  Testcase:Start Extended session(10 03)
2026-07-29 15:42:40,353 [INFO] TC_ID-287 - PreCondition: PC_ID-035  Testcase:Start Extended session(10 03): SID=0x10, Sub=0x03, Expected=[6, 80, 3, 0, 50, 0, 200, 170]
2026-07-29 15:42:40,438 [INFO] TC_ID-287 - PreCondition: PC_ID-035  Testcase:Start Extended session(10 03): Sending 1003
2026-07-29 15:42:40,495 [INFO] TC_ID-287 - PreCondition: PC_ID-035  Testcase:Start Extended session(10 03): Sending request 1003
2026-07-29 15:42:40,496 [DEBUG] Sending 2 bytes : [1003]
2026-07-29 15:42:40,496 [DEBUG] Enqueuing a SendRequest for 2 bytes and TAT=Physical
2026-07-29 15:42:40,497 [DEBUG] Tx: <7A6> (08) [ ]	 0210030000000000
2026-07-29 15:42:40,498 [DEBUG] We've been asked to write a message to the bus
2026-07-29 15:42:40,499 [DEBUG] sending: Timestamp:        0.000000    ID:      7a6    S Rx       BS       DL:  8    02 10 03 00 00 00 00 00
2026-07-29 15:42:40,502 [INFO] TC_ID-287 - Received: 5003003200C8
2026-07-29 15:42:40,504 [WARNING] TC_ID-287 - PreCondition: PC_ID-035  Testcase:Start Extended session(10 03) -> FAIL - Unexpected response
2026-07-29 15:42:40,504 [DEBUG] Rx: <7AE> (08) [p]	 065003003200c800
2026-07-29 15:42:40,505 [DEBUG] Stopping CanStack
2026-07-29 15:42:40,506 [DEBUG] Main thread is exiting
2026-07-29 15:42:40,555 [DEBUG] CanStack Stopped
2026-07-29 15:42:40,555 [INFO] Connection closed
2026-07-29 15:42:40,556 [INFO] Running Test Case: TC_ID-288
2026-07-29 15:42:40,556 [DEBUG] Starting CanStack
2026-07-29 15:42:40,558 [DEBUG] Main thread has started
2026-07-29 15:42:40,558 [DEBUG] Relay thread has started
2026-07-29 15:42:40,560 [INFO] Connection opened
2026-07-29 15:42:40,560 [INFO] Switched to physical mode for TC: TC_ID-288 Step: PreCondition: PC_ID-035  Testcase:Start default session(10 01)
2026-07-29 15:42:40,561 [INFO] TC_ID-288 - PreCondition: PC_ID-035  Testcase:Start default session(10 01): SID=0x10, Sub=0x01, Expected=[6, 80, 1, 0, 50, 1, 244, 170]
2026-07-29 15:42:40,641 [INFO] TC_ID-288 - PreCondition: PC_ID-035  Testcase:Start default session(10 01): Sending 1001
2026-07-29 15:42:40,709 [INFO] TC_ID-288 - PreCondition: PC_ID-035  Testcase:Start default session(10 01): Sending request 1001
2026-07-29 15:42:40,711 [DEBUG] Sending 2 bytes : [1001]
2026-07-29 15:42:40,711 [DEBUG] Enqueuing a SendRequest for 2 bytes and TAT=Physical
2026-07-29 15:42:40,712 [DEBUG] Tx: <7A6> (08) [ ]	 0210010000000000
2026-07-29 15:42:40,713 [DEBUG] We've been asked to write a message to the bus
2026-07-29 15:42:40,713 [DEBUG] sending: Timestamp:        0.000000    ID:      7a6    S Rx       BS       DL:  8    02 10 01 00 00 00 00 00
2026-07-29 15:42:40,723 [WARNING] TC_ID-288 - No response received
2026-07-29 15:42:40,787 [DEBUG] Stopping CanStack
2026-07-29 15:42:40,788 [DEBUG] Main thread is exiting
2026-07-29 15:42:40,824 [DEBUG] CanStack Stopped
2026-07-29 15:42:40,825 [INFO] Connection closed
2026-07-29 15:42:40,825 [INFO] Running Test Case: PC_ID-036
2026-07-29 15:42:40,826 [DEBUG] Starting CanStack
2026-07-29 15:42:40,827 [DEBUG] Main thread has started
2026-07-29 15:42:40,828 [DEBUG] Relay thread has started
2026-07-29 15:42:40,829 [INFO] Connection opened
2026-07-29 15:42:40,830 [INFO] Switched to physical mode for TC: PC_ID-036 Step: Start Extended session(10 03)
2026-07-29 15:42:40,830 [INFO] PC_ID-036 - Start Extended session(10 03): SID=0x10, Sub=0x03, Expected=[6, 80, 3, 0, 50, 1, 244, 0]
2026-07-29 15:42:40,894 [INFO] PC_ID-036 - Start Extended session(10 03): Sending 1003
2026-07-29 15:42:40,964 [INFO] PC_ID-036 - Start Extended session(10 03): Sending request 1003
2026-07-29 15:42:40,965 [DEBUG] Sending 2 bytes : [1003]
2026-07-29 15:42:40,966 [DEBUG] Enqueuing a SendRequest for 2 bytes and TAT=Physical
2026-07-29 15:42:40,967 [DEBUG] Tx: <7A6> (08) [ ]	 0210030000000000
2026-07-29 15:42:40,968 [DEBUG] We've been asked to write a message to the bus
2026-07-29 15:42:40,968 [DEBUG] sending: Timestamp:        0.000000    ID:      7a6    S Rx       BS       DL:  8    02 10 03 00 00 00 00 00
2026-07-29 15:42:40,977 [INFO] PC_ID-036 - Received: 5003003201F4
2026-07-29 15:42:40,978 [DEBUG] Rx: <7AE> (08) [p]	 065003003201f4aa
2026-07-29 15:42:40,981 [WARNING] PC_ID-036 - Start Extended session(10 03) -> FAIL - Unexpected response
2026-07-29 15:42:40,986 [DEBUG] Stopping CanStack
2026-07-29 15:42:40,989 [DEBUG] Main thread is exiting
2026-07-29 15:42:41,027 [DEBUG] CanStack Stopped
2026-07-29 15:42:41,028 [INFO] Connection closed
2026-07-29 15:42:41,028 [INFO] Running Test Case: TC_ID-289
2026-07-29 15:42:41,029 [DEBUG] Starting CanStack
2026-07-29 15:42:41,030 [DEBUG] Main thread has started
2026-07-29 15:42:41,031 [DEBUG] Relay thread has started
2026-07-29 15:42:41,032 [INFO] Connection opened
2026-07-29 15:42:41,033 [INFO] Switched to physical mode for TC: TC_ID-289 Step: PreCondition: PC_ID-036  Testcase:Start default session(10 01)
2026-07-29 15:42:41,033 [INFO] TC_ID-289 - PreCondition: PC_ID-036  Testcase:Start default session(10 01): SID=0x10, Sub=0x01, Expected=[6, 80, 1, 0, 50, 1, 244, 170]
2026-07-29 15:42:41,113 [INFO] TC_ID-289 - PreCondition: PC_ID-036  Testcase:Start default session(10 01): Sending 1001
2026-07-29 15:42:41,170 [INFO] TC_ID-289 - PreCondition: PC_ID-036  Testcase:Start default session(10 01): Sending request 1001
2026-07-29 15:42:41,171 [DEBUG] Sending 2 bytes : [1001]
2026-07-29 15:42:41,171 [DEBUG] Enqueuing a SendRequest for 2 bytes and TAT=Physical
2026-07-29 15:42:41,172 [DEBUG] Tx: <7A6> (08) [ ]	 0210010000000000
2026-07-29 15:42:41,173 [DEBUG] We've been asked to write a message to the bus
2026-07-29 15:42:41,173 [DEBUG] sending: Timestamp:        0.000000    ID:      7a6    S Rx       BS       DL:  8    02 10 01 00 00 00 00 00
2026-07-29 15:42:41,185 [INFO] TC_ID-289 - Received: 5001003201F4
2026-07-29 15:42:41,187 [WARNING] TC_ID-289 - PreCondition: PC_ID-036  Testcase:Start default session(10 01) -> FAIL - Unexpected response
2026-07-29 15:42:41,188 [DEBUG] Rx: <7AE> (08) [p]	 065001003201f4aa
2026-07-29 15:42:41,188 [DEBUG] Stopping CanStack
2026-07-29 15:42:41,190 [DEBUG] Main thread is exiting
2026-07-29 15:42:41,238 [DEBUG] CanStack Stopped
2026-07-29 15:42:41,239 [INFO] Connection closed
2026-07-29 15:42:41,240 [INFO] Running Test Case: PC_ID-037
2026-07-29 15:42:41,241 [DEBUG] Starting CanStack
2026-07-29 15:42:41,244 [DEBUG] Main thread has started
2026-07-29 15:42:41,245 [DEBUG] Relay thread has started
2026-07-29 15:42:41,247 [INFO] Connection opened
2026-07-29 15:42:41,248 [INFO] Switched to physical mode for TC: PC_ID-037 Step: Start Programming session(10 02)
2026-07-29 15:42:41,249 [INFO] PC_ID-037 - Start Programming session(10 02): SID=0x10, Sub=0x02, Expected=[6, 80, 2, 0, 50, 0, 200, 0]
2026-07-29 15:42:41,320 [INFO] PC_ID-037 - Start Programming session(10 02): Sending 1002
2026-07-29 15:42:41,372 [INFO] PC_ID-037 - Start Programming session(10 02): Sending request 1002
2026-07-29 15:42:41,373 [DEBUG] Sending 2 bytes : [1002]
2026-07-29 15:42:41,375 [DEBUG] Enqueuing a SendRequest for 2 bytes and TAT=Physical
2026-07-29 15:42:41,377 [DEBUG] Tx: <7A6> (08) [ ]	 0210020000000000
2026-07-29 15:42:41,378 [DEBUG] We've been asked to write a message to the bus
2026-07-29 15:42:41,379 [DEBUG] sending: Timestamp:        0.000000    ID:      7a6    S Rx       BS       DL:  8    02 10 02 00 00 00 00 00
2026-07-29 15:42:41,417 [INFO] PC_ID-037 - Received: 5002003200C8
2026-07-29 15:42:41,419 [DEBUG] Rx: <7AE> (08) [p]	 065002003200c800
2026-07-29 15:42:41,419 [WARNING] PC_ID-037 - Start Programming session(10 02) -> FAIL - Unexpected response
2026-07-29 15:42:41,421 [DEBUG] Stopping CanStack
2026-07-29 15:42:41,422 [DEBUG] Main thread is exiting
2026-07-29 15:42:41,469 [DEBUG] CanStack Stopped
2026-07-29 15:42:41,470 [INFO] Connection closed
2026-07-29 15:42:41,470 [INFO] Running Test Case: TC_ID-290
2026-07-29 15:42:41,471 [DEBUG] Starting CanStack
2026-07-29 15:42:41,472 [DEBUG] Main thread has started
2026-07-29 15:42:41,473 [DEBUG] Relay thread has started
2026-07-29 15:42:41,474 [INFO] Connection opened
2026-07-29 15:42:41,475 [INFO] Switched to physical mode for TC: TC_ID-290 Step: PreCondition: PC_ID-037  Testcase:Start Extended session(10 03)
2026-07-29 15:42:41,476 [INFO] TC_ID-290 - PreCondition: PC_ID-037  Testcase:Start Extended session(10 03): SID=0x10, Sub=0x03, Expected=[6, 80, 3, 0, 50, 0, 200, 170]
2026-07-29 15:42:41,569 [INFO] TC_ID-290 - PreCondition: PC_ID-037  Testcase:Start Extended session(10 03): Sending 1003
2026-07-29 15:42:41,624 [INFO] TC_ID-290 - PreCondition: PC_ID-037  Testcase:Start Extended session(10 03): Sending request 1003
2026-07-29 15:42:41,625 [DEBUG] Sending 2 bytes : [1003]
2026-07-29 15:42:41,626 [DEBUG] Enqueuing a SendRequest for 2 bytes and TAT=Physical
2026-07-29 15:42:41,627 [DEBUG] Tx: <7A6> (08) [ ]	 0210030000000000
2026-07-29 15:42:41,628 [DEBUG] We've been asked to write a message to the bus
2026-07-29 15:42:41,628 [DEBUG] sending: Timestamp:        0.000000    ID:      7a6    S Rx       BS       DL:  8    02 10 03 00 00 00 00 00
2026-07-29 15:42:41,637 [INFO] TC_ID-290 - Received: 5003003200C8
2026-07-29 15:42:41,638 [DEBUG] Rx: <7AE> (08) [p]	 065003003200c800
2026-07-29 15:42:41,640 [WARNING] TC_ID-290 - PreCondition: PC_ID-037  Testcase:Start Extended session(10 03) -> FAIL - Unexpected response
2026-07-29 15:42:41,644 [DEBUG] Stopping CanStack
2026-07-29 15:42:41,650 [DEBUG] Main thread is exiting
2026-07-29 15:42:41,687 [DEBUG] CanStack Stopped
2026-07-29 15:42:41,688 [INFO] Connection closed
2026-07-29 15:42:41,688 [INFO] Running Test Case: PC_ID-038
2026-07-29 15:42:41,689 [DEBUG] Starting CanStack
2026-07-29 15:42:41,691 [DEBUG] Main thread has started
2026-07-29 15:42:41,693 [DEBUG] Relay thread has started
2026-07-29 15:42:41,696 [INFO] Connection opened
2026-07-29 15:42:41,697 [INFO] Switched to physical mode for TC: PC_ID-038 Step: Start default session(10 01)
2026-07-29 15:42:41,698 [INFO] PC_ID-038 - Start default session(10 01): SID=0x10, Sub=0x01, Expected=[6, 80, 1, 0, 50, 1, 244, 170]
2026-07-29 15:42:41,778 [INFO] PC_ID-038 - Start default session(10 01): Sending 1001
2026-07-29 15:42:41,836 [INFO] PC_ID-038 - Start default session(10 01): Sending request 1001
2026-07-29 15:42:41,837 [DEBUG] Sending 2 bytes : [1001]
2026-07-29 15:42:41,839 [DEBUG] Enqueuing a SendRequest for 2 bytes and TAT=Physical
2026-07-29 15:42:41,841 [DEBUG] Tx: <7A6> (08) [ ]	 0210010000000000
2026-07-29 15:42:41,843 [DEBUG] We've been asked to write a message to the bus
2026-07-29 15:42:41,844 [DEBUG] sending: Timestamp:        0.000000    ID:      7a6    S Rx       BS       DL:  8    02 10 01 00 00 00 00 00
2026-07-29 15:42:41,863 [WARNING] PC_ID-038 - No response received
2026-07-29 15:42:41,939 [DEBUG] Stopping CanStack
2026-07-29 15:42:41,941 [DEBUG] Main thread is exiting
2026-07-29 15:42:41,965 [DEBUG] CanStack Stopped
2026-07-29 15:42:41,967 [INFO] Connection closed
2026-07-29 15:42:41,968 [INFO] Running Test Case: TC_ID-291
2026-07-29 15:42:41,969 [DEBUG] Starting CanStack
2026-07-29 15:42:41,971 [DEBUG] Main thread has started
2026-07-29 15:42:41,973 [DEBUG] Relay thread has started
2026-07-29 15:42:41,977 [INFO] Connection opened
2026-07-29 15:42:41,980 [INFO] Switched to physical mode for TC: TC_ID-291 Step: PreCondition: PC_ID-038  Testcase:Incorrect message length(10 03 01)
2026-07-29 15:42:41,983 [INFO] TC_ID-291 - PreCondition: PC_ID-038  Testcase:Incorrect message length(10 03 01): SID=0x10, Sub=0x0102, Expected=[3, 127, 16, 19, 170, 170, 170, 170]
2026-07-29 15:42:42,066 [INFO] TC_ID-291 - PreCondition: PC_ID-038  Testcase:Incorrect message length(10 03 01): Sending 100102
2026-07-29 15:42:42,122 [INFO] TC_ID-291 - PreCondition: PC_ID-038  Testcase:Incorrect message length(10 03 01): Sending request 100102
2026-07-29 15:42:42,123 [DEBUG] Sending 3 bytes : [100102]
2026-07-29 15:42:42,124 [DEBUG] Enqueuing a SendRequest for 3 bytes and TAT=Physical
2026-07-29 15:42:42,125 [DEBUG] Tx: <7A6> (08) [ ]	 0310010200000000
2026-07-29 15:42:42,125 [DEBUG] We've been asked to write a message to the bus
2026-07-29 15:42:42,126 [DEBUG] sending: Timestamp:        0.000000    ID:      7a6    S Rx       BS       DL:  8    03 10 01 02 00 00 00 00
2026-07-29 15:42:42,138 [INFO] TC_ID-291 - Received: 7F1013
2026-07-29 15:42:42,140 [WARNING] TC_ID-291 - PreCondition: PC_ID-038  Testcase:Incorrect message length(10 03 01) -> FAIL - Unexpected response
2026-07-29 15:42:42,141 [DEBUG] Rx: <7AE> (08) [p]	 037f1013aaaaaaaa
2026-07-29 15:42:42,141 [DEBUG] Stopping CanStack
2026-07-29 15:42:42,143 [DEBUG] Main thread is exiting
2026-07-29 15:42:42,190 [DEBUG] CanStack Stopped
2026-07-29 15:42:42,192 [INFO] Connection closed
2026-07-29 15:42:42,192 [INFO] Running Test Case: TC_ID-292
2026-07-29 15:42:42,193 [DEBUG] Starting CanStack
2026-07-29 15:42:42,196 [DEBUG] Main thread has started
2026-07-29 15:42:42,197 [DEBUG] Relay thread has started
2026-07-29 15:42:42,199 [INFO] Connection opened
2026-07-29 15:42:42,200 [INFO] Switched to physical mode for TC: TC_ID-292 Step: PreCondition: PC_ID-038  Testcase:Incorrect message length(10 01 01)
2026-07-29 15:42:42,201 [INFO] TC_ID-292 - PreCondition: PC_ID-038  Testcase:Incorrect message length(10 01 01): SID=0x10, Sub=0x0101, Expected=[3, 127, 16, 19, 170, 170, 170, 170]
2026-07-29 15:42:42,287 [INFO] TC_ID-292 - PreCondition: PC_ID-038  Testcase:Incorrect message length(10 01 01): Sending 100101
2026-07-29 15:42:42,344 [INFO] TC_ID-292 - PreCondition: PC_ID-038  Testcase:Incorrect message length(10 01 01): Sending request 100101
2026-07-29 15:42:42,345 [DEBUG] Sending 3 bytes : [100101]
2026-07-29 15:42:42,346 [DEBUG] Enqueuing a SendRequest for 3 bytes and TAT=Physical
2026-07-29 15:42:42,347 [DEBUG] Tx: <7A6> (08) [ ]	 0310010100000000
2026-07-29 15:42:42,348 [DEBUG] We've been asked to write a message to the bus
2026-07-29 15:42:42,348 [DEBUG] sending: Timestamp:        0.000000    ID:      7a6    S Rx       BS       DL:  8    03 10 01 01 00 00 00 00
2026-07-29 15:42:42,358 [INFO] TC_ID-292 - Received: 7F1013
2026-07-29 15:42:42,359 [DEBUG] Rx: <7AE> (08) [p]	 037f1013aaaaaaaa
2026-07-29 15:42:42,360 [WARNING] TC_ID-292 - PreCondition: PC_ID-038  Testcase:Incorrect message length(10 01 01) -> FAIL - Unexpected response
2026-07-29 15:42:42,361 [DEBUG] Stopping CanStack
2026-07-29 15:42:42,362 [DEBUG] Main thread is exiting
2026-07-29 15:42:42,410 [DEBUG] CanStack Stopped
2026-07-29 15:42:42,411 [INFO] Connection closed
2026-07-29 15:42:42,412 [INFO] Running Test Case: TC_ID-293
2026-07-29 15:42:42,412 [DEBUG] Starting CanStack
2026-07-29 15:42:42,414 [DEBUG] Main thread has started
2026-07-29 15:42:42,415 [DEBUG] Relay thread has started
2026-07-29 15:42:42,417 [INFO] Connection opened
2026-07-29 15:42:42,419 [INFO] Switched to physical mode for TC: TC_ID-293 Step: PreCondition: PC_ID-038  Testcase:Sub function not supported(14FFFFF1)
2026-07-29 15:42:42,420 [INFO] TC_ID-293 - PreCondition: PC_ID-038  Testcase:Sub function not supported(14FFFFF1): SID=0x14, Sub=0xFFFFF1, Expected=[3, 127, 20, 18, 170, 170, 170, 170]
2026-07-29 15:42:42,503 [INFO] TC_ID-293 - PreCondition: PC_ID-038  Testcase:Sub function not supported(14FFFFF1): Sending 14FFFFF1
2026-07-29 15:42:42,504 [INFO] TC_ID-293 - PreCondition: PC_ID-038  Testcase:Sub function not supported(14FFFFF1): Sending request 14FFFFF1
2026-07-29 15:42:42,505 [DEBUG] Sending 4 bytes : [14fffff1]
2026-07-29 15:42:42,506 [DEBUG] Enqueuing a SendRequest for 4 bytes and TAT=Physical
2026-07-29 15:42:42,509 [DEBUG] Tx: <7A6> (08) [ ]	 0414fffff1000000
2026-07-29 15:42:42,510 [DEBUG] We've been asked to write a message to the bus
2026-07-29 15:42:42,511 [DEBUG] sending: Timestamp:        0.000000    ID:      7a6    S Rx       BS       DL:  8    04 14 ff ff f1 00 00 00
2026-07-29 15:42:42,519 [DEBUG] Stopping CanStack
2026-07-29 15:42:42,524 [DEBUG] Rx: <7AE> (08) [p]	 037f1412aaaaaaaa
2026-07-29 15:42:42,525 [DEBUG] Main thread is exiting
2026-07-29 15:42:42,573 [DEBUG] CanStack Stopped
2026-07-29 15:42:42,574 [INFO] Connection closed
2026-07-29 15:42:42,575 [INFO] Running Test Case: TC_ID-294
2026-07-29 15:42:42,575 [DEBUG] Starting CanStack
2026-07-29 15:42:42,577 [DEBUG] Main thread has started
2026-07-29 15:42:42,577 [DEBUG] Relay thread has started
2026-07-29 15:42:42,579 [INFO] Connection opened
2026-07-29 15:42:42,579 [INFO] Switched to physical mode for TC: TC_ID-294 Step: PreCondition: PC_ID-038  Testcase:Incorrect message length(14FFFFFFFF)
2026-07-29 15:42:42,580 [INFO] TC_ID-294 - PreCondition: PC_ID-038  Testcase:Incorrect message length(14FFFFFFFF): SID=0x14, Sub=0xFFFFFFFF, Expected=[3, 127, 20, 19, 170, 170, 170, 170]
2026-07-29 15:42:42,665 [INFO] TC_ID-294 - PreCondition: PC_ID-038  Testcase:Incorrect message length(14FFFFFFFF): Sending 14FFFFFFFF
2026-07-29 15:42:42,666 [INFO] TC_ID-294 - PreCondition: PC_ID-038  Testcase:Incorrect message length(14FFFFFFFF): Sending request 14FFFFFFFF
2026-07-29 15:42:42,667 [DEBUG] Sending 5 bytes : [14ffffffff]
2026-07-29 15:42:42,668 [DEBUG] Enqueuing a SendRequest for 5 bytes and TAT=Physical
2026-07-29 15:42:42,670 [DEBUG] Tx: <7A6> (08) [ ]	 0514ffffffff0000
2026-07-29 15:42:42,671 [DEBUG] We've been asked to write a message to the bus
2026-07-29 15:42:42,672 [DEBUG] sending: Timestamp:        0.000000    ID:      7a6    S Rx       BS       DL:  8    05 14 ff ff ff ff 00 00
2026-07-29 15:42:42,679 [DEBUG] Stopping CanStack
2026-07-29 15:42:42,684 [DEBUG] Rx: <7AE> (08) [p]	 037f1413aaaaaaaa
2026-07-29 15:42:42,685 [DEBUG] Main thread is exiting
2026-07-29 15:42:42,734 [DEBUG] CanStack Stopped
2026-07-29 15:42:42,735 [INFO] Connection closed
2026-07-29 15:42:42,736 [INFO] Running Test Case: TC_ID-295
2026-07-29 15:42:42,736 [DEBUG] Starting CanStack
2026-07-29 15:42:42,738 [DEBUG] Main thread has started
2026-07-29 15:42:42,739 [DEBUG] Relay thread has started
2026-07-29 15:42:42,740 [INFO] Connection opened
2026-07-29 15:42:42,741 [INFO] Switched to physical mode for TC: TC_ID-295 Step: PreCondition: PC_ID-038  Testcase:Incorrect message length(22F18B02)
2026-07-29 15:42:42,741 [INFO] TC_ID-295 - PreCondition: PC_ID-038  Testcase:Incorrect message length(22F18B02): SID=0x22, Sub=0xF18B02, Expected=[3, 127, 34, 19, 170, 170, 170, 170]
2026-07-29 15:42:42,833 [INFO] TC_ID-295 - PreCondition: PC_ID-038  Testcase:Incorrect message length(22F18B02): Sending request 22F18B02
2026-07-29 15:42:42,834 [INFO] TC_ID-295 - PreCondition: PC_ID-038  Testcase:Incorrect message length(22F18B02): Sending request 22F18B02
2026-07-29 15:42:42,835 [DEBUG] Sending 4 bytes : [22f18b02]
2026-07-29 15:42:42,836 [DEBUG] Enqueuing a SendRequest for 4 bytes and TAT=Physical
2026-07-29 15:42:42,838 [DEBUG] Tx: <7A6> (08) [ ]	 0422f18b02000000
2026-07-29 15:42:42,840 [DEBUG] We've been asked to write a message to the bus
2026-07-29 15:42:42,841 [DEBUG] sending: Timestamp:        0.000000    ID:      7a6    S Rx       BS       DL:  8    04 22 f1 8b 02 00 00 00
2026-07-29 15:42:42,852 [DEBUG] Rx: <7AE> (08) [p]	 037f2213aaaaaaaa
2026-07-29 15:42:42,899 [INFO] TC_ID-295 - Received: 7F2213
2026-07-29 15:42:42,900 [WARNING] TC_ID-295 - PreCondition: PC_ID-038  Testcase:Incorrect message length(22F18B02) -> ❌ FAIL - Expected 037F2213AAAAAAAA
2026-07-29 15:42:42,900 [DEBUG] Stopping CanStack
2026-07-29 15:42:42,901 [DEBUG] Main thread is exiting
2026-07-29 15:42:42,902 [DEBUG] CanStack Stopped
2026-07-29 15:42:42,903 [INFO] Connection closed
2026-07-29 15:42:42,904 [INFO] Running Test Case: TC_ID-296
2026-07-29 15:42:42,904 [DEBUG] Starting CanStack
2026-07-29 15:42:42,905 [DEBUG] Main thread has started
2026-07-29 15:42:42,906 [DEBUG] Relay thread has started
2026-07-29 15:42:42,908 [INFO] Connection opened
2026-07-29 15:42:42,908 [INFO] Switched to physical mode for TC: TC_ID-296 Step: PreCondition: PC_ID-038  Testcase:Incorrect message length(22F18701)
2026-07-29 15:42:42,909 [INFO] TC_ID-296 - PreCondition: PC_ID-038  Testcase:Incorrect message length(22F18701): SID=0x22, Sub=0xF18701, Expected=[3, 127, 34, 19, 170, 170, 170, 170]
2026-07-29 15:42:43,006 [INFO] TC_ID-296 - PreCondition: PC_ID-038  Testcase:Incorrect message length(22F18701): Sending request 22F18701
2026-07-29 15:42:43,007 [INFO] TC_ID-296 - PreCondition: PC_ID-038  Testcase:Incorrect message length(22F18701): Sending request 22F18701
2026-07-29 15:42:43,008 [DEBUG] Sending 4 bytes : [22f18701]
2026-07-29 15:42:43,009 [DEBUG] Enqueuing a SendRequest for 4 bytes and TAT=Physical
2026-07-29 15:42:43,011 [DEBUG] Tx: <7A6> (08) [ ]	 0422f18701000000
2026-07-29 15:42:43,012 [DEBUG] We've been asked to write a message to the bus
2026-07-29 15:42:43,013 [DEBUG] sending: Timestamp:        0.000000    ID:      7a6    S Rx       BS       DL:  8    04 22 f1 87 01 00 00 00
2026-07-29 15:42:43,023 [DEBUG] Rx: <7AE> (08) [p]	 037f2213aaaaaaaa
2026-07-29 15:42:43,070 [INFO] TC_ID-296 - Received: 7F2213
2026-07-29 15:42:43,071 [WARNING] TC_ID-296 - PreCondition: PC_ID-038  Testcase:Incorrect message length(22F18701) -> ❌ FAIL - Expected 037F2213AAAAAAAA
2026-07-29 15:42:43,072 [DEBUG] Stopping CanStack
2026-07-29 15:42:43,073 [DEBUG] Main thread is exiting
2026-07-29 15:42:43,123 [DEBUG] CanStack Stopped
2026-07-29 15:42:43,124 [INFO] Connection closed
2026-07-29 15:42:43,124 [INFO] Running Test Case: TC_ID-297
2026-07-29 15:42:43,125 [DEBUG] Starting CanStack
2026-07-29 15:42:43,126 [DEBUG] Main thread has started
2026-07-29 15:42:43,127 [DEBUG] Relay thread has started
2026-07-29 15:42:43,128 [INFO] Connection opened
2026-07-29 15:42:43,129 [INFO] Switched to physical mode for TC: TC_ID-297 Step: PreCondition: PC_ID-038  Testcase:Incorrect message length(22F1A001)
2026-07-29 15:42:43,129 [INFO] TC_ID-297 - PreCondition: PC_ID-038  Testcase:Incorrect message length(22F1A001): SID=0x22, Sub=0xF1A001, Expected=[3, 127, 34, 19, 170, 170, 170, 170]
2026-07-29 15:42:43,217 [INFO] TC_ID-297 - PreCondition: PC_ID-038  Testcase:Incorrect message length(22F1A001): Sending request 22F1A001
2026-07-29 15:42:43,218 [INFO] TC_ID-297 - PreCondition: PC_ID-038  Testcase:Incorrect message length(22F1A001): Sending request 22F1A001
2026-07-29 15:42:43,219 [DEBUG] Sending 4 bytes : [22f1a001]
2026-07-29 15:42:43,220 [DEBUG] Enqueuing a SendRequest for 4 bytes and TAT=Physical
2026-07-29 15:42:43,222 [DEBUG] Tx: <7A6> (08) [ ]	 0422f1a001000000
2026-07-29 15:42:43,224 [DEBUG] We've been asked to write a message to the bus
2026-07-29 15:42:43,225 [DEBUG] sending: Timestamp:        0.000000    ID:      7a6    S Rx       BS       DL:  8    04 22 f1 a0 01 00 00 00
2026-07-29 15:42:43,240 [DEBUG] Rx: <7AE> (08) [p]	 037f2213aaaaaaaa
2026-07-29 15:42:43,289 [INFO] TC_ID-297 - Received: 7F2213
2026-07-29 15:42:43,290 [WARNING] TC_ID-297 - PreCondition: PC_ID-038  Testcase:Incorrect message length(22F1A001) -> ❌ FAIL - Expected 037F2213AAAAAAAA
2026-07-29 15:42:43,290 [DEBUG] Stopping CanStack
2026-07-29 15:42:43,291 [DEBUG] Main thread is exiting
2026-07-29 15:42:43,341 [DEBUG] CanStack Stopped
2026-07-29 15:42:43,342 [INFO] Connection closed
2026-07-29 15:42:43,343 [INFO] Running Test Case: TC_ID-298
2026-07-29 15:42:43,344 [DEBUG] Starting CanStack
2026-07-29 15:42:43,346 [DEBUG] Main thread has started
2026-07-29 15:42:43,348 [DEBUG] Relay thread has started
2026-07-29 15:42:43,350 [INFO] Connection opened
2026-07-29 15:42:43,353 [INFO] Switched to physical mode for TC: TC_ID-298 Step: PreCondition: PC_ID-038  Testcase:Incorrect message length(22F19504)
2026-07-29 15:42:43,357 [INFO] TC_ID-298 - PreCondition: PC_ID-038  Testcase:Incorrect message length(22F19504): SID=0x22, Sub=0xF19504, Expected=[3, 127, 34, 19, 170, 170, 170, 170]
2026-07-29 15:42:43,445 [INFO] TC_ID-298 - PreCondition: PC_ID-038  Testcase:Incorrect message length(22F19504): Sending request 22F19504
2026-07-29 15:42:43,446 [INFO] TC_ID-298 - PreCondition: PC_ID-038  Testcase:Incorrect message length(22F19504): Sending request 22F19504
2026-07-29 15:42:43,447 [DEBUG] Sending 4 bytes : [22f19504]
2026-07-29 15:42:43,447 [DEBUG] Enqueuing a SendRequest for 4 bytes and TAT=Physical
2026-07-29 15:42:43,449 [DEBUG] Tx: <7A6> (08) [ ]	 0422f19504000000
2026-07-29 15:42:43,450 [DEBUG] We've been asked to write a message to the bus
2026-07-29 15:42:43,451 [DEBUG] sending: Timestamp:        0.000000    ID:      7a6    S Rx       BS       DL:  8    04 22 f1 95 04 00 00 00
2026-07-29 15:42:43,464 [DEBUG] Rx: <7AE> (08) [p]	 037f2213aaaaaaaa
2026-07-29 15:42:43,511 [INFO] TC_ID-298 - Received: 7F2213
2026-07-29 15:42:43,512 [WARNING] TC_ID-298 - PreCondition: PC_ID-038  Testcase:Incorrect message length(22F19504) -> ❌ FAIL - Expected 037F2213AAAAAAAA
2026-07-29 15:42:43,513 [DEBUG] Stopping CanStack
2026-07-29 15:42:43,514 [DEBUG] Main thread is exiting
2026-07-29 15:42:43,564 [DEBUG] CanStack Stopped
2026-07-29 15:42:43,565 [INFO] Connection closed
2026-07-29 15:42:43,566 [INFO] Running Test Case: TC_ID-299
2026-07-29 15:42:43,567 [DEBUG] Starting CanStack
2026-07-29 15:42:43,568 [DEBUG] Main thread has started
2026-07-29 15:42:43,569 [DEBUG] Relay thread has started
2026-07-29 15:42:43,570 [INFO] Connection opened
2026-07-29 15:42:43,571 [INFO] Switched to physical mode for TC: TC_ID-299 Step: PreCondition: PC_ID-038  Testcase:Incorrect message length(22F1B001)
2026-07-29 15:42:43,572 [INFO] TC_ID-299 - PreCondition: PC_ID-038  Testcase:Incorrect message length(22F1B001): SID=0x22, Sub=0xF1B001, Expected=[3, 127, 34, 19, 170, 170, 170, 170]
2026-07-29 15:42:43,660 [INFO] TC_ID-299 - PreCondition: PC_ID-038  Testcase:Incorrect message length(22F1B001): Sending request 22F1B001
2026-07-29 15:42:43,661 [INFO] TC_ID-299 - PreCondition: PC_ID-038  Testcase:Incorrect message length(22F1B001): Sending request 22F1B001
2026-07-29 15:42:43,663 [DEBUG] Sending 4 bytes : [22f1b001]
2026-07-29 15:42:43,664 [DEBUG] Enqueuing a SendRequest for 4 bytes and TAT=Physical
2026-07-29 15:42:43,666 [DEBUG] Tx: <7A6> (08) [ ]	 0422f1b001000000
2026-07-29 15:42:43,667 [DEBUG] We've been asked to write a message to the bus
2026-07-29 15:42:43,668 [DEBUG] sending: Timestamp:        0.000000    ID:      7a6    S Rx       BS       DL:  8    04 22 f1 b0 01 00 00 00
2026-07-29 15:42:43,680 [DEBUG] Rx: <7AE> (08) [p]	 037f2213aaaaaaaa
2026-07-29 15:42:43,730 [INFO] TC_ID-299 - Received: 7F2213
2026-07-29 15:42:43,731 [WARNING] TC_ID-299 - PreCondition: PC_ID-038  Testcase:Incorrect message length(22F1B001) -> ❌ FAIL - Expected 037F2213AAAAAAAA
2026-07-29 15:42:43,732 [DEBUG] Stopping CanStack
2026-07-29 15:42:43,732 [DEBUG] Main thread is exiting
2026-07-29 15:42:43,781 [DEBUG] CanStack Stopped
2026-07-29 15:42:43,782 [INFO] Connection closed
2026-07-29 15:42:43,783 [INFO] Running Test Case: TC_ID-300
2026-07-29 15:42:43,783 [DEBUG] Starting CanStack
2026-07-29 15:42:43,785 [DEBUG] Main thread has started
2026-07-29 15:42:43,787 [DEBUG] Relay thread has started
2026-07-29 15:42:43,789 [INFO] Connection opened
2026-07-29 15:42:43,791 [INFO] Switched to physical mode for TC: TC_ID-300 Step: PreCondition: PC_ID-038  Testcase:Incorrect message length(22F19101)
2026-07-29 15:42:43,792 [INFO] TC_ID-300 - PreCondition: PC_ID-038  Testcase:Incorrect message length(22F19101): SID=0x22, Sub=0xF19101, Expected=[3, 127, 34, 19, 170, 170, 170, 170]
2026-07-29 15:42:43,882 [INFO] TC_ID-300 - PreCondition: PC_ID-038  Testcase:Incorrect message length(22F19101): Sending request 22F19101
2026-07-29 15:42:43,883 [INFO] TC_ID-300 - PreCondition: PC_ID-038  Testcase:Incorrect message length(22F19101): Sending request 22F19101
2026-07-29 15:42:43,884 [DEBUG] Sending 4 bytes : [22f19101]
2026-07-29 15:42:43,885 [DEBUG] Enqueuing a SendRequest for 4 bytes and TAT=Physical
2026-07-29 15:42:43,887 [DEBUG] Tx: <7A6> (08) [ ]	 0422f19101000000
2026-07-29 15:42:43,888 [DEBUG] We've been asked to write a message to the bus
2026-07-29 15:42:43,889 [DEBUG] sending: Timestamp:        0.000000    ID:      7a6    S Rx       BS       DL:  8    04 22 f1 91 01 00 00 00
2026-07-29 15:42:43,901 [DEBUG] Rx: <7AE> (08) [p]	 037f2213aaaaaaaa
2026-07-29 15:42:43,951 [INFO] TC_ID-300 - Received: 7F2213
2026-07-29 15:42:43,952 [WARNING] TC_ID-300 - PreCondition: PC_ID-038  Testcase:Incorrect message length(22F19101) -> ❌ FAIL - Expected 037F2213AAAAAAAA
2026-07-29 15:42:43,953 [DEBUG] Stopping CanStack
2026-07-29 15:42:43,954 [DEBUG] Main thread is exiting
2026-07-29 15:42:44,002 [DEBUG] CanStack Stopped
2026-07-29 15:42:44,003 [INFO] Connection closed
2026-07-29 15:42:44,004 [INFO] Running Test Case: TC_ID-301
2026-07-29 15:42:44,004 [DEBUG] Starting CanStack
2026-07-29 15:42:44,006 [DEBUG] Main thread has started
2026-07-29 15:42:44,008 [DEBUG] Relay thread has started
2026-07-29 15:42:44,010 [INFO] Connection opened
2026-07-29 15:42:44,011 [INFO] Switched to physical mode for TC: TC_ID-301 Step: PreCondition: PC_ID-038  Testcase:Incorrect message length(22F1EF02)
2026-07-29 15:42:44,013 [INFO] TC_ID-301 - PreCondition: PC_ID-038  Testcase:Incorrect message length(22F1EF02): SID=0x22, Sub=0xF1EF02, Expected=[3, 127, 34, 19, 170, 170, 170, 170]
2026-07-29 15:42:44,103 [INFO] TC_ID-301 - PreCondition: PC_ID-038  Testcase:Incorrect message length(22F1EF02): Sending request 22F1EF02
2026-07-29 15:42:44,103 [INFO] TC_ID-301 - PreCondition: PC_ID-038  Testcase:Incorrect message length(22F1EF02): Sending request 22F1EF02
2026-07-29 15:42:44,104 [DEBUG] Sending 4 bytes : [22f1ef02]
2026-07-29 15:42:44,105 [DEBUG] Enqueuing a SendRequest for 4 bytes and TAT=Physical
2026-07-29 15:42:44,108 [DEBUG] Tx: <7A6> (08) [ ]	 0422f1ef02000000
2026-07-29 15:42:44,109 [DEBUG] We've been asked to write a message to the bus
2026-07-29 15:42:44,110 [DEBUG] sending: Timestamp:        0.000000    ID:      7a6    S Rx       BS       DL:  8    04 22 f1 ef 02 00 00 00
2026-07-29 15:42:44,122 [DEBUG] Rx: <7AE> (08) [p]	 037f2213aaaaaaaa
2026-07-29 15:42:44,172 [INFO] TC_ID-301 - Received: 7F2213
2026-07-29 15:42:44,172 [WARNING] TC_ID-301 - PreCondition: PC_ID-038  Testcase:Incorrect message length(22F1EF02) -> ❌ FAIL - Expected 037F2213AAAAAAAA
2026-07-29 15:42:44,173 [DEBUG] Stopping CanStack
2026-07-29 15:42:44,175 [DEBUG] Main thread is exiting
2026-07-29 15:42:44,222 [DEBUG] CanStack Stopped
2026-07-29 15:42:44,223 [INFO] Connection closed
2026-07-29 15:42:44,224 [INFO] Running Test Case: TC_ID-302
2026-07-29 15:42:44,224 [DEBUG] Starting CanStack
2026-07-29 15:42:44,225 [DEBUG] Main thread has started
2026-07-29 15:42:44,226 [DEBUG] Relay thread has started
2026-07-29 15:42:44,228 [INFO] Connection opened
2026-07-29 15:42:44,229 [INFO] Switched to physical mode for TC: TC_ID-302 Step: PreCondition: PC_ID-038  Testcase:Incorrect message length(22F10001)
2026-07-29 15:42:44,230 [INFO] TC_ID-302 - PreCondition: PC_ID-038  Testcase:Incorrect message length(22F10001): SID=0x22, Sub=0xF10001, Expected=[3, 127, 34, 19, 170, 170, 170, 170]
2026-07-29 15:42:44,317 [INFO] TC_ID-302 - PreCondition: PC_ID-038  Testcase:Incorrect message length(22F10001): Sending request 22F10001
2026-07-29 15:42:44,318 [INFO] TC_ID-302 - PreCondition: PC_ID-038  Testcase:Incorrect message length(22F10001): Sending request 22F10001
2026-07-29 15:42:44,319 [DEBUG] Sending 4 bytes : [22f10001]
2026-07-29 15:42:44,320 [DEBUG] Enqueuing a SendRequest for 4 bytes and TAT=Physical
2026-07-29 15:42:44,322 [DEBUG] Tx: <7A6> (08) [ ]	 0422f10001000000
2026-07-29 15:42:44,323 [DEBUG] We've been asked to write a message to the bus
2026-07-29 15:42:44,324 [DEBUG] sending: Timestamp:        0.000000    ID:      7a6    S Rx       BS       DL:  8    04 22 f1 00 01 00 00 00
2026-07-29 15:42:44,340 [DEBUG] Rx: <7AE> (08) [p]	 037f2213aaaaaaaa
2026-07-29 15:42:44,391 [INFO] TC_ID-302 - Received: 7F2213
2026-07-29 15:42:44,392 [WARNING] TC_ID-302 - PreCondition: PC_ID-038  Testcase:Incorrect message length(22F10001) -> ❌ FAIL - Expected 037F2213AAAAAAAA
2026-07-29 15:42:44,393 [DEBUG] Stopping CanStack
2026-07-29 15:42:44,488 [DEBUG] Main thread is exiting
2026-07-29 15:42:44,491 [DEBUG] CanStack Stopped
2026-07-29 15:42:44,493 [INFO] Connection closed
2026-07-29 15:42:44,494 [INFO] Running Test Case: TC_ID-303
2026-07-29 15:42:44,495 [DEBUG] Starting CanStack
2026-07-29 15:42:44,498 [DEBUG] Main thread has started
2026-07-29 15:42:44,502 [DEBUG] Relay thread has started
2026-07-29 15:42:44,507 [INFO] Connection opened
2026-07-29 15:42:44,507 [INFO] Switched to physical mode for TC: TC_ID-303 Step: PreCondition: PC_ID-038  Testcase:Read DTC with Extended session(19 02)
2026-07-29 15:42:44,508 [INFO] TC_ID-303 - PreCondition: PC_ID-038  Testcase:Read DTC with Extended session(19 02): SID=0x19, Sub=0x02, Expected=[7, 89, 2, 8, 150, 3, 0, 8]
2026-07-29 15:42:44,593 [INFO] TC_ID-303 - PreCondition: PC_ID-038  Testcase:Read DTC with Extended session(19 02): Sending 190208
2026-07-29 15:42:44,594 [INFO] TC_ID-303 - PreCondition: PC_ID-038  Testcase:Read DTC with Extended session(19 02): Sending request 190208
2026-07-29 15:42:44,595 [DEBUG] Sending 3 bytes : [190208]
2026-07-29 15:42:44,596 [DEBUG] Enqueuing a SendRequest for 3 bytes and TAT=Physical
2026-07-29 15:42:44,598 [DEBUG] Tx: <7A6> (08) [ ]	 0319020800000000
2026-07-29 15:42:44,599 [DEBUG] We've been asked to write a message to the bus
2026-07-29 15:42:44,600 [DEBUG] sending: Timestamp:        0.000000    ID:      7a6    S Rx       BS       DL:  8    03 19 02 08 00 00 00 00
2026-07-29 15:42:44,611 [DEBUG] Stopping CanStack
2026-07-29 15:42:44,612 [DEBUG] Rx: <7AE> (08) [p]	 03590200aaaaaaaa
2026-07-29 15:42:44,614 [DEBUG] Main thread is exiting
2026-07-29 15:42:44,661 [DEBUG] CanStack Stopped
2026-07-29 15:42:44,662 [INFO] Connection closed
2026-07-29 15:42:44,663 [INFO] Running Test Case: PC_ID-039
2026-07-29 15:42:44,664 [DEBUG] Starting CanStack
2026-07-29 15:42:44,667 [DEBUG] Main thread has started
2026-07-29 15:42:44,668 [DEBUG] Relay thread has started
2026-07-29 15:42:44,670 [INFO] Connection opened
2026-07-29 15:42:44,671 [INFO] Switched to physical mode for TC: PC_ID-039 Step: Start Extended session(10 03)
2026-07-29 15:42:44,672 [INFO] PC_ID-039 - Start Extended session(10 03): SID=0x10, Sub=0x03, Expected=[6, 80, 3, 0, 50, 1, 244, 170]
2026-07-29 15:42:44,750 [INFO] PC_ID-039 - Start Extended session(10 03): Sending 1003
2026-07-29 15:42:44,804 [INFO] PC_ID-039 - Start Extended session(10 03): Sending request 1003
2026-07-29 15:42:44,805 [DEBUG] Sending 2 bytes : [1003]
2026-07-29 15:42:44,806 [DEBUG] Enqueuing a SendRequest for 2 bytes and TAT=Physical
2026-07-29 15:42:44,808 [DEBUG] Tx: <7A6> (08) [ ]	 0210030000000000
2026-07-29 15:42:44,809 [DEBUG] We've been asked to write a message to the bus
2026-07-29 15:42:44,811 [DEBUG] sending: Timestamp:        0.000000    ID:      7a6    S Rx       BS       DL:  8    02 10 03 00 00 00 00 00
2026-07-29 15:42:44,819 [INFO] PC_ID-039 - Received: 5003003201F4
2026-07-29 15:42:44,823 [WARNING] PC_ID-039 - Start Extended session(10 03) -> FAIL - Unexpected response
2026-07-29 15:42:44,824 [DEBUG] Rx: <7AE> (08) [p]	 065003003201f4aa
2026-07-29 15:42:44,825 [DEBUG] Stopping CanStack
2026-07-29 15:42:44,828 [DEBUG] Main thread is exiting
2026-07-29 15:42:44,874 [DEBUG] CanStack Stopped
2026-07-29 15:42:44,875 [INFO] Connection closed
2026-07-29 15:42:44,875 [INFO] Running Test Case: TC_ID-304
2026-07-29 15:42:44,876 [DEBUG] Starting CanStack
2026-07-29 15:42:44,877 [DEBUG] Main thread has started
2026-07-29 15:42:44,878 [DEBUG] Relay thread has started
2026-07-29 15:42:44,879 [INFO] Connection opened
2026-07-29 15:42:44,879 [INFO] Switched to physical mode for TC: TC_ID-304 Step: PreCondition: PC_ID-039  Testcase:Incorrect message length(10 03 01)
2026-07-29 15:42:44,880 [INFO] TC_ID-304 - PreCondition: PC_ID-039  Testcase:Incorrect message length(10 03 01): SID=0x10, Sub=0x0301, Expected=[3, 127, 16, 19, 170, 170, 170, 170]
2026-07-29 15:42:44,966 [INFO] TC_ID-304 - PreCondition: PC_ID-039  Testcase:Incorrect message length(10 03 01): Sending 100301
2026-07-29 15:42:45,024 [INFO] TC_ID-304 - PreCondition: PC_ID-039  Testcase:Incorrect message length(10 03 01): Sending request 100301
2026-07-29 15:42:45,025 [DEBUG] Sending 3 bytes : [100301]
2026-07-29 15:42:45,026 [DEBUG] Enqueuing a SendRequest for 3 bytes and TAT=Physical
2026-07-29 15:42:45,027 [DEBUG] Tx: <7A6> (08) [ ]	 0310030100000000
2026-07-29 15:42:45,028 [DEBUG] We've been asked to write a message to the bus
2026-07-29 15:42:45,028 [DEBUG] sending: Timestamp:        0.000000    ID:      7a6    S Rx       BS       DL:  8    03 10 03 01 00 00 00 00
2026-07-29 15:42:45,038 [DEBUG] Rx: <7AE> (08) [p]	 037f1013aaaaaaaa
2026-07-29 15:42:45,039 [INFO] TC_ID-304 - Received: 7F1013
2026-07-29 15:42:45,040 [WARNING] TC_ID-304 - PreCondition: PC_ID-039  Testcase:Incorrect message length(10 03 01) -> FAIL - Unexpected response
2026-07-29 15:42:45,041 [DEBUG] Stopping CanStack
2026-07-29 15:42:45,042 [DEBUG] Main thread is exiting
2026-07-29 15:42:45,090 [DEBUG] CanStack Stopped
2026-07-29 15:42:45,091 [INFO] Connection closed
2026-07-29 15:42:45,092 [INFO] Running Test Case: TC_ID-305
2026-07-29 15:42:45,092 [DEBUG] Starting CanStack
2026-07-29 15:42:45,094 [DEBUG] Main thread has started
2026-07-29 15:42:45,095 [DEBUG] Relay thread has started
2026-07-29 15:42:45,097 [INFO] Connection opened
2026-07-29 15:42:45,098 [INFO] Switched to physical mode for TC: TC_ID-305 Step: PreCondition: PC_ID-039  Testcase:Incorrect message length(22F18701)
2026-07-29 15:42:45,100 [INFO] TC_ID-305 - PreCondition: PC_ID-039  Testcase:Incorrect message length(22F18701): SID=0x22, Sub=0xF18701, Expected=[3, 127, 34, 19, 170, 170, 170, 170]
2026-07-29 15:42:45,183 [INFO] TC_ID-305 - PreCondition: PC_ID-039  Testcase:Incorrect message length(22F18701): Sending request 22F18701
2026-07-29 15:42:45,184 [INFO] TC_ID-305 - PreCondition: PC_ID-039  Testcase:Incorrect message length(22F18701): Sending request 22F18701
2026-07-29 15:42:45,185 [DEBUG] Sending 4 bytes : [22f18701]
2026-07-29 15:42:45,187 [DEBUG] Enqueuing a SendRequest for 4 bytes and TAT=Physical
2026-07-29 15:42:45,188 [DEBUG] Tx: <7A6> (08) [ ]	 0422f18701000000
2026-07-29 15:42:45,190 [DEBUG] We've been asked to write a message to the bus
2026-07-29 15:42:45,191 [DEBUG] sending: Timestamp:        0.000000    ID:      7a6    S Rx       BS       DL:  8    04 22 f1 87 01 00 00 00
2026-07-29 15:42:45,203 [DEBUG] Rx: <7AE> (08) [p]	 037f2213aaaaaaaa
2026-07-29 15:42:45,250 [INFO] TC_ID-305 - Received: 7F2213
2026-07-29 15:42:45,251 [WARNING] TC_ID-305 - PreCondition: PC_ID-039  Testcase:Incorrect message length(22F18701) -> ❌ FAIL - Expected 037F2213AAAAAAAA
2026-07-29 15:42:45,251 [DEBUG] Stopping CanStack
2026-07-29 15:42:45,252 [DEBUG] Main thread is exiting
2026-07-29 15:42:45,253 [DEBUG] CanStack Stopped
2026-07-29 15:42:45,254 [INFO] Connection closed
2026-07-29 15:42:45,255 [INFO] Running Test Case: TC_ID-306
2026-07-29 15:42:45,255 [DEBUG] Starting CanStack
2026-07-29 15:42:45,256 [DEBUG] Main thread has started
2026-07-29 15:42:45,257 [DEBUG] Relay thread has started
2026-07-29 15:42:45,258 [INFO] Connection opened
2026-07-29 15:42:45,259 [INFO] Switched to physical mode for TC: TC_ID-306 Step: PreCondition: PC_ID-039  Testcase:Incorrect message length(22F19703)
2026-07-29 15:42:45,260 [INFO] TC_ID-306 - PreCondition: PC_ID-039  Testcase:Incorrect message length(22F19703): SID=0x22, Sub=0xF19703, Expected=[3, 127, 34, 19, 170, 170, 170, 170]
2026-07-29 15:42:45,347 [INFO] TC_ID-306 - PreCondition: PC_ID-039  Testcase:Incorrect message length(22F19703): Sending request 22F19703
2026-07-29 15:42:45,348 [INFO] TC_ID-306 - PreCondition: PC_ID-039  Testcase:Incorrect message length(22F19703): Sending request 22F19703
2026-07-29 15:42:45,349 [DEBUG] Sending 4 bytes : [22f19703]
2026-07-29 15:42:45,350 [DEBUG] Enqueuing a SendRequest for 4 bytes and TAT=Physical
2026-07-29 15:42:45,352 [DEBUG] Tx: <7A6> (08) [ ]	 0422f19703000000
2026-07-29 15:42:45,353 [DEBUG] We've been asked to write a message to the bus
2026-07-29 15:42:45,354 [DEBUG] sending: Timestamp:        0.000000    ID:      7a6    S Rx       BS       DL:  8    04 22 f1 97 03 00 00 00
2026-07-29 15:42:45,369 [DEBUG] Rx: <7AE> (08) [p]	 037f2213aaaaaaaa
2026-07-29 15:42:45,419 [INFO] TC_ID-306 - Received: 7F2213
2026-07-29 15:42:45,420 [WARNING] TC_ID-306 - PreCondition: PC_ID-039  Testcase:Incorrect message length(22F19703) -> ❌ FAIL - Expected 037F2213AAAAAAAA
2026-07-29 15:42:45,420 [DEBUG] Stopping CanStack
2026-07-29 15:42:45,421 [DEBUG] Main thread is exiting
2026-07-29 15:42:45,470 [DEBUG] CanStack Stopped
2026-07-29 15:42:45,471 [INFO] Connection closed
2026-07-29 15:42:45,471 [INFO] Running Test Case: TC_ID-307
2026-07-29 15:42:45,472 [DEBUG] Starting CanStack
2026-07-29 15:42:45,474 [DEBUG] Main thread has started
2026-07-29 15:42:45,476 [DEBUG] Relay thread has started
2026-07-29 15:42:45,478 [INFO] Connection opened
2026-07-29 15:42:45,479 [INFO] Switched to physical mode for TC: TC_ID-307 Step: PreCondition: PC_ID-039  Testcase:Incorrect message length(22F1A101)
2026-07-29 15:42:45,480 [INFO] TC_ID-307 - PreCondition: PC_ID-039  Testcase:Incorrect message length(22F1A101): SID=0x22, Sub=0xF1A101, Expected=[3, 127, 34, 19, 170, 170, 170, 170]
2026-07-29 15:42:45,570 [INFO] TC_ID-307 - PreCondition: PC_ID-039  Testcase:Incorrect message length(22F1A101): Sending request 22F1A101
2026-07-29 15:42:45,571 [INFO] TC_ID-307 - PreCondition: PC_ID-039  Testcase:Incorrect message length(22F1A101): Sending request 22F1A101
2026-07-29 15:42:45,572 [DEBUG] Sending 4 bytes : [22f1a101]
2026-07-29 15:42:45,573 [DEBUG] Enqueuing a SendRequest for 4 bytes and TAT=Physical
2026-07-29 15:42:45,575 [DEBUG] Tx: <7A6> (08) [ ]	 0422f1a101000000
2026-07-29 15:42:45,576 [DEBUG] We've been asked to write a message to the bus
2026-07-29 15:42:45,577 [DEBUG] sending: Timestamp:        0.000000    ID:      7a6    S Rx       BS       DL:  8    04 22 f1 a1 01 00 00 00
2026-07-29 15:42:45,600 [DEBUG] Rx: <7AE> (08) [p]	 037f2213aaaaaaaa
2026-07-29 15:42:45,651 [INFO] TC_ID-307 - Received: 7F2213
2026-07-29 15:42:45,652 [WARNING] TC_ID-307 - PreCondition: PC_ID-039  Testcase:Incorrect message length(22F1A101) -> ❌ FAIL - Expected 037F2213AAAAAAAA
2026-07-29 15:42:45,653 [DEBUG] Stopping CanStack
2026-07-29 15:42:45,655 [DEBUG] Main thread is exiting
2026-07-29 15:42:45,701 [DEBUG] CanStack Stopped
2026-07-29 15:42:45,702 [INFO] Connection closed
2026-07-29 15:42:45,703 [INFO] Running Test Case: TC_ID-308
2026-07-29 15:42:45,703 [DEBUG] Starting CanStack
2026-07-29 15:42:45,705 [DEBUG] Main thread has started
2026-07-29 15:42:45,706 [DEBUG] Relay thread has started
2026-07-29 15:42:45,708 [INFO] Connection opened
2026-07-29 15:42:45,709 [INFO] Switched to physical mode for TC: TC_ID-308 Step: PreCondition: PC_ID-039  Testcase:Incorrect message length(22F1B104)
2026-07-29 15:42:45,709 [INFO] TC_ID-308 - PreCondition: PC_ID-039  Testcase:Incorrect message length(22F1B104): SID=0x22, Sub=0xF1B104, Expected=[3, 127, 34, 19, 170, 170, 170, 170]
2026-07-29 15:42:45,793 [INFO] TC_ID-308 - PreCondition: PC_ID-039  Testcase:Incorrect message length(22F1B104): Sending request 22F1B104
2026-07-29 15:42:45,794 [INFO] TC_ID-308 - PreCondition: PC_ID-039  Testcase:Incorrect message length(22F1B104): Sending request 22F1B104
2026-07-29 15:42:45,795 [DEBUG] Sending 4 bytes : [22f1b104]
2026-07-29 15:42:45,796 [DEBUG] Enqueuing a SendRequest for 4 bytes and TAT=Physical
2026-07-29 15:42:45,798 [DEBUG] Tx: <7A6> (08) [ ]	 0422f1b104000000
2026-07-29 15:42:45,799 [DEBUG] We've been asked to write a message to the bus
2026-07-29 15:42:45,800 [DEBUG] sending: Timestamp:        0.000000    ID:      7a6    S Rx       BS       DL:  8    04 22 f1 b1 04 00 00 00
2026-07-29 15:42:45,812 [DEBUG] Rx: <7AE> (08) [p]	 037f2213aaaaaaaa
2026-07-29 15:42:45,863 [INFO] TC_ID-308 - Received: 7F2213
2026-07-29 15:42:45,864 [WARNING] TC_ID-308 - PreCondition: PC_ID-039  Testcase:Incorrect message length(22F1B104) -> ❌ FAIL - Expected 037F2213AAAAAAAA
2026-07-29 15:42:45,865 [DEBUG] Stopping CanStack
2026-07-29 15:42:45,866 [DEBUG] Main thread is exiting
2026-07-29 15:42:45,912 [DEBUG] CanStack Stopped
2026-07-29 15:42:45,913 [INFO] Connection closed
2026-07-29 15:42:45,914 [INFO] Running Test Case: TC_ID-309
2026-07-29 15:42:45,915 [DEBUG] Starting CanStack
2026-07-29 15:42:45,916 [DEBUG] Main thread has started
2026-07-29 15:42:45,917 [DEBUG] Relay thread has started
2026-07-29 15:42:45,919 [INFO] Connection opened
2026-07-29 15:42:45,920 [INFO] Switched to physical mode for TC: TC_ID-309 Step: PreCondition: PC_ID-039  Testcase:Incorrect message length(22F13101)
2026-07-29 15:42:45,921 [INFO] TC_ID-309 - PreCondition: PC_ID-039  Testcase:Incorrect message length(22F13101): SID=0x22, Sub=0xF13101, Expected=[3, 127, 34, 19, 170, 170, 170, 170]
2026-07-29 15:42:46,010 [INFO] TC_ID-309 - PreCondition: PC_ID-039  Testcase:Incorrect message length(22F13101): Sending request 22F13101
2026-07-29 15:42:46,011 [INFO] TC_ID-309 - PreCondition: PC_ID-039  Testcase:Incorrect message length(22F13101): Sending request 22F13101
2026-07-29 15:42:46,012 [DEBUG] Sending 4 bytes : [22f13101]
2026-07-29 15:42:46,014 [DEBUG] Enqueuing a SendRequest for 4 bytes and TAT=Physical
2026-07-29 15:42:46,016 [DEBUG] Tx: <7A6> (08) [ ]	 0422f13101000000
2026-07-29 15:42:46,018 [DEBUG] We've been asked to write a message to the bus
2026-07-29 15:42:46,019 [DEBUG] sending: Timestamp:        0.000000    ID:      7a6    S Rx       BS       DL:  8    04 22 f1 31 01 00 00 00
2026-07-29 15:42:46,030 [DEBUG] Rx: <7AE> (08) [p]	 037f2213aaaaaaaa
2026-07-29 15:42:46,079 [INFO] TC_ID-309 - Received: 7F2213
2026-07-29 15:42:46,080 [WARNING] TC_ID-309 - PreCondition: PC_ID-039  Testcase:Incorrect message length(22F13101) -> ❌ FAIL - Expected 037F2213AAAAAAAA
2026-07-29 15:42:46,081 [DEBUG] Stopping CanStack
2026-07-29 15:42:46,082 [DEBUG] Main thread is exiting
2026-07-29 15:42:46,131 [DEBUG] CanStack Stopped
2026-07-29 15:42:46,132 [INFO] Connection closed
2026-07-29 15:42:46,132 [INFO] Running Test Case: TC_ID-310
2026-07-29 15:42:46,133 [DEBUG] Starting CanStack
2026-07-29 15:42:46,134 [DEBUG] Main thread has started
2026-07-29 15:42:46,135 [DEBUG] Relay thread has started
2026-07-29 15:42:46,137 [INFO] Connection opened
2026-07-29 15:42:46,138 [INFO] Switched to physical mode for TC: TC_ID-310 Step: PreCondition: PC_ID-039  Testcase:Incorrect message length(22F1C101)
2026-07-29 15:42:46,140 [INFO] TC_ID-310 - PreCondition: PC_ID-039  Testcase:Incorrect message length(22F1C101): SID=0x22, Sub=0xF1C101, Expected=[3, 127, 34, 19, 170, 170, 170, 170]
2026-07-29 15:42:46,227 [INFO] TC_ID-310 - PreCondition: PC_ID-039  Testcase:Incorrect message length(22F1C101): Sending request 22F1C101
2026-07-29 15:42:46,229 [INFO] TC_ID-310 - PreCondition: PC_ID-039  Testcase:Incorrect message length(22F1C101): Sending request 22F1C101
2026-07-29 15:42:46,230 [DEBUG] Sending 4 bytes : [22f1c101]
2026-07-29 15:42:46,232 [DEBUG] Enqueuing a SendRequest for 4 bytes and TAT=Physical
2026-07-29 15:42:46,234 [DEBUG] Tx: <7A6> (08) [ ]	 0422f1c101000000
2026-07-29 15:42:46,235 [DEBUG] We've been asked to write a message to the bus
2026-07-29 15:42:46,236 [DEBUG] sending: Timestamp:        0.000000    ID:      7a6    S Rx       BS       DL:  8    04 22 f1 c1 01 00 00 00
2026-07-29 15:42:46,250 [DEBUG] Rx: <7AE> (08) [p]	 037f2213aaaaaaaa
2026-07-29 15:42:46,299 [INFO] TC_ID-310 - Received: 7F2213
2026-07-29 15:42:46,300 [WARNING] TC_ID-310 - PreCondition: PC_ID-039  Testcase:Incorrect message length(22F1C101) -> ❌ FAIL - Expected 037F2213AAAAAAAA
2026-07-29 15:42:46,300 [DEBUG] Stopping CanStack
2026-07-29 15:42:46,301 [DEBUG] Main thread is exiting
2026-07-29 15:42:46,351 [DEBUG] CanStack Stopped
2026-07-29 15:42:46,352 [INFO] Connection closed
2026-07-29 15:42:46,352 [INFO] Running Test Case: TC_ID-311
2026-07-29 15:42:46,353 [DEBUG] Starting CanStack
2026-07-29 15:42:46,355 [DEBUG] Main thread has started
2026-07-29 15:42:46,356 [DEBUG] Relay thread has started
2026-07-29 15:42:46,359 [INFO] Connection opened
2026-07-29 15:42:46,360 [INFO] Switched to physical mode for TC: TC_ID-311 Step: PreCondition: PC_ID-039  Testcase:Read DTC with Extended session(19 02)
2026-07-29 15:42:46,362 [INFO] TC_ID-311 - PreCondition: PC_ID-039  Testcase:Read DTC with Extended session(19 02): SID=0x19, Sub=0x02, Expected=[7, 89, 2, 8, 150, 3, 0, 8]
2026-07-29 15:42:46,451 [INFO] TC_ID-311 - PreCondition: PC_ID-039  Testcase:Read DTC with Extended session(19 02): Sending 190208
2026-07-29 15:42:46,452 [INFO] TC_ID-311 - PreCondition: PC_ID-039  Testcase:Read DTC with Extended session(19 02): Sending request 190208
2026-07-29 15:42:46,453 [DEBUG] Sending 3 bytes : [190208]
2026-07-29 15:42:46,454 [DEBUG] Enqueuing a SendRequest for 3 bytes and TAT=Physical
2026-07-29 15:42:46,457 [DEBUG] Tx: <7A6> (08) [ ]	 0319020800000000
2026-07-29 15:42:46,458 [DEBUG] We've been asked to write a message to the bus
2026-07-29 15:42:46,459 [DEBUG] sending: Timestamp:        0.000000    ID:      7a6    S Rx       BS       DL:  8    03 19 02 08 00 00 00 00
2026-07-29 15:42:46,469 [DEBUG] Stopping CanStack
2026-07-29 15:42:46,472 [DEBUG] Rx: <7AE> (08) [p]	 03590200aaaaaaaa
2026-07-29 15:42:46,474 [DEBUG] Main thread is exiting
2026-07-29 15:42:46,522 [DEBUG] CanStack Stopped
2026-07-29 15:42:46,523 [INFO] Connection closed
2026-07-29 15:42:46,524 [INFO] Running Test Case: PC_ID-040
2026-07-29 15:42:46,524 [DEBUG] Starting CanStack
2026-07-29 15:42:46,525 [DEBUG] Main thread has started
2026-07-29 15:42:46,526 [DEBUG] Relay thread has started
2026-07-29 15:42:46,527 [INFO] Connection opened
2026-07-29 15:42:46,528 [INFO] Switched to physical mode for TC: PC_ID-040 Step: Seed Request
2026-07-29 15:42:46,529 [INFO] PC_ID-040 - Seed Request: SID=0x27, Sub=0x11, Expected=[16, 10, 103, 17, 167, 14, 132, 124, 156, 192, 57, 101]
2026-07-29 15:42:46,587 [INFO] PC_ID-040 - Seed Request: Sending request 2711
2026-07-29 15:42:46,589 [DEBUG] Sending 2 bytes : [2711]
2026-07-29 15:42:46,590 [DEBUG] Enqueuing a SendRequest for 2 bytes and TAT=Physical
2026-07-29 15:42:46,592 [DEBUG] Tx: <7A6> (08) [ ]	 0227110000000000
2026-07-29 15:42:46,593 [DEBUG] We've been asked to write a message to the bus
2026-07-29 15:42:46,594 [DEBUG] sending: Timestamp:        0.000000    ID:      7a6    S Rx       BS       DL:  8    02 27 11 00 00 00 00 00
2026-07-29 15:42:46,610 [DEBUG] We've been asked to write a message to the bus
2026-07-29 15:42:46,611 [DEBUG] Rx: <7AE> (08) [p]	 100a6711c47e10fb
2026-07-29 15:42:46,613 [DEBUG] sending: Timestamp:        0.000000    ID:      7a6    S Rx       BS       DL:  8    30 08 0a 00 00 00 00 00
2026-07-29 15:42:46,615 [DEBUG] Tx: <7A6> (08) [ ]	 30080a0000000000
2026-07-29 15:42:46,617 [DEBUG] We've been asked to write a message to the bus
2026-07-29 15:42:46,619 [DEBUG] sending: Timestamp:        0.000000    ID:      7a6    S Rx       BS       DL:  8    30 08 0a 00 00 00 00 00
2026-07-29 15:42:46,621 [DEBUG] TxState=IDLE - RxState=WAIT_CF
2026-07-29 15:42:46,641 [DEBUG] PC_ID-040 Seed Request -> Received payload: [103, 17, 196, 126, 16, 251, 50, 159, 160, 163]
2026-07-29 15:42:46,644 [INFO] Received Seed (subfunc 0x11): c47e10fb329fa0a3
2026-07-29 15:42:46,646 [DEBUG] Rx: <7AE> (08) [p]	 21329fa0a3aaaaaa
2026-07-29 15:42:46,698 [DEBUG] TxState=IDLE - RxState=IDLE
2026-07-29 15:42:47,145 [INFO] Attempt 1: Sending seed to PC...
2026-07-29 15:42:47,185 [INFO] Received Key (for subfunc 0x12): b'~qB\x1dU\x86\xd7\x9f'
2026-07-29 15:42:47,186 [DEBUG] Stopping CanStack
2026-07-29 15:42:47,187 [DEBUG] Main thread is exiting
2026-07-29 15:42:47,196 [DEBUG] CanStack Stopped
2026-07-29 15:42:47,196 [INFO] Connection closed
2026-07-29 15:42:47,197 [INFO] Running Test Case: TC_ID-312
2026-07-29 15:42:47,199 [DEBUG] Starting CanStack
2026-07-29 15:42:47,201 [DEBUG] Main thread has started
2026-07-29 15:42:47,203 [DEBUG] Relay thread has started
2026-07-29 15:42:47,206 [INFO] Connection opened
2026-07-29 15:42:47,209 [INFO] Switched to physical mode for TC: TC_ID-312 Step: PreCondition: PC_ID-040  Testcase:Exceed number of attempts
2026-07-29 15:42:47,212 [INFO] TC_ID-312 - PreCondition: PC_ID-040  Testcase:Exceed number of attempts: SID=0x27, Sub=0x12, Expected=[3, 127, 39, 54, 170, 170, 170, 170]
2026-07-29 15:42:47,312 [INFO] TC_ID-312 - PreCondition: PC_ID-040  Testcase:Exceed number of attempts: Sending request 27127E71421D5586D79F
2026-07-29 15:42:47,313 [DEBUG] Sending 10 bytes : [27127e71421d5586d79f]
2026-07-29 15:42:47,315 [DEBUG] Enqueuing a SendRequest for 10 bytes and TAT=Physical
2026-07-29 15:42:47,317 [DEBUG] Tx: <7A6> (08) [ ]	 100a27127e71421d
2026-07-29 15:42:47,318 [DEBUG] We've been asked to write a message to the bus
2026-07-29 15:42:47,319 [DEBUG] sending: Timestamp:        0.000000    ID:      7a6    S Rx       BS       DL:  8    10 0a 27 12 7e 71 42 1d
2026-07-29 15:42:47,321 [DEBUG] TxState=WAIT_FC - RxState=IDLE
2026-07-29 15:42:47,327 [DEBUG] Rx: <7AE> (08) [p]	 30080aaaaaaaaaaa
2026-07-29 15:42:47,332 [DEBUG] TxState=TRANSMIT_CF - RxState=IDLE
2026-07-29 15:42:47,343 [DEBUG] Tx: <7A6> (08) [ ]	 215586d79f000000
2026-07-29 15:42:47,345 [DEBUG] We've been asked to write a message to the bus
2026-07-29 15:42:47,346 [DEBUG] sending: Timestamp:        0.000000    ID:      7a6    S Rx       BS       DL:  8    21 55 86 d7 9f 00 00 00
2026-07-29 15:42:47,348 [DEBUG] TxState=IDLE - RxState=IDLE
2026-07-29 15:42:47,361 [DEBUG] Rx: <7AE> (08) [p]	 037f2735aaaaaaaa
2026-07-29 15:42:47,362 [DEBUG] TC_ID-312 PreCondition: PC_ID-040  Testcase:Exceed number of attempts -> Received payload: [127, 39, 53]
2026-07-29 15:42:47,364 [WARNING] TC_ID-312 PreCondition: PC_ID-040  Testcase:Exceed number of attempts -> FAIL - NRC (key): [127, 39, 53]
2026-07-29 15:42:47,366 [DEBUG] Stopping CanStack
2026-07-29 15:42:47,367 [DEBUG] Main thread is exiting
2026-07-29 15:42:47,411 [DEBUG] CanStack Stopped
2026-07-29 15:42:47,412 [INFO] Connection closed
2026-07-29 15:42:47,413 [ERROR] ----------------------------------TC_ID-312 PreCondition: PC_ID-040  Testcase:Exceed number of attempts -> EXCEPTION - NRC (key): [127, 39, 53]----------------------------------
2026-07-29 15:42:47,413 [INFO] Running Test Case: PC_ID-041
2026-07-29 15:42:47,414 [DEBUG] Starting CanStack
2026-07-29 15:42:47,415 [DEBUG] Main thread has started
2026-07-29 15:42:47,416 [DEBUG] Relay thread has started
2026-07-29 15:42:47,417 [INFO] Connection opened
2026-07-29 15:42:47,418 [INFO] Switched to physical mode for TC: PC_ID-041 Step: Seed Request
2026-07-29 15:42:47,418 [INFO] PC_ID-041 - Seed Request: SID=0x27, Sub=0x11, Expected=[16, 10, 103, 17, 167, 14, 132, 124, 156, 192, 57, 101]
2026-07-29 15:42:47,473 [INFO] PC_ID-041 - Seed Request: Sending request 2711
2026-07-29 15:42:47,475 [DEBUG] Sending 2 bytes : [2711]
2026-07-29 15:42:47,476 [DEBUG] Enqueuing a SendRequest for 2 bytes and TAT=Physical
2026-07-29 15:42:47,478 [DEBUG] Tx: <7A6> (08) [ ]	 0227110000000000
2026-07-29 15:42:47,479 [DEBUG] We've been asked to write a message to the bus
2026-07-29 15:42:47,480 [DEBUG] sending: Timestamp:        0.000000    ID:      7a6    S Rx       BS       DL:  8    02 27 11 00 00 00 00 00
2026-07-29 15:42:47,492 [DEBUG] We've been asked to write a message to the bus
2026-07-29 15:42:47,495 [DEBUG] Rx: <7AE> (08) [p]	 100a67113595e243
2026-07-29 15:42:47,496 [DEBUG] sending: Timestamp:        0.000000    ID:      7a6    S Rx       BS       DL:  8    30 08 0a 00 00 00 00 00
2026-07-29 15:42:47,498 [DEBUG] Tx: <7A6> (08) [ ]	 30080a0000000000
2026-07-29 15:42:47,500 [DEBUG] We've been asked to write a message to the bus
2026-07-29 15:42:47,502 [DEBUG] sending: Timestamp:        0.000000    ID:      7a6    S Rx       BS       DL:  8    30 08 0a 00 00 00 00 00
2026-07-29 15:42:47,504 [DEBUG] TxState=IDLE - RxState=WAIT_CF
2026-07-29 15:42:47,523 [DEBUG] PC_ID-041 Seed Request -> Received payload: [103, 17, 53, 149, 226, 67, 93, 191, 98, 3]
2026-07-29 15:42:47,524 [DEBUG] Rx: <7AE> (08) [p]	 215dbf6203aaaaaa
2026-07-29 15:42:47,524 [INFO] Received Seed (subfunc 0x11): 3595e2435dbf6203
2026-07-29 15:42:47,576 [DEBUG] TxState=IDLE - RxState=IDLE
2026-07-29 15:42:48,026 [INFO] Attempt 1: Sending seed to PC...
2026-07-29 15:42:48,054 [INFO] Received Key (for subfunc 0x12): b'\x84E\x87_5\xf3p\xd3'
2026-07-29 15:42:48,056 [DEBUG] Stopping CanStack
2026-07-29 15:42:48,058 [DEBUG] Main thread is exiting
2026-07-29 15:42:48,076 [DEBUG] CanStack Stopped
2026-07-29 15:42:48,079 [INFO] Connection closed
2026-07-29 15:42:48,080 [INFO] Running Test Case: TC_ID-313
2026-07-29 15:42:48,081 [DEBUG] Starting CanStack
2026-07-29 15:42:48,082 [DEBUG] Main thread has started
2026-07-29 15:42:48,083 [DEBUG] Relay thread has started
2026-07-29 15:42:48,084 [INFO] Connection opened
2026-07-29 15:42:48,085 [INFO] Switched to physical mode for TC: TC_ID-313 Step: PreCondition: PC_ID-041  Testcase:Required time delay
2026-07-29 15:42:48,086 [INFO] TC_ID-313 - PreCondition: PC_ID-041  Testcase:Required time delay: SID=0x27, Sub=0x12, Expected=[3, 127, 39, 55, 170, 170, 170, 170]
2026-07-29 15:42:48,162 [INFO] TC_ID-313 - PreCondition: PC_ID-041  Testcase:Required time delay: Sending request 27128445875F35F370D3
2026-07-29 15:42:48,163 [DEBUG] Sending 10 bytes : [27128445875f35f370d3]
2026-07-29 15:42:48,164 [DEBUG] Enqueuing a SendRequest for 10 bytes and TAT=Physical
2026-07-29 15:42:48,166 [DEBUG] Tx: <7A6> (08) [ ]	 100a27128445875f
2026-07-29 15:42:48,167 [DEBUG] We've been asked to write a message to the bus
2026-07-29 15:42:48,168 [DEBUG] sending: Timestamp:        0.000000    ID:      7a6    S Rx       BS       DL:  8    10 0a 27 12 84 45 87 5f
2026-07-29 15:42:48,170 [DEBUG] TxState=WAIT_FC - RxState=IDLE
2026-07-29 15:42:48,178 [DEBUG] Rx: <7AE> (08) [p]	 30080aaaaaaaaaaa
2026-07-29 15:42:48,182 [DEBUG] TxState=TRANSMIT_CF - RxState=IDLE
2026-07-29 15:42:48,192 [DEBUG] Tx: <7A6> (08) [ ]	 2135f370d3000000
2026-07-29 15:42:48,194 [DEBUG] We've been asked to write a message to the bus
2026-07-29 15:42:48,195 [DEBUG] sending: Timestamp:        0.000000    ID:      7a6    S Rx       BS       DL:  8    21 35 f3 70 d3 00 00 00
2026-07-29 15:42:48,197 [DEBUG] TxState=IDLE - RxState=IDLE
2026-07-29 15:42:48,205 [DEBUG] TC_ID-313 PreCondition: PC_ID-041  Testcase:Required time delay -> Received payload: [127, 39, 53]
2026-07-29 15:42:48,209 [WARNING] TC_ID-313 PreCondition: PC_ID-041  Testcase:Required time delay -> FAIL - NRC (key): [127, 39, 53]
2026-07-29 15:42:48,210 [DEBUG] Rx: <7AE> (08) [p]	 037f2735aaaaaaaa
2026-07-29 15:42:48,211 [DEBUG] Stopping CanStack
2026-07-29 15:42:48,212 [DEBUG] Main thread is exiting
2026-07-29 15:42:48,260 [DEBUG] CanStack Stopped
2026-07-29 15:42:48,260 [INFO] Connection closed
2026-07-29 15:42:48,261 [ERROR] ----------------------------------TC_ID-313 PreCondition: PC_ID-041  Testcase:Required time delay -> EXCEPTION - NRC (key): [127, 39, 53]----------------------------------
2026-07-29 15:42:48,262 [INFO] Running Test Case: TC_ID-314
2026-07-29 15:42:48,263 [DEBUG] Starting CanStack
2026-07-29 15:42:48,264 [DEBUG] Main thread has started
2026-07-29 15:42:48,265 [DEBUG] Relay thread has started
2026-07-29 15:42:48,266 [INFO] Connection opened
2026-07-29 15:42:48,267 [INFO] Switched to physical mode for TC: TC_ID-314 Step: PreCondition: PC_ID-041  Testcase:Request Sequence error
2026-07-29 15:42:48,267 [INFO] TC_ID-314 - PreCondition: PC_ID-041  Testcase:Request Sequence error: SID=0x27, Sub=0x12, Expected=[3, 127, 39, 36, 170, 170, 170, 170]
2026-07-29 15:42:48,344 [INFO] TC_ID-314 - PreCondition: PC_ID-041  Testcase:Request Sequence error: Sending request 27128445875F35F370D3
2026-07-29 15:42:48,345 [DEBUG] Sending 10 bytes : [27128445875f35f370d3]
2026-07-29 15:42:48,346 [DEBUG] Enqueuing a SendRequest for 10 bytes and TAT=Physical
2026-07-29 15:42:48,348 [DEBUG] Tx: <7A6> (08) [ ]	 100a27128445875f
2026-07-29 15:42:48,349 [DEBUG] We've been asked to write a message to the bus
2026-07-29 15:42:48,350 [DEBUG] sending: Timestamp:        0.000000    ID:      7a6    S Rx       BS       DL:  8    10 0a 27 12 84 45 87 5f
2026-07-29 15:42:48,352 [DEBUG] TxState=WAIT_FC - RxState=IDLE
2026-07-29 15:42:48,360 [DEBUG] Rx: <7AE> (08) [p]	 30080aaaaaaaaaaa
2026-07-29 15:42:48,363 [DEBUG] TxState=TRANSMIT_CF - RxState=IDLE
2026-07-29 15:42:48,374 [DEBUG] Tx: <7A6> (08) [ ]	 2135f370d3000000
2026-07-29 15:42:48,376 [DEBUG] We've been asked to write a message to the bus
2026-07-29 15:42:48,377 [DEBUG] sending: Timestamp:        0.000000    ID:      7a6    S Rx       BS       DL:  8    21 35 f3 70 d3 00 00 00
2026-07-29 15:42:48,378 [DEBUG] TxState=IDLE - RxState=IDLE
2026-07-29 15:42:48,387 [DEBUG] TC_ID-314 PreCondition: PC_ID-041  Testcase:Request Sequence error -> Received payload: [127, 39, 54]
2026-07-29 15:42:48,390 [WARNING] TC_ID-314 PreCondition: PC_ID-041  Testcase:Request Sequence error -> FAIL - NRC (key): [127, 39, 54]
2026-07-29 15:42:48,391 [DEBUG] Rx: <7AE> (08) [p]	 037f2736aaaaaaaa
2026-07-29 15:42:48,392 [DEBUG] Stopping CanStack
2026-07-29 15:42:48,393 [DEBUG] Main thread is exiting
2026-07-29 15:42:48,440 [DEBUG] CanStack Stopped
2026-07-29 15:42:48,441 [INFO] Connection closed
2026-07-29 15:42:48,442 [ERROR] ----------------------------------TC_ID-314 PreCondition: PC_ID-041  Testcase:Request Sequence error -> EXCEPTION - NRC (key): [127, 39, 54]----------------------------------
2026-07-29 15:42:48,443 [INFO] Running Test Case: PC_ID-042
2026-07-29 15:42:48,443 [DEBUG] Starting CanStack
2026-07-29 15:42:48,444 [DEBUG] Main thread has started
2026-07-29 15:42:48,445 [DEBUG] Relay thread has started
2026-07-29 15:42:48,446 [INFO] Connection opened
2026-07-29 15:42:48,447 [INFO] Switched to physical mode for TC: PC_ID-042 Step: Start Programming session(10 02)
2026-07-29 15:42:48,448 [INFO] PC_ID-042 - Start Programming session(10 02): SID=0x10, Sub=0x02, Expected=[6, 80, 2, 0, 50, 0, 200, 0]
2026-07-29 15:42:48,523 [INFO] PC_ID-042 - Start Programming session(10 02): Sending 1002
2026-07-29 15:42:48,578 [INFO] PC_ID-042 - Start Programming session(10 02): Sending request 1002
2026-07-29 15:42:48,579 [DEBUG] Sending 2 bytes : [1002]
2026-07-29 15:42:48,580 [DEBUG] Enqueuing a SendRequest for 2 bytes and TAT=Physical
2026-07-29 15:42:48,581 [DEBUG] Tx: <7A6> (08) [ ]	 0210020000000000
2026-07-29 15:42:48,581 [DEBUG] We've been asked to write a message to the bus
2026-07-29 15:42:48,582 [DEBUG] sending: Timestamp:        0.000000    ID:      7a6    S Rx       BS       DL:  8    02 10 02 00 00 00 00 00
2026-07-29 15:42:48,617 [INFO] PC_ID-042 - Received: 5002003200C8
2026-07-29 15:42:48,618 [DEBUG] Rx: <7AE> (08) [p]	 065002003200c800
2026-07-29 15:42:48,619 [WARNING] PC_ID-042 - Start Programming session(10 02) -> FAIL - Unexpected response
2026-07-29 15:42:48,621 [DEBUG] Stopping CanStack
2026-07-29 15:42:48,622 [DEBUG] Main thread is exiting
2026-07-29 15:42:48,669 [DEBUG] CanStack Stopped
2026-07-29 15:42:48,669 [INFO] Connection closed
2026-07-29 15:42:48,670 [INFO] Running Test Case: TC_ID-315
2026-07-29 15:42:48,671 [DEBUG] Starting CanStack
2026-07-29 15:42:48,672 [DEBUG] Main thread has started
2026-07-29 15:42:48,673 [DEBUG] Relay thread has started
2026-07-29 15:42:48,674 [INFO] Connection opened
2026-07-29 15:42:48,675 [INFO] Switched to physical mode for TC: TC_ID-315 Step: PreCondition: PC_ID-042  Testcase:Incorrect message length(10 02 01)
2026-07-29 15:42:48,676 [INFO] TC_ID-315 - PreCondition: PC_ID-042  Testcase:Incorrect message length(10 02 01): SID=0x10, Sub=0x0201, Expected=[3, 127, 16, 19, 170, 170, 170, 170]
2026-07-29 15:42:48,757 [INFO] TC_ID-315 - PreCondition: PC_ID-042  Testcase:Incorrect message length(10 02 01): Sending 100201
2026-07-29 15:42:48,813 [INFO] TC_ID-315 - PreCondition: PC_ID-042  Testcase:Incorrect message length(10 02 01): Sending request 100201
2026-07-29 15:42:48,814 [DEBUG] Sending 3 bytes : [100201]
2026-07-29 15:42:48,815 [DEBUG] Enqueuing a SendRequest for 3 bytes and TAT=Physical
2026-07-29 15:42:48,816 [DEBUG] Tx: <7A6> (08) [ ]	 0310020100000000
2026-07-29 15:42:48,816 [DEBUG] We've been asked to write a message to the bus
2026-07-29 15:42:48,817 [DEBUG] sending: Timestamp:        0.000000    ID:      7a6    S Rx       BS       DL:  8    03 10 02 01 00 00 00 00
2026-07-29 15:42:48,826 [INFO] TC_ID-315 - Received: 7F1013
2026-07-29 15:42:48,826 [DEBUG] Rx: <7AE> (08) [p]	 037f10133200c800
2026-07-29 15:42:48,828 [WARNING] TC_ID-315 - PreCondition: PC_ID-042  Testcase:Incorrect message length(10 02 01) -> FAIL - Unexpected response
2026-07-29 15:42:48,829 [DEBUG] Stopping CanStack
2026-07-29 15:42:48,829 [DEBUG] Main thread is exiting
2026-07-29 15:42:48,876 [DEBUG] CanStack Stopped
2026-07-29 15:42:48,877 [INFO] Connection closed
2026-07-29 15:42:48,878 [INFO] Running Test Case: TC_ID-316
2026-07-29 15:42:48,878 [DEBUG] Starting CanStack
2026-07-29 15:42:48,880 [DEBUG] Main thread has started
2026-07-29 15:42:48,881 [DEBUG] Relay thread has started
2026-07-29 15:42:48,884 [INFO] Connection opened
2026-07-29 15:42:48,885 [INFO] Switched to physical mode for TC: TC_ID-316 Step: PreCondition: PC_ID-042  Testcase:Read DTC with Extended session(19 02)
2026-07-29 15:42:48,886 [INFO] TC_ID-316 - PreCondition: PC_ID-042  Testcase:Read DTC with Extended session(19 02): SID=0x19, Sub=0x02, Expected=[7, 89, 2, 8, 150, 3, 0, 8]
2026-07-29 15:42:48,976 [INFO] TC_ID-316 - PreCondition: PC_ID-042  Testcase:Read DTC with Extended session(19 02): Sending 190208
2026-07-29 15:42:48,976 [INFO] TC_ID-316 - PreCondition: PC_ID-042  Testcase:Read DTC with Extended session(19 02): Sending request 190208
2026-07-29 15:42:48,977 [DEBUG] Sending 3 bytes : [190208]
2026-07-29 15:42:48,979 [DEBUG] Enqueuing a SendRequest for 3 bytes and TAT=Physical
2026-07-29 15:42:48,980 [DEBUG] Tx: <7A6> (08) [ ]	 0319020800000000
2026-07-29 15:42:48,982 [DEBUG] We've been asked to write a message to the bus
2026-07-29 15:42:48,983 [DEBUG] sending: Timestamp:        0.000000    ID:      7a6    S Rx       BS       DL:  8    03 19 02 08 00 00 00 00
2026-07-29 15:42:49,130 [INFO] TC_ID-316 PreCondition: PC_ID-042  Testcase:Read DTC with Extended session(19 02) -> Waiting for response (P2=0.15s, P2*=5.0s)
2026-07-29 15:42:49,281 [DEBUG] No data received: [TimeoutException] - Did not receive IsoTP frame from the Transport layer in time (timeout=0.15 sec) 
2026-07-29 15:42:49,333 [DEBUG] Stopping CanStack
2026-07-29 15:42:49,334 [DEBUG] Main thread is exiting
2026-07-29 15:42:49,343 [DEBUG] CanStack Stopped
2026-07-29 15:42:49,347 [INFO] Connection closed
2026-07-29 15:42:49,350 [INFO] Running Test Case: PC_ID-70
2026-07-29 15:42:49,353 [DEBUG] Starting CanStack
2026-07-29 15:42:49,354 [DEBUG] Main thread has started
2026-07-29 15:42:49,355 [DEBUG] Relay thread has started
2026-07-29 15:42:49,357 [INFO] Connection opened
2026-07-29 15:42:49,357 [INFO] Switched to physical mode for TC: PC_ID-70 Step: Start Extended session(10 03)
2026-07-29 15:42:49,358 [INFO] PC_ID-70 - Start Extended session(10 03): SID=0x10, Sub=0x03, Expected=[6, 80, 3, 0, 50, 0, 200, 170]
2026-07-29 15:42:49,423 [INFO] PC_ID-70 - Start Extended session(10 03): Sending 1003
2026-07-29 15:42:49,476 [INFO] PC_ID-70 - Start Extended session(10 03): Sending request 1003
2026-07-29 15:42:49,515 [DEBUG] Sending 2 bytes : [1003]
2026-07-29 15:42:49,516 [DEBUG] Enqueuing a SendRequest for 2 bytes and TAT=Physical
2026-07-29 15:42:49,518 [DEBUG] Tx: <7A6> (08) [ ]	 0210030000000000
2026-07-29 15:42:49,520 [DEBUG] We've been asked to write a message to the bus
2026-07-29 15:42:49,521 [DEBUG] sending: Timestamp:        0.000000    ID:      7a6    S Rx       BS       DL:  8    02 10 03 00 00 00 00 00
2026-07-29 15:42:49,527 [INFO] PC_ID-70 - Received: 5003003200C8
2026-07-29 15:42:49,529 [WARNING] PC_ID-70 - Start Extended session(10 03) -> FAIL - Unexpected response
2026-07-29 15:42:49,530 [DEBUG] Rx: <7AE> (08) [p]	 065003003200c800
2026-07-29 15:42:49,531 [DEBUG] Stopping CanStack
2026-07-29 15:42:49,536 [DEBUG] Main thread is exiting
2026-07-29 15:42:49,580 [DEBUG] CanStack Stopped
2026-07-29 15:42:49,581 [INFO] Connection closed
2026-07-29 15:42:49,581 [INFO] Running Test Case: TC_ID-648
2026-07-29 15:42:49,582 [DEBUG] Starting CanStack
2026-07-29 15:42:49,583 [DEBUG] Main thread has started
2026-07-29 15:42:49,584 [DEBUG] Relay thread has started
2026-07-29 15:42:49,585 [INFO] Connection opened
2026-07-29 15:42:49,586 [INFO] Switched to physical mode for TC: TC_ID-648 Step: PreCondition: PC_ID-70  Testcase:Seed request in extended session(27 11)
2026-07-29 15:42:49,587 [INFO] TC_ID-648 - PreCondition: PC_ID-70  Testcase:Seed request in extended session(27 11): SID=0x27, Sub=0x11, Expected=[16, 10, 103, 17, 167, 14, 132, 124, 156, 192, 57, 101]
2026-07-29 15:42:49,671 [INFO] TC_ID-648 - PreCondition: PC_ID-70  Testcase:Seed request in extended session(27 11): Sending request 2711
2026-07-29 15:42:49,672 [DEBUG] Sending 2 bytes : [2711]
2026-07-29 15:42:49,673 [DEBUG] Enqueuing a SendRequest for 2 bytes and TAT=Physical
2026-07-29 15:42:49,676 [DEBUG] Tx: <7A6> (08) [ ]	 0227110000000000
2026-07-29 15:42:49,677 [DEBUG] We've been asked to write a message to the bus
2026-07-29 15:42:49,678 [DEBUG] sending: Timestamp:        0.000000    ID:      7a6    S Rx       BS       DL:  8    02 27 11 00 00 00 00 00
2026-07-29 15:42:49,690 [DEBUG] Rx: <7AE> (08) [p]	 100a67111e92fa37
2026-07-29 15:42:49,691 [DEBUG] We've been asked to write a message to the bus
2026-07-29 15:42:49,693 [DEBUG] Tx: <7A6> (08) [ ]	 30080a0000000000
2026-07-29 15:42:49,694 [DEBUG] sending: Timestamp:        0.000000    ID:      7a6    S Rx       BS       DL:  8    30 08 0a 00 00 00 00 00
2026-07-29 15:42:49,696 [DEBUG] We've been asked to write a message to the bus
2026-07-29 15:42:49,698 [DEBUG] sending: Timestamp:        0.000000    ID:      7a6    S Rx       BS       DL:  8    30 08 0a 00 00 00 00 00
2026-07-29 15:42:49,700 [DEBUG] TxState=IDLE - RxState=WAIT_CF
2026-07-29 15:42:49,719 [DEBUG] TC_ID-648 PreCondition: PC_ID-70  Testcase:Seed request in extended session(27 11) -> Received payload: [103, 17, 30, 146, 250, 55, 45, 138, 25, 196]
2026-07-29 15:42:49,721 [INFO] Received Seed (subfunc 0x11): 1e92fa372d8a19c4
2026-07-29 15:42:49,722 [DEBUG] Rx: <7AE> (08) [p]	 212d8a19c492fa37
2026-07-29 15:42:49,774 [DEBUG] TxState=IDLE - RxState=IDLE
2026-07-29 15:42:50,223 [INFO] Attempt 1: Sending seed to PC...
2026-07-29 15:42:50,275 [INFO] Received Key (for subfunc 0x12): b'\x98v\xde\xfd\x99]v^'
2026-07-29 15:42:50,276 [DEBUG] Stopping CanStack
2026-07-29 15:42:50,277 [DEBUG] Main thread is exiting
2026-07-29 15:42:50,326 [DEBUG] CanStack Stopped
2026-07-29 15:42:50,329 [INFO] Connection closed
2026-07-29 15:42:50,329 [INFO] Running Test Case: TC_ID-649
2026-07-29 15:42:50,330 [DEBUG] Starting CanStack
2026-07-29 15:42:50,331 [DEBUG] Main thread has started
2026-07-29 15:42:50,332 [DEBUG] Relay thread has started
2026-07-29 15:42:50,334 [INFO] Connection opened
2026-07-29 15:42:50,335 [INFO] Switched to physical mode for TC: TC_ID-649 Step: PreCondition: PC_ID-70  Testcase:Key send in extended session(27 12)
2026-07-29 15:42:50,335 [INFO] TC_ID-649 - PreCondition: PC_ID-70  Testcase:Key send in extended session(27 12): SID=0x27, Sub=0x12, Expected=[10, 103, 18, 253, 8, 178, 103, 50, 8, 135, 201]
2026-07-29 15:42:50,417 [INFO] TC_ID-649 - PreCondition: PC_ID-70  Testcase:Key send in extended session(27 12): Sending request 27129876DEFD995D765E
2026-07-29 15:42:50,418 [DEBUG] Sending 10 bytes : [27129876defd995d765e]
2026-07-29 15:42:50,419 [DEBUG] Enqueuing a SendRequest for 10 bytes and TAT=Physical
2026-07-29 15:42:50,421 [DEBUG] Tx: <7A6> (08) [ ]	 100a27129876defd
2026-07-29 15:42:50,422 [DEBUG] We've been asked to write a message to the bus
2026-07-29 15:42:50,423 [DEBUG] sending: Timestamp:        0.000000    ID:      7a6    S Rx       BS       DL:  8    10 0a 27 12 98 76 de fd
2026-07-29 15:42:50,425 [DEBUG] TxState=WAIT_FC - RxState=IDLE
2026-07-29 15:42:50,429 [DEBUG] Rx: <7AE> (08) [p]	 30080a19c492fa37
2026-07-29 15:42:50,435 [DEBUG] TxState=TRANSMIT_CF - RxState=IDLE
2026-07-29 15:42:50,447 [DEBUG] Tx: <7A6> (08) [ ]	 21995d765e000000
2026-07-29 15:42:50,448 [DEBUG] We've been asked to write a message to the bus
2026-07-29 15:42:50,449 [DEBUG] sending: Timestamp:        0.000000    ID:      7a6    S Rx       BS       DL:  8    21 99 5d 76 5e 00 00 00
2026-07-29 15:42:50,451 [DEBUG] TxState=IDLE - RxState=IDLE
2026-07-29 15:42:50,462 [DEBUG] TC_ID-649 PreCondition: PC_ID-70  Testcase:Key send in extended session(27 12) -> Received payload: [127, 39, 53]
2026-07-29 15:42:50,465 [WARNING] TC_ID-649 PreCondition: PC_ID-70  Testcase:Key send in extended session(27 12) -> FAIL - NRC (key): [127, 39, 53]
2026-07-29 15:42:50,466 [DEBUG] Rx: <7AE> (08) [p]	 037f2735c492fa37
2026-07-29 15:42:50,467 [DEBUG] Stopping CanStack
2026-07-29 15:42:50,469 [DEBUG] Main thread is exiting
2026-07-29 15:42:50,515 [DEBUG] CanStack Stopped
2026-07-29 15:42:50,516 [INFO] Connection closed
2026-07-29 15:42:50,517 [ERROR] ----------------------------------TC_ID-649 PreCondition: PC_ID-70  Testcase:Key send in extended session(27 12) -> EXCEPTION - NRC (key): [127, 39, 53]----------------------------------
2026-07-29 15:42:51,469 [ERROR] [CANLogger] Error during stop: I/O operation on closed file.
2026-07-29 15:42:51,470 [WARNING] SocketcanBus was not properly shut down
2026-07-29 15:42:51,472 [DEBUG] Closing raw can socket
2026-07-29 15:42:52,973 [INFO] ----------------------------------Log Generated!----------------------------------
2026-07-29 15:42:55,448 [INFO] ----------------------------------Report Generated----------------------------------
2026-07-29 15:42:57,449 [INFO] ----------------------------------Done-----------------------------------------------
2026-07-29 15:42:58,856 [INFO] ----------------------------------Run Test Cases-----------------------------------------------
2026-07-29 15:42:58,857 [INFO] ----------------------------------Storage OK Free: 4672 MB-----------------------------------------------
2026-07-29 15:43:00,863 [INFO] Preparing ECU and CAN/ISO-TP connections before logged run
2026-07-29 15:43:00,864 [DEBUG] Stopping CanStack
2026-07-29 15:43:00,865 [DEBUG] CanStack Stopped
2026-07-29 15:43:00,866 [INFO] Connection closed
2026-07-29 15:43:00,868 [DEBUG] Closing raw can socket
2026-07-29 15:43:00,869 [DEBUG] Closing raw can socket
2026-07-29 15:43:00,881 [DEBUG] can config: {'fd': False, 'can_filters': [{'can_id': 1966, 'can_mask': 2047, 'extended': False}], 'interface': 'socketcan', 'channel': 'can0'}
2026-07-29 15:43:00,885 [INFO] Created a socket
2026-07-29 15:43:00,887 [DEBUG] Binding socket to channel=can0
2026-07-29 15:43:00,887 [DEBUG] Bound socket.
2026-07-29 15:43:00,894 [DEBUG] can config: {'fd': False, 'can_filters': [{'can_id': 1966, 'can_mask': 2047, 'extended': False}], 'interface': 'socketcan', 'channel': 'can0'}
2026-07-29 15:43:00,896 [INFO] Created a socket
2026-07-29 15:43:00,897 [DEBUG] Binding socket to channel=can0
2026-07-29 15:43:00,898 [DEBUG] Bound socket.
2026-07-29 15:43:00,904 [DEBUG] Given rxfn is considered blocking
2026-07-29 15:43:00,908 [INFO] Execution startup settle delay: 0.250s before first testcase
2026-07-29 15:43:01,159 [INFO] Drained stale CAN frames on physical sniffer bus
2026-07-29 15:43:01,160 [INFO] Drained stale CAN frames on active sniffer bus
2026-07-29 15:43:01,161 [DEBUG] Starting CanStack
2026-07-29 15:43:01,163 [DEBUG] Main thread has started
2026-07-29 15:43:01,164 [DEBUG] Relay thread has started
2026-07-29 15:43:01,166 [INFO] Connection opened
2026-07-29 15:43:01,167 [INFO] PRE_RUN - Start default session before logged execution: Sending request 1001
2026-07-29 15:43:01,169 [DEBUG] Sending 2 bytes : [1001]
2026-07-29 15:43:01,171 [DEBUG] Enqueuing a SendRequest for 2 bytes and TAT=Physical
2026-07-29 15:43:01,176 [DEBUG] Tx: <7A6> (08) [ ]	 0210010000000000
2026-07-29 15:43:01,179 [DEBUG] We've been asked to write a message to the bus
2026-07-29 15:43:01,179 [DEBUG] sending: Timestamp:        0.000000    ID:      7a6    S Rx       BS       DL:  8    02 10 01 00 00 00 00 00
2026-07-29 15:43:01,194 [DEBUG] Rx: <7AE> (08) [p]	 065001003201f4aa
2026-07-29 15:43:01,394 [INFO] Pre-run default session response: 5001003201F4
2026-07-29 15:43:01,395 [DEBUG] Stopping CanStack
2026-07-29 15:43:01,395 [DEBUG] Main thread is exiting
2026-07-29 15:43:01,397 [DEBUG] CanStack Stopped
2026-07-29 15:43:01,398 [INFO] Connection closed
2026-07-29 15:43:01,399 [DEBUG] Stopping CanStack
2026-07-29 15:43:01,400 [DEBUG] CanStack Stopped
2026-07-29 15:43:01,401 [INFO] Connection closed
2026-07-29 15:43:01,403 [DEBUG] Closing raw can socket
2026-07-29 15:43:01,404 [DEBUG] Closing raw can socket
2026-07-29 15:43:01,415 [DEBUG] can config: {'fd': False, 'can_filters': [{'can_id': 1966, 'can_mask': 2047, 'extended': False}], 'interface': 'socketcan', 'channel': 'can0'}
2026-07-29 15:43:01,416 [INFO] Created a socket
2026-07-29 15:43:01,417 [DEBUG] Binding socket to channel=can0
2026-07-29 15:43:01,418 [DEBUG] Bound socket.
2026-07-29 15:43:01,423 [DEBUG] can config: {'fd': False, 'can_filters': [{'can_id': 1966, 'can_mask': 2047, 'extended': False}], 'interface': 'socketcan', 'channel': 'can0'}
2026-07-29 15:43:01,424 [INFO] Created a socket
2026-07-29 15:43:01,425 [DEBUG] Binding socket to channel=can0
2026-07-29 15:43:01,427 [DEBUG] Bound socket.
2026-07-29 15:43:01,431 [DEBUG] Given rxfn is considered blocking
2026-07-29 15:43:01,434 [INFO] Execution startup settle delay: 0.250s before first testcase
2026-07-29 15:43:01,685 [INFO] Drained stale CAN frames on physical sniffer bus
2026-07-29 15:43:01,686 [INFO] Drained stale CAN frames on active sniffer bus
2026-07-29 15:43:02,105 [DEBUG] can config: {'can_filters': [{'can_id': 1958, 'can_mask': 2047, 'extended': False}, {'can_id': 1966, 'can_mask': 2047, 'extended': False}, {'can_id': 0, 'can_mask': 2047, 'extended': False}, {'can_id': 1966, 'can_mask': 2047, 'extended': False}], 'fd': True, 'interface': 'socketcan', 'channel': 'can0'}
2026-07-29 15:43:02,106 [INFO] Created a socket
2026-07-29 15:43:02,107 [DEBUG] Binding socket to channel=can0
2026-07-29 15:43:02,108 [DEBUG] Bound socket.
2026-07-29 15:43:02,117 [INFO] CAN logging started: /home/mobase/Git/Raja/New_4/dist/output/can_logs/MFSW_10_20260729_154300.asc
2026-07-29 15:43:02,124 [INFO] Execution startup settle delay: 0.250s before first testcase
2026-07-29 15:43:02,378 [INFO] Drained stale CAN frames on physical sniffer bus
2026-07-29 15:43:02,379 [INFO] Drained stale CAN frames on active sniffer bus
2026-07-29 15:43:02,393 [INFO] Running Test Case: ECU_INFO-6
2026-07-29 15:43:02,397 [INFO] Final CAN drain completed before first testcase ECU_INFO-6
2026-07-29 15:43:02,399 [DEBUG] Starting CanStack
2026-07-29 15:43:02,400 [DEBUG] Main thread has started
2026-07-29 15:43:02,401 [DEBUG] Relay thread has started
2026-07-29 15:43:02,403 [INFO] Connection opened
2026-07-29 15:43:02,404 [INFO] Switched to physical mode for TC: ECU_INFO-6 Step: S/W Version
2026-07-29 15:43:02,405 [INFO] ECU_INFO-6 - S/W Version: SID=0x22, Sub=0xF1DD, Expected=[16, 16, 98, 241, 221, 49, 48, 48, 48, 48, 0, 0, 0, 0, 0, 0, 0, 0, 170, 170, 170, 170]
2026-07-29 15:43:02,482 [INFO] ECU_INFO-6 - S/W Version: Sending request 22F1DD
2026-07-29 15:43:02,483 [INFO] ECU_INFO-6 - S/W Version: Sending request 22F1DD
2026-07-29 15:43:02,484 [DEBUG] Sending 3 bytes : [22f1dd]
2026-07-29 15:43:02,485 [DEBUG] Enqueuing a SendRequest for 3 bytes and TAT=Physical
2026-07-29 15:43:02,487 [DEBUG] Tx: <7A6> (08) [ ]	 0322f1dd00000000
2026-07-29 15:43:02,488 [DEBUG] We've been asked to write a message to the bus
2026-07-29 15:43:02,489 [DEBUG] sending: Timestamp:        0.000000    ID:      7a6    S Rx       BS       DL:  8    03 22 f1 dd 00 00 00 00
2026-07-29 15:43:02,505 [DEBUG] We've been asked to write a message to the bus
2026-07-29 15:43:02,506 [DEBUG] Rx: <7AE> (08) [p]	 101062f1dd313030
2026-07-29 15:43:02,507 [DEBUG] sending: Timestamp:        0.000000    ID:      7a6    S Rx       BS       DL:  8    30 08 0a 00 00 00 00 00
2026-07-29 15:43:02,509 [DEBUG] Tx: <7A6> (08) [ ]	 30080a0000000000
2026-07-29 15:43:02,511 [DEBUG] We've been asked to write a message to the bus
2026-07-29 15:43:02,514 [DEBUG] sending: Timestamp:        0.000000    ID:      7a6    S Rx       BS       DL:  8    30 08 0a 00 00 00 00 00
2026-07-29 15:43:02,516 [DEBUG] TxState=IDLE - RxState=WAIT_CF
2026-07-29 15:43:02,528 [DEBUG] Rx: <7AE> (08) [p]	 2130300000000000
2026-07-29 15:43:02,546 [DEBUG] Rx: <7AE> (08) [p]	 22000000aaaaaaaa
2026-07-29 15:43:02,595 [INFO] ECU_INFO-6 - Received: 62F1DD31303030300000000000000000
2026-07-29 15:43:02,597 [WARNING] ECU_INFO-6 - S/W Version -> ❌ FAIL - Expected 101062F1DD31303030300000000000000000AAAAAAAA
2026-07-29 15:43:02,598 [DEBUG] Stopping CanStack
2026-07-29 15:43:02,599 [DEBUG] TxState=IDLE - RxState=IDLE
2026-07-29 15:43:02,600 [DEBUG] Main thread is exiting
2026-07-29 15:43:02,648 [DEBUG] CanStack Stopped
2026-07-29 15:43:02,652 [INFO] Connection closed
2026-07-29 15:43:02,654 [INFO] Running Test Case: ECU_INFO-7
2026-07-29 15:43:02,656 [DEBUG] Starting CanStack
2026-07-29 15:43:02,658 [DEBUG] Main thread has started
2026-07-29 15:43:02,659 [DEBUG] Relay thread has started
2026-07-29 15:43:02,661 [INFO] Connection opened
2026-07-29 15:43:02,662 [INFO] Switched to physical mode for TC: ECU_INFO-7 Step: B-CAN Version
2026-07-29 15:43:02,663 [INFO] ECU_INFO-7 - B-CAN Version: SID=0x22, Sub=0xF100, Expected=[6, 98, 241, 0, 49, 46, 48, 170]
2026-07-29 15:43:02,718 [INFO] ECU_INFO-7 - B-CAN Version: Sending request 22F100
2026-07-29 15:43:02,719 [INFO] ECU_INFO-7 - B-CAN Version: Sending request 22F100
2026-07-29 15:43:02,720 [DEBUG] Sending 3 bytes : [22f100]
2026-07-29 15:43:02,720 [DEBUG] Enqueuing a SendRequest for 3 bytes and TAT=Physical
2026-07-29 15:43:02,722 [DEBUG] Tx: <7A6> (08) [ ]	 0322f10000000000
2026-07-29 15:43:02,724 [DEBUG] We've been asked to write a message to the bus
2026-07-29 15:43:02,725 [DEBUG] sending: Timestamp:        0.000000    ID:      7a6    S Rx       BS       DL:  8    03 22 f1 00 00 00 00 00
2026-07-29 15:43:02,738 [DEBUG] Rx: <7AE> (08) [p]	 0662f100312e30aa
2026-07-29 15:43:02,785 [INFO] ECU_INFO-7 - Received: 62F100312E30
2026-07-29 15:43:02,786 [WARNING] ECU_INFO-7 - B-CAN Version -> ❌ FAIL - Expected 0662F100312E30AA
2026-07-29 15:43:02,787 [DEBUG] Stopping CanStack
2026-07-29 15:43:02,788 [DEBUG] Main thread is exiting
2026-07-29 15:43:02,789 [DEBUG] CanStack Stopped
2026-07-29 15:43:02,789 [INFO] Connection closed
2026-07-29 15:43:02,790 [INFO] Running Test Case: ECU_INFO-8
2026-07-29 15:43:02,791 [DEBUG] Starting CanStack
2026-07-29 15:43:02,792 [DEBUG] Main thread has started
2026-07-29 15:43:02,793 [DEBUG] Relay thread has started
2026-07-29 15:43:02,794 [INFO] Connection opened
2026-07-29 15:43:02,795 [INFO] Switched to physical mode for TC: ECU_INFO-8 Step: Manufacturing Date
2026-07-29 15:43:02,795 [INFO] ECU_INFO-8 - Manufacturing Date: SID=0x22, Sub=0xF18B, Expected=[7, 98, 241, 139, 32, 37, 18, 25]
2026-07-29 15:43:02,860 [INFO] ECU_INFO-8 - Manufacturing Date: Sending request 22F18B
2026-07-29 15:43:02,861 [INFO] ECU_INFO-8 - Manufacturing Date: Sending request 22F18B
2026-07-29 15:43:02,861 [DEBUG] Sending 3 bytes : [22f18b]
2026-07-29 15:43:02,862 [DEBUG] Enqueuing a SendRequest for 3 bytes and TAT=Physical
2026-07-29 15:43:02,863 [DEBUG] Tx: <7A6> (08) [ ]	 0322f18b00000000
2026-07-29 15:43:02,864 [DEBUG] We've been asked to write a message to the bus
2026-07-29 15:43:02,864 [DEBUG] sending: Timestamp:        0.000000    ID:      7a6    S Rx       BS       DL:  8    03 22 f1 8b 00 00 00 00
2026-07-29 15:43:02,874 [DEBUG] Rx: <7AE> (08) [p]	 0762f18b20251219
2026-07-29 15:43:02,924 [INFO] ECU_INFO-8 - Received: 62F18B20251219
2026-07-29 15:43:02,925 [WARNING] ECU_INFO-8 - Manufacturing Date -> ❌ FAIL - Expected 0762F18B20251219
2026-07-29 15:43:02,927 [DEBUG] Stopping CanStack
2026-07-29 15:43:02,929 [DEBUG] Main thread is exiting
2026-07-29 15:43:02,977 [DEBUG] CanStack Stopped
2026-07-29 15:43:02,980 [INFO] Connection closed
2026-07-29 15:43:02,981 [INFO] Running Test Case: ECU_INFO-9
2026-07-29 15:43:02,981 [DEBUG] Starting CanStack
2026-07-29 15:43:02,983 [DEBUG] Main thread has started
2026-07-29 15:43:02,984 [DEBUG] Relay thread has started
2026-07-29 15:43:02,986 [INFO] Connection opened
2026-07-29 15:43:02,987 [INFO] Switched to physical mode for TC: ECU_INFO-9 Step: ECU_Serial Number
2026-07-29 15:43:02,988 [INFO] ECU_INFO-9 - ECU_Serial Number: SID=0x22, Sub=0xF18C, Expected=[16, 11, 98, 241, 140, 48, 48, 48, 48, 48, 48, 48, 49, 170, 170]
2026-07-29 15:43:03,048 [INFO] ECU_INFO-9 - ECU_Serial Number: Sending request 22F18C
2026-07-29 15:43:03,049 [INFO] ECU_INFO-9 - ECU_Serial Number: Sending request 22F18C
2026-07-29 15:43:03,050 [DEBUG] Sending 3 bytes : [22f18c]
2026-07-29 15:43:03,052 [DEBUG] Enqueuing a SendRequest for 3 bytes and TAT=Physical
2026-07-29 15:43:03,054 [DEBUG] Tx: <7A6> (08) [ ]	 0322f18c00000000
2026-07-29 15:43:03,055 [DEBUG] We've been asked to write a message to the bus
2026-07-29 15:43:03,056 [DEBUG] sending: Timestamp:        0.000000    ID:      7a6    S Rx       BS       DL:  8    03 22 f1 8c 00 00 00 00
2026-07-29 15:43:03,066 [DEBUG] We've been asked to write a message to the bus
2026-07-29 15:43:03,069 [DEBUG] sending: Timestamp:        0.000000    ID:      7a6    S Rx       BS       DL:  8    30 08 0a 00 00 00 00 00
2026-07-29 15:43:03,070 [DEBUG] Rx: <7AE> (08) [p]	 100b62f18c303030
2026-07-29 15:43:03,074 [DEBUG] Tx: <7A6> (08) [ ]	 30080a0000000000
2026-07-29 15:43:03,075 [DEBUG] We've been asked to write a message to the bus
2026-07-29 15:43:03,076 [DEBUG] sending: Timestamp:        0.000000    ID:      7a6    S Rx       BS       DL:  8    30 08 0a 00 00 00 00 00
2026-07-29 15:43:03,077 [DEBUG] TxState=IDLE - RxState=WAIT_CF
2026-07-29 15:43:03,096 [DEBUG] Rx: <7AE> (08) [p]	 213030303031aaaa
2026-07-29 15:43:03,145 [INFO] ECU_INFO-9 - Received: 62F18C3030303030303031
2026-07-29 15:43:03,146 [WARNING] ECU_INFO-9 - ECU_Serial Number -> ❌ FAIL - Expected 100B62F18C3030303030303031AAAA
2026-07-29 15:43:03,147 [DEBUG] Stopping CanStack
2026-07-29 15:43:03,148 [DEBUG] TxState=IDLE - RxState=IDLE
2026-07-29 15:43:03,148 [DEBUG] Main thread is exiting
2026-07-29 15:43:03,197 [DEBUG] CanStack Stopped
2026-07-29 15:43:03,198 [INFO] Connection closed
2026-07-29 15:43:03,198 [INFO] Running Test Case: ECU_INFO-10
2026-07-29 15:43:03,199 [DEBUG] Starting CanStack
2026-07-29 15:43:03,200 [DEBUG] Main thread has started
2026-07-29 15:43:03,201 [DEBUG] Relay thread has started
2026-07-29 15:43:03,202 [INFO] Connection opened
2026-07-29 15:43:03,203 [INFO] Switched to physical mode for TC: ECU_INFO-10 Step: H/W Version
2026-07-29 15:43:03,203 [INFO] ECU_INFO-10 - H/W Version: SID=0x22, Sub=0xF193, Expected=[7, 98, 241, 147, 49, 46, 48, 48]
2026-07-29 15:43:03,256 [INFO] ECU_INFO-10 - H/W Version: Sending request 22F193
2026-07-29 15:43:03,257 [INFO] ECU_INFO-10 - H/W Version: Sending request 22F193
2026-07-29 15:43:03,258 [DEBUG] Sending 3 bytes : [22f193]
2026-07-29 15:43:03,259 [DEBUG] Enqueuing a SendRequest for 3 bytes and TAT=Physical
2026-07-29 15:43:03,261 [DEBUG] Tx: <7A6> (08) [ ]	 0322f19300000000
2026-07-29 15:43:03,263 [DEBUG] We've been asked to write a message to the bus
2026-07-29 15:43:03,264 [DEBUG] sending: Timestamp:        0.000000    ID:      7a6    S Rx       BS       DL:  8    03 22 f1 93 00 00 00 00
2026-07-29 15:43:03,275 [DEBUG] Rx: <7AE> (08) [p]	 0762f193312e3030
2026-07-29 15:43:03,325 [INFO] ECU_INFO-10 - Received: 62F193312E3030
2026-07-29 15:43:03,326 [WARNING] ECU_INFO-10 - H/W Version -> ❌ FAIL - Expected 0762F193312E3030
2026-07-29 15:43:03,327 [DEBUG] Stopping CanStack
2026-07-29 15:43:03,328 [DEBUG] Main thread is exiting
2026-07-29 15:43:03,375 [DEBUG] CanStack Stopped
2026-07-29 15:43:03,376 [INFO] Connection closed
2026-07-29 15:43:03,377 [INFO] Running Test Case: PC_ID-029
2026-07-29 15:43:03,378 [DEBUG] Starting CanStack
2026-07-29 15:43:03,380 [DEBUG] Main thread has started
2026-07-29 15:43:03,382 [DEBUG] Relay thread has started
2026-07-29 15:43:03,384 [INFO] Connection opened
2026-07-29 15:43:03,385 [INFO] Switched to physical mode for TC: PC_ID-029 Step: Start default session
2026-07-29 15:43:03,387 [INFO] PC_ID-029 - Start default session: SID=0x10, Sub=0x01, Expected=[6, 80, 1, 0, 50, 1, 244, 170]
2026-07-29 15:43:03,452 [INFO] PC_ID-029 - Start default session: Sending 1001
2026-07-29 15:43:03,510 [INFO] PC_ID-029 - Start default session: Sending request 1001
2026-07-29 15:43:03,511 [DEBUG] Sending 2 bytes : [1001]
2026-07-29 15:43:03,512 [DEBUG] Enqueuing a SendRequest for 2 bytes and TAT=Physical
2026-07-29 15:43:03,515 [DEBUG] Tx: <7A6> (08) [ ]	 0210010000000000
2026-07-29 15:43:03,516 [DEBUG] We've been asked to write a message to the bus
2026-07-29 15:43:03,517 [DEBUG] sending: Timestamp:        0.000000    ID:      7a6    S Rx       BS       DL:  8    02 10 01 00 00 00 00 00
2026-07-29 15:43:03,525 [INFO] PC_ID-029 - Received: 5001003201F4
2026-07-29 15:43:03,529 [WARNING] PC_ID-029 - Start default session -> FAIL - Unexpected response
2026-07-29 15:43:03,530 [DEBUG] Rx: <7AE> (08) [p]	 065001003201f4aa
2026-07-29 15:43:03,531 [DEBUG] Stopping CanStack
2026-07-29 15:43:03,533 [DEBUG] Main thread is exiting
2026-07-29 15:43:03,580 [DEBUG] CanStack Stopped
2026-07-29 15:43:03,581 [INFO] Connection closed
2026-07-29 15:43:03,581 [INFO] Running Test Case: TC_ID-224
2026-07-29 15:43:03,582 [DEBUG] Starting CanStack
2026-07-29 15:43:03,583 [DEBUG] Main thread has started
2026-07-29 15:43:03,584 [DEBUG] Relay thread has started
2026-07-29 15:43:03,585 [INFO] Connection opened
2026-07-29 15:43:03,586 [INFO] Switched to physical mode for TC: TC_ID-224 Step: PreCondition: PC_ID-029  Testcase:Read DTC with default session(19 02)
2026-07-29 15:43:03,587 [INFO] TC_ID-224 - PreCondition: PC_ID-029  Testcase:Read DTC with default session(19 02): SID=0x19, Sub=0x02, Expected=[3, 89, 2, 8, 170, 170, 170, 170]
2026-07-29 15:43:03,675 [INFO] TC_ID-224 - PreCondition: PC_ID-029  Testcase:Read DTC with default session(19 02): Sending 190208
2026-07-29 15:43:03,676 [INFO] TC_ID-224 - PreCondition: PC_ID-029  Testcase:Read DTC with default session(19 02): Sending request 190208
2026-07-29 15:43:03,677 [DEBUG] Sending 3 bytes : [190208]
2026-07-29 15:43:03,678 [DEBUG] Enqueuing a SendRequest for 3 bytes and TAT=Physical
2026-07-29 15:43:03,680 [DEBUG] Tx: <7A6> (08) [ ]	 0319020800000000
2026-07-29 15:43:03,681 [DEBUG] We've been asked to write a message to the bus
2026-07-29 15:43:03,683 [DEBUG] sending: Timestamp:        0.000000    ID:      7a6    S Rx       BS       DL:  8    03 19 02 08 00 00 00 00
2026-07-29 15:43:03,695 [DEBUG] Rx: <7AE> (08) [p]	 03590200aaaaaaaa
2026-07-29 15:43:03,696 [DEBUG] Stopping CanStack
2026-07-29 15:43:03,698 [DEBUG] Main thread is exiting
2026-07-29 15:43:03,745 [DEBUG] CanStack Stopped
2026-07-29 15:43:03,746 [INFO] Connection closed
2026-07-29 15:43:03,747 [INFO] Running Test Case: TC_ID-225
2026-07-29 15:43:03,747 [DEBUG] Starting CanStack
2026-07-29 15:43:03,748 [DEBUG] Main thread has started
2026-07-29 15:43:03,749 [DEBUG] Relay thread has started
2026-07-29 15:43:03,750 [INFO] Connection opened
2026-07-29 15:43:03,751 [INFO] Switched to physical mode for TC: TC_ID-225 Step: PreCondition: PC_ID-029  Testcase:Fault memory clear Extended session(14 FFFFFF)
2026-07-29 15:43:03,751 [INFO] TC_ID-225 - PreCondition: PC_ID-029  Testcase:Fault memory clear Extended session(14 FFFFFF): SID=0x14, Sub=0xFFFFFF, Expected=[1, 84, 170, 170, 170, 170, 170, 170]
2026-07-29 15:43:03,837 [INFO] TC_ID-225 - PreCondition: PC_ID-029  Testcase:Fault memory clear Extended session(14 FFFFFF): Sending 14FFFFFF
2026-07-29 15:43:03,838 [INFO] TC_ID-225 - PreCondition: PC_ID-029  Testcase:Fault memory clear Extended session(14 FFFFFF): Sending request 14FFFFFF
2026-07-29 15:43:03,839 [DEBUG] Sending 4 bytes : [14ffffff]
2026-07-29 15:43:03,840 [DEBUG] Enqueuing a SendRequest for 4 bytes and TAT=Physical
2026-07-29 15:43:03,842 [DEBUG] Tx: <7A6> (08) [ ]	 0414ffffff000000
2026-07-29 15:43:03,844 [DEBUG] We've been asked to write a message to the bus
2026-07-29 15:43:03,845 [DEBUG] sending: Timestamp:        0.000000    ID:      7a6    S Rx       BS       DL:  8    04 14 ff ff ff 00 00 00
2026-07-29 15:43:03,856 [DEBUG] Stopping CanStack
2026-07-29 15:43:03,859 [DEBUG] Rx: <7AE> (08) [p]	 0154aaaaaaaaaaaa
2026-07-29 15:43:03,861 [DEBUG] Main thread is exiting
2026-07-29 15:43:03,909 [DEBUG] CanStack Stopped
2026-07-29 15:43:03,910 [INFO] Connection closed
2026-07-29 15:43:03,911 [INFO] Running Test Case: TC_ID-226
2026-07-29 15:43:03,911 [DEBUG] Starting CanStack
2026-07-29 15:43:03,912 [DEBUG] Main thread has started
2026-07-29 15:43:03,913 [DEBUG] Relay thread has started
2026-07-29 15:43:03,914 [INFO] Connection opened
2026-07-29 15:43:03,915 [INFO] Switched to physical mode for TC: TC_ID-226 Step: PreCondition: PC_ID-029  Testcase:- Input Output Record Local Identifier #1(Default session)
2026-07-29 15:43:03,916 [INFO] TC_ID-226 - PreCondition: PC_ID-029  Testcase:- Input Output Record Local Identifier #1(Default session): SID=0x22, Sub=0xB302, Expected=[16, 9, 98, 179, 2, 255, 255, 0, 0, 0, 147, 170, 170, 170, 170]
2026-07-29 15:43:04,013 [INFO] TC_ID-226 - PreCondition: PC_ID-029  Testcase:- Input Output Record Local Identifier #1(Default session): Sending request 22B302
2026-07-29 15:43:04,014 [INFO] TC_ID-226 - PreCondition: PC_ID-029  Testcase:- Input Output Record Local Identifier #1(Default session): Sending request 22B302
2026-07-29 15:43:04,015 [DEBUG] Sending 3 bytes : [22b302]
2026-07-29 15:43:04,016 [DEBUG] Enqueuing a SendRequest for 3 bytes and TAT=Physical
2026-07-29 15:43:04,018 [DEBUG] Tx: <7A6> (08) [ ]	 0322b30200000000
2026-07-29 15:43:04,019 [DEBUG] We've been asked to write a message to the bus
2026-07-29 15:43:04,020 [DEBUG] sending: Timestamp:        0.000000    ID:      7a6    S Rx       BS       DL:  8    03 22 b3 02 00 00 00 00
2026-07-29 15:43:04,034 [DEBUG] We've been asked to write a message to the bus
2026-07-29 15:43:04,037 [DEBUG] sending: Timestamp:        0.000000    ID:      7a6    S Rx       BS       DL:  8    30 08 0a 00 00 00 00 00
2026-07-29 15:43:04,038 [DEBUG] Rx: <7AE> (08) [p]	 100962b302ffff00
2026-07-29 15:43:04,040 [DEBUG] Tx: <7A6> (08) [ ]	 30080a0000000000
2026-07-29 15:43:04,042 [DEBUG] We've been asked to write a message to the bus
2026-07-29 15:43:04,044 [DEBUG] sending: Timestamp:        0.000000    ID:      7a6    S Rx       BS       DL:  8    30 08 0a 00 00 00 00 00
2026-07-29 15:43:04,045 [DEBUG] TxState=IDLE - RxState=WAIT_CF
2026-07-29 15:43:04,060 [DEBUG] Rx: <7AE> (08) [p]	 21000086aaaaaaaa
2026-07-29 15:43:04,105 [INFO] TC_ID-226 - Received: 62B302FFFF00000086
2026-07-29 15:43:04,106 [WARNING] TC_ID-226 - PreCondition: PC_ID-029  Testcase:- Input Output Record Local Identifier #1(Default session) -> ❌ FAIL - Expected 100962B302FFFF00000093AAAAAAAA
2026-07-29 15:43:04,107 [DEBUG] Stopping CanStack
2026-07-29 15:43:04,108 [DEBUG] TxState=IDLE - RxState=IDLE
2026-07-29 15:43:04,108 [DEBUG] Main thread is exiting
2026-07-29 15:43:04,109 [DEBUG] CanStack Stopped
2026-07-29 15:43:04,110 [INFO] Connection closed
2026-07-29 15:43:04,111 [INFO] Running Test Case: TC_ID-227
2026-07-29 15:43:04,111 [DEBUG] Starting CanStack
2026-07-29 15:43:04,113 [DEBUG] Main thread has started
2026-07-29 15:43:04,114 [DEBUG] Relay thread has started
2026-07-29 15:43:04,115 [INFO] Connection opened
2026-07-29 15:43:04,115 [INFO] Switched to physical mode for TC: TC_ID-227 Step: PreCondition: PC_ID-029  Testcase:- Input Output Record Local Identifier #2(Default session)
2026-07-29 15:43:04,116 [INFO] TC_ID-227 - PreCondition: PC_ID-029  Testcase:- Input Output Record Local Identifier #2(Default session): SID=0x22, Sub=0xB303, Expected=[16, 11, 98, 179, 3, 255, 255, 255, 1, 8, 0, 0, 1, 170, 170]
2026-07-29 15:43:04,207 [INFO] TC_ID-227 - PreCondition: PC_ID-029  Testcase:- Input Output Record Local Identifier #2(Default session): Sending request 22B303
2026-07-29 15:43:04,208 [INFO] TC_ID-227 - PreCondition: PC_ID-029  Testcase:- Input Output Record Local Identifier #2(Default session): Sending request 22B303
2026-07-29 15:43:04,209 [DEBUG] Sending 3 bytes : [22b303]
2026-07-29 15:43:04,210 [DEBUG] Enqueuing a SendRequest for 3 bytes and TAT=Physical
2026-07-29 15:43:04,212 [DEBUG] Tx: <7A6> (08) [ ]	 0322b30300000000
2026-07-29 15:43:04,213 [DEBUG] We've been asked to write a message to the bus
2026-07-29 15:43:04,214 [DEBUG] sending: Timestamp:        0.000000    ID:      7a6    S Rx       BS       DL:  8    03 22 b3 03 00 00 00 00
2026-07-29 15:43:04,225 [DEBUG] We've been asked to write a message to the bus
2026-07-29 15:43:04,227 [DEBUG] sending: Timestamp:        0.000000    ID:      7a6    S Rx       BS       DL:  8    30 08 0a 00 00 00 00 00
2026-07-29 15:43:04,228 [DEBUG] Rx: <7AE> (08) [p]	 100b62b303ffffff
2026-07-29 15:43:04,231 [DEBUG] Tx: <7A6> (08) [ ]	 30080a0000000000
2026-07-29 15:43:04,233 [DEBUG] We've been asked to write a message to the bus
2026-07-29 15:43:04,234 [DEBUG] sending: Timestamp:        0.000000    ID:      7a6    S Rx       BS       DL:  8    30 08 0a 00 00 00 00 00
2026-07-29 15:43:04,235 [DEBUG] TxState=IDLE - RxState=WAIT_CF
2026-07-29 15:43:04,247 [DEBUG] Rx: <7AE> (08) [p]	 210108000001aaaa
2026-07-29 15:43:04,294 [INFO] TC_ID-227 - Received: 62B303FFFFFF0108000001
2026-07-29 15:43:04,296 [WARNING] TC_ID-227 - PreCondition: PC_ID-029  Testcase:- Input Output Record Local Identifier #2(Default session) -> ❌ FAIL - Expected 100B62B303FFFFFF0108000001AAAA
2026-07-29 15:43:04,297 [DEBUG] Stopping CanStack
2026-07-29 15:43:04,298 [DEBUG] TxState=IDLE - RxState=IDLE
2026-07-29 15:43:04,299 [DEBUG] Main thread is exiting
2026-07-29 15:43:04,350 [DEBUG] CanStack Stopped
2026-07-29 15:43:04,351 [INFO] Connection closed
2026-07-29 15:43:04,351 [INFO] Running Test Case: TC_ID-228
2026-07-29 15:43:04,352 [DEBUG] Starting CanStack
2026-07-29 15:43:04,353 [DEBUG] Main thread has started
2026-07-29 15:43:04,355 [DEBUG] Relay thread has started
2026-07-29 15:43:04,356 [INFO] Connection opened
2026-07-29 15:43:04,357 [INFO] Switched to physical mode for TC: TC_ID-228 Step: PreCondition: PC_ID-029  Testcase:RX_SWIN_F1_EF_Read(Defaultsession)
2026-07-29 15:43:04,358 [INFO] TC_ID-228 - PreCondition: PC_ID-029  Testcase:RX_SWIN_F1_EF_Read(Defaultsession): SID=0x22, Sub=0xF1EF, Expected=[16, 43, 98, 241, 239, 7, 166, 11, 82, 49, 48, 32, 77, 81, 52, 47, 49, 47, 48, 12, 82, 49, 53, 53, 32, 77, 81, 52, 47, 49, 47, 48, 12, 82, 49, 53, 54, 32, 77, 81, 52, 47, 49, 47, 48, 170, 170, 170, 170, 170]
2026-07-29 15:43:04,441 [INFO] TC_ID-228 - PreCondition: PC_ID-029  Testcase:RX_SWIN_F1_EF_Read(Defaultsession): Sending request 22F1EF
2026-07-29 15:43:04,442 [INFO] TC_ID-228 - PreCondition: PC_ID-029  Testcase:RX_SWIN_F1_EF_Read(Defaultsession): Sending request 22F1EF
2026-07-29 15:43:04,443 [DEBUG] Sending 3 bytes : [22f1ef]
2026-07-29 15:43:04,444 [DEBUG] Enqueuing a SendRequest for 3 bytes and TAT=Physical
2026-07-29 15:43:04,446 [DEBUG] Tx: <7A6> (08) [ ]	 0322f1ef00000000
2026-07-29 15:43:04,447 [DEBUG] We've been asked to write a message to the bus
2026-07-29 15:43:04,448 [DEBUG] sending: Timestamp:        0.000000    ID:      7a6    S Rx       BS       DL:  8    03 22 f1 ef 00 00 00 00
2026-07-29 15:43:04,456 [DEBUG] We've been asked to write a message to the bus
2026-07-29 15:43:04,460 [DEBUG] Rx: <7AE> (08) [p]	 102b62f1ef07a60b
2026-07-29 15:43:04,461 [DEBUG] sending: Timestamp:        0.000000    ID:      7a6    S Rx       BS       DL:  8    30 08 0a 00 00 00 00 00
2026-07-29 15:43:04,462 [DEBUG] Tx: <7A6> (08) [ ]	 30080a0000000000
2026-07-29 15:43:04,465 [DEBUG] We've been asked to write a message to the bus
2026-07-29 15:43:04,468 [DEBUG] sending: Timestamp:        0.000000    ID:      7a6    S Rx       BS       DL:  8    30 08 0a 00 00 00 00 00
2026-07-29 15:43:04,469 [DEBUG] TxState=IDLE - RxState=WAIT_CF
2026-07-29 15:43:04,488 [DEBUG] Rx: <7AE> (08) [p]	 21523130204d5134
2026-07-29 15:43:04,505 [DEBUG] Rx: <7AE> (08) [p]	 222f312f300c5231
2026-07-29 15:43:04,524 [DEBUG] Rx: <7AE> (08) [p]	 233535204d51342f
2026-07-29 15:43:04,550 [DEBUG] Rx: <7AE> (08) [p]	 24312f300c523135
2026-07-29 15:43:04,565 [DEBUG] Rx: <7AE> (08) [p]	 2536204d51342f31
2026-07-29 15:43:04,596 [DEBUG] Rx: <7AE> (08) [p]	 262f30aaaaaaaaaa
2026-07-29 15:43:04,645 [INFO] TC_ID-228 - Received: 62F1EF07A60B523130204D51342F312F300C52313535204D51342F312F300C52313536204D51342F312F30
2026-07-29 15:43:04,649 [WARNING] TC_ID-228 - PreCondition: PC_ID-029  Testcase:RX_SWIN_F1_EF_Read(Defaultsession) -> ❌ FAIL - Expected 102B62F1EF07A60B523130204D51342F312F300C52313535204D51342F312F300C52313536204D51342F312F30AAAAAAAAAA
2026-07-29 15:43:04,651 [DEBUG] TxState=IDLE - RxState=IDLE
2026-07-29 15:43:04,652 [DEBUG] Stopping CanStack
2026-07-29 15:43:04,655 [DEBUG] Main thread is exiting
2026-07-29 15:43:04,698 [DEBUG] CanStack Stopped
2026-07-29 15:43:04,700 [INFO] Connection closed
2026-07-29 15:43:04,701 [INFO] Running Test Case: TC_ID-229
2026-07-29 15:43:04,702 [DEBUG] Starting CanStack
2026-07-29 15:43:04,704 [DEBUG] Main thread has started
2026-07-29 15:43:04,706 [DEBUG] Relay thread has started
2026-07-29 15:43:04,708 [INFO] Connection opened
2026-07-29 15:43:04,709 [INFO] Switched to physical mode for TC: TC_ID-229 Step: PreCondition: PC_ID-029  Testcase:B_CAN_Database_Version_F1_00_Read(Defaultsession)
2026-07-29 15:43:04,711 [INFO] TC_ID-229 - PreCondition: PC_ID-029  Testcase:B_CAN_Database_Version_F1_00_Read(Defaultsession): SID=0x22, Sub=0xF100, Expected=[6, 98, 241, 0, 49, 46, 48, 170]
2026-07-29 15:43:04,807 [INFO] TC_ID-229 - PreCondition: PC_ID-029  Testcase:B_CAN_Database_Version_F1_00_Read(Defaultsession): Sending request 22F100
2026-07-29 15:43:04,808 [INFO] TC_ID-229 - PreCondition: PC_ID-029  Testcase:B_CAN_Database_Version_F1_00_Read(Defaultsession): Sending request 22F100
2026-07-29 15:43:04,809 [DEBUG] Sending 3 bytes : [22f100]
2026-07-29 15:43:04,811 [DEBUG] Enqueuing a SendRequest for 3 bytes and TAT=Physical
2026-07-29 15:43:04,812 [DEBUG] Tx: <7A6> (08) [ ]	 0322f10000000000
2026-07-29 15:43:04,814 [DEBUG] We've been asked to write a message to the bus
2026-07-29 15:43:04,815 [DEBUG] sending: Timestamp:        0.000000    ID:      7a6    S Rx       BS       DL:  8    03 22 f1 00 00 00 00 00
2026-07-29 15:43:04,827 [DEBUG] Rx: <7AE> (08) [p]	 0662f100312e30aa
2026-07-29 15:43:04,875 [INFO] TC_ID-229 - Received: 62F100312E30
2026-07-29 15:43:04,876 [WARNING] TC_ID-229 - PreCondition: PC_ID-029  Testcase:B_CAN_Database_Version_F1_00_Read(Defaultsession) -> ❌ FAIL - Expected 0662F100312E30AA
2026-07-29 15:43:04,877 [DEBUG] Stopping CanStack
2026-07-29 15:43:04,878 [DEBUG] Main thread is exiting
2026-07-29 15:43:04,928 [DEBUG] CanStack Stopped
2026-07-29 15:43:04,929 [INFO] Connection closed
2026-07-29 15:43:04,929 [INFO] Running Test Case: TC_ID-230
2026-07-29 15:43:04,930 [DEBUG] Starting CanStack
2026-07-29 15:43:04,931 [DEBUG] Main thread has started
2026-07-29 15:43:04,932 [DEBUG] Relay thread has started
2026-07-29 15:43:04,935 [INFO] Connection opened
2026-07-29 15:43:04,936 [INFO] Switched to physical mode for TC: TC_ID-230 Step: PreCondition: PC_ID-029  Testcase:Vehicle_Manufacturer_Spare_Part_Number_F1_87_Read(Defaultsession)
2026-07-29 15:43:04,937 [INFO] TC_ID-230 - PreCondition: PC_ID-029  Testcase:Vehicle_Manufacturer_Spare_Part_Number_F1_87_Read(Defaultsession): SID=0x22, Sub=0xF187, Expected=[16, 13, 98, 241, 135, 57, 51, 52, 68, 56, 71, 66, 53, 49, 48]
2026-07-29 15:43:05,041 [INFO] TC_ID-230 - PreCondition: PC_ID-029  Testcase:Vehicle_Manufacturer_Spare_Part_Number_F1_87_Read(Defaultsession): Sending request 22F187
2026-07-29 15:43:05,041 [INFO] TC_ID-230 - PreCondition: PC_ID-029  Testcase:Vehicle_Manufacturer_Spare_Part_Number_F1_87_Read(Defaultsession): Sending request 22F187
2026-07-29 15:43:05,043 [DEBUG] Sending 3 bytes : [22f187]
2026-07-29 15:43:05,044 [DEBUG] Enqueuing a SendRequest for 3 bytes and TAT=Physical
2026-07-29 15:43:05,046 [DEBUG] Tx: <7A6> (08) [ ]	 0322f18700000000
2026-07-29 15:43:05,047 [DEBUG] We've been asked to write a message to the bus
2026-07-29 15:43:05,048 [DEBUG] sending: Timestamp:        0.000000    ID:      7a6    S Rx       BS       DL:  8    03 22 f1 87 00 00 00 00
2026-07-29 15:43:05,058 [DEBUG] We've been asked to write a message to the bus
2026-07-29 15:43:05,060 [DEBUG] Rx: <7AE> (08) [p]	 100d62f187393334
2026-07-29 15:43:05,061 [DEBUG] sending: Timestamp:        0.000000    ID:      7a6    S Rx       BS       DL:  8    30 08 0a 00 00 00 00 00
2026-07-29 15:43:05,062 [DEBUG] Tx: <7A6> (08) [ ]	 30080a0000000000
2026-07-29 15:43:05,064 [DEBUG] We've been asked to write a message to the bus
2026-07-29 15:43:05,067 [DEBUG] sending: Timestamp:        0.000000    ID:      7a6    S Rx       BS       DL:  8    30 08 0a 00 00 00 00 00
2026-07-29 15:43:05,068 [DEBUG] TxState=IDLE - RxState=WAIT_CF
2026-07-29 15:43:05,088 [DEBUG] Rx: <7AE> (08) [p]	 2144384742353130
2026-07-29 15:43:05,138 [INFO] TC_ID-230 - Received: 62F18739333444384742353130
2026-07-29 15:43:05,139 [WARNING] TC_ID-230 - PreCondition: PC_ID-029  Testcase:Vehicle_Manufacturer_Spare_Part_Number_F1_87_Read(Defaultsession) -> ❌ FAIL - Expected 100D62F18739333444384742353130
2026-07-29 15:43:05,140 [DEBUG] Stopping CanStack
2026-07-29 15:43:05,140 [DEBUG] TxState=IDLE - RxState=IDLE
2026-07-29 15:43:05,141 [DEBUG] Main thread is exiting
2026-07-29 15:43:05,186 [DEBUG] CanStack Stopped
2026-07-29 15:43:05,187 [INFO] Connection closed
2026-07-29 15:43:05,188 [INFO] Running Test Case: TC_ID-231
2026-07-29 15:43:05,188 [DEBUG] Starting CanStack
2026-07-29 15:43:05,190 [DEBUG] Main thread has started
2026-07-29 15:43:05,190 [DEBUG] Relay thread has started
2026-07-29 15:43:05,192 [INFO] Connection opened
2026-07-29 15:43:05,192 [INFO] Switched to physical mode for TC: TC_ID-231 Step: PreCondition: PC_ID-029  Testcase:Manufacturing_F1_8B_Read(Defaultsession)
2026-07-29 15:43:05,193 [INFO] TC_ID-231 - PreCondition: PC_ID-029  Testcase:Manufacturing_F1_8B_Read(Defaultsession): SID=0x22, Sub=0xF18B, Expected=[7, 98, 241, 139, 32, 37, 18, 25]
2026-07-29 15:43:05,279 [INFO] TC_ID-231 - PreCondition: PC_ID-029  Testcase:Manufacturing_F1_8B_Read(Defaultsession): Sending request 22F18B
2026-07-29 15:43:05,279 [INFO] TC_ID-231 - PreCondition: PC_ID-029  Testcase:Manufacturing_F1_8B_Read(Defaultsession): Sending request 22F18B
2026-07-29 15:43:05,280 [DEBUG] Sending 3 bytes : [22f18b]
2026-07-29 15:43:05,281 [DEBUG] Enqueuing a SendRequest for 3 bytes and TAT=Physical
2026-07-29 15:43:05,284 [DEBUG] Tx: <7A6> (08) [ ]	 0322f18b00000000
2026-07-29 15:43:05,285 [DEBUG] We've been asked to write a message to the bus
2026-07-29 15:43:05,286 [DEBUG] sending: Timestamp:        0.000000    ID:      7a6    S Rx       BS       DL:  8    03 22 f1 8b 00 00 00 00
2026-07-29 15:43:05,297 [DEBUG] Rx: <7AE> (08) [p]	 0762f18b20251219
2026-07-29 15:43:05,349 [INFO] TC_ID-231 - Received: 62F18B20251219
2026-07-29 15:43:05,350 [WARNING] TC_ID-231 - PreCondition: PC_ID-029  Testcase:Manufacturing_F1_8B_Read(Defaultsession) -> ❌ FAIL - Expected 0762F18B20251219
2026-07-29 15:43:05,351 [DEBUG] Stopping CanStack
2026-07-29 15:43:05,352 [DEBUG] Main thread is exiting
2026-07-29 15:43:05,398 [DEBUG] CanStack Stopped
2026-07-29 15:43:05,399 [INFO] Connection closed
2026-07-29 15:43:05,400 [INFO] Running Test Case: TC_ID-232
2026-07-29 15:43:05,400 [DEBUG] Starting CanStack
2026-07-29 15:43:05,401 [DEBUG] Main thread has started
2026-07-29 15:43:05,402 [DEBUG] Relay thread has started
2026-07-29 15:43:05,403 [INFO] Connection opened
2026-07-29 15:43:05,404 [INFO] Switched to physical mode for TC: TC_ID-232 Step: PreCondition: PC_ID-029  Testcase:ECU_Serial_Number_F1_8C_Read(Defaultsession)
2026-07-29 15:43:05,405 [INFO] TC_ID-232 - PreCondition: PC_ID-029  Testcase:ECU_Serial_Number_F1_8C_Read(Defaultsession): SID=0x22, Sub=0xF18C, Expected=[16, 11, 98, 241, 140, 48, 48, 48, 48, 48, 48, 48, 49, 170, 170]
2026-07-29 15:43:05,499 [INFO] TC_ID-232 - PreCondition: PC_ID-029  Testcase:ECU_Serial_Number_F1_8C_Read(Defaultsession): Sending request 22F18C
2026-07-29 15:43:05,500 [INFO] TC_ID-232 - PreCondition: PC_ID-029  Testcase:ECU_Serial_Number_F1_8C_Read(Defaultsession): Sending request 22F18C
2026-07-29 15:43:05,501 [DEBUG] Sending 3 bytes : [22f18c]
2026-07-29 15:43:05,503 [DEBUG] Enqueuing a SendRequest for 3 bytes and TAT=Physical
2026-07-29 15:43:05,505 [DEBUG] Tx: <7A6> (08) [ ]	 0322f18c00000000
2026-07-29 15:43:05,507 [DEBUG] We've been asked to write a message to the bus
2026-07-29 15:43:05,508 [DEBUG] sending: Timestamp:        0.000000    ID:      7a6    S Rx       BS       DL:  8    03 22 f1 8c 00 00 00 00
2026-07-29 15:43:05,525 [DEBUG] We've been asked to write a message to the bus
2026-07-29 15:43:05,526 [DEBUG] sending: Timestamp:        0.000000    ID:      7a6    S Rx       BS       DL:  8    30 08 0a 00 00 00 00 00
2026-07-29 15:43:05,528 [DEBUG] Rx: <7AE> (08) [p]	 100b62f18c303030
2026-07-29 15:43:05,530 [DEBUG] Tx: <7A6> (08) [ ]	 30080a0000000000
2026-07-29 15:43:05,533 [DEBUG] We've been asked to write a message to the bus
2026-07-29 15:43:05,534 [DEBUG] sending: Timestamp:        0.000000    ID:      7a6    S Rx       BS       DL:  8    30 08 0a 00 00 00 00 00
2026-07-29 15:43:05,536 [DEBUG] TxState=IDLE - RxState=WAIT_CF
2026-07-29 15:43:05,547 [DEBUG] Rx: <7AE> (08) [p]	 213030303031aaaa
2026-07-29 15:43:05,595 [INFO] TC_ID-232 - Received: 62F18C3030303030303031
2026-07-29 15:43:05,596 [WARNING] TC_ID-232 - PreCondition: PC_ID-029  Testcase:ECU_Serial_Number_F1_8C_Read(Defaultsession) -> ❌ FAIL - Expected 100B62F18C3030303030303031AAAA
2026-07-29 15:43:05,596 [DEBUG] Stopping CanStack
2026-07-29 15:43:05,597 [DEBUG] TxState=IDLE - RxState=IDLE
2026-07-29 15:43:05,598 [DEBUG] Main thread is exiting
2026-07-29 15:43:05,599 [DEBUG] CanStack Stopped
2026-07-29 15:43:05,600 [INFO] Connection closed
2026-07-29 15:43:05,600 [INFO] Running Test Case: TC_ID-233
2026-07-29 15:43:05,601 [DEBUG] Starting CanStack
2026-07-29 15:43:05,602 [DEBUG] Main thread has started
2026-07-29 15:43:05,603 [DEBUG] Relay thread has started
2026-07-29 15:43:05,604 [INFO] Connection opened
2026-07-29 15:43:05,605 [INFO] Switched to physical mode for TC: TC_ID-233 Step: PreCondition: PC_ID-029  Testcase:Vehicle_Manufacturer_ECU_HW_Number_F1_91_Read(Defaultsession)
2026-07-29 15:43:05,605 [INFO] TC_ID-233 - PreCondition: PC_ID-029  Testcase:Vehicle_Manufacturer_ECU_HW_Number_F1_91_Read(Defaultsession): SID=0x22, Sub=0xF191, Expected=[7, 98, 241, 145, 49, 46, 48, 48]
2026-07-29 15:43:05,701 [INFO] TC_ID-233 - PreCondition: PC_ID-029  Testcase:Vehicle_Manufacturer_ECU_HW_Number_F1_91_Read(Defaultsession): Sending request 22F191
2026-07-29 15:43:05,702 [INFO] TC_ID-233 - PreCondition: PC_ID-029  Testcase:Vehicle_Manufacturer_ECU_HW_Number_F1_91_Read(Defaultsession): Sending request 22F191
2026-07-29 15:43:05,703 [DEBUG] Sending 3 bytes : [22f191]
2026-07-29 15:43:05,704 [DEBUG] Enqueuing a SendRequest for 3 bytes and TAT=Physical
2026-07-29 15:43:05,707 [DEBUG] Tx: <7A6> (08) [ ]	 0322f19100000000
2026-07-29 15:43:05,708 [DEBUG] We've been asked to write a message to the bus
2026-07-29 15:43:05,710 [DEBUG] sending: Timestamp:        0.000000    ID:      7a6    S Rx       BS       DL:  8    03 22 f1 91 00 00 00 00
2026-07-29 15:43:05,726 [DEBUG] Rx: <7AE> (08) [p]	 0762f191312e3030
2026-07-29 15:43:05,775 [INFO] TC_ID-233 - Received: 62F191312E3030
2026-07-29 15:43:05,776 [WARNING] TC_ID-233 - PreCondition: PC_ID-029  Testcase:Vehicle_Manufacturer_ECU_HW_Number_F1_91_Read(Defaultsession) -> ❌ FAIL - Expected 0762F191312E3030
2026-07-29 15:43:05,776 [DEBUG] Stopping CanStack
2026-07-29 15:43:05,777 [DEBUG] Main thread is exiting
2026-07-29 15:43:05,826 [DEBUG] CanStack Stopped
2026-07-29 15:43:05,827 [INFO] Connection closed
2026-07-29 15:43:05,828 [INFO] Running Test Case: TC_ID-234
2026-07-29 15:43:05,828 [DEBUG] Starting CanStack
2026-07-29 15:43:05,830 [DEBUG] Main thread has started
2026-07-29 15:43:05,832 [DEBUG] Relay thread has started
2026-07-29 15:43:05,834 [INFO] Connection opened
2026-07-29 15:43:05,835 [INFO] Switched to physical mode for TC: TC_ID-234 Step: PreCondition: PC_ID-029  Testcase:HardwareVersionNumber_F1_93_Read(Defaultsession)
2026-07-29 15:43:05,837 [INFO] TC_ID-234 - PreCondition: PC_ID-029  Testcase:HardwareVersionNumber_F1_93_Read(Defaultsession): SID=0x22, Sub=0xF193, Expected=[7, 98, 241, 147, 49, 46, 48, 48]
2026-07-29 15:43:05,935 [INFO] TC_ID-234 - PreCondition: PC_ID-029  Testcase:HardwareVersionNumber_F1_93_Read(Defaultsession): Sending request 22F193
2026-07-29 15:43:05,936 [INFO] TC_ID-234 - PreCondition: PC_ID-029  Testcase:HardwareVersionNumber_F1_93_Read(Defaultsession): Sending request 22F193
2026-07-29 15:43:05,937 [DEBUG] Sending 3 bytes : [22f193]
2026-07-29 15:43:05,938 [DEBUG] Enqueuing a SendRequest for 3 bytes and TAT=Physical
2026-07-29 15:43:06,012 [DEBUG] Tx: <7A6> (08) [ ]	 0322f19300000000
2026-07-29 15:43:06,013 [DEBUG] We've been asked to write a message to the bus
2026-07-29 15:43:06,015 [DEBUG] sending: Timestamp:        0.000000    ID:      7a6    S Rx       BS       DL:  8    03 22 f1 93 00 00 00 00
2026-07-29 15:43:06,029 [DEBUG] Rx: <7AE> (08) [p]	 0762f193312e3030
2026-07-29 15:43:06,075 [INFO] TC_ID-234 - Received: 62F193312E3030
2026-07-29 15:43:06,076 [WARNING] TC_ID-234 - PreCondition: PC_ID-029  Testcase:HardwareVersionNumber_F1_93_Read(Defaultsession) -> ❌ FAIL - Expected 0762F193312E3030
2026-07-29 15:43:06,077 [DEBUG] Stopping CanStack
2026-07-29 15:43:06,079 [DEBUG] Main thread is exiting
2026-07-29 15:43:06,129 [DEBUG] CanStack Stopped
2026-07-29 15:43:06,129 [INFO] Connection closed
2026-07-29 15:43:06,130 [INFO] Running Test Case: TC_ID-235
2026-07-29 15:43:06,131 [DEBUG] Starting CanStack
2026-07-29 15:43:06,132 [DEBUG] Main thread has started
2026-07-29 15:43:06,133 [DEBUG] Relay thread has started
2026-07-29 15:43:06,134 [INFO] Connection opened
2026-07-29 15:43:06,135 [INFO] Switched to physical mode for TC: TC_ID-235 Step: PreCondition: PC_ID-029  Testcase:ECUSoftwareUnit1IVDDataIdentifier_F1_C1_Read(Defaultsession)
2026-07-29 15:43:06,135 [INFO] TC_ID-235 - PreCondition: PC_ID-029  Testcase:ECUSoftwareUnit1IVDDataIdentifier_F1_C1_Read(Defaultsession): SID=0x22, Sub=0xF1C1, Expected=[3, 98, 241, 193, 170, 170, 170, 170]
2026-07-29 15:43:06,232 [INFO] TC_ID-235 - PreCondition: PC_ID-029  Testcase:ECUSoftwareUnit1IVDDataIdentifier_F1_C1_Read(Defaultsession): Sending request 22F1C1
2026-07-29 15:43:06,233 [INFO] TC_ID-235 - PreCondition: PC_ID-029  Testcase:ECUSoftwareUnit1IVDDataIdentifier_F1_C1_Read(Defaultsession): Sending request 22F1C1
2026-07-29 15:43:06,234 [DEBUG] Sending 3 bytes : [22f1c1]
2026-07-29 15:43:06,235 [DEBUG] Enqueuing a SendRequest for 3 bytes and TAT=Physical
2026-07-29 15:43:06,237 [DEBUG] Tx: <7A6> (08) [ ]	 0322f1c100000000
2026-07-29 15:43:06,239 [DEBUG] We've been asked to write a message to the bus
2026-07-29 15:43:06,240 [DEBUG] sending: Timestamp:        0.000000    ID:      7a6    S Rx       BS       DL:  8    03 22 f1 c1 00 00 00 00
2026-07-29 15:43:06,255 [DEBUG] Rx: <7AE> (08) [p]	 037f2222aaaaaaaa
2026-07-29 15:43:06,306 [INFO] TC_ID-235 - Received: 7F2222
2026-07-29 15:43:06,307 [WARNING] TC_ID-235 - PreCondition: PC_ID-029  Testcase:ECUSoftwareUnit1IVDDataIdentifier_F1_C1_Read(Defaultsession) -> ❌ FAIL - Expected 0362F1C1AAAAAAAA
2026-07-29 15:43:06,308 [DEBUG] Stopping CanStack
2026-07-29 15:43:06,309 [DEBUG] Main thread is exiting
2026-07-29 15:43:06,356 [DEBUG] CanStack Stopped
2026-07-29 15:43:06,358 [INFO] Connection closed
2026-07-29 15:43:06,359 [INFO] Running Test Case: TC_ID-236
2026-07-29 15:43:06,359 [DEBUG] Starting CanStack
2026-07-29 15:43:06,361 [DEBUG] Main thread has started
2026-07-29 15:43:06,362 [DEBUG] Relay thread has started
2026-07-29 15:43:06,364 [INFO] Connection opened
2026-07-29 15:43:06,364 [INFO] Switched to physical mode for TC: TC_ID-236 Step: PreCondition: PC_ID-029  Testcase:ECUSoftwareUnit2 IVDDataIdentifier_F1_C2_Read(Defaultsession)
2026-07-29 15:43:06,365 [INFO] TC_ID-236 - PreCondition: PC_ID-029  Testcase:ECUSoftwareUnit2 IVDDataIdentifier_F1_C2_Read(Defaultsession): SID=0x22, Sub=0xF1C2, Expected=[3, 98, 241, 194, 170, 170, 170, 170]
2026-07-29 15:43:06,464 [INFO] TC_ID-236 - PreCondition: PC_ID-029  Testcase:ECUSoftwareUnit2 IVDDataIdentifier_F1_C2_Read(Defaultsession): Sending request 22F1C2
2026-07-29 15:43:06,465 [INFO] TC_ID-236 - PreCondition: PC_ID-029  Testcase:ECUSoftwareUnit2 IVDDataIdentifier_F1_C2_Read(Defaultsession): Sending request 22F1C2
2026-07-29 15:43:06,466 [DEBUG] Sending 3 bytes : [22f1c2]
2026-07-29 15:43:06,468 [DEBUG] Enqueuing a SendRequest for 3 bytes and TAT=Physical
2026-07-29 15:43:06,469 [DEBUG] Tx: <7A6> (08) [ ]	 0322f1c200000000
2026-07-29 15:43:06,471 [DEBUG] We've been asked to write a message to the bus
2026-07-29 15:43:06,472 [DEBUG] sending: Timestamp:        0.000000    ID:      7a6    S Rx       BS       DL:  8    03 22 f1 c2 00 00 00 00
2026-07-29 15:43:06,485 [DEBUG] Rx: <7AE> (08) [p]	 037f2212aaaaaaaa
2026-07-29 15:43:06,536 [INFO] TC_ID-236 - Received: 7F2212
2026-07-29 15:43:06,537 [WARNING] TC_ID-236 - PreCondition: PC_ID-029  Testcase:ECUSoftwareUnit2 IVDDataIdentifier_F1_C2_Read(Defaultsession) -> ❌ FAIL - Expected 0362F1C2AAAAAAAA
2026-07-29 15:43:06,538 [DEBUG] Stopping CanStack
2026-07-29 15:43:06,539 [DEBUG] Main thread is exiting
2026-07-29 15:43:06,585 [DEBUG] CanStack Stopped
2026-07-29 15:43:06,586 [INFO] Connection closed
2026-07-29 15:43:06,587 [INFO] Running Test Case: TC_ID-237
2026-07-29 15:43:06,588 [DEBUG] Starting CanStack
2026-07-29 15:43:06,589 [DEBUG] Main thread has started
2026-07-29 15:43:06,591 [DEBUG] Relay thread has started
2026-07-29 15:43:06,593 [INFO] Connection opened
2026-07-29 15:43:06,595 [INFO] Switched to physical mode for TC: TC_ID-237 Step: PreCondition: PC_ID-029  Testcase:SystemSupplierECUSoftwareVersionNumbe_DataIdentifier_F1_95_Read(Defaultsession)
2026-07-29 15:43:06,596 [INFO] TC_ID-237 - PreCondition: PC_ID-029  Testcase:SystemSupplierECUSoftwareVersionNumbe_DataIdentifier_F1_95_Read(Defaultsession): SID=0x22, Sub=0xF195, Expected=[7, 98, 241, 149, 49, 46, 48, 48]
2026-07-29 15:43:06,710 [INFO] TC_ID-237 - PreCondition: PC_ID-029  Testcase:SystemSupplierECUSoftwareVersionNumbe_DataIdentifier_F1_95_Read(Defaultsession): Sending request 22F195
2026-07-29 15:43:06,711 [INFO] TC_ID-237 - PreCondition: PC_ID-029  Testcase:SystemSupplierECUSoftwareVersionNumbe_DataIdentifier_F1_95_Read(Defaultsession): Sending request 22F195
2026-07-29 15:43:06,712 [DEBUG] Sending 3 bytes : [22f195]
2026-07-29 15:43:06,713 [DEBUG] Enqueuing a SendRequest for 3 bytes and TAT=Physical
2026-07-29 15:43:06,715 [DEBUG] Tx: <7A6> (08) [ ]	 0322f19500000000
2026-07-29 15:43:06,716 [DEBUG] We've been asked to write a message to the bus
2026-07-29 15:43:06,717 [DEBUG] sending: Timestamp:        0.000000    ID:      7a6    S Rx       BS       DL:  8    03 22 f1 95 00 00 00 00
2026-07-29 15:43:06,730 [DEBUG] Rx: <7AE> (08) [p]	 0762f195312e3030
2026-07-29 15:43:06,780 [INFO] TC_ID-237 - Received: 62F195312E3030
2026-07-29 15:43:06,781 [WARNING] TC_ID-237 - PreCondition: PC_ID-029  Testcase:SystemSupplierECUSoftwareVersionNumbe_DataIdentifier_F1_95_Read(Defaultsession) -> ❌ FAIL - Expected 0762F195312E3030
2026-07-29 15:43:06,782 [DEBUG] Stopping CanStack
2026-07-29 15:43:06,783 [DEBUG] Main thread is exiting
2026-07-29 15:43:06,827 [DEBUG] CanStack Stopped
2026-07-29 15:43:06,828 [INFO] Connection closed
2026-07-29 15:43:06,829 [INFO] Running Test Case: TC_ID-238
2026-07-29 15:43:06,829 [DEBUG] Starting CanStack
2026-07-29 15:43:06,830 [DEBUG] Main thread has started
2026-07-29 15:43:06,831 [DEBUG] Relay thread has started
2026-07-29 15:43:06,832 [INFO] Connection opened
2026-07-29 15:43:06,833 [INFO] Switched to physical mode for TC: TC_ID-238 Step: PreCondition: PC_ID-029  Testcase:Software_Version_for_HKMC_Vehicle_Manufacture_F1_A0_Read(Defaultsession)
2026-07-29 15:43:06,833 [INFO] TC_ID-238 - PreCondition: PC_ID-029  Testcase:Software_Version_for_HKMC_Vehicle_Manufacture_F1_A0_Read(Defaultsession): SID=0x22, Sub=0xF1A0, Expected=[7, 98, 241, 160, 49, 46, 48, 48]
2026-07-29 15:43:06,934 [INFO] TC_ID-238 - PreCondition: PC_ID-029  Testcase:Software_Version_for_HKMC_Vehicle_Manufacture_F1_A0_Read(Defaultsession): Sending request 22F1A0
2026-07-29 15:43:06,935 [INFO] TC_ID-238 - PreCondition: PC_ID-029  Testcase:Software_Version_for_HKMC_Vehicle_Manufacture_F1_A0_Read(Defaultsession): Sending request 22F1A0
2026-07-29 15:43:06,936 [DEBUG] Sending 3 bytes : [22f1a0]
2026-07-29 15:43:06,938 [DEBUG] Enqueuing a SendRequest for 3 bytes and TAT=Physical
2026-07-29 15:43:06,940 [DEBUG] Tx: <7A6> (08) [ ]	 0322f1a000000000
2026-07-29 15:43:06,941 [DEBUG] We've been asked to write a message to the bus
2026-07-29 15:43:06,943 [DEBUG] sending: Timestamp:        0.000000    ID:      7a6    S Rx       BS       DL:  8    03 22 f1 a0 00 00 00 00
2026-07-29 15:43:06,955 [DEBUG] Rx: <7AE> (08) [p]	 0762f1a0312e3030
2026-07-29 15:43:07,005 [INFO] TC_ID-238 - Received: 62F1A0312E3030
2026-07-29 15:43:07,006 [WARNING] TC_ID-238 - PreCondition: PC_ID-029  Testcase:Software_Version_for_HKMC_Vehicle_Manufacture_F1_A0_Read(Defaultsession) -> ❌ FAIL - Expected 0762F1A0312E3030
2026-07-29 15:43:07,007 [DEBUG] Stopping CanStack
2026-07-29 15:43:07,008 [DEBUG] Main thread is exiting
2026-07-29 15:43:07,055 [DEBUG] CanStack Stopped
2026-07-29 15:43:07,056 [INFO] Connection closed
2026-07-29 15:43:07,057 [INFO] Running Test Case: TC_ID-239
2026-07-29 15:43:07,058 [DEBUG] Starting CanStack
2026-07-29 15:43:07,059 [DEBUG] Main thread has started
2026-07-29 15:43:07,060 [DEBUG] Relay thread has started
2026-07-29 15:43:07,062 [INFO] Connection opened
2026-07-29 15:43:07,063 [INFO] Switched to physical mode for TC: TC_ID-239 Step: PreCondition: PC_ID-029  Testcase:ECU_Supplier_Code_F1_A1_Read(Defaultsession)
2026-07-29 15:43:07,064 [INFO] TC_ID-239 - PreCondition: PC_ID-029  Testcase:ECU_Supplier_Code_F1_A1_Read(Defaultsession): SID=0x22, Sub=0xF1A1, Expected=[7, 98, 241, 161, 83, 49, 49, 48]
2026-07-29 15:43:07,158 [INFO] TC_ID-239 - PreCondition: PC_ID-029  Testcase:ECU_Supplier_Code_F1_A1_Read(Defaultsession): Sending request 22F1A1
2026-07-29 15:43:07,159 [INFO] TC_ID-239 - PreCondition: PC_ID-029  Testcase:ECU_Supplier_Code_F1_A1_Read(Defaultsession): Sending request 22F1A1
2026-07-29 15:43:07,160 [DEBUG] Sending 3 bytes : [22f1a1]
2026-07-29 15:43:07,161 [DEBUG] Enqueuing a SendRequest for 3 bytes and TAT=Physical
2026-07-29 15:43:07,163 [DEBUG] Tx: <7A6> (08) [ ]	 0322f1a100000000
2026-07-29 15:43:07,164 [DEBUG] We've been asked to write a message to the bus
2026-07-29 15:43:07,165 [DEBUG] sending: Timestamp:        0.000000    ID:      7a6    S Rx       BS       DL:  8    03 22 f1 a1 00 00 00 00
2026-07-29 15:43:07,177 [DEBUG] Rx: <7AE> (08) [p]	 0762f1a153313130
2026-07-29 15:43:07,228 [INFO] TC_ID-239 - Received: 62F1A153313130
2026-07-29 15:43:07,229 [WARNING] TC_ID-239 - PreCondition: PC_ID-029  Testcase:ECU_Supplier_Code_F1_A1_Read(Defaultsession) -> ❌ FAIL - Expected 0762F1A153313130
2026-07-29 15:43:07,230 [DEBUG] Stopping CanStack
2026-07-29 15:43:07,231 [DEBUG] Main thread is exiting
2026-07-29 15:43:07,276 [DEBUG] CanStack Stopped
2026-07-29 15:43:07,276 [INFO] Connection closed
2026-07-29 15:43:07,277 [INFO] Running Test Case: TC_ID-240
2026-07-29 15:43:07,278 [DEBUG] Starting CanStack
2026-07-29 15:43:07,279 [DEBUG] Main thread has started
2026-07-29 15:43:07,280 [DEBUG] Relay thread has started
2026-07-29 15:43:07,281 [INFO] Connection opened
2026-07-29 15:43:07,282 [INFO] Switched to physical mode for TC: TC_ID-240 Step: PreCondition: PC_ID-029  Testcase:ECU_Software_UNIT_number_F1_B0_Read(Defaultsession)
2026-07-29 15:43:07,282 [INFO] TC_ID-240 - PreCondition: PC_ID-029  Testcase:ECU_Software_UNIT_number_F1_B0_Read(Defaultsession): SID=0x22, Sub=0xF1B0, Expected=[4, 98, 241, 176, 1, 170, 170, 170]
2026-07-29 15:43:07,378 [INFO] TC_ID-240 - PreCondition: PC_ID-029  Testcase:ECU_Software_UNIT_number_F1_B0_Read(Defaultsession): Sending request 22F1B0
2026-07-29 15:43:07,379 [INFO] TC_ID-240 - PreCondition: PC_ID-029  Testcase:ECU_Software_UNIT_number_F1_B0_Read(Defaultsession): Sending request 22F1B0
2026-07-29 15:43:07,380 [DEBUG] Sending 3 bytes : [22f1b0]
2026-07-29 15:43:07,381 [DEBUG] Enqueuing a SendRequest for 3 bytes and TAT=Physical
2026-07-29 15:43:07,384 [DEBUG] Tx: <7A6> (08) [ ]	 0322f1b000000000
2026-07-29 15:43:07,385 [DEBUG] We've been asked to write a message to the bus
2026-07-29 15:43:07,386 [DEBUG] sending: Timestamp:        0.000000    ID:      7a6    S Rx       BS       DL:  8    03 22 f1 b0 00 00 00 00
2026-07-29 15:43:07,397 [DEBUG] Rx: <7AE> (08) [p]	 0462f1b001aaaaaa
2026-07-29 15:43:07,445 [INFO] TC_ID-240 - Received: 62F1B001
2026-07-29 15:43:07,446 [WARNING] TC_ID-240 - PreCondition: PC_ID-029  Testcase:ECU_Software_UNIT_number_F1_B0_Read(Defaultsession) -> ❌ FAIL - Expected 0462F1B001AAAAAA
2026-07-29 15:43:07,447 [DEBUG] Stopping CanStack
2026-07-29 15:43:07,448 [DEBUG] Main thread is exiting
2026-07-29 15:43:07,498 [DEBUG] CanStack Stopped
2026-07-29 15:43:07,499 [INFO] Connection closed
2026-07-29 15:43:07,500 [INFO] Running Test Case: TC_ID-241
2026-07-29 15:43:07,500 [DEBUG] Starting CanStack
2026-07-29 15:43:07,501 [DEBUG] Main thread has started
2026-07-29 15:43:07,502 [DEBUG] Relay thread has started
2026-07-29 15:43:07,504 [INFO] Connection opened
2026-07-29 15:43:07,505 [INFO] Switched to physical mode for TC: TC_ID-241 Step: PreCondition: PC_ID-029  Testcase:ECU_Software_UNIT1_Version_F1_B1_Read(Defaultsession)
2026-07-29 15:43:07,507 [INFO] TC_ID-241 - PreCondition: PC_ID-029  Testcase:ECU_Software_UNIT1_Version_F1_B1_Read(Defaultsession): SID=0x22, Sub=0xF1B1, Expected=[7, 98, 241, 177, 49, 46, 48, 48]
2026-07-29 15:43:07,626 [INFO] TC_ID-241 - PreCondition: PC_ID-029  Testcase:ECU_Software_UNIT1_Version_F1_B1_Read(Defaultsession): Sending request 22F1B1
2026-07-29 15:43:07,627 [INFO] TC_ID-241 - PreCondition: PC_ID-029  Testcase:ECU_Software_UNIT1_Version_F1_B1_Read(Defaultsession): Sending request 22F1B1
2026-07-29 15:43:07,628 [DEBUG] Sending 3 bytes : [22f1b1]
2026-07-29 15:43:07,629 [DEBUG] Enqueuing a SendRequest for 3 bytes and TAT=Physical
2026-07-29 15:43:07,631 [DEBUG] Tx: <7A6> (08) [ ]	 0322f1b100000000
2026-07-29 15:43:07,632 [DEBUG] We've been asked to write a message to the bus
2026-07-29 15:43:07,633 [DEBUG] sending: Timestamp:        0.000000    ID:      7a6    S Rx       BS       DL:  8    03 22 f1 b1 00 00 00 00
2026-07-29 15:43:07,646 [DEBUG] Rx: <7AE> (08) [p]	 0762f1b1312e3030
2026-07-29 15:43:07,695 [INFO] TC_ID-241 - Received: 62F1B1312E3030
2026-07-29 15:43:07,696 [WARNING] TC_ID-241 - PreCondition: PC_ID-029  Testcase:ECU_Software_UNIT1_Version_F1_B1_Read(Defaultsession) -> ❌ FAIL - Expected 0762F1B1312E3030
2026-07-29 15:43:07,697 [DEBUG] Stopping CanStack
2026-07-29 15:43:07,698 [DEBUG] Main thread is exiting
2026-07-29 15:43:07,746 [DEBUG] CanStack Stopped
2026-07-29 15:43:07,747 [INFO] Connection closed
2026-07-29 15:43:07,748 [INFO] Running Test Case: TC_ID-242
2026-07-29 15:43:07,749 [DEBUG] Starting CanStack
2026-07-29 15:43:07,750 [DEBUG] Main thread has started
2026-07-29 15:43:07,751 [DEBUG] Relay thread has started
2026-07-29 15:43:07,752 [INFO] Connection opened
2026-07-29 15:43:07,752 [INFO] Switched to physical mode for TC: TC_ID-242 Step: PreCondition: PC_ID-029  Testcase:S_W_Version_Dataidentifier_F1_DD_Read(Defaultsession)
2026-07-29 15:43:07,753 [INFO] TC_ID-242 - PreCondition: PC_ID-029  Testcase:S_W_Version_Dataidentifier_F1_DD_Read(Defaultsession): SID=0x22, Sub=0xF1DD, Expected=[16, 16, 98, 241, 221, 49, 48, 48, 48, 48, 0, 0, 0, 0, 0, 0, 0, 0, 170, 170, 170, 170]
2026-07-29 15:43:07,846 [INFO] TC_ID-242 - PreCondition: PC_ID-029  Testcase:S_W_Version_Dataidentifier_F1_DD_Read(Defaultsession): Sending request 22F1DD
2026-07-29 15:43:07,847 [INFO] TC_ID-242 - PreCondition: PC_ID-029  Testcase:S_W_Version_Dataidentifier_F1_DD_Read(Defaultsession): Sending request 22F1DD
2026-07-29 15:43:07,847 [DEBUG] Sending 3 bytes : [22f1dd]
2026-07-29 15:43:07,848 [DEBUG] Enqueuing a SendRequest for 3 bytes and TAT=Physical
2026-07-29 15:43:07,849 [DEBUG] Tx: <7A6> (08) [ ]	 0322f1dd00000000
2026-07-29 15:43:07,850 [DEBUG] We've been asked to write a message to the bus
2026-07-29 15:43:07,851 [DEBUG] sending: Timestamp:        0.000000    ID:      7a6    S Rx       BS       DL:  8    03 22 f1 dd 00 00 00 00
2026-07-29 15:43:07,867 [DEBUG] Rx: <7AE> (08) [p]	 101062f1dd313030
2026-07-29 15:43:07,869 [DEBUG] We've been asked to write a message to the bus
2026-07-29 15:43:07,870 [DEBUG] Tx: <7A6> (08) [ ]	 30080a0000000000
2026-07-29 15:43:07,871 [DEBUG] sending: Timestamp:        0.000000    ID:      7a6    S Rx       BS       DL:  8    30 08 0a 00 00 00 00 00
2026-07-29 15:43:07,872 [DEBUG] We've been asked to write a message to the bus
2026-07-29 15:43:07,875 [DEBUG] sending: Timestamp:        0.000000    ID:      7a6    S Rx       BS       DL:  8    30 08 0a 00 00 00 00 00
2026-07-29 15:43:07,877 [DEBUG] TxState=IDLE - RxState=WAIT_CF
2026-07-29 15:43:07,897 [DEBUG] Rx: <7AE> (08) [p]	 2130300000000000
2026-07-29 15:43:07,923 [DEBUG] Rx: <7AE> (08) [p]	 22000000aaaaaaaa
2026-07-29 15:43:07,969 [INFO] TC_ID-242 - Received: 62F1DD31303030300000000000000000
2026-07-29 15:43:07,971 [WARNING] TC_ID-242 - PreCondition: PC_ID-029  Testcase:S_W_Version_Dataidentifier_F1_DD_Read(Defaultsession) -> ❌ FAIL - Expected 101062F1DD31303030300000000000000000AAAAAAAA
2026-07-29 15:43:07,972 [DEBUG] Stopping CanStack
2026-07-29 15:43:07,973 [DEBUG] TxState=IDLE - RxState=IDLE
2026-07-29 15:43:07,974 [DEBUG] Main thread is exiting
2026-07-29 15:43:07,977 [DEBUG] CanStack Stopped
2026-07-29 15:43:07,978 [INFO] Connection closed
2026-07-29 15:43:07,979 [INFO] Running Test Case: TC_ID-243
2026-07-29 15:43:07,981 [DEBUG] Starting CanStack
2026-07-29 15:43:07,985 [DEBUG] Main thread has started
2026-07-29 15:43:07,991 [DEBUG] Relay thread has started
2026-07-29 15:43:07,993 [INFO] Connection opened
2026-07-29 15:43:07,993 [INFO] Switched to physical mode for TC: TC_ID-243 Step: PreCondition: PC_ID-029  Testcase:SystemNameOrEngineTypeDataIdentifier_Read(Defaultsession)
2026-07-29 15:43:07,994 [INFO] TC_ID-243 - PreCondition: PC_ID-029  Testcase:SystemNameOrEngineTypeDataIdentifier_Read(Defaultsession): SID=0x22, Sub=0xF197, Expected=[7, 98, 241, 151, 77, 70, 83, 87]
2026-07-29 15:43:08,092 [INFO] TC_ID-243 - PreCondition: PC_ID-029  Testcase:SystemNameOrEngineTypeDataIdentifier_Read(Defaultsession): Sending request 22F197
2026-07-29 15:43:08,093 [INFO] TC_ID-243 - PreCondition: PC_ID-029  Testcase:SystemNameOrEngineTypeDataIdentifier_Read(Defaultsession): Sending request 22F197
2026-07-29 15:43:08,095 [DEBUG] Sending 3 bytes : [22f197]
2026-07-29 15:43:08,096 [DEBUG] Enqueuing a SendRequest for 3 bytes and TAT=Physical
2026-07-29 15:43:08,097 [DEBUG] Tx: <7A6> (08) [ ]	 0322f19700000000
2026-07-29 15:43:08,099 [DEBUG] We've been asked to write a message to the bus
2026-07-29 15:43:08,100 [DEBUG] sending: Timestamp:        0.000000    ID:      7a6    S Rx       BS       DL:  8    03 22 f1 97 00 00 00 00
2026-07-29 15:43:08,109 [DEBUG] Rx: <7AE> (08) [p]	 0762f1974d465357
2026-07-29 15:43:08,161 [INFO] TC_ID-243 - Received: 62F1974D465357
2026-07-29 15:43:08,162 [WARNING] TC_ID-243 - PreCondition: PC_ID-029  Testcase:SystemNameOrEngineTypeDataIdentifier_Read(Defaultsession) -> ❌ FAIL - Expected 0762F1974D465357
2026-07-29 15:43:08,163 [DEBUG] Stopping CanStack
2026-07-29 15:43:08,165 [DEBUG] Main thread is exiting
2026-07-29 15:43:08,209 [DEBUG] CanStack Stopped
2026-07-29 15:43:08,210 [INFO] Connection closed
2026-07-29 15:43:08,210 [INFO] Running Test Case: PC_ID-030
2026-07-29 15:43:08,211 [DEBUG] Starting CanStack
2026-07-29 15:43:08,212 [DEBUG] Main thread has started
2026-07-29 15:43:08,213 [DEBUG] Relay thread has started
2026-07-29 15:43:08,215 [INFO] Connection opened
2026-07-29 15:43:08,215 [INFO] Switched to physical mode for TC: PC_ID-030 Step: Start Extended session
2026-07-29 15:43:08,216 [INFO] PC_ID-030 - Start Extended session: SID=0x10, Sub=0x03, Expected=[6, 80, 3, 0, 50, 1, 244, 170]
2026-07-29 15:43:08,279 [INFO] PC_ID-030 - Start Extended session: Sending 1003
2026-07-29 15:43:08,334 [INFO] PC_ID-030 - Start Extended session: Sending request 1003
2026-07-29 15:43:08,335 [DEBUG] Sending 2 bytes : [1003]
2026-07-29 15:43:08,336 [DEBUG] Enqueuing a SendRequest for 2 bytes and TAT=Physical
2026-07-29 15:43:08,337 [DEBUG] Tx: <7A6> (08) [ ]	 0210030000000000
2026-07-29 15:43:08,337 [DEBUG] We've been asked to write a message to the bus
2026-07-29 15:43:08,338 [DEBUG] sending: Timestamp:        0.000000    ID:      7a6    S Rx       BS       DL:  8    02 10 03 00 00 00 00 00
2026-07-29 15:43:08,343 [INFO] PC_ID-030 - Received: 5003003201F4
2026-07-29 15:43:08,344 [DEBUG] Rx: <7AE> (08) [p]	 065003003201f4aa
2026-07-29 15:43:08,345 [WARNING] PC_ID-030 - Start Extended session -> FAIL - Unexpected response
2026-07-29 15:43:08,346 [DEBUG] Stopping CanStack
2026-07-29 15:43:08,347 [DEBUG] Main thread is exiting
2026-07-29 15:43:08,394 [DEBUG] CanStack Stopped
2026-07-29 15:43:08,395 [INFO] Connection closed
2026-07-29 15:43:08,396 [INFO] Running Test Case: TC_ID-244
2026-07-29 15:43:08,397 [DEBUG] Starting CanStack
2026-07-29 15:43:08,398 [DEBUG] Main thread has started
2026-07-29 15:43:08,400 [DEBUG] Relay thread has started
2026-07-29 15:43:08,402 [INFO] Connection opened
2026-07-29 15:43:08,404 [INFO] Switched to physical mode for TC: TC_ID-244 Step: PreCondition: PC_ID-030  Testcase:Read DTC with Extended session(19 02)
2026-07-29 15:43:08,405 [INFO] TC_ID-244 - PreCondition: PC_ID-030  Testcase:Read DTC with Extended session(19 02): SID=0x19, Sub=0x02, Expected=[3, 89, 2, 8, 170, 170, 170, 170]
2026-07-29 15:43:08,492 [INFO] TC_ID-244 - PreCondition: PC_ID-030  Testcase:Read DTC with Extended session(19 02): Sending 190208
2026-07-29 15:43:08,493 [INFO] TC_ID-244 - PreCondition: PC_ID-030  Testcase:Read DTC with Extended session(19 02): Sending request 190208
2026-07-29 15:43:08,494 [DEBUG] Sending 3 bytes : [190208]
2026-07-29 15:43:08,495 [DEBUG] Enqueuing a SendRequest for 3 bytes and TAT=Physical
2026-07-29 15:43:08,497 [DEBUG] Tx: <7A6> (08) [ ]	 0319020800000000
2026-07-29 15:43:08,499 [DEBUG] We've been asked to write a message to the bus
2026-07-29 15:43:08,500 [DEBUG] sending: Timestamp:        0.000000    ID:      7a6    S Rx       BS       DL:  8    03 19 02 08 00 00 00 00
2026-07-29 15:43:08,508 [DEBUG] Stopping CanStack
2026-07-29 15:43:08,510 [DEBUG] Rx: <7AE> (08) [p]	 03590200aaaaaaaa
2026-07-29 15:43:08,513 [DEBUG] Main thread is exiting
2026-07-29 15:43:08,556 [DEBUG] CanStack Stopped
2026-07-29 15:43:08,557 [INFO] Connection closed
2026-07-29 15:43:08,557 [INFO] Running Test Case: TC_ID-245
2026-07-29 15:43:08,558 [DEBUG] Starting CanStack
2026-07-29 15:43:08,559 [DEBUG] Main thread has started
2026-07-29 15:43:08,560 [DEBUG] Relay thread has started
2026-07-29 15:43:08,561 [INFO] Connection opened
2026-07-29 15:43:08,562 [INFO] Switched to physical mode for TC: TC_ID-245 Step: PreCondition: PC_ID-030  Testcase:Fault memory clear Extended session(14 FFFFFF)
2026-07-29 15:43:08,562 [INFO] TC_ID-245 - PreCondition: PC_ID-030  Testcase:Fault memory clear Extended session(14 FFFFFF): SID=0x14, Sub=0xFFFFFF, Expected=[1, 84, 170, 170, 170, 170, 170, 170]
2026-07-29 15:43:08,650 [INFO] TC_ID-245 - PreCondition: PC_ID-030  Testcase:Fault memory clear Extended session(14 FFFFFF): Sending 14FFFFFF
2026-07-29 15:43:08,651 [INFO] TC_ID-245 - PreCondition: PC_ID-030  Testcase:Fault memory clear Extended session(14 FFFFFF): Sending request 14FFFFFF
2026-07-29 15:43:08,652 [DEBUG] Sending 4 bytes : [14ffffff]
2026-07-29 15:43:08,653 [DEBUG] Enqueuing a SendRequest for 4 bytes and TAT=Physical
2026-07-29 15:43:08,655 [DEBUG] Tx: <7A6> (08) [ ]	 0414ffffff000000
2026-07-29 15:43:08,656 [DEBUG] We've been asked to write a message to the bus
2026-07-29 15:43:08,657 [DEBUG] sending: Timestamp:        0.000000    ID:      7a6    S Rx       BS       DL:  8    04 14 ff ff ff 00 00 00
2026-07-29 15:43:08,664 [DEBUG] Stopping CanStack
2026-07-29 15:43:08,669 [DEBUG] Rx: <7AE> (08) [p]	 0154aaaaaaaaaaaa
2026-07-29 15:43:08,670 [DEBUG] Main thread is exiting
2026-07-29 15:43:08,719 [DEBUG] CanStack Stopped
2026-07-29 15:43:08,720 [INFO] Connection closed
2026-07-29 15:43:08,721 [INFO] Running Test Case: TC_ID-246
2026-07-29 15:43:08,722 [DEBUG] Starting CanStack
2026-07-29 15:43:08,723 [DEBUG] Main thread has started
2026-07-29 15:43:08,724 [DEBUG] Relay thread has started
2026-07-29 15:43:08,725 [INFO] Connection opened
2026-07-29 15:43:08,726 [INFO] Switched to physical mode for TC: TC_ID-246 Step: PreCondition: PC_ID-030  Testcase:- Input Output Record Local Identifier #1(Extended session)
2026-07-29 15:43:08,726 [INFO] TC_ID-246 - PreCondition: PC_ID-030  Testcase:- Input Output Record Local Identifier #1(Extended session): SID=0x22, Sub=0xB302, Expected=[16, 9, 98, 179, 2, 255, 255, 0, 0, 0, 147, 170, 170, 170, 170]
2026-07-29 15:43:08,825 [INFO] TC_ID-246 - PreCondition: PC_ID-030  Testcase:- Input Output Record Local Identifier #1(Extended session): Sending request 22B302
2026-07-29 15:43:08,826 [INFO] TC_ID-246 - PreCondition: PC_ID-030  Testcase:- Input Output Record Local Identifier #1(Extended session): Sending request 22B302
2026-07-29 15:43:08,827 [DEBUG] Sending 3 bytes : [22b302]
2026-07-29 15:43:08,827 [DEBUG] Enqueuing a SendRequest for 3 bytes and TAT=Physical
2026-07-29 15:43:08,828 [DEBUG] Tx: <7A6> (08) [ ]	 0322b30200000000
2026-07-29 15:43:08,829 [DEBUG] We've been asked to write a message to the bus
2026-07-29 15:43:08,831 [DEBUG] sending: Timestamp:        0.000000    ID:      7a6    S Rx       BS       DL:  8    03 22 b3 02 00 00 00 00
2026-07-29 15:43:08,845 [DEBUG] We've been asked to write a message to the bus
2026-07-29 15:43:08,848 [DEBUG] sending: Timestamp:        0.000000    ID:      7a6    S Rx       BS       DL:  8    30 08 0a 00 00 00 00 00
2026-07-29 15:43:08,849 [DEBUG] Rx: <7AE> (08) [p]	 100962b302ffff00
2026-07-29 15:43:08,851 [DEBUG] Tx: <7A6> (08) [ ]	 30080a0000000000
2026-07-29 15:43:08,854 [DEBUG] We've been asked to write a message to the bus
2026-07-29 15:43:08,855 [DEBUG] sending: Timestamp:        0.000000    ID:      7a6    S Rx       BS       DL:  8    30 08 0a 00 00 00 00 00
2026-07-29 15:43:08,856 [DEBUG] TxState=IDLE - RxState=WAIT_CF
2026-07-29 15:43:08,865 [DEBUG] Rx: <7AE> (08) [p]	 21000086aaaaaaaa
2026-07-29 15:43:08,914 [INFO] TC_ID-246 - Received: 62B302FFFF00000086
2026-07-29 15:43:08,916 [WARNING] TC_ID-246 - PreCondition: PC_ID-030  Testcase:- Input Output Record Local Identifier #1(Extended session) -> ❌ FAIL - Expected 100962B302FFFF00000093AAAAAAAA
2026-07-29 15:43:08,917 [DEBUG] Stopping CanStack
2026-07-29 15:43:08,919 [DEBUG] TxState=IDLE - RxState=IDLE
2026-07-29 15:43:08,920 [DEBUG] Main thread is exiting
2026-07-29 15:43:08,969 [DEBUG] CanStack Stopped
2026-07-29 15:43:08,972 [INFO] Connection closed
2026-07-29 15:43:08,973 [INFO] Running Test Case: TC_ID-247
2026-07-29 15:43:08,974 [DEBUG] Starting CanStack
2026-07-29 15:43:08,975 [DEBUG] Main thread has started
2026-07-29 15:43:08,976 [DEBUG] Relay thread has started
2026-07-29 15:43:08,978 [INFO] Connection opened
2026-07-29 15:43:08,979 [INFO] Switched to physical mode for TC: TC_ID-247 Step: PreCondition: PC_ID-030  Testcase:- Input Output Record Local Identifier #2(Extended session)
2026-07-29 15:43:08,979 [INFO] TC_ID-247 - PreCondition: PC_ID-030  Testcase:- Input Output Record Local Identifier #2(Extended session): SID=0x22, Sub=0xB303, Expected=[16, 11, 98, 179, 3, 255, 255, 255, 1, 8, 0, 0, 1, 170, 170]
2026-07-29 15:43:09,078 [INFO] TC_ID-247 - PreCondition: PC_ID-030  Testcase:- Input Output Record Local Identifier #2(Extended session): Sending request 22B303
2026-07-29 15:43:09,079 [INFO] TC_ID-247 - PreCondition: PC_ID-030  Testcase:- Input Output Record Local Identifier #2(Extended session): Sending request 22B303
2026-07-29 15:43:09,080 [DEBUG] Sending 3 bytes : [22b303]
2026-07-29 15:43:09,081 [DEBUG] Enqueuing a SendRequest for 3 bytes and TAT=Physical
2026-07-29 15:43:09,083 [DEBUG] Tx: <7A6> (08) [ ]	 0322b30300000000
2026-07-29 15:43:09,084 [DEBUG] We've been asked to write a message to the bus
2026-07-29 15:43:09,085 [DEBUG] sending: Timestamp:        0.000000    ID:      7a6    S Rx       BS       DL:  8    03 22 b3 03 00 00 00 00
2026-07-29 15:43:09,096 [DEBUG] We've been asked to write a message to the bus
2026-07-29 15:43:09,097 [DEBUG] Rx: <7AE> (08) [p]	 100b62b303ffffff
2026-07-29 15:43:09,099 [DEBUG] sending: Timestamp:        0.000000    ID:      7a6    S Rx       BS       DL:  8    30 08 0a 00 00 00 00 00
2026-07-29 15:43:09,100 [DEBUG] Tx: <7A6> (08) [ ]	 30080a0000000000
2026-07-29 15:43:09,103 [DEBUG] We've been asked to write a message to the bus
2026-07-29 15:43:09,105 [DEBUG] sending: Timestamp:        0.000000    ID:      7a6    S Rx       BS       DL:  8    30 08 0a 00 00 00 00 00
2026-07-29 15:43:09,106 [DEBUG] TxState=IDLE - RxState=WAIT_CF
2026-07-29 15:43:09,127 [DEBUG] Rx: <7AE> (08) [p]	 210108000001aaaa
2026-07-29 15:43:09,175 [INFO] TC_ID-247 - Received: 62B303FFFFFF0108000001
2026-07-29 15:43:09,176 [WARNING] TC_ID-247 - PreCondition: PC_ID-030  Testcase:- Input Output Record Local Identifier #2(Extended session) -> ❌ FAIL - Expected 100B62B303FFFFFF0108000001AAAA
2026-07-29 15:43:09,177 [DEBUG] Stopping CanStack
2026-07-29 15:43:09,178 [DEBUG] TxState=IDLE - RxState=IDLE
2026-07-29 15:43:09,179 [DEBUG] Main thread is exiting
2026-07-29 15:43:09,228 [DEBUG] CanStack Stopped
2026-07-29 15:43:09,228 [INFO] Connection closed
2026-07-29 15:43:09,229 [INFO] Running Test Case: TC_ID-248
2026-07-29 15:43:09,230 [DEBUG] Starting CanStack
2026-07-29 15:43:09,231 [DEBUG] Main thread has started
2026-07-29 15:43:09,232 [DEBUG] Relay thread has started
2026-07-29 15:43:09,234 [INFO] Connection opened
2026-07-29 15:43:09,234 [INFO] Switched to physical mode for TC: TC_ID-248 Step: PreCondition: PC_ID-030  Testcase:RX_SWIN_F1_EF_Read(Extended session)
2026-07-29 15:43:09,235 [INFO] TC_ID-248 - PreCondition: PC_ID-030  Testcase:RX_SWIN_F1_EF_Read(Extended session): SID=0x22, Sub=0xF1EF, Expected=[16, 43, 98, 241, 239, 7, 166, 11, 82, 49, 48, 32, 77, 81, 52, 47, 49, 47, 48, 12, 82, 49, 53, 53, 32, 77, 81, 52, 47, 49, 47, 48, 12, 82, 49, 53, 54, 32, 77, 81, 52, 47, 49, 47, 48, 170, 170, 170, 170, 170]
2026-07-29 15:43:09,318 [INFO] TC_ID-248 - PreCondition: PC_ID-030  Testcase:RX_SWIN_F1_EF_Read(Extended session): Sending request 22F1EF
2026-07-29 15:43:09,318 [INFO] TC_ID-248 - PreCondition: PC_ID-030  Testcase:RX_SWIN_F1_EF_Read(Extended session): Sending request 22F1EF
2026-07-29 15:43:09,319 [DEBUG] Sending 3 bytes : [22f1ef]
2026-07-29 15:43:09,320 [DEBUG] Enqueuing a SendRequest for 3 bytes and TAT=Physical
2026-07-29 15:43:09,321 [DEBUG] Tx: <7A6> (08) [ ]	 0322f1ef00000000
2026-07-29 15:43:09,322 [DEBUG] We've been asked to write a message to the bus
2026-07-29 15:43:09,323 [DEBUG] sending: Timestamp:        0.000000    ID:      7a6    S Rx       BS       DL:  8    03 22 f1 ef 00 00 00 00
2026-07-29 15:43:09,335 [DEBUG] We've been asked to write a message to the bus
2026-07-29 15:43:09,339 [DEBUG] sending: Timestamp:        0.000000    ID:      7a6    S Rx       BS       DL:  8    30 08 0a 00 00 00 00 00
2026-07-29 15:43:09,340 [DEBUG] Rx: <7AE> (08) [p]	 102b62f1ef07a60b
2026-07-29 15:43:09,342 [DEBUG] Tx: <7A6> (08) [ ]	 30080a0000000000
2026-07-29 15:43:09,345 [DEBUG] We've been asked to write a message to the bus
2026-07-29 15:43:09,346 [DEBUG] sending: Timestamp:        0.000000    ID:      7a6    S Rx       BS       DL:  8    30 08 0a 00 00 00 00 00
2026-07-29 15:43:09,347 [DEBUG] TxState=IDLE - RxState=WAIT_CF
2026-07-29 15:43:09,367 [DEBUG] Rx: <7AE> (08) [p]	 21523130204d5134
2026-07-29 15:43:09,398 [DEBUG] Rx: <7AE> (08) [p]	 222f312f300c5231
2026-07-29 15:43:09,415 [DEBUG] Rx: <7AE> (08) [p]	 233535204d51342f
2026-07-29 15:43:09,435 [DEBUG] Rx: <7AE> (08) [p]	 24312f300c523135
2026-07-29 15:43:09,460 [DEBUG] Rx: <7AE> (08) [p]	 2536204d51342f31
2026-07-29 15:43:09,475 [DEBUG] Rx: <7AE> (08) [p]	 262f30aaaaaaaaaa
2026-07-29 15:43:09,524 [INFO] TC_ID-248 - Received: 62F1EF07A60B523130204D51342F312F300C52313535204D51342F312F300C52313536204D51342F312F30
2026-07-29 15:43:09,528 [DEBUG] TxState=IDLE - RxState=IDLE
2026-07-29 15:43:09,529 [WARNING] TC_ID-248 - PreCondition: PC_ID-030  Testcase:RX_SWIN_F1_EF_Read(Extended session) -> ❌ FAIL - Expected 102B62F1EF07A60B523130204D51342F312F300C52313535204D51342F312F300C52313536204D51342F312F30AAAAAAAAAA
2026-07-29 15:43:09,530 [DEBUG] Stopping CanStack
2026-07-29 15:43:09,531 [DEBUG] Main thread is exiting
2026-07-29 15:43:09,578 [DEBUG] CanStack Stopped
2026-07-29 15:43:09,579 [INFO] Connection closed
2026-07-29 15:43:09,579 [INFO] Running Test Case: TC_ID-249
2026-07-29 15:43:09,580 [DEBUG] Starting CanStack
2026-07-29 15:43:09,581 [DEBUG] Main thread has started
2026-07-29 15:43:09,582 [DEBUG] Relay thread has started
2026-07-29 15:43:09,583 [INFO] Connection opened
2026-07-29 15:43:09,584 [INFO] Switched to physical mode for TC: TC_ID-249 Step: PreCondition: PC_ID-030  Testcase:B_CAN_Database_Version_F1_00_Read(Extendedsession)
2026-07-29 15:43:09,585 [INFO] TC_ID-249 - PreCondition: PC_ID-030  Testcase:B_CAN_Database_Version_F1_00_Read(Extendedsession): SID=0x22, Sub=0xF100, Expected=[6, 98, 241, 0, 49, 46, 48, 170]
2026-07-29 15:43:09,686 [INFO] TC_ID-249 - PreCondition: PC_ID-030  Testcase:B_CAN_Database_Version_F1_00_Read(Extendedsession): Sending request 22F100
2026-07-29 15:43:09,687 [INFO] TC_ID-249 - PreCondition: PC_ID-030  Testcase:B_CAN_Database_Version_F1_00_Read(Extendedsession): Sending request 22F100
2026-07-29 15:43:09,688 [DEBUG] Sending 3 bytes : [22f100]
2026-07-29 15:43:09,689 [DEBUG] Enqueuing a SendRequest for 3 bytes and TAT=Physical
2026-07-29 15:43:09,692 [DEBUG] Tx: <7A6> (08) [ ]	 0322f10000000000
2026-07-29 15:43:09,693 [DEBUG] We've been asked to write a message to the bus
2026-07-29 15:43:09,694 [DEBUG] sending: Timestamp:        0.000000    ID:      7a6    S Rx       BS       DL:  8    03 22 f1 00 00 00 00 00
2026-07-29 15:43:09,706 [DEBUG] Rx: <7AE> (08) [p]	 0662f100312e30aa
2026-07-29 15:43:09,755 [INFO] TC_ID-249 - Received: 62F100312E30
2026-07-29 15:43:09,756 [WARNING] TC_ID-249 - PreCondition: PC_ID-030  Testcase:B_CAN_Database_Version_F1_00_Read(Extendedsession) -> ❌ FAIL - Expected 0662F100312E30AA
2026-07-29 15:43:09,756 [DEBUG] Stopping CanStack
2026-07-29 15:43:09,757 [DEBUG] Main thread is exiting
2026-07-29 15:43:09,806 [DEBUG] CanStack Stopped
2026-07-29 15:43:09,807 [INFO] Connection closed
2026-07-29 15:43:09,808 [INFO] Running Test Case: TC_ID-250
2026-07-29 15:43:09,808 [DEBUG] Starting CanStack
2026-07-29 15:43:09,809 [DEBUG] Main thread has started
2026-07-29 15:43:09,810 [DEBUG] Relay thread has started
2026-07-29 15:43:09,812 [INFO] Connection opened
2026-07-29 15:43:09,814 [INFO] Switched to physical mode for TC: TC_ID-250 Step: PreCondition: PC_ID-030  Testcase:Vehicle_Manufacturer_Spare_Part_Number_F1_87_Read(Extendedsession)
2026-07-29 15:43:09,815 [INFO] TC_ID-250 - PreCondition: PC_ID-030  Testcase:Vehicle_Manufacturer_Spare_Part_Number_F1_87_Read(Extendedsession): SID=0x22, Sub=0xF187, Expected=[16, 13, 98, 241, 135, 57, 51, 52, 68, 56, 71, 66, 53, 49, 48]
2026-07-29 15:43:09,921 [INFO] TC_ID-250 - PreCondition: PC_ID-030  Testcase:Vehicle_Manufacturer_Spare_Part_Number_F1_87_Read(Extendedsession): Sending request 22F187
2026-07-29 15:43:09,922 [INFO] TC_ID-250 - PreCondition: PC_ID-030  Testcase:Vehicle_Manufacturer_Spare_Part_Number_F1_87_Read(Extendedsession): Sending request 22F187
2026-07-29 15:43:09,923 [DEBUG] Sending 3 bytes : [22f187]
2026-07-29 15:43:09,924 [DEBUG] Enqueuing a SendRequest for 3 bytes and TAT=Physical
2026-07-29 15:43:09,926 [DEBUG] Tx: <7A6> (08) [ ]	 0322f18700000000
2026-07-29 15:43:09,927 [DEBUG] We've been asked to write a message to the bus
2026-07-29 15:43:09,928 [DEBUG] sending: Timestamp:        0.000000    ID:      7a6    S Rx       BS       DL:  8    03 22 f1 87 00 00 00 00
2026-07-29 15:43:09,939 [DEBUG] We've been asked to write a message to the bus
2026-07-29 15:43:09,940 [DEBUG] Rx: <7AE> (08) [p]	 100d62f187393334
2026-07-29 15:43:09,941 [DEBUG] sending: Timestamp:        0.000000    ID:      7a6    S Rx       BS       DL:  8    30 08 0a 00 00 00 00 00
2026-07-29 15:43:09,942 [DEBUG] Tx: <7A6> (08) [ ]	 30080a0000000000
2026-07-29 15:43:09,945 [DEBUG] We've been asked to write a message to the bus
2026-07-29 15:43:09,947 [DEBUG] sending: Timestamp:        0.000000    ID:      7a6    S Rx       BS       DL:  8    30 08 0a 00 00 00 00 00
2026-07-29 15:43:09,949 [DEBUG] TxState=IDLE - RxState=WAIT_CF
2026-07-29 15:43:09,969 [DEBUG] Rx: <7AE> (08) [p]	 2144384742353130
2026-07-29 15:43:10,019 [INFO] TC_ID-250 - Received: 62F18739333444384742353130
2026-07-29 15:43:10,020 [WARNING] TC_ID-250 - PreCondition: PC_ID-030  Testcase:Vehicle_Manufacturer_Spare_Part_Number_F1_87_Read(Extendedsession) -> ❌ FAIL - Expected 100D62F18739333444384742353130
2026-07-29 15:43:10,021 [DEBUG] TxState=IDLE - RxState=IDLE
2026-07-29 15:43:10,021 [DEBUG] Stopping CanStack
2026-07-29 15:43:10,023 [DEBUG] Main thread is exiting
2026-07-29 15:43:10,069 [DEBUG] CanStack Stopped
2026-07-29 15:43:10,070 [INFO] Connection closed
2026-07-29 15:43:10,070 [INFO] Running Test Case: TC_ID-251
2026-07-29 15:43:10,071 [DEBUG] Starting CanStack
2026-07-29 15:43:10,072 [DEBUG] Main thread has started
2026-07-29 15:43:10,073 [DEBUG] Relay thread has started
2026-07-29 15:43:10,074 [INFO] Connection opened
2026-07-29 15:43:10,075 [INFO] Switched to physical mode for TC: TC_ID-251 Step: PreCondition: PC_ID-030  Testcase:Manufacturing_F1_8B_Read(Extendedsession)
2026-07-29 15:43:10,075 [INFO] TC_ID-251 - PreCondition: PC_ID-030  Testcase:Manufacturing_F1_8B_Read(Extendedsession): SID=0x22, Sub=0xF18B, Expected=[7, 98, 241, 139, 32, 37, 18, 25]
2026-07-29 15:43:10,162 [INFO] TC_ID-251 - PreCondition: PC_ID-030  Testcase:Manufacturing_F1_8B_Read(Extendedsession): Sending request 22F18B
2026-07-29 15:43:10,163 [INFO] TC_ID-251 - PreCondition: PC_ID-030  Testcase:Manufacturing_F1_8B_Read(Extendedsession): Sending request 22F18B
2026-07-29 15:43:10,164 [DEBUG] Sending 3 bytes : [22f18b]
2026-07-29 15:43:10,165 [DEBUG] Enqueuing a SendRequest for 3 bytes and TAT=Physical
2026-07-29 15:43:10,167 [DEBUG] Tx: <7A6> (08) [ ]	 0322f18b00000000
2026-07-29 15:43:10,168 [DEBUG] We've been asked to write a message to the bus
2026-07-29 15:43:10,169 [DEBUG] sending: Timestamp:        0.000000    ID:      7a6    S Rx       BS       DL:  8    03 22 f1 8b 00 00 00 00
2026-07-29 15:43:10,180 [DEBUG] Rx: <7AE> (08) [p]	 0762f18b20251219
2026-07-29 15:43:10,225 [INFO] TC_ID-251 - Received: 62F18B20251219
2026-07-29 15:43:10,226 [WARNING] TC_ID-251 - PreCondition: PC_ID-030  Testcase:Manufacturing_F1_8B_Read(Extendedsession) -> ❌ FAIL - Expected 0762F18B20251219
2026-07-29 15:43:10,227 [DEBUG] Stopping CanStack
2026-07-29 15:43:10,228 [DEBUG] Main thread is exiting
2026-07-29 15:43:10,278 [DEBUG] CanStack Stopped
2026-07-29 15:43:10,279 [INFO] Connection closed
2026-07-29 15:43:10,280 [INFO] Running Test Case: TC_ID-252
2026-07-29 15:43:10,280 [DEBUG] Starting CanStack
2026-07-29 15:43:10,281 [DEBUG] Main thread has started
2026-07-29 15:43:10,282 [DEBUG] Relay thread has started
2026-07-29 15:43:10,284 [INFO] Connection opened
2026-07-29 15:43:10,284 [INFO] Switched to physical mode for TC: TC_ID-252 Step: PreCondition: PC_ID-030  Testcase:ECU_Serial_Number_F1_8C_Read(Extendedsession)
2026-07-29 15:43:10,285 [INFO] TC_ID-252 - PreCondition: PC_ID-030  Testcase:ECU_Serial_Number_F1_8C_Read(Extendedsession): SID=0x22, Sub=0xF18C, Expected=[16, 11, 98, 241, 140, 48, 48, 48, 48, 48, 48, 48, 49, 170, 170]
2026-07-29 15:43:10,377 [INFO] TC_ID-252 - PreCondition: PC_ID-030  Testcase:ECU_Serial_Number_F1_8C_Read(Extendedsession): Sending request 22F18C
2026-07-29 15:43:10,378 [INFO] TC_ID-252 - PreCondition: PC_ID-030  Testcase:ECU_Serial_Number_F1_8C_Read(Extendedsession): Sending request 22F18C
2026-07-29 15:43:10,379 [DEBUG] Sending 3 bytes : [22f18c]
2026-07-29 15:43:10,380 [DEBUG] Enqueuing a SendRequest for 3 bytes and TAT=Physical
2026-07-29 15:43:10,382 [DEBUG] Tx: <7A6> (08) [ ]	 0322f18c00000000
2026-07-29 15:43:10,384 [DEBUG] We've been asked to write a message to the bus
2026-07-29 15:43:10,385 [DEBUG] sending: Timestamp:        0.000000    ID:      7a6    S Rx       BS       DL:  8    03 22 f1 8c 00 00 00 00
2026-07-29 15:43:10,396 [DEBUG] We've been asked to write a message to the bus
2026-07-29 15:43:10,397 [DEBUG] Rx: <7AE> (08) [p]	 100b62f18c303030
2026-07-29 15:43:10,398 [DEBUG] sending: Timestamp:        0.000000    ID:      7a6    S Rx       BS       DL:  8    30 08 0a 00 00 00 00 00
2026-07-29 15:43:10,400 [DEBUG] Tx: <7A6> (08) [ ]	 30080a0000000000
2026-07-29 15:43:10,402 [DEBUG] We've been asked to write a message to the bus
2026-07-29 15:43:10,404 [DEBUG] sending: Timestamp:        0.000000    ID:      7a6    S Rx       BS       DL:  8    30 08 0a 00 00 00 00 00
2026-07-29 15:43:10,406 [DEBUG] TxState=IDLE - RxState=WAIT_CF
2026-07-29 15:43:10,426 [DEBUG] Rx: <7AE> (08) [p]	 213030303031aaaa
2026-07-29 15:43:10,477 [INFO] TC_ID-252 - Received: 62F18C3030303030303031
2026-07-29 15:43:10,479 [WARNING] TC_ID-252 - PreCondition: PC_ID-030  Testcase:ECU_Serial_Number_F1_8C_Read(Extendedsession) -> ❌ FAIL - Expected 100B62F18C3030303030303031AAAA
2026-07-29 15:43:10,479 [DEBUG] TxState=IDLE - RxState=IDLE
2026-07-29 15:43:10,480 [DEBUG] Stopping CanStack
2026-07-29 15:43:10,481 [DEBUG] Main thread is exiting
2026-07-29 15:43:10,526 [DEBUG] CanStack Stopped
2026-07-29 15:43:10,527 [INFO] Connection closed
2026-07-29 15:43:10,528 [INFO] Running Test Case: TC_ID-253
2026-07-29 15:43:10,528 [DEBUG] Starting CanStack
2026-07-29 15:43:10,530 [DEBUG] Main thread has started
2026-07-29 15:43:10,530 [DEBUG] Relay thread has started
2026-07-29 15:43:10,532 [INFO] Connection opened
2026-07-29 15:43:10,532 [INFO] Switched to physical mode for TC: TC_ID-253 Step: PreCondition: PC_ID-030  Testcase:Vehicle_Manufacturer_ECU_HW_Number_F1_91_Read(Extendedsession)
2026-07-29 15:43:10,533 [INFO] TC_ID-253 - PreCondition: PC_ID-030  Testcase:Vehicle_Manufacturer_ECU_HW_Number_F1_91_Read(Extendedsession): SID=0x22, Sub=0xF191, Expected=[7, 98, 241, 145, 49, 46, 48, 48]
2026-07-29 15:43:10,629 [INFO] TC_ID-253 - PreCondition: PC_ID-030  Testcase:Vehicle_Manufacturer_ECU_HW_Number_F1_91_Read(Extendedsession): Sending request 22F191
2026-07-29 15:43:10,630 [INFO] TC_ID-253 - PreCondition: PC_ID-030  Testcase:Vehicle_Manufacturer_ECU_HW_Number_F1_91_Read(Extendedsession): Sending request 22F191
2026-07-29 15:43:10,631 [DEBUG] Sending 3 bytes : [22f191]
2026-07-29 15:43:10,633 [DEBUG] Enqueuing a SendRequest for 3 bytes and TAT=Physical
2026-07-29 15:43:10,635 [DEBUG] Tx: <7A6> (08) [ ]	 0322f19100000000
2026-07-29 15:43:10,637 [DEBUG] We've been asked to write a message to the bus
2026-07-29 15:43:10,639 [DEBUG] sending: Timestamp:        0.000000    ID:      7a6    S Rx       BS       DL:  8    03 22 f1 91 00 00 00 00
2026-07-29 15:43:10,655 [DEBUG] Rx: <7AE> (08) [p]	 0762f191312e3030
2026-07-29 15:43:10,706 [INFO] TC_ID-253 - Received: 62F191312E3030
2026-07-29 15:43:10,707 [WARNING] TC_ID-253 - PreCondition: PC_ID-030  Testcase:Vehicle_Manufacturer_ECU_HW_Number_F1_91_Read(Extendedsession) -> ❌ FAIL - Expected 0762F191312E3030
2026-07-29 15:43:10,708 [DEBUG] Stopping CanStack
2026-07-29 15:43:10,708 [DEBUG] Main thread is exiting
2026-07-29 15:43:10,755 [DEBUG] CanStack Stopped
2026-07-29 15:43:10,756 [INFO] Connection closed
2026-07-29 15:43:10,756 [INFO] Running Test Case: TC_ID-254
2026-07-29 15:43:10,757 [DEBUG] Starting CanStack
2026-07-29 15:43:10,758 [DEBUG] Main thread has started
2026-07-29 15:43:10,759 [DEBUG] Relay thread has started
2026-07-29 15:43:10,760 [INFO] Connection opened
2026-07-29 15:43:10,761 [INFO] Switched to physical mode for TC: TC_ID-254 Step: PreCondition: PC_ID-030  Testcase:HardwareVersionNumber_F1_93_Read(Extendedsession)
2026-07-29 15:43:10,761 [INFO] TC_ID-254 - PreCondition: PC_ID-030  Testcase:HardwareVersionNumber_F1_93_Read(Extendedsession): SID=0x22, Sub=0xF193, Expected=[7, 98, 241, 147, 49, 46, 48, 48]
2026-07-29 15:43:10,852 [INFO] TC_ID-254 - PreCondition: PC_ID-030  Testcase:HardwareVersionNumber_F1_93_Read(Extendedsession): Sending request 22F193
2026-07-29 15:43:10,853 [INFO] TC_ID-254 - PreCondition: PC_ID-030  Testcase:HardwareVersionNumber_F1_93_Read(Extendedsession): Sending request 22F193
2026-07-29 15:43:10,854 [DEBUG] Sending 3 bytes : [22f193]
2026-07-29 15:43:10,856 [DEBUG] Enqueuing a SendRequest for 3 bytes and TAT=Physical
2026-07-29 15:43:10,858 [DEBUG] Tx: <7A6> (08) [ ]	 0322f19300000000
2026-07-29 15:43:10,859 [DEBUG] We've been asked to write a message to the bus
2026-07-29 15:43:10,860 [DEBUG] sending: Timestamp:        0.000000    ID:      7a6    S Rx       BS       DL:  8    03 22 f1 93 00 00 00 00
2026-07-29 15:43:10,875 [DEBUG] Rx: <7AE> (08) [p]	 0762f193312e3030
2026-07-29 15:43:10,926 [INFO] TC_ID-254 - Received: 62F193312E3030
2026-07-29 15:43:10,928 [WARNING] TC_ID-254 - PreCondition: PC_ID-030  Testcase:HardwareVersionNumber_F1_93_Read(Extendedsession) -> ❌ FAIL - Expected 0762F193312E3030
2026-07-29 15:43:10,928 [DEBUG] Stopping CanStack
2026-07-29 15:43:10,929 [DEBUG] Main thread is exiting
2026-07-29 15:43:10,977 [DEBUG] CanStack Stopped
2026-07-29 15:43:10,979 [INFO] Connection closed
2026-07-29 15:43:10,980 [INFO] Running Test Case: TC_ID-255
2026-07-29 15:43:10,980 [DEBUG] Starting CanStack
2026-07-29 15:43:10,982 [DEBUG] Main thread has started
2026-07-29 15:43:10,983 [DEBUG] Relay thread has started
2026-07-29 15:43:11,060 [INFO] Connection opened
2026-07-29 15:43:11,061 [INFO] Switched to physical mode for TC: TC_ID-255 Step: PreCondition: PC_ID-030  Testcase:ECUSoftwareUnit1IVDDataIdentifier_F1_C1_Read(Extendedsession)
2026-07-29 15:43:11,062 [INFO] TC_ID-255 - PreCondition: PC_ID-030  Testcase:ECUSoftwareUnit1IVDDataIdentifier_F1_C1_Read(Extendedsession): SID=0x22, Sub=0xF1C1, Expected=[3, 98, 241, 193, 170, 170, 170, 170]
2026-07-29 15:43:11,180 [INFO] TC_ID-255 - PreCondition: PC_ID-030  Testcase:ECUSoftwareUnit1IVDDataIdentifier_F1_C1_Read(Extendedsession): Sending request 22F1C1
2026-07-29 15:43:11,181 [INFO] TC_ID-255 - PreCondition: PC_ID-030  Testcase:ECUSoftwareUnit1IVDDataIdentifier_F1_C1_Read(Extendedsession): Sending request 22F1C1
2026-07-29 15:43:11,183 [DEBUG] Sending 3 bytes : [22f1c1]
2026-07-29 15:43:11,184 [DEBUG] Enqueuing a SendRequest for 3 bytes and TAT=Physical
2026-07-29 15:43:11,186 [DEBUG] Tx: <7A6> (08) [ ]	 0322f1c100000000
2026-07-29 15:43:11,188 [DEBUG] We've been asked to write a message to the bus
2026-07-29 15:43:11,189 [DEBUG] sending: Timestamp:        0.000000    ID:      7a6    S Rx       BS       DL:  8    03 22 f1 c1 00 00 00 00
2026-07-29 15:43:11,205 [DEBUG] Rx: <7AE> (08) [p]	 037f2222aaaaaaaa
2026-07-29 15:43:11,255 [INFO] TC_ID-255 - Received: 7F2222
2026-07-29 15:43:11,256 [WARNING] TC_ID-255 - PreCondition: PC_ID-030  Testcase:ECUSoftwareUnit1IVDDataIdentifier_F1_C1_Read(Extendedsession) -> ❌ FAIL - Expected 0362F1C1AAAAAAAA
2026-07-29 15:43:11,257 [DEBUG] Stopping CanStack
2026-07-29 15:43:11,258 [DEBUG] Main thread is exiting
2026-07-29 15:43:11,307 [DEBUG] CanStack Stopped
2026-07-29 15:43:11,308 [INFO] Connection closed
2026-07-29 15:43:11,309 [INFO] Running Test Case: TC_ID-256
2026-07-29 15:43:11,309 [DEBUG] Starting CanStack
2026-07-29 15:43:11,311 [DEBUG] Main thread has started
2026-07-29 15:43:11,312 [DEBUG] Relay thread has started
2026-07-29 15:43:11,314 [INFO] Connection opened
2026-07-29 15:43:11,315 [INFO] Switched to physical mode for TC: TC_ID-256 Step: PreCondition: PC_ID-030  Testcase:ECUSoftwareUnit2 IVDDataIdentifier_F1_C2_Read(Defaultsession)
2026-07-29 15:43:11,316 [INFO] TC_ID-256 - PreCondition: PC_ID-030  Testcase:ECUSoftwareUnit2 IVDDataIdentifier_F1_C2_Read(Defaultsession): SID=0x22, Sub=0xF1C2, Expected=[3, 98, 241, 194, 170, 170, 170, 170]
2026-07-29 15:43:11,413 [INFO] TC_ID-256 - PreCondition: PC_ID-030  Testcase:ECUSoftwareUnit2 IVDDataIdentifier_F1_C2_Read(Defaultsession): Sending request 22F1C2
2026-07-29 15:43:11,414 [INFO] TC_ID-256 - PreCondition: PC_ID-030  Testcase:ECUSoftwareUnit2 IVDDataIdentifier_F1_C2_Read(Defaultsession): Sending request 22F1C2
2026-07-29 15:43:11,415 [DEBUG] Sending 3 bytes : [22f1c2]
2026-07-29 15:43:11,416 [DEBUG] Enqueuing a SendRequest for 3 bytes and TAT=Physical
2026-07-29 15:43:11,418 [DEBUG] Tx: <7A6> (08) [ ]	 0322f1c200000000
2026-07-29 15:43:11,420 [DEBUG] We've been asked to write a message to the bus
2026-07-29 15:43:11,420 [DEBUG] sending: Timestamp:        0.000000    ID:      7a6    S Rx       BS       DL:  8    03 22 f1 c2 00 00 00 00
2026-07-29 15:43:11,435 [DEBUG] Rx: <7AE> (08) [p]	 037f2212aaaaaaaa
2026-07-29 15:43:11,487 [INFO] TC_ID-256 - Received: 7F2212
2026-07-29 15:43:11,488 [WARNING] TC_ID-256 - PreCondition: PC_ID-030  Testcase:ECUSoftwareUnit2 IVDDataIdentifier_F1_C2_Read(Defaultsession) -> ❌ FAIL - Expected 0362F1C2AAAAAAAA
2026-07-29 15:43:11,489 [DEBUG] Stopping CanStack
2026-07-29 15:43:11,490 [DEBUG] Main thread is exiting
2026-07-29 15:43:11,537 [DEBUG] CanStack Stopped
2026-07-29 15:43:11,541 [INFO] Connection closed
2026-07-29 15:43:11,541 [INFO] Running Test Case: TC_ID-257
2026-07-29 15:43:11,542 [DEBUG] Starting CanStack
2026-07-29 15:43:11,544 [DEBUG] Main thread has started
2026-07-29 15:43:11,545 [DEBUG] Relay thread has started
2026-07-29 15:43:11,546 [INFO] Connection opened
2026-07-29 15:43:11,547 [INFO] Switched to physical mode for TC: TC_ID-257 Step: PreCondition: PC_ID-030  Testcase:SystemSupplierECUSoftwareVersionNumbe_DataIdentifier_F1_95_Read(Extendedsession)
2026-07-29 15:43:11,548 [INFO] TC_ID-257 - PreCondition: PC_ID-030  Testcase:SystemSupplierECUSoftwareVersionNumbe_DataIdentifier_F1_95_Read(Extendedsession): SID=0x22, Sub=0xF195, Expected=[7, 98, 241, 149, 49, 46, 48, 48]
2026-07-29 15:43:11,656 [INFO] TC_ID-257 - PreCondition: PC_ID-030  Testcase:SystemSupplierECUSoftwareVersionNumbe_DataIdentifier_F1_95_Read(Extendedsession): Sending request 22F195
2026-07-29 15:43:11,657 [INFO] TC_ID-257 - PreCondition: PC_ID-030  Testcase:SystemSupplierECUSoftwareVersionNumbe_DataIdentifier_F1_95_Read(Extendedsession): Sending request 22F195
2026-07-29 15:43:11,658 [DEBUG] Sending 3 bytes : [22f195]
2026-07-29 15:43:11,660 [DEBUG] Enqueuing a SendRequest for 3 bytes and TAT=Physical
2026-07-29 15:43:11,662 [DEBUG] Tx: <7A6> (08) [ ]	 0322f19500000000
2026-07-29 15:43:11,663 [DEBUG] We've been asked to write a message to the bus
2026-07-29 15:43:11,664 [DEBUG] sending: Timestamp:        0.000000    ID:      7a6    S Rx       BS       DL:  8    03 22 f1 95 00 00 00 00
2026-07-29 15:43:11,676 [DEBUG] Rx: <7AE> (08) [p]	 0762f195312e3030
2026-07-29 15:43:11,726 [INFO] TC_ID-257 - Received: 62F195312E3030
2026-07-29 15:43:11,727 [WARNING] TC_ID-257 - PreCondition: PC_ID-030  Testcase:SystemSupplierECUSoftwareVersionNumbe_DataIdentifier_F1_95_Read(Extendedsession) -> ❌ FAIL - Expected 0762F195312E3030
2026-07-29 15:43:11,728 [DEBUG] Stopping CanStack
2026-07-29 15:43:11,729 [DEBUG] Main thread is exiting
2026-07-29 15:43:11,777 [DEBUG] CanStack Stopped
2026-07-29 15:43:11,778 [INFO] Connection closed
2026-07-29 15:43:11,779 [INFO] Running Test Case: TC_ID-258
2026-07-29 15:43:11,779 [DEBUG] Starting CanStack
2026-07-29 15:43:11,781 [DEBUG] Main thread has started
2026-07-29 15:43:11,781 [DEBUG] Relay thread has started
2026-07-29 15:43:11,783 [INFO] Connection opened
2026-07-29 15:43:11,784 [INFO] Switched to physical mode for TC: TC_ID-258 Step: PreCondition: PC_ID-030  Testcase:Software_Version_for_HKMC_Vehicle_Manufacture_F1_A0_Read(Extendedsession)
2026-07-29 15:43:11,785 [INFO] TC_ID-258 - PreCondition: PC_ID-030  Testcase:Software_Version_for_HKMC_Vehicle_Manufacture_F1_A0_Read(Extendedsession): SID=0x22, Sub=0xF1A0, Expected=[7, 98, 241, 160, 49, 46, 48, 48]
2026-07-29 15:43:11,907 [INFO] TC_ID-258 - PreCondition: PC_ID-030  Testcase:Software_Version_for_HKMC_Vehicle_Manufacture_F1_A0_Read(Extendedsession): Sending request 22F1A0
2026-07-29 15:43:11,908 [INFO] TC_ID-258 - PreCondition: PC_ID-030  Testcase:Software_Version_for_HKMC_Vehicle_Manufacture_F1_A0_Read(Extendedsession): Sending request 22F1A0
2026-07-29 15:43:11,909 [DEBUG] Sending 3 bytes : [22f1a0]
2026-07-29 15:43:11,910 [DEBUG] Enqueuing a SendRequest for 3 bytes and TAT=Physical
2026-07-29 15:43:11,912 [DEBUG] Tx: <7A6> (08) [ ]	 0322f1a000000000
2026-07-29 15:43:11,913 [DEBUG] We've been asked to write a message to the bus
2026-07-29 15:43:11,915 [DEBUG] sending: Timestamp:        0.000000    ID:      7a6    S Rx       BS       DL:  8    03 22 f1 a0 00 00 00 00
2026-07-29 15:43:11,926 [DEBUG] Rx: <7AE> (08) [p]	 0762f1a0312e3030
2026-07-29 15:43:11,976 [INFO] TC_ID-258 - Received: 62F1A0312E3030
2026-07-29 15:43:11,977 [WARNING] TC_ID-258 - PreCondition: PC_ID-030  Testcase:Software_Version_for_HKMC_Vehicle_Manufacture_F1_A0_Read(Extendedsession) -> ❌ FAIL - Expected 0762F1A0312E3030
2026-07-29 15:43:11,977 [DEBUG] Stopping CanStack
2026-07-29 15:43:11,979 [DEBUG] Main thread is exiting
2026-07-29 15:43:12,026 [DEBUG] CanStack Stopped
2026-07-29 15:43:12,027 [INFO] Connection closed
2026-07-29 15:43:12,028 [INFO] Running Test Case: TC_ID-259
2026-07-29 15:43:12,028 [DEBUG] Starting CanStack
2026-07-29 15:43:12,029 [DEBUG] Main thread has started
2026-07-29 15:43:12,030 [DEBUG] Relay thread has started
2026-07-29 15:43:12,032 [INFO] Connection opened
2026-07-29 15:43:12,033 [INFO] Switched to physical mode for TC: TC_ID-259 Step: PreCondition: PC_ID-030  Testcase:ECU_Supplier_Code_F1_A1_Read(Extendedsession)
2026-07-29 15:43:12,035 [INFO] TC_ID-259 - PreCondition: PC_ID-030  Testcase:ECU_Supplier_Code_F1_A1_Read(Extendedsession): SID=0x22, Sub=0xF1A1, Expected=[7, 98, 241, 161, 83, 49, 49, 48]
2026-07-29 15:43:12,131 [INFO] TC_ID-259 - PreCondition: PC_ID-030  Testcase:ECU_Supplier_Code_F1_A1_Read(Extendedsession): Sending request 22F1A1
2026-07-29 15:43:12,132 [INFO] TC_ID-259 - PreCondition: PC_ID-030  Testcase:ECU_Supplier_Code_F1_A1_Read(Extendedsession): Sending request 22F1A1
2026-07-29 15:43:12,133 [DEBUG] Sending 3 bytes : [22f1a1]
2026-07-29 15:43:12,134 [DEBUG] Enqueuing a SendRequest for 3 bytes and TAT=Physical
2026-07-29 15:43:12,136 [DEBUG] Tx: <7A6> (08) [ ]	 0322f1a100000000
2026-07-29 15:43:12,137 [DEBUG] We've been asked to write a message to the bus
2026-07-29 15:43:12,138 [DEBUG] sending: Timestamp:        0.000000    ID:      7a6    S Rx       BS       DL:  8    03 22 f1 a1 00 00 00 00
2026-07-29 15:43:12,149 [DEBUG] Rx: <7AE> (08) [p]	 0762f1a153313130
2026-07-29 15:43:12,197 [INFO] TC_ID-259 - Received: 62F1A153313130
2026-07-29 15:43:12,197 [WARNING] TC_ID-259 - PreCondition: PC_ID-030  Testcase:ECU_Supplier_Code_F1_A1_Read(Extendedsession) -> ❌ FAIL - Expected 0762F1A153313130
2026-07-29 15:43:12,198 [DEBUG] Stopping CanStack
2026-07-29 15:43:12,199 [DEBUG] Main thread is exiting
2026-07-29 15:43:12,249 [DEBUG] CanStack Stopped
2026-07-29 15:43:12,250 [INFO] Connection closed
2026-07-29 15:43:12,251 [INFO] Running Test Case: TC_ID-260
2026-07-29 15:43:12,252 [DEBUG] Starting CanStack
2026-07-29 15:43:12,253 [DEBUG] Main thread has started
2026-07-29 15:43:12,254 [DEBUG] Relay thread has started
2026-07-29 15:43:12,255 [INFO] Connection opened
2026-07-29 15:43:12,256 [INFO] Switched to physical mode for TC: TC_ID-260 Step: PreCondition: PC_ID-030  Testcase:ECU_Software_UNIT_number_F1_B0_Read(Extendedsession)
2026-07-29 15:43:12,257 [INFO] TC_ID-260 - PreCondition: PC_ID-030  Testcase:ECU_Software_UNIT_number_F1_B0_Read(Extendedsession): SID=0x22, Sub=0xF1B0, Expected=[4, 98, 241, 176, 1, 170, 170, 170]
2026-07-29 15:43:12,355 [INFO] TC_ID-260 - PreCondition: PC_ID-030  Testcase:ECU_Software_UNIT_number_F1_B0_Read(Extendedsession): Sending request 22F1B0
2026-07-29 15:43:12,356 [INFO] TC_ID-260 - PreCondition: PC_ID-030  Testcase:ECU_Software_UNIT_number_F1_B0_Read(Extendedsession): Sending request 22F1B0
2026-07-29 15:43:12,356 [DEBUG] Sending 3 bytes : [22f1b0]
2026-07-29 15:43:12,357 [DEBUG] Enqueuing a SendRequest for 3 bytes and TAT=Physical
2026-07-29 15:43:12,358 [DEBUG] Tx: <7A6> (08) [ ]	 0322f1b000000000
2026-07-29 15:43:12,359 [DEBUG] We've been asked to write a message to the bus
2026-07-29 15:43:12,359 [DEBUG] sending: Timestamp:        0.000000    ID:      7a6    S Rx       BS       DL:  8    03 22 f1 b0 00 00 00 00
2026-07-29 15:43:12,364 [DEBUG] Rx: <7AE> (08) [p]	 0462f1b001aaaaaa
2026-07-29 15:43:12,413 [INFO] TC_ID-260 - Received: 62F1B001
2026-07-29 15:43:12,415 [WARNING] TC_ID-260 - PreCondition: PC_ID-030  Testcase:ECU_Software_UNIT_number_F1_B0_Read(Extendedsession) -> ❌ FAIL - Expected 0462F1B001AAAAAA
2026-07-29 15:43:12,416 [DEBUG] Stopping CanStack
2026-07-29 15:43:12,417 [DEBUG] Main thread is exiting
2026-07-29 15:43:12,465 [DEBUG] CanStack Stopped
2026-07-29 15:43:12,466 [INFO] Connection closed
2026-07-29 15:43:12,467 [INFO] Running Test Case: TC_ID-261
2026-07-29 15:43:12,468 [DEBUG] Starting CanStack
2026-07-29 15:43:12,469 [DEBUG] Main thread has started
2026-07-29 15:43:12,471 [DEBUG] Relay thread has started
2026-07-29 15:43:12,473 [INFO] Connection opened
2026-07-29 15:43:12,475 [INFO] Switched to physical mode for TC: TC_ID-261 Step: PreCondition: PC_ID-030  Testcase:ECU_Software_UNIT1_Version_F1_B1_Read(Extendedsession)
2026-07-29 15:43:12,476 [INFO] TC_ID-261 - PreCondition: PC_ID-030  Testcase:ECU_Software_UNIT1_Version_F1_B1_Read(Extendedsession): SID=0x22, Sub=0xF1B1, Expected=[7, 98, 241, 177, 49, 46, 48, 48]
2026-07-29 15:43:12,572 [INFO] TC_ID-261 - PreCondition: PC_ID-030  Testcase:ECU_Software_UNIT1_Version_F1_B1_Read(Extendedsession): Sending request 22F1B1
2026-07-29 15:43:12,573 [INFO] TC_ID-261 - PreCondition: PC_ID-030  Testcase:ECU_Software_UNIT1_Version_F1_B1_Read(Extendedsession): Sending request 22F1B1
2026-07-29 15:43:12,574 [DEBUG] Sending 3 bytes : [22f1b1]
2026-07-29 15:43:12,576 [DEBUG] Enqueuing a SendRequest for 3 bytes and TAT=Physical
2026-07-29 15:43:12,577 [DEBUG] Tx: <7A6> (08) [ ]	 0322f1b100000000
2026-07-29 15:43:12,579 [DEBUG] We've been asked to write a message to the bus
2026-07-29 15:43:12,580 [DEBUG] sending: Timestamp:        0.000000    ID:      7a6    S Rx       BS       DL:  8    03 22 f1 b1 00 00 00 00
2026-07-29 15:43:12,595 [DEBUG] Rx: <7AE> (08) [p]	 0762f1b1312e3030
2026-07-29 15:43:12,645 [INFO] TC_ID-261 - Received: 62F1B1312E3030
2026-07-29 15:43:12,646 [WARNING] TC_ID-261 - PreCondition: PC_ID-030  Testcase:ECU_Software_UNIT1_Version_F1_B1_Read(Extendedsession) -> ❌ FAIL - Expected 0762F1B1312E3030
2026-07-29 15:43:12,649 [DEBUG] Stopping CanStack
2026-07-29 15:43:12,651 [DEBUG] Main thread is exiting
2026-07-29 15:43:12,696 [DEBUG] CanStack Stopped
2026-07-29 15:43:12,699 [INFO] Connection closed
2026-07-29 15:43:12,699 [INFO] Running Test Case: TC_ID-262
2026-07-29 15:43:12,700 [DEBUG] Starting CanStack
2026-07-29 15:43:12,702 [DEBUG] Main thread has started
2026-07-29 15:43:12,703 [DEBUG] Relay thread has started
2026-07-29 15:43:12,704 [INFO] Connection opened
2026-07-29 15:43:12,705 [INFO] Switched to physical mode for TC: TC_ID-262 Step: PreCondition: PC_ID-030  Testcase:S_W_Version_Dataidentifier_F1_DD_Read(Extendedsession)
2026-07-29 15:43:12,707 [INFO] TC_ID-262 - PreCondition: PC_ID-030  Testcase:S_W_Version_Dataidentifier_F1_DD_Read(Extendedsession): SID=0x22, Sub=0xF1DD, Expected=[16, 16, 98, 241, 221, 49, 48, 48, 48, 48, 0, 0, 0, 0, 0, 0, 0, 0, 170, 170, 170, 170]
2026-07-29 15:43:12,800 [INFO] TC_ID-262 - PreCondition: PC_ID-030  Testcase:S_W_Version_Dataidentifier_F1_DD_Read(Extendedsession): Sending request 22F1DD
2026-07-29 15:43:12,801 [INFO] TC_ID-262 - PreCondition: PC_ID-030  Testcase:S_W_Version_Dataidentifier_F1_DD_Read(Extendedsession): Sending request 22F1DD
2026-07-29 15:43:12,802 [DEBUG] Sending 3 bytes : [22f1dd]
2026-07-29 15:43:12,803 [DEBUG] Enqueuing a SendRequest for 3 bytes and TAT=Physical
2026-07-29 15:43:12,805 [DEBUG] Tx: <7A6> (08) [ ]	 0322f1dd00000000
2026-07-29 15:43:12,806 [DEBUG] We've been asked to write a message to the bus
2026-07-29 15:43:12,807 [DEBUG] sending: Timestamp:        0.000000    ID:      7a6    S Rx       BS       DL:  8    03 22 f1 dd 00 00 00 00
2026-07-29 15:43:12,817 [DEBUG] We've been asked to write a message to the bus
2026-07-29 15:43:12,820 [DEBUG] Rx: <7AE> (08) [p]	 101062f1dd313030
2026-07-29 15:43:12,820 [DEBUG] sending: Timestamp:        0.000000    ID:      7a6    S Rx       BS       DL:  8    30 08 0a 00 00 00 00 00
2026-07-29 15:43:12,823 [DEBUG] Tx: <7A6> (08) [ ]	 30080a0000000000
2026-07-29 15:43:12,825 [DEBUG] We've been asked to write a message to the bus
2026-07-29 15:43:12,827 [DEBUG] sending: Timestamp:        0.000000    ID:      7a6    S Rx       BS       DL:  8    30 08 0a 00 00 00 00 00
2026-07-29 15:43:12,829 [DEBUG] TxState=IDLE - RxState=WAIT_CF
2026-07-29 15:43:12,848 [DEBUG] Rx: <7AE> (08) [p]	 2130300000000000
2026-07-29 15:43:12,866 [DEBUG] Rx: <7AE> (08) [p]	 22000000aaaaaaaa
2026-07-29 15:43:12,916 [INFO] TC_ID-262 - Received: 62F1DD31303030300000000000000000
2026-07-29 15:43:12,917 [WARNING] TC_ID-262 - PreCondition: PC_ID-030  Testcase:S_W_Version_Dataidentifier_F1_DD_Read(Extendedsession) -> ❌ FAIL - Expected 101062F1DD31303030300000000000000000AAAAAAAA
2026-07-29 15:43:12,918 [DEBUG] Stopping CanStack
2026-07-29 15:43:12,918 [DEBUG] TxState=IDLE - RxState=IDLE
2026-07-29 15:43:12,920 [DEBUG] Main thread is exiting
2026-07-29 15:43:12,966 [DEBUG] CanStack Stopped
2026-07-29 15:43:12,967 [INFO] Connection closed
2026-07-29 15:43:12,968 [INFO] Running Test Case: TC_ID-263
2026-07-29 15:43:12,969 [DEBUG] Starting CanStack
2026-07-29 15:43:12,971 [DEBUG] Main thread has started
2026-07-29 15:43:12,972 [DEBUG] Relay thread has started
2026-07-29 15:43:12,974 [INFO] Connection opened
2026-07-29 15:43:12,974 [INFO] Switched to physical mode for TC: TC_ID-263 Step: PreCondition: PC_ID-030  Testcase:SystemNameOrEngineTypeDataIdentifier_Read(Extendedsession)
2026-07-29 15:43:12,975 [INFO] TC_ID-263 - PreCondition: PC_ID-030  Testcase:SystemNameOrEngineTypeDataIdentifier_Read(Extendedsession): SID=0x22, Sub=0xF197, Expected=[7, 98, 241, 151, 77, 70, 83, 87]
2026-07-29 15:43:13,078 [INFO] TC_ID-263 - PreCondition: PC_ID-030  Testcase:SystemNameOrEngineTypeDataIdentifier_Read(Extendedsession): Sending request 22F197
2026-07-29 15:43:13,080 [INFO] TC_ID-263 - PreCondition: PC_ID-030  Testcase:SystemNameOrEngineTypeDataIdentifier_Read(Extendedsession): Sending request 22F197
2026-07-29 15:43:13,081 [DEBUG] Sending 3 bytes : [22f197]
2026-07-29 15:43:13,083 [DEBUG] Enqueuing a SendRequest for 3 bytes and TAT=Physical
2026-07-29 15:43:13,085 [DEBUG] Tx: <7A6> (08) [ ]	 0322f19700000000
2026-07-29 15:43:13,087 [DEBUG] We've been asked to write a message to the bus
2026-07-29 15:43:13,088 [DEBUG] sending: Timestamp:        0.000000    ID:      7a6    S Rx       BS       DL:  8    03 22 f1 97 00 00 00 00
2026-07-29 15:43:13,105 [DEBUG] Rx: <7AE> (08) [p]	 0762f1974d465357
2026-07-29 15:43:13,155 [INFO] TC_ID-263 - Received: 62F1974D465357
2026-07-29 15:43:13,156 [WARNING] TC_ID-263 - PreCondition: PC_ID-030  Testcase:SystemNameOrEngineTypeDataIdentifier_Read(Extendedsession) -> ❌ FAIL - Expected 0762F1974D465357
2026-07-29 15:43:13,157 [DEBUG] Stopping CanStack
2026-07-29 15:43:13,157 [DEBUG] Main thread is exiting
2026-07-29 15:43:13,205 [DEBUG] CanStack Stopped
2026-07-29 15:43:13,206 [INFO] Connection closed
2026-07-29 15:43:13,206 [INFO] Running Test Case: TC_ID-264
2026-07-29 15:43:13,207 [DEBUG] Starting CanStack
2026-07-29 15:43:13,208 [DEBUG] Main thread has started
2026-07-29 15:43:13,210 [DEBUG] Relay thread has started
2026-07-29 15:43:13,212 [INFO] Connection opened
2026-07-29 15:43:13,213 [INFO] Switched to physical mode for TC: TC_ID-264 Step: sub function not correct(invalid identifier))(22 F1 FF)
2026-07-29 15:43:13,215 [INFO] TC_ID-264 - sub function not correct(invalid identifier))(22 F1 FF): SID=0x22, Sub=0xF1FF, Expected=[3, 127, 34, 18, 170, 170, 170, 170]
2026-07-29 15:43:13,294 [INFO] TC_ID-264 - sub function not correct(invalid identifier))(22 F1 FF): Sending request 22F1FF
2026-07-29 15:43:13,295 [INFO] TC_ID-264 - sub function not correct(invalid identifier))(22 F1 FF): Sending request 22F1FF
2026-07-29 15:43:13,296 [DEBUG] Sending 3 bytes : [22f1ff]
2026-07-29 15:43:13,297 [DEBUG] Enqueuing a SendRequest for 3 bytes and TAT=Physical
2026-07-29 15:43:13,300 [DEBUG] Tx: <7A6> (08) [ ]	 0322f1ff00000000
2026-07-29 15:43:13,301 [DEBUG] We've been asked to write a message to the bus
2026-07-29 15:43:13,302 [DEBUG] sending: Timestamp:        0.000000    ID:      7a6    S Rx       BS       DL:  8    03 22 f1 ff 00 00 00 00
2026-07-29 15:43:13,315 [DEBUG] Rx: <7AE> (08) [p]	 037f2212aaaaaaaa
2026-07-29 15:43:13,364 [INFO] TC_ID-264 - Received: 7F2212
2026-07-29 15:43:13,365 [WARNING] TC_ID-264 - sub function not correct(invalid identifier))(22 F1 FF) -> ❌ FAIL - Expected 037F2212AAAAAAAA
2026-07-29 15:43:13,366 [DEBUG] Stopping CanStack
2026-07-29 15:43:13,367 [DEBUG] Main thread is exiting
2026-07-29 15:43:13,416 [DEBUG] CanStack Stopped
2026-07-29 15:43:13,417 [INFO] Connection closed
2026-07-29 15:43:13,418 [INFO] Running Test Case: TC_ID-268
2026-07-29 15:43:13,419 [DEBUG] Starting CanStack
2026-07-29 15:43:13,420 [DEBUG] Main thread has started
2026-07-29 15:43:13,422 [DEBUG] Relay thread has started
2026-07-29 15:43:13,424 [INFO] Connection opened
2026-07-29 15:43:13,425 [INFO] Switched to physical mode for TC: TC_ID-268 Step: PreCondition: PC_ID-030  Testcase:Incorrect message length(22)
2026-07-29 15:43:13,428 [INFO] TC_ID-268 - PreCondition: PC_ID-030  Testcase:Incorrect message length(22): SID=0x22, Sub=, Expected=[3, 127, 34, 19, 170, 170, 170, 170]
2026-07-29 15:43:13,516 [WARNING] TC_ID-268 - Subfunction empty: Sending only service byte
2026-07-29 15:43:13,517 [INFO] TC_ID-268 - PreCondition: PC_ID-030  Testcase:Incorrect message length(22): Sending request 22
2026-07-29 15:43:13,518 [INFO] TC_ID-268 - PreCondition: PC_ID-030  Testcase:Incorrect message length(22): Sending request 22
2026-07-29 15:43:13,519 [DEBUG] Sending 1 bytes : [22]
2026-07-29 15:43:13,520 [DEBUG] Enqueuing a SendRequest for 1 bytes and TAT=Physical
2026-07-29 15:43:13,523 [DEBUG] Tx: <7A6> (08) [ ]	 0122000000000000
2026-07-29 15:43:13,524 [DEBUG] We've been asked to write a message to the bus
2026-07-29 15:43:13,525 [DEBUG] sending: Timestamp:        0.000000    ID:      7a6    S Rx       BS       DL:  8    01 22 00 00 00 00 00 00
2026-07-29 15:43:13,535 [DEBUG] Rx: <7AE> (08) [p]	 037f2213aaaaaaaa
2026-07-29 15:43:13,585 [INFO] TC_ID-268 - Received: 7F2213
2026-07-29 15:43:13,586 [WARNING] TC_ID-268 - PreCondition: PC_ID-030  Testcase:Incorrect message length(22) -> ❌ FAIL - Expected 037F2213AAAAAAAA
2026-07-29 15:43:13,587 [DEBUG] Stopping CanStack
2026-07-29 15:43:13,588 [DEBUG] Main thread is exiting
2026-07-29 15:43:13,636 [DEBUG] CanStack Stopped
2026-07-29 15:43:13,637 [INFO] Connection closed
2026-07-29 15:43:13,638 [INFO] Running Test Case: TC_ID-269
2026-07-29 15:43:13,638 [DEBUG] Starting CanStack
2026-07-29 15:43:13,640 [DEBUG] Main thread has started
2026-07-29 15:43:13,643 [DEBUG] Relay thread has started
2026-07-29 15:43:13,646 [INFO] Connection opened
2026-07-29 15:43:13,649 [INFO] Switched to physical mode for TC: TC_ID-269 Step: PreCondition: PC_ID-030  Testcase:Request out of range(22D100)
2026-07-29 15:43:13,652 [INFO] TC_ID-269 - PreCondition: PC_ID-030  Testcase:Request out of range(22D100): SID=0x22, Sub=0xD100, Expected=[3, 127, 34, 49, 170, 170, 170, 170]
2026-07-29 15:43:13,740 [INFO] TC_ID-269 - PreCondition: PC_ID-030  Testcase:Request out of range(22D100): Sending request 22D100
2026-07-29 15:43:13,741 [INFO] TC_ID-269 - PreCondition: PC_ID-030  Testcase:Request out of range(22D100): Sending request 22D100
2026-07-29 15:43:13,743 [DEBUG] Sending 3 bytes : [22d100]
2026-07-29 15:43:13,744 [DEBUG] Enqueuing a SendRequest for 3 bytes and TAT=Physical
2026-07-29 15:43:13,746 [DEBUG] Tx: <7A6> (08) [ ]	 0322d10000000000
2026-07-29 15:43:13,747 [DEBUG] We've been asked to write a message to the bus
2026-07-29 15:43:13,748 [DEBUG] sending: Timestamp:        0.000000    ID:      7a6    S Rx       BS       DL:  8    03 22 d1 00 00 00 00 00
2026-07-29 15:43:13,756 [DEBUG] Rx: <7AE> (08) [p]	 037f2231aaaaaaaa
2026-07-29 15:43:13,809 [INFO] TC_ID-269 - Received: 7F2231
2026-07-29 15:43:13,811 [WARNING] TC_ID-269 - PreCondition: PC_ID-030  Testcase:Request out of range(22D100) -> ❌ FAIL - Expected 037F2231AAAAAAAA
2026-07-29 15:43:13,811 [DEBUG] Stopping CanStack
2026-07-29 15:43:13,812 [DEBUG] Main thread is exiting
2026-07-29 15:43:13,856 [DEBUG] CanStack Stopped
2026-07-29 15:43:13,857 [INFO] Connection closed
2026-07-29 15:43:13,858 [INFO] Running Test Case: TC_ID-270
2026-07-29 15:43:13,859 [DEBUG] Starting CanStack
2026-07-29 15:43:13,860 [DEBUG] Main thread has started
2026-07-29 15:43:13,860 [DEBUG] Relay thread has started
2026-07-29 15:43:13,862 [INFO] Connection opened
2026-07-29 15:43:13,866 [INFO] Switched to physical mode for TC: TC_ID-270 Step: PreCondition: PC_ID-030  Testcase:Request out of range(2250DD)
2026-07-29 15:43:13,868 [INFO] TC_ID-270 - PreCondition: PC_ID-030  Testcase:Request out of range(2250DD): SID=0x22, Sub=0x50DD, Expected=[3, 127, 34, 49, 170, 170, 170, 170]
2026-07-29 15:43:13,953 [INFO] TC_ID-270 - PreCondition: PC_ID-030  Testcase:Request out of range(2250DD): Sending request 2250DD
2026-07-29 15:43:13,954 [INFO] TC_ID-270 - PreCondition: PC_ID-030  Testcase:Request out of range(2250DD): Sending request 2250DD
2026-07-29 15:43:13,955 [DEBUG] Sending 3 bytes : [2250dd]
2026-07-29 15:43:13,957 [DEBUG] Enqueuing a SendRequest for 3 bytes and TAT=Physical
2026-07-29 15:43:13,959 [DEBUG] Tx: <7A6> (08) [ ]	 032250dd00000000
2026-07-29 15:43:13,960 [DEBUG] We've been asked to write a message to the bus
2026-07-29 15:43:13,961 [DEBUG] sending: Timestamp:        0.000000    ID:      7a6    S Rx       BS       DL:  8    03 22 50 dd 00 00 00 00
2026-07-29 15:43:13,975 [DEBUG] Rx: <7AE> (08) [p]	 037f2231aaaaaaaa
2026-07-29 15:43:14,024 [INFO] TC_ID-270 - Received: 7F2231
2026-07-29 15:43:14,025 [WARNING] TC_ID-270 - PreCondition: PC_ID-030  Testcase:Request out of range(2250DD) -> ❌ FAIL - Expected 037F2231AAAAAAAA
2026-07-29 15:43:14,026 [DEBUG] Stopping CanStack
2026-07-29 15:43:14,027 [DEBUG] Main thread is exiting
2026-07-29 15:43:14,076 [DEBUG] CanStack Stopped
2026-07-29 15:43:14,077 [INFO] Connection closed
2026-07-29 15:43:14,078 [INFO] Running Test Case: PC_ID-031
2026-07-29 15:43:14,079 [DEBUG] Starting CanStack
2026-07-29 15:43:14,080 [DEBUG] Main thread has started
2026-07-29 15:43:14,082 [DEBUG] Relay thread has started
2026-07-29 15:43:14,084 [INFO] Connection opened
2026-07-29 15:43:14,085 [INFO] Switched to physical mode for TC: PC_ID-031 Step: Start programming session
2026-07-29 15:43:14,087 [INFO] PC_ID-031 - Start programming session: SID=0x10, Sub=0x02, Expected=[6, 80, 2, 0, 50, 0, 200, 0]
2026-07-29 15:43:14,156 [INFO] PC_ID-031 - Start programming session: Sending 1002
2026-07-29 15:43:14,211 [INFO] PC_ID-031 - Start programming session: Sending request 1002
2026-07-29 15:43:14,212 [DEBUG] Sending 2 bytes : [1002]
2026-07-29 15:43:14,213 [DEBUG] Enqueuing a SendRequest for 2 bytes and TAT=Physical
2026-07-29 15:43:14,215 [DEBUG] Tx: <7A6> (08) [ ]	 0210020000000000
2026-07-29 15:43:14,216 [DEBUG] We've been asked to write a message to the bus
2026-07-29 15:43:14,217 [DEBUG] sending: Timestamp:        0.000000    ID:      7a6    S Rx       BS       DL:  8    02 10 02 00 00 00 00 00
2026-07-29 15:43:14,256 [INFO] PC_ID-031 - Received: 5002003200C8
2026-07-29 15:43:14,257 [DEBUG] Rx: <7AE> (08) [p]	 065002003200c800
2026-07-29 15:43:14,258 [WARNING] PC_ID-031 - Start programming session -> FAIL - Unexpected response
2026-07-29 15:43:14,260 [DEBUG] Stopping CanStack
2026-07-29 15:43:14,261 [DEBUG] Main thread is exiting
2026-07-29 15:43:14,306 [DEBUG] CanStack Stopped
2026-07-29 15:43:14,307 [INFO] Connection closed
2026-07-29 15:43:14,308 [INFO] Running Test Case: TC_ID-271
2026-07-29 15:43:14,308 [DEBUG] Starting CanStack
2026-07-29 15:43:14,309 [DEBUG] Main thread has started
2026-07-29 15:43:14,310 [DEBUG] Relay thread has started
2026-07-29 15:43:14,311 [INFO] Connection opened
2026-07-29 15:43:14,312 [INFO] Switched to physical mode for TC: TC_ID-271 Step: PreCondition: PC_ID-031  Testcase:Read DTC with Programming session(19 02)
2026-07-29 15:43:14,312 [INFO] TC_ID-271 - PreCondition: PC_ID-031  Testcase:Read DTC with Programming session(19 02): SID=0x19, Sub=0x02, Expected=[3, 89, 2, 8, 170, 170, 170, 170]
2026-07-29 15:43:14,407 [INFO] TC_ID-271 - PreCondition: PC_ID-031  Testcase:Read DTC with Programming session(19 02): Sending 190208
2026-07-29 15:43:14,408 [INFO] TC_ID-271 - PreCondition: PC_ID-031  Testcase:Read DTC with Programming session(19 02): Sending request 190208
2026-07-29 15:43:14,408 [DEBUG] Sending 3 bytes : [190208]
2026-07-29 15:43:14,410 [DEBUG] Enqueuing a SendRequest for 3 bytes and TAT=Physical
2026-07-29 15:43:14,412 [DEBUG] Tx: <7A6> (08) [ ]	 0319020800000000
2026-07-29 15:43:14,413 [DEBUG] We've been asked to write a message to the bus
2026-07-29 15:43:14,414 [DEBUG] sending: Timestamp:        0.000000    ID:      7a6    S Rx       BS       DL:  8    03 19 02 08 00 00 00 00
2026-07-29 15:43:14,561 [INFO] TC_ID-271 PreCondition: PC_ID-031  Testcase:Read DTC with Programming session(19 02) -> Waiting for response (P2=0.15s, P2*=5.0s)
2026-07-29 15:43:14,713 [DEBUG] No data received: [TimeoutException] - Did not receive IsoTP frame from the Transport layer in time (timeout=0.15 sec) 
2026-07-29 15:43:14,764 [DEBUG] Stopping CanStack
2026-07-29 15:43:14,765 [DEBUG] Main thread is exiting
2026-07-29 15:43:14,778 [DEBUG] CanStack Stopped
2026-07-29 15:43:14,781 [INFO] Connection closed
2026-07-29 15:43:14,784 [INFO] Running Test Case: TC_ID-272
2026-07-29 15:43:14,785 [DEBUG] Starting CanStack
2026-07-29 15:43:14,786 [DEBUG] Main thread has started
2026-07-29 15:43:14,787 [DEBUG] Relay thread has started
2026-07-29 15:43:14,789 [INFO] Connection opened
2026-07-29 15:43:14,790 [INFO] Switched to physical mode for TC: TC_ID-272 Step: PreCondition: PC_ID-031  Testcase:Fault memory clear Extended session(14 FFFFFF)
2026-07-29 15:43:14,791 [INFO] TC_ID-272 - PreCondition: PC_ID-031  Testcase:Fault memory clear Extended session(14 FFFFFF): SID=0x14, Sub=0xFFFFFF, Expected=[1, 84, 170, 170, 170, 170, 170, 170]
2026-07-29 15:43:14,878 [INFO] TC_ID-272 - PreCondition: PC_ID-031  Testcase:Fault memory clear Extended session(14 FFFFFF): Sending 14FFFFFF
2026-07-29 15:43:14,879 [INFO] TC_ID-272 - PreCondition: PC_ID-031  Testcase:Fault memory clear Extended session(14 FFFFFF): Sending request 14FFFFFF
2026-07-29 15:43:14,880 [DEBUG] Sending 4 bytes : [14ffffff]
2026-07-29 15:43:14,881 [DEBUG] Enqueuing a SendRequest for 4 bytes and TAT=Physical
2026-07-29 15:43:14,883 [DEBUG] Tx: <7A6> (08) [ ]	 0414ffffff000000
2026-07-29 15:43:14,884 [DEBUG] We've been asked to write a message to the bus
2026-07-29 15:43:14,885 [DEBUG] sending: Timestamp:        0.000000    ID:      7a6    S Rx       BS       DL:  8    04 14 ff ff ff 00 00 00
2026-07-29 15:43:15,032 [INFO] TC_ID-272 PreCondition: PC_ID-031  Testcase:Fault memory clear Extended session(14 FFFFFF) -> Waiting for response (P2=0.15s, P2*=5.0s)
2026-07-29 15:43:15,183 [DEBUG] No data received: [TimeoutException] - Did not receive IsoTP frame from the Transport layer in time (timeout=0.15 sec) 
2026-07-29 15:43:15,235 [DEBUG] Stopping CanStack
2026-07-29 15:43:15,236 [DEBUG] Main thread is exiting
2026-07-29 15:43:15,256 [DEBUG] CanStack Stopped
2026-07-29 15:43:15,257 [INFO] Connection closed
2026-07-29 15:43:15,258 [INFO] Running Test Case: TC_ID-273
2026-07-29 15:43:15,258 [DEBUG] Starting CanStack
2026-07-29 15:43:15,260 [DEBUG] Main thread has started
2026-07-29 15:43:15,261 [DEBUG] Relay thread has started
2026-07-29 15:43:15,263 [INFO] Connection opened
2026-07-29 15:43:15,265 [INFO] Switched to physical mode for TC: TC_ID-273 Step: PreCondition: PC_ID-031  Testcase:Start default session(10 01)
2026-07-29 15:43:15,266 [INFO] TC_ID-273 - PreCondition: PC_ID-031  Testcase:Start default session(10 01): SID=0x10, Sub=0x01, Expected=[6, 80, 1, 0, 50, 1, 244, 170]
2026-07-29 15:43:15,345 [INFO] TC_ID-273 - PreCondition: PC_ID-031  Testcase:Start default session(10 01): Sending 1001
2026-07-29 15:43:15,402 [INFO] TC_ID-273 - PreCondition: PC_ID-031  Testcase:Start default session(10 01): Sending request 1001
2026-07-29 15:43:15,403 [DEBUG] Sending 2 bytes : [1001]
2026-07-29 15:43:15,404 [DEBUG] Enqueuing a SendRequest for 2 bytes and TAT=Physical
2026-07-29 15:43:15,405 [DEBUG] Tx: <7A6> (08) [ ]	 0210010000000000
2026-07-29 15:43:15,405 [DEBUG] We've been asked to write a message to the bus
2026-07-29 15:43:15,405 [DEBUG] sending: Timestamp:        0.000000    ID:      7a6    S Rx       BS       DL:  8    02 10 01 00 00 00 00 00
2026-07-29 15:43:15,414 [WARNING] TC_ID-273 - No response received
2026-07-29 15:43:15,467 [DEBUG] Stopping CanStack
2026-07-29 15:43:15,469 [DEBUG] Main thread is exiting
2026-07-29 15:43:15,515 [DEBUG] CanStack Stopped
2026-07-29 15:43:15,516 [INFO] Connection closed
2026-07-29 15:43:15,517 [INFO] Running Test Case: TC_ID-274
2026-07-29 15:43:15,519 [DEBUG] Starting CanStack
2026-07-29 15:43:15,520 [DEBUG] Main thread has started
2026-07-29 15:43:15,522 [DEBUG] Relay thread has started
2026-07-29 15:43:15,524 [INFO] Connection opened
2026-07-29 15:43:15,525 [INFO] Switched to physical mode for TC: TC_ID-274 Step: PreCondition: PC_ID-031  Testcase:Start programming session(10 02)
2026-07-29 15:43:15,527 [INFO] TC_ID-274 - PreCondition: PC_ID-031  Testcase:Start programming session(10 02): SID=0x10, Sub=0x02, Expected=[6, 80, 2, 0, 50, 0, 200, 0]
2026-07-29 15:43:15,618 [INFO] TC_ID-274 - PreCondition: PC_ID-031  Testcase:Start programming session(10 02): Sending 1002
2026-07-29 15:43:15,675 [INFO] TC_ID-274 - PreCondition: PC_ID-031  Testcase:Start programming session(10 02): Sending request 1002
2026-07-29 15:43:15,676 [DEBUG] Sending 2 bytes : [1002]
2026-07-29 15:43:15,676 [DEBUG] Enqueuing a SendRequest for 2 bytes and TAT=Physical
2026-07-29 15:43:15,677 [DEBUG] Tx: <7A6> (08) [ ]	 0210020000000000
2026-07-29 15:43:15,678 [DEBUG] We've been asked to write a message to the bus
2026-07-29 15:43:15,679 [DEBUG] sending: Timestamp:        0.000000    ID:      7a6    S Rx       BS       DL:  8    02 10 02 00 00 00 00 00
2026-07-29 15:43:15,717 [INFO] TC_ID-274 - Received: 5002003200C8
2026-07-29 15:43:15,720 [WARNING] TC_ID-274 - PreCondition: PC_ID-031  Testcase:Start programming session(10 02) -> FAIL - Unexpected response
2026-07-29 15:43:15,721 [DEBUG] Rx: <7AE> (08) [p]	 065002003200c800
2026-07-29 15:43:15,722 [DEBUG] Stopping CanStack
2026-07-29 15:43:15,725 [DEBUG] Main thread is exiting
2026-07-29 15:43:15,771 [DEBUG] CanStack Stopped
2026-07-29 15:43:15,773 [INFO] Connection closed
2026-07-29 15:43:15,774 [INFO] Running Test Case: TC_ID-275
2026-07-29 15:43:15,775 [DEBUG] Starting CanStack
2026-07-29 15:43:15,777 [DEBUG] Main thread has started
2026-07-29 15:43:15,778 [DEBUG] Relay thread has started
2026-07-29 15:43:15,780 [INFO] Connection opened
2026-07-29 15:43:15,781 [INFO] Switched to physical mode for TC: TC_ID-275 Step: PreCondition: PC_ID-031  Testcase:Start Extended session(10 03)
2026-07-29 15:43:15,782 [INFO] TC_ID-275 - PreCondition: PC_ID-031  Testcase:Start Extended session(10 03): SID=0x10, Sub=0x03, Expected=[3, 127, 34, 126, 170, 170, 170, 170]
2026-07-29 15:43:15,863 [INFO] TC_ID-275 - PreCondition: PC_ID-031  Testcase:Start Extended session(10 03): Sending 1003
2026-07-29 15:43:15,917 [INFO] TC_ID-275 - PreCondition: PC_ID-031  Testcase:Start Extended session(10 03): Sending request 1003
2026-07-29 15:43:15,918 [DEBUG] Sending 2 bytes : [1003]
2026-07-29 15:43:15,919 [DEBUG] Enqueuing a SendRequest for 2 bytes and TAT=Physical
2026-07-29 15:43:15,920 [DEBUG] Tx: <7A6> (08) [ ]	 0210030000000000
2026-07-29 15:43:15,921 [DEBUG] We've been asked to write a message to the bus
2026-07-29 15:43:15,921 [DEBUG] sending: Timestamp:        0.000000    ID:      7a6    S Rx       BS       DL:  8    02 10 03 00 00 00 00 00
2026-07-29 15:43:15,927 [INFO] TC_ID-275 - Received: 5003003200C8
2026-07-29 15:43:15,928 [DEBUG] Rx: <7AE> (08) [p]	 065003003200c800
2026-07-29 15:43:15,928 [WARNING] TC_ID-275 - PreCondition: PC_ID-031  Testcase:Start Extended session(10 03) -> FAIL - Unexpected response
2026-07-29 15:43:15,929 [DEBUG] Stopping CanStack
2026-07-29 15:43:15,930 [DEBUG] Main thread is exiting
2026-07-29 15:43:15,977 [DEBUG] CanStack Stopped
2026-07-29 15:43:15,978 [INFO] Connection closed
2026-07-29 15:43:15,979 [INFO] Running Test Case: TC_ID-276
2026-07-29 15:43:15,979 [DEBUG] Starting CanStack
2026-07-29 15:43:15,981 [DEBUG] Main thread has started
2026-07-29 15:43:15,981 [DEBUG] Relay thread has started
2026-07-29 15:43:15,983 [INFO] Connection opened
2026-07-29 15:43:15,983 [INFO] Switched to physical mode for TC: TC_ID-276 Step: PreCondition: PC_ID-031  Testcase:Start programming session(10 02)
2026-07-29 15:43:15,984 [INFO] TC_ID-276 - PreCondition: PC_ID-031  Testcase:Start programming session(10 02): SID=0x10, Sub=0x02, Expected=[6, 80, 2, 0, 50, 0, 200, 0]
2026-07-29 15:43:16,070 [INFO] TC_ID-276 - PreCondition: PC_ID-031  Testcase:Start programming session(10 02): Sending 1002
2026-07-29 15:43:16,126 [INFO] TC_ID-276 - PreCondition: PC_ID-031  Testcase:Start programming session(10 02): Sending request 1002
2026-07-29 15:43:16,127 [DEBUG] Sending 2 bytes : [1002]
2026-07-29 15:43:16,127 [DEBUG] Enqueuing a SendRequest for 2 bytes and TAT=Physical
2026-07-29 15:43:16,128 [DEBUG] Tx: <7A6> (08) [ ]	 0210020000000000
2026-07-29 15:43:16,129 [DEBUG] We've been asked to write a message to the bus
2026-07-29 15:43:16,129 [DEBUG] sending: Timestamp:        0.000000    ID:      7a6    S Rx       BS       DL:  8    02 10 02 00 00 00 00 00
2026-07-29 15:43:16,137 [DEBUG] Rx: <7AE> (08) [p]	 065002003200c800
2026-07-29 15:43:16,138 [INFO] TC_ID-276 - Received: 5002003200C8
2026-07-29 15:43:16,139 [WARNING] TC_ID-276 - PreCondition: PC_ID-031  Testcase:Start programming session(10 02) -> FAIL - Unexpected response
2026-07-29 15:43:16,139 [DEBUG] Stopping CanStack
2026-07-29 15:43:16,140 [DEBUG] Main thread is exiting
2026-07-29 15:43:16,187 [DEBUG] CanStack Stopped
2026-07-29 15:43:16,188 [INFO] Connection closed
2026-07-29 15:43:16,189 [INFO] Running Test Case: TC_ID-277
2026-07-29 15:43:16,190 [DEBUG] Starting CanStack
2026-07-29 15:43:16,191 [DEBUG] Main thread has started
2026-07-29 15:43:16,193 [DEBUG] Relay thread has started
2026-07-29 15:43:16,195 [INFO] Connection opened
2026-07-29 15:43:16,196 [INFO] Switched to physical mode for TC: TC_ID-277 Step: PreCondition: PC_ID-031  Testcase:Start default session(10 01)
2026-07-29 15:43:16,197 [INFO] TC_ID-277 - PreCondition: PC_ID-031  Testcase:Start default session(10 01): SID=0x10, Sub=0x01, Expected=[6, 80, 1, 0, 50, 1, 244, 170]
2026-07-29 15:43:16,293 [INFO] TC_ID-277 - PreCondition: PC_ID-031  Testcase:Start default session(10 01): Sending 1001
2026-07-29 15:43:16,349 [INFO] TC_ID-277 - PreCondition: PC_ID-031  Testcase:Start default session(10 01): Sending request 1001
2026-07-29 15:43:16,350 [DEBUG] Sending 2 bytes : [1001]
2026-07-29 15:43:16,351 [DEBUG] Enqueuing a SendRequest for 2 bytes and TAT=Physical
2026-07-29 15:43:16,352 [DEBUG] Tx: <7A6> (08) [ ]	 0210010000000000
2026-07-29 15:43:16,352 [DEBUG] We've been asked to write a message to the bus
2026-07-29 15:43:16,353 [DEBUG] sending: Timestamp:        0.000000    ID:      7a6    S Rx       BS       DL:  8    02 10 01 00 00 00 00 00
2026-07-29 15:43:16,357 [WARNING] TC_ID-277 - No response received
2026-07-29 15:43:16,410 [DEBUG] Stopping CanStack
2026-07-29 15:43:16,411 [DEBUG] Main thread is exiting
2026-07-29 15:43:16,457 [DEBUG] CanStack Stopped
2026-07-29 15:43:16,459 [INFO] Connection closed
2026-07-29 15:43:16,460 [INFO] Running Test Case: TC_ID-278
2026-07-29 15:43:16,461 [DEBUG] Starting CanStack
2026-07-29 15:43:16,463 [DEBUG] Main thread has started
2026-07-29 15:43:16,464 [DEBUG] Relay thread has started
2026-07-29 15:43:16,466 [INFO] Connection opened
2026-07-29 15:43:16,467 [INFO] Switched to physical mode for TC: TC_ID-278 Step: PreCondition: PC_ID-031  Testcase:Start Extended session(10 03)
2026-07-29 15:43:16,468 [INFO] TC_ID-278 - PreCondition: PC_ID-031  Testcase:Start Extended session(10 03): SID=0x10, Sub=0x03, Expected=[6, 80, 3, 0, 50, 1, 244, 170]
2026-07-29 15:43:16,553 [INFO] TC_ID-278 - PreCondition: PC_ID-031  Testcase:Start Extended session(10 03): Sending 1003
2026-07-29 15:43:16,609 [INFO] TC_ID-278 - PreCondition: PC_ID-031  Testcase:Start Extended session(10 03): Sending request 1003
2026-07-29 15:43:16,610 [DEBUG] Sending 2 bytes : [1003]
2026-07-29 15:43:16,610 [DEBUG] Enqueuing a SendRequest for 2 bytes and TAT=Physical
2026-07-29 15:43:16,612 [DEBUG] Tx: <7A6> (08) [ ]	 0210030000000000
2026-07-29 15:43:16,612 [DEBUG] We've been asked to write a message to the bus
2026-07-29 15:43:16,613 [DEBUG] sending: Timestamp:        0.000000    ID:      7a6    S Rx       BS       DL:  8    02 10 03 00 00 00 00 00
2026-07-29 15:43:16,620 [INFO] TC_ID-278 - Received: 5003003201F4
2026-07-29 15:43:16,620 [DEBUG] Rx: <7AE> (08) [p]	 065003003201f4aa
2026-07-29 15:43:16,621 [WARNING] TC_ID-278 - PreCondition: PC_ID-031  Testcase:Start Extended session(10 03) -> FAIL - Unexpected response
2026-07-29 15:43:16,622 [DEBUG] Stopping CanStack
2026-07-29 15:43:16,623 [DEBUG] Main thread is exiting
2026-07-29 15:43:16,670 [DEBUG] CanStack Stopped
2026-07-29 15:43:16,671 [INFO] Connection closed
2026-07-29 15:43:16,672 [INFO] Running Test Case: PC_ID-032
2026-07-29 15:43:16,672 [DEBUG] Starting CanStack
2026-07-29 15:43:16,673 [DEBUG] Main thread has started
2026-07-29 15:43:16,674 [DEBUG] Relay thread has started
2026-07-29 15:43:16,675 [INFO] Connection opened
2026-07-29 15:43:16,676 [INFO] Switched to physical mode for TC: PC_ID-032 Step: Start default session
2026-07-29 15:43:16,676 [INFO] PC_ID-032 - Start default session: SID=0x10, Sub=0x01, Expected=[6, 80, 1, 0, 50, 1, 244, 170]
2026-07-29 15:43:16,737 [INFO] PC_ID-032 - Start default session: Sending 1001
2026-07-29 15:43:16,792 [INFO] PC_ID-032 - Start default session: Sending request 1001
2026-07-29 15:43:16,793 [DEBUG] Sending 2 bytes : [1001]
2026-07-29 15:43:16,794 [DEBUG] Enqueuing a SendRequest for 2 bytes and TAT=Physical
2026-07-29 15:43:16,796 [DEBUG] Tx: <7A6> (08) [ ]	 0210010000000000
2026-07-29 15:43:16,796 [DEBUG] We've been asked to write a message to the bus
2026-07-29 15:43:16,797 [DEBUG] sending: Timestamp:        0.000000    ID:      7a6    S Rx       BS       DL:  8    02 10 01 00 00 00 00 00
2026-07-29 15:43:16,809 [INFO] PC_ID-032 - Received: 5001003201F4
2026-07-29 15:43:16,811 [DEBUG] Rx: <7AE> (08) [p]	 065001003201f4aa
2026-07-29 15:43:16,812 [WARNING] PC_ID-032 - Start default session -> FAIL - Unexpected response
2026-07-29 15:43:16,814 [DEBUG] Stopping CanStack
2026-07-29 15:43:16,816 [DEBUG] Main thread is exiting
2026-07-29 15:43:16,862 [DEBUG] CanStack Stopped
2026-07-29 15:43:16,863 [INFO] Connection closed
2026-07-29 15:43:16,865 [INFO] Running Test Case: TC_ID-279
2026-07-29 15:43:16,866 [DEBUG] Starting CanStack
2026-07-29 15:43:16,868 [DEBUG] Main thread has started
2026-07-29 15:43:16,869 [DEBUG] Relay thread has started
2026-07-29 15:43:16,871 [INFO] Connection opened
2026-07-29 15:43:16,872 [INFO] Switched to physical mode for TC: TC_ID-279 Step: PreCondition: PC_ID-032  Testcase:Service not supported in Active session(27 11)
2026-07-29 15:43:16,873 [INFO] TC_ID-279 - PreCondition: PC_ID-032  Testcase:Service not supported in Active session(27 11): SID=0x27, Sub=0x11, Expected=[3, 127, 39, 127, 170, 170, 170, 170]
2026-07-29 15:43:16,967 [INFO] TC_ID-279 - PreCondition: PC_ID-032  Testcase:Service not supported in Active session(27 11): Sending request 2711
2026-07-29 15:43:16,968 [DEBUG] Sending 2 bytes : [2711]
2026-07-29 15:43:16,968 [DEBUG] Enqueuing a SendRequest for 2 bytes and TAT=Physical
2026-07-29 15:43:16,970 [DEBUG] Tx: <7A6> (08) [ ]	 0227110000000000
2026-07-29 15:43:16,972 [DEBUG] We've been asked to write a message to the bus
2026-07-29 15:43:16,973 [DEBUG] sending: Timestamp:        0.000000    ID:      7a6    S Rx       BS       DL:  8    02 27 11 00 00 00 00 00
2026-07-29 15:43:16,985 [DEBUG] TC_ID-279 PreCondition: PC_ID-032  Testcase:Service not supported in Active session(27 11) -> Received payload: [127, 39, 127]
2026-07-29 15:43:16,986 [DEBUG] Rx: <7AE> (08) [p]	 037f277faaaaaaaa
2026-07-29 15:43:16,987 [WARNING] TC_ID-279 PreCondition: PC_ID-032  Testcase:Service not supported in Active session(27 11) -> FAIL - NRC (key): [127, 39, 127]
2026-07-29 15:43:16,988 [DEBUG] Stopping CanStack
2026-07-29 15:43:16,990 [DEBUG] Main thread is exiting
2026-07-29 15:43:17,032 [DEBUG] CanStack Stopped
2026-07-29 15:43:17,033 [INFO] Connection closed
2026-07-29 15:43:17,034 [ERROR] ----------------------------------TC_ID-279 PreCondition: PC_ID-032  Testcase:Service not supported in Active session(27 11) -> EXCEPTION - NRC (key): [127, 39, 127]----------------------------------
2026-07-29 15:43:17,034 [INFO] Running Test Case: TC_ID-280
2026-07-29 15:43:17,035 [DEBUG] Starting CanStack
2026-07-29 15:43:17,036 [DEBUG] Main thread has started
2026-07-29 15:43:17,037 [DEBUG] Relay thread has started
2026-07-29 15:43:17,038 [INFO] Connection opened
2026-07-29 15:43:17,039 [INFO] Switched to physical mode for TC: TC_ID-280 Step: PreCondition: PC_ID-032  Testcase:Start Extended session(10 03)
2026-07-29 15:43:17,039 [INFO] TC_ID-280 - PreCondition: PC_ID-032  Testcase:Start Extended session(10 03): SID=0x10, Sub=0x03, Expected=[6, 80, 3, 0, 50, 1, 244, 170]
2026-07-29 15:43:17,119 [INFO] TC_ID-280 - PreCondition: PC_ID-032  Testcase:Start Extended session(10 03): Sending 1003
2026-07-29 15:43:17,173 [INFO] TC_ID-280 - PreCondition: PC_ID-032  Testcase:Start Extended session(10 03): Sending request 1003
2026-07-29 15:43:17,174 [DEBUG] Sending 2 bytes : [1003]
2026-07-29 15:43:17,175 [DEBUG] Enqueuing a SendRequest for 2 bytes and TAT=Physical
2026-07-29 15:43:17,176 [DEBUG] Tx: <7A6> (08) [ ]	 0210030000000000
2026-07-29 15:43:17,177 [DEBUG] We've been asked to write a message to the bus
2026-07-29 15:43:17,177 [DEBUG] sending: Timestamp:        0.000000    ID:      7a6    S Rx       BS       DL:  8    02 10 03 00 00 00 00 00
2026-07-29 15:43:17,189 [INFO] TC_ID-280 - Received: 5003003201F4
2026-07-29 15:43:17,191 [WARNING] TC_ID-280 - PreCondition: PC_ID-032  Testcase:Start Extended session(10 03) -> FAIL - Unexpected response
2026-07-29 15:43:17,191 [DEBUG] Rx: <7AE> (08) [p]	 065003003201f4aa
2026-07-29 15:43:17,192 [DEBUG] Stopping CanStack
2026-07-29 15:43:17,194 [DEBUG] Main thread is exiting
2026-07-29 15:43:17,243 [DEBUG] CanStack Stopped
2026-07-29 15:43:17,244 [INFO] Connection closed
2026-07-29 15:43:17,245 [INFO] Running Test Case: TC_ID-281
2026-07-29 15:43:17,246 [DEBUG] Starting CanStack
2026-07-29 15:43:17,247 [DEBUG] Main thread has started
2026-07-29 15:43:17,248 [DEBUG] Relay thread has started
2026-07-29 15:43:17,250 [INFO] Connection opened
2026-07-29 15:43:17,252 [INFO] Switched to physical mode for TC: TC_ID-281 Step: PreCondition: PC_ID-032  Testcase:sub function not support(27 22)
2026-07-29 15:43:17,253 [INFO] TC_ID-281 - PreCondition: PC_ID-032  Testcase:sub function not support(27 22): SID=0x27, Sub=0x22, Expected=[3, 127, 39, 18, 170, 170, 170, 170]
2026-07-29 15:43:17,333 [INFO] No key available for subfunction 0x22. Ensure seed request precedes key send. aaaaaaa
2026-07-29 15:43:17,334 [INFO] TC_ID-281 - PreCondition: PC_ID-032  Testcase:sub function not support(27 22): Sending request 2722
2026-07-29 15:43:17,335 [DEBUG] Sending 2 bytes : [2722]
2026-07-29 15:43:17,336 [DEBUG] Enqueuing a SendRequest for 2 bytes and TAT=Physical
2026-07-29 15:43:17,338 [DEBUG] Tx: <7A6> (08) [ ]	 0227220000000000
2026-07-29 15:43:17,340 [DEBUG] We've been asked to write a message to the bus
2026-07-29 15:43:17,341 [DEBUG] sending: Timestamp:        0.000000    ID:      7a6    S Rx       BS       DL:  8    02 27 22 00 00 00 00 00
2026-07-29 15:43:17,352 [DEBUG] Rx: <7AE> (08) [p]	 037f2712aaaaaaaa
2026-07-29 15:43:17,353 [DEBUG] TC_ID-281 PreCondition: PC_ID-032  Testcase:sub function not support(27 22) -> Received payload: [127, 39, 18]
2026-07-29 15:43:17,355 [WARNING] TC_ID-281 PreCondition: PC_ID-032  Testcase:sub function not support(27 22) -> FAIL - NRC (key): [127, 39, 18]
2026-07-29 15:43:17,356 [DEBUG] Stopping CanStack
2026-07-29 15:43:17,358 [DEBUG] Main thread is exiting
2026-07-29 15:43:17,402 [DEBUG] CanStack Stopped
2026-07-29 15:43:17,403 [INFO] Connection closed
2026-07-29 15:43:17,404 [ERROR] ----------------------------------TC_ID-281 PreCondition: PC_ID-032  Testcase:sub function not support(27 22) -> EXCEPTION - NRC (key): [127, 39, 18]----------------------------------
2026-07-29 15:43:17,404 [INFO] Running Test Case: TC_ID-282
2026-07-29 15:43:17,405 [DEBUG] Starting CanStack
2026-07-29 15:43:17,406 [DEBUG] Main thread has started
2026-07-29 15:43:17,407 [DEBUG] Relay thread has started
2026-07-29 15:43:17,409 [INFO] Connection opened
2026-07-29 15:43:17,409 [INFO] Switched to physical mode for TC: TC_ID-282 Step: PreCondition: PC_ID-032  Testcase:SubFunctionNotSupported(0x12)
2026-07-29 15:43:17,410 [INFO] TC_ID-282 - PreCondition: PC_ID-032  Testcase:SubFunctionNotSupported(0x12): SID=0x27, Sub=, Expected=[3, 127, 39, 18, 170, 170, 170, 170]
2026-07-29 15:43:17,494 [INFO] TC_ID-282 - PreCondition: PC_ID-032  Testcase:SubFunctionNotSupported(0x12): Sending request 27
2026-07-29 15:43:17,495 [DEBUG] Sending 1 bytes : [27]
2026-07-29 15:43:17,496 [DEBUG] Enqueuing a SendRequest for 1 bytes and TAT=Physical
2026-07-29 15:43:17,498 [DEBUG] Tx: <7A6> (08) [ ]	 0127000000000000
2026-07-29 15:43:17,500 [DEBUG] We've been asked to write a message to the bus
2026-07-29 15:43:17,500 [DEBUG] sending: Timestamp:        0.000000    ID:      7a6    S Rx       BS       DL:  8    01 27 00 00 00 00 00 00
2026-07-29 15:43:17,512 [DEBUG] Stopping CanStack
2026-07-29 15:43:17,514 [DEBUG] Rx: <7AE> (08) [p]	 037f2712aaaaaaaa
2026-07-29 15:43:17,516 [DEBUG] Main thread is exiting
2026-07-29 15:43:17,565 [DEBUG] CanStack Stopped
2026-07-29 15:43:17,566 [INFO] Connection closed
2026-07-29 15:43:17,566 [INFO] Running Test Case: TC_ID-283
2026-07-29 15:43:17,567 [DEBUG] Starting CanStack
2026-07-29 15:43:17,568 [DEBUG] Main thread has started
2026-07-29 15:43:17,569 [DEBUG] Relay thread has started
2026-07-29 15:43:17,570 [INFO] Connection opened
2026-07-29 15:43:17,571 [INFO] Switched to physical mode for TC: TC_ID-283 Step: PreCondition: PC_ID-032  Testcase:Seed request in extended session(27 11)
2026-07-29 15:43:17,572 [INFO] TC_ID-283 - PreCondition: PC_ID-032  Testcase:Seed request in extended session(27 11): SID=0x27, Sub=0x11, Expected=[10, 103, 17, 167, 14, 132, 124, 156, 192, 57, 101]
2026-07-29 15:43:17,671 [INFO] TC_ID-283 - PreCondition: PC_ID-032  Testcase:Seed request in extended session(27 11): Sending request 2711
2026-07-29 15:43:17,672 [DEBUG] Sending 2 bytes : [2711]
2026-07-29 15:43:17,673 [DEBUG] Enqueuing a SendRequest for 2 bytes and TAT=Physical
2026-07-29 15:43:17,675 [DEBUG] Tx: <7A6> (08) [ ]	 0227110000000000
2026-07-29 15:43:17,676 [DEBUG] We've been asked to write a message to the bus
2026-07-29 15:43:17,677 [DEBUG] sending: Timestamp:        0.000000    ID:      7a6    S Rx       BS       DL:  8    02 27 11 00 00 00 00 00
2026-07-29 15:43:17,702 [DEBUG] We've been asked to write a message to the bus
2026-07-29 15:43:17,704 [DEBUG] Rx: <7AE> (08) [p]	 100a6711fb58c968
2026-07-29 15:43:17,705 [DEBUG] sending: Timestamp:        0.000000    ID:      7a6    S Rx       BS       DL:  8    30 08 0a 00 00 00 00 00
2026-07-29 15:43:17,708 [DEBUG] Tx: <7A6> (08) [ ]	 30080a0000000000
2026-07-29 15:43:17,715 [DEBUG] We've been asked to write a message to the bus
2026-07-29 15:43:17,717 [DEBUG] sending: Timestamp:        0.000000    ID:      7a6    S Rx       BS       DL:  8    30 08 0a 00 00 00 00 00
2026-07-29 15:43:17,718 [DEBUG] TxState=IDLE - RxState=WAIT_CF
2026-07-29 15:43:17,731 [DEBUG] TC_ID-283 PreCondition: PC_ID-032  Testcase:Seed request in extended session(27 11) -> Received payload: [103, 17, 251, 88, 201, 104, 233, 202, 85, 21]
2026-07-29 15:43:17,734 [INFO] Received Seed (subfunc 0x11): fb58c968e9ca5515
2026-07-29 15:43:17,735 [DEBUG] Rx: <7AE> (08) [p]	 21e9ca5515aaaaaa
2026-07-29 15:43:17,791 [DEBUG] TxState=IDLE - RxState=IDLE
2026-07-29 15:43:18,239 [INFO] Attempt 1: Sending seed to PC...
2026-07-29 15:43:23,242 [WARNING] Attempt 1 - Timeout waiting for key.
2026-07-29 15:43:24,243 [INFO] Attempt 2: Sending seed to PC...
2026-07-29 15:43:24,312 [INFO] Received Key (for subfunc 0x12): b'\x93\x18\t/\xbeL\xde\xeb'
2026-07-29 15:43:24,312 [DEBUG] Stopping CanStack
2026-07-29 15:43:24,314 [DEBUG] Main thread is exiting
2026-07-29 15:43:24,362 [DEBUG] CanStack Stopped
2026-07-29 15:43:24,365 [INFO] Connection closed
2026-07-29 15:43:24,366 [INFO] Running Test Case: TC_ID-284
2026-07-29 15:43:24,367 [DEBUG] Starting CanStack
2026-07-29 15:43:24,368 [DEBUG] Main thread has started
2026-07-29 15:43:24,370 [DEBUG] Relay thread has started
2026-07-29 15:43:24,371 [INFO] Connection opened
2026-07-29 15:43:24,372 [INFO] Switched to physical mode for TC: TC_ID-284 Step: PreCondition: PC_ID-032  Testcase:Start default session(10 01)
2026-07-29 15:43:24,373 [INFO] TC_ID-284 - PreCondition: PC_ID-032  Testcase:Start default session(10 01): SID=0x10, Sub=0x01, Expected=[6, 80, 1, 0, 50, 1, 244, 170]
2026-07-29 15:43:24,453 [INFO] TC_ID-284 - PreCondition: PC_ID-032  Testcase:Start default session(10 01): Sending 1001
2026-07-29 15:43:24,511 [INFO] TC_ID-284 - PreCondition: PC_ID-032  Testcase:Start default session(10 01): Sending request 1001
2026-07-29 15:43:24,512 [DEBUG] Sending 2 bytes : [1001]
2026-07-29 15:43:24,513 [DEBUG] Enqueuing a SendRequest for 2 bytes and TAT=Physical
2026-07-29 15:43:24,514 [DEBUG] Tx: <7A6> (08) [ ]	 0210010000000000
2026-07-29 15:43:24,515 [DEBUG] We've been asked to write a message to the bus
2026-07-29 15:43:24,515 [DEBUG] sending: Timestamp:        0.000000    ID:      7a6    S Rx       BS       DL:  8    02 10 01 00 00 00 00 00
2026-07-29 15:43:24,520 [INFO] TC_ID-284 - Received: 5001003201F4
2026-07-29 15:43:24,521 [DEBUG] Rx: <7AE> (08) [p]	 065001003201f4aa
2026-07-29 15:43:24,522 [WARNING] TC_ID-284 - PreCondition: PC_ID-032  Testcase:Start default session(10 01) -> FAIL - Unexpected response
2026-07-29 15:43:24,523 [DEBUG] Stopping CanStack
2026-07-29 15:43:24,524 [DEBUG] Main thread is exiting
2026-07-29 15:43:24,572 [DEBUG] CanStack Stopped
2026-07-29 15:43:24,573 [INFO] Connection closed
2026-07-29 15:43:24,573 [INFO] Running Test Case: TC_ID-285
2026-07-29 15:43:24,574 [DEBUG] Starting CanStack
2026-07-29 15:43:24,575 [DEBUG] Main thread has started
2026-07-29 15:43:24,577 [DEBUG] Relay thread has started
2026-07-29 15:43:24,579 [INFO] Connection opened
2026-07-29 15:43:24,580 [INFO] Switched to physical mode for TC: TC_ID-285 Step: PreCondition: PC_ID-032  Testcase:Service not supported in Active session in default session(27 11)
2026-07-29 15:43:24,581 [INFO] TC_ID-285 - PreCondition: PC_ID-032  Testcase:Service not supported in Active session in default session(27 11): SID=0x27, Sub=0x11, Expected=[3, 127, 39, 127, 170, 170, 170, 170]
2026-07-29 15:43:24,689 [INFO] TC_ID-285 - PreCondition: PC_ID-032  Testcase:Service not supported in Active session in default session(27 11): Sending request 2711
2026-07-29 15:43:24,691 [DEBUG] Sending 2 bytes : [2711]
2026-07-29 15:43:24,692 [DEBUG] Enqueuing a SendRequest for 2 bytes and TAT=Physical
2026-07-29 15:43:24,695 [DEBUG] Tx: <7A6> (08) [ ]	 0227110000000000
2026-07-29 15:43:24,696 [DEBUG] We've been asked to write a message to the bus
2026-07-29 15:43:24,697 [DEBUG] sending: Timestamp:        0.000000    ID:      7a6    S Rx       BS       DL:  8    02 27 11 00 00 00 00 00
2026-07-29 15:43:24,712 [DEBUG] TC_ID-285 PreCondition: PC_ID-032  Testcase:Service not supported in Active session in default session(27 11) -> Received payload: [127, 39, 127]
2026-07-29 15:43:24,713 [WARNING] TC_ID-285 PreCondition: PC_ID-032  Testcase:Service not supported in Active session in default session(27 11) -> FAIL - NRC (key): [127, 39, 127]
2026-07-29 15:43:24,714 [DEBUG] Rx: <7AE> (08) [p]	 037f277faaaaaaaa
2026-07-29 15:43:24,715 [DEBUG] Stopping CanStack
2026-07-29 15:43:24,720 [DEBUG] Main thread is exiting
2026-07-29 15:43:24,762 [DEBUG] CanStack Stopped
2026-07-29 15:43:24,766 [INFO] Connection closed
2026-07-29 15:43:24,770 [ERROR] ----------------------------------TC_ID-285 PreCondition: PC_ID-032  Testcase:Service not supported in Active session in default session(27 11) -> EXCEPTION - NRC (key): [127, 39, 127]----------------------------------
2026-07-29 15:43:24,774 [INFO] Running Test Case: PC_ID-034
2026-07-29 15:43:24,775 [DEBUG] Starting CanStack
2026-07-29 15:43:24,776 [DEBUG] Main thread has started
2026-07-29 15:43:24,778 [DEBUG] Relay thread has started
2026-07-29 15:43:24,779 [INFO] Connection opened
2026-07-29 15:43:24,780 [INFO] Switched to physical mode for TC: PC_ID-034 Step: Start Extended session(10 03)
2026-07-29 15:43:24,782 [INFO] PC_ID-034 - Start Extended session(10 03): SID=0x10, Sub=0x03, Expected=[6, 80, 3, 0, 50, 1, 244, 170]
2026-07-29 15:43:24,854 [INFO] PC_ID-034 - Start Extended session(10 03): Sending 1003
2026-07-29 15:43:24,913 [INFO] PC_ID-034 - Start Extended session(10 03): Sending request 1003
2026-07-29 15:43:24,914 [DEBUG] Sending 2 bytes : [1003]
2026-07-29 15:43:24,915 [DEBUG] Enqueuing a SendRequest for 2 bytes and TAT=Physical
2026-07-29 15:43:24,917 [DEBUG] Tx: <7A6> (08) [ ]	 0210030000000000
2026-07-29 15:43:24,917 [DEBUG] We've been asked to write a message to the bus
2026-07-29 15:43:24,918 [DEBUG] sending: Timestamp:        0.000000    ID:      7a6    S Rx       BS       DL:  8    02 10 03 00 00 00 00 00
2026-07-29 15:43:24,931 [INFO] PC_ID-034 - Received: 5003003201F4
2026-07-29 15:43:24,932 [DEBUG] Rx: <7AE> (08) [p]	 065003003201f4aa
2026-07-29 15:43:24,933 [WARNING] PC_ID-034 - Start Extended session(10 03) -> FAIL - Unexpected response
2026-07-29 15:43:24,936 [DEBUG] Stopping CanStack
2026-07-29 15:43:24,937 [DEBUG] Main thread is exiting
2026-07-29 15:43:24,983 [DEBUG] CanStack Stopped
2026-07-29 15:43:24,984 [INFO] Connection closed
2026-07-29 15:43:24,985 [INFO] Running Test Case: TC_ID-286
2026-07-29 15:43:24,987 [DEBUG] Starting CanStack
2026-07-29 15:43:24,989 [DEBUG] Main thread has started
2026-07-29 15:43:24,991 [DEBUG] Relay thread has started
2026-07-29 15:43:24,994 [INFO] Connection opened
2026-07-29 15:43:24,995 [INFO] Switched to physical mode for TC: TC_ID-286 Step: PreCondition: PC_ID-034  Testcase:Start programming session(10 02)
2026-07-29 15:43:24,996 [INFO] TC_ID-286 - PreCondition: PC_ID-034  Testcase:Start programming session(10 02): SID=0x10, Sub=0x02, Expected=[6, 80, 2, 0, 50, 0, 200, 0]
2026-07-29 15:43:25,088 [INFO] TC_ID-286 - PreCondition: PC_ID-034  Testcase:Start programming session(10 02): Sending 1002
2026-07-29 15:43:25,145 [INFO] TC_ID-286 - PreCondition: PC_ID-034  Testcase:Start programming session(10 02): Sending request 1002
2026-07-29 15:43:25,147 [DEBUG] Sending 2 bytes : [1002]
2026-07-29 15:43:25,148 [DEBUG] Enqueuing a SendRequest for 2 bytes and TAT=Physical
2026-07-29 15:43:25,150 [DEBUG] Tx: <7A6> (08) [ ]	 0210020000000000
2026-07-29 15:43:25,151 [DEBUG] We've been asked to write a message to the bus
2026-07-29 15:43:25,152 [DEBUG] sending: Timestamp:        0.000000    ID:      7a6    S Rx       BS       DL:  8    02 10 02 00 00 00 00 00
2026-07-29 15:43:25,192 [INFO] TC_ID-286 - Received: 5002003200C8
2026-07-29 15:43:25,194 [WARNING] TC_ID-286 - PreCondition: PC_ID-034  Testcase:Start programming session(10 02) -> FAIL - Unexpected response
2026-07-29 15:43:25,194 [DEBUG] Rx: <7AE> (08) [p]	 065002003200c800
2026-07-29 15:43:25,195 [DEBUG] Stopping CanStack
2026-07-29 15:43:25,197 [DEBUG] Main thread is exiting
2026-07-29 15:43:25,244 [DEBUG] CanStack Stopped
2026-07-29 15:43:25,244 [INFO] Connection closed
2026-07-29 15:43:25,245 [INFO] Running Test Case: PC_ID-035
2026-07-29 15:43:25,246 [DEBUG] Starting CanStack
2026-07-29 15:43:25,247 [DEBUG] Main thread has started
2026-07-29 15:43:25,248 [DEBUG] Relay thread has started
2026-07-29 15:43:25,249 [INFO] Connection opened
2026-07-29 15:43:25,250 [INFO] Switched to physical mode for TC: PC_ID-035 Step: Start Extended session(10 03)
2026-07-29 15:43:25,250 [INFO] PC_ID-035 - Start Extended session(10 03): SID=0x10, Sub=0x03, Expected=[6, 80, 3, 0, 50, 0, 200, 170]
2026-07-29 15:43:25,316 [INFO] PC_ID-035 - Start Extended session(10 03): Sending 1003
2026-07-29 15:43:25,376 [INFO] PC_ID-035 - Start Extended session(10 03): Sending request 1003
2026-07-29 15:43:25,377 [DEBUG] Sending 2 bytes : [1003]
2026-07-29 15:43:25,378 [DEBUG] Enqueuing a SendRequest for 2 bytes and TAT=Physical
2026-07-29 15:43:25,379 [DEBUG] Tx: <7A6> (08) [ ]	 0210030000000000
2026-07-29 15:43:25,380 [DEBUG] We've been asked to write a message to the bus
2026-07-29 15:43:25,380 [DEBUG] sending: Timestamp:        0.000000    ID:      7a6    S Rx       BS       DL:  8    02 10 03 00 00 00 00 00
2026-07-29 15:43:25,392 [INFO] PC_ID-035 - Received: 5003003200C8
2026-07-29 15:43:25,393 [DEBUG] Rx: <7AE> (08) [p]	 065003003200c800
2026-07-29 15:43:25,394 [WARNING] PC_ID-035 - Start Extended session(10 03) -> FAIL - Unexpected response
2026-07-29 15:43:25,396 [DEBUG] Stopping CanStack
2026-07-29 15:43:25,397 [DEBUG] Main thread is exiting
2026-07-29 15:43:25,442 [DEBUG] CanStack Stopped
2026-07-29 15:43:25,444 [INFO] Connection closed
2026-07-29 15:43:25,445 [INFO] Running Test Case: TC_ID-287
2026-07-29 15:43:25,446 [DEBUG] Starting CanStack
2026-07-29 15:43:25,448 [DEBUG] Main thread has started
2026-07-29 15:43:25,449 [DEBUG] Relay thread has started
2026-07-29 15:43:25,452 [INFO] Connection opened
2026-07-29 15:43:25,453 [INFO] Switched to physical mode for TC: TC_ID-287 Step: PreCondition: PC_ID-035  Testcase:Start Extended session(10 03)
2026-07-29 15:43:25,454 [INFO] TC_ID-287 - PreCondition: PC_ID-035  Testcase:Start Extended session(10 03): SID=0x10, Sub=0x03, Expected=[6, 80, 3, 0, 50, 0, 200, 170]
2026-07-29 15:43:25,541 [INFO] TC_ID-287 - PreCondition: PC_ID-035  Testcase:Start Extended session(10 03): Sending 1003
2026-07-29 15:43:25,603 [INFO] TC_ID-287 - PreCondition: PC_ID-035  Testcase:Start Extended session(10 03): Sending request 1003
2026-07-29 15:43:25,604 [DEBUG] Sending 2 bytes : [1003]
2026-07-29 15:43:25,605 [DEBUG] Enqueuing a SendRequest for 2 bytes and TAT=Physical
2026-07-29 15:43:25,606 [DEBUG] Tx: <7A6> (08) [ ]	 0210030000000000
2026-07-29 15:43:25,607 [DEBUG] We've been asked to write a message to the bus
2026-07-29 15:43:25,607 [DEBUG] sending: Timestamp:        0.000000    ID:      7a6    S Rx       BS       DL:  8    02 10 03 00 00 00 00 00
2026-07-29 15:43:25,611 [DEBUG] Rx: <7AE> (08) [p]	 065003003200c800
2026-07-29 15:43:25,612 [INFO] TC_ID-287 - Received: 5003003200C8
2026-07-29 15:43:25,613 [WARNING] TC_ID-287 - PreCondition: PC_ID-035  Testcase:Start Extended session(10 03) -> FAIL - Unexpected response
2026-07-29 15:43:25,613 [DEBUG] Stopping CanStack
2026-07-29 15:43:25,614 [DEBUG] Main thread is exiting
2026-07-29 15:43:25,661 [DEBUG] CanStack Stopped
2026-07-29 15:43:25,662 [INFO] Connection closed
2026-07-29 15:43:25,663 [INFO] Running Test Case: TC_ID-288
2026-07-29 15:43:25,665 [DEBUG] Starting CanStack
2026-07-29 15:43:25,667 [DEBUG] Main thread has started
2026-07-29 15:43:25,668 [DEBUG] Relay thread has started
2026-07-29 15:43:25,670 [INFO] Connection opened
2026-07-29 15:43:25,671 [INFO] Switched to physical mode for TC: TC_ID-288 Step: PreCondition: PC_ID-035  Testcase:Start default session(10 01)
2026-07-29 15:43:25,672 [INFO] TC_ID-288 - PreCondition: PC_ID-035  Testcase:Start default session(10 01): SID=0x10, Sub=0x01, Expected=[6, 80, 1, 0, 50, 1, 244, 170]
2026-07-29 15:43:25,765 [INFO] TC_ID-288 - PreCondition: PC_ID-035  Testcase:Start default session(10 01): Sending 1001
2026-07-29 15:43:26,567 [INFO] TC_ID-288 - PreCondition: PC_ID-035  Testcase:Start default session(10 01): Sending request 1001
2026-07-29 15:43:26,568 [DEBUG] Sending 2 bytes : [1001]
2026-07-29 15:43:26,570 [DEBUG] Enqueuing a SendRequest for 2 bytes and TAT=Physical
2026-07-29 15:43:26,572 [DEBUG] Tx: <7A6> (08) [ ]	 0210010000000000
2026-07-29 15:43:26,573 [DEBUG] We've been asked to write a message to the bus
2026-07-29 15:43:26,575 [DEBUG] sending: Timestamp:        0.000000    ID:      7a6    S Rx       BS       DL:  8    02 10 01 00 00 00 00 00
2026-07-29 15:43:26,583 [WARNING] TC_ID-288 - No response received
2026-07-29 15:43:26,661 [DEBUG] Stopping CanStack
2026-07-29 15:43:26,662 [DEBUG] Main thread is exiting
2026-07-29 15:43:26,688 [DEBUG] CanStack Stopped
2026-07-29 15:43:26,689 [INFO] Connection closed
2026-07-29 15:43:26,690 [INFO] Running Test Case: PC_ID-036
2026-07-29 15:43:26,692 [DEBUG] Starting CanStack
2026-07-29 15:43:26,694 [DEBUG] Main thread has started
2026-07-29 15:43:26,696 [DEBUG] Relay thread has started
2026-07-29 15:43:26,701 [INFO] Connection opened
2026-07-29 15:43:26,705 [INFO] Switched to physical mode for TC: PC_ID-036 Step: Start Extended session(10 03)
2026-07-29 15:43:26,707 [INFO] PC_ID-036 - Start Extended session(10 03): SID=0x10, Sub=0x03, Expected=[6, 80, 3, 0, 50, 1, 244, 0]
2026-07-29 15:43:26,773 [INFO] PC_ID-036 - Start Extended session(10 03): Sending 1003
2026-07-29 15:43:26,831 [INFO] PC_ID-036 - Start Extended session(10 03): Sending request 1003
2026-07-29 15:43:26,832 [DEBUG] Sending 2 bytes : [1003]
2026-07-29 15:43:26,833 [DEBUG] Enqueuing a SendRequest for 2 bytes and TAT=Physical
2026-07-29 15:43:26,834 [DEBUG] Tx: <7A6> (08) [ ]	 0210030000000000
2026-07-29 15:43:26,834 [DEBUG] We've been asked to write a message to the bus
2026-07-29 15:43:26,835 [DEBUG] sending: Timestamp:        0.000000    ID:      7a6    S Rx       BS       DL:  8    02 10 03 00 00 00 00 00
2026-07-29 15:43:26,844 [INFO] PC_ID-036 - Received: 5003003201F4
2026-07-29 15:43:26,844 [DEBUG] Rx: <7AE> (08) [p]	 065003003201f4aa
2026-07-29 15:43:26,845 [WARNING] PC_ID-036 - Start Extended session(10 03) -> FAIL - Unexpected response
2026-07-29 15:43:26,846 [DEBUG] Stopping CanStack
2026-07-29 15:43:26,847 [DEBUG] Main thread is exiting
2026-07-29 15:43:26,894 [DEBUG] CanStack Stopped
2026-07-29 15:43:26,895 [INFO] Connection closed
2026-07-29 15:43:26,896 [INFO] Running Test Case: TC_ID-289
2026-07-29 15:43:26,897 [DEBUG] Starting CanStack
2026-07-29 15:43:26,898 [DEBUG] Main thread has started
2026-07-29 15:43:26,900 [DEBUG] Relay thread has started
2026-07-29 15:43:26,902 [INFO] Connection opened
2026-07-29 15:43:26,903 [INFO] Switched to physical mode for TC: TC_ID-289 Step: PreCondition: PC_ID-036  Testcase:Start default session(10 01)
2026-07-29 15:43:26,904 [INFO] TC_ID-289 - PreCondition: PC_ID-036  Testcase:Start default session(10 01): SID=0x10, Sub=0x01, Expected=[6, 80, 1, 0, 50, 1, 244, 170]
2026-07-29 15:43:26,990 [INFO] TC_ID-289 - PreCondition: PC_ID-036  Testcase:Start default session(10 01): Sending 1001
2026-07-29 15:43:27,048 [INFO] TC_ID-289 - PreCondition: PC_ID-036  Testcase:Start default session(10 01): Sending request 1001
2026-07-29 15:43:27,049 [DEBUG] Sending 2 bytes : [1001]
2026-07-29 15:43:27,050 [DEBUG] Enqueuing a SendRequest for 2 bytes and TAT=Physical
2026-07-29 15:43:27,051 [DEBUG] Tx: <7A6> (08) [ ]	 0210010000000000
2026-07-29 15:43:27,052 [DEBUG] We've been asked to write a message to the bus
2026-07-29 15:43:27,052 [DEBUG] sending: Timestamp:        0.000000    ID:      7a6    S Rx       BS       DL:  8    02 10 01 00 00 00 00 00
2026-07-29 15:43:27,068 [INFO] TC_ID-289 - Received: 5001003201F4
2026-07-29 15:43:27,070 [DEBUG] Rx: <7AE> (08) [p]	 065001003201f4aa
2026-07-29 15:43:27,071 [WARNING] TC_ID-289 - PreCondition: PC_ID-036  Testcase:Start default session(10 01) -> FAIL - Unexpected response
2026-07-29 15:43:27,073 [DEBUG] Stopping CanStack
2026-07-29 15:43:27,078 [DEBUG] Main thread is exiting
2026-07-29 15:43:27,118 [DEBUG] CanStack Stopped
2026-07-29 15:43:27,120 [INFO] Connection closed
2026-07-29 15:43:27,121 [INFO] Running Test Case: PC_ID-037
2026-07-29 15:43:27,122 [DEBUG] Starting CanStack
2026-07-29 15:43:27,124 [DEBUG] Main thread has started
2026-07-29 15:43:27,125 [DEBUG] Relay thread has started
2026-07-29 15:43:27,127 [INFO] Connection opened
2026-07-29 15:43:27,129 [INFO] Switched to physical mode for TC: PC_ID-037 Step: Start Programming session(10 02)
2026-07-29 15:43:27,130 [INFO] PC_ID-037 - Start Programming session(10 02): SID=0x10, Sub=0x02, Expected=[6, 80, 2, 0, 50, 0, 200, 0]
2026-07-29 15:43:27,202 [INFO] PC_ID-037 - Start Programming session(10 02): Sending 1002
2026-07-29 15:43:27,255 [INFO] PC_ID-037 - Start Programming session(10 02): Sending request 1002
2026-07-29 15:43:27,256 [DEBUG] Sending 2 bytes : [1002]
2026-07-29 15:43:27,258 [DEBUG] Enqueuing a SendRequest for 2 bytes and TAT=Physical
2026-07-29 15:43:27,260 [DEBUG] Tx: <7A6> (08) [ ]	 0210020000000000
2026-07-29 15:43:27,261 [DEBUG] We've been asked to write a message to the bus
2026-07-29 15:43:27,262 [DEBUG] sending: Timestamp:        0.000000    ID:      7a6    S Rx       BS       DL:  8    02 10 02 00 00 00 00 00
2026-07-29 15:43:27,303 [INFO] PC_ID-037 - Received: 5002003200C8
2026-07-29 15:43:27,306 [DEBUG] Rx: <7AE> (08) [p]	 065002003200c800
2026-07-29 15:43:27,307 [WARNING] PC_ID-037 - Start Programming session(10 02) -> FAIL - Unexpected response
2026-07-29 15:43:27,309 [DEBUG] Stopping CanStack
2026-07-29 15:43:27,310 [DEBUG] Main thread is exiting
2026-07-29 15:43:27,357 [DEBUG] CanStack Stopped
2026-07-29 15:43:27,359 [INFO] Connection closed
2026-07-29 15:43:27,360 [INFO] Running Test Case: TC_ID-290
2026-07-29 15:43:27,360 [DEBUG] Starting CanStack
2026-07-29 15:43:27,362 [DEBUG] Main thread has started
2026-07-29 15:43:27,363 [DEBUG] Relay thread has started
2026-07-29 15:43:27,365 [INFO] Connection opened
2026-07-29 15:43:27,366 [INFO] Switched to physical mode for TC: TC_ID-290 Step: PreCondition: PC_ID-037  Testcase:Start Extended session(10 03)
2026-07-29 15:43:27,367 [INFO] TC_ID-290 - PreCondition: PC_ID-037  Testcase:Start Extended session(10 03): SID=0x10, Sub=0x03, Expected=[6, 80, 3, 0, 50, 0, 200, 170]
2026-07-29 15:43:27,448 [INFO] TC_ID-290 - PreCondition: PC_ID-037  Testcase:Start Extended session(10 03): Sending 1003
2026-07-29 15:43:27,505 [INFO] TC_ID-290 - PreCondition: PC_ID-037  Testcase:Start Extended session(10 03): Sending request 1003
2026-07-29 15:43:27,506 [DEBUG] Sending 2 bytes : [1003]
2026-07-29 15:43:27,507 [DEBUG] Enqueuing a SendRequest for 2 bytes and TAT=Physical
2026-07-29 15:43:27,508 [DEBUG] Tx: <7A6> (08) [ ]	 0210030000000000
2026-07-29 15:43:27,508 [DEBUG] We've been asked to write a message to the bus
2026-07-29 15:43:27,509 [DEBUG] sending: Timestamp:        0.000000    ID:      7a6    S Rx       BS       DL:  8    02 10 03 00 00 00 00 00
2026-07-29 15:43:27,514 [INFO] TC_ID-290 - Received: 5003003200C8
2026-07-29 15:43:27,515 [DEBUG] Rx: <7AE> (08) [p]	 065003003200c800
2026-07-29 15:43:27,515 [WARNING] TC_ID-290 - PreCondition: PC_ID-037  Testcase:Start Extended session(10 03) -> FAIL - Unexpected response
2026-07-29 15:43:27,516 [DEBUG] Stopping CanStack
2026-07-29 15:43:27,517 [DEBUG] Main thread is exiting
2026-07-29 15:43:27,564 [DEBUG] CanStack Stopped
2026-07-29 15:43:27,565 [INFO] Connection closed
2026-07-29 15:43:27,565 [INFO] Running Test Case: PC_ID-038
2026-07-29 15:43:27,566 [DEBUG] Starting CanStack
2026-07-29 15:43:27,567 [DEBUG] Main thread has started
2026-07-29 15:43:27,568 [DEBUG] Relay thread has started
2026-07-29 15:43:27,569 [INFO] Connection opened
2026-07-29 15:43:27,570 [INFO] Switched to physical mode for TC: PC_ID-038 Step: Start default session(10 01)
2026-07-29 15:43:27,571 [INFO] PC_ID-038 - Start default session(10 01): SID=0x10, Sub=0x01, Expected=[6, 80, 1, 0, 50, 1, 244, 170]
2026-07-29 15:43:27,642 [INFO] PC_ID-038 - Start default session(10 01): Sending 1001
2026-07-29 15:43:27,702 [INFO] PC_ID-038 - Start default session(10 01): Sending request 1001
2026-07-29 15:43:27,704 [DEBUG] Sending 2 bytes : [1001]
2026-07-29 15:43:27,705 [DEBUG] Enqueuing a SendRequest for 2 bytes and TAT=Physical
2026-07-29 15:43:27,707 [DEBUG] Tx: <7A6> (08) [ ]	 0210010000000000
2026-07-29 15:43:27,708 [DEBUG] We've been asked to write a message to the bus
2026-07-29 15:43:27,709 [DEBUG] sending: Timestamp:        0.000000    ID:      7a6    S Rx       BS       DL:  8    02 10 01 00 00 00 00 00
2026-07-29 15:43:27,717 [WARNING] PC_ID-038 - No response received
2026-07-29 15:43:27,782 [DEBUG] Stopping CanStack
2026-07-29 15:43:27,784 [DEBUG] Main thread is exiting
2026-07-29 15:43:27,789 [DEBUG] CanStack Stopped
2026-07-29 15:43:27,791 [INFO] Connection closed
2026-07-29 15:43:27,794 [INFO] Running Test Case: TC_ID-291
2026-07-29 15:43:27,798 [DEBUG] Starting CanStack
2026-07-29 15:43:27,801 [DEBUG] Main thread has started
2026-07-29 15:43:27,803 [DEBUG] Relay thread has started
2026-07-29 15:43:27,805 [INFO] Connection opened
2026-07-29 15:43:27,806 [INFO] Switched to physical mode for TC: TC_ID-291 Step: PreCondition: PC_ID-038  Testcase:Incorrect message length(10 03 01)
2026-07-29 15:43:27,807 [INFO] TC_ID-291 - PreCondition: PC_ID-038  Testcase:Incorrect message length(10 03 01): SID=0x10, Sub=0x0102, Expected=[3, 127, 16, 19, 170, 170, 170, 170]
2026-07-29 15:43:27,902 [INFO] TC_ID-291 - PreCondition: PC_ID-038  Testcase:Incorrect message length(10 03 01): Sending 100102
2026-07-29 15:43:27,959 [INFO] TC_ID-291 - PreCondition: PC_ID-038  Testcase:Incorrect message length(10 03 01): Sending request 100102
2026-07-29 15:43:27,960 [DEBUG] Sending 3 bytes : [100102]
2026-07-29 15:43:27,960 [DEBUG] Enqueuing a SendRequest for 3 bytes and TAT=Physical
2026-07-29 15:43:27,961 [DEBUG] Tx: <7A6> (08) [ ]	 0310010200000000
2026-07-29 15:43:27,962 [DEBUG] We've been asked to write a message to the bus
2026-07-29 15:43:27,963 [DEBUG] sending: Timestamp:        0.000000    ID:      7a6    S Rx       BS       DL:  8    03 10 01 02 00 00 00 00
2026-07-29 15:43:27,966 [INFO] TC_ID-291 - Received: 7F1013
2026-07-29 15:43:27,967 [DEBUG] Rx: <7AE> (08) [p]	 037f1013aaaaaaaa
2026-07-29 15:43:27,968 [WARNING] TC_ID-291 - PreCondition: PC_ID-038  Testcase:Incorrect message length(10 03 01) -> FAIL - Unexpected response
2026-07-29 15:43:27,969 [DEBUG] Stopping CanStack
2026-07-29 15:43:27,970 [DEBUG] Main thread is exiting
2026-07-29 15:43:28,018 [DEBUG] CanStack Stopped
2026-07-29 15:43:28,019 [INFO] Connection closed
2026-07-29 15:43:28,019 [INFO] Running Test Case: TC_ID-292
2026-07-29 15:43:28,020 [DEBUG] Starting CanStack
2026-07-29 15:43:28,021 [DEBUG] Main thread has started
2026-07-29 15:43:28,022 [DEBUG] Relay thread has started
2026-07-29 15:43:28,023 [INFO] Connection opened
2026-07-29 15:43:28,023 [INFO] Switched to physical mode for TC: TC_ID-292 Step: PreCondition: PC_ID-038  Testcase:Incorrect message length(10 01 01)
2026-07-29 15:43:28,024 [INFO] TC_ID-292 - PreCondition: PC_ID-038  Testcase:Incorrect message length(10 01 01): SID=0x10, Sub=0x0101, Expected=[3, 127, 16, 19, 170, 170, 170, 170]
2026-07-29 15:43:28,113 [INFO] TC_ID-292 - PreCondition: PC_ID-038  Testcase:Incorrect message length(10 01 01): Sending 100101
2026-07-29 15:43:28,170 [INFO] TC_ID-292 - PreCondition: PC_ID-038  Testcase:Incorrect message length(10 01 01): Sending request 100101
2026-07-29 15:43:28,170 [DEBUG] Sending 3 bytes : [100101]
2026-07-29 15:43:28,171 [DEBUG] Enqueuing a SendRequest for 3 bytes and TAT=Physical
2026-07-29 15:43:28,172 [DEBUG] Tx: <7A6> (08) [ ]	 0310010100000000
2026-07-29 15:43:28,173 [DEBUG] We've been asked to write a message to the bus
2026-07-29 15:43:28,173 [DEBUG] sending: Timestamp:        0.000000    ID:      7a6    S Rx       BS       DL:  8    03 10 01 01 00 00 00 00
2026-07-29 15:43:28,187 [DEBUG] Rx: <7AE> (08) [p]	 037f1013aaaaaaaa
2026-07-29 15:43:28,187 [INFO] TC_ID-292 - Received: 7F1013
2026-07-29 15:43:28,188 [WARNING] TC_ID-292 - PreCondition: PC_ID-038  Testcase:Incorrect message length(10 01 01) -> FAIL - Unexpected response
2026-07-29 15:43:28,189 [DEBUG] Stopping CanStack
2026-07-29 15:43:28,190 [DEBUG] Main thread is exiting
2026-07-29 15:43:28,237 [DEBUG] CanStack Stopped
2026-07-29 15:43:28,238 [INFO] Connection closed
2026-07-29 15:43:28,239 [INFO] Running Test Case: TC_ID-293
2026-07-29 15:43:28,241 [DEBUG] Starting CanStack
2026-07-29 15:43:28,243 [DEBUG] Main thread has started
2026-07-29 15:43:28,245 [DEBUG] Relay thread has started
2026-07-29 15:43:28,248 [INFO] Connection opened
2026-07-29 15:43:28,249 [INFO] Switched to physical mode for TC: TC_ID-293 Step: PreCondition: PC_ID-038  Testcase:Sub function not supported(14FFFFF1)
2026-07-29 15:43:28,250 [INFO] TC_ID-293 - PreCondition: PC_ID-038  Testcase:Sub function not supported(14FFFFF1): SID=0x14, Sub=0xFFFFF1, Expected=[3, 127, 20, 18, 170, 170, 170, 170]
2026-07-29 15:43:28,348 [INFO] TC_ID-293 - PreCondition: PC_ID-038  Testcase:Sub function not supported(14FFFFF1): Sending 14FFFFF1
2026-07-29 15:43:28,349 [INFO] TC_ID-293 - PreCondition: PC_ID-038  Testcase:Sub function not supported(14FFFFF1): Sending request 14FFFFF1
2026-07-29 15:43:28,350 [DEBUG] Sending 4 bytes : [14fffff1]
2026-07-29 15:43:28,352 [DEBUG] Enqueuing a SendRequest for 4 bytes and TAT=Physical
2026-07-29 15:43:28,354 [DEBUG] Tx: <7A6> (08) [ ]	 0414fffff1000000
2026-07-29 15:43:28,356 [DEBUG] We've been asked to write a message to the bus
2026-07-29 15:43:28,357 [DEBUG] sending: Timestamp:        0.000000    ID:      7a6    S Rx       BS       DL:  8    04 14 ff ff f1 00 00 00
2026-07-29 15:43:28,368 [DEBUG] Stopping CanStack
2026-07-29 15:43:28,371 [DEBUG] Rx: <7AE> (08) [p]	 037f1412aaaaaaaa
2026-07-29 15:43:28,373 [DEBUG] Main thread is exiting
2026-07-29 15:43:28,421 [DEBUG] CanStack Stopped
2026-07-29 15:43:28,422 [INFO] Connection closed
2026-07-29 15:43:28,423 [INFO] Running Test Case: TC_ID-294
2026-07-29 15:43:28,423 [DEBUG] Starting CanStack
2026-07-29 15:43:28,424 [DEBUG] Main thread has started
2026-07-29 15:43:28,425 [DEBUG] Relay thread has started
2026-07-29 15:43:28,427 [INFO] Connection opened
2026-07-29 15:43:28,427 [INFO] Switched to physical mode for TC: TC_ID-294 Step: PreCondition: PC_ID-038  Testcase:Incorrect message length(14FFFFFFFF)
2026-07-29 15:43:28,428 [INFO] TC_ID-294 - PreCondition: PC_ID-038  Testcase:Incorrect message length(14FFFFFFFF): SID=0x14, Sub=0xFFFFFFFF, Expected=[3, 127, 20, 19, 170, 170, 170, 170]
2026-07-29 15:43:28,519 [INFO] TC_ID-294 - PreCondition: PC_ID-038  Testcase:Incorrect message length(14FFFFFFFF): Sending 14FFFFFFFF
2026-07-29 15:43:28,520 [INFO] TC_ID-294 - PreCondition: PC_ID-038  Testcase:Incorrect message length(14FFFFFFFF): Sending request 14FFFFFFFF
2026-07-29 15:43:28,521 [DEBUG] Sending 5 bytes : [14ffffffff]
2026-07-29 15:43:28,522 [DEBUG] Enqueuing a SendRequest for 5 bytes and TAT=Physical
2026-07-29 15:43:28,524 [DEBUG] Tx: <7A6> (08) [ ]	 0514ffffffff0000
2026-07-29 15:43:28,525 [DEBUG] We've been asked to write a message to the bus
2026-07-29 15:43:28,527 [DEBUG] sending: Timestamp:        0.000000    ID:      7a6    S Rx       BS       DL:  8    05 14 ff ff ff ff 00 00
2026-07-29 15:43:28,538 [DEBUG] Stopping CanStack
2026-07-29 15:43:28,539 [DEBUG] Rx: <7AE> (08) [p]	 037f1413aaaaaaaa
2026-07-29 15:43:28,541 [DEBUG] Main thread is exiting
2026-07-29 15:43:28,588 [DEBUG] CanStack Stopped
2026-07-29 15:43:28,589 [INFO] Connection closed
2026-07-29 15:43:28,590 [INFO] Running Test Case: TC_ID-295
2026-07-29 15:43:28,590 [DEBUG] Starting CanStack
2026-07-29 15:43:28,592 [DEBUG] Main thread has started
2026-07-29 15:43:28,593 [DEBUG] Relay thread has started
2026-07-29 15:43:28,594 [INFO] Connection opened
2026-07-29 15:43:28,595 [INFO] Switched to physical mode for TC: TC_ID-295 Step: PreCondition: PC_ID-038  Testcase:Incorrect message length(22F18B02)
2026-07-29 15:43:28,595 [INFO] TC_ID-295 - PreCondition: PC_ID-038  Testcase:Incorrect message length(22F18B02): SID=0x22, Sub=0xF18B02, Expected=[3, 127, 34, 19, 170, 170, 170, 170]
2026-07-29 15:43:28,684 [INFO] TC_ID-295 - PreCondition: PC_ID-038  Testcase:Incorrect message length(22F18B02): Sending request 22F18B02
2026-07-29 15:43:28,685 [INFO] TC_ID-295 - PreCondition: PC_ID-038  Testcase:Incorrect message length(22F18B02): Sending request 22F18B02
2026-07-29 15:43:28,686 [DEBUG] Sending 4 bytes : [22f18b02]
2026-07-29 15:43:28,687 [DEBUG] Enqueuing a SendRequest for 4 bytes and TAT=Physical
2026-07-29 15:43:28,688 [DEBUG] Tx: <7A6> (08) [ ]	 0422f18b02000000
2026-07-29 15:43:28,689 [DEBUG] We've been asked to write a message to the bus
2026-07-29 15:43:28,690 [DEBUG] sending: Timestamp:        0.000000    ID:      7a6    S Rx       BS       DL:  8    04 22 f1 8b 02 00 00 00
2026-07-29 15:43:28,702 [DEBUG] Rx: <7AE> (08) [p]	 037f2213aaaaaaaa
2026-07-29 15:43:28,751 [INFO] TC_ID-295 - Received: 7F2213
2026-07-29 15:43:28,752 [WARNING] TC_ID-295 - PreCondition: PC_ID-038  Testcase:Incorrect message length(22F18B02) -> ❌ FAIL - Expected 037F2213AAAAAAAA
2026-07-29 15:43:28,752 [DEBUG] Stopping CanStack
2026-07-29 15:43:28,753 [DEBUG] Main thread is exiting
2026-07-29 15:43:28,798 [DEBUG] CanStack Stopped
2026-07-29 15:43:28,799 [INFO] Connection closed
2026-07-29 15:43:28,799 [INFO] Running Test Case: TC_ID-296
2026-07-29 15:43:28,800 [DEBUG] Starting CanStack
2026-07-29 15:43:28,801 [DEBUG] Main thread has started
2026-07-29 15:43:28,802 [DEBUG] Relay thread has started
2026-07-29 15:43:28,803 [INFO] Connection opened
2026-07-29 15:43:28,804 [INFO] Switched to physical mode for TC: TC_ID-296 Step: PreCondition: PC_ID-038  Testcase:Incorrect message length(22F18701)
2026-07-29 15:43:28,804 [INFO] TC_ID-296 - PreCondition: PC_ID-038  Testcase:Incorrect message length(22F18701): SID=0x22, Sub=0xF18701, Expected=[3, 127, 34, 19, 170, 170, 170, 170]
2026-07-29 15:43:28,888 [INFO] TC_ID-296 - PreCondition: PC_ID-038  Testcase:Incorrect message length(22F18701): Sending request 22F18701
2026-07-29 15:43:28,889 [INFO] TC_ID-296 - PreCondition: PC_ID-038  Testcase:Incorrect message length(22F18701): Sending request 22F18701
2026-07-29 15:43:28,890 [DEBUG] Sending 4 bytes : [22f18701]
2026-07-29 15:43:28,890 [DEBUG] Enqueuing a SendRequest for 4 bytes and TAT=Physical
2026-07-29 15:43:28,892 [DEBUG] Tx: <7A6> (08) [ ]	 0422f18701000000
2026-07-29 15:43:28,893 [DEBUG] We've been asked to write a message to the bus
2026-07-29 15:43:28,894 [DEBUG] sending: Timestamp:        0.000000    ID:      7a6    S Rx       BS       DL:  8    04 22 f1 87 01 00 00 00
2026-07-29 15:43:28,909 [DEBUG] Rx: <7AE> (08) [p]	 037f2213aaaaaaaa
2026-07-29 15:43:28,961 [INFO] TC_ID-296 - Received: 7F2213
2026-07-29 15:43:28,962 [WARNING] TC_ID-296 - PreCondition: PC_ID-038  Testcase:Incorrect message length(22F18701) -> ❌ FAIL - Expected 037F2213AAAAAAAA
2026-07-29 15:43:28,963 [DEBUG] Stopping CanStack
2026-07-29 15:43:28,964 [DEBUG] Main thread is exiting
2026-07-29 15:43:29,008 [DEBUG] CanStack Stopped
2026-07-29 15:43:29,009 [INFO] Connection closed
2026-07-29 15:43:29,010 [INFO] Running Test Case: TC_ID-297
2026-07-29 15:43:29,011 [DEBUG] Starting CanStack
2026-07-29 15:43:29,012 [DEBUG] Main thread has started
2026-07-29 15:43:29,013 [DEBUG] Relay thread has started
2026-07-29 15:43:29,014 [INFO] Connection opened
2026-07-29 15:43:29,015 [INFO] Switched to physical mode for TC: TC_ID-297 Step: PreCondition: PC_ID-038  Testcase:Incorrect message length(22F1A001)
2026-07-29 15:43:29,016 [INFO] TC_ID-297 - PreCondition: PC_ID-038  Testcase:Incorrect message length(22F1A001): SID=0x22, Sub=0xF1A001, Expected=[3, 127, 34, 19, 170, 170, 170, 170]
2026-07-29 15:43:29,104 [INFO] TC_ID-297 - PreCondition: PC_ID-038  Testcase:Incorrect message length(22F1A001): Sending request 22F1A001
2026-07-29 15:43:29,105 [INFO] TC_ID-297 - PreCondition: PC_ID-038  Testcase:Incorrect message length(22F1A001): Sending request 22F1A001
2026-07-29 15:43:29,107 [DEBUG] Sending 4 bytes : [22f1a001]
2026-07-29 15:43:29,108 [DEBUG] Enqueuing a SendRequest for 4 bytes and TAT=Physical
2026-07-29 15:43:29,110 [DEBUG] Tx: <7A6> (08) [ ]	 0422f1a001000000
2026-07-29 15:43:29,111 [DEBUG] We've been asked to write a message to the bus
2026-07-29 15:43:29,112 [DEBUG] sending: Timestamp:        0.000000    ID:      7a6    S Rx       BS       DL:  8    04 22 f1 a0 01 00 00 00
2026-07-29 15:43:29,128 [DEBUG] Rx: <7AE> (08) [p]	 037f2213aaaaaaaa
2026-07-29 15:43:29,177 [INFO] TC_ID-297 - Received: 7F2213
2026-07-29 15:43:29,179 [WARNING] TC_ID-297 - PreCondition: PC_ID-038  Testcase:Incorrect message length(22F1A001) -> ❌ FAIL - Expected 037F2213AAAAAAAA
2026-07-29 15:43:29,179 [DEBUG] Stopping CanStack
2026-07-29 15:43:29,180 [DEBUG] Main thread is exiting
2026-07-29 15:43:29,229 [DEBUG] CanStack Stopped
2026-07-29 15:43:29,230 [INFO] Connection closed
2026-07-29 15:43:29,231 [INFO] Running Test Case: TC_ID-298
2026-07-29 15:43:29,232 [DEBUG] Starting CanStack
2026-07-29 15:43:29,233 [DEBUG] Main thread has started
2026-07-29 15:43:29,235 [DEBUG] Relay thread has started
2026-07-29 15:43:29,236 [INFO] Connection opened
2026-07-29 15:43:29,237 [INFO] Switched to physical mode for TC: TC_ID-298 Step: PreCondition: PC_ID-038  Testcase:Incorrect message length(22F19504)
2026-07-29 15:43:29,238 [INFO] TC_ID-298 - PreCondition: PC_ID-038  Testcase:Incorrect message length(22F19504): SID=0x22, Sub=0xF19504, Expected=[3, 127, 34, 19, 170, 170, 170, 170]
2026-07-29 15:43:29,324 [INFO] TC_ID-298 - PreCondition: PC_ID-038  Testcase:Incorrect message length(22F19504): Sending request 22F19504
2026-07-29 15:43:29,325 [INFO] TC_ID-298 - PreCondition: PC_ID-038  Testcase:Incorrect message length(22F19504): Sending request 22F19504
2026-07-29 15:43:29,326 [DEBUG] Sending 4 bytes : [22f19504]
2026-07-29 15:43:29,402 [DEBUG] Enqueuing a SendRequest for 4 bytes and TAT=Physical
2026-07-29 15:43:29,404 [DEBUG] Tx: <7A6> (08) [ ]	 0422f19504000000
2026-07-29 15:43:29,405 [DEBUG] We've been asked to write a message to the bus
2026-07-29 15:43:29,406 [DEBUG] sending: Timestamp:        0.000000    ID:      7a6    S Rx       BS       DL:  8    04 22 f1 95 04 00 00 00
2026-07-29 15:43:29,421 [DEBUG] Rx: <7AE> (08) [p]	 037f2213aaaaaaaa
2026-07-29 15:43:29,469 [INFO] TC_ID-298 - Received: 7F2213
2026-07-29 15:43:29,470 [WARNING] TC_ID-298 - PreCondition: PC_ID-038  Testcase:Incorrect message length(22F19504) -> ❌ FAIL - Expected 037F2213AAAAAAAA
2026-07-29 15:43:29,471 [DEBUG] Stopping CanStack
2026-07-29 15:43:29,472 [DEBUG] Main thread is exiting
2026-07-29 15:43:29,522 [DEBUG] CanStack Stopped
2026-07-29 15:43:29,522 [INFO] Connection closed
2026-07-29 15:43:29,523 [INFO] Running Test Case: TC_ID-299
2026-07-29 15:43:29,524 [DEBUG] Starting CanStack
2026-07-29 15:43:29,525 [DEBUG] Main thread has started
2026-07-29 15:43:29,526 [DEBUG] Relay thread has started
2026-07-29 15:43:29,528 [INFO] Connection opened
2026-07-29 15:43:29,529 [INFO] Switched to physical mode for TC: TC_ID-299 Step: PreCondition: PC_ID-038  Testcase:Incorrect message length(22F1B001)
2026-07-29 15:43:29,530 [INFO] TC_ID-299 - PreCondition: PC_ID-038  Testcase:Incorrect message length(22F1B001): SID=0x22, Sub=0xF1B001, Expected=[3, 127, 34, 19, 170, 170, 170, 170]
2026-07-29 15:43:29,618 [INFO] TC_ID-299 - PreCondition: PC_ID-038  Testcase:Incorrect message length(22F1B001): Sending request 22F1B001
2026-07-29 15:43:29,619 [INFO] TC_ID-299 - PreCondition: PC_ID-038  Testcase:Incorrect message length(22F1B001): Sending request 22F1B001
2026-07-29 15:43:29,620 [DEBUG] Sending 4 bytes : [22f1b001]
2026-07-29 15:43:29,621 [DEBUG] Enqueuing a SendRequest for 4 bytes and TAT=Physical
2026-07-29 15:43:29,623 [DEBUG] Tx: <7A6> (08) [ ]	 0422f1b001000000
2026-07-29 15:43:29,624 [DEBUG] We've been asked to write a message to the bus
2026-07-29 15:43:29,625 [DEBUG] sending: Timestamp:        0.000000    ID:      7a6    S Rx       BS       DL:  8    04 22 f1 b0 01 00 00 00
2026-07-29 15:43:29,638 [DEBUG] Rx: <7AE> (08) [p]	 037f2213aaaaaaaa
2026-07-29 15:43:29,687 [INFO] TC_ID-299 - Received: 7F2213
2026-07-29 15:43:29,688 [WARNING] TC_ID-299 - PreCondition: PC_ID-038  Testcase:Incorrect message length(22F1B001) -> ❌ FAIL - Expected 037F2213AAAAAAAA
2026-07-29 15:43:29,689 [DEBUG] Stopping CanStack
2026-07-29 15:43:29,689 [DEBUG] Main thread is exiting
2026-07-29 15:43:29,738 [DEBUG] CanStack Stopped
2026-07-29 15:43:29,739 [INFO] Connection closed
2026-07-29 15:43:29,740 [INFO] Running Test Case: TC_ID-300
2026-07-29 15:43:29,740 [DEBUG] Starting CanStack
2026-07-29 15:43:29,742 [DEBUG] Main thread has started
2026-07-29 15:43:29,743 [DEBUG] Relay thread has started
2026-07-29 15:43:29,745 [INFO] Connection opened
2026-07-29 15:43:29,746 [INFO] Switched to physical mode for TC: TC_ID-300 Step: PreCondition: PC_ID-038  Testcase:Incorrect message length(22F19101)
2026-07-29 15:43:29,747 [INFO] TC_ID-300 - PreCondition: PC_ID-038  Testcase:Incorrect message length(22F19101): SID=0x22, Sub=0xF19101, Expected=[3, 127, 34, 19, 170, 170, 170, 170]
2026-07-29 15:43:29,835 [INFO] TC_ID-300 - PreCondition: PC_ID-038  Testcase:Incorrect message length(22F19101): Sending request 22F19101
2026-07-29 15:43:29,836 [INFO] TC_ID-300 - PreCondition: PC_ID-038  Testcase:Incorrect message length(22F19101): Sending request 22F19101
2026-07-29 15:43:29,837 [DEBUG] Sending 4 bytes : [22f19101]
2026-07-29 15:43:29,838 [DEBUG] Enqueuing a SendRequest for 4 bytes and TAT=Physical
2026-07-29 15:43:29,840 [DEBUG] Tx: <7A6> (08) [ ]	 0422f19101000000
2026-07-29 15:43:29,841 [DEBUG] We've been asked to write a message to the bus
2026-07-29 15:43:29,843 [DEBUG] sending: Timestamp:        0.000000    ID:      7a6    S Rx       BS       DL:  8    04 22 f1 91 01 00 00 00
2026-07-29 15:43:29,858 [DEBUG] Rx: <7AE> (08) [p]	 037f2213aaaaaaaa
2026-07-29 15:43:29,907 [INFO] TC_ID-300 - Received: 7F2213
2026-07-29 15:43:29,908 [WARNING] TC_ID-300 - PreCondition: PC_ID-038  Testcase:Incorrect message length(22F19101) -> ❌ FAIL - Expected 037F2213AAAAAAAA
2026-07-29 15:43:29,908 [DEBUG] Stopping CanStack
2026-07-29 15:43:29,909 [DEBUG] Main thread is exiting
2026-07-29 15:43:29,959 [DEBUG] CanStack Stopped
2026-07-29 15:43:29,960 [INFO] Connection closed
2026-07-29 15:43:29,960 [INFO] Running Test Case: TC_ID-301
2026-07-29 15:43:29,961 [DEBUG] Starting CanStack
2026-07-29 15:43:29,963 [DEBUG] Main thread has started
2026-07-29 15:43:29,964 [DEBUG] Relay thread has started
2026-07-29 15:43:29,966 [INFO] Connection opened
2026-07-29 15:43:29,968 [INFO] Switched to physical mode for TC: TC_ID-301 Step: PreCondition: PC_ID-038  Testcase:Incorrect message length(22F1EF02)
2026-07-29 15:43:29,969 [INFO] TC_ID-301 - PreCondition: PC_ID-038  Testcase:Incorrect message length(22F1EF02): SID=0x22, Sub=0xF1EF02, Expected=[3, 127, 34, 19, 170, 170, 170, 170]
2026-07-29 15:43:30,059 [INFO] TC_ID-301 - PreCondition: PC_ID-038  Testcase:Incorrect message length(22F1EF02): Sending request 22F1EF02
2026-07-29 15:43:30,060 [INFO] TC_ID-301 - PreCondition: PC_ID-038  Testcase:Incorrect message length(22F1EF02): Sending request 22F1EF02
2026-07-29 15:43:30,061 [DEBUG] Sending 4 bytes : [22f1ef02]
2026-07-29 15:43:30,062 [DEBUG] Enqueuing a SendRequest for 4 bytes and TAT=Physical
2026-07-29 15:43:30,064 [DEBUG] Tx: <7A6> (08) [ ]	 0422f1ef02000000
2026-07-29 15:43:30,065 [DEBUG] We've been asked to write a message to the bus
2026-07-29 15:43:30,066 [DEBUG] sending: Timestamp:        0.000000    ID:      7a6    S Rx       BS       DL:  8    04 22 f1 ef 02 00 00 00
2026-07-29 15:43:30,078 [DEBUG] Rx: <7AE> (08) [p]	 037f2213aaaaaaaa
2026-07-29 15:43:30,128 [INFO] TC_ID-301 - Received: 7F2213
2026-07-29 15:43:30,129 [WARNING] TC_ID-301 - PreCondition: PC_ID-038  Testcase:Incorrect message length(22F1EF02) -> ❌ FAIL - Expected 037F2213AAAAAAAA
2026-07-29 15:43:30,130 [DEBUG] Stopping CanStack
2026-07-29 15:43:30,131 [DEBUG] Main thread is exiting
2026-07-29 15:43:30,178 [DEBUG] CanStack Stopped
2026-07-29 15:43:30,179 [INFO] Connection closed
2026-07-29 15:43:30,180 [INFO] Running Test Case: TC_ID-302
2026-07-29 15:43:30,180 [DEBUG] Starting CanStack
2026-07-29 15:43:30,181 [DEBUG] Main thread has started
2026-07-29 15:43:30,182 [DEBUG] Relay thread has started
2026-07-29 15:43:30,184 [INFO] Connection opened
2026-07-29 15:43:30,185 [INFO] Switched to physical mode for TC: TC_ID-302 Step: PreCondition: PC_ID-038  Testcase:Incorrect message length(22F10001)
2026-07-29 15:43:30,187 [INFO] TC_ID-302 - PreCondition: PC_ID-038  Testcase:Incorrect message length(22F10001): SID=0x22, Sub=0xF10001, Expected=[3, 127, 34, 19, 170, 170, 170, 170]
2026-07-29 15:43:30,274 [INFO] TC_ID-302 - PreCondition: PC_ID-038  Testcase:Incorrect message length(22F10001): Sending request 22F10001
2026-07-29 15:43:30,275 [INFO] TC_ID-302 - PreCondition: PC_ID-038  Testcase:Incorrect message length(22F10001): Sending request 22F10001
2026-07-29 15:43:30,276 [DEBUG] Sending 4 bytes : [22f10001]
2026-07-29 15:43:30,277 [DEBUG] Enqueuing a SendRequest for 4 bytes and TAT=Physical
2026-07-29 15:43:30,279 [DEBUG] Tx: <7A6> (08) [ ]	 0422f10001000000
2026-07-29 15:43:30,280 [DEBUG] We've been asked to write a message to the bus
2026-07-29 15:43:30,281 [DEBUG] sending: Timestamp:        0.000000    ID:      7a6    S Rx       BS       DL:  8    04 22 f1 00 01 00 00 00
2026-07-29 15:43:30,292 [DEBUG] Rx: <7AE> (08) [p]	 037f2213aaaaaaaa
2026-07-29 15:43:30,340 [INFO] TC_ID-302 - Received: 7F2213
2026-07-29 15:43:30,341 [WARNING] TC_ID-302 - PreCondition: PC_ID-038  Testcase:Incorrect message length(22F10001) -> ❌ FAIL - Expected 037F2213AAAAAAAA
2026-07-29 15:43:30,341 [DEBUG] Stopping CanStack
2026-07-29 15:43:30,342 [DEBUG] Main thread is exiting
2026-07-29 15:43:30,343 [DEBUG] CanStack Stopped
2026-07-29 15:43:30,344 [INFO] Connection closed
2026-07-29 15:43:30,344 [INFO] Running Test Case: TC_ID-303
2026-07-29 15:43:30,345 [DEBUG] Starting CanStack
2026-07-29 15:43:30,346 [DEBUG] Main thread has started
2026-07-29 15:43:30,347 [DEBUG] Relay thread has started
2026-07-29 15:43:30,348 [INFO] Connection opened
2026-07-29 15:43:30,349 [INFO] Switched to physical mode for TC: TC_ID-303 Step: PreCondition: PC_ID-038  Testcase:Read DTC with Extended session(19 02)
2026-07-29 15:43:30,349 [INFO] TC_ID-303 - PreCondition: PC_ID-038  Testcase:Read DTC with Extended session(19 02): SID=0x19, Sub=0x02, Expected=[7, 89, 2, 8, 150, 3, 0, 8]
2026-07-29 15:43:30,437 [INFO] TC_ID-303 - PreCondition: PC_ID-038  Testcase:Read DTC with Extended session(19 02): Sending 190208
2026-07-29 15:43:30,438 [INFO] TC_ID-303 - PreCondition: PC_ID-038  Testcase:Read DTC with Extended session(19 02): Sending request 190208
2026-07-29 15:43:30,439 [DEBUG] Sending 3 bytes : [190208]
2026-07-29 15:43:30,440 [DEBUG] Enqueuing a SendRequest for 3 bytes and TAT=Physical
2026-07-29 15:43:30,442 [DEBUG] Tx: <7A6> (08) [ ]	 0319020800000000
2026-07-29 15:43:30,443 [DEBUG] We've been asked to write a message to the bus
2026-07-29 15:43:30,444 [DEBUG] sending: Timestamp:        0.000000    ID:      7a6    S Rx       BS       DL:  8    03 19 02 08 00 00 00 00
2026-07-29 15:43:30,456 [DEBUG] Stopping CanStack
2026-07-29 15:43:30,459 [DEBUG] Rx: <7AE> (08) [p]	 03590200aaaaaaaa
2026-07-29 15:43:30,461 [DEBUG] Main thread is exiting
2026-07-29 15:43:30,508 [DEBUG] CanStack Stopped
2026-07-29 15:43:30,509 [INFO] Connection closed
2026-07-29 15:43:30,510 [INFO] Running Test Case: PC_ID-039
2026-07-29 15:43:30,511 [DEBUG] Starting CanStack
2026-07-29 15:43:30,512 [DEBUG] Main thread has started
2026-07-29 15:43:30,513 [DEBUG] Relay thread has started
2026-07-29 15:43:30,515 [INFO] Connection opened
2026-07-29 15:43:30,516 [INFO] Switched to physical mode for TC: PC_ID-039 Step: Start Extended session(10 03)
2026-07-29 15:43:30,517 [INFO] PC_ID-039 - Start Extended session(10 03): SID=0x10, Sub=0x03, Expected=[6, 80, 3, 0, 50, 1, 244, 170]
2026-07-29 15:43:30,588 [INFO] PC_ID-039 - Start Extended session(10 03): Sending 1003
2026-07-29 15:43:30,641 [INFO] PC_ID-039 - Start Extended session(10 03): Sending request 1003
2026-07-29 15:43:30,643 [DEBUG] Sending 2 bytes : [1003]
2026-07-29 15:43:30,645 [DEBUG] Enqueuing a SendRequest for 2 bytes and TAT=Physical
2026-07-29 15:43:30,650 [DEBUG] Tx: <7A6> (08) [ ]	 0210030000000000
2026-07-29 15:43:30,652 [DEBUG] We've been asked to write a message to the bus
2026-07-29 15:43:30,655 [DEBUG] sending: Timestamp:        0.000000    ID:      7a6    S Rx       BS       DL:  8    02 10 03 00 00 00 00 00
2026-07-29 15:43:30,668 [INFO] PC_ID-039 - Received: 5003003201F4
2026-07-29 15:43:30,669 [DEBUG] Rx: <7AE> (08) [p]	 065003003201f4aa
2026-07-29 15:43:30,670 [WARNING] PC_ID-039 - Start Extended session(10 03) -> FAIL - Unexpected response
2026-07-29 15:43:30,671 [DEBUG] Stopping CanStack
2026-07-29 15:43:30,672 [DEBUG] Main thread is exiting
2026-07-29 15:43:30,718 [DEBUG] CanStack Stopped
2026-07-29 15:43:30,719 [INFO] Connection closed
2026-07-29 15:43:30,720 [INFO] Running Test Case: TC_ID-304
2026-07-29 15:43:30,721 [DEBUG] Starting CanStack
2026-07-29 15:43:30,722 [DEBUG] Main thread has started
2026-07-29 15:43:30,725 [DEBUG] Relay thread has started
2026-07-29 15:43:30,727 [INFO] Connection opened
2026-07-29 15:43:30,728 [INFO] Switched to physical mode for TC: TC_ID-304 Step: PreCondition: PC_ID-039  Testcase:Incorrect message length(10 03 01)
2026-07-29 15:43:30,729 [INFO] TC_ID-304 - PreCondition: PC_ID-039  Testcase:Incorrect message length(10 03 01): SID=0x10, Sub=0x0301, Expected=[3, 127, 16, 19, 170, 170, 170, 170]
2026-07-29 15:43:30,817 [INFO] TC_ID-304 - PreCondition: PC_ID-039  Testcase:Incorrect message length(10 03 01): Sending 100301
2026-07-29 15:43:30,873 [INFO] TC_ID-304 - PreCondition: PC_ID-039  Testcase:Incorrect message length(10 03 01): Sending request 100301
2026-07-29 15:43:30,874 [DEBUG] Sending 3 bytes : [100301]
2026-07-29 15:43:30,874 [DEBUG] Enqueuing a SendRequest for 3 bytes and TAT=Physical
2026-07-29 15:43:30,875 [DEBUG] Tx: <7A6> (08) [ ]	 0310030100000000
2026-07-29 15:43:30,876 [DEBUG] We've been asked to write a message to the bus
2026-07-29 15:43:30,876 [DEBUG] sending: Timestamp:        0.000000    ID:      7a6    S Rx       BS       DL:  8    03 10 03 01 00 00 00 00
2026-07-29 15:43:30,887 [INFO] TC_ID-304 - Received: 7F1013
2026-07-29 15:43:30,887 [DEBUG] Rx: <7AE> (08) [p]	 037f1013aaaaaaaa
2026-07-29 15:43:30,888 [WARNING] TC_ID-304 - PreCondition: PC_ID-039  Testcase:Incorrect message length(10 03 01) -> FAIL - Unexpected response
2026-07-29 15:43:30,889 [DEBUG] Stopping CanStack
2026-07-29 15:43:30,890 [DEBUG] Main thread is exiting
2026-07-29 15:43:30,937 [DEBUG] CanStack Stopped
2026-07-29 15:43:30,937 [INFO] Connection closed
2026-07-29 15:43:30,938 [INFO] Running Test Case: TC_ID-305
2026-07-29 15:43:30,939 [DEBUG] Starting CanStack
2026-07-29 15:43:30,941 [DEBUG] Main thread has started
2026-07-29 15:43:30,943 [DEBUG] Relay thread has started
2026-07-29 15:43:30,946 [INFO] Connection opened
2026-07-29 15:43:30,949 [INFO] Switched to physical mode for TC: TC_ID-305 Step: PreCondition: PC_ID-039  Testcase:Incorrect message length(22F18701)
2026-07-29 15:43:30,952 [INFO] TC_ID-305 - PreCondition: PC_ID-039  Testcase:Incorrect message length(22F18701): SID=0x22, Sub=0xF18701, Expected=[3, 127, 34, 19, 170, 170, 170, 170]
2026-07-29 15:43:31,039 [INFO] TC_ID-305 - PreCondition: PC_ID-039  Testcase:Incorrect message length(22F18701): Sending request 22F18701
2026-07-29 15:43:31,040 [INFO] TC_ID-305 - PreCondition: PC_ID-039  Testcase:Incorrect message length(22F18701): Sending request 22F18701
2026-07-29 15:43:31,041 [DEBUG] Sending 4 bytes : [22f18701]
2026-07-29 15:43:31,042 [DEBUG] Enqueuing a SendRequest for 4 bytes and TAT=Physical
2026-07-29 15:43:31,044 [DEBUG] Tx: <7A6> (08) [ ]	 0422f18701000000
2026-07-29 15:43:31,046 [DEBUG] We've been asked to write a message to the bus
2026-07-29 15:43:31,047 [DEBUG] sending: Timestamp:        0.000000    ID:      7a6    S Rx       BS       DL:  8    04 22 f1 87 01 00 00 00
2026-07-29 15:43:31,059 [DEBUG] Rx: <7AE> (08) [p]	 037f2213aaaaaaaa
2026-07-29 15:43:31,108 [INFO] TC_ID-305 - Received: 7F2213
2026-07-29 15:43:31,109 [WARNING] TC_ID-305 - PreCondition: PC_ID-039  Testcase:Incorrect message length(22F18701) -> ❌ FAIL - Expected 037F2213AAAAAAAA
2026-07-29 15:43:31,109 [DEBUG] Stopping CanStack
2026-07-29 15:43:31,110 [DEBUG] Main thread is exiting
2026-07-29 15:43:31,160 [DEBUG] CanStack Stopped
2026-07-29 15:43:31,161 [INFO] Connection closed
2026-07-29 15:43:31,161 [INFO] Running Test Case: TC_ID-306
2026-07-29 15:43:31,162 [DEBUG] Starting CanStack
2026-07-29 15:43:31,164 [DEBUG] Main thread has started
2026-07-29 15:43:31,166 [DEBUG] Relay thread has started
2026-07-29 15:43:31,168 [INFO] Connection opened
2026-07-29 15:43:31,169 [INFO] Switched to physical mode for TC: TC_ID-306 Step: PreCondition: PC_ID-039  Testcase:Incorrect message length(22F19703)
2026-07-29 15:43:31,172 [INFO] TC_ID-306 - PreCondition: PC_ID-039  Testcase:Incorrect message length(22F19703): SID=0x22, Sub=0xF19703, Expected=[3, 127, 34, 19, 170, 170, 170, 170]
2026-07-29 15:43:31,262 [INFO] TC_ID-306 - PreCondition: PC_ID-039  Testcase:Incorrect message length(22F19703): Sending request 22F19703
2026-07-29 15:43:31,263 [INFO] TC_ID-306 - PreCondition: PC_ID-039  Testcase:Incorrect message length(22F19703): Sending request 22F19703
2026-07-29 15:43:31,264 [DEBUG] Sending 4 bytes : [22f19703]
2026-07-29 15:43:31,265 [DEBUG] Enqueuing a SendRequest for 4 bytes and TAT=Physical
2026-07-29 15:43:31,267 [DEBUG] Tx: <7A6> (08) [ ]	 0422f19703000000
2026-07-29 15:43:31,268 [DEBUG] We've been asked to write a message to the bus
2026-07-29 15:43:31,269 [DEBUG] sending: Timestamp:        0.000000    ID:      7a6    S Rx       BS       DL:  8    04 22 f1 97 03 00 00 00
2026-07-29 15:43:31,280 [DEBUG] Rx: <7AE> (08) [p]	 037f2213aaaaaaaa
2026-07-29 15:43:31,330 [INFO] TC_ID-306 - Received: 7F2213
2026-07-29 15:43:31,331 [WARNING] TC_ID-306 - PreCondition: PC_ID-039  Testcase:Incorrect message length(22F19703) -> ❌ FAIL - Expected 037F2213AAAAAAAA
2026-07-29 15:43:31,332 [DEBUG] Stopping CanStack
2026-07-29 15:43:31,333 [DEBUG] Main thread is exiting
2026-07-29 15:43:31,381 [DEBUG] CanStack Stopped
2026-07-29 15:43:31,382 [INFO] Connection closed
2026-07-29 15:43:31,382 [INFO] Running Test Case: TC_ID-307
2026-07-29 15:43:31,383 [DEBUG] Starting CanStack
2026-07-29 15:43:31,384 [DEBUG] Main thread has started
2026-07-29 15:43:31,386 [DEBUG] Relay thread has started
2026-07-29 15:43:31,388 [INFO] Connection opened
2026-07-29 15:43:31,389 [INFO] Switched to physical mode for TC: TC_ID-307 Step: PreCondition: PC_ID-039  Testcase:Incorrect message length(22F1A101)
2026-07-29 15:43:31,390 [INFO] TC_ID-307 - PreCondition: PC_ID-039  Testcase:Incorrect message length(22F1A101): SID=0x22, Sub=0xF1A101, Expected=[3, 127, 34, 19, 170, 170, 170, 170]
2026-07-29 15:43:31,479 [INFO] TC_ID-307 - PreCondition: PC_ID-039  Testcase:Incorrect message length(22F1A101): Sending request 22F1A101
2026-07-29 15:43:31,480 [INFO] TC_ID-307 - PreCondition: PC_ID-039  Testcase:Incorrect message length(22F1A101): Sending request 22F1A101
2026-07-29 15:43:31,480 [DEBUG] Sending 4 bytes : [22f1a101]
2026-07-29 15:43:31,481 [DEBUG] Enqueuing a SendRequest for 4 bytes and TAT=Physical
2026-07-29 15:43:31,482 [DEBUG] Tx: <7A6> (08) [ ]	 0422f1a101000000
2026-07-29 15:43:31,484 [DEBUG] We've been asked to write a message to the bus
2026-07-29 15:43:31,485 [DEBUG] sending: Timestamp:        0.000000    ID:      7a6    S Rx       BS       DL:  8    04 22 f1 a1 01 00 00 00
2026-07-29 15:43:31,500 [DEBUG] Rx: <7AE> (08) [p]	 037f2213aaaaaaaa
2026-07-29 15:43:31,550 [INFO] TC_ID-307 - Received: 7F2213
2026-07-29 15:43:31,551 [WARNING] TC_ID-307 - PreCondition: PC_ID-039  Testcase:Incorrect message length(22F1A101) -> ❌ FAIL - Expected 037F2213AAAAAAAA
2026-07-29 15:43:31,552 [DEBUG] Stopping CanStack
2026-07-29 15:43:31,553 [DEBUG] Main thread is exiting
2026-07-29 15:43:31,600 [DEBUG] CanStack Stopped
2026-07-29 15:43:31,601 [INFO] Connection closed
2026-07-29 15:43:31,602 [INFO] Running Test Case: TC_ID-308
2026-07-29 15:43:31,603 [DEBUG] Starting CanStack
2026-07-29 15:43:31,604 [DEBUG] Main thread has started
2026-07-29 15:43:31,605 [DEBUG] Relay thread has started
2026-07-29 15:43:31,607 [INFO] Connection opened
2026-07-29 15:43:31,608 [INFO] Switched to physical mode for TC: TC_ID-308 Step: PreCondition: PC_ID-039  Testcase:Incorrect message length(22F1B104)
2026-07-29 15:43:31,609 [INFO] TC_ID-308 - PreCondition: PC_ID-039  Testcase:Incorrect message length(22F1B104): SID=0x22, Sub=0xF1B104, Expected=[3, 127, 34, 19, 170, 170, 170, 170]
2026-07-29 15:43:31,704 [INFO] TC_ID-308 - PreCondition: PC_ID-039  Testcase:Incorrect message length(22F1B104): Sending request 22F1B104
2026-07-29 15:43:31,705 [INFO] TC_ID-308 - PreCondition: PC_ID-039  Testcase:Incorrect message length(22F1B104): Sending request 22F1B104
2026-07-29 15:43:31,706 [DEBUG] Sending 4 bytes : [22f1b104]
2026-07-29 15:43:31,707 [DEBUG] Enqueuing a SendRequest for 4 bytes and TAT=Physical
2026-07-29 15:43:31,709 [DEBUG] Tx: <7A6> (08) [ ]	 0422f1b104000000
2026-07-29 15:43:31,711 [DEBUG] We've been asked to write a message to the bus
2026-07-29 15:43:31,712 [DEBUG] sending: Timestamp:        0.000000    ID:      7a6    S Rx       BS       DL:  8    04 22 f1 b1 04 00 00 00
2026-07-29 15:43:31,722 [DEBUG] Rx: <7AE> (08) [p]	 037f2213aaaaaaaa
2026-07-29 15:43:31,769 [INFO] TC_ID-308 - Received: 7F2213
2026-07-29 15:43:31,770 [WARNING] TC_ID-308 - PreCondition: PC_ID-039  Testcase:Incorrect message length(22F1B104) -> ❌ FAIL - Expected 037F2213AAAAAAAA
2026-07-29 15:43:31,771 [DEBUG] Stopping CanStack
2026-07-29 15:43:31,772 [DEBUG] Main thread is exiting
2026-07-29 15:43:31,822 [DEBUG] CanStack Stopped
2026-07-29 15:43:31,823 [INFO] Connection closed
2026-07-29 15:43:31,824 [INFO] Running Test Case: TC_ID-309
2026-07-29 15:43:31,824 [DEBUG] Starting CanStack
2026-07-29 15:43:31,825 [DEBUG] Main thread has started
2026-07-29 15:43:31,826 [DEBUG] Relay thread has started
2026-07-29 15:43:31,827 [INFO] Connection opened
2026-07-29 15:43:31,828 [INFO] Switched to physical mode for TC: TC_ID-309 Step: PreCondition: PC_ID-039  Testcase:Incorrect message length(22F13101)
2026-07-29 15:43:31,829 [INFO] TC_ID-309 - PreCondition: PC_ID-039  Testcase:Incorrect message length(22F13101): SID=0x22, Sub=0xF13101, Expected=[3, 127, 34, 19, 170, 170, 170, 170]
2026-07-29 15:43:31,917 [INFO] TC_ID-309 - PreCondition: PC_ID-039  Testcase:Incorrect message length(22F13101): Sending request 22F13101
2026-07-29 15:43:31,918 [INFO] TC_ID-309 - PreCondition: PC_ID-039  Testcase:Incorrect message length(22F13101): Sending request 22F13101
2026-07-29 15:43:31,919 [DEBUG] Sending 4 bytes : [22f13101]
2026-07-29 15:43:31,920 [DEBUG] Enqueuing a SendRequest for 4 bytes and TAT=Physical
2026-07-29 15:43:31,922 [DEBUG] Tx: <7A6> (08) [ ]	 0422f13101000000
2026-07-29 15:43:31,923 [DEBUG] We've been asked to write a message to the bus
2026-07-29 15:43:31,924 [DEBUG] sending: Timestamp:        0.000000    ID:      7a6    S Rx       BS       DL:  8    04 22 f1 31 01 00 00 00
2026-07-29 15:43:31,938 [DEBUG] Rx: <7AE> (08) [p]	 037f2213aaaaaaaa
2026-07-29 15:43:31,987 [INFO] TC_ID-309 - Received: 7F2213
2026-07-29 15:43:31,988 [WARNING] TC_ID-309 - PreCondition: PC_ID-039  Testcase:Incorrect message length(22F13101) -> ❌ FAIL - Expected 037F2213AAAAAAAA
2026-07-29 15:43:31,988 [DEBUG] Stopping CanStack
2026-07-29 15:43:31,989 [DEBUG] Main thread is exiting
2026-07-29 15:43:32,038 [DEBUG] CanStack Stopped
2026-07-29 15:43:32,039 [INFO] Connection closed
2026-07-29 15:43:32,039 [INFO] Running Test Case: TC_ID-310
2026-07-29 15:43:32,040 [DEBUG] Starting CanStack
2026-07-29 15:43:32,041 [DEBUG] Main thread has started
2026-07-29 15:43:32,043 [DEBUG] Relay thread has started
2026-07-29 15:43:32,045 [INFO] Connection opened
2026-07-29 15:43:32,046 [INFO] Switched to physical mode for TC: TC_ID-310 Step: PreCondition: PC_ID-039  Testcase:Incorrect message length(22F1C101)
2026-07-29 15:43:32,047 [INFO] TC_ID-310 - PreCondition: PC_ID-039  Testcase:Incorrect message length(22F1C101): SID=0x22, Sub=0xF1C101, Expected=[3, 127, 34, 19, 170, 170, 170, 170]
2026-07-29 15:43:32,137 [INFO] TC_ID-310 - PreCondition: PC_ID-039  Testcase:Incorrect message length(22F1C101): Sending request 22F1C101
2026-07-29 15:43:32,138 [INFO] TC_ID-310 - PreCondition: PC_ID-039  Testcase:Incorrect message length(22F1C101): Sending request 22F1C101
2026-07-29 15:43:32,139 [DEBUG] Sending 4 bytes : [22f1c101]
2026-07-29 15:43:32,141 [DEBUG] Enqueuing a SendRequest for 4 bytes and TAT=Physical
2026-07-29 15:43:32,143 [DEBUG] Tx: <7A6> (08) [ ]	 0422f1c101000000
2026-07-29 15:43:32,145 [DEBUG] We've been asked to write a message to the bus
2026-07-29 15:43:32,147 [DEBUG] sending: Timestamp:        0.000000    ID:      7a6    S Rx       BS       DL:  8    04 22 f1 c1 01 00 00 00
2026-07-29 15:43:32,157 [DEBUG] Rx: <7AE> (08) [p]	 037f2213aaaaaaaa
2026-07-29 15:43:32,206 [INFO] TC_ID-310 - Received: 7F2213
2026-07-29 15:43:32,207 [WARNING] TC_ID-310 - PreCondition: PC_ID-039  Testcase:Incorrect message length(22F1C101) -> ❌ FAIL - Expected 037F2213AAAAAAAA
2026-07-29 15:43:32,208 [DEBUG] Stopping CanStack
2026-07-29 15:43:32,209 [DEBUG] Main thread is exiting
2026-07-29 15:43:32,258 [DEBUG] CanStack Stopped
2026-07-29 15:43:32,259 [INFO] Connection closed
2026-07-29 15:43:32,259 [INFO] Running Test Case: TC_ID-311
2026-07-29 15:43:32,260 [DEBUG] Starting CanStack
2026-07-29 15:43:32,261 [DEBUG] Main thread has started
2026-07-29 15:43:32,263 [DEBUG] Relay thread has started
2026-07-29 15:43:32,265 [INFO] Connection opened
2026-07-29 15:43:32,266 [INFO] Switched to physical mode for TC: TC_ID-311 Step: PreCondition: PC_ID-039  Testcase:Read DTC with Extended session(19 02)
2026-07-29 15:43:32,267 [INFO] TC_ID-311 - PreCondition: PC_ID-039  Testcase:Read DTC with Extended session(19 02): SID=0x19, Sub=0x02, Expected=[7, 89, 2, 8, 150, 3, 0, 8]
2026-07-29 15:43:32,356 [INFO] TC_ID-311 - PreCondition: PC_ID-039  Testcase:Read DTC with Extended session(19 02): Sending 190208
2026-07-29 15:43:32,357 [INFO] TC_ID-311 - PreCondition: PC_ID-039  Testcase:Read DTC with Extended session(19 02): Sending request 190208
2026-07-29 15:43:32,358 [DEBUG] Sending 3 bytes : [190208]
2026-07-29 15:43:32,359 [DEBUG] Enqueuing a SendRequest for 3 bytes and TAT=Physical
2026-07-29 15:43:32,361 [DEBUG] Tx: <7A6> (08) [ ]	 0319020800000000
2026-07-29 15:43:32,362 [DEBUG] We've been asked to write a message to the bus
2026-07-29 15:43:32,363 [DEBUG] sending: Timestamp:        0.000000    ID:      7a6    S Rx       BS       DL:  8    03 19 02 08 00 00 00 00
2026-07-29 15:43:32,377 [DEBUG] Stopping CanStack
2026-07-29 15:43:32,379 [DEBUG] Rx: <7AE> (08) [p]	 03590200aaaaaaaa
2026-07-29 15:43:32,381 [DEBUG] Main thread is exiting
2026-07-29 15:43:32,427 [DEBUG] CanStack Stopped
2026-07-29 15:43:32,428 [INFO] Connection closed
2026-07-29 15:43:32,428 [INFO] Running Test Case: PC_ID-040
2026-07-29 15:43:32,429 [DEBUG] Starting CanStack
2026-07-29 15:43:32,430 [DEBUG] Main thread has started
2026-07-29 15:43:32,431 [DEBUG] Relay thread has started
2026-07-29 15:43:32,432 [INFO] Connection opened
2026-07-29 15:43:32,433 [INFO] Switched to physical mode for TC: PC_ID-040 Step: Seed Request
2026-07-29 15:43:32,433 [INFO] PC_ID-040 - Seed Request: SID=0x27, Sub=0x11, Expected=[16, 10, 103, 17, 167, 14, 132, 124, 156, 192, 57, 101]
2026-07-29 15:43:32,491 [INFO] PC_ID-040 - Seed Request: Sending request 2711
2026-07-29 15:43:32,493 [DEBUG] Sending 2 bytes : [2711]
2026-07-29 15:43:32,494 [DEBUG] Enqueuing a SendRequest for 2 bytes and TAT=Physical
2026-07-29 15:43:32,496 [DEBUG] Tx: <7A6> (08) [ ]	 0227110000000000
2026-07-29 15:43:32,497 [DEBUG] We've been asked to write a message to the bus
2026-07-29 15:43:32,497 [DEBUG] sending: Timestamp:        0.000000    ID:      7a6    S Rx       BS       DL:  8    02 27 11 00 00 00 00 00
2026-07-29 15:43:32,512 [DEBUG] We've been asked to write a message to the bus
2026-07-29 15:43:32,515 [DEBUG] Rx: <7AE> (08) [p]	 100a6711f8e1b57b
2026-07-29 15:43:32,516 [DEBUG] sending: Timestamp:        0.000000    ID:      7a6    S Rx       BS       DL:  8    30 08 0a 00 00 00 00 00
2026-07-29 15:43:32,518 [DEBUG] Tx: <7A6> (08) [ ]	 30080a0000000000
2026-07-29 15:43:32,519 [DEBUG] We've been asked to write a message to the bus
2026-07-29 15:43:32,521 [DEBUG] sending: Timestamp:        0.000000    ID:      7a6    S Rx       BS       DL:  8    30 08 0a 00 00 00 00 00
2026-07-29 15:43:32,524 [DEBUG] TxState=IDLE - RxState=WAIT_CF
2026-07-29 15:43:32,541 [DEBUG] PC_ID-040 Seed Request -> Received payload: [103, 17, 248, 225, 181, 123, 49, 152, 105, 140]
2026-07-29 15:43:32,545 [INFO] Received Seed (subfunc 0x11): f8e1b57b3198698c
2026-07-29 15:43:32,546 [DEBUG] Rx: <7AE> (08) [p]	 213198698caaaaaa
2026-07-29 15:43:32,598 [DEBUG] TxState=IDLE - RxState=IDLE
2026-07-29 15:43:33,047 [INFO] Attempt 1: Sending seed to PC...
2026-07-29 15:43:38,054 [WARNING] Attempt 1 - Timeout waiting for key.
2026-07-29 15:43:39,055 [INFO] Attempt 2: Sending seed to PC...
2026-07-29 15:43:39,325 [ERROR] Attempt 2 - Error occurred:
Traceback (most recent call last):
  File "drivers/uds_client.py", line 1697, in run_testcase
    raise Exception(f"Invalid key length. Expected {expected_key_length}, got {len(key)}")
Exception: Invalid key length. Expected 8, got 7
2026-07-29 15:43:39,374 [DEBUG] Stopping CanStack
2026-07-29 15:43:39,376 [DEBUG] Main thread is exiting
2026-07-29 15:43:39,395 [DEBUG] CanStack Stopped
2026-07-29 15:43:39,398 [INFO] Connection closed
2026-07-29 15:43:39,400 [ERROR] ----------------------------------PC_ID-040 Seed Request -> EXCEPTION - Invalid key length. Expected 8, got 7----------------------------------
2026-07-29 15:43:39,401 [INFO] Running Test Case: TC_ID-312
2026-07-29 15:43:39,402 [DEBUG] Starting CanStack
2026-07-29 15:43:39,404 [DEBUG] Main thread has started
2026-07-29 15:43:39,405 [DEBUG] Relay thread has started
2026-07-29 15:43:39,408 [INFO] Connection opened
2026-07-29 15:43:39,408 [INFO] Switched to physical mode for TC: TC_ID-312 Step: PreCondition: PC_ID-040  Testcase:Exceed number of attempts
2026-07-29 15:43:39,409 [INFO] TC_ID-312 - PreCondition: PC_ID-040  Testcase:Exceed number of attempts: SID=0x27, Sub=0x12, Expected=[3, 127, 39, 54, 170, 170, 170, 170]
2026-07-29 15:43:39,489 [INFO] TC_ID-312 - PreCondition: PC_ID-040  Testcase:Exceed number of attempts: Sending request 27129318092FBE4CDEEB
2026-07-29 15:43:39,490 [DEBUG] Sending 10 bytes : [27129318092fbe4cdeeb]
2026-07-29 15:43:39,491 [DEBUG] Enqueuing a SendRequest for 10 bytes and TAT=Physical
2026-07-29 15:43:39,493 [DEBUG] Tx: <7A6> (08) [ ]	 100a27129318092f
2026-07-29 15:43:39,494 [DEBUG] We've been asked to write a message to the bus
2026-07-29 15:43:39,495 [DEBUG] sending: Timestamp:        0.000000    ID:      7a6    S Rx       BS       DL:  8    10 0a 27 12 93 18 09 2f
2026-07-29 15:43:39,497 [DEBUG] TxState=WAIT_FC - RxState=IDLE
2026-07-29 15:43:39,504 [DEBUG] Rx: <7AE> (08) [p]	 30080aaaaaaaaaaa
2026-07-29 15:43:39,509 [DEBUG] TxState=TRANSMIT_CF - RxState=IDLE
2026-07-29 15:43:39,520 [DEBUG] Tx: <7A6> (08) [ ]	 21be4cdeeb000000
2026-07-29 15:43:39,521 [DEBUG] We've been asked to write a message to the bus
2026-07-29 15:43:39,522 [DEBUG] sending: Timestamp:        0.000000    ID:      7a6    S Rx       BS       DL:  8    21 be 4c de eb 00 00 00
2026-07-29 15:43:39,524 [DEBUG] TxState=IDLE - RxState=IDLE
2026-07-29 15:43:39,532 [DEBUG] TC_ID-312 PreCondition: PC_ID-040  Testcase:Exceed number of attempts -> Received payload: [127, 39, 127]
2026-07-29 15:43:39,535 [DEBUG] Rx: <7AE> (08) [p]	 037f277faaaaaaaa
2026-07-29 15:43:39,537 [WARNING] TC_ID-312 PreCondition: PC_ID-040  Testcase:Exceed number of attempts -> FAIL - NRC (key): [127, 39, 127]
2026-07-29 15:43:39,539 [DEBUG] Stopping CanStack
2026-07-29 15:43:39,541 [DEBUG] Main thread is exiting
2026-07-29 15:43:39,585 [DEBUG] CanStack Stopped
2026-07-29 15:43:39,586 [INFO] Connection closed
2026-07-29 15:43:39,587 [ERROR] ----------------------------------TC_ID-312 PreCondition: PC_ID-040  Testcase:Exceed number of attempts -> EXCEPTION - NRC (key): [127, 39, 127]----------------------------------
2026-07-29 15:43:39,588 [INFO] Running Test Case: PC_ID-041
2026-07-29 15:43:39,588 [DEBUG] Starting CanStack
2026-07-29 15:43:39,589 [DEBUG] Main thread has started
2026-07-29 15:43:39,590 [DEBUG] Relay thread has started
2026-07-29 15:43:39,591 [INFO] Connection opened
2026-07-29 15:43:39,592 [INFO] Switched to physical mode for TC: PC_ID-041 Step: Seed Request
2026-07-29 15:43:39,592 [INFO] PC_ID-041 - Seed Request: SID=0x27, Sub=0x11, Expected=[16, 10, 103, 17, 167, 14, 132, 124, 156, 192, 57, 101]
2026-07-29 15:43:39,647 [INFO] PC_ID-041 - Seed Request: Sending request 2711
2026-07-29 15:43:39,649 [DEBUG] Sending 2 bytes : [2711]
2026-07-29 15:43:39,650 [DEBUG] Enqueuing a SendRequest for 2 bytes and TAT=Physical
2026-07-29 15:43:39,652 [DEBUG] Tx: <7A6> (08) [ ]	 0227110000000000
2026-07-29 15:43:39,653 [DEBUG] We've been asked to write a message to the bus
2026-07-29 15:43:39,654 [DEBUG] sending: Timestamp:        0.000000    ID:      7a6    S Rx       BS       DL:  8    02 27 11 00 00 00 00 00
2026-07-29 15:43:39,669 [DEBUG] PC_ID-041 Seed Request -> Received payload: [127, 39, 127]
2026-07-29 15:43:39,670 [DEBUG] Rx: <7AE> (08) [p]	 037f277faaaaaaaa
2026-07-29 15:43:39,671 [WARNING] PC_ID-041 Seed Request -> FAIL - NRC (key): [127, 39, 127]
2026-07-29 15:43:39,673 [DEBUG] Stopping CanStack
2026-07-29 15:43:39,675 [DEBUG] Main thread is exiting
2026-07-29 15:43:39,719 [DEBUG] CanStack Stopped
2026-07-29 15:43:39,720 [INFO] Connection closed
2026-07-29 15:43:39,720 [ERROR] ----------------------------------PC_ID-041 Seed Request -> EXCEPTION - NRC (key): [127, 39, 127]----------------------------------
2026-07-29 15:43:39,721 [INFO] Running Test Case: TC_ID-313
2026-07-29 15:43:39,722 [DEBUG] Starting CanStack
2026-07-29 15:43:39,723 [DEBUG] Main thread has started
2026-07-29 15:43:39,724 [DEBUG] Relay thread has started
2026-07-29 15:43:39,725 [INFO] Connection opened
2026-07-29 15:43:39,725 [INFO] Switched to physical mode for TC: TC_ID-313 Step: PreCondition: PC_ID-041  Testcase:Required time delay
2026-07-29 15:43:39,726 [INFO] TC_ID-313 - PreCondition: PC_ID-041  Testcase:Required time delay: SID=0x27, Sub=0x12, Expected=[3, 127, 39, 55, 170, 170, 170, 170]
2026-07-29 15:43:39,818 [INFO] TC_ID-313 - PreCondition: PC_ID-041  Testcase:Required time delay: Sending request 27129318092FBE4CDEEB
2026-07-29 15:43:39,819 [DEBUG] Sending 10 bytes : [27129318092fbe4cdeeb]
2026-07-29 15:43:39,820 [DEBUG] Enqueuing a SendRequest for 10 bytes and TAT=Physical
2026-07-29 15:43:39,822 [DEBUG] Tx: <7A6> (08) [ ]	 100a27129318092f
2026-07-29 15:43:39,823 [DEBUG] We've been asked to write a message to the bus
2026-07-29 15:43:39,824 [DEBUG] sending: Timestamp:        0.000000    ID:      7a6    S Rx       BS       DL:  8    10 0a 27 12 93 18 09 2f
2026-07-29 15:43:39,826 [DEBUG] TxState=WAIT_FC - RxState=IDLE
2026-07-29 15:43:39,837 [DEBUG] Rx: <7AE> (08) [p]	 30080aaaaaaaaaaa
2026-07-29 15:43:39,838 [DEBUG] TxState=TRANSMIT_CF - RxState=IDLE
2026-07-29 15:43:39,849 [DEBUG] Tx: <7A6> (08) [ ]	 21be4cdeeb000000
2026-07-29 15:43:39,850 [DEBUG] We've been asked to write a message to the bus
2026-07-29 15:43:39,851 [DEBUG] sending: Timestamp:        0.000000    ID:      7a6    S Rx       BS       DL:  8    21 be 4c de eb 00 00 00
2026-07-29 15:43:39,855 [DEBUG] TxState=IDLE - RxState=IDLE
2026-07-29 15:43:39,864 [DEBUG] TC_ID-313 PreCondition: PC_ID-041  Testcase:Required time delay -> Received payload: [127, 39, 127]
2026-07-29 15:43:39,865 [DEBUG] Rx: <7AE> (08) [p]	 037f277faaaaaaaa
2026-07-29 15:43:39,866 [WARNING] TC_ID-313 PreCondition: PC_ID-041  Testcase:Required time delay -> FAIL - NRC (key): [127, 39, 127]
2026-07-29 15:43:39,867 [DEBUG] Stopping CanStack
2026-07-29 15:43:39,869 [DEBUG] Main thread is exiting
2026-07-29 15:43:39,913 [DEBUG] CanStack Stopped
2026-07-29 15:43:39,914 [INFO] Connection closed
2026-07-29 15:43:39,915 [ERROR] ----------------------------------TC_ID-313 PreCondition: PC_ID-041  Testcase:Required time delay -> EXCEPTION - NRC (key): [127, 39, 127]----------------------------------
2026-07-29 15:43:39,915 [INFO] Running Test Case: TC_ID-314
2026-07-29 15:43:39,916 [DEBUG] Starting CanStack
2026-07-29 15:43:39,917 [DEBUG] Main thread has started
2026-07-29 15:43:39,918 [DEBUG] Relay thread has started
2026-07-29 15:43:39,919 [INFO] Connection opened
2026-07-29 15:43:39,920 [INFO] Switched to physical mode for TC: TC_ID-314 Step: PreCondition: PC_ID-041  Testcase:Request Sequence error
2026-07-29 15:43:39,920 [INFO] TC_ID-314 - PreCondition: PC_ID-041  Testcase:Request Sequence error: SID=0x27, Sub=0x12, Expected=[3, 127, 39, 36, 170, 170, 170, 170]
2026-07-29 15:43:40,019 [INFO] TC_ID-314 - PreCondition: PC_ID-041  Testcase:Request Sequence error: Sending request 27129318092FBE4CDEEB
2026-07-29 15:43:40,020 [DEBUG] Sending 10 bytes : [27129318092fbe4cdeeb]
2026-07-29 15:43:40,021 [DEBUG] Enqueuing a SendRequest for 10 bytes and TAT=Physical
2026-07-29 15:43:40,023 [DEBUG] Tx: <7A6> (08) [ ]	 100a27129318092f
2026-07-29 15:43:40,025 [DEBUG] We've been asked to write a message to the bus
2026-07-29 15:43:40,026 [DEBUG] sending: Timestamp:        0.000000    ID:      7a6    S Rx       BS       DL:  8    10 0a 27 12 93 18 09 2f
2026-07-29 15:43:40,028 [DEBUG] TxState=WAIT_FC - RxState=IDLE
2026-07-29 15:43:40,038 [DEBUG] Rx: <7AE> (08) [p]	 30080aaaaaaaaaaa
2026-07-29 15:43:40,039 [DEBUG] TxState=TRANSMIT_CF - RxState=IDLE
2026-07-29 15:43:40,050 [DEBUG] Tx: <7A6> (08) [ ]	 21be4cdeeb000000
2026-07-29 15:43:40,052 [DEBUG] We've been asked to write a message to the bus
2026-07-29 15:43:40,053 [DEBUG] sending: Timestamp:        0.000000    ID:      7a6    S Rx       BS       DL:  8    21 be 4c de eb 00 00 00
2026-07-29 15:43:40,054 [DEBUG] TxState=IDLE - RxState=IDLE
2026-07-29 15:43:40,061 [DEBUG] TC_ID-314 PreCondition: PC_ID-041  Testcase:Request Sequence error -> Received payload: [127, 39, 127]
2026-07-29 15:43:40,066 [DEBUG] Rx: <7AE> (08) [p]	 037f277faaaaaaaa
2026-07-29 15:43:40,067 [WARNING] TC_ID-314 PreCondition: PC_ID-041  Testcase:Request Sequence error -> FAIL - NRC (key): [127, 39, 127]
2026-07-29 15:43:40,068 [DEBUG] Stopping CanStack
2026-07-29 15:43:40,069 [DEBUG] Main thread is exiting
2026-07-29 15:43:40,116 [DEBUG] CanStack Stopped
2026-07-29 15:43:40,117 [INFO] Connection closed
2026-07-29 15:43:40,118 [ERROR] ----------------------------------TC_ID-314 PreCondition: PC_ID-041  Testcase:Request Sequence error -> EXCEPTION - NRC (key): [127, 39, 127]----------------------------------
2026-07-29 15:43:40,118 [INFO] Running Test Case: PC_ID-042
2026-07-29 15:43:40,119 [DEBUG] Starting CanStack
2026-07-29 15:43:40,120 [DEBUG] Main thread has started
2026-07-29 15:43:40,121 [DEBUG] Relay thread has started
2026-07-29 15:43:40,122 [INFO] Connection opened
2026-07-29 15:43:40,123 [INFO] Switched to physical mode for TC: PC_ID-042 Step: Start Programming session(10 02)
2026-07-29 15:43:40,123 [INFO] PC_ID-042 - Start Programming session(10 02): SID=0x10, Sub=0x02, Expected=[6, 80, 2, 0, 50, 0, 200, 0]
2026-07-29 15:43:40,191 [INFO] PC_ID-042 - Start Programming session(10 02): Sending 1002
2026-07-29 15:43:40,247 [INFO] PC_ID-042 - Start Programming session(10 02): Sending request 1002
2026-07-29 15:43:40,248 [DEBUG] Sending 2 bytes : [1002]
2026-07-29 15:43:40,248 [DEBUG] Enqueuing a SendRequest for 2 bytes and TAT=Physical
2026-07-29 15:43:40,249 [DEBUG] Tx: <7A6> (08) [ ]	 0210020000000000
2026-07-29 15:43:40,250 [DEBUG] We've been asked to write a message to the bus
2026-07-29 15:43:40,251 [DEBUG] sending: Timestamp:        0.000000    ID:      7a6    S Rx       BS       DL:  8    02 10 02 00 00 00 00 00
2026-07-29 15:43:40,287 [INFO] PC_ID-042 - Received: 5002003200C8
2026-07-29 15:43:40,290 [DEBUG] Rx: <7AE> (08) [p]	 065002003200c800
2026-07-29 15:43:40,292 [WARNING] PC_ID-042 - Start Programming session(10 02) -> FAIL - Unexpected response
2026-07-29 15:43:40,293 [DEBUG] Stopping CanStack
2026-07-29 15:43:40,295 [DEBUG] Main thread is exiting
2026-07-29 15:43:40,341 [DEBUG] CanStack Stopped
2026-07-29 15:43:40,342 [INFO] Connection closed
2026-07-29 15:43:40,342 [INFO] Running Test Case: TC_ID-315
2026-07-29 15:43:40,343 [DEBUG] Starting CanStack
2026-07-29 15:43:40,345 [DEBUG] Main thread has started
2026-07-29 15:43:40,346 [DEBUG] Relay thread has started
2026-07-29 15:43:40,348 [INFO] Connection opened
2026-07-29 15:43:40,349 [INFO] Switched to physical mode for TC: TC_ID-315 Step: PreCondition: PC_ID-042  Testcase:Incorrect message length(10 02 01)
2026-07-29 15:43:40,351 [INFO] TC_ID-315 - PreCondition: PC_ID-042  Testcase:Incorrect message length(10 02 01): SID=0x10, Sub=0x0201, Expected=[3, 127, 16, 19, 170, 170, 170, 170]
2026-07-29 15:43:40,445 [INFO] TC_ID-315 - PreCondition: PC_ID-042  Testcase:Incorrect message length(10 02 01): Sending 100201
2026-07-29 15:43:40,502 [INFO] TC_ID-315 - PreCondition: PC_ID-042  Testcase:Incorrect message length(10 02 01): Sending request 100201
2026-07-29 15:43:40,502 [DEBUG] Sending 3 bytes : [100201]
2026-07-29 15:43:40,503 [DEBUG] Enqueuing a SendRequest for 3 bytes and TAT=Physical
2026-07-29 15:43:40,504 [DEBUG] Tx: <7A6> (08) [ ]	 0310020100000000
2026-07-29 15:43:40,505 [DEBUG] We've been asked to write a message to the bus
2026-07-29 15:43:40,505 [DEBUG] sending: Timestamp:        0.000000    ID:      7a6    S Rx       BS       DL:  8    03 10 02 01 00 00 00 00
2026-07-29 15:43:40,517 [DEBUG] Rx: <7AE> (08) [p]	 037f10133200c800
2026-07-29 15:43:40,518 [INFO] TC_ID-315 - Received: 7F1013
2026-07-29 15:43:40,520 [WARNING] TC_ID-315 - PreCondition: PC_ID-042  Testcase:Incorrect message length(10 02 01) -> FAIL - Unexpected response
2026-07-29 15:43:40,521 [DEBUG] Stopping CanStack
2026-07-29 15:43:40,522 [DEBUG] Main thread is exiting
2026-07-29 15:43:40,568 [DEBUG] CanStack Stopped
2026-07-29 15:43:40,569 [INFO] Connection closed
2026-07-29 15:43:40,570 [INFO] Running Test Case: TC_ID-316
2026-07-29 15:43:40,572 [DEBUG] Starting CanStack
2026-07-29 15:43:40,576 [DEBUG] Main thread has started
2026-07-29 15:43:40,578 [DEBUG] Relay thread has started
2026-07-29 15:43:40,580 [INFO] Connection opened
2026-07-29 15:43:40,581 [INFO] Switched to physical mode for TC: TC_ID-316 Step: PreCondition: PC_ID-042  Testcase:Read DTC with Extended session(19 02)
2026-07-29 15:43:40,582 [INFO] TC_ID-316 - PreCondition: PC_ID-042  Testcase:Read DTC with Extended session(19 02): SID=0x19, Sub=0x02, Expected=[7, 89, 2, 8, 150, 3, 0, 8]
2026-07-29 15:43:40,673 [INFO] TC_ID-316 - PreCondition: PC_ID-042  Testcase:Read DTC with Extended session(19 02): Sending 190208
2026-07-29 15:43:40,675 [INFO] TC_ID-316 - PreCondition: PC_ID-042  Testcase:Read DTC with Extended session(19 02): Sending request 190208
2026-07-29 15:43:40,676 [DEBUG] Sending 3 bytes : [190208]
2026-07-29 15:43:40,677 [DEBUG] Enqueuing a SendRequest for 3 bytes and TAT=Physical
2026-07-29 15:43:40,679 [DEBUG] Tx: <7A6> (08) [ ]	 0319020800000000
2026-07-29 15:43:40,680 [DEBUG] We've been asked to write a message to the bus
2026-07-29 15:43:40,681 [DEBUG] sending: Timestamp:        0.000000    ID:      7a6    S Rx       BS       DL:  8    03 19 02 08 00 00 00 00
2026-07-29 15:43:40,829 [INFO] TC_ID-316 PreCondition: PC_ID-042  Testcase:Read DTC with Extended session(19 02) -> Waiting for response (P2=0.15s, P2*=5.0s)
2026-07-29 15:43:40,980 [DEBUG] No data received: [TimeoutException] - Did not receive IsoTP frame from the Transport layer in time (timeout=0.15 sec) 
2026-07-29 15:43:41,031 [DEBUG] Stopping CanStack
2026-07-29 15:43:41,033 [DEBUG] Main thread is exiting
2026-07-29 15:43:41,041 [DEBUG] CanStack Stopped
2026-07-29 15:43:41,043 [INFO] Connection closed
2026-07-29 15:43:41,047 [INFO] Running Test Case: PC_ID-70
2026-07-29 15:43:41,050 [DEBUG] Starting CanStack
2026-07-29 15:43:41,052 [DEBUG] Main thread has started
2026-07-29 15:43:41,053 [DEBUG] Relay thread has started
2026-07-29 15:43:41,055 [INFO] Connection opened
2026-07-29 15:43:41,056 [INFO] Switched to physical mode for TC: PC_ID-70 Step: Start Extended session(10 03)
2026-07-29 15:43:41,056 [INFO] PC_ID-70 - Start Extended session(10 03): SID=0x10, Sub=0x03, Expected=[6, 80, 3, 0, 50, 0, 200, 170]
2026-07-29 15:43:41,120 [INFO] PC_ID-70 - Start Extended session(10 03): Sending 1003
2026-07-29 15:43:41,173 [INFO] PC_ID-70 - Start Extended session(10 03): Sending request 1003
2026-07-29 15:43:41,174 [DEBUG] Sending 2 bytes : [1003]
2026-07-29 15:43:41,175 [DEBUG] Enqueuing a SendRequest for 2 bytes and TAT=Physical
2026-07-29 15:43:41,176 [DEBUG] Tx: <7A6> (08) [ ]	 0210030000000000
2026-07-29 15:43:41,177 [DEBUG] We've been asked to write a message to the bus
2026-07-29 15:43:41,177 [DEBUG] sending: Timestamp:        0.000000    ID:      7a6    S Rx       BS       DL:  8    02 10 03 00 00 00 00 00
2026-07-29 15:43:41,187 [INFO] PC_ID-70 - Received: 5003003200C8
2026-07-29 15:43:41,189 [WARNING] PC_ID-70 - Start Extended session(10 03) -> FAIL - Unexpected response
2026-07-29 15:43:41,190 [DEBUG] Rx: <7AE> (08) [p]	 065003003200c800
2026-07-29 15:43:41,190 [DEBUG] Stopping CanStack
2026-07-29 15:43:41,192 [DEBUG] Main thread is exiting
2026-07-29 15:43:41,240 [DEBUG] CanStack Stopped
2026-07-29 15:43:41,241 [INFO] Connection closed
2026-07-29 15:43:41,241 [INFO] Running Test Case: TC_ID-648
2026-07-29 15:43:41,242 [DEBUG] Starting CanStack
2026-07-29 15:43:41,244 [DEBUG] Main thread has started
2026-07-29 15:43:41,246 [DEBUG] Relay thread has started
2026-07-29 15:43:41,248 [INFO] Connection opened
2026-07-29 15:43:41,249 [INFO] Switched to physical mode for TC: TC_ID-648 Step: PreCondition: PC_ID-70  Testcase:Seed request in extended session(27 11)
2026-07-29 15:43:41,252 [INFO] TC_ID-648 - PreCondition: PC_ID-70  Testcase:Seed request in extended session(27 11): SID=0x27, Sub=0x11, Expected=[16, 10, 103, 17, 167, 14, 132, 124, 156, 192, 57, 101]
2026-07-29 15:43:41,343 [INFO] TC_ID-648 - PreCondition: PC_ID-70  Testcase:Seed request in extended session(27 11): Sending request 2711
2026-07-29 15:43:41,344 [DEBUG] Sending 2 bytes : [2711]
2026-07-29 15:43:41,345 [DEBUG] Enqueuing a SendRequest for 2 bytes and TAT=Physical
2026-07-29 15:43:41,347 [DEBUG] Tx: <7A6> (08) [ ]	 0227110000000000
2026-07-29 15:43:41,348 [DEBUG] We've been asked to write a message to the bus
2026-07-29 15:43:41,349 [DEBUG] sending: Timestamp:        0.000000    ID:      7a6    S Rx       BS       DL:  8    02 27 11 00 00 00 00 00
2026-07-29 15:43:41,362 [DEBUG] Rx: <7AE> (08) [p]	 100a67111e92fa37
2026-07-29 15:43:41,363 [DEBUG] We've been asked to write a message to the bus
2026-07-29 15:43:41,364 [DEBUG] Tx: <7A6> (08) [ ]	 30080a0000000000
2026-07-29 15:43:41,365 [DEBUG] sending: Timestamp:        0.000000    ID:      7a6    S Rx       BS       DL:  8    30 08 0a 00 00 00 00 00
2026-07-29 15:43:41,367 [DEBUG] We've been asked to write a message to the bus
2026-07-29 15:43:41,369 [DEBUG] sending: Timestamp:        0.000000    ID:      7a6    S Rx       BS       DL:  8    30 08 0a 00 00 00 00 00
2026-07-29 15:43:41,372 [DEBUG] TxState=IDLE - RxState=WAIT_CF
2026-07-29 15:43:41,393 [DEBUG] TC_ID-648 PreCondition: PC_ID-70  Testcase:Seed request in extended session(27 11) -> Received payload: [103, 17, 30, 146, 250, 55, 45, 138, 25, 196]
2026-07-29 15:43:41,394 [DEBUG] Rx: <7AE> (08) [p]	 212d8a19c492fa37
2026-07-29 15:43:41,395 [INFO] Received Seed (subfunc 0x11): 1e92fa372d8a19c4
2026-07-29 15:43:41,446 [DEBUG] TxState=IDLE - RxState=IDLE
2026-07-29 15:43:41,896 [WARNING] UDP server unavailable. Rechecking...
2026-07-29 15:43:41,898 [INFO] Checking UDP Seed-Key server...
2026-07-29 15:43:41,925 [INFO] UDP Server Connected. Key received: 4b65792067656e65726174696f6e206661696c6564
2026-07-29 15:43:41,926 [INFO] UDP server reconnected.
2026-07-29 15:43:41,928 [INFO] Attempt 1: Sending seed to PC...
2026-07-29 15:43:41,985 [INFO] Received Key (for subfunc 0x12): b'\x98v\xde\xfd\x99]v^'
2026-07-29 15:43:41,986 [DEBUG] Stopping CanStack
2026-07-29 15:43:41,987 [DEBUG] Main thread is exiting
2026-07-29 15:43:41,995 [DEBUG] CanStack Stopped
2026-07-29 15:43:41,997 [INFO] Connection closed
2026-07-29 15:43:42,001 [INFO] Running Test Case: TC_ID-649
2026-07-29 15:43:42,005 [DEBUG] Starting CanStack
2026-07-29 15:43:42,007 [DEBUG] Main thread has started
2026-07-29 15:43:42,010 [DEBUG] Relay thread has started
2026-07-29 15:43:42,011 [INFO] Connection opened
2026-07-29 15:43:42,012 [INFO] Switched to physical mode for TC: TC_ID-649 Step: PreCondition: PC_ID-70  Testcase:Key send in extended session(27 12)
2026-07-29 15:43:42,012 [INFO] TC_ID-649 - PreCondition: PC_ID-70  Testcase:Key send in extended session(27 12): SID=0x27, Sub=0x12, Expected=[10, 103, 18, 253, 8, 178, 103, 50, 8, 135, 201]
2026-07-29 15:43:42,095 [INFO] TC_ID-649 - PreCondition: PC_ID-70  Testcase:Key send in extended session(27 12): Sending request 27129876DEFD995D765E
2026-07-29 15:43:42,096 [DEBUG] Sending 10 bytes : [27129876defd995d765e]
2026-07-29 15:43:42,097 [DEBUG] Enqueuing a SendRequest for 10 bytes and TAT=Physical
2026-07-29 15:43:42,099 [DEBUG] Tx: <7A6> (08) [ ]	 100a27129876defd
2026-07-29 15:43:42,100 [DEBUG] We've been asked to write a message to the bus
2026-07-29 15:43:42,101 [DEBUG] sending: Timestamp:        0.000000    ID:      7a6    S Rx       BS       DL:  8    10 0a 27 12 98 76 de fd
2026-07-29 15:43:42,103 [DEBUG] TxState=WAIT_FC - RxState=IDLE
2026-07-29 15:43:42,112 [DEBUG] Rx: <7AE> (08) [p]	 30080a19c492fa37
2026-07-29 15:43:42,115 [DEBUG] TxState=TRANSMIT_CF - RxState=IDLE
2026-07-29 15:43:42,126 [DEBUG] Tx: <7A6> (08) [ ]	 21995d765e000000
2026-07-29 15:43:42,127 [DEBUG] We've been asked to write a message to the bus
2026-07-29 15:43:42,128 [DEBUG] sending: Timestamp:        0.000000    ID:      7a6    S Rx       BS       DL:  8    21 99 5d 76 5e 00 00 00
2026-07-29 15:43:42,130 [DEBUG] TxState=IDLE - RxState=IDLE
2026-07-29 15:43:42,143 [DEBUG] TC_ID-649 PreCondition: PC_ID-70  Testcase:Key send in extended session(27 12) -> Received payload: [127, 39, 53]
2026-07-29 15:43:42,145 [WARNING] TC_ID-649 PreCondition: PC_ID-70  Testcase:Key send in extended session(27 12) -> FAIL - NRC (key): [127, 39, 53]
2026-07-29 15:43:42,146 [DEBUG] Rx: <7AE> (08) [p]	 037f2735c492fa37
2026-07-29 15:43:42,147 [DEBUG] Stopping CanStack
2026-07-29 15:43:42,150 [DEBUG] Main thread is exiting
2026-07-29 15:43:42,196 [DEBUG] CanStack Stopped
2026-07-29 15:43:42,196 [INFO] Connection closed
2026-07-29 15:43:42,197 [ERROR] ----------------------------------TC_ID-649 PreCondition: PC_ID-70  Testcase:Key send in extended session(27 12) -> EXCEPTION - NRC (key): [127, 39, 53]----------------------------------
2026-07-29 15:43:43,146 [ERROR] [CANLogger] Error during stop: I/O operation on closed file.
2026-07-29 15:43:43,220 [WARNING] SocketcanBus was not properly shut down
2026-07-29 15:43:43,221 [DEBUG] Closing raw can socket
2026-07-29 15:43:44,722 [INFO] ----------------------------------Log Generated!----------------------------------
2026-07-29 15:43:47,106 [INFO] ----------------------------------Report Generated----------------------------------
2026-07-29 15:43:49,108 [INFO] ----------------------------------Done-----------------------------------------------
2026-07-29 15:43:52,275 [INFO] Uploading...
2026-07-29 15:44:05,072 [WARNING] WiFi Lost
2026-07-29 15:44:05,149 [INFO] Trying WiFi reconnect...
2026-07-29 15:45:04,185 [WARNING] WiFi Lost
2026-07-29 15:45:04,258 [INFO] Trying WiFi reconnect...
