2026-08-19 12:16:41,219 [INFO] Checking openssh-client...
2026-08-19 12:16:41,263 [INFO] openssh-client already installed.
2026-08-19 12:16:41,264 [INFO] ssh-agent already running.
2026-08-19 12:16:41,388 [INFO] bitbucket.org already exists in known_hosts.
2026-08-19 12:16:41,389 [INFO] Writing private key...
2026-08-19 12:16:41,391 [INFO] Writing public key...
2026-08-19 12:16:41,396 [INFO] Validating private key...
2026-08-19 12:16:41,459 [INFO] Private key validated successfully.
2026-08-19 12:16:41,460 [INFO] Checking existing keys in ssh-agent...
2026-08-19 12:16:41,626 [INFO] Adding key to ssh-agent...
2026-08-19 12:16:41,671 [INFO] SSH key added successfully.
2026-08-19 12:16:41,672 [INFO] Checking Git identity...
2026-08-19 12:16:41,846 [INFO] Git identity already configured: Akhilavarganti <vargantiakhila@gmail.com>
2026-08-19 12:16:41,847 [INFO] SSH setup completed successfully.
2026-08-19 12:16:41,951 [INFO] ------------- Wifi Setup -------------
2026-08-19 12:17:02,295 [INFO] Application Base Directory: /home/mobase/Git/New_TC_Handling/Start_end_time/dist
2026-08-19 12:17:02,310 [INFO] Repo Path:  None
2026-08-19 12:17:02,315 [INFO] Branch:  git@bitbucket.org:mobase-rnd/dtp-can.git
2026-08-19 12:17:11,532 [INFO] Selected Employee: 530180596
2026-08-19 12:17:20,862 [INFO] Selected Variant: AY-EV
2026-08-19 12:17:28,488 [INFO] Selected Type: MKBD
2026-08-19 12:18:11,720 [INFO] Selected Stage: LP2
2026-08-19 12:18:18,028 [INFO] Selected Date: 2608141840
2026-08-19 12:18:21,022 [INFO] Matched Branch: 530180596/AY-EV/MKBD/LP2/2608141840
2026-08-19 12:18:21,023 [INFO] Selected Branch: 530180596/AY-EV/MKBD/LP2/2608141840
2026-08-19 12:18:21,077 [INFO] Selected Branch: 530180596/AY-EV/MKBD/LP2/2608141840
2026-08-19 12:18:21,081 [INFO] Repository Path: /home/mobase/Git/New_TC_Handling/Start_end_time/dist/530180596_AY-EV_MKBD_LP2_2608141840
2026-08-19 12:19:03,763 [INFO] Repository cloned successfully: 530180596/AY-EV/MKBD/LP2/2608141840
2026-08-19 12:19:07,456 [INFO] Repository clone/pull completed
2026-08-19 12:19:07,464 [INFO] Testcases found: ['/home/mobase/Git/New_TC_Handling/Start_end_time/dist/530180596_AY-EV_MKBD_LP2_2608141840/Input/Testcase/530180596_AY-EV_MKBD_LP2_2608141838.txt']
2026-08-19 12:19:07,478 [INFO] Configs found: ['/home/mobase/Git/New_TC_Handling/Start_end_time/dist/530180596_AY-EV_MKBD_LP2_2608141840/Input/JSON/530180596_AY-EV_MKBD_LP2_2608141838.json']
2026-08-19 12:19:07,479 [INFO] Testcase count: 1
2026-08-19 12:19:07,480 [INFO] Config count: 1
2026-08-19 12:19:07,481 [INFO] Single testcase automatically selected: /home/mobase/Git/New_TC_Handling/Start_end_time/dist/530180596_AY-EV_MKBD_LP2_2608141840/Input/Testcase/530180596_AY-EV_MKBD_LP2_2608141838.txt
2026-08-19 12:19:08,538 [INFO] Single config automatically selected: /home/mobase/Git/New_TC_Handling/Start_end_time/dist/530180596_AY-EV_MKBD_LP2_2608141840/Input/JSON/530180596_AY-EV_MKBD_LP2_2608141838.json
2026-08-19 12:19:09,602 [INFO] ----------------------------------
2026-08-19 12:19:09,603 [INFO] Employee  : 530180596
2026-08-19 12:19:09,604 [INFO] Variant   : AY-EV
2026-08-19 12:19:09,605 [INFO] Type      : MKBD
2026-08-19 12:19:09,606 [INFO] Stage     : LP2
2026-08-19 12:19:09,607 [INFO] Date      : 2608141840
2026-08-19 12:19:09,608 [INFO] Branch    : 530180596/AY-EV/MKBD/LP2/2608141840
2026-08-19 12:19:09,609 [INFO] Testcase  : /home/mobase/Git/New_TC_Handling/Start_end_time/dist/530180596_AY-EV_MKBD_LP2_2608141840/Input/Testcase/530180596_AY-EV_MKBD_LP2_2608141838.txt
2026-08-19 12:19:09,609 [INFO] Config    : /home/mobase/Git/New_TC_Handling/Start_end_time/dist/530180596_AY-EV_MKBD_LP2_2608141840/Input/JSON/530180596_AY-EV_MKBD_LP2_2608141838.json
2026-08-19 12:19:09,611 [INFO] ----------------------------------
2026-08-19 12:19:11,722 [DEBUG] can config: {'fd': True, 'can_filters': [{'can_id': 1822, 'can_mask': 2047, 'extended': False}], 'interface': 'socketcan', 'channel': 'can0'}
2026-08-19 12:19:11,810 [INFO] Created a socket
2026-08-19 12:19:11,812 [DEBUG] Binding socket to channel=can0
2026-08-19 12:19:11,814 [DEBUG] Bound socket.
2026-08-19 12:19:11,822 [DEBUG] can config: {'fd': True, 'can_filters': [{'can_id': 1822, 'can_mask': 2047, 'extended': False}], 'interface': 'socketcan', 'channel': 'can0'}
2026-08-19 12:19:11,824 [INFO] Created a socket
2026-08-19 12:19:11,828 [DEBUG] Binding socket to channel=can0
2026-08-19 12:19:11,831 [DEBUG] Bound socket.
2026-08-19 12:19:11,850 [DEBUG] Given rxfn is considered blocking
2026-08-19 12:19:11,859 [INFO] CANLogger: Logging only UDS traffic (tx/rx physical+functional)
2026-08-19 12:19:11,867 [INFO] UDS Repo Path: /home/mobase/Git/New_TC_Handling/Start_end_time/dist/530180596_AY-EV_MKBD_LP2_2608141840
2026-08-19 12:19:11,924 [INFO] ----------------------------------Checking UDP Server (1/3)----------------------------------
2026-08-19 12:19:11,925 [INFO] Checking UDP Seed-Key server...
2026-08-19 12:19:13,928 [ERROR] UDP Server Timeout
2026-08-19 12:19:13,930 [WARNING] ----------------------------------UDP Server Not Found (1/3)----------------------------------
2026-08-19 12:19:16,030 [INFO] ----------------------------------Checking UDP Server (2/3)----------------------------------
2026-08-19 12:19:16,031 [INFO] Checking UDP Seed-Key server...
2026-08-19 12:19:18,034 [ERROR] UDP Server Timeout
2026-08-19 12:19:18,035 [WARNING] ----------------------------------UDP Server Not Found (2/3)----------------------------------
2026-08-19 12:19:20,132 [INFO] ----------------------------------Checking UDP Server (3/3)----------------------------------
2026-08-19 12:19:20,133 [INFO] Checking UDP Seed-Key server...
2026-08-19 12:19:22,136 [ERROR] UDP Server Timeout
2026-08-19 12:19:22,137 [WARNING] ----------------------------------UDP Server Not Found (3/3)----------------------------------
2026-08-19 12:19:22,138 [WARNING] ----------------------------------UDP Server Unavailable - Continuing Startup----------------------------------
2026-08-19 12:19:25,193 [INFO] ----------------------------------Welcome to Diagnostics-----------------------------------------------
2026-08-19 12:19:27,194 [INFO] ----------------------------------Initializing-----------------------------------------------
2026-08-19 12:19:28,696 [INFO] ----------------------------------Waiting for CAN-----------------------------------------------
2026-08-19 12:19:28,796 [INFO] Bringing up CAN interface can0...
2026-08-19 12:19:29,608 [INFO] CAN interface can0 successfully brought up.
2026-08-19 12:19:30,609 [INFO] Creating temporary UDS client...
2026-08-19 12:19:30,615 [DEBUG] can config: {'fd': True, 'can_filters': [{'can_id': 1822, 'can_mask': 2047, 'extended': False}], 'interface': 'socketcan', 'channel': 'can0'}
2026-08-19 12:19:30,617 [INFO] Created a socket
2026-08-19 12:19:30,618 [DEBUG] Binding socket to channel=can0
2026-08-19 12:19:30,619 [DEBUG] Bound socket.
2026-08-19 12:19:30,629 [DEBUG] can config: {'fd': True, 'can_filters': [{'can_id': 1822, 'can_mask': 2047, 'extended': False}], 'interface': 'socketcan', 'channel': 'can0'}
2026-08-19 12:19:30,633 [INFO] Created a socket
2026-08-19 12:19:30,634 [DEBUG] Binding socket to channel=can0
2026-08-19 12:19:30,635 [DEBUG] Bound socket.
2026-08-19 12:19:30,639 [DEBUG] Given rxfn is considered blocking
2026-08-19 12:19:30,643 [INFO] CANLogger: Logging only UDS traffic (tx/rx physical+functional)
2026-08-19 12:19:30,644 [INFO] Trying basic communication with ECU...
2026-08-19 12:19:30,647 [DEBUG] Starting CanStack
2026-08-19 12:19:30,651 [DEBUG] Main thread has started
2026-08-19 12:19:30,655 [DEBUG] Relay thread has started
2026-08-19 12:19:30,659 [INFO] Connection opened
2026-08-19 12:19:30,676 [INFO] TesterPresent<0x3e> - Sending TesterPresent request
2026-08-19 12:19:30,677 [DEBUG] Rx: <17FC00E6> (32) [i]	 e650000420000000000000000000000000000000000000000000000000000000
2026-08-19 12:19:30,682 [DEBUG] Sending request to server
2026-08-19 12:19:30,684 [DEBUG] Sending 2 bytes : [3e00]
2026-08-19 12:19:30,686 [DEBUG] Enqueuing a SendRequest for 2 bytes and TAT=Physical
2026-08-19 12:19:30,687 [DEBUG] Waiting for server response
2026-08-19 12:19:30,689 [DEBUG] Tx: <716> (08) [ ]	 023e000000000000
2026-08-19 12:19:30,690 [DEBUG] We've been asked to write a message to the bus
2026-08-19 12:19:30,691 [DEBUG] sending: Timestamp:        0.000000    ID:      716    S Rx     F BS       DL:  8    02 3e 00 00 00 00 00 00
2026-08-19 12:19:30,703 [DEBUG] Rx: <71E> (08) [p]	 027e00aaaaaaaaaa
2026-08-19 12:19:30,705 [DEBUG] Received 2 bytes : [7e00]
2026-08-19 12:19:30,715 [DEBUG] Received response from server
2026-08-19 12:19:30,719 [INFO] Received positive response for service TesterPresent (0x3e) from server.
2026-08-19 12:19:30,721 [DEBUG] Stopping CanStack
2026-08-19 12:19:30,722 [DEBUG] Main thread is exiting
2026-08-19 12:19:30,754 [DEBUG] CanStack Stopped
2026-08-19 12:19:30,756 [INFO] Connection closed
2026-08-19 12:19:30,759 [INFO] UDS communication successful.
2026-08-19 12:19:30,759 [INFO] ----------------------------------ECU Ready-----------------------------------------------
2026-08-19 12:19:30,761 [INFO] USBTransfer initialized
2026-08-19 12:19:30,762 [WARNING] SocketcanBus was not properly shut down
2026-08-19 12:19:30,763 [DEBUG] Closing raw can socket
2026-08-19 12:19:30,766 [INFO] Checking openssh-client...
2026-08-19 12:19:30,785 [INFO] openssh-client already installed.
2026-08-19 12:19:30,786 [INFO] ssh-agent already running.
2026-08-19 12:19:30,864 [INFO] bitbucket.org already exists in known_hosts.
2026-08-19 12:19:30,866 [INFO] Writing private key...
2026-08-19 12:19:30,876 [INFO] Writing public key...
2026-08-19 12:19:30,912 [INFO] Validating private key...
2026-08-19 12:19:30,954 [INFO] Private key validated successfully.
2026-08-19 12:19:30,957 [INFO] Checking existing keys in ssh-agent...
2026-08-19 12:19:31,036 [INFO] Adding key to ssh-agent...
2026-08-19 12:19:31,085 [INFO] SSH key added successfully.
2026-08-19 12:19:31,086 [INFO] Checking Git identity...
2026-08-19 12:19:31,114 [INFO] Git identity already configured: Akhilavarganti <vargantiakhila@gmail.com>
2026-08-19 12:19:31,116 [INFO] SSH setup completed successfully.
2026-08-19 12:19:31,140 [INFO] Installing/Updating uds.service...
2026-08-19 12:19:33,652 [INFO] uds.service installed successfully.
2026-08-19 12:19:33,886 [INFO] User lingering enabled.
2026-08-19 12:19:44,516 [INFO] ----------------------------------Run Test Cases-----------------------------------------------
2026-08-19 12:19:44,522 [INFO] Report tracking started. Existing files: 0
2026-08-19 12:19:49,521 [INFO] Tester Name: Akhila
2026-08-19 12:19:49,523 [INFO] ----------------------------------Storage OK Free: 4707 MB-----------------------------------------------
2026-08-19 12:19:51,563 [INFO] Preparing ECU and CAN/ISO-TP connections before logged run
2026-08-19 12:19:51,565 [DEBUG] Stopping CanStack
2026-08-19 12:19:51,567 [DEBUG] Closing raw can socket
2026-08-19 12:19:51,569 [DEBUG] Closing raw can socket
2026-08-19 12:19:51,578 [DEBUG] can config: {'fd': True, 'can_filters': [{'can_id': 1822, 'can_mask': 2047, 'extended': False}], 'interface': 'socketcan', 'channel': 'can0'}
2026-08-19 12:19:51,582 [INFO] Created a socket
2026-08-19 12:19:51,586 [DEBUG] Binding socket to channel=can0
2026-08-19 12:19:51,589 [DEBUG] Bound socket.
2026-08-19 12:19:51,600 [DEBUG] can config: {'fd': True, 'can_filters': [{'can_id': 1822, 'can_mask': 2047, 'extended': False}], 'interface': 'socketcan', 'channel': 'can0'}
2026-08-19 12:19:51,602 [INFO] Created a socket
2026-08-19 12:19:51,603 [DEBUG] Binding socket to channel=can0
2026-08-19 12:19:51,605 [DEBUG] Bound socket.
2026-08-19 12:19:51,611 [DEBUG] Given rxfn is considered blocking
2026-08-19 12:19:51,616 [INFO] Execution startup settle delay: 0.250s before first testcase
2026-08-19 12:19:51,868 [INFO] Drained stale CAN frames on physical sniffer bus
2026-08-19 12:19:51,869 [INFO] Drained stale CAN frames on active sniffer bus
2026-08-19 12:19:51,870 [DEBUG] Starting CanStack
2026-08-19 12:19:51,872 [DEBUG] Main thread has started
2026-08-19 12:19:51,873 [DEBUG] Relay thread has started
2026-08-19 12:19:51,876 [INFO] Connection opened
2026-08-19 12:19:51,877 [INFO] PRE_RUN - Start default session before logged execution: Sending request 1001
2026-08-19 12:19:51,879 [INFO]  Test start time: .6f(first UDS request: 1001)
2026-08-19 12:19:51,880 [DEBUG] Sending 2 bytes : [1001]
2026-08-19 12:19:51,882 [DEBUG] Enqueuing a SendRequest for 2 bytes and TAT=Physical
2026-08-19 12:19:51,889 [DEBUG] Tx: <716> (08) [ ]	 0210010000000000
2026-08-19 12:19:51,893 [DEBUG] We've been asked to write a message to the bus
2026-08-19 12:19:51,894 [DEBUG] sending: Timestamp:        0.000000    ID:      716    S Rx     F BS       DL:  8    02 10 01 00 00 00 00 00
2026-08-19 12:19:51,912 [INFO] Test end time: .6f(TC: PRE_RUN, step: Start default session before logged execution)
2026-08-19 12:19:51,913 [DEBUG] Rx: <71E> (08) [p]	 065001003201f4aa
2026-08-19 12:19:52,114 [INFO] Pre-run default session response: 5001003201F4
2026-08-19 12:19:52,115 [DEBUG] Stopping CanStack
2026-08-19 12:19:52,116 [DEBUG] Main thread is exiting
2026-08-19 12:19:52,165 [DEBUG] CanStack Stopped
2026-08-19 12:19:52,166 [INFO] Connection closed
2026-08-19 12:19:52,167 [DEBUG] Stopping CanStack
2026-08-19 12:19:52,168 [DEBUG] CanStack Stopped
2026-08-19 12:19:52,169 [INFO] Connection closed
2026-08-19 12:19:52,170 [DEBUG] Closing raw can socket
2026-08-19 12:19:52,171 [DEBUG] Closing raw can socket
2026-08-19 12:19:52,177 [DEBUG] can config: {'fd': True, 'can_filters': [{'can_id': 1822, 'can_mask': 2047, 'extended': False}], 'interface': 'socketcan', 'channel': 'can0'}
2026-08-19 12:19:52,179 [INFO] Created a socket
2026-08-19 12:19:52,180 [DEBUG] Binding socket to channel=can0
2026-08-19 12:19:52,181 [DEBUG] Bound socket.
2026-08-19 12:19:52,185 [DEBUG] can config: {'fd': True, 'can_filters': [{'can_id': 1822, 'can_mask': 2047, 'extended': False}], 'interface': 'socketcan', 'channel': 'can0'}
2026-08-19 12:19:52,186 [INFO] Created a socket
2026-08-19 12:19:52,186 [DEBUG] Binding socket to channel=can0
2026-08-19 12:19:52,187 [DEBUG] Bound socket.
2026-08-19 12:19:52,199 [WARNING] SocketcanBus was not properly shut down
2026-08-19 12:19:52,200 [DEBUG] Closing raw can socket
2026-08-19 12:19:52,202 [DEBUG] Given rxfn is considered blocking
2026-08-19 12:19:52,205 [INFO] Execution startup settle delay: 0.250s before first testcase
2026-08-19 12:19:52,456 [INFO] Drained stale CAN frames on physical sniffer bus
2026-08-19 12:19:52,457 [INFO] Drained stale CAN frames on active sniffer bus
2026-08-19 12:19:52,462 [DEBUG] can config: {'can_filters': [{'can_id': 1814, 'can_mask': 2047, 'extended': False}, {'can_id': 1822, 'can_mask': 2047, 'extended': False}, {'can_id': 2015, 'can_mask': 2047, 'extended': False}, {'can_id': 1822, 'can_mask': 2047, 'extended': False}], 'fd': True, 'receive_own_messages': True, 'interface': 'socketcan', 'channel': 'can0'}
2026-08-19 12:19:52,463 [INFO] Created a socket
2026-08-19 12:19:52,464 [DEBUG] Binding socket to channel=can0
2026-08-19 12:19:52,465 [DEBUG] Bound socket.
2026-08-19 12:19:52,473 [INFO] CAN logging started: /home/mobase/Git/New_TC_Handling/Start_end_time/dist/output/can_logs/530180596_AY-EV_MKBD_LP2_2608141838_20260819_121951.asc
2026-08-19 12:19:52,475 [INFO] Execution startup settle delay: 0.250s before first testcase
2026-08-19 12:19:52,725 [INFO] Drained stale CAN frames on physical sniffer bus
2026-08-19 12:19:52,726 [INFO] Drained stale CAN frames on active sniffer bus
2026-08-19 12:19:52,751 [INFO] Running Test Case: ECU_INFO-22-016
2026-08-19 12:19:52,752 [INFO] Final CAN drain completed before first testcase ECU_INFO-22-016
2026-08-19 12:19:52,753 [DEBUG] Starting CanStack
2026-08-19 12:19:52,754 [DEBUG] Main thread has started
2026-08-19 12:19:52,756 [DEBUG] Relay thread has started
2026-08-19 12:19:52,757 [INFO] Connection opened
2026-08-19 12:19:52,758 [INFO] Switched to physical mode for TC: ECU_INFO-22-016 Step: S/W Version [DiagTestPi R01]
2026-08-19 12:19:52,759 [INFO] ECU_INFO-22-016 - S/W Version [DiagTestPi R01]: SID=0x22, Sub=0xF1DD, Expected=[16, 11, 98, 241, 221, 48, 49, 46, 48, 49, 46, 48, 49, 170, 170]
2026-08-19 12:19:52,815 [INFO] ECU_INFO-22-016 - S/W Version [DiagTestPi R01]: Sending request 22F1DD
2026-08-19 12:19:52,816 [INFO] ECU_INFO-22-016 - S/W Version [DiagTestPi R01]: Sending request 22F1DD
2026-08-19 12:19:52,816 [INFO]  Test start time: .6f(first UDS request: 22F1DD)
2026-08-19 12:19:52,817 [DEBUG] Sending 3 bytes : [22f1dd]
2026-08-19 12:19:52,818 [DEBUG] Enqueuing a SendRequest for 3 bytes and TAT=Physical
2026-08-19 12:19:52,819 [DEBUG] Tx: <716> (08) [ ]	 0322f1dd00000000
2026-08-19 12:19:52,820 [DEBUG] We've been asked to write a message to the bus
2026-08-19 12:19:52,821 [DEBUG] sending: Timestamp:        0.000000    ID:      716    S Rx     F BS       DL:  8    03 22 f1 dd 00 00 00 00
2026-08-19 12:19:52,845 [DEBUG] We've been asked to write a message to the bus
2026-08-19 12:19:52,847 [DEBUG] sending: Timestamp:        0.000000    ID:      716    S Rx     F BS       DL:  8    30 08 64 00 00 00 00 00
2026-08-19 12:19:52,848 [DEBUG] Rx: <71E> (08) [p]	 100b62f1dd30312e
2026-08-19 12:19:52,850 [DEBUG] Tx: <716> (08) [ ]	 3008640000000000
2026-08-19 12:19:52,854 [INFO] Test end time: .6f(TC: ECU_INFO-22-016, step: S/W Version [DiagTestPi R01])
2026-08-19 12:19:52,856 [DEBUG] We've been asked to write a message to the bus
2026-08-19 12:19:52,859 [DEBUG] sending: Timestamp:        0.000000    ID:      716    S Rx     F BS       DL:  8    30 08 64 00 00 00 00 00
2026-08-19 12:19:52,860 [DEBUG] TxState=IDLE - RxState=WAIT_CF
2026-08-19 12:19:52,863 [DEBUG] Rx: <71E> (08) [p]	 2130312e3031aaaa
2026-08-19 12:19:52,908 [INFO] ECU_INFO-22-016 - Received: 62F1DD30312E30312E3031
2026-08-19 12:19:52,910 [WARNING] ECU_INFO-22-016 - S/W Version [DiagTestPi R01] -> ❌ FAIL - Expected 100B62F1DD30312E30312E3031AAAA
2026-08-19 12:19:52,911 [DEBUG] Stopping CanStack
2026-08-19 12:19:52,912 [DEBUG] TxState=IDLE - RxState=IDLE
2026-08-19 12:19:52,914 [DEBUG] Main thread is exiting
2026-08-19 12:19:52,957 [DEBUG] CanStack Stopped
2026-08-19 12:19:52,959 [INFO] Connection closed
2026-08-19 12:19:52,961 [INFO] Running Test Case: ECU_INFO-22-017
2026-08-19 12:19:52,962 [DEBUG] Starting CanStack
2026-08-19 12:19:52,965 [DEBUG] Main thread has started
2026-08-19 12:19:52,970 [DEBUG] Relay thread has started
2026-08-19 12:19:52,976 [INFO] Connection opened
2026-08-19 12:19:52,981 [INFO] Switched to physical mode for TC: ECU_INFO-22-017 Step: B-CAN Version [DiagTestPi R01]
2026-08-19 12:19:52,983 [INFO] ECU_INFO-22-017 - B-CAN Version [DiagTestPi R01]: SID=0x22, Sub=0xF100, Expected=[6, 98, 241, 0, 37, 8, 1, 170]
2026-08-19 12:19:53,041 [INFO] ECU_INFO-22-017 - B-CAN Version [DiagTestPi R01]: Sending request 22F100
2026-08-19 12:19:53,042 [INFO] ECU_INFO-22-017 - B-CAN Version [DiagTestPi R01]: Sending request 22F100
2026-08-19 12:19:53,042 [DEBUG] Sending 3 bytes : [22f100]
2026-08-19 12:19:53,043 [DEBUG] Enqueuing a SendRequest for 3 bytes and TAT=Physical
2026-08-19 12:19:53,045 [DEBUG] Tx: <716> (08) [ ]	 0322f10000000000
2026-08-19 12:19:53,046 [DEBUG] We've been asked to write a message to the bus
2026-08-19 12:19:53,047 [DEBUG] sending: Timestamp:        0.000000    ID:      716    S Rx     F BS       DL:  8    03 22 f1 00 00 00 00 00
2026-08-19 12:19:53,062 [INFO] Test end time: .6f(TC: ECU_INFO-22-017, step: B-CAN Version [DiagTestPi R01])
2026-08-19 12:19:53,064 [DEBUG] Rx: <71E> (08) [p]	 0662f100250801aa
2026-08-19 12:19:53,115 [INFO] ECU_INFO-22-017 - Received: 62F100250801
2026-08-19 12:19:53,116 [WARNING] ECU_INFO-22-017 - B-CAN Version [DiagTestPi R01] -> ❌ FAIL - Expected 0662F100250801AA
2026-08-19 12:19:53,117 [DEBUG] Stopping CanStack
2026-08-19 12:19:53,118 [DEBUG] Main thread is exiting
2026-08-19 12:19:53,166 [DEBUG] CanStack Stopped
2026-08-19 12:19:53,168 [INFO] Connection closed
2026-08-19 12:19:53,170 [INFO] Running Test Case: ECU_INFO-22-018
2026-08-19 12:19:53,171 [DEBUG] Starting CanStack
2026-08-19 12:19:53,173 [DEBUG] Main thread has started
2026-08-19 12:19:53,174 [DEBUG] Relay thread has started
2026-08-19 12:19:53,176 [INFO] Connection opened
2026-08-19 12:19:53,177 [INFO] Switched to physical mode for TC: ECU_INFO-22-018 Step: Manufacturing Date [DiagTestPi R01]
2026-08-19 12:19:53,178 [INFO] ECU_INFO-22-018 - Manufacturing Date [DiagTestPi R01]: SID=0x22, Sub=0xF18B, Expected=[7, 98, 241, 139, 0, 0, 0, 0]
2026-08-19 12:19:53,242 [INFO] ECU_INFO-22-018 - Manufacturing Date [DiagTestPi R01]: Sending request 22F18B
2026-08-19 12:19:53,242 [INFO] ECU_INFO-22-018 - Manufacturing Date [DiagTestPi R01]: Sending request 22F18B
2026-08-19 12:19:53,243 [DEBUG] Sending 3 bytes : [22f18b]
2026-08-19 12:19:53,244 [DEBUG] Enqueuing a SendRequest for 3 bytes and TAT=Physical
2026-08-19 12:19:53,246 [DEBUG] Tx: <716> (08) [ ]	 0322f18b00000000
2026-08-19 12:19:53,246 [DEBUG] We've been asked to write a message to the bus
2026-08-19 12:19:53,247 [DEBUG] sending: Timestamp:        0.000000    ID:      716    S Rx     F BS       DL:  8    03 22 f1 8b 00 00 00 00
2026-08-19 12:19:53,272 [INFO] Test end time: .6f(TC: ECU_INFO-22-018, step: Manufacturing Date [DiagTestPi R01])
2026-08-19 12:19:53,275 [DEBUG] Rx: <71E> (08) [p]	 0762f18b00000000
2026-08-19 12:19:53,327 [WARNING] ECU_INFO-22-018 - Manufacturing Date [DiagTestPi R01]: empty DID data; retrying ReadDID attempt 2/3
2026-08-19 12:19:53,578 [INFO] ECU_INFO-22-018 - Manufacturing Date [DiagTestPi R01]: Sending request 22F18B
2026-08-19 12:19:53,579 [DEBUG] Sending 3 bytes : [22f18b]
2026-08-19 12:19:53,580 [DEBUG] Enqueuing a SendRequest for 3 bytes and TAT=Physical
2026-08-19 12:19:53,582 [DEBUG] Tx: <716> (08) [ ]	 0322f18b00000000
2026-08-19 12:19:53,583 [DEBUG] We've been asked to write a message to the bus
2026-08-19 12:19:53,583 [DEBUG] sending: Timestamp:        0.000000    ID:      716    S Rx     F BS       DL:  8    03 22 f1 8b 00 00 00 00
2026-08-19 12:19:53,605 [INFO] Test end time: .6f(TC: ECU_INFO-22-018, step: Manufacturing Date [DiagTestPi R01])
2026-08-19 12:19:53,606 [DEBUG] Rx: <71E> (08) [p]	 0762f18b00000000
2026-08-19 12:19:53,657 [WARNING] ECU_INFO-22-018 - Manufacturing Date [DiagTestPi R01]: empty DID data; retrying ReadDID attempt 3/3
2026-08-19 12:19:53,909 [INFO] ECU_INFO-22-018 - Manufacturing Date [DiagTestPi R01]: Sending request 22F18B
2026-08-19 12:19:53,910 [DEBUG] Sending 3 bytes : [22f18b]
2026-08-19 12:19:53,911 [DEBUG] Enqueuing a SendRequest for 3 bytes and TAT=Physical
2026-08-19 12:19:53,912 [DEBUG] Tx: <716> (08) [ ]	 0322f18b00000000
2026-08-19 12:19:53,913 [DEBUG] We've been asked to write a message to the bus
2026-08-19 12:19:53,913 [DEBUG] sending: Timestamp:        0.000000    ID:      716    S Rx     F BS       DL:  8    03 22 f1 8b 00 00 00 00
2026-08-19 12:19:53,937 [INFO] Test end time: .6f(TC: ECU_INFO-22-018, step: Manufacturing Date [DiagTestPi R01])
2026-08-19 12:19:53,937 [DEBUG] Rx: <71E> (08) [p]	 0762f18b00000000
2026-08-19 12:19:53,989 [INFO] ECU_INFO-22-018 - Received: 62F18B00000000
2026-08-19 12:19:53,991 [WARNING] ECU_INFO-22-018 - Manufacturing Date [DiagTestPi R01] -> ❌ FAIL - Expected 0762F18B00000000
2026-08-19 12:19:53,991 [DEBUG] Stopping CanStack
2026-08-19 12:19:53,992 [DEBUG] Main thread is exiting
2026-08-19 12:19:54,035 [DEBUG] CanStack Stopped
2026-08-19 12:19:54,036 [INFO] Connection closed
2026-08-19 12:19:54,037 [INFO] Running Test Case: ECU_INFO-22-019
2026-08-19 12:19:54,037 [DEBUG] Starting CanStack
2026-08-19 12:19:54,039 [DEBUG] Main thread has started
2026-08-19 12:19:54,040 [DEBUG] Relay thread has started
2026-08-19 12:19:54,041 [INFO] Connection opened
2026-08-19 12:19:54,042 [INFO] Switched to physical mode for TC: ECU_INFO-22-019 Step: ECU_Serial Number [DiagTestPi R01]
2026-08-19 12:19:54,043 [INFO] ECU_INFO-22-019 - ECU_Serial Number [DiagTestPi R01]: SID=0x22, Sub=0xF18C, Expected=[16, 35, 98, 241, 140, 48, 48, 48, 48, 48, 48, 48, 48, 51, 49, 32, 32, 32, 32, 32, 32, 32, 32, 32, 32, 32, 32, 32, 32, 32, 32, 32, 32, 32, 32, 32, 32, 170, 170, 170, 170, 170, 170]
2026-08-19 12:19:54,101 [INFO] ECU_INFO-22-019 - ECU_Serial Number [DiagTestPi R01]: Sending request 22F18C
2026-08-19 12:19:54,102 [INFO] ECU_INFO-22-019 - ECU_Serial Number [DiagTestPi R01]: Sending request 22F18C
2026-08-19 12:19:54,102 [DEBUG] Sending 3 bytes : [22f18c]
2026-08-19 12:19:54,103 [DEBUG] Enqueuing a SendRequest for 3 bytes and TAT=Physical
2026-08-19 12:19:54,104 [DEBUG] Tx: <716> (08) [ ]	 0322f18c00000000
2026-08-19 12:19:54,105 [DEBUG] We've been asked to write a message to the bus
2026-08-19 12:19:54,105 [DEBUG] sending: Timestamp:        0.000000    ID:      716    S Rx     F BS       DL:  8    03 22 f1 8c 00 00 00 00
2026-08-19 12:19:54,123 [DEBUG] We've been asked to write a message to the bus
2026-08-19 12:19:54,127 [DEBUG] Rx: <71E> (08) [p]	 102362f18c303030
2026-08-19 12:19:54,128 [DEBUG] sending: Timestamp:        0.000000    ID:      716    S Rx     F BS       DL:  8    30 08 64 00 00 00 00 00
2026-08-19 12:19:54,129 [DEBUG] Tx: <716> (08) [ ]	 3008640000000000
2026-08-19 12:19:54,131 [DEBUG] We've been asked to write a message to the bus
2026-08-19 12:19:54,134 [DEBUG] sending: Timestamp:        0.000000    ID:      716    S Rx     F BS       DL:  8    30 08 64 00 00 00 00 00
2026-08-19 12:19:54,136 [DEBUG] TxState=IDLE - RxState=WAIT_CF
2026-08-19 12:19:54,140 [DEBUG] Rx: <71E> (08) [p]	 2130303030303331
2026-08-19 12:19:54,243 [DEBUG] Rx: <71E> (08) [p]	 2220202020202020
2026-08-19 12:19:54,347 [DEBUG] Rx: <71E> (08) [p]	 2320202020202020
2026-08-19 12:19:54,453 [DEBUG] Rx: <71E> (08) [p]	 2420202020202020
2026-08-19 12:19:54,558 [DEBUG] Rx: <71E> (08) [p]	 2520aaaaaaaaaaaa
2026-08-19 12:19:54,558 [INFO] Test end time: .6f(TC: ECU_INFO-22-019, step: ECU_Serial Number [DiagTestPi R01])
2026-08-19 12:19:54,614 [DEBUG] TxState=IDLE - RxState=IDLE
2026-08-19 12:19:54,616 [INFO] ECU_INFO-22-019 - Received: 62F18C3030303030303030333120202020202020202020202020202020202020202020
2026-08-19 12:19:54,618 [WARNING] ECU_INFO-22-019 - ECU_Serial Number [DiagTestPi R01] -> ❌ FAIL - Expected 102362F18C3030303030303030333120202020202020202020202020202020202020202020AAAAAAAAAAAA
2026-08-19 12:19:54,620 [DEBUG] Stopping CanStack
2026-08-19 12:19:54,627 [DEBUG] Main thread is exiting
2026-08-19 12:19:54,658 [DEBUG] CanStack Stopped
2026-08-19 12:19:54,659 [INFO] Connection closed
2026-08-19 12:19:54,660 [INFO] Running Test Case: ECU_INFO-22-020
2026-08-19 12:19:54,661 [DEBUG] Starting CanStack
2026-08-19 12:19:54,663 [DEBUG] Main thread has started
2026-08-19 12:19:54,664 [DEBUG] Relay thread has started
2026-08-19 12:19:54,667 [INFO] Connection opened
2026-08-19 12:19:54,668 [INFO] Switched to physical mode for TC: ECU_INFO-22-020 Step: H/W Version [DiagTestPi R01]
2026-08-19 12:19:54,671 [INFO] ECU_INFO-22-020 - H/W Version [DiagTestPi R01]: SID=0x22, Sub=0xF193, Expected=[16, 8, 98, 241, 147, 48, 49, 46, 48, 48, 170, 170, 170, 170, 170]
2026-08-19 12:19:54,733 [INFO] ECU_INFO-22-020 - H/W Version [DiagTestPi R01]: Sending request 22F193
2026-08-19 12:19:54,734 [INFO] ECU_INFO-22-020 - H/W Version [DiagTestPi R01]: Sending request 22F193
2026-08-19 12:19:54,734 [DEBUG] Sending 3 bytes : [22f193]
2026-08-19 12:19:54,735 [DEBUG] Enqueuing a SendRequest for 3 bytes and TAT=Physical
2026-08-19 12:19:54,736 [DEBUG] Tx: <716> (08) [ ]	 0322f19300000000
2026-08-19 12:19:54,737 [DEBUG] We've been asked to write a message to the bus
2026-08-19 12:19:54,738 [DEBUG] sending: Timestamp:        0.000000    ID:      716    S Rx     F BS       DL:  8    03 22 f1 93 00 00 00 00
2026-08-19 12:19:54,762 [DEBUG] We've been asked to write a message to the bus
2026-08-19 12:19:54,764 [DEBUG] sending: Timestamp:        0.000000    ID:      716    S Rx     F BS       DL:  8    30 08 64 00 00 00 00 00
2026-08-19 12:19:54,764 [DEBUG] Rx: <71E> (08) [p]	 100862f19330312e
2026-08-19 12:19:54,766 [DEBUG] Tx: <716> (08) [ ]	 3008640000000000
2026-08-19 12:19:54,768 [DEBUG] We've been asked to write a message to the bus
2026-08-19 12:19:54,769 [INFO] Test end time: .6f(TC: ECU_INFO-22-020, step: H/W Version [DiagTestPi R01])
2026-08-19 12:19:54,770 [DEBUG] sending: Timestamp:        0.000000    ID:      716    S Rx     F BS       DL:  8    30 08 64 00 00 00 00 00
2026-08-19 12:19:54,772 [DEBUG] TxState=IDLE - RxState=WAIT_CF
2026-08-19 12:19:54,773 [DEBUG] Rx: <71E> (08) [p]	 213030aaaaaaaaaa
2026-08-19 12:19:54,821 [INFO] ECU_INFO-22-020 - Received: 62F19330312E3030
2026-08-19 12:19:54,822 [WARNING] ECU_INFO-22-020 - H/W Version [DiagTestPi R01] -> ❌ FAIL - Expected 100862F19330312E3030AAAAAAAAAA
2026-08-19 12:19:54,823 [DEBUG] Stopping CanStack
2026-08-19 12:19:54,823 [DEBUG] TxState=IDLE - RxState=IDLE
2026-08-19 12:19:54,824 [DEBUG] Main thread is exiting
2026-08-19 12:19:54,869 [DEBUG] CanStack Stopped
2026-08-19 12:19:54,870 [INFO] Connection closed
2026-08-19 12:19:54,870 [INFO] Running Test Case: TC_ID-10-001
2026-08-19 12:19:54,871 [DEBUG] Starting CanStack
2026-08-19 12:19:54,873 [DEBUG] Main thread has started
2026-08-19 12:19:54,873 [DEBUG] Relay thread has started
2026-08-19 12:19:54,875 [INFO] Connection opened
2026-08-19 12:19:54,875 [INFO] Switched to physical mode for TC: TC_ID-10-001 Step: Start default session [DiagTestPi R01]
2026-08-19 12:19:54,876 [INFO] TC_ID-10-001 - Start default session [DiagTestPi R01]: SID=0x10, Sub=0x01, Expected=[6, 80, 1, 0, 50, 1, 244, 170]
2026-08-19 12:19:54,930 [INFO] TC_ID-10-001 - Start default session [DiagTestPi R01]: Sending 1001
2026-08-19 12:19:54,979 [INFO] TC_ID-10-001 - Start default session [DiagTestPi R01]: Sending request 1001
2026-08-19 12:19:54,980 [DEBUG] Sending 2 bytes : [1001]
2026-08-19 12:19:54,981 [DEBUG] Enqueuing a SendRequest for 2 bytes and TAT=Physical
2026-08-19 12:19:54,984 [DEBUG] Tx: <716> (08) [ ]	 0210010000000000
2026-08-19 12:19:54,985 [DEBUG] We've been asked to write a message to the bus
2026-08-19 12:19:54,986 [DEBUG] sending: Timestamp:        0.000000    ID:      716    S Rx     F BS       DL:  8    02 10 01 00 00 00 00 00
2026-08-19 12:19:55,014 [INFO] Test end time: .6f(TC: TC_ID-10-001, step: Start default session [DiagTestPi R01])
2026-08-19 12:19:55,015 [DEBUG] Rx: <71E> (08) [p]	 065001003201f4aa
2026-08-19 12:19:55,016 [INFO] TC_ID-10-001 - Received: 5001003201F4
2026-08-19 12:19:55,018 [WARNING] TC_ID-10-001 - Start default session [DiagTestPi R01] -> FAIL - Unexpected response
2026-08-19 12:19:55,020 [DEBUG] Stopping CanStack
2026-08-19 12:19:55,021 [DEBUG] Main thread is exiting
2026-08-19 12:19:55,066 [DEBUG] CanStack Stopped
2026-08-19 12:19:55,069 [INFO] Connection closed
2026-08-19 12:19:55,073 [INFO] Running Test Case: TC_ID-10-003
2026-08-19 12:19:55,075 [DEBUG] Starting CanStack
2026-08-19 12:19:55,076 [DEBUG] Main thread has started
2026-08-19 12:19:55,077 [DEBUG] Relay thread has started
2026-08-19 12:19:55,079 [INFO] Connection opened
2026-08-19 12:19:55,080 [INFO] Switched to physical mode for TC: TC_ID-10-003 Step: Start Extended session [DiagTestPi R01]
2026-08-19 12:19:55,081 [INFO] TC_ID-10-003 - Start Extended session [DiagTestPi R01]: SID=0x10, Sub=0x03, Expected=[6, 80, 3, 0, 50, 1, 244, 170]
2026-08-19 12:19:55,138 [INFO] TC_ID-10-003 - Start Extended session [DiagTestPi R01]: Sending 1003
2026-08-19 12:19:55,186 [INFO] TC_ID-10-003 - Start Extended session [DiagTestPi R01]: Sending request 1003
2026-08-19 12:19:55,190 [DEBUG] Sending 2 bytes : [1003]
2026-08-19 12:19:55,191 [DEBUG] Enqueuing a SendRequest for 2 bytes and TAT=Physical
2026-08-19 12:19:55,192 [DEBUG] Tx: <716> (08) [ ]	 0210030000000000
2026-08-19 12:19:55,193 [DEBUG] We've been asked to write a message to the bus
2026-08-19 12:19:55,194 [DEBUG] sending: Timestamp:        0.000000    ID:      716    S Rx     F BS       DL:  8    02 10 03 00 00 00 00 00
2026-08-19 12:19:55,213 [INFO] Test end time: .6f(TC: TC_ID-10-003, step: Start Extended session [DiagTestPi R01])
2026-08-19 12:19:55,215 [DEBUG] Rx: <71E> (08) [p]	 065003003201f4aa
2026-08-19 12:19:55,217 [INFO] TC_ID-10-003 - Received: 5003003201F4
2026-08-19 12:19:55,219 [WARNING] TC_ID-10-003 - Start Extended session [DiagTestPi R01] -> FAIL - Unexpected response
2026-08-19 12:19:55,222 [DEBUG] Stopping CanStack
2026-08-19 12:19:55,223 [DEBUG] Main thread is exiting
2026-08-19 12:19:55,266 [DEBUG] CanStack Stopped
2026-08-19 12:19:55,267 [INFO] Connection closed
2026-08-19 12:19:55,268 [INFO] Running Test Case: TC_ID-10-004
2026-08-19 12:19:55,269 [DEBUG] Starting CanStack
2026-08-19 12:19:55,270 [DEBUG] Main thread has started
2026-08-19 12:19:55,272 [DEBUG] Relay thread has started
2026-08-19 12:19:55,273 [INFO] Connection opened
2026-08-19 12:19:55,275 [INFO] Switched to physical mode for TC: TC_ID-10-004 Step: Sub function not supported(10 FF) [DiagTestPi R01]
2026-08-19 12:19:55,276 [INFO] TC_ID-10-004 - Sub function not supported(10 FF) [DiagTestPi R01]: SID=0x10, Sub=0xFF, Expected=[3, 127, 16, 18, 170, 170, 170, 170]
2026-08-19 12:19:55,338 [INFO] TC_ID-10-004 - Sub function not supported(10 FF) [DiagTestPi R01]: Sending 10FF
2026-08-19 12:19:55,388 [INFO] TC_ID-10-004 - Sub function not supported(10 FF) [DiagTestPi R01]: Sending request 10FF
2026-08-19 12:19:55,389 [DEBUG] Sending 2 bytes : [10ff]
2026-08-19 12:19:55,390 [DEBUG] Enqueuing a SendRequest for 2 bytes and TAT=Physical
2026-08-19 12:19:55,391 [DEBUG] Tx: <716> (08) [ ]	 0210ff0000000000
2026-08-19 12:19:55,391 [DEBUG] We've been asked to write a message to the bus
2026-08-19 12:19:55,392 [DEBUG] sending: Timestamp:        0.000000    ID:      716    S Rx     F BS       DL:  8    02 10 ff 00 00 00 00 00
2026-08-19 12:19:55,403 [INFO] Test end time: .6f(TC: TC_ID-10-004, step: Sub function not supported(10 FF) [DiagTestPi R01])
2026-08-19 12:19:55,406 [INFO] TC_ID-10-004 - Received: 7F1012
2026-08-19 12:19:55,407 [DEBUG] Rx: <71E> (08) [p]	 037f1012aaaaaaaa
2026-08-19 12:19:55,408 [WARNING] TC_ID-10-004 - Sub function not supported(10 FF) [DiagTestPi R01] -> FAIL - Unexpected response
2026-08-19 12:19:55,409 [DEBUG] Stopping CanStack
2026-08-19 12:19:55,410 [DEBUG] Main thread is exiting
2026-08-19 12:19:55,457 [DEBUG] CanStack Stopped
2026-08-19 12:19:55,458 [INFO] Connection closed
2026-08-19 12:19:55,459 [INFO] Running Test Case: TC_ID-10-005
2026-08-19 12:19:55,461 [DEBUG] Starting CanStack
2026-08-19 12:19:55,462 [DEBUG] Main thread has started
2026-08-19 12:19:55,464 [DEBUG] Relay thread has started
2026-08-19 12:19:55,465 [INFO] Connection opened
2026-08-19 12:19:55,466 [INFO] Switched to physical mode for TC: TC_ID-10-005 Step: Incorrect message length(No sub function)(10) [DiagTestPi R01]
2026-08-19 12:19:55,466 [INFO] TC_ID-10-005 - Incorrect message length(No sub function)(10) [DiagTestPi R01]: SID=0x10, Sub=, Expected=[3, 127, 16, 19, 170, 170, 170, 170]
2026-08-19 12:19:55,528 [INFO] TC_ID-10-005 - Incorrect message length(No sub function)(10) [DiagTestPi R01]: Sending 10
2026-08-19 12:19:55,575 [INFO] TC_ID-10-005 - Incorrect message length(No sub function)(10) [DiagTestPi R01]: Sending request 10
2026-08-19 12:19:55,576 [DEBUG] Sending 1 bytes : [10]
2026-08-19 12:19:55,576 [DEBUG] Enqueuing a SendRequest for 1 bytes and TAT=Physical
2026-08-19 12:19:55,577 [DEBUG] Tx: <716> (08) [ ]	 0110000000000000
2026-08-19 12:19:55,578 [DEBUG] We've been asked to write a message to the bus
2026-08-19 12:19:55,578 [DEBUG] sending: Timestamp:        0.000000    ID:      716    S Rx     F BS       DL:  8    01 10 00 00 00 00 00 00
2026-08-19 12:19:55,592 [INFO] Test end time: .6f(TC: TC_ID-10-005, step: Incorrect message length(No sub function)(10) [DiagTestPi R01])
2026-08-19 12:19:55,595 [INFO] TC_ID-10-005 - Received: 7F1013
2026-08-19 12:19:55,596 [DEBUG] Rx: <71E> (08) [p]	 037f1013aaaaaaaa
2026-08-19 12:19:55,597 [WARNING] TC_ID-10-005 - Incorrect message length(No sub function)(10) [DiagTestPi R01] -> FAIL - Unexpected response
2026-08-19 12:19:55,599 [DEBUG] Stopping CanStack
2026-08-19 12:19:55,600 [DEBUG] Main thread is exiting
2026-08-19 12:19:55,646 [DEBUG] CanStack Stopped
2026-08-19 12:19:55,647 [INFO] Connection closed
2026-08-19 12:19:55,648 [INFO] Running Test Case: PC_ID-10-003
2026-08-19 12:19:55,649 [DEBUG] Starting CanStack
2026-08-19 12:19:55,650 [DEBUG] Main thread has started
2026-08-19 12:19:55,652 [DEBUG] Relay thread has started
2026-08-19 12:19:55,654 [INFO] Connection opened
2026-08-19 12:19:55,655 [INFO] Switched to physical mode for TC: PC_ID-10-003 Step: Start Programming session [DiagTestPi R05]
2026-08-19 12:19:55,656 [INFO] PC_ID-10-003 - Start Programming session [DiagTestPi R05]: SID=0x10, Sub=0x02, Expected=[6, 80, 2, 0, 50, 1, 244, 170]
2026-08-19 12:19:55,714 [INFO] PC_ID-10-003 - Start Programming session [DiagTestPi R05]: Sending 1002
2026-08-19 12:19:55,762 [INFO] PC_ID-10-003 - Start Programming session [DiagTestPi R05]: Sending request 1002
2026-08-19 12:19:55,763 [DEBUG] Sending 2 bytes : [1002]
2026-08-19 12:19:55,764 [DEBUG] Enqueuing a SendRequest for 2 bytes and TAT=Physical
2026-08-19 12:19:55,765 [DEBUG] Tx: <716> (08) [ ]	 0210020000000000
2026-08-19 12:19:55,766 [DEBUG] We've been asked to write a message to the bus
2026-08-19 12:19:55,766 [DEBUG] sending: Timestamp:        0.000000    ID:      716    S Rx     F BS       DL:  8    02 10 02 00 00 00 00 00
2026-08-19 12:19:55,786 [DEBUG] Rx: <71E> (08) [p]	 037f1078aaaaaaaa
2026-08-19 12:19:55,937 [INFO] Test end time: .6f(TC: PC_ID-10-003, step: Start Programming session [DiagTestPi R05])
2026-08-19 12:19:55,938 [INFO] PC_ID-10-003 - Received: 5002003201F4
2026-08-19 12:19:55,939 [DEBUG] Rx: <71E> (08) [p]	 065002003201f4aa
2026-08-19 12:19:55,939 [WARNING] PC_ID-10-003 - Start Programming session [DiagTestPi R05] -> FAIL - Unexpected response
2026-08-19 12:19:55,941 [DEBUG] Stopping CanStack
2026-08-19 12:19:55,942 [DEBUG] Main thread is exiting
2026-08-19 12:19:55,991 [DEBUG] CanStack Stopped
2026-08-19 12:19:55,996 [INFO] Connection closed
2026-08-19 12:19:55,999 [INFO] Running Test Case: TC_ID-10-698
2026-08-19 12:19:56,000 [DEBUG] Starting CanStack
2026-08-19 12:19:56,001 [DEBUG] Main thread has started
2026-08-19 12:19:56,003 [DEBUG] Relay thread has started
2026-08-19 12:19:56,004 [INFO] Connection opened
2026-08-19 12:19:56,005 [INFO] Switched to physical mode for TC: TC_ID-10-698 Step: PreCondition: PC_ID-10-003  Testcase:Start default session(10 01) [DiagTestPi R02]
2026-08-19 12:19:56,006 [INFO] TC_ID-10-698 - PreCondition: PC_ID-10-003  Testcase:Start default session(10 01) [DiagTestPi R02]: SID=0x10, Sub=0x01, Expected=[6, 80, 1, 0, 50, 1, 244, 170]
2026-08-19 12:19:56,072 [INFO] TC_ID-10-698 - PreCondition: PC_ID-10-003  Testcase:Start default session(10 01) [DiagTestPi R02]: Sending 1001
2026-08-19 12:19:56,119 [INFO] TC_ID-10-698 - PreCondition: PC_ID-10-003  Testcase:Start default session(10 01) [DiagTestPi R02]: Sending request 1001
2026-08-19 12:19:56,120 [DEBUG] Sending 2 bytes : [1001]
2026-08-19 12:19:56,121 [DEBUG] Enqueuing a SendRequest for 2 bytes and TAT=Physical
2026-08-19 12:19:56,122 [DEBUG] Tx: <716> (08) [ ]	 0210010000000000
2026-08-19 12:19:56,123 [DEBUG] We've been asked to write a message to the bus
2026-08-19 12:19:56,124 [DEBUG] sending: Timestamp:        0.000000    ID:      716    S Rx     F BS       DL:  8    02 10 01 00 00 00 00 00
2026-08-19 12:19:56,129 [DEBUG] Rx: <71E> (08) [p]	 065001003201f4aa
2026-08-19 12:19:56,130 [INFO] Test end time: .6f(TC: TC_ID-10-698, step: PreCondition: PC_ID-10-003  Testcase:Start default session(10 01) [DiagTestPi R02])
2026-08-19 12:19:56,133 [INFO] TC_ID-10-698 - Received: 5001003201F4
2026-08-19 12:19:56,134 [WARNING] TC_ID-10-698 - PreCondition: PC_ID-10-003  Testcase:Start default session(10 01) [DiagTestPi R02] -> FAIL - Unexpected response
2026-08-19 12:19:56,134 [DEBUG] Stopping CanStack
2026-08-19 12:19:56,136 [DEBUG] Main thread is exiting
2026-08-19 12:19:56,179 [DEBUG] CanStack Stopped
2026-08-19 12:19:56,180 [INFO] Connection closed
2026-08-19 12:19:56,181 [INFO] Running Test Case: PC_ID-10-001
2026-08-19 12:19:56,183 [DEBUG] Starting CanStack
2026-08-19 12:19:56,184 [DEBUG] Main thread has started
2026-08-19 12:19:56,185 [DEBUG] Relay thread has started
2026-08-19 12:19:56,187 [INFO] Connection opened
2026-08-19 12:19:56,188 [INFO] Switched to physical mode for TC: PC_ID-10-001 Step: Start Default session [DiagTestPi R12]
2026-08-19 12:19:56,188 [INFO] PC_ID-10-001 - Start Default session [DiagTestPi R12]: SID=0x10, Sub=0x01, Expected=[6, 80, 1, 0, 50, 1, 244, 170]
2026-08-19 12:19:56,245 [INFO] PC_ID-10-001 - Start Default session [DiagTestPi R12]: Sending 1001
2026-08-19 12:19:56,295 [INFO] PC_ID-10-001 - Start Default session [DiagTestPi R12]: Sending request 1001
2026-08-19 12:19:56,296 [DEBUG] Sending 2 bytes : [1001]
2026-08-19 12:19:56,296 [DEBUG] Enqueuing a SendRequest for 2 bytes and TAT=Physical
2026-08-19 12:19:56,297 [DEBUG] Tx: <716> (08) [ ]	 0210010000000000
2026-08-19 12:19:56,298 [DEBUG] We've been asked to write a message to the bus
2026-08-19 12:19:56,298 [DEBUG] sending: Timestamp:        0.000000    ID:      716    S Rx     F BS       DL:  8    02 10 01 00 00 00 00 00
2026-08-19 12:19:56,320 [DEBUG] Rx: <71E> (08) [p]	 065001003201f4aa
2026-08-19 12:19:56,321 [INFO] Test end time: .6f(TC: PC_ID-10-001, step: Start Default session [DiagTestPi R12])
2026-08-19 12:19:56,323 [INFO] PC_ID-10-001 - Received: 5001003201F4
2026-08-19 12:19:56,325 [WARNING] PC_ID-10-001 - Start Default session [DiagTestPi R12] -> FAIL - Unexpected response
2026-08-19 12:19:56,325 [DEBUG] Stopping CanStack
2026-08-19 12:19:56,326 [DEBUG] Main thread is exiting
2026-08-19 12:19:56,370 [DEBUG] CanStack Stopped
2026-08-19 12:19:56,371 [INFO] Connection closed
2026-08-19 12:19:56,372 [INFO] Running Test Case: PC_ID-10-002
2026-08-19 12:19:56,372 [DEBUG] Starting CanStack
2026-08-19 12:19:56,374 [DEBUG] Main thread has started
2026-08-19 12:19:56,376 [DEBUG] Relay thread has started
2026-08-19 12:19:56,378 [INFO] Connection opened
2026-08-19 12:19:56,379 [INFO] Switched to physical mode for TC: PC_ID-10-002 Step: Start Extended session [DiagTestPi R12]
2026-08-19 12:19:56,380 [INFO] PC_ID-10-002 - Start Extended session [DiagTestPi R12]: SID=0x10, Sub=0x03, Expected=[6, 80, 3, 0, 50, 1, 244, 170]
2026-08-19 12:19:56,437 [INFO] PC_ID-10-002 - Start Extended session [DiagTestPi R12]: Sending 1003
2026-08-19 12:19:56,488 [INFO] PC_ID-10-002 - Start Extended session [DiagTestPi R12]: Sending request 1003
2026-08-19 12:19:56,489 [DEBUG] Sending 2 bytes : [1003]
2026-08-19 12:19:56,490 [DEBUG] Enqueuing a SendRequest for 2 bytes and TAT=Physical
2026-08-19 12:19:56,491 [DEBUG] Tx: <716> (08) [ ]	 0210030000000000
2026-08-19 12:19:56,492 [DEBUG] We've been asked to write a message to the bus
2026-08-19 12:19:56,492 [DEBUG] sending: Timestamp:        0.000000    ID:      716    S Rx     F BS       DL:  8    02 10 03 00 00 00 00 00
2026-08-19 12:19:56,508 [INFO] Test end time: .6f(TC: PC_ID-10-002, step: Start Extended session [DiagTestPi R12])
2026-08-19 12:19:56,510 [INFO] PC_ID-10-002 - Received: 5003003201F4
2026-08-19 12:19:56,511 [DEBUG] Rx: <71E> (08) [p]	 065003003201f4aa
2026-08-19 12:19:56,512 [WARNING] PC_ID-10-002 - Start Extended session [DiagTestPi R12] -> FAIL - Unexpected response
2026-08-19 12:19:56,514 [DEBUG] Stopping CanStack
2026-08-19 12:19:56,516 [DEBUG] Main thread is exiting
2026-08-19 12:19:56,563 [DEBUG] CanStack Stopped
2026-08-19 12:19:56,564 [INFO] Connection closed
2026-08-19 12:19:56,565 [INFO] Running Test Case: TC_ID-10-699
2026-08-19 12:19:56,566 [DEBUG] Starting CanStack
2026-08-19 12:19:56,567 [DEBUG] Main thread has started
2026-08-19 12:19:56,569 [DEBUG] Relay thread has started
2026-08-19 12:19:56,570 [INFO] Connection opened
2026-08-19 12:19:56,572 [INFO] Switched to physical mode for TC: TC_ID-10-699 Step: PreCondition: PC_ID-10-001, PC_ID-10-002  Testcase:Start programming session(10 02) [DiagTestPi R02]
2026-08-19 12:19:56,573 [INFO] TC_ID-10-699 - PreCondition: PC_ID-10-001, PC_ID-10-002  Testcase:Start programming session(10 02) [DiagTestPi R02]: SID=0x10, Sub=0x02, Expected=[6, 80, 2, 0, 50, 1, 244]
2026-08-19 12:19:56,640 [INFO] TC_ID-10-699 - PreCondition: PC_ID-10-001, PC_ID-10-002  Testcase:Start programming session(10 02) [DiagTestPi R02]: Sending 1002
2026-08-19 12:19:56,694 [INFO] TC_ID-10-699 - PreCondition: PC_ID-10-001, PC_ID-10-002  Testcase:Start programming session(10 02) [DiagTestPi R02]: Sending request 1002
2026-08-19 12:19:56,698 [DEBUG] Sending 2 bytes : [1002]
2026-08-19 12:19:56,700 [DEBUG] Enqueuing a SendRequest for 2 bytes and TAT=Physical
2026-08-19 12:19:56,701 [DEBUG] Tx: <716> (08) [ ]	 0210020000000000
2026-08-19 12:19:56,702 [DEBUG] We've been asked to write a message to the bus
2026-08-19 12:19:56,703 [DEBUG] sending: Timestamp:        0.000000    ID:      716    S Rx     F BS       DL:  8    02 10 02 00 00 00 00 00
2026-08-19 12:19:56,731 [DEBUG] Rx: <71E> (08) [p]	 037f1078aaaaaaaa
2026-08-19 12:19:56,882 [INFO] Test end time: .6f(TC: TC_ID-10-699, step: PreCondition: PC_ID-10-001, PC_ID-10-002  Testcase:Start programming session(10 02) [DiagTestPi R02])
2026-08-19 12:19:56,883 [DEBUG] Rx: <71E> (08) [p]	 065002003201f4aa
2026-08-19 12:19:56,884 [INFO] TC_ID-10-699 - Received: 5002003201F4
2026-08-19 12:19:56,885 [WARNING] TC_ID-10-699 - PreCondition: PC_ID-10-001, PC_ID-10-002  Testcase:Start programming session(10 02) [DiagTestPi R02] -> FAIL - Unexpected response
2026-08-19 12:19:56,886 [DEBUG] Stopping CanStack
2026-08-19 12:19:56,887 [DEBUG] Main thread is exiting
2026-08-19 12:19:56,933 [DEBUG] CanStack Stopped
2026-08-19 12:19:56,937 [INFO] Connection closed
2026-08-19 12:19:56,940 [INFO] Running Test Case: PC_ID-10-003
2026-08-19 12:19:56,944 [DEBUG] Starting CanStack
2026-08-19 12:19:56,946 [DEBUG] Main thread has started
2026-08-19 12:19:56,947 [DEBUG] Relay thread has started
2026-08-19 12:19:56,948 [INFO] Connection opened
2026-08-19 12:19:56,949 [INFO] Switched to physical mode for TC: PC_ID-10-003 Step: Start Programming session [DiagTestPi R05]
2026-08-19 12:19:56,950 [INFO] PC_ID-10-003 - Start Programming session [DiagTestPi R05]: SID=0x10, Sub=0x02, Expected=[6, 80, 2, 0, 50, 1, 244, 170]
2026-08-19 12:19:57,010 [INFO] PC_ID-10-003 - Start Programming session [DiagTestPi R05]: Sending 1002
2026-08-19 12:19:57,055 [INFO] PC_ID-10-003 - Start Programming session [DiagTestPi R05]: Sending request 1002
2026-08-19 12:19:57,056 [DEBUG] Sending 2 bytes : [1002]
2026-08-19 12:19:57,057 [DEBUG] Enqueuing a SendRequest for 2 bytes and TAT=Physical
2026-08-19 12:19:57,058 [DEBUG] Tx: <716> (08) [ ]	 0210020000000000
2026-08-19 12:19:57,058 [DEBUG] We've been asked to write a message to the bus
2026-08-19 12:19:57,059 [DEBUG] sending: Timestamp:        0.000000    ID:      716    S Rx     F BS       DL:  8    02 10 02 00 00 00 00 00
2026-08-19 12:19:57,062 [INFO] Test end time: .6f(TC: PC_ID-10-003, step: Start Programming session [DiagTestPi R05])
2026-08-19 12:19:57,062 [DEBUG] Rx: <71E> (08) [p]	 065002003201f4aa
2026-08-19 12:19:57,064 [INFO] PC_ID-10-003 - Received: 5002003201F4
2026-08-19 12:19:57,065 [WARNING] PC_ID-10-003 - Start Programming session [DiagTestPi R05] -> FAIL - Unexpected response
2026-08-19 12:19:57,065 [DEBUG] Stopping CanStack
2026-08-19 12:19:57,066 [DEBUG] Main thread is exiting
2026-08-19 12:19:57,112 [DEBUG] CanStack Stopped
2026-08-19 12:19:57,113 [INFO] Connection closed
2026-08-19 12:19:57,113 [INFO] Running Test Case: TC_ID-10-700
2026-08-19 12:19:57,114 [DEBUG] Starting CanStack
2026-08-19 12:19:57,115 [DEBUG] Main thread has started
2026-08-19 12:19:57,116 [DEBUG] Relay thread has started
2026-08-19 12:19:57,117 [INFO] Connection opened
2026-08-19 12:19:57,118 [INFO] Switched to physical mode for TC: TC_ID-10-700 Step: PreCondition: PC_ID-10-003  Testcase:Start default session(10 01) [DiagTestPi R02]
2026-08-19 12:19:57,118 [INFO] TC_ID-10-700 - PreCondition: PC_ID-10-003  Testcase:Start default session(10 01) [DiagTestPi R02]: SID=0x10, Sub=0x01, Expected=[6, 80, 1, 0, 50, 1, 244, 170]
2026-08-19 12:19:57,182 [INFO] TC_ID-10-700 - PreCondition: PC_ID-10-003  Testcase:Start default session(10 01) [DiagTestPi R02]: Sending 1001
2026-08-19 12:19:57,228 [INFO] TC_ID-10-700 - PreCondition: PC_ID-10-003  Testcase:Start default session(10 01) [DiagTestPi R02]: Sending request 1001
2026-08-19 12:19:57,229 [DEBUG] Sending 2 bytes : [1001]
2026-08-19 12:19:57,230 [DEBUG] Enqueuing a SendRequest for 2 bytes and TAT=Physical
2026-08-19 12:19:57,232 [DEBUG] Tx: <716> (08) [ ]	 0210010000000000
2026-08-19 12:19:57,233 [DEBUG] We've been asked to write a message to the bus
2026-08-19 12:19:57,234 [DEBUG] sending: Timestamp:        0.000000    ID:      716    S Rx     F BS       DL:  8    02 10 01 00 00 00 00 00
2026-08-19 12:19:57,238 [INFO] Test end time: .6f(TC: TC_ID-10-700, step: PreCondition: PC_ID-10-003  Testcase:Start default session(10 01) [DiagTestPi R02])
2026-08-19 12:19:57,240 [INFO] TC_ID-10-700 - Received: 5001003201F4
2026-08-19 12:19:57,245 [WARNING] TC_ID-10-700 - PreCondition: PC_ID-10-003  Testcase:Start default session(10 01) [DiagTestPi R02] -> FAIL - Unexpected response
2026-08-19 12:19:57,248 [DEBUG] Rx: <71E> (08) [p]	 065001003201f4aa
2026-08-19 12:19:57,251 [DEBUG] Stopping CanStack
2026-08-19 12:19:57,254 [DEBUG] Main thread is exiting
2026-08-19 12:19:57,296 [DEBUG] CanStack Stopped
2026-08-19 12:19:57,297 [INFO] Connection closed
2026-08-19 12:19:57,299 [INFO] Running Test Case: PC_ID-10-002
2026-08-19 12:19:57,300 [DEBUG] Starting CanStack
2026-08-19 12:19:57,301 [DEBUG] Main thread has started
2026-08-19 12:19:57,303 [DEBUG] Relay thread has started
2026-08-19 12:19:57,304 [INFO] Connection opened
2026-08-19 12:19:57,305 [INFO] Switched to physical mode for TC: PC_ID-10-002 Step: Start Extended session [DiagTestPi R12]
2026-08-19 12:19:57,306 [INFO] PC_ID-10-002 - Start Extended session [DiagTestPi R12]: SID=0x10, Sub=0x03, Expected=[6, 80, 3, 0, 50, 1, 244, 170]
2026-08-19 12:19:57,364 [INFO] PC_ID-10-002 - Start Extended session [DiagTestPi R12]: Sending 1003
2026-08-19 12:19:57,411 [INFO] PC_ID-10-002 - Start Extended session [DiagTestPi R12]: Sending request 1003
2026-08-19 12:19:57,412 [DEBUG] Sending 2 bytes : [1003]
2026-08-19 12:19:57,413 [DEBUG] Enqueuing a SendRequest for 2 bytes and TAT=Physical
2026-08-19 12:19:57,414 [DEBUG] Tx: <716> (08) [ ]	 0210030000000000
2026-08-19 12:19:57,414 [DEBUG] We've been asked to write a message to the bus
2026-08-19 12:19:57,415 [DEBUG] sending: Timestamp:        0.000000    ID:      716    S Rx     F BS       DL:  8    02 10 03 00 00 00 00 00
2026-08-19 12:19:57,440 [INFO] Test end time: .6f(TC: PC_ID-10-002, step: Start Extended session [DiagTestPi R12])
2026-08-19 12:19:57,441 [DEBUG] Rx: <71E> (08) [p]	 065003003201f4aa
2026-08-19 12:19:57,445 [INFO] PC_ID-10-002 - Received: 5003003201F4
2026-08-19 12:19:57,451 [WARNING] PC_ID-10-002 - Start Extended session [DiagTestPi R12] -> FAIL - Unexpected response
2026-08-19 12:19:57,454 [DEBUG] Stopping CanStack
2026-08-19 12:19:57,455 [DEBUG] Main thread is exiting
2026-08-19 12:19:57,490 [DEBUG] CanStack Stopped
2026-08-19 12:19:57,491 [INFO] Connection closed
2026-08-19 12:19:57,492 [INFO] Running Test Case: TC_ID-10-701
2026-08-19 12:19:57,493 [DEBUG] Starting CanStack
2026-08-19 12:19:57,494 [DEBUG] Main thread has started
2026-08-19 12:19:57,495 [DEBUG] Relay thread has started
2026-08-19 12:19:57,498 [INFO] Connection opened
2026-08-19 12:19:57,499 [INFO] Switched to physical mode for TC: TC_ID-10-701 Step: PreCondition: PC_ID-10-002  Testcase:Start Extended session(10 03) [DiagTestPi R02]
2026-08-19 12:19:57,500 [INFO] TC_ID-10-701 - PreCondition: PC_ID-10-002  Testcase:Start Extended session(10 03) [DiagTestPi R02]: SID=0x10, Sub=0x03, Expected=[6, 80, 3, 0, 50, 1, 244, 170]
2026-08-19 12:19:57,565 [INFO] TC_ID-10-701 - PreCondition: PC_ID-10-002  Testcase:Start Extended session(10 03) [DiagTestPi R02]: Sending 1003
2026-08-19 12:19:57,613 [INFO] TC_ID-10-701 - PreCondition: PC_ID-10-002  Testcase:Start Extended session(10 03) [DiagTestPi R02]: Sending request 1003
2026-08-19 12:19:57,617 [DEBUG] Sending 2 bytes : [1003]
2026-08-19 12:19:57,620 [DEBUG] Enqueuing a SendRequest for 2 bytes and TAT=Physical
2026-08-19 12:19:57,623 [DEBUG] Tx: <716> (08) [ ]	 0210030000000000
2026-08-19 12:19:57,624 [DEBUG] We've been asked to write a message to the bus
2026-08-19 12:19:57,625 [DEBUG] sending: Timestamp:        0.000000    ID:      716    S Rx     F BS       DL:  8    02 10 03 00 00 00 00 00
2026-08-19 12:19:57,650 [INFO] Test end time: .6f(TC: TC_ID-10-701, step: PreCondition: PC_ID-10-002  Testcase:Start Extended session(10 03) [DiagTestPi R02])
2026-08-19 12:19:57,657 [INFO] TC_ID-10-701 - Received: 5003003201F4
2026-08-19 12:19:57,658 [DEBUG] Rx: <71E> (08) [p]	 065003003201f4aa
2026-08-19 12:19:57,659 [WARNING] TC_ID-10-701 - PreCondition: PC_ID-10-002  Testcase:Start Extended session(10 03) [DiagTestPi R02] -> FAIL - Unexpected response
2026-08-19 12:19:57,660 [DEBUG] Stopping CanStack
2026-08-19 12:19:57,662 [DEBUG] Main thread is exiting
2026-08-19 12:19:57,707 [DEBUG] CanStack Stopped
2026-08-19 12:19:57,708 [INFO] Connection closed
2026-08-19 12:19:57,709 [INFO] Running Test Case: PC_ID-10-002
2026-08-19 12:19:57,709 [DEBUG] Starting CanStack
2026-08-19 12:19:57,711 [DEBUG] Main thread has started
2026-08-19 12:19:57,711 [DEBUG] Relay thread has started
2026-08-19 12:19:57,713 [INFO] Connection opened
2026-08-19 12:19:57,713 [INFO] Switched to physical mode for TC: PC_ID-10-002 Step: Start Extended session [DiagTestPi R12]
2026-08-19 12:19:57,714 [INFO] PC_ID-10-002 - Start Extended session [DiagTestPi R12]: SID=0x10, Sub=0x03, Expected=[6, 80, 3, 0, 50, 1, 244, 170]
2026-08-19 12:19:57,769 [INFO] PC_ID-10-002 - Start Extended session [DiagTestPi R12]: Sending 1003
2026-08-19 12:19:57,818 [INFO] PC_ID-10-002 - Start Extended session [DiagTestPi R12]: Sending request 1003
2026-08-19 12:19:57,819 [DEBUG] Sending 2 bytes : [1003]
2026-08-19 12:19:57,819 [DEBUG] Enqueuing a SendRequest for 2 bytes and TAT=Physical
2026-08-19 12:19:57,820 [DEBUG] Tx: <716> (08) [ ]	 0210030000000000
2026-08-19 12:19:57,821 [DEBUG] We've been asked to write a message to the bus
2026-08-19 12:19:57,821 [DEBUG] sending: Timestamp:        0.000000    ID:      716    S Rx     F BS       DL:  8    02 10 03 00 00 00 00 00
2026-08-19 12:19:57,840 [INFO] Test end time: .6f(TC: PC_ID-10-002, step: Start Extended session [DiagTestPi R12])
2026-08-19 12:19:57,847 [INFO] PC_ID-10-002 - Received: 5003003201F4
2026-08-19 12:19:57,850 [DEBUG] Rx: <71E> (08) [p]	 065003003201f4aa
2026-08-19 12:19:57,851 [WARNING] PC_ID-10-002 - Start Extended session [DiagTestPi R12] -> FAIL - Unexpected response
2026-08-19 12:19:57,852 [DEBUG] Stopping CanStack
2026-08-19 12:19:57,853 [DEBUG] Main thread is exiting
2026-08-19 12:19:57,897 [DEBUG] CanStack Stopped
2026-08-19 12:19:57,898 [INFO] Connection closed
2026-08-19 12:19:57,898 [INFO] Running Test Case: TC_ID-10-702
2026-08-19 12:19:57,899 [DEBUG] Starting CanStack
2026-08-19 12:19:57,900 [DEBUG] Main thread has started
2026-08-19 12:19:57,902 [DEBUG] Relay thread has started
2026-08-19 12:19:57,902 [INFO] Connection opened
2026-08-19 12:19:57,903 [INFO] Switched to physical mode for TC: TC_ID-10-702 Step: PreCondition: PC_ID-10-002  Testcase:Start default session(10 02) [DiagTestPi R02]
2026-08-19 12:19:57,904 [INFO] TC_ID-10-702 - PreCondition: PC_ID-10-002  Testcase:Start default session(10 02) [DiagTestPi R02]: SID=0x10, Sub=0x01, Expected=[6, 80, 1, 0, 50, 1, 244, 170]
2026-08-19 12:19:57,965 [INFO] TC_ID-10-702 - PreCondition: PC_ID-10-002  Testcase:Start default session(10 02) [DiagTestPi R02]: Sending 1001
2026-08-19 12:19:58,018 [INFO] TC_ID-10-702 - PreCondition: PC_ID-10-002  Testcase:Start default session(10 02) [DiagTestPi R02]: Sending request 1001
2026-08-19 12:19:58,019 [DEBUG] Sending 2 bytes : [1001]
2026-08-19 12:19:58,020 [DEBUG] Enqueuing a SendRequest for 2 bytes and TAT=Physical
2026-08-19 12:19:58,021 [DEBUG] Tx: <716> (08) [ ]	 0210010000000000
2026-08-19 12:19:58,022 [DEBUG] We've been asked to write a message to the bus
2026-08-19 12:19:58,022 [DEBUG] sending: Timestamp:        0.000000    ID:      716    S Rx     F BS       DL:  8    02 10 01 00 00 00 00 00
2026-08-19 12:19:58,040 [INFO] Test end time: .6f(TC: TC_ID-10-702, step: PreCondition: PC_ID-10-002  Testcase:Start default session(10 02) [DiagTestPi R02])
2026-08-19 12:19:58,047 [INFO] TC_ID-10-702 - Received: 5001003201F4
2026-08-19 12:19:58,049 [DEBUG] Rx: <71E> (08) [p]	 065001003201f4aa
2026-08-19 12:19:58,050 [WARNING] TC_ID-10-702 - PreCondition: PC_ID-10-002  Testcase:Start default session(10 02) [DiagTestPi R02] -> FAIL - Unexpected response
2026-08-19 12:19:58,051 [DEBUG] Stopping CanStack
2026-08-19 12:19:58,052 [DEBUG] Main thread is exiting
2026-08-19 12:19:58,097 [DEBUG] CanStack Stopped
2026-08-19 12:19:58,098 [INFO] Connection closed
2026-08-19 12:19:58,099 [INFO] Running Test Case: PC_ID-10-003
2026-08-19 12:19:58,099 [DEBUG] Starting CanStack
2026-08-19 12:19:58,101 [DEBUG] Main thread has started
2026-08-19 12:19:58,101 [DEBUG] Relay thread has started
2026-08-19 12:19:58,103 [INFO] Connection opened
2026-08-19 12:19:58,103 [INFO] Switched to physical mode for TC: PC_ID-10-003 Step: Start Programming session [DiagTestPi R05]
2026-08-19 12:19:58,104 [INFO] PC_ID-10-003 - Start Programming session [DiagTestPi R05]: SID=0x10, Sub=0x02, Expected=[6, 80, 2, 0, 50, 1, 244, 170]
2026-08-19 12:19:58,159 [INFO] PC_ID-10-003 - Start Programming session [DiagTestPi R05]: Sending 1002
2026-08-19 12:19:58,208 [INFO] PC_ID-10-003 - Start Programming session [DiagTestPi R05]: Sending request 1002
2026-08-19 12:19:58,209 [DEBUG] Sending 2 bytes : [1002]
2026-08-19 12:19:58,210 [DEBUG] Enqueuing a SendRequest for 2 bytes and TAT=Physical
2026-08-19 12:19:58,211 [DEBUG] Tx: <716> (08) [ ]	 0210020000000000
2026-08-19 12:19:58,212 [DEBUG] We've been asked to write a message to the bus
2026-08-19 12:19:58,212 [DEBUG] sending: Timestamp:        0.000000    ID:      716    S Rx     F BS       DL:  8    02 10 02 00 00 00 00 00
2026-08-19 12:19:58,234 [DEBUG] Rx: <71E> (08) [p]	 037f1078aaaaaaaa
2026-08-19 12:19:58,383 [DEBUG] Rx: <71E> (08) [p]	 065002003201f4aa
2026-08-19 12:19:58,384 [INFO] Test end time: .6f(TC: PC_ID-10-003, step: Start Programming session [DiagTestPi R05])
2026-08-19 12:19:58,385 [INFO] PC_ID-10-003 - Received: 5002003201F4
2026-08-19 12:19:58,385 [WARNING] PC_ID-10-003 - Start Programming session [DiagTestPi R05] -> FAIL - Unexpected response
2026-08-19 12:19:58,386 [DEBUG] Stopping CanStack
2026-08-19 12:19:58,387 [DEBUG] Main thread is exiting
2026-08-19 12:19:58,435 [DEBUG] CanStack Stopped
2026-08-19 12:19:58,439 [INFO] Connection closed
2026-08-19 12:19:58,442 [INFO] Running Test Case: TC_ID-10-703
2026-08-19 12:19:58,444 [DEBUG] Starting CanStack
2026-08-19 12:19:58,446 [DEBUG] Main thread has started
2026-08-19 12:19:58,447 [DEBUG] Relay thread has started
2026-08-19 12:19:58,449 [INFO] Connection opened
2026-08-19 12:19:58,450 [INFO] Switched to physical mode for TC: TC_ID-10-703 Step: PreCondition: PC_ID-10-003  Testcase:Start Extended session(10 03) [DiagTestPi R02]
2026-08-19 12:19:58,450 [INFO] TC_ID-10-703 - PreCondition: PC_ID-10-003  Testcase:Start Extended session(10 03) [DiagTestPi R02]: SID=0x10, Sub=0x03, Expected=[3, 127, 16, 126, 170, 170, 170, 170]
2026-08-19 12:19:58,515 [INFO] TC_ID-10-703 - PreCondition: PC_ID-10-003  Testcase:Start Extended session(10 03) [DiagTestPi R02]: Sending 1003
2026-08-19 12:19:58,564 [INFO] TC_ID-10-703 - PreCondition: PC_ID-10-003  Testcase:Start Extended session(10 03) [DiagTestPi R02]: Sending request 1003
2026-08-19 12:19:58,565 [DEBUG] Sending 2 bytes : [1003]
2026-08-19 12:19:58,566 [DEBUG] Enqueuing a SendRequest for 2 bytes and TAT=Physical
2026-08-19 12:19:58,567 [DEBUG] Tx: <716> (08) [ ]	 0210030000000000
2026-08-19 12:19:58,568 [DEBUG] We've been asked to write a message to the bus
2026-08-19 12:19:58,568 [DEBUG] sending: Timestamp:        0.000000    ID:      716    S Rx     F BS       DL:  8    02 10 03 00 00 00 00 00
2026-08-19 12:19:58,572 [INFO] Test end time: .6f(TC: TC_ID-10-703, step: PreCondition: PC_ID-10-003  Testcase:Start Extended session(10 03) [DiagTestPi R02])
2026-08-19 12:19:58,575 [INFO] TC_ID-10-703 - Received: 7F107E
2026-08-19 12:19:58,576 [DEBUG] Rx: <71E> (08) [p]	 037f107eaaaaaaaa
2026-08-19 12:19:58,577 [WARNING] TC_ID-10-703 - PreCondition: PC_ID-10-003  Testcase:Start Extended session(10 03) [DiagTestPi R02] -> FAIL - Unexpected response
2026-08-19 12:19:58,583 [DEBUG] Stopping CanStack
2026-08-19 12:19:58,587 [DEBUG] Main thread is exiting
2026-08-19 12:19:58,626 [DEBUG] CanStack Stopped
2026-08-19 12:19:58,627 [INFO] Connection closed
2026-08-19 12:19:58,628 [INFO] Running Test Case: PC_ID-10-001
2026-08-19 12:19:58,629 [DEBUG] Starting CanStack
2026-08-19 12:19:58,630 [DEBUG] Main thread has started
2026-08-19 12:19:58,632 [DEBUG] Relay thread has started
2026-08-19 12:19:58,635 [INFO] Connection opened
2026-08-19 12:19:58,636 [INFO] Switched to physical mode for TC: PC_ID-10-001 Step: Start Default session [DiagTestPi R12]
2026-08-19 12:19:58,637 [INFO] PC_ID-10-001 - Start Default session [DiagTestPi R12]: SID=0x10, Sub=0x01, Expected=[6, 80, 1, 0, 50, 1, 244, 170]
2026-08-19 12:19:58,694 [INFO] PC_ID-10-001 - Start Default session [DiagTestPi R12]: Sending 1001
2026-08-19 12:19:58,745 [INFO] PC_ID-10-001 - Start Default session [DiagTestPi R12]: Sending request 1001
2026-08-19 12:19:58,746 [DEBUG] Sending 2 bytes : [1001]
2026-08-19 12:19:58,747 [DEBUG] Enqueuing a SendRequest for 2 bytes and TAT=Physical
2026-08-19 12:19:58,748 [DEBUG] Tx: <716> (08) [ ]	 0210010000000000
2026-08-19 12:19:58,749 [DEBUG] We've been asked to write a message to the bus
2026-08-19 12:19:58,750 [DEBUG] sending: Timestamp:        0.000000    ID:      716    S Rx     F BS       DL:  8    02 10 01 00 00 00 00 00
2026-08-19 12:19:58,754 [INFO] Test end time: .6f(TC: PC_ID-10-001, step: Start Default session [DiagTestPi R12])
2026-08-19 12:19:58,756 [DEBUG] Rx: <71E> (08) [p]	 065001003201f4aa
2026-08-19 12:19:58,758 [INFO] PC_ID-10-001 - Received: 5001003201F4
2026-08-19 12:19:58,762 [WARNING] PC_ID-10-001 - Start Default session [DiagTestPi R12] -> FAIL - Unexpected response
2026-08-19 12:19:58,765 [DEBUG] Stopping CanStack
2026-08-19 12:19:58,769 [DEBUG] Main thread is exiting
2026-08-19 12:19:58,807 [DEBUG] CanStack Stopped
2026-08-19 12:19:58,808 [INFO] Connection closed
2026-08-19 12:19:58,808 [INFO] Running Test Case: TC_ID-10-704
2026-08-19 12:19:58,809 [DEBUG] Starting CanStack
2026-08-19 12:19:58,811 [DEBUG] Main thread has started
2026-08-19 12:19:58,812 [DEBUG] Relay thread has started
2026-08-19 12:19:58,815 [INFO] Connection opened
2026-08-19 12:19:58,816 [INFO] Switched to physical mode for TC: TC_ID-10-704 Step: PreCondition: PC_ID-10-001  Testcase:Incorrect message length(10 02 01) [DiagTestPi R02]
2026-08-19 12:19:58,817 [INFO] TC_ID-10-704 - PreCondition: PC_ID-10-001  Testcase:Incorrect message length(10 02 01) [DiagTestPi R02]: SID=0x10, Sub=0x0201, Expected=[3, 127, 16, 19, 170, 170, 170, 170]
2026-08-19 12:19:58,883 [INFO] TC_ID-10-704 - PreCondition: PC_ID-10-001  Testcase:Incorrect message length(10 02 01) [DiagTestPi R02]: Sending 100201
2026-08-19 12:19:58,929 [INFO] TC_ID-10-704 - PreCondition: PC_ID-10-001  Testcase:Incorrect message length(10 02 01) [DiagTestPi R02]: Sending request 100201
2026-08-19 12:19:58,930 [DEBUG] Sending 3 bytes : [100201]
2026-08-19 12:19:58,931 [DEBUG] Enqueuing a SendRequest for 3 bytes and TAT=Physical
2026-08-19 12:19:58,933 [DEBUG] Tx: <716> (08) [ ]	 0310020100000000
2026-08-19 12:19:58,934 [DEBUG] We've been asked to write a message to the bus
2026-08-19 12:19:58,935 [DEBUG] sending: Timestamp:        0.000000    ID:      716    S Rx     F BS       DL:  8    03 10 02 01 00 00 00 00
2026-08-19 12:19:58,956 [INFO] Test end time: .6f(TC: TC_ID-10-704, step: PreCondition: PC_ID-10-001  Testcase:Incorrect message length(10 02 01) [DiagTestPi R02])
2026-08-19 12:19:58,957 [DEBUG] Rx: <71E> (08) [p]	 037f1013aaaaaaaa
2026-08-19 12:19:58,959 [INFO] TC_ID-10-704 - Received: 7F1013
2026-08-19 12:19:58,961 [WARNING] TC_ID-10-704 - PreCondition: PC_ID-10-001  Testcase:Incorrect message length(10 02 01) [DiagTestPi R02] -> FAIL - Unexpected response
2026-08-19 12:19:58,962 [DEBUG] Stopping CanStack
2026-08-19 12:19:58,963 [DEBUG] Main thread is exiting
2026-08-19 12:19:59,006 [DEBUG] CanStack Stopped
2026-08-19 12:19:59,007 [INFO] Connection closed
2026-08-19 12:19:59,008 [INFO] Running Test Case: PC_ID-10-001
2026-08-19 12:19:59,009 [DEBUG] Starting CanStack
2026-08-19 12:19:59,010 [DEBUG] Main thread has started
2026-08-19 12:19:59,012 [DEBUG] Relay thread has started
2026-08-19 12:19:59,014 [INFO] Connection opened
2026-08-19 12:19:59,015 [INFO] Switched to physical mode for TC: PC_ID-10-001 Step: Start Default session [DiagTestPi R12]
2026-08-19 12:19:59,016 [INFO] PC_ID-10-001 - Start Default session [DiagTestPi R12]: SID=0x10, Sub=0x01, Expected=[6, 80, 1, 0, 50, 1, 244, 170]
2026-08-19 12:19:59,077 [INFO] PC_ID-10-001 - Start Default session [DiagTestPi R12]: Sending 1001
2026-08-19 12:19:59,130 [INFO] PC_ID-10-001 - Start Default session [DiagTestPi R12]: Sending request 1001
2026-08-19 12:19:59,132 [DEBUG] Sending 2 bytes : [1001]
2026-08-19 12:19:59,133 [DEBUG] Enqueuing a SendRequest for 2 bytes and TAT=Physical
2026-08-19 12:19:59,135 [DEBUG] Tx: <716> (08) [ ]	 0210010000000000
2026-08-19 12:19:59,136 [DEBUG] We've been asked to write a message to the bus
2026-08-19 12:19:59,136 [DEBUG] sending: Timestamp:        0.000000    ID:      716    S Rx     F BS       DL:  8    02 10 01 00 00 00 00 00
2026-08-19 12:19:59,157 [INFO] Test end time: .6f(TC: PC_ID-10-001, step: Start Default session [DiagTestPi R12])
2026-08-19 12:19:59,165 [DEBUG] Rx: <71E> (08) [p]	 065001003201f4aa
2026-08-19 12:19:59,166 [INFO] PC_ID-10-001 - Received: 5001003201F4
2026-08-19 12:19:59,167 [WARNING] PC_ID-10-001 - Start Default session [DiagTestPi R12] -> FAIL - Unexpected response
2026-08-19 12:19:59,168 [DEBUG] Stopping CanStack
2026-08-19 12:19:59,170 [DEBUG] Main thread is exiting
2026-08-19 12:19:59,216 [DEBUG] CanStack Stopped
2026-08-19 12:19:59,217 [INFO] Connection closed
2026-08-19 12:19:59,218 [INFO] Running Test Case: TC_ID-10-705
2026-08-19 12:19:59,219 [DEBUG] Starting CanStack
2026-08-19 12:19:59,221 [DEBUG] Main thread has started
2026-08-19 12:19:59,224 [DEBUG] Relay thread has started
2026-08-19 12:19:59,226 [INFO] Connection opened
2026-08-19 12:19:59,227 [INFO] Switched to physical mode for TC: TC_ID-10-705 Step: PreCondition: PC_ID-10-001  Testcase:Incorrect message length(10 01 01) [DiagTestPi R02]
2026-08-19 12:19:59,232 [INFO] TC_ID-10-705 - PreCondition: PC_ID-10-001  Testcase:Incorrect message length(10 01 01) [DiagTestPi R02]: SID=0x10, Sub=0x0101, Expected=[3, 127, 16, 19, 170, 170, 170, 170]
2026-08-19 12:19:59,307 [INFO] TC_ID-10-705 - PreCondition: PC_ID-10-001  Testcase:Incorrect message length(10 01 01) [DiagTestPi R02]: Sending 100101
2026-08-19 12:19:59,358 [INFO] TC_ID-10-705 - PreCondition: PC_ID-10-001  Testcase:Incorrect message length(10 01 01) [DiagTestPi R02]: Sending request 100101
2026-08-19 12:19:59,359 [DEBUG] Sending 3 bytes : [100101]
2026-08-19 12:19:59,359 [DEBUG] Enqueuing a SendRequest for 3 bytes and TAT=Physical
2026-08-19 12:19:59,361 [DEBUG] Tx: <716> (08) [ ]	 0310010100000000
2026-08-19 12:19:59,361 [DEBUG] We've been asked to write a message to the bus
2026-08-19 12:19:59,362 [DEBUG] sending: Timestamp:        0.000000    ID:      716    S Rx     F BS       DL:  8    03 10 01 01 00 00 00 00
2026-08-19 12:19:59,386 [INFO] Test end time: .6f(TC: TC_ID-10-705, step: PreCondition: PC_ID-10-001  Testcase:Incorrect message length(10 01 01) [DiagTestPi R02])
2026-08-19 12:19:59,388 [INFO] TC_ID-10-705 - Received: 7F1013
2026-08-19 12:19:59,389 [DEBUG] Rx: <71E> (08) [p]	 037f1013aaaaaaaa
2026-08-19 12:19:59,390 [WARNING] TC_ID-10-705 - PreCondition: PC_ID-10-001  Testcase:Incorrect message length(10 01 01) [DiagTestPi R02] -> FAIL - Unexpected response
2026-08-19 12:19:59,392 [DEBUG] Stopping CanStack
2026-08-19 12:19:59,394 [DEBUG] Main thread is exiting
2026-08-19 12:19:59,439 [DEBUG] CanStack Stopped
2026-08-19 12:19:59,440 [INFO] Connection closed
2026-08-19 12:19:59,440 [INFO] Running Test Case: PC_ID-10-002
2026-08-19 12:19:59,441 [DEBUG] Starting CanStack
2026-08-19 12:19:59,442 [DEBUG] Main thread has started
2026-08-19 12:19:59,443 [DEBUG] Relay thread has started
2026-08-19 12:19:59,444 [INFO] Connection opened
2026-08-19 12:19:59,445 [INFO] Switched to physical mode for TC: PC_ID-10-002 Step: Start Extended session [DiagTestPi R12]
2026-08-19 12:19:59,445 [INFO] PC_ID-10-002 - Start Extended session [DiagTestPi R12]: SID=0x10, Sub=0x03, Expected=[6, 80, 3, 0, 50, 1, 244, 170]
2026-08-19 12:19:59,500 [INFO] PC_ID-10-002 - Start Extended session [DiagTestPi R12]: Sending 1003
2026-08-19 12:19:59,550 [INFO] PC_ID-10-002 - Start Extended session [DiagTestPi R12]: Sending request 1003
2026-08-19 12:19:59,551 [DEBUG] Sending 2 bytes : [1003]
2026-08-19 12:19:59,552 [DEBUG] Enqueuing a SendRequest for 2 bytes and TAT=Physical
2026-08-19 12:19:59,553 [DEBUG] Tx: <716> (08) [ ]	 0210030000000000
2026-08-19 12:19:59,554 [DEBUG] We've been asked to write a message to the bus
2026-08-19 12:19:59,554 [DEBUG] sending: Timestamp:        0.000000    ID:      716    S Rx     F BS       DL:  8    02 10 03 00 00 00 00 00
2026-08-19 12:19:59,577 [INFO] Test end time: .6f(TC: PC_ID-10-002, step: Start Extended session [DiagTestPi R12])
2026-08-19 12:19:59,578 [DEBUG] Rx: <71E> (08) [p]	 065003003201f4aa
2026-08-19 12:19:59,579 [INFO] PC_ID-10-002 - Received: 5003003201F4
2026-08-19 12:19:59,581 [WARNING] PC_ID-10-002 - Start Extended session [DiagTestPi R12] -> FAIL - Unexpected response
2026-08-19 12:19:59,582 [DEBUG] Stopping CanStack
2026-08-19 12:19:59,584 [DEBUG] Main thread is exiting
2026-08-19 12:19:59,628 [DEBUG] CanStack Stopped
2026-08-19 12:19:59,629 [INFO] Connection closed
2026-08-19 12:19:59,629 [INFO] Running Test Case: TC_ID-10-719
2026-08-19 12:19:59,630 [DEBUG] Starting CanStack
2026-08-19 12:19:59,631 [DEBUG] Main thread has started
2026-08-19 12:19:59,632 [DEBUG] Relay thread has started
2026-08-19 12:19:59,633 [INFO] Connection opened
2026-08-19 12:19:59,633 [INFO] Switched to physical mode for TC: TC_ID-10-719 Step: PreCondition: PC_ID-10-002  Testcase:Incorrect message length(10 03 01) [DiagTestPi R02]
2026-08-19 12:19:59,634 [INFO] TC_ID-10-719 - PreCondition: PC_ID-10-002  Testcase:Incorrect message length(10 03 01) [DiagTestPi R02]: SID=0x10, Sub=0x0301, Expected=[3, 127, 16, 19, 170, 170, 170, 170]
2026-08-19 12:19:59,697 [INFO] TC_ID-10-719 - PreCondition: PC_ID-10-002  Testcase:Incorrect message length(10 03 01) [DiagTestPi R02]: Sending 100301
2026-08-19 12:19:59,745 [INFO] TC_ID-10-719 - PreCondition: PC_ID-10-002  Testcase:Incorrect message length(10 03 01) [DiagTestPi R02]: Sending request 100301
2026-08-19 12:19:59,749 [DEBUG] Sending 3 bytes : [100301]
2026-08-19 12:19:59,753 [DEBUG] Enqueuing a SendRequest for 3 bytes and TAT=Physical
2026-08-19 12:19:59,754 [DEBUG] Tx: <716> (08) [ ]	 0310030100000000
2026-08-19 12:19:59,755 [DEBUG] We've been asked to write a message to the bus
2026-08-19 12:19:59,756 [DEBUG] sending: Timestamp:        0.000000    ID:      716    S Rx     F BS       DL:  8    03 10 03 01 00 00 00 00
2026-08-19 12:19:59,778 [INFO] Test end time: .6f(TC: TC_ID-10-719, step: PreCondition: PC_ID-10-002  Testcase:Incorrect message length(10 03 01) [DiagTestPi R02])
2026-08-19 12:19:59,784 [DEBUG] Rx: <71E> (08) [p]	 037f1013aaaaaaaa
2026-08-19 12:19:59,786 [INFO] TC_ID-10-719 - Received: 7F1013
2026-08-19 12:19:59,789 [WARNING] TC_ID-10-719 - PreCondition: PC_ID-10-002  Testcase:Incorrect message length(10 03 01) [DiagTestPi R02] -> FAIL - Unexpected response
2026-08-19 12:19:59,789 [DEBUG] Stopping CanStack
2026-08-19 12:19:59,790 [DEBUG] Main thread is exiting
2026-08-19 12:19:59,833 [DEBUG] CanStack Stopped
2026-08-19 12:19:59,834 [INFO] Connection closed
2026-08-19 12:19:59,835 [INFO] Running Test Case: PC_ID-10-002
2026-08-19 12:19:59,835 [DEBUG] Starting CanStack
2026-08-19 12:19:59,837 [DEBUG] Main thread has started
2026-08-19 12:19:59,838 [DEBUG] Relay thread has started
2026-08-19 12:19:59,840 [INFO] Connection opened
2026-08-19 12:19:59,841 [INFO] Switched to physical mode for TC: PC_ID-10-002 Step: Start Extended session [DiagTestPi R12]
2026-08-19 12:19:59,842 [INFO] PC_ID-10-002 - Start Extended session [DiagTestPi R12]: SID=0x10, Sub=0x03, Expected=[6, 80, 3, 0, 50, 1, 244, 170]
2026-08-19 12:19:59,900 [INFO] PC_ID-10-002 - Start Extended session [DiagTestPi R12]: Sending 1003
2026-08-19 12:19:59,947 [INFO] PC_ID-10-002 - Start Extended session [DiagTestPi R12]: Sending request 1003
2026-08-19 12:19:59,948 [DEBUG] Sending 2 bytes : [1003]
2026-08-19 12:19:59,948 [DEBUG] Enqueuing a SendRequest for 2 bytes and TAT=Physical
2026-08-19 12:19:59,949 [DEBUG] Tx: <716> (08) [ ]	 0210030000000000
2026-08-19 12:19:59,950 [DEBUG] We've been asked to write a message to the bus
2026-08-19 12:19:59,950 [DEBUG] sending: Timestamp:        0.000000    ID:      716    S Rx     F BS       DL:  8    02 10 03 00 00 00 00 00
2026-08-19 12:19:59,965 [INFO] Test end time: .6f(TC: PC_ID-10-002, step: Start Extended session [DiagTestPi R12])
2026-08-19 12:19:59,967 [DEBUG] Rx: <71E> (08) [p]	 065003003201f4aa
2026-08-19 12:19:59,968 [INFO] PC_ID-10-002 - Received: 5003003201F4
2026-08-19 12:19:59,970 [WARNING] PC_ID-10-002 - Start Extended session [DiagTestPi R12] -> FAIL - Unexpected response
2026-08-19 12:19:59,971 [DEBUG] Stopping CanStack
2026-08-19 12:19:59,972 [DEBUG] Main thread is exiting
2026-08-19 12:20:00,018 [DEBUG] CanStack Stopped
2026-08-19 12:20:00,019 [INFO] Connection closed
2026-08-19 12:20:00,023 [INFO] Running Test Case: TC_ID-14-650
2026-08-19 12:20:00,027 [DEBUG] Starting CanStack
2026-08-19 12:20:00,032 [DEBUG] Main thread has started
2026-08-19 12:20:00,033 [DEBUG] Relay thread has started
2026-08-19 12:20:00,034 [INFO] Connection opened
2026-08-19 12:20:00,035 [INFO] Switched to physical mode for TC: TC_ID-14-650 Step: PreCondition: PC_ID-10-002  Testcase:Fault memory clear Extended session(14 FFFFFF) [DiagTestPi R02]
2026-08-19 12:20:00,036 [INFO] TC_ID-14-650 - PreCondition: PC_ID-10-002  Testcase:Fault memory clear Extended session(14 FFFFFF) [DiagTestPi R02]: SID=0x14, Sub=0xFFFFFF, Expected=[1, 84, 170, 170, 170, 170, 170, 170]
2026-08-19 12:20:00,103 [INFO] TC_ID-14-650 - PreCondition: PC_ID-10-002  Testcase:Fault memory clear Extended session(14 FFFFFF) [DiagTestPi R02]: Sending 14FFFFFF
2026-08-19 12:20:00,104 [INFO] TC_ID-14-650 - PreCondition: PC_ID-10-002  Testcase:Fault memory clear Extended session(14 FFFFFF) [DiagTestPi R02]: Sending request 14FFFFFF
2026-08-19 12:20:00,105 [DEBUG] Sending 4 bytes : [14ffffff]
2026-08-19 12:20:00,106 [DEBUG] Enqueuing a SendRequest for 4 bytes and TAT=Physical
2026-08-19 12:20:00,108 [DEBUG] Tx: <716> (08) [ ]	 0414ffffff000000
2026-08-19 12:20:00,109 [DEBUG] We've been asked to write a message to the bus
2026-08-19 12:20:00,110 [DEBUG] sending: Timestamp:        0.000000    ID:      716    S Rx     F BS       DL:  8    04 14 ff ff ff 00 00 00
2026-08-19 12:20:00,127 [INFO] Test end time: .6f(TC: TC_ID-14-650, step: PreCondition: PC_ID-10-002  Testcase:Fault memory clear Extended session(14 FFFFFF) [DiagTestPi R02])
2026-08-19 12:20:00,129 [INFO] -----------------------------------------------TC_ID-14-650 PreCondition: PC_ID-10-002  Testcase:Fault memory clear Extended session(14 FFFFFF) [DiagTestPi R02] -> PASS-----------------------------------------------
2026-08-19 12:20:00,130 [DEBUG] Rx: <71E> (08) [p]	 0154aaaaaaaaaaaa
2026-08-19 12:20:00,131 [DEBUG] Stopping CanStack
2026-08-19 12:20:00,134 [DEBUG] Main thread is exiting
2026-08-19 12:20:00,180 [DEBUG] CanStack Stopped
2026-08-19 12:20:00,180 [INFO] Connection closed
2026-08-19 12:20:00,181 [INFO] Running Test Case: PC_ID-10-002
2026-08-19 12:20:00,182 [DEBUG] Starting CanStack
2026-08-19 12:20:00,183 [DEBUG] Main thread has started
2026-08-19 12:20:00,184 [DEBUG] Relay thread has started
2026-08-19 12:20:00,185 [INFO] Connection opened
2026-08-19 12:20:00,185 [INFO] Switched to physical mode for TC: PC_ID-10-002 Step: Start Extended session [DiagTestPi R12]
2026-08-19 12:20:00,186 [INFO] PC_ID-10-002 - Start Extended session [DiagTestPi R12]: SID=0x10, Sub=0x03, Expected=[6, 80, 3, 0, 50, 1, 244, 170]
2026-08-19 12:20:00,240 [INFO] PC_ID-10-002 - Start Extended session [DiagTestPi R12]: Sending 1003
2026-08-19 12:20:00,289 [INFO] PC_ID-10-002 - Start Extended session [DiagTestPi R12]: Sending request 1003
2026-08-19 12:20:00,290 [DEBUG] Sending 2 bytes : [1003]
2026-08-19 12:20:00,291 [DEBUG] Enqueuing a SendRequest for 2 bytes and TAT=Physical
2026-08-19 12:20:00,292 [DEBUG] Tx: <716> (08) [ ]	 0210030000000000
2026-08-19 12:20:00,293 [DEBUG] We've been asked to write a message to the bus
2026-08-19 12:20:00,293 [DEBUG] sending: Timestamp:        0.000000    ID:      716    S Rx     F BS       DL:  8    02 10 03 00 00 00 00 00
2026-08-19 12:20:00,317 [INFO] Test end time: .6f(TC: PC_ID-10-002, step: Start Extended session [DiagTestPi R12])
2026-08-19 12:20:00,321 [DEBUG] Rx: <71E> (08) [p]	 065003003201f4aa
2026-08-19 12:20:00,321 [INFO] PC_ID-10-002 - Received: 5003003201F4
2026-08-19 12:20:00,323 [WARNING] PC_ID-10-002 - Start Extended session [DiagTestPi R12] -> FAIL - Unexpected response
2026-08-19 12:20:00,324 [DEBUG] Stopping CanStack
2026-08-19 12:20:00,325 [DEBUG] Main thread is exiting
2026-08-19 12:20:00,371 [DEBUG] CanStack Stopped
2026-08-19 12:20:00,372 [INFO] Connection closed
2026-08-19 12:20:00,372 [INFO] Running Test Case: TC_ID-14-651
2026-08-19 12:20:00,373 [DEBUG] Starting CanStack
2026-08-19 12:20:00,374 [DEBUG] Main thread has started
2026-08-19 12:20:00,375 [DEBUG] Relay thread has started
2026-08-19 12:20:00,376 [INFO] Connection opened
2026-08-19 12:20:00,377 [INFO] Switched to physical mode for TC: TC_ID-14-651 Step: PreCondition: PC_ID-10-002  Testcase:Conditions not correct(invalid range)(14 FFEEEE) [DiagTestPi R02]
2026-08-19 12:20:00,377 [INFO] TC_ID-14-651 - PreCondition: PC_ID-10-002  Testcase:Conditions not correct(invalid range)(14 FFEEEE) [DiagTestPi R02]: SID=0x14, Sub=0xFFEEEE, Expected=[3, 127, 20, 34, 170, 170, 170, 170]
2026-08-19 12:20:00,442 [INFO] TC_ID-14-651 - PreCondition: PC_ID-10-002  Testcase:Conditions not correct(invalid range)(14 FFEEEE) [DiagTestPi R02]: Sending 14FFEEEE
2026-08-19 12:20:00,443 [INFO] TC_ID-14-651 - PreCondition: PC_ID-10-002  Testcase:Conditions not correct(invalid range)(14 FFEEEE) [DiagTestPi R02]: Sending request 14FFEEEE
2026-08-19 12:20:00,444 [DEBUG] Sending 4 bytes : [14ffeeee]
2026-08-19 12:20:00,445 [DEBUG] Enqueuing a SendRequest for 4 bytes and TAT=Physical
2026-08-19 12:20:00,447 [DEBUG] Tx: <716> (08) [ ]	 0414ffeeee000000
2026-08-19 12:20:00,448 [DEBUG] We've been asked to write a message to the bus
2026-08-19 12:20:00,449 [DEBUG] sending: Timestamp:        0.000000    ID:      716    S Rx     F BS       DL:  8    04 14 ff ee ee 00 00 00
2026-08-19 12:20:00,461 [DEBUG] Rx: <71E> (08) [p]	 037f1422aaaaaaaa
2026-08-19 12:20:00,465 [INFO] Test end time: .6f(TC: TC_ID-14-651, step: PreCondition: PC_ID-10-002  Testcase:Conditions not correct(invalid range)(14 FFEEEE) [DiagTestPi R02])
2026-08-19 12:20:00,467 [INFO] -----------------------------------------------TC_ID-14-651 PreCondition: PC_ID-10-002  Testcase:Conditions not correct(invalid range)(14 FFEEEE) [DiagTestPi R02] -> PASS-----------------------------------------------
2026-08-19 12:20:00,468 [DEBUG] Stopping CanStack
2026-08-19 12:20:00,469 [DEBUG] Main thread is exiting
2026-08-19 12:20:00,511 [DEBUG] CanStack Stopped
2026-08-19 12:20:00,512 [INFO] Connection closed
2026-08-19 12:20:00,513 [INFO] Running Test Case: PC_ID-10-002
2026-08-19 12:20:00,514 [DEBUG] Starting CanStack
2026-08-19 12:20:00,516 [DEBUG] Main thread has started
2026-08-19 12:20:00,517 [DEBUG] Relay thread has started
2026-08-19 12:20:00,519 [INFO] Connection opened
2026-08-19 12:20:00,520 [INFO] Switched to physical mode for TC: PC_ID-10-002 Step: Start Extended session [DiagTestPi R12]
2026-08-19 12:20:00,521 [INFO] PC_ID-10-002 - Start Extended session [DiagTestPi R12]: SID=0x10, Sub=0x03, Expected=[6, 80, 3, 0, 50, 1, 244, 170]
2026-08-19 12:20:00,579 [INFO] PC_ID-10-002 - Start Extended session [DiagTestPi R12]: Sending 1003
2026-08-19 12:20:00,626 [INFO] PC_ID-10-002 - Start Extended session [DiagTestPi R12]: Sending request 1003
2026-08-19 12:20:00,627 [DEBUG] Sending 2 bytes : [1003]
2026-08-19 12:20:00,628 [DEBUG] Enqueuing a SendRequest for 2 bytes and TAT=Physical
2026-08-19 12:20:00,630 [DEBUG] Tx: <716> (08) [ ]	 0210030000000000
2026-08-19 12:20:00,631 [DEBUG] We've been asked to write a message to the bus
2026-08-19 12:20:00,632 [DEBUG] sending: Timestamp:        0.000000    ID:      716    S Rx     F BS       DL:  8    02 10 03 00 00 00 00 00
2026-08-19 12:20:00,657 [INFO] Test end time: .6f(TC: PC_ID-10-002, step: Start Extended session [DiagTestPi R12])
2026-08-19 12:20:00,659 [INFO] PC_ID-10-002 - Received: 5003003201F4
2026-08-19 12:20:00,660 [DEBUG] Rx: <71E> (08) [p]	 065003003201f4aa
2026-08-19 12:20:00,661 [WARNING] PC_ID-10-002 - Start Extended session [DiagTestPi R12] -> FAIL - Unexpected response
2026-08-19 12:20:00,662 [DEBUG] Stopping CanStack
2026-08-19 12:20:00,663 [DEBUG] Main thread is exiting
2026-08-19 12:20:00,711 [DEBUG] CanStack Stopped
2026-08-19 12:20:00,715 [INFO] Connection closed
2026-08-19 12:20:00,718 [INFO] Running Test Case: TC_ID-14-652
2026-08-19 12:20:00,720 [DEBUG] Starting CanStack
2026-08-19 12:20:00,721 [DEBUG] Main thread has started
2026-08-19 12:20:00,723 [DEBUG] Relay thread has started
2026-08-19 12:20:00,724 [INFO] Connection opened
2026-08-19 12:20:00,725 [INFO] Switched to physical mode for TC: TC_ID-14-652 Step: PreCondition: PC_ID-10-002  Testcase:Request out of range(Empty Group of DTC))(14) [DiagTestPi R02]
2026-08-19 12:20:00,726 [INFO] TC_ID-14-652 - PreCondition: PC_ID-10-002  Testcase:Request out of range(Empty Group of DTC))(14) [DiagTestPi R02]: SID=0x14, Sub=, Expected=[3, 127, 20, 19, 170, 170, 170, 170]
2026-08-19 12:20:00,793 [INFO] TC_ID-14-652 - PreCondition: PC_ID-10-002  Testcase:Request out of range(Empty Group of DTC))(14) [DiagTestPi R02]: Sending 14
2026-08-19 12:20:00,794 [INFO] TC_ID-14-652 - PreCondition: PC_ID-10-002  Testcase:Request out of range(Empty Group of DTC))(14) [DiagTestPi R02]: Sending request 14
2026-08-19 12:20:00,794 [DEBUG] Sending 1 bytes : [14]
2026-08-19 12:20:00,795 [DEBUG] Enqueuing a SendRequest for 1 bytes and TAT=Physical
2026-08-19 12:20:00,797 [DEBUG] Tx: <716> (08) [ ]	 0114000000000000
2026-08-19 12:20:00,798 [DEBUG] We've been asked to write a message to the bus
2026-08-19 12:20:00,799 [DEBUG] sending: Timestamp:        0.000000    ID:      716    S Rx     F BS       DL:  8    01 14 00 00 00 00 00 00
2026-08-19 12:20:00,810 [INFO] Test end time: .6f(TC: TC_ID-14-652, step: PreCondition: PC_ID-10-002  Testcase:Request out of range(Empty Group of DTC))(14) [DiagTestPi R02])
2026-08-19 12:20:00,816 [DEBUG] Rx: <71E> (08) [p]	 037f1413aaaaaaaa
2026-08-19 12:20:00,817 [INFO] TC_ID-14-652 - Received: 7F1413
2026-08-19 12:20:00,818 [INFO] -----------------------------------------------TC_ID-14-652 PreCondition: PC_ID-10-002  Testcase:Request out of range(Empty Group of DTC))(14) [DiagTestPi R02] -> PASS-----------------------------------------------
2026-08-19 12:20:00,819 [DEBUG] Stopping CanStack
2026-08-19 12:20:00,820 [DEBUG] Main thread is exiting
2026-08-19 12:20:00,864 [DEBUG] CanStack Stopped
2026-08-19 12:20:00,865 [INFO] Connection closed
2026-08-19 12:20:00,866 [INFO] Running Test Case: PC_ID-10-001
2026-08-19 12:20:00,867 [DEBUG] Starting CanStack
2026-08-19 12:20:00,868 [DEBUG] Main thread has started
2026-08-19 12:20:00,869 [DEBUG] Relay thread has started
2026-08-19 12:20:00,870 [INFO] Connection opened
2026-08-19 12:20:00,871 [INFO] Switched to physical mode for TC: PC_ID-10-001 Step: Start Default session [DiagTestPi R12]
2026-08-19 12:20:00,871 [INFO] PC_ID-10-001 - Start Default session [DiagTestPi R12]: SID=0x10, Sub=0x01, Expected=[6, 80, 1, 0, 50, 1, 244, 170]
2026-08-19 12:20:00,927 [INFO] PC_ID-10-001 - Start Default session [DiagTestPi R12]: Sending 1001
2026-08-19 12:20:00,976 [INFO] PC_ID-10-001 - Start Default session [DiagTestPi R12]: Sending request 1001
2026-08-19 12:20:00,977 [DEBUG] Sending 2 bytes : [1001]
2026-08-19 12:20:00,977 [DEBUG] Enqueuing a SendRequest for 2 bytes and TAT=Physical
2026-08-19 12:20:00,979 [DEBUG] Tx: <716> (08) [ ]	 0210010000000000
2026-08-19 12:20:00,979 [DEBUG] We've been asked to write a message to the bus
2026-08-19 12:20:00,980 [DEBUG] sending: Timestamp:        0.000000    ID:      716    S Rx     F BS       DL:  8    02 10 01 00 00 00 00 00
2026-08-19 12:20:00,996 [INFO] Test end time: .6f(TC: PC_ID-10-001, step: Start Default session [DiagTestPi R12])
2026-08-19 12:20:00,998 [INFO] PC_ID-10-001 - Received: 5001003201F4
2026-08-19 12:20:01,001 [WARNING] PC_ID-10-001 - Start Default session [DiagTestPi R12] -> FAIL - Unexpected response
2026-08-19 12:20:01,004 [DEBUG] Stopping CanStack
2026-08-19 12:20:01,008 [DEBUG] Rx: <71E> (08) [p]	 065001003201f4aa
2026-08-19 12:20:01,012 [DEBUG] Main thread is exiting
2026-08-19 12:20:01,058 [DEBUG] CanStack Stopped
2026-08-19 12:20:01,059 [INFO] Connection closed
2026-08-19 12:20:01,060 [INFO] Running Test Case: PC_ID-10-003
2026-08-19 12:20:01,061 [DEBUG] Starting CanStack
2026-08-19 12:20:01,062 [DEBUG] Main thread has started
2026-08-19 12:20:01,063 [DEBUG] Relay thread has started
2026-08-19 12:20:01,064 [INFO] Connection opened
2026-08-19 12:20:01,065 [INFO] Switched to physical mode for TC: PC_ID-10-003 Step: Start Programming session [DiagTestPi R05]
2026-08-19 12:20:01,065 [INFO] PC_ID-10-003 - Start Programming session [DiagTestPi R05]: SID=0x10, Sub=0x02, Expected=[6, 80, 2, 0, 50, 1, 244, 170]
2026-08-19 12:20:01,122 [INFO] PC_ID-10-003 - Start Programming session [DiagTestPi R05]: Sending 1002
2026-08-19 12:20:01,171 [INFO] PC_ID-10-003 - Start Programming session [DiagTestPi R05]: Sending request 1002
2026-08-19 12:20:01,172 [DEBUG] Sending 2 bytes : [1002]
2026-08-19 12:20:01,173 [DEBUG] Enqueuing a SendRequest for 2 bytes and TAT=Physical
2026-08-19 12:20:01,174 [DEBUG] Tx: <716> (08) [ ]	 0210020000000000
2026-08-19 12:20:01,174 [DEBUG] We've been asked to write a message to the bus
2026-08-19 12:20:01,175 [DEBUG] sending: Timestamp:        0.000000    ID:      716    S Rx     F BS       DL:  8    02 10 02 00 00 00 00 00
2026-08-19 12:20:01,202 [DEBUG] Rx: <71E> (08) [p]	 037f1078aaaaaaaa
2026-08-19 12:20:01,349 [INFO] Test end time: .6f(TC: PC_ID-10-003, step: Start Programming session [DiagTestPi R05])
2026-08-19 12:20:01,351 [INFO] PC_ID-10-003 - Received: 5002003201F4
2026-08-19 12:20:01,352 [DEBUG] Rx: <71E> (08) [p]	 065002003201f4aa
2026-08-19 12:20:01,352 [WARNING] PC_ID-10-003 - Start Programming session [DiagTestPi R05] -> FAIL - Unexpected response
2026-08-19 12:20:01,354 [DEBUG] Stopping CanStack
2026-08-19 12:20:01,355 [DEBUG] Main thread is exiting
2026-08-19 12:20:01,403 [DEBUG] CanStack Stopped
2026-08-19 12:20:01,406 [INFO] Connection closed
2026-08-19 12:20:01,410 [INFO] Running Test Case: TC_ID-14-696
2026-08-19 12:20:01,411 [DEBUG] Starting CanStack
2026-08-19 12:20:01,412 [DEBUG] Main thread has started
2026-08-19 12:20:01,413 [DEBUG] Relay thread has started
2026-08-19 12:20:01,415 [INFO] Connection opened
2026-08-19 12:20:01,416 [INFO] Switched to physical mode for TC: TC_ID-14-696 Step: PreCondition: PC_ID-10-001, PC_ID-10-003  Testcase:Fault memory clear Extended session(14 FFFFFF) [DiagTestPi R02]
2026-08-19 12:20:01,417 [INFO] TC_ID-14-696 - PreCondition: PC_ID-10-001, PC_ID-10-003  Testcase:Fault memory clear Extended session(14 FFFFFF) [DiagTestPi R02]: SID=0x14, Sub=0xFFFFFF, Expected=[3, 127, 20, 17, 170, 170, 170, 170]
2026-08-19 12:20:01,485 [INFO] TC_ID-14-696 - PreCondition: PC_ID-10-001, PC_ID-10-003  Testcase:Fault memory clear Extended session(14 FFFFFF) [DiagTestPi R02]: Sending 14FFFFFF
2026-08-19 12:20:01,486 [INFO] TC_ID-14-696 - PreCondition: PC_ID-10-001, PC_ID-10-003  Testcase:Fault memory clear Extended session(14 FFFFFF) [DiagTestPi R02]: Sending request 14FFFFFF
2026-08-19 12:20:01,486 [DEBUG] Sending 4 bytes : [14ffffff]
2026-08-19 12:20:01,487 [DEBUG] Enqueuing a SendRequest for 4 bytes and TAT=Physical
2026-08-19 12:20:01,489 [DEBUG] Tx: <716> (08) [ ]	 0414ffffff000000
2026-08-19 12:20:01,490 [DEBUG] We've been asked to write a message to the bus
2026-08-19 12:20:01,491 [DEBUG] sending: Timestamp:        0.000000    ID:      716    S Rx     F BS       DL:  8    04 14 ff ff ff 00 00 00
2026-08-19 12:20:01,496 [INFO] Test end time: .6f(TC: TC_ID-14-696, step: PreCondition: PC_ID-10-001, PC_ID-10-003  Testcase:Fault memory clear Extended session(14 FFFFFF) [DiagTestPi R02])
2026-08-19 12:20:01,498 [DEBUG] Rx: <71E> (08) [p]	 037f1411aaaaaaaa
2026-08-19 12:20:01,505 [INFO] -----------------------------------------------TC_ID-14-696 PreCondition: PC_ID-10-001, PC_ID-10-003  Testcase:Fault memory clear Extended session(14 FFFFFF) [DiagTestPi R02] -> PASS-----------------------------------------------
2026-08-19 12:20:01,509 [DEBUG] Stopping CanStack
2026-08-19 12:20:01,510 [DEBUG] Main thread is exiting
2026-08-19 12:20:01,546 [DEBUG] CanStack Stopped
2026-08-19 12:20:01,547 [INFO] Connection closed
2026-08-19 12:20:01,548 [INFO] Running Test Case: PC_ID-10-001
2026-08-19 12:20:01,549 [DEBUG] Starting CanStack
2026-08-19 12:20:01,550 [DEBUG] Main thread has started
2026-08-19 12:20:01,552 [DEBUG] Relay thread has started
2026-08-19 12:20:01,554 [INFO] Connection opened
2026-08-19 12:20:01,556 [INFO] Switched to physical mode for TC: PC_ID-10-001 Step: Start Default session [DiagTestPi R12]
2026-08-19 12:20:01,557 [INFO] PC_ID-10-001 - Start Default session [DiagTestPi R12]: SID=0x10, Sub=0x01, Expected=[6, 80, 1, 0, 50, 1, 244, 170]
2026-08-19 12:20:01,612 [INFO] PC_ID-10-001 - Start Default session [DiagTestPi R12]: Sending 1001
2026-08-19 12:20:01,666 [INFO] PC_ID-10-001 - Start Default session [DiagTestPi R12]: Sending request 1001
2026-08-19 12:20:01,667 [DEBUG] Sending 2 bytes : [1001]
2026-08-19 12:20:01,669 [DEBUG] Enqueuing a SendRequest for 2 bytes and TAT=Physical
2026-08-19 12:20:01,671 [DEBUG] Tx: <716> (08) [ ]	 0210010000000000
2026-08-19 12:20:01,672 [DEBUG] We've been asked to write a message to the bus
2026-08-19 12:20:01,673 [DEBUG] sending: Timestamp:        0.000000    ID:      716    S Rx     F BS       DL:  8    02 10 01 00 00 00 00 00
2026-08-19 12:20:01,676 [INFO] Test end time: .6f(TC: PC_ID-10-001, step: Start Default session [DiagTestPi R12])
2026-08-19 12:20:01,677 [DEBUG] Rx: <71E> (08) [p]	 065001003201f4aa
2026-08-19 12:20:01,679 [INFO] PC_ID-10-001 - Received: 5001003201F4
2026-08-19 12:20:01,681 [WARNING] PC_ID-10-001 - Start Default session [DiagTestPi R12] -> FAIL - Unexpected response
2026-08-19 12:20:01,682 [DEBUG] Stopping CanStack
2026-08-19 12:20:01,684 [DEBUG] Main thread is exiting
2026-08-19 12:20:01,727 [DEBUG] CanStack Stopped
2026-08-19 12:20:01,730 [INFO] Connection closed
2026-08-19 12:20:01,734 [INFO] Running Test Case: PC_ID-10-003
2026-08-19 12:20:01,735 [DEBUG] Starting CanStack
2026-08-19 12:20:01,737 [DEBUG] Main thread has started
2026-08-19 12:20:01,738 [DEBUG] Relay thread has started
2026-08-19 12:20:01,740 [INFO] Connection opened
2026-08-19 12:20:01,741 [INFO] Switched to physical mode for TC: PC_ID-10-003 Step: Start Programming session [DiagTestPi R05]
2026-08-19 12:20:01,742 [INFO] PC_ID-10-003 - Start Programming session [DiagTestPi R05]: SID=0x10, Sub=0x02, Expected=[6, 80, 2, 0, 50, 1, 244, 170]
2026-08-19 12:20:01,808 [INFO] PC_ID-10-003 - Start Programming session [DiagTestPi R05]: Sending 1002
2026-08-19 12:20:01,862 [INFO] PC_ID-10-003 - Start Programming session [DiagTestPi R05]: Sending request 1002
2026-08-19 12:20:01,865 [DEBUG] Sending 2 bytes : [1002]
2026-08-19 12:20:01,866 [DEBUG] Enqueuing a SendRequest for 2 bytes and TAT=Physical
2026-08-19 12:20:01,868 [DEBUG] Tx: <716> (08) [ ]	 0210020000000000
2026-08-19 12:20:01,869 [DEBUG] We've been asked to write a message to the bus
2026-08-19 12:20:01,869 [DEBUG] sending: Timestamp:        0.000000    ID:      716    S Rx     F BS       DL:  8    02 10 02 00 00 00 00 00
2026-08-19 12:20:01,888 [DEBUG] Rx: <71E> (08) [p]	 037f1078aaaaaaaa
2026-08-19 12:20:02,040 [DEBUG] Rx: <71E> (08) [p]	 065002003201f4aa
2026-08-19 12:20:02,042 [INFO] Test end time: .6f(TC: PC_ID-10-003, step: Start Programming session [DiagTestPi R05])
2026-08-19 12:20:02,043 [INFO] PC_ID-10-003 - Received: 5002003201F4
2026-08-19 12:20:02,044 [WARNING] PC_ID-10-003 - Start Programming session [DiagTestPi R05] -> FAIL - Unexpected response
2026-08-19 12:20:02,044 [DEBUG] Stopping CanStack
2026-08-19 12:20:02,045 [DEBUG] Main thread is exiting
2026-08-19 12:20:02,092 [DEBUG] CanStack Stopped
2026-08-19 12:20:02,095 [INFO] Connection closed
2026-08-19 12:20:02,099 [INFO] Running Test Case: TC_ID-14-697
2026-08-19 12:20:02,102 [DEBUG] Starting CanStack
2026-08-19 12:20:02,103 [DEBUG] Main thread has started
2026-08-19 12:20:02,105 [DEBUG] Relay thread has started
2026-08-19 12:20:02,106 [INFO] Connection opened
2026-08-19 12:20:02,107 [INFO] Switched to physical mode for TC: TC_ID-14-697 Step: PreCondition: PC_ID-10-001, PC_ID-10-003  Testcase:Conditions not correct(invalid range)(14 8000FF) [DiagTestPi R02]
2026-08-19 12:20:02,108 [INFO] TC_ID-14-697 - PreCondition: PC_ID-10-001, PC_ID-10-003  Testcase:Conditions not correct(invalid range)(14 8000FF) [DiagTestPi R02]: SID=0x14, Sub=0x8000FF, Expected=[3, 127, 20, 17, 170, 170, 170, 170]
2026-08-19 12:20:02,177 [INFO] TC_ID-14-697 - PreCondition: PC_ID-10-001, PC_ID-10-003  Testcase:Conditions not correct(invalid range)(14 8000FF) [DiagTestPi R02]: Sending 148000FF
2026-08-19 12:20:02,177 [INFO] TC_ID-14-697 - PreCondition: PC_ID-10-001, PC_ID-10-003  Testcase:Conditions not correct(invalid range)(14 8000FF) [DiagTestPi R02]: Sending request 148000FF
2026-08-19 12:20:02,178 [DEBUG] Sending 4 bytes : [148000ff]
2026-08-19 12:20:02,179 [DEBUG] Enqueuing a SendRequest for 4 bytes and TAT=Physical
2026-08-19 12:20:02,181 [DEBUG] Tx: <716> (08) [ ]	 04148000ff000000
2026-08-19 12:20:02,182 [DEBUG] We've been asked to write a message to the bus
2026-08-19 12:20:02,183 [DEBUG] sending: Timestamp:        0.000000    ID:      716    S Rx     F BS       DL:  8    04 14 80 00 ff 00 00 00
2026-08-19 12:20:02,187 [INFO] Test end time: .6f(TC: TC_ID-14-697, step: PreCondition: PC_ID-10-001, PC_ID-10-003  Testcase:Conditions not correct(invalid range)(14 8000FF) [DiagTestPi R02])
2026-08-19 12:20:02,192 [INFO] -----------------------------------------------TC_ID-14-697 PreCondition: PC_ID-10-001, PC_ID-10-003  Testcase:Conditions not correct(invalid range)(14 8000FF) [DiagTestPi R02] -> PASS-----------------------------------------------
2026-08-19 12:20:02,196 [DEBUG] Rx: <71E> (08) [p]	 037f1411aaaaaaaa
2026-08-19 12:20:02,200 [DEBUG] Stopping CanStack
2026-08-19 12:20:02,202 [DEBUG] Main thread is exiting
2026-08-19 12:20:02,242 [DEBUG] CanStack Stopped
2026-08-19 12:20:02,244 [INFO] Connection closed
2026-08-19 12:20:02,245 [INFO] Running Test Case: PC_ID-10-001
2026-08-19 12:20:02,246 [DEBUG] Starting CanStack
2026-08-19 12:20:02,248 [DEBUG] Main thread has started
2026-08-19 12:20:02,249 [DEBUG] Relay thread has started
2026-08-19 12:20:02,252 [INFO] Connection opened
2026-08-19 12:20:02,253 [INFO] Switched to physical mode for TC: PC_ID-10-001 Step: Start Default session [DiagTestPi R12]
2026-08-19 12:20:02,254 [INFO] PC_ID-10-001 - Start Default session [DiagTestPi R12]: SID=0x10, Sub=0x01, Expected=[6, 80, 1, 0, 50, 1, 244, 170]
2026-08-19 12:20:02,313 [INFO] PC_ID-10-001 - Start Default session [DiagTestPi R12]: Sending 1001
2026-08-19 12:20:02,360 [INFO] PC_ID-10-001 - Start Default session [DiagTestPi R12]: Sending request 1001
2026-08-19 12:20:02,361 [DEBUG] Sending 2 bytes : [1001]
2026-08-19 12:20:02,362 [DEBUG] Enqueuing a SendRequest for 2 bytes and TAT=Physical
2026-08-19 12:20:02,364 [DEBUG] Tx: <716> (08) [ ]	 0210010000000000
2026-08-19 12:20:02,365 [DEBUG] We've been asked to write a message to the bus
2026-08-19 12:20:02,366 [DEBUG] sending: Timestamp:        0.000000    ID:      716    S Rx     F BS       DL:  8    02 10 01 00 00 00 00 00
2026-08-19 12:20:02,370 [INFO] Test end time: .6f(TC: PC_ID-10-001, step: Start Default session [DiagTestPi R12])
2026-08-19 12:20:02,372 [INFO] PC_ID-10-001 - Received: 5001003201F4
2026-08-19 12:20:02,374 [WARNING] PC_ID-10-001 - Start Default session [DiagTestPi R12] -> FAIL - Unexpected response
2026-08-19 12:20:02,377 [DEBUG] Stopping CanStack
2026-08-19 12:20:02,379 [DEBUG] Rx: <71E> (08) [p]	 065001003201f4aa
2026-08-19 12:20:02,385 [DEBUG] Main thread is exiting
2026-08-19 12:20:02,425 [DEBUG] CanStack Stopped
2026-08-19 12:20:02,426 [INFO] Connection closed
2026-08-19 12:20:02,427 [INFO] Running Test Case: TC_ID-14-707
2026-08-19 12:20:02,428 [DEBUG] Starting CanStack
2026-08-19 12:20:02,430 [DEBUG] Main thread has started
2026-08-19 12:20:02,432 [DEBUG] Relay thread has started
2026-08-19 12:20:02,433 [INFO] Connection opened
2026-08-19 12:20:02,434 [INFO] Switched to physical mode for TC: TC_ID-14-707 Step: PreCondition: PC_ID-10-001  Testcase:Sub function not supported(14FFFFF1) [DiagTestPi R02]
2026-08-19 12:20:02,435 [INFO] TC_ID-14-707 - PreCondition: PC_ID-10-001  Testcase:Sub function not supported(14FFFFF1) [DiagTestPi R02]: SID=0x14, Sub=0xFFFFF1, Expected=[3, 127, 20, 34, 170, 170, 170, 170]
2026-08-19 12:20:02,500 [INFO] TC_ID-14-707 - PreCondition: PC_ID-10-001  Testcase:Sub function not supported(14FFFFF1) [DiagTestPi R02]: Sending 14FFFFF1
2026-08-19 12:20:02,501 [INFO] TC_ID-14-707 - PreCondition: PC_ID-10-001  Testcase:Sub function not supported(14FFFFF1) [DiagTestPi R02]: Sending request 14FFFFF1
2026-08-19 12:20:02,501 [DEBUG] Sending 4 bytes : [14fffff1]
2026-08-19 12:20:02,502 [DEBUG] Enqueuing a SendRequest for 4 bytes and TAT=Physical
2026-08-19 12:20:02,504 [DEBUG] Tx: <716> (08) [ ]	 0414fffff1000000
2026-08-19 12:20:02,505 [DEBUG] We've been asked to write a message to the bus
2026-08-19 12:20:02,506 [DEBUG] sending: Timestamp:        0.000000    ID:      716    S Rx     F BS       DL:  8    04 14 ff ff f1 00 00 00
2026-08-19 12:20:02,521 [INFO] Test end time: .6f(TC: TC_ID-14-707, step: PreCondition: PC_ID-10-001  Testcase:Sub function not supported(14FFFFF1) [DiagTestPi R02])
2026-08-19 12:20:02,523 [INFO] -----------------------------------------------TC_ID-14-707 PreCondition: PC_ID-10-001  Testcase:Sub function not supported(14FFFFF1) [DiagTestPi R02] -> PASS-----------------------------------------------
2026-08-19 12:20:02,526 [DEBUG] Stopping CanStack
2026-08-19 12:20:02,528 [DEBUG] Rx: <71E> (08) [p]	 037f1422aaaaaaaa
2026-08-19 12:20:02,535 [DEBUG] Main thread is exiting
2026-08-19 12:20:02,576 [DEBUG] CanStack Stopped
2026-08-19 12:20:02,577 [INFO] Connection closed
2026-08-19 12:20:02,578 [INFO] Running Test Case: PC_ID-10-001
2026-08-19 12:20:02,579 [DEBUG] Starting CanStack
2026-08-19 12:20:02,581 [DEBUG] Main thread has started
2026-08-19 12:20:02,582 [DEBUG] Relay thread has started
2026-08-19 12:20:02,585 [INFO] Connection opened
2026-08-19 12:20:02,586 [INFO] Switched to physical mode for TC: PC_ID-10-001 Step: Start Default session [DiagTestPi R12]
2026-08-19 12:20:02,586 [INFO] PC_ID-10-001 - Start Default session [DiagTestPi R12]: SID=0x10, Sub=0x01, Expected=[6, 80, 1, 0, 50, 1, 244, 170]
2026-08-19 12:20:02,644 [INFO] PC_ID-10-001 - Start Default session [DiagTestPi R12]: Sending 1001
2026-08-19 12:20:02,695 [INFO] PC_ID-10-001 - Start Default session [DiagTestPi R12]: Sending request 1001
2026-08-19 12:20:02,697 [DEBUG] Sending 2 bytes : [1001]
2026-08-19 12:20:02,698 [DEBUG] Enqueuing a SendRequest for 2 bytes and TAT=Physical
2026-08-19 12:20:02,700 [DEBUG] Tx: <716> (08) [ ]	 0210010000000000
2026-08-19 12:20:02,701 [DEBUG] We've been asked to write a message to the bus
2026-08-19 12:20:02,701 [DEBUG] sending: Timestamp:        0.000000    ID:      716    S Rx     F BS       DL:  8    02 10 01 00 00 00 00 00
2026-08-19 12:20:02,725 [INFO] Test end time: .6f(TC: PC_ID-10-001, step: Start Default session [DiagTestPi R12])
2026-08-19 12:20:02,727 [INFO] PC_ID-10-001 - Received: 5001003201F4
2026-08-19 12:20:02,727 [DEBUG] Rx: <71E> (08) [p]	 065001003201f4aa
2026-08-19 12:20:02,728 [WARNING] PC_ID-10-001 - Start Default session [DiagTestPi R12] -> FAIL - Unexpected response
2026-08-19 12:20:02,730 [DEBUG] Stopping CanStack
2026-08-19 12:20:02,732 [DEBUG] Main thread is exiting
2026-08-19 12:20:02,777 [DEBUG] CanStack Stopped
2026-08-19 12:20:02,778 [INFO] Connection closed
2026-08-19 12:20:02,779 [INFO] Running Test Case: TC_ID-14-708
2026-08-19 12:20:02,779 [DEBUG] Starting CanStack
2026-08-19 12:20:02,780 [DEBUG] Main thread has started
2026-08-19 12:20:02,781 [DEBUG] Relay thread has started
2026-08-19 12:20:02,782 [INFO] Connection opened
2026-08-19 12:20:02,783 [INFO] Switched to physical mode for TC: TC_ID-14-708 Step: PreCondition: PC_ID-10-001  Testcase:Incorrect message length(14FFFFFFFF) [DiagTestPi R02]
2026-08-19 12:20:02,783 [INFO] TC_ID-14-708 - PreCondition: PC_ID-10-001  Testcase:Incorrect message length(14FFFFFFFF) [DiagTestPi R02]: SID=0x14, Sub=0xFFFFFFFF, Expected=[3, 127, 20, 19, 170, 170, 170, 170]
2026-08-19 12:20:02,847 [INFO] TC_ID-14-708 - PreCondition: PC_ID-10-001  Testcase:Incorrect message length(14FFFFFFFF) [DiagTestPi R02]: Sending 14FFFFFFFF
2026-08-19 12:20:02,848 [INFO] TC_ID-14-708 - PreCondition: PC_ID-10-001  Testcase:Incorrect message length(14FFFFFFFF) [DiagTestPi R02]: Sending request 14FFFFFFFF
2026-08-19 12:20:02,849 [DEBUG] Sending 5 bytes : [14ffffffff]
2026-08-19 12:20:02,850 [DEBUG] Enqueuing a SendRequest for 5 bytes and TAT=Physical
2026-08-19 12:20:02,852 [DEBUG] Tx: <716> (08) [ ]	 0514ffffffff0000
2026-08-19 12:20:02,853 [DEBUG] We've been asked to write a message to the bus
2026-08-19 12:20:02,854 [DEBUG] sending: Timestamp:        0.000000    ID:      716    S Rx     F BS       DL:  8    05 14 ff ff ff ff 00 00
2026-08-19 12:20:02,865 [DEBUG] Rx: <71E> (08) [p]	 037f1413aaaaaaaa
2026-08-19 12:20:02,869 [INFO] Test end time: .6f(TC: TC_ID-14-708, step: PreCondition: PC_ID-10-001  Testcase:Incorrect message length(14FFFFFFFF) [DiagTestPi R02])
2026-08-19 12:20:02,872 [INFO] -----------------------------------------------TC_ID-14-708 PreCondition: PC_ID-10-001  Testcase:Incorrect message length(14FFFFFFFF) [DiagTestPi R02] -> PASS-----------------------------------------------
2026-08-19 12:20:02,873 [DEBUG] Stopping CanStack
2026-08-19 12:20:02,874 [DEBUG] Main thread is exiting
2026-08-19 12:20:02,913 [DEBUG] CanStack Stopped
2026-08-19 12:20:02,915 [INFO] Connection closed
2026-08-19 12:20:02,916 [INFO] Running Test Case: PC_ID-10-002
2026-08-19 12:20:02,917 [DEBUG] Starting CanStack
2026-08-19 12:20:02,919 [DEBUG] Main thread has started
2026-08-19 12:20:02,920 [DEBUG] Relay thread has started
2026-08-19 12:20:02,922 [INFO] Connection opened
2026-08-19 12:20:02,922 [INFO] Switched to physical mode for TC: PC_ID-10-002 Step: Start Extended session [DiagTestPi R12]
2026-08-19 12:20:02,923 [INFO] PC_ID-10-002 - Start Extended session [DiagTestPi R12]: SID=0x10, Sub=0x03, Expected=[6, 80, 3, 0, 50, 1, 244, 170]
2026-08-19 12:20:02,983 [INFO] PC_ID-10-002 - Start Extended session [DiagTestPi R12]: Sending 1003
2026-08-19 12:20:03,032 [INFO] PC_ID-10-002 - Start Extended session [DiagTestPi R12]: Sending request 1003
2026-08-19 12:20:03,033 [DEBUG] Sending 2 bytes : [1003]
2026-08-19 12:20:03,034 [DEBUG] Enqueuing a SendRequest for 2 bytes and TAT=Physical
2026-08-19 12:20:03,035 [DEBUG] Tx: <716> (08) [ ]	 0210030000000000
2026-08-19 12:20:03,036 [DEBUG] We've been asked to write a message to the bus
2026-08-19 12:20:03,037 [DEBUG] sending: Timestamp:        0.000000    ID:      716    S Rx     F BS       DL:  8    02 10 03 00 00 00 00 00
2026-08-19 12:20:03,063 [INFO] Test end time: .6f(TC: PC_ID-10-002, step: Start Extended session [DiagTestPi R12])
2026-08-19 12:20:03,068 [DEBUG] Rx: <71E> (08) [p]	 065003003201f4aa
2026-08-19 12:20:03,069 [INFO] PC_ID-10-002 - Received: 5003003201F4
2026-08-19 12:20:03,070 [WARNING] PC_ID-10-002 - Start Extended session [DiagTestPi R12] -> FAIL - Unexpected response
2026-08-19 12:20:03,071 [DEBUG] Stopping CanStack
2026-08-19 12:20:03,072 [DEBUG] Main thread is exiting
2026-08-19 12:20:03,118 [DEBUG] CanStack Stopped
2026-08-19 12:20:03,119 [INFO] Connection closed
2026-08-19 12:20:03,120 [INFO] Running Test Case: TC_ID-19-033
2026-08-19 12:20:03,121 [DEBUG] Starting CanStack
2026-08-19 12:20:03,122 [DEBUG] Main thread has started
2026-08-19 12:20:03,122 [DEBUG] Relay thread has started
2026-08-19 12:20:03,124 [INFO] Connection opened
2026-08-19 12:20:03,124 [INFO] Switched to physical mode for TC: TC_ID-19-033 Step: PreCondition: PC_ID-10-002  Testcase:Read DTC with Extended session(19 01) [DiagTestPi R02]
2026-08-19 12:20:03,125 [INFO] TC_ID-19-033 - PreCondition: PC_ID-10-002  Testcase:Read DTC with Extended session(19 01) [DiagTestPi R02]: SID=0x19, Sub=0x01, Expected=[6, 89, 1, 8, 0, 0, 0, 170]
2026-08-19 12:20:03,189 [INFO] TC_ID-19-033 - PreCondition: PC_ID-10-002  Testcase:Read DTC with Extended session(19 01) [DiagTestPi R02]: Sending 190108
2026-08-19 12:20:03,189 [INFO] TC_ID-19-033 - PreCondition: PC_ID-10-002  Testcase:Read DTC with Extended session(19 01) [DiagTestPi R02]: Sending request 190108
2026-08-19 12:20:03,190 [DEBUG] Sending 3 bytes : [190108]
2026-08-19 12:20:03,191 [DEBUG] Enqueuing a SendRequest for 3 bytes and TAT=Physical
2026-08-19 12:20:03,193 [DEBUG] Tx: <716> (08) [ ]	 0319010800000000
2026-08-19 12:20:03,194 [DEBUG] We've been asked to write a message to the bus
2026-08-19 12:20:03,195 [DEBUG] sending: Timestamp:        0.000000    ID:      716    S Rx     F BS       DL:  8    03 19 01 08 00 00 00 00
2026-08-19 12:20:03,212 [INFO] Test end time: .6f(TC: TC_ID-19-033, step: PreCondition: PC_ID-10-002  Testcase:Read DTC with Extended session(19 01) [DiagTestPi R02])
2026-08-19 12:20:03,214 [INFO] -----------------------------------------------TC_ID-19-033 PreCondition: PC_ID-10-002  Testcase:Read DTC with Extended session(19 01) [DiagTestPi R02] -> PASS-----------------------------------------------
2026-08-19 12:20:03,215 [DEBUG] Rx: <71E> (08) [p]	 06590108000000aa
2026-08-19 12:20:03,216 [DEBUG] Stopping CanStack
2026-08-19 12:20:03,219 [DEBUG] Main thread is exiting
2026-08-19 12:20:03,265 [DEBUG] CanStack Stopped
2026-08-19 12:20:03,265 [INFO] Connection closed
2026-08-19 12:20:03,266 [INFO] Running Test Case: PC_ID-10-002
2026-08-19 12:20:03,267 [DEBUG] Starting CanStack
2026-08-19 12:20:03,268 [DEBUG] Main thread has started
2026-08-19 12:20:03,269 [DEBUG] Relay thread has started
2026-08-19 12:20:03,270 [INFO] Connection opened
2026-08-19 12:20:03,271 [INFO] Switched to physical mode for TC: PC_ID-10-002 Step: Start Extended session [DiagTestPi R12]
2026-08-19 12:20:03,272 [INFO] PC_ID-10-002 - Start Extended session [DiagTestPi R12]: SID=0x10, Sub=0x03, Expected=[6, 80, 3, 0, 50, 1, 244, 170]
2026-08-19 12:20:03,326 [INFO] PC_ID-10-002 - Start Extended session [DiagTestPi R12]: Sending 1003
2026-08-19 12:20:03,376 [INFO] PC_ID-10-002 - Start Extended session [DiagTestPi R12]: Sending request 1003
2026-08-19 12:20:03,377 [DEBUG] Sending 2 bytes : [1003]
2026-08-19 12:20:03,378 [DEBUG] Enqueuing a SendRequest for 2 bytes and TAT=Physical
2026-08-19 12:20:03,379 [DEBUG] Tx: <716> (08) [ ]	 0210030000000000
2026-08-19 12:20:03,380 [DEBUG] We've been asked to write a message to the bus
2026-08-19 12:20:03,381 [DEBUG] sending: Timestamp:        0.000000    ID:      716    S Rx     F BS       DL:  8    02 10 03 00 00 00 00 00
2026-08-19 12:20:03,402 [INFO] Test end time: .6f(TC: PC_ID-10-002, step: Start Extended session [DiagTestPi R12])
2026-08-19 12:20:03,405 [DEBUG] Rx: <71E> (08) [p]	 065003003201f4aa
2026-08-19 12:20:03,406 [INFO] PC_ID-10-002 - Received: 5003003201F4
2026-08-19 12:20:03,407 [WARNING] PC_ID-10-002 - Start Extended session [DiagTestPi R12] -> FAIL - Unexpected response
2026-08-19 12:20:03,409 [DEBUG] Stopping CanStack
2026-08-19 12:20:03,410 [DEBUG] Main thread is exiting
2026-08-19 12:20:03,455 [DEBUG] CanStack Stopped
2026-08-19 12:20:03,456 [INFO] Connection closed
2026-08-19 12:20:03,457 [INFO] Running Test Case: TC_ID-19-034
2026-08-19 12:20:03,457 [DEBUG] Starting CanStack
2026-08-19 12:20:03,458 [DEBUG] Main thread has started
2026-08-19 12:20:03,459 [DEBUG] Relay thread has started
2026-08-19 12:20:03,460 [INFO] Connection opened
2026-08-19 12:20:03,461 [INFO] Switched to physical mode for TC: TC_ID-19-034 Step: PreCondition: PC_ID-10-002  Testcase:Read DTC Extended session(19 02) [DiagTestPi R02]
2026-08-19 12:20:03,461 [INFO] TC_ID-19-034 - PreCondition: PC_ID-10-002  Testcase:Read DTC Extended session(19 02) [DiagTestPi R02]: SID=0x19, Sub=0x02, Expected=[3, 89, 2, 8, 170, 170, 170, 170]
2026-08-19 12:20:03,525 [INFO] TC_ID-19-034 - PreCondition: PC_ID-10-002  Testcase:Read DTC Extended session(19 02) [DiagTestPi R02]: Sending 190208
2026-08-19 12:20:03,526 [INFO] TC_ID-19-034 - PreCondition: PC_ID-10-002  Testcase:Read DTC Extended session(19 02) [DiagTestPi R02]: Sending request 190208
2026-08-19 12:20:03,526 [DEBUG] Sending 3 bytes : [190208]
2026-08-19 12:20:03,528 [DEBUG] Enqueuing a SendRequest for 3 bytes and TAT=Physical
2026-08-19 12:20:03,530 [DEBUG] Tx: <716> (08) [ ]	 0319020800000000
2026-08-19 12:20:03,531 [DEBUG] We've been asked to write a message to the bus
2026-08-19 12:20:03,532 [DEBUG] sending: Timestamp:        0.000000    ID:      716    S Rx     F BS       DL:  8    03 19 02 08 00 00 00 00
2026-08-19 12:20:03,544 [INFO] Test end time: .6f(TC: TC_ID-19-034, step: PreCondition: PC_ID-10-002  Testcase:Read DTC Extended session(19 02) [DiagTestPi R02])
2026-08-19 12:20:03,549 [DEBUG] Rx: <71E> (08) [p]	 03590208aaaaaaaa
2026-08-19 12:20:03,549 [INFO] -----------------------------------------------TC_ID-19-034 PreCondition: PC_ID-10-002  Testcase:Read DTC Extended session(19 02) [DiagTestPi R02] -> PASS-----------------------------------------------
2026-08-19 12:20:03,551 [DEBUG] Stopping CanStack
2026-08-19 12:20:03,553 [DEBUG] Main thread is exiting
2026-08-19 12:20:03,598 [DEBUG] CanStack Stopped
2026-08-19 12:20:03,599 [INFO] Connection closed
2026-08-19 12:20:03,600 [INFO] Running Test Case: PC_ID-10-002
2026-08-19 12:20:03,601 [DEBUG] Starting CanStack
2026-08-19 12:20:03,602 [DEBUG] Main thread has started
2026-08-19 12:20:03,602 [DEBUG] Relay thread has started
2026-08-19 12:20:03,604 [INFO] Connection opened
2026-08-19 12:20:03,604 [INFO] Switched to physical mode for TC: PC_ID-10-002 Step: Start Extended session [DiagTestPi R12]
2026-08-19 12:20:03,605 [INFO] PC_ID-10-002 - Start Extended session [DiagTestPi R12]: SID=0x10, Sub=0x03, Expected=[6, 80, 3, 0, 50, 1, 244, 170]
2026-08-19 12:20:03,660 [INFO] PC_ID-10-002 - Start Extended session [DiagTestPi R12]: Sending 1003
2026-08-19 12:20:03,710 [INFO] PC_ID-10-002 - Start Extended session [DiagTestPi R12]: Sending request 1003
2026-08-19 12:20:03,711 [DEBUG] Sending 2 bytes : [1003]
2026-08-19 12:20:03,712 [DEBUG] Enqueuing a SendRequest for 2 bytes and TAT=Physical
2026-08-19 12:20:03,713 [DEBUG] Tx: <716> (08) [ ]	 0210030000000000
2026-08-19 12:20:03,714 [DEBUG] We've been asked to write a message to the bus
2026-08-19 12:20:03,714 [DEBUG] sending: Timestamp:        0.000000    ID:      716    S Rx     F BS       DL:  8    02 10 03 00 00 00 00 00
2026-08-19 12:20:03,733 [INFO] Test end time: .6f(TC: PC_ID-10-002, step: Start Extended session [DiagTestPi R12])
2026-08-19 12:20:03,740 [INFO] PC_ID-10-002 - Received: 5003003201F4
2026-08-19 12:20:03,741 [DEBUG] Rx: <71E> (08) [p]	 065003003201f4aa
2026-08-19 12:20:03,742 [WARNING] PC_ID-10-002 - Start Extended session [DiagTestPi R12] -> FAIL - Unexpected response
2026-08-19 12:20:03,743 [DEBUG] Stopping CanStack
2026-08-19 12:20:03,744 [DEBUG] Main thread is exiting
2026-08-19 12:20:03,789 [DEBUG] CanStack Stopped
2026-08-19 12:20:03,789 [INFO] Connection closed
2026-08-19 12:20:03,790 [INFO] Running Test Case: TC_ID-19-036
2026-08-19 12:20:03,791 [DEBUG] Starting CanStack
2026-08-19 12:20:03,792 [DEBUG] Main thread has started
2026-08-19 12:20:03,793 [DEBUG] Relay thread has started
2026-08-19 12:20:03,794 [INFO] Connection opened
2026-08-19 12:20:03,794 [INFO] Switched to physical mode for TC: TC_ID-19-036 Step: PreCondition: PC_ID-10-002  Testcase:Subfunction not supported(No Mask)(19 0F)Subfunction not supported(19 0F 08 ) [DiagTestPi R02]
2026-08-19 12:20:03,795 [INFO] TC_ID-19-036 - PreCondition: PC_ID-10-002  Testcase:Subfunction not supported(No Mask)(19 0F)Subfunction not supported(19 0F 08 ) [DiagTestPi R02]: SID=0x19, Sub=0x0F, Expected=[3, 127, 25, 18, 170, 170, 170, 170]
2026-08-19 12:20:03,865 [INFO] TC_ID-19-036 - PreCondition: PC_ID-10-002  Testcase:Subfunction not supported(No Mask)(19 0F)Subfunction not supported(19 0F 08 ) [DiagTestPi R02]: Sending 190F08
2026-08-19 12:20:03,866 [INFO] TC_ID-19-036 - PreCondition: PC_ID-10-002  Testcase:Subfunction not supported(No Mask)(19 0F)Subfunction not supported(19 0F 08 ) [DiagTestPi R02]: Sending request 190F08
2026-08-19 12:20:03,866 [DEBUG] Sending 3 bytes : [190f08]
2026-08-19 12:20:03,868 [DEBUG] Enqueuing a SendRequest for 3 bytes and TAT=Physical
2026-08-19 12:20:03,870 [DEBUG] Tx: <716> (08) [ ]	 03190f0800000000
2026-08-19 12:20:03,871 [DEBUG] We've been asked to write a message to the bus
2026-08-19 12:20:03,872 [DEBUG] sending: Timestamp:        0.000000    ID:      716    S Rx     F BS       DL:  8    03 19 0f 08 00 00 00 00
2026-08-19 12:20:03,882 [INFO] Test end time: .6f(TC: TC_ID-19-036, step: PreCondition: PC_ID-10-002  Testcase:Subfunction not supported(No Mask)(19 0F)Subfunction not supported(19 0F 08 ) [DiagTestPi R02])
2026-08-19 12:20:03,889 [INFO] -----------------------------------------------TC_ID-19-036 PreCondition: PC_ID-10-002  Testcase:Subfunction not supported(No Mask)(19 0F)Subfunction not supported(19 0F 08 ) [DiagTestPi R02] -> PASS-----------------------------------------------
2026-08-19 12:20:03,890 [DEBUG] Rx: <71E> (08) [p]	 037f1912aaaaaaaa
2026-08-19 12:20:03,891 [DEBUG] Stopping CanStack
2026-08-19 12:20:03,892 [DEBUG] Main thread is exiting
2026-08-19 12:20:03,938 [DEBUG] CanStack Stopped
2026-08-19 12:20:03,939 [INFO] Connection closed
2026-08-19 12:20:03,939 [INFO] Running Test Case: PC_ID-10-002
2026-08-19 12:20:03,940 [DEBUG] Starting CanStack
2026-08-19 12:20:03,941 [DEBUG] Main thread has started
2026-08-19 12:20:03,942 [DEBUG] Relay thread has started
2026-08-19 12:20:03,943 [INFO] Connection opened
2026-08-19 12:20:03,944 [INFO] Switched to physical mode for TC: PC_ID-10-002 Step: Start Extended session [DiagTestPi R12]
2026-08-19 12:20:03,945 [INFO] PC_ID-10-002 - Start Extended session [DiagTestPi R12]: SID=0x10, Sub=0x03, Expected=[6, 80, 3, 0, 50, 1, 244, 170]
2026-08-19 12:20:04,002 [INFO] PC_ID-10-002 - Start Extended session [DiagTestPi R12]: Sending 1003
2026-08-19 12:20:04,050 [INFO] PC_ID-10-002 - Start Extended session [DiagTestPi R12]: Sending request 1003
2026-08-19 12:20:04,051 [DEBUG] Sending 2 bytes : [1003]
2026-08-19 12:20:04,052 [DEBUG] Enqueuing a SendRequest for 2 bytes and TAT=Physical
2026-08-19 12:20:04,053 [DEBUG] Tx: <716> (08) [ ]	 0210030000000000
2026-08-19 12:20:04,053 [DEBUG] We've been asked to write a message to the bus
2026-08-19 12:20:04,054 [DEBUG] sending: Timestamp:        0.000000    ID:      716    S Rx     F BS       DL:  8    02 10 03 00 00 00 00 00
2026-08-19 12:20:04,072 [INFO] Test end time: .6f(TC: PC_ID-10-002, step: Start Extended session [DiagTestPi R12])
2026-08-19 12:20:04,076 [DEBUG] Rx: <71E> (08) [p]	 065003003201f4aa
2026-08-19 12:20:04,080 [INFO] PC_ID-10-002 - Received: 5003003201F4
2026-08-19 12:20:04,085 [WARNING] PC_ID-10-002 - Start Extended session [DiagTestPi R12] -> FAIL - Unexpected response
2026-08-19 12:20:04,086 [DEBUG] Stopping CanStack
2026-08-19 12:20:04,087 [DEBUG] Main thread is exiting
2026-08-19 12:20:04,122 [DEBUG] CanStack Stopped
2026-08-19 12:20:04,124 [INFO] Connection closed
2026-08-19 12:20:04,124 [INFO] Running Test Case: TC_ID-19-037
2026-08-19 12:20:04,125 [DEBUG] Starting CanStack
2026-08-19 12:20:04,127 [DEBUG] Main thread has started
2026-08-19 12:20:04,129 [DEBUG] Relay thread has started
2026-08-19 12:20:04,131 [INFO] Connection opened
2026-08-19 12:20:04,132 [INFO] Switched to physical mode for TC: TC_ID-19-037 Step: PreCondition: PC_ID-10-002  Testcase:Subfunction not supported(19 0E) [DiagTestPi R02]
2026-08-19 12:20:04,133 [INFO] TC_ID-19-037 - PreCondition: PC_ID-10-002  Testcase:Subfunction not supported(19 0E) [DiagTestPi R02]: SID=0x19, Sub=0x0E, Expected=[3, 127, 25, 18, 170, 170, 170, 170]
2026-08-19 12:20:04,197 [INFO] TC_ID-19-037 - PreCondition: PC_ID-10-002  Testcase:Subfunction not supported(19 0E) [DiagTestPi R02]: Sending 190E08
2026-08-19 12:20:04,198 [INFO] TC_ID-19-037 - PreCondition: PC_ID-10-002  Testcase:Subfunction not supported(19 0E) [DiagTestPi R02]: Sending request 190E08
2026-08-19 12:20:04,199 [DEBUG] Sending 3 bytes : [190e08]
2026-08-19 12:20:04,200 [DEBUG] Enqueuing a SendRequest for 3 bytes and TAT=Physical
2026-08-19 12:20:04,201 [DEBUG] Tx: <716> (08) [ ]	 03190e0800000000
2026-08-19 12:20:04,202 [DEBUG] We've been asked to write a message to the bus
2026-08-19 12:20:04,202 [DEBUG] sending: Timestamp:        0.000000    ID:      716    S Rx     F BS       DL:  8    03 19 0e 08 00 00 00 00
2026-08-19 12:20:04,211 [INFO] Test end time: .6f(TC: TC_ID-19-037, step: PreCondition: PC_ID-10-002  Testcase:Subfunction not supported(19 0E) [DiagTestPi R02])
2026-08-19 12:20:04,212 [INFO] -----------------------------------------------TC_ID-19-037 PreCondition: PC_ID-10-002  Testcase:Subfunction not supported(19 0E) [DiagTestPi R02] -> PASS-----------------------------------------------
2026-08-19 12:20:04,213 [DEBUG] Rx: <71E> (08) [p]	 037f1912aaaaaaaa
2026-08-19 12:20:04,216 [DEBUG] Stopping CanStack
2026-08-19 12:20:04,218 [DEBUG] Main thread is exiting
2026-08-19 12:20:04,264 [DEBUG] CanStack Stopped
2026-08-19 12:20:04,268 [INFO] Connection closed
2026-08-19 12:20:04,271 [INFO] Running Test Case: PC_ID-10-002
2026-08-19 12:20:04,272 [DEBUG] Starting CanStack
2026-08-19 12:20:04,274 [DEBUG] Main thread has started
2026-08-19 12:20:04,275 [DEBUG] Relay thread has started
2026-08-19 12:20:04,276 [INFO] Connection opened
2026-08-19 12:20:04,277 [INFO] Switched to physical mode for TC: PC_ID-10-002 Step: Start Extended session [DiagTestPi R12]
2026-08-19 12:20:04,278 [INFO] PC_ID-10-002 - Start Extended session [DiagTestPi R12]: SID=0x10, Sub=0x03, Expected=[6, 80, 3, 0, 50, 1, 244, 170]
2026-08-19 12:20:04,335 [INFO] PC_ID-10-002 - Start Extended session [DiagTestPi R12]: Sending 1003
2026-08-19 12:20:04,381 [INFO] PC_ID-10-002 - Start Extended session [DiagTestPi R12]: Sending request 1003
2026-08-19 12:20:04,382 [DEBUG] Sending 2 bytes : [1003]
2026-08-19 12:20:04,382 [DEBUG] Enqueuing a SendRequest for 2 bytes and TAT=Physical
2026-08-19 12:20:04,383 [DEBUG] Tx: <716> (08) [ ]	 0210030000000000
2026-08-19 12:20:04,384 [DEBUG] We've been asked to write a message to the bus
2026-08-19 12:20:04,384 [DEBUG] sending: Timestamp:        0.000000    ID:      716    S Rx     F BS       DL:  8    02 10 03 00 00 00 00 00
2026-08-19 12:20:04,401 [INFO] Test end time: .6f(TC: PC_ID-10-002, step: Start Extended session [DiagTestPi R12])
2026-08-19 12:20:04,404 [DEBUG] Rx: <71E> (08) [p]	 065003003201f4aa
2026-08-19 12:20:04,405 [INFO] PC_ID-10-002 - Received: 5003003201F4
2026-08-19 12:20:04,407 [WARNING] PC_ID-10-002 - Start Extended session [DiagTestPi R12] -> FAIL - Unexpected response
2026-08-19 12:20:04,409 [DEBUG] Stopping CanStack
2026-08-19 12:20:04,413 [DEBUG] Main thread is exiting
2026-08-19 12:20:04,455 [DEBUG] CanStack Stopped
2026-08-19 12:20:04,456 [INFO] Connection closed
2026-08-19 12:20:04,457 [INFO] Running Test Case: TC_ID-19-038
2026-08-19 12:20:04,457 [DEBUG] Starting CanStack
2026-08-19 12:20:04,459 [DEBUG] Main thread has started
2026-08-19 12:20:04,460 [DEBUG] Relay thread has started
2026-08-19 12:20:04,463 [INFO] Connection opened
2026-08-19 12:20:04,464 [INFO] Switched to physical mode for TC: TC_ID-19-038 Step: PreCondition: PC_ID-10-002  Testcase:Subfunction not supported(properMask improper record with 0xFF)(19 FF) [DiagTestPi R02]
2026-08-19 12:20:04,465 [INFO] TC_ID-19-038 - PreCondition: PC_ID-10-002  Testcase:Subfunction not supported(properMask improper record with 0xFF)(19 FF) [DiagTestPi R02]: SID=0x19, Sub=0xFF, Expected=[3, 127, 25, 18, 170, 170, 170, 170]
2026-08-19 12:20:04,536 [INFO] TC_ID-19-038 - PreCondition: PC_ID-10-002  Testcase:Subfunction not supported(properMask improper record with 0xFF)(19 FF) [DiagTestPi R02]: Sending 19FF08
2026-08-19 12:20:04,537 [INFO] TC_ID-19-038 - PreCondition: PC_ID-10-002  Testcase:Subfunction not supported(properMask improper record with 0xFF)(19 FF) [DiagTestPi R02]: Sending request 19FF08
2026-08-19 12:20:04,537 [DEBUG] Sending 3 bytes : [19ff08]
2026-08-19 12:20:04,538 [DEBUG] Enqueuing a SendRequest for 3 bytes and TAT=Physical
2026-08-19 12:20:04,540 [DEBUG] Tx: <716> (08) [ ]	 0319ff0800000000
2026-08-19 12:20:04,541 [DEBUG] We've been asked to write a message to the bus
2026-08-19 12:20:04,542 [DEBUG] sending: Timestamp:        0.000000    ID:      716    S Rx     F BS       DL:  8    03 19 ff 08 00 00 00 00
2026-08-19 12:20:04,553 [INFO] Test end time: .6f(TC: TC_ID-19-038, step: PreCondition: PC_ID-10-002  Testcase:Subfunction not supported(properMask improper record with 0xFF)(19 FF) [DiagTestPi R02])
2026-08-19 12:20:04,560 [DEBUG] Rx: <71E> (08) [p]	 037f1912aaaaaaaa
2026-08-19 12:20:04,560 [INFO] -----------------------------------------------TC_ID-19-038 PreCondition: PC_ID-10-002  Testcase:Subfunction not supported(properMask improper record with 0xFF)(19 FF) [DiagTestPi R02] -> PASS-----------------------------------------------
2026-08-19 12:20:04,562 [DEBUG] Stopping CanStack
2026-08-19 12:20:04,563 [DEBUG] Main thread is exiting
2026-08-19 12:20:04,609 [DEBUG] CanStack Stopped
2026-08-19 12:20:04,610 [INFO] Connection closed
2026-08-19 12:20:04,611 [INFO] Running Test Case: TC_ID-19-041
2026-08-19 12:20:04,611 [DEBUG] Starting CanStack
2026-08-19 12:20:04,615 [DEBUG] Main thread has started
2026-08-19 12:20:04,616 [DEBUG] Relay thread has started
2026-08-19 12:20:04,618 [INFO] Connection opened
2026-08-19 12:20:04,618 [INFO] Switched to physical mode for TC: TC_ID-19-041 Step: Incorrect message length [DiagTestPi R01]
2026-08-19 12:20:04,619 [INFO] TC_ID-19-041 - Incorrect message length [DiagTestPi R01]: SID=0x19, Sub=, Expected=[3, 127, 25, 19, 170, 170, 170, 170]
2026-08-19 12:20:04,674 [INFO] TC_ID-19-041 - Incorrect message length [DiagTestPi R01]: Sending 19
2026-08-19 12:20:04,674 [INFO] TC_ID-19-041 - Incorrect message length [DiagTestPi R01]: Sending request 19
2026-08-19 12:20:04,675 [DEBUG] Sending 1 bytes : [19]
2026-08-19 12:20:04,675 [DEBUG] Enqueuing a SendRequest for 1 bytes and TAT=Physical
2026-08-19 12:20:04,677 [DEBUG] Tx: <716> (08) [ ]	 0119000000000000
2026-08-19 12:20:04,677 [DEBUG] We've been asked to write a message to the bus
2026-08-19 12:20:04,678 [DEBUG] sending: Timestamp:        0.000000    ID:      716    S Rx     F BS       DL:  8    01 19 00 00 00 00 00 00
2026-08-19 12:20:04,693 [INFO] Test end time: .6f(TC: TC_ID-19-041, step: Incorrect message length [DiagTestPi R01])
2026-08-19 12:20:04,699 [INFO] -----------------------------------------------TC_ID-19-041 Incorrect message length [DiagTestPi R01] -> PASS-----------------------------------------------
2026-08-19 12:20:04,702 [DEBUG] Rx: <71E> (08) [p]	 037f1913aaaaaaaa
2026-08-19 12:20:04,704 [DEBUG] Stopping CanStack
2026-08-19 12:20:04,705 [DEBUG] Main thread is exiting
2026-08-19 12:20:04,742 [DEBUG] CanStack Stopped
2026-08-19 12:20:04,743 [INFO] Connection closed
2026-08-19 12:20:04,744 [INFO] Running Test Case: PC_ID-10-001
2026-08-19 12:20:04,745 [DEBUG] Starting CanStack
2026-08-19 12:20:04,746 [DEBUG] Main thread has started
2026-08-19 12:20:04,748 [DEBUG] Relay thread has started
2026-08-19 12:20:04,751 [INFO] Connection opened
2026-08-19 12:20:04,752 [INFO] Switched to physical mode for TC: PC_ID-10-001 Step: Start Default session [DiagTestPi R12]
2026-08-19 12:20:04,753 [INFO] PC_ID-10-001 - Start Default session [DiagTestPi R12]: SID=0x10, Sub=0x01, Expected=[6, 80, 1, 0, 50, 1, 244, 170]
2026-08-19 12:20:04,809 [INFO] PC_ID-10-001 - Start Default session [DiagTestPi R12]: Sending 1001
2026-08-19 12:20:04,861 [INFO] PC_ID-10-001 - Start Default session [DiagTestPi R12]: Sending request 1001
2026-08-19 12:20:04,862 [DEBUG] Sending 2 bytes : [1001]
2026-08-19 12:20:04,863 [DEBUG] Enqueuing a SendRequest for 2 bytes and TAT=Physical
2026-08-19 12:20:04,868 [DEBUG] Tx: <716> (08) [ ]	 0210010000000000
2026-08-19 12:20:04,870 [DEBUG] We've been asked to write a message to the bus
2026-08-19 12:20:04,871 [DEBUG] sending: Timestamp:        0.000000    ID:      716    S Rx     F BS       DL:  8    02 10 01 00 00 00 00 00
2026-08-19 12:20:04,892 [INFO] Test end time: .6f(TC: PC_ID-10-001, step: Start Default session [DiagTestPi R12])
2026-08-19 12:20:04,895 [INFO] PC_ID-10-001 - Received: 5001003201F4
2026-08-19 12:20:04,896 [DEBUG] Rx: <71E> (08) [p]	 065001003201f4aa
2026-08-19 12:20:04,897 [WARNING] PC_ID-10-001 - Start Default session [DiagTestPi R12] -> FAIL - Unexpected response
2026-08-19 12:20:04,898 [DEBUG] Stopping CanStack
2026-08-19 12:20:04,899 [DEBUG] Main thread is exiting
2026-08-19 12:20:04,946 [DEBUG] CanStack Stopped
2026-08-19 12:20:04,950 [INFO] Connection closed
2026-08-19 12:20:04,953 [INFO] Running Test Case: PC_ID-10-003
2026-08-19 12:20:04,957 [DEBUG] Starting CanStack
2026-08-19 12:20:04,958 [DEBUG] Main thread has started
2026-08-19 12:20:04,959 [DEBUG] Relay thread has started
2026-08-19 12:20:04,961 [INFO] Connection opened
2026-08-19 12:20:04,962 [INFO] Switched to physical mode for TC: PC_ID-10-003 Step: Start Programming session [DiagTestPi R05]
2026-08-19 12:20:04,963 [INFO] PC_ID-10-003 - Start Programming session [DiagTestPi R05]: SID=0x10, Sub=0x02, Expected=[6, 80, 2, 0, 50, 1, 244, 170]
2026-08-19 12:20:05,024 [INFO] PC_ID-10-003 - Start Programming session [DiagTestPi R05]: Sending 1002
2026-08-19 12:20:05,073 [INFO] PC_ID-10-003 - Start Programming session [DiagTestPi R05]: Sending request 1002
2026-08-19 12:20:05,073 [DEBUG] Sending 2 bytes : [1002]
2026-08-19 12:20:05,074 [DEBUG] Enqueuing a SendRequest for 2 bytes and TAT=Physical
2026-08-19 12:20:05,075 [DEBUG] Tx: <716> (08) [ ]	 0210020000000000
2026-08-19 12:20:05,076 [DEBUG] We've been asked to write a message to the bus
2026-08-19 12:20:05,076 [DEBUG] sending: Timestamp:        0.000000    ID:      716    S Rx     F BS       DL:  8    02 10 02 00 00 00 00 00
2026-08-19 12:20:05,104 [DEBUG] Rx: <71E> (08) [p]	 037f1078aaaaaaaa
2026-08-19 12:20:05,254 [INFO] Test end time: .6f(TC: PC_ID-10-003, step: Start Programming session [DiagTestPi R05])
2026-08-19 12:20:05,256 [DEBUG] Rx: <71E> (08) [p]	 065002003201f4aa
2026-08-19 12:20:05,257 [INFO] PC_ID-10-003 - Received: 5002003201F4
2026-08-19 12:20:05,258 [WARNING] PC_ID-10-003 - Start Programming session [DiagTestPi R05] -> FAIL - Unexpected response
2026-08-19 12:20:05,258 [DEBUG] Stopping CanStack
2026-08-19 12:20:05,260 [DEBUG] Main thread is exiting
2026-08-19 12:20:05,308 [DEBUG] CanStack Stopped
2026-08-19 12:20:05,311 [INFO] Connection closed
2026-08-19 12:20:05,315 [INFO] Running Test Case: TC_ID-19-694
2026-08-19 12:20:05,316 [DEBUG] Starting CanStack
2026-08-19 12:20:05,318 [DEBUG] Main thread has started
2026-08-19 12:20:05,319 [DEBUG] Relay thread has started
2026-08-19 12:20:05,320 [INFO] Connection opened
2026-08-19 12:20:05,322 [INFO] Switched to physical mode for TC: TC_ID-19-694 Step: PreCondition: PC_ID-10-001, PC_ID-10-003  Testcase:Read DTC with Programming session(19 02) [DiagTestPi R02]
2026-08-19 12:20:05,322 [INFO] TC_ID-19-694 - PreCondition: PC_ID-10-001, PC_ID-10-003  Testcase:Read DTC with Programming session(19 02) [DiagTestPi R02]: SID=0x19, Sub=0x02, Expected=[3, 127, 25, 17, 170, 170, 170, 170]
2026-08-19 12:20:05,390 [INFO] TC_ID-19-694 - PreCondition: PC_ID-10-001, PC_ID-10-003  Testcase:Read DTC with Programming session(19 02) [DiagTestPi R02]: Sending 190208
2026-08-19 12:20:05,391 [INFO] TC_ID-19-694 - PreCondition: PC_ID-10-001, PC_ID-10-003  Testcase:Read DTC with Programming session(19 02) [DiagTestPi R02]: Sending request 190208
2026-08-19 12:20:05,392 [DEBUG] Sending 3 bytes : [190208]
2026-08-19 12:20:05,393 [DEBUG] Enqueuing a SendRequest for 3 bytes and TAT=Physical
2026-08-19 12:20:05,395 [DEBUG] Tx: <716> (08) [ ]	 0319020800000000
2026-08-19 12:20:05,396 [DEBUG] We've been asked to write a message to the bus
2026-08-19 12:20:05,397 [DEBUG] sending: Timestamp:        0.000000    ID:      716    S Rx     F BS       DL:  8    03 19 02 08 00 00 00 00
2026-08-19 12:20:05,402 [INFO] Test end time: .6f(TC: TC_ID-19-694, step: PreCondition: PC_ID-10-001, PC_ID-10-003  Testcase:Read DTC with Programming session(19 02) [DiagTestPi R02])
2026-08-19 12:20:05,405 [DEBUG] Rx: <71E> (08) [p]	 037f1911aaaaaaaa
2026-08-19 12:20:05,411 [INFO] -----------------------------------------------TC_ID-19-694 PreCondition: PC_ID-10-001, PC_ID-10-003  Testcase:Read DTC with Programming session(19 02) [DiagTestPi R02] -> PASS-----------------------------------------------
2026-08-19 12:20:05,414 [DEBUG] Stopping CanStack
2026-08-19 12:20:05,415 [DEBUG] Main thread is exiting
2026-08-19 12:20:05,452 [DEBUG] CanStack Stopped
2026-08-19 12:20:05,453 [INFO] Connection closed
2026-08-19 12:20:05,454 [INFO] Running Test Case: PC_ID-10-001
2026-08-19 12:20:05,455 [DEBUG] Starting CanStack
2026-08-19 12:20:05,457 [DEBUG] Main thread has started
2026-08-19 12:20:05,458 [DEBUG] Relay thread has started
2026-08-19 12:20:05,461 [INFO] Connection opened
2026-08-19 12:20:05,462 [INFO] Switched to physical mode for TC: PC_ID-10-001 Step: Start Default session [DiagTestPi R12]
2026-08-19 12:20:05,463 [INFO] PC_ID-10-001 - Start Default session [DiagTestPi R12]: SID=0x10, Sub=0x01, Expected=[6, 80, 1, 0, 50, 1, 244, 170]
2026-08-19 12:20:05,519 [INFO] PC_ID-10-001 - Start Default session [DiagTestPi R12]: Sending 1001
2026-08-19 12:20:05,570 [INFO] PC_ID-10-001 - Start Default session [DiagTestPi R12]: Sending request 1001
2026-08-19 12:20:05,572 [DEBUG] Sending 2 bytes : [1001]
2026-08-19 12:20:05,574 [DEBUG] Enqueuing a SendRequest for 2 bytes and TAT=Physical
2026-08-19 12:20:05,575 [DEBUG] Tx: <716> (08) [ ]	 0210010000000000
2026-08-19 12:20:05,576 [DEBUG] We've been asked to write a message to the bus
2026-08-19 12:20:05,577 [DEBUG] sending: Timestamp:        0.000000    ID:      716    S Rx     F BS       DL:  8    02 10 01 00 00 00 00 00
2026-08-19 12:20:05,581 [INFO] Test end time: .6f(TC: PC_ID-10-001, step: Start Default session [DiagTestPi R12])
2026-08-19 12:20:05,583 [DEBUG] Rx: <71E> (08) [p]	 065001003201f4aa
2026-08-19 12:20:05,585 [INFO] PC_ID-10-001 - Received: 5001003201F4
2026-08-19 12:20:05,587 [WARNING] PC_ID-10-001 - Start Default session [DiagTestPi R12] -> FAIL - Unexpected response
2026-08-19 12:20:05,590 [DEBUG] Stopping CanStack
2026-08-19 12:20:05,595 [DEBUG] Main thread is exiting
2026-08-19 12:20:05,634 [DEBUG] CanStack Stopped
2026-08-19 12:20:05,635 [INFO] Connection closed
2026-08-19 12:20:05,636 [INFO] Running Test Case: PC_ID-10-003
2026-08-19 12:20:05,637 [DEBUG] Starting CanStack
2026-08-19 12:20:05,638 [DEBUG] Main thread has started
2026-08-19 12:20:05,639 [DEBUG] Relay thread has started
2026-08-19 12:20:05,641 [INFO] Connection opened
2026-08-19 12:20:05,643 [INFO] Switched to physical mode for TC: PC_ID-10-003 Step: Start Programming session [DiagTestPi R05]
2026-08-19 12:20:05,644 [INFO] PC_ID-10-003 - Start Programming session [DiagTestPi R05]: SID=0x10, Sub=0x02, Expected=[6, 80, 2, 0, 50, 1, 244, 170]
2026-08-19 12:20:05,701 [INFO] PC_ID-10-003 - Start Programming session [DiagTestPi R05]: Sending 1002
2026-08-19 12:20:05,751 [INFO] PC_ID-10-003 - Start Programming session [DiagTestPi R05]: Sending request 1002
2026-08-19 12:20:05,752 [DEBUG] Sending 2 bytes : [1002]
2026-08-19 12:20:05,753 [DEBUG] Enqueuing a SendRequest for 2 bytes and TAT=Physical
2026-08-19 12:20:05,754 [DEBUG] Tx: <716> (08) [ ]	 0210020000000000
2026-08-19 12:20:05,755 [DEBUG] We've been asked to write a message to the bus
2026-08-19 12:20:05,756 [DEBUG] sending: Timestamp:        0.000000    ID:      716    S Rx     F BS       DL:  8    02 10 02 00 00 00 00 00
2026-08-19 12:20:05,778 [DEBUG] Rx: <71E> (08) [p]	 037f1078aaaaaaaa
2026-08-19 12:20:05,924 [INFO] Test end time: .6f(TC: PC_ID-10-003, step: Start Programming session [DiagTestPi R05])
2026-08-19 12:20:05,927 [INFO] PC_ID-10-003 - Received: 5002003201F4
2026-08-19 12:20:05,928 [DEBUG] Rx: <71E> (08) [p]	 065002003201f4aa
2026-08-19 12:20:05,929 [WARNING] PC_ID-10-003 - Start Programming session [DiagTestPi R05] -> FAIL - Unexpected response
2026-08-19 12:20:05,931 [DEBUG] Stopping CanStack
2026-08-19 12:20:05,933 [DEBUG] Main thread is exiting
2026-08-19 12:20:05,980 [DEBUG] CanStack Stopped
2026-08-19 12:20:05,985 [INFO] Connection closed
2026-08-19 12:20:05,992 [INFO] Running Test Case: TC_ID-19-695
2026-08-19 12:20:05,993 [DEBUG] Starting CanStack
2026-08-19 12:20:05,995 [DEBUG] Main thread has started
2026-08-19 12:20:05,997 [DEBUG] Relay thread has started
2026-08-19 12:20:06,000 [INFO] Connection opened
2026-08-19 12:20:06,001 [INFO] Switched to physical mode for TC: TC_ID-19-695 Step: PreCondition: PC_ID-10-001, PC_ID-10-003  Testcase:Read DTC with Programming session(19 02) [DiagTestPi R02]
2026-08-19 12:20:06,002 [INFO] TC_ID-19-695 - PreCondition: PC_ID-10-001, PC_ID-10-003  Testcase:Read DTC with Programming session(19 02) [DiagTestPi R02]: SID=0x19, Sub=0x02, Expected=[3, 127, 25, 17, 170, 170, 170, 170]
2026-08-19 12:20:06,072 [INFO] TC_ID-19-695 - PreCondition: PC_ID-10-001, PC_ID-10-003  Testcase:Read DTC with Programming session(19 02) [DiagTestPi R02]: Sending 190201
2026-08-19 12:20:06,073 [INFO] TC_ID-19-695 - PreCondition: PC_ID-10-001, PC_ID-10-003  Testcase:Read DTC with Programming session(19 02) [DiagTestPi R02]: Sending request 190201
2026-08-19 12:20:06,074 [DEBUG] Sending 3 bytes : [190201]
2026-08-19 12:20:06,074 [DEBUG] Enqueuing a SendRequest for 3 bytes and TAT=Physical
2026-08-19 12:20:06,076 [DEBUG] Tx: <716> (08) [ ]	 0319020100000000
2026-08-19 12:20:06,077 [DEBUG] We've been asked to write a message to the bus
2026-08-19 12:20:06,077 [DEBUG] sending: Timestamp:        0.000000    ID:      716    S Rx     F BS       DL:  8    03 19 02 01 00 00 00 00
2026-08-19 12:20:06,081 [INFO] Test end time: .6f(TC: TC_ID-19-695, step: PreCondition: PC_ID-10-001, PC_ID-10-003  Testcase:Read DTC with Programming session(19 02) [DiagTestPi R02])
2026-08-19 12:20:06,085 [INFO] -----------------------------------------------TC_ID-19-695 PreCondition: PC_ID-10-001, PC_ID-10-003  Testcase:Read DTC with Programming session(19 02) [DiagTestPi R02] -> PASS-----------------------------------------------
2026-08-19 12:20:06,087 [DEBUG] Rx: <71E> (08) [p]	 037f1911aaaaaaaa
2026-08-19 12:20:06,090 [DEBUG] Stopping CanStack
2026-08-19 12:20:06,097 [DEBUG] Main thread is exiting
2026-08-19 12:20:06,134 [DEBUG] CanStack Stopped
2026-08-19 12:20:06,135 [INFO] Connection closed
2026-08-19 12:20:06,136 [INFO] Running Test Case: PC_ID-10-001
2026-08-19 12:20:06,137 [DEBUG] Starting CanStack
2026-08-19 12:20:06,138 [DEBUG] Main thread has started
2026-08-19 12:20:06,140 [DEBUG] Relay thread has started
2026-08-19 12:20:06,141 [INFO] Connection opened
2026-08-19 12:20:06,143 [INFO] Switched to physical mode for TC: PC_ID-10-001 Step: Start Default session [DiagTestPi R12]
2026-08-19 12:20:06,144 [INFO] PC_ID-10-001 - Start Default session [DiagTestPi R12]: SID=0x10, Sub=0x01, Expected=[6, 80, 1, 0, 50, 1, 244, 170]
2026-08-19 12:20:06,203 [INFO] PC_ID-10-001 - Start Default session [DiagTestPi R12]: Sending 1001
2026-08-19 12:20:06,252 [INFO] PC_ID-10-001 - Start Default session [DiagTestPi R12]: Sending request 1001
2026-08-19 12:20:06,253 [DEBUG] Sending 2 bytes : [1001]
2026-08-19 12:20:06,254 [DEBUG] Enqueuing a SendRequest for 2 bytes and TAT=Physical
2026-08-19 12:20:06,255 [DEBUG] Tx: <716> (08) [ ]	 0210010000000000
2026-08-19 12:20:06,255 [DEBUG] We've been asked to write a message to the bus
2026-08-19 12:20:06,256 [DEBUG] sending: Timestamp:        0.000000    ID:      716    S Rx     F BS       DL:  8    02 10 01 00 00 00 00 00
2026-08-19 12:20:06,258 [INFO] Test end time: .6f(TC: PC_ID-10-001, step: Start Default session [DiagTestPi R12])
2026-08-19 12:20:06,259 [DEBUG] Rx: <71E> (08) [p]	 065001003201f4aa
2026-08-19 12:20:06,261 [INFO] PC_ID-10-001 - Received: 5001003201F4
2026-08-19 12:20:06,262 [WARNING] PC_ID-10-001 - Start Default session [DiagTestPi R12] -> FAIL - Unexpected response
2026-08-19 12:20:06,263 [DEBUG] Stopping CanStack
2026-08-19 12:20:06,264 [DEBUG] Main thread is exiting
2026-08-19 12:20:06,311 [DEBUG] CanStack Stopped
2026-08-19 12:20:06,316 [INFO] Connection closed
2026-08-19 12:20:06,319 [INFO] Running Test Case: TC_ID-19-717
2026-08-19 12:20:06,321 [DEBUG] Starting CanStack
2026-08-19 12:20:06,323 [DEBUG] Main thread has started
2026-08-19 12:20:06,325 [DEBUG] Relay thread has started
2026-08-19 12:20:06,326 [INFO] Connection opened
2026-08-19 12:20:06,328 [INFO] Switched to physical mode for TC: TC_ID-19-717 Step: PreCondition: PC_ID-10-001  Testcase:Read DTC with Extended session(19 02) [DiagTestPi R02]
2026-08-19 12:20:06,330 [INFO] TC_ID-19-717 - PreCondition: PC_ID-10-001  Testcase:Read DTC with Extended session(19 02) [DiagTestPi R02]: SID=0x19, Sub=0x02, Expected=[7, 89, 2, 1, 178, 128, 0, 8]
2026-08-19 12:20:06,400 [INFO] TC_ID-19-717 - PreCondition: PC_ID-10-001  Testcase:Read DTC with Extended session(19 02) [DiagTestPi R02]: Sending 190201
2026-08-19 12:20:06,400 [INFO] TC_ID-19-717 - PreCondition: PC_ID-10-001  Testcase:Read DTC with Extended session(19 02) [DiagTestPi R02]: Sending request 190201
2026-08-19 12:20:06,401 [DEBUG] Sending 3 bytes : [190201]
2026-08-19 12:20:06,402 [DEBUG] Enqueuing a SendRequest for 3 bytes and TAT=Physical
2026-08-19 12:20:06,404 [DEBUG] Tx: <716> (08) [ ]	 0319020100000000
2026-08-19 12:20:06,405 [DEBUG] We've been asked to write a message to the bus
2026-08-19 12:20:06,406 [DEBUG] sending: Timestamp:        0.000000    ID:      716    S Rx     F BS       DL:  8    03 19 02 01 00 00 00 00
2026-08-19 12:20:06,422 [INFO] Test end time: .6f(TC: TC_ID-19-717, step: PreCondition: PC_ID-10-001  Testcase:Read DTC with Extended session(19 02) [DiagTestPi R02])
2026-08-19 12:20:06,425 [WARNING] -----------------------------------------------TC_ID-19-717 PreCondition: PC_ID-10-001  Testcase:Read DTC with Extended session(19 02) [DiagTestPi R02] -> FAIL - Expected [89, 2, 1, 178, 128, 0, 8], got [89, 2, 1]-----------------------------------------------
2026-08-19 12:20:06,426 [DEBUG] Rx: <71E> (08) [p]	 03590201aaaaaaaa
2026-08-19 12:20:06,427 [DEBUG] Stopping CanStack
2026-08-19 12:20:06,430 [DEBUG] Main thread is exiting
2026-08-19 12:20:06,476 [DEBUG] CanStack Stopped
2026-08-19 12:20:06,476 [INFO] Connection closed
2026-08-19 12:20:06,477 [INFO] Running Test Case: PC_ID-10-001
2026-08-19 12:20:06,478 [DEBUG] Starting CanStack
2026-08-19 12:20:06,479 [DEBUG] Main thread has started
2026-08-19 12:20:06,480 [DEBUG] Relay thread has started
2026-08-19 12:20:06,481 [INFO] Connection opened
2026-08-19 12:20:06,481 [INFO] Switched to physical mode for TC: PC_ID-10-001 Step: Start Default session [DiagTestPi R12]
2026-08-19 12:20:06,482 [INFO] PC_ID-10-001 - Start Default session [DiagTestPi R12]: SID=0x10, Sub=0x01, Expected=[6, 80, 1, 0, 50, 1, 244, 170]
2026-08-19 12:20:06,539 [INFO] PC_ID-10-001 - Start Default session [DiagTestPi R12]: Sending 1001
2026-08-19 12:20:06,589 [INFO] PC_ID-10-001 - Start Default session [DiagTestPi R12]: Sending request 1001
2026-08-19 12:20:06,590 [DEBUG] Sending 2 bytes : [1001]
2026-08-19 12:20:06,591 [DEBUG] Enqueuing a SendRequest for 2 bytes and TAT=Physical
2026-08-19 12:20:06,592 [DEBUG] Tx: <716> (08) [ ]	 0210010000000000
2026-08-19 12:20:06,593 [DEBUG] We've been asked to write a message to the bus
2026-08-19 12:20:06,593 [DEBUG] sending: Timestamp:        0.000000    ID:      716    S Rx     F BS       DL:  8    02 10 01 00 00 00 00 00
2026-08-19 12:20:06,615 [INFO] Test end time: .6f(TC: PC_ID-10-001, step: Start Default session [DiagTestPi R12])
2026-08-19 12:20:06,620 [DEBUG] Rx: <71E> (08) [p]	 065001003201f4aa
2026-08-19 12:20:06,620 [INFO] PC_ID-10-001 - Received: 5001003201F4
2026-08-19 12:20:06,622 [WARNING] PC_ID-10-001 - Start Default session [DiagTestPi R12] -> FAIL - Unexpected response
2026-08-19 12:20:06,624 [DEBUG] Stopping CanStack
2026-08-19 12:20:06,628 [DEBUG] Main thread is exiting
2026-08-19 12:20:06,670 [DEBUG] CanStack Stopped
2026-08-19 12:20:06,672 [INFO] Connection closed
2026-08-19 12:20:06,673 [INFO] Running Test Case: TC_ID-19-718
2026-08-19 12:20:06,674 [DEBUG] Starting CanStack
2026-08-19 12:20:06,676 [DEBUG] Main thread has started
2026-08-19 12:20:06,678 [DEBUG] Relay thread has started
2026-08-19 12:20:06,683 [INFO] Connection opened
2026-08-19 12:20:06,686 [INFO] Switched to physical mode for TC: TC_ID-19-718 Step: PreCondition: PC_ID-10-001  Testcase:Incorrect message length(19 02 08 01) [DiagTestPi R02]
2026-08-19 12:20:06,690 [INFO] TC_ID-19-718 - PreCondition: PC_ID-10-001  Testcase:Incorrect message length(19 02 08 01) [DiagTestPi R02]: SID=0x19, Sub=0x02, Expected=[3, 127, 25, 19, 170, 170, 170, 170]
2026-08-19 12:20:06,756 [INFO] TC_ID-19-718 - PreCondition: PC_ID-10-001  Testcase:Incorrect message length(19 02 08 01) [DiagTestPi R02]: Sending 19020801
2026-08-19 12:20:06,757 [INFO] TC_ID-19-718 - PreCondition: PC_ID-10-001  Testcase:Incorrect message length(19 02 08 01) [DiagTestPi R02]: Sending request 19020801
2026-08-19 12:20:06,757 [DEBUG] Sending 4 bytes : [19020801]
2026-08-19 12:20:06,758 [DEBUG] Enqueuing a SendRequest for 4 bytes and TAT=Physical
2026-08-19 12:20:06,759 [DEBUG] Tx: <716> (08) [ ]	 0419020801000000
2026-08-19 12:20:06,760 [DEBUG] We've been asked to write a message to the bus
2026-08-19 12:20:06,761 [DEBUG] sending: Timestamp:        0.000000    ID:      716    S Rx     F BS       DL:  8    04 19 02 08 01 00 00 00
2026-08-19 12:20:06,770 [INFO] Test end time: .6f(TC: TC_ID-19-718, step: PreCondition: PC_ID-10-001  Testcase:Incorrect message length(19 02 08 01) [DiagTestPi R02])
2026-08-19 12:20:06,773 [INFO] -----------------------------------------------TC_ID-19-718 PreCondition: PC_ID-10-001  Testcase:Incorrect message length(19 02 08 01) [DiagTestPi R02] -> PASS-----------------------------------------------
2026-08-19 12:20:06,774 [DEBUG] Rx: <71E> (08) [p]	 037f1913aaaaaaaa
2026-08-19 12:20:06,776 [DEBUG] Stopping CanStack
2026-08-19 12:20:06,782 [DEBUG] Main thread is exiting
2026-08-19 12:20:06,825 [DEBUG] CanStack Stopped
2026-08-19 12:20:06,826 [INFO] Connection closed
2026-08-19 12:20:06,826 [INFO] Running Test Case: PC_ID-10-001
2026-08-19 12:20:06,827 [DEBUG] Starting CanStack
2026-08-19 12:20:06,829 [DEBUG] Main thread has started
2026-08-19 12:20:06,830 [DEBUG] Relay thread has started
2026-08-19 12:20:06,833 [INFO] Connection opened
2026-08-19 12:20:06,834 [INFO] Switched to physical mode for TC: PC_ID-10-001 Step: Start Default session [DiagTestPi R12]
2026-08-19 12:20:06,835 [INFO] PC_ID-10-001 - Start Default session [DiagTestPi R12]: SID=0x10, Sub=0x01, Expected=[6, 80, 1, 0, 50, 1, 244, 170]
2026-08-19 12:20:06,898 [INFO] PC_ID-10-001 - Start Default session [DiagTestPi R12]: Sending 1001
2026-08-19 12:20:06,953 [INFO] PC_ID-10-001 - Start Default session [DiagTestPi R12]: Sending request 1001
2026-08-19 12:20:06,953 [DEBUG] Sending 2 bytes : [1001]
2026-08-19 12:20:06,954 [DEBUG] Enqueuing a SendRequest for 2 bytes and TAT=Physical
2026-08-19 12:20:06,955 [DEBUG] Tx: <716> (08) [ ]	 0210010000000000
2026-08-19 12:20:06,956 [DEBUG] We've been asked to write a message to the bus
2026-08-19 12:20:06,956 [DEBUG] sending: Timestamp:        0.000000    ID:      716    S Rx     F BS       DL:  8    02 10 01 00 00 00 00 00
2026-08-19 12:20:06,982 [DEBUG] Rx: <71E> (08) [p]	 065001003201f4aa
2026-08-19 12:20:06,984 [INFO] Test end time: .6f(TC: PC_ID-10-001, step: Start Default session [DiagTestPi R12])
2026-08-19 12:20:06,987 [INFO] PC_ID-10-001 - Received: 5001003201F4
2026-08-19 12:20:06,989 [WARNING] PC_ID-10-001 - Start Default session [DiagTestPi R12] -> FAIL - Unexpected response
2026-08-19 12:20:06,989 [DEBUG] Stopping CanStack
2026-08-19 12:20:06,991 [DEBUG] Main thread is exiting
2026-08-19 12:20:07,033 [DEBUG] CanStack Stopped
2026-08-19 12:20:07,034 [INFO] Connection closed
2026-08-19 12:20:07,035 [INFO] Running Test Case: TC_ID-22-653
2026-08-19 12:20:07,036 [DEBUG] Starting CanStack
2026-08-19 12:20:07,037 [DEBUG] Main thread has started
2026-08-19 12:20:07,038 [DEBUG] Relay thread has started
2026-08-19 12:20:07,041 [INFO] Connection opened
2026-08-19 12:20:07,042 [INFO] Switched to physical mode for TC: TC_ID-22-653 Step: PreCondition: PC_ID-10-001  Testcase:RX_SWIN_F1_EF_Read(Defaultsession) [DiagTestPi R02]
2026-08-19 12:20:07,043 [INFO] TC_ID-22-653 - PreCondition: PC_ID-10-001  Testcase:RX_SWIN_F1_EF_Read(Defaultsession) [DiagTestPi R02]: SID=0x22, Sub=0xF1EF, Expected=[16, 43, 98, 241, 239, 7, 22, 11, 82, 49, 48, 32, 65, 89, 49, 47, 49, 47, 48, 12, 82, 49, 53, 53, 32, 65, 89, 49, 47, 49, 47, 48, 12, 82, 49, 53, 54, 32, 65, 89, 49, 47, 49, 47, 48, 170, 170, 170, 170, 170]
2026-08-19 12:20:07,109 [INFO] TC_ID-22-653 - PreCondition: PC_ID-10-001  Testcase:RX_SWIN_F1_EF_Read(Defaultsession) [DiagTestPi R02]: Sending request 22F1EF
2026-08-19 12:20:07,110 [INFO] TC_ID-22-653 - PreCondition: PC_ID-10-001  Testcase:RX_SWIN_F1_EF_Read(Defaultsession) [DiagTestPi R02]: Sending request 22F1EF
2026-08-19 12:20:07,110 [DEBUG] Sending 3 bytes : [22f1ef]
2026-08-19 12:20:07,112 [DEBUG] Enqueuing a SendRequest for 3 bytes and TAT=Physical
2026-08-19 12:20:07,114 [DEBUG] Tx: <716> (08) [ ]	 0322f1ef00000000
2026-08-19 12:20:07,115 [DEBUG] We've been asked to write a message to the bus
2026-08-19 12:20:07,116 [DEBUG] sending: Timestamp:        0.000000    ID:      716    S Rx     F BS       DL:  8    03 22 f1 ef 00 00 00 00
2026-08-19 12:20:07,141 [DEBUG] We've been asked to write a message to the bus
2026-08-19 12:20:07,144 [DEBUG] sending: Timestamp:        0.000000    ID:      716    S Rx     F BS       DL:  8    30 08 64 00 00 00 00 00
2026-08-19 12:20:07,145 [DEBUG] Rx: <71E> (08) [p]	 102b62f1ef07160b
2026-08-19 12:20:07,148 [DEBUG] Tx: <716> (08) [ ]	 3008640000000000
2026-08-19 12:20:07,151 [DEBUG] We've been asked to write a message to the bus
2026-08-19 12:20:07,154 [DEBUG] sending: Timestamp:        0.000000    ID:      716    S Rx     F BS       DL:  8    30 08 64 00 00 00 00 00
2026-08-19 12:20:07,160 [DEBUG] TxState=IDLE - RxState=WAIT_CF
2026-08-19 12:20:07,164 [DEBUG] Rx: <71E> (08) [p]	 2152313020415931
2026-08-19 12:20:07,256 [DEBUG] Rx: <71E> (08) [p]	 222f312f300c5231
2026-08-19 12:20:07,361 [DEBUG] Rx: <71E> (08) [p]	 233535204159312f
2026-08-19 12:20:07,465 [DEBUG] Rx: <71E> (08) [p]	 24312f300c523135
2026-08-19 12:20:07,570 [DEBUG] Rx: <71E> (08) [p]	 2536204159312f31
2026-08-19 12:20:07,675 [INFO] Test end time: .6f(TC: TC_ID-22-653, step: PreCondition: PC_ID-10-001  Testcase:RX_SWIN_F1_EF_Read(Defaultsession) [DiagTestPi R02])
2026-08-19 12:20:07,676 [DEBUG] Rx: <71E> (08) [p]	 262f30aaaaaaaaaa
2026-08-19 12:20:07,728 [INFO] TC_ID-22-653 - Received: 62F1EF07160B523130204159312F312F300C52313535204159312F312F300C52313536204159312F312F30
2026-08-19 12:20:07,729 [DEBUG] TxState=IDLE - RxState=IDLE
2026-08-19 12:20:07,730 [WARNING] TC_ID-22-653 - PreCondition: PC_ID-10-001  Testcase:RX_SWIN_F1_EF_Read(Defaultsession) [DiagTestPi R02] -> ❌ FAIL - Expected 102B62F1EF07160B523130204159312F312F300C52313535204159312F312F300C52313536204159312F312F30AAAAAAAAAA
2026-08-19 12:20:07,736 [DEBUG] Stopping CanStack
2026-08-19 12:20:07,740 [DEBUG] Main thread is exiting
2026-08-19 12:20:07,779 [DEBUG] CanStack Stopped
2026-08-19 12:20:07,783 [INFO] Connection closed
2026-08-19 12:20:07,784 [INFO] Running Test Case: PC_ID-10-001
2026-08-19 12:20:07,785 [DEBUG] Starting CanStack
2026-08-19 12:20:07,786 [DEBUG] Main thread has started
2026-08-19 12:20:07,787 [DEBUG] Relay thread has started
2026-08-19 12:20:07,789 [INFO] Connection opened
2026-08-19 12:20:07,789 [INFO] Switched to physical mode for TC: PC_ID-10-001 Step: Start Default session [DiagTestPi R12]
2026-08-19 12:20:07,790 [INFO] PC_ID-10-001 - Start Default session [DiagTestPi R12]: SID=0x10, Sub=0x01, Expected=[6, 80, 1, 0, 50, 1, 244, 170]
2026-08-19 12:20:07,842 [INFO] PC_ID-10-001 - Start Default session [DiagTestPi R12]: Sending 1001
2026-08-19 12:20:07,891 [INFO] PC_ID-10-001 - Start Default session [DiagTestPi R12]: Sending request 1001
2026-08-19 12:20:07,892 [DEBUG] Sending 2 bytes : [1001]
2026-08-19 12:20:07,895 [DEBUG] Enqueuing a SendRequest for 2 bytes and TAT=Physical
2026-08-19 12:20:07,901 [DEBUG] Tx: <716> (08) [ ]	 0210010000000000
2026-08-19 12:20:07,904 [DEBUG] We've been asked to write a message to the bus
2026-08-19 12:20:07,905 [DEBUG] sending: Timestamp:        0.000000    ID:      716    S Rx     F BS       DL:  8    02 10 01 00 00 00 00 00
2026-08-19 12:20:07,921 [INFO] Test end time: .6f(TC: PC_ID-10-001, step: Start Default session [DiagTestPi R12])
2026-08-19 12:20:07,924 [INFO] PC_ID-10-001 - Received: 5001003201F4
2026-08-19 12:20:07,925 [DEBUG] Rx: <71E> (08) [p]	 065001003201f4aa
2026-08-19 12:20:07,926 [WARNING] PC_ID-10-001 - Start Default session [DiagTestPi R12] -> FAIL - Unexpected response
2026-08-19 12:20:07,932 [DEBUG] Stopping CanStack
2026-08-19 12:20:07,936 [DEBUG] Main thread is exiting
2026-08-19 12:20:07,975 [DEBUG] CanStack Stopped
2026-08-19 12:20:07,976 [INFO] Connection closed
2026-08-19 12:20:07,978 [INFO] Running Test Case: TC_ID-22-654
2026-08-19 12:20:07,979 [DEBUG] Starting CanStack
2026-08-19 12:20:07,982 [DEBUG] Main thread has started
2026-08-19 12:20:07,984 [DEBUG] Relay thread has started
2026-08-19 12:20:07,985 [INFO] Connection opened
2026-08-19 12:20:07,986 [INFO] Switched to physical mode for TC: TC_ID-22-654 Step: PreCondition: PC_ID-10-001  Testcase:B_CAN_Database_Version_F1_00_Read(Defaultsession) [DiagTestPi R02]
2026-08-19 12:20:07,987 [INFO] TC_ID-22-654 - PreCondition: PC_ID-10-001  Testcase:B_CAN_Database_Version_F1_00_Read(Defaultsession) [DiagTestPi R02]: SID=0x22, Sub=0xF100, Expected=[6, 98, 241, 0, 37, 8, 1, 170]
2026-08-19 12:20:08,053 [INFO] TC_ID-22-654 - PreCondition: PC_ID-10-001  Testcase:B_CAN_Database_Version_F1_00_Read(Defaultsession) [DiagTestPi R02]: Sending request 22F100
2026-08-19 12:20:08,054 [INFO] TC_ID-22-654 - PreCondition: PC_ID-10-001  Testcase:B_CAN_Database_Version_F1_00_Read(Defaultsession) [DiagTestPi R02]: Sending request 22F100
2026-08-19 12:20:08,055 [DEBUG] Sending 3 bytes : [22f100]
2026-08-19 12:20:08,056 [DEBUG] Enqueuing a SendRequest for 3 bytes and TAT=Physical
2026-08-19 12:20:08,058 [DEBUG] Tx: <716> (08) [ ]	 0322f10000000000
2026-08-19 12:20:08,059 [DEBUG] We've been asked to write a message to the bus
2026-08-19 12:20:08,060 [DEBUG] sending: Timestamp:        0.000000    ID:      716    S Rx     F BS       DL:  8    03 22 f1 00 00 00 00 00
2026-08-19 12:20:08,081 [INFO] Test end time: .6f(TC: TC_ID-22-654, step: PreCondition: PC_ID-10-001  Testcase:B_CAN_Database_Version_F1_00_Read(Defaultsession) [DiagTestPi R02])
2026-08-19 12:20:08,084 [DEBUG] Rx: <71E> (08) [p]	 0662f100250801aa
2026-08-19 12:20:08,133 [INFO] TC_ID-22-654 - Received: 62F100250801
2026-08-19 12:20:08,134 [WARNING] TC_ID-22-654 - PreCondition: PC_ID-10-001  Testcase:B_CAN_Database_Version_F1_00_Read(Defaultsession) [DiagTestPi R02] -> ❌ FAIL - Expected 0662F100250801AA
2026-08-19 12:20:08,135 [DEBUG] Stopping CanStack
2026-08-19 12:20:08,136 [DEBUG] Main thread is exiting
2026-08-19 12:20:08,184 [DEBUG] CanStack Stopped
2026-08-19 12:20:08,185 [INFO] Connection closed
2026-08-19 12:20:08,185 [INFO] Running Test Case: PC_ID-10-001
2026-08-19 12:20:08,186 [DEBUG] Starting CanStack
2026-08-19 12:20:08,187 [DEBUG] Main thread has started
2026-08-19 12:20:08,188 [DEBUG] Relay thread has started
2026-08-19 12:20:08,189 [INFO] Connection opened
2026-08-19 12:20:08,190 [INFO] Switched to physical mode for TC: PC_ID-10-001 Step: Start Default session [DiagTestPi R12]
2026-08-19 12:20:08,190 [INFO] PC_ID-10-001 - Start Default session [DiagTestPi R12]: SID=0x10, Sub=0x01, Expected=[6, 80, 1, 0, 50, 1, 244, 170]
2026-08-19 12:20:08,245 [INFO] PC_ID-10-001 - Start Default session [DiagTestPi R12]: Sending 1001
2026-08-19 12:20:08,294 [INFO] PC_ID-10-001 - Start Default session [DiagTestPi R12]: Sending request 1001
2026-08-19 12:20:08,295 [DEBUG] Sending 2 bytes : [1001]
2026-08-19 12:20:08,295 [DEBUG] Enqueuing a SendRequest for 2 bytes and TAT=Physical
2026-08-19 12:20:08,297 [DEBUG] Tx: <716> (08) [ ]	 0210010000000000
2026-08-19 12:20:08,297 [DEBUG] We've been asked to write a message to the bus
2026-08-19 12:20:08,298 [DEBUG] sending: Timestamp:        0.000000    ID:      716    S Rx     F BS       DL:  8    02 10 01 00 00 00 00 00
2026-08-19 12:20:08,324 [INFO] Test end time: .6f(TC: PC_ID-10-001, step: Start Default session [DiagTestPi R12])
2026-08-19 12:20:08,325 [INFO] PC_ID-10-001 - Received: 5001003201F4
2026-08-19 12:20:08,326 [DEBUG] Rx: <71E> (08) [p]	 065001003201f4aa
2026-08-19 12:20:08,327 [WARNING] PC_ID-10-001 - Start Default session [DiagTestPi R12] -> FAIL - Unexpected response
2026-08-19 12:20:08,328 [DEBUG] Stopping CanStack
2026-08-19 12:20:08,330 [DEBUG] Main thread is exiting
2026-08-19 12:20:08,376 [DEBUG] CanStack Stopped
2026-08-19 12:20:08,377 [INFO] Connection closed
2026-08-19 12:20:08,377 [INFO] Running Test Case: TC_ID-22-655
2026-08-19 12:20:08,378 [DEBUG] Starting CanStack
2026-08-19 12:20:08,379 [DEBUG] Main thread has started
2026-08-19 12:20:08,380 [DEBUG] Relay thread has started
2026-08-19 12:20:08,381 [INFO] Connection opened
2026-08-19 12:20:08,382 [INFO] Switched to physical mode for TC: TC_ID-22-655 Step: PreCondition: PC_ID-10-001  Testcase:Vehicle_Manufacturer_Spare_Part_Number_F1_87_Read(Defaultsession) [DiagTestPi R02]
2026-08-19 12:20:08,382 [INFO] TC_ID-22-655 - PreCondition: PC_ID-10-001  Testcase:Vehicle_Manufacturer_Spare_Part_Number_F1_87_Read(Defaultsession) [DiagTestPi R02]: SID=0x22, Sub=0xF187, Expected=[16, 13, 98, 241, 135, 57, 54, 53, 52, 48, 83, 66, 48, 48, 48]
2026-08-19 12:20:08,452 [INFO] TC_ID-22-655 - PreCondition: PC_ID-10-001  Testcase:Vehicle_Manufacturer_Spare_Part_Number_F1_87_Read(Defaultsession) [DiagTestPi R02]: Sending request 22F187
2026-08-19 12:20:08,453 [INFO] TC_ID-22-655 - PreCondition: PC_ID-10-001  Testcase:Vehicle_Manufacturer_Spare_Part_Number_F1_87_Read(Defaultsession) [DiagTestPi R02]: Sending request 22F187
2026-08-19 12:20:08,453 [DEBUG] Sending 3 bytes : [22f187]
2026-08-19 12:20:08,454 [DEBUG] Enqueuing a SendRequest for 3 bytes and TAT=Physical
2026-08-19 12:20:08,456 [DEBUG] Tx: <716> (08) [ ]	 0322f18700000000
2026-08-19 12:20:08,457 [DEBUG] We've been asked to write a message to the bus
2026-08-19 12:20:08,458 [DEBUG] sending: Timestamp:        0.000000    ID:      716    S Rx     F BS       DL:  8    03 22 f1 87 00 00 00 00
2026-08-19 12:20:08,482 [DEBUG] We've been asked to write a message to the bus
2026-08-19 12:20:08,483 [DEBUG] Rx: <71E> (08) [p]	 100d62f187393635
2026-08-19 12:20:08,484 [DEBUG] sending: Timestamp:        0.000000    ID:      716    S Rx     F BS       DL:  8    30 08 64 00 00 00 00 00
2026-08-19 12:20:08,486 [DEBUG] Tx: <716> (08) [ ]	 3008640000000000
2026-08-19 12:20:08,487 [DEBUG] We've been asked to write a message to the bus
2026-08-19 12:20:08,488 [DEBUG] sending: Timestamp:        0.000000    ID:      716    S Rx     F BS       DL:  8    30 08 64 00 00 00 00 00
2026-08-19 12:20:08,493 [INFO] Test end time: .6f(TC: TC_ID-22-655, step: PreCondition: PC_ID-10-001  Testcase:Vehicle_Manufacturer_Spare_Part_Number_F1_87_Read(Defaultsession) [DiagTestPi R02])
2026-08-19 12:20:08,494 [DEBUG] TxState=IDLE - RxState=WAIT_CF
2026-08-19 12:20:08,497 [DEBUG] Rx: <71E> (08) [p]	 2134305342303030
2026-08-19 12:20:08,545 [INFO] TC_ID-22-655 - Received: 62F18739363534305342303030
2026-08-19 12:20:08,549 [WARNING] TC_ID-22-655 - PreCondition: PC_ID-10-001  Testcase:Vehicle_Manufacturer_Spare_Part_Number_F1_87_Read(Defaultsession) [DiagTestPi R02] -> ❌ FAIL - Expected 100D62F18739363534305342303030
2026-08-19 12:20:08,550 [DEBUG] TxState=IDLE - RxState=IDLE
2026-08-19 12:20:08,550 [DEBUG] Stopping CanStack
2026-08-19 12:20:08,552 [DEBUG] Main thread is exiting
2026-08-19 12:20:08,593 [DEBUG] CanStack Stopped
2026-08-19 12:20:08,594 [INFO] Connection closed
2026-08-19 12:20:08,595 [INFO] Running Test Case: PC_ID-10-001
2026-08-19 12:20:08,596 [DEBUG] Starting CanStack
2026-08-19 12:20:08,598 [DEBUG] Main thread has started
2026-08-19 12:20:08,599 [DEBUG] Relay thread has started
2026-08-19 12:20:08,601 [INFO] Connection opened
2026-08-19 12:20:08,602 [INFO] Switched to physical mode for TC: PC_ID-10-001 Step: Start Default session [DiagTestPi R12]
2026-08-19 12:20:08,604 [INFO] PC_ID-10-001 - Start Default session [DiagTestPi R12]: SID=0x10, Sub=0x01, Expected=[6, 80, 1, 0, 50, 1, 244, 170]
2026-08-19 12:20:08,660 [INFO] PC_ID-10-001 - Start Default session [DiagTestPi R12]: Sending 1001
2026-08-19 12:20:08,708 [INFO] PC_ID-10-001 - Start Default session [DiagTestPi R12]: Sending request 1001
2026-08-19 12:20:08,709 [DEBUG] Sending 2 bytes : [1001]
2026-08-19 12:20:08,710 [DEBUG] Enqueuing a SendRequest for 2 bytes and TAT=Physical
2026-08-19 12:20:08,711 [DEBUG] Tx: <716> (08) [ ]	 0210010000000000
2026-08-19 12:20:08,711 [DEBUG] We've been asked to write a message to the bus
2026-08-19 12:20:08,712 [DEBUG] sending: Timestamp:        0.000000    ID:      716    S Rx     F BS       DL:  8    02 10 01 00 00 00 00 00
2026-08-19 12:20:08,731 [INFO] Test end time: .6f(TC: PC_ID-10-001, step: Start Default session [DiagTestPi R12])
2026-08-19 12:20:08,739 [INFO] PC_ID-10-001 - Received: 5001003201F4
2026-08-19 12:20:08,741 [DEBUG] Rx: <71E> (08) [p]	 065001003201f4aa
2026-08-19 12:20:08,743 [WARNING] PC_ID-10-001 - Start Default session [DiagTestPi R12] -> FAIL - Unexpected response
2026-08-19 12:20:08,744 [DEBUG] Stopping CanStack
2026-08-19 12:20:08,745 [DEBUG] Main thread is exiting
2026-08-19 12:20:08,788 [DEBUG] CanStack Stopped
2026-08-19 12:20:08,789 [INFO] Connection closed
2026-08-19 12:20:08,789 [INFO] Running Test Case: TC_ID-22-656
2026-08-19 12:20:08,790 [DEBUG] Starting CanStack
2026-08-19 12:20:08,791 [DEBUG] Main thread has started
2026-08-19 12:20:08,792 [DEBUG] Relay thread has started
2026-08-19 12:20:08,794 [INFO] Connection opened
2026-08-19 12:20:08,794 [INFO] Switched to physical mode for TC: TC_ID-22-656 Step: PreCondition: PC_ID-10-001  Testcase:Manufacturing_F1_8B_Read(Defaultsession) [DiagTestPi R02]
2026-08-19 12:20:08,795 [INFO] TC_ID-22-656 - PreCondition: PC_ID-10-001  Testcase:Manufacturing_F1_8B_Read(Defaultsession) [DiagTestPi R02]: SID=0x22, Sub=0xF18B, Expected=[7, 98, 241, 139, 0, 0, 0, 0]
2026-08-19 12:20:08,859 [INFO] TC_ID-22-656 - PreCondition: PC_ID-10-001  Testcase:Manufacturing_F1_8B_Read(Defaultsession) [DiagTestPi R02]: Sending request 22F18B
2026-08-19 12:20:08,860 [INFO] TC_ID-22-656 - PreCondition: PC_ID-10-001  Testcase:Manufacturing_F1_8B_Read(Defaultsession) [DiagTestPi R02]: Sending request 22F18B
2026-08-19 12:20:08,861 [DEBUG] Sending 3 bytes : [22f18b]
2026-08-19 12:20:08,862 [DEBUG] Enqueuing a SendRequest for 3 bytes and TAT=Physical
2026-08-19 12:20:08,864 [DEBUG] Tx: <716> (08) [ ]	 0322f18b00000000
2026-08-19 12:20:08,865 [DEBUG] We've been asked to write a message to the bus
2026-08-19 12:20:08,866 [DEBUG] sending: Timestamp:        0.000000    ID:      716    S Rx     F BS       DL:  8    03 22 f1 8b 00 00 00 00
2026-08-19 12:20:08,891 [DEBUG] Rx: <71E> (08) [p]	 0762f18b00000000
2026-08-19 12:20:08,893 [INFO] Test end time: .6f(TC: TC_ID-22-656, step: PreCondition: PC_ID-10-001  Testcase:Manufacturing_F1_8B_Read(Defaultsession) [DiagTestPi R02])
2026-08-19 12:20:08,945 [INFO] TC_ID-22-656 - Received: 62F18B00000000
2026-08-19 12:20:08,949 [WARNING] TC_ID-22-656 - PreCondition: PC_ID-10-001  Testcase:Manufacturing_F1_8B_Read(Defaultsession) [DiagTestPi R02] -> ❌ FAIL - Expected 0762F18B00000000
2026-08-19 12:20:08,952 [DEBUG] Stopping CanStack
2026-08-19 12:20:08,953 [DEBUG] Main thread is exiting
2026-08-19 12:20:08,992 [DEBUG] CanStack Stopped
2026-08-19 12:20:08,993 [INFO] Connection closed
2026-08-19 12:20:08,994 [INFO] Running Test Case: PC_ID-10-001
2026-08-19 12:20:08,995 [DEBUG] Starting CanStack
2026-08-19 12:20:08,996 [DEBUG] Main thread has started
2026-08-19 12:20:08,997 [DEBUG] Relay thread has started
2026-08-19 12:20:08,999 [INFO] Connection opened
2026-08-19 12:20:09,000 [INFO] Switched to physical mode for TC: PC_ID-10-001 Step: Start Default session [DiagTestPi R12]
2026-08-19 12:20:09,001 [INFO] PC_ID-10-001 - Start Default session [DiagTestPi R12]: SID=0x10, Sub=0x01, Expected=[6, 80, 1, 0, 50, 1, 244, 170]
2026-08-19 12:20:09,058 [INFO] PC_ID-10-001 - Start Default session [DiagTestPi R12]: Sending 1001
2026-08-19 12:20:09,107 [INFO] PC_ID-10-001 - Start Default session [DiagTestPi R12]: Sending request 1001
2026-08-19 12:20:09,108 [DEBUG] Sending 2 bytes : [1001]
2026-08-19 12:20:09,109 [DEBUG] Enqueuing a SendRequest for 2 bytes and TAT=Physical
2026-08-19 12:20:09,110 [DEBUG] Tx: <716> (08) [ ]	 0210010000000000
2026-08-19 12:20:09,110 [DEBUG] We've been asked to write a message to the bus
2026-08-19 12:20:09,111 [DEBUG] sending: Timestamp:        0.000000    ID:      716    S Rx     F BS       DL:  8    02 10 01 00 00 00 00 00
2026-08-19 12:20:09,135 [INFO] Test end time: .6f(TC: PC_ID-10-001, step: Start Default session [DiagTestPi R12])
2026-08-19 12:20:09,138 [INFO] PC_ID-10-001 - Received: 5001003201F4
2026-08-19 12:20:09,139 [DEBUG] Rx: <71E> (08) [p]	 065001003201f4aa
2026-08-19 12:20:09,140 [WARNING] PC_ID-10-001 - Start Default session [DiagTestPi R12] -> FAIL - Unexpected response
2026-08-19 12:20:09,141 [DEBUG] Stopping CanStack
2026-08-19 12:20:09,142 [DEBUG] Main thread is exiting
2026-08-19 12:20:09,189 [DEBUG] CanStack Stopped
2026-08-19 12:20:09,189 [INFO] Connection closed
2026-08-19 12:20:09,190 [INFO] Running Test Case: TC_ID-22-657
2026-08-19 12:20:09,191 [DEBUG] Starting CanStack
2026-08-19 12:20:09,192 [DEBUG] Main thread has started
2026-08-19 12:20:09,193 [DEBUG] Relay thread has started
2026-08-19 12:20:09,194 [INFO] Connection opened
2026-08-19 12:20:09,194 [INFO] Switched to physical mode for TC: TC_ID-22-657 Step: PreCondition: PC_ID-10-001  Testcase:ECU_Serial_Number_F1_8C_Read(Defaultsession) [DiagTestPi R02]
2026-08-19 12:20:09,195 [INFO] TC_ID-22-657 - PreCondition: PC_ID-10-001  Testcase:ECU_Serial_Number_F1_8C_Read(Defaultsession) [DiagTestPi R02]: SID=0x22, Sub=0xF18C, Expected=[16, 35, 98, 241, 140, 48, 48, 48, 48, 48, 48, 48, 48, 51, 49, 32, 32, 32, 32, 32, 32, 32, 32, 32, 32, 32, 32, 32, 32, 32, 32, 32, 32, 32, 32, 32, 32, 170, 170, 170, 170, 170, 170]
2026-08-19 12:20:09,262 [INFO] TC_ID-22-657 - PreCondition: PC_ID-10-001  Testcase:ECU_Serial_Number_F1_8C_Read(Defaultsession) [DiagTestPi R02]: Sending request 22F18C
2026-08-19 12:20:09,263 [INFO] TC_ID-22-657 - PreCondition: PC_ID-10-001  Testcase:ECU_Serial_Number_F1_8C_Read(Defaultsession) [DiagTestPi R02]: Sending request 22F18C
2026-08-19 12:20:09,265 [DEBUG] Sending 3 bytes : [22f18c]
2026-08-19 12:20:09,266 [DEBUG] Enqueuing a SendRequest for 3 bytes and TAT=Physical
2026-08-19 12:20:09,269 [DEBUG] Tx: <716> (08) [ ]	 0322f18c00000000
2026-08-19 12:20:09,270 [DEBUG] We've been asked to write a message to the bus
2026-08-19 12:20:09,271 [DEBUG] sending: Timestamp:        0.000000    ID:      716    S Rx     F BS       DL:  8    03 22 f1 8c 00 00 00 00
2026-08-19 12:20:09,292 [DEBUG] We've been asked to write a message to the bus
2026-08-19 12:20:09,294 [DEBUG] sending: Timestamp:        0.000000    ID:      716    S Rx     F BS       DL:  8    30 08 64 00 00 00 00 00
2026-08-19 12:20:09,297 [DEBUG] Rx: <71E> (08) [p]	 102362f18c303030
2026-08-19 12:20:09,310 [DEBUG] Tx: <716> (08) [ ]	 3008640000000000
2026-08-19 12:20:09,311 [DEBUG] We've been asked to write a message to the bus
2026-08-19 12:20:09,315 [DEBUG] sending: Timestamp:        0.000000    ID:      716    S Rx     F BS       DL:  8    30 08 64 00 00 00 00 00
2026-08-19 12:20:09,322 [DEBUG] TxState=IDLE - RxState=WAIT_CF
2026-08-19 12:20:09,325 [DEBUG] Rx: <71E> (08) [p]	 2130303030303331
2026-08-19 12:20:09,407 [DEBUG] Rx: <71E> (08) [p]	 2220202020202020
2026-08-19 12:20:09,511 [DEBUG] Rx: <71E> (08) [p]	 2320202020202020
2026-08-19 12:20:09,616 [DEBUG] Rx: <71E> (08) [p]	 2420202020202020
2026-08-19 12:20:09,721 [DEBUG] Rx: <71E> (08) [p]	 2520aaaaaaaaaaaa
2026-08-19 12:20:09,722 [INFO] Test end time: .6f(TC: TC_ID-22-657, step: PreCondition: PC_ID-10-001  Testcase:ECU_Serial_Number_F1_8C_Read(Defaultsession) [DiagTestPi R02])
2026-08-19 12:20:09,773 [DEBUG] TxState=IDLE - RxState=IDLE
2026-08-19 12:20:09,774 [INFO] TC_ID-22-657 - Received: 62F18C3030303030303030333120202020202020202020202020202020202020202020
2026-08-19 12:20:09,776 [WARNING] TC_ID-22-657 - PreCondition: PC_ID-10-001  Testcase:ECU_Serial_Number_F1_8C_Read(Defaultsession) [DiagTestPi R02] -> ❌ FAIL - Expected 102362F18C3030303030303030333120202020202020202020202020202020202020202020AAAAAAAAAAAA
2026-08-19 12:20:09,780 [DEBUG] Stopping CanStack
2026-08-19 12:20:09,784 [DEBUG] Main thread is exiting
2026-08-19 12:20:09,823 [DEBUG] CanStack Stopped
2026-08-19 12:20:09,826 [INFO] Connection closed
2026-08-19 12:20:09,829 [INFO] Running Test Case: PC_ID-10-001
2026-08-19 12:20:09,830 [DEBUG] Starting CanStack
2026-08-19 12:20:09,832 [DEBUG] Main thread has started
2026-08-19 12:20:09,833 [DEBUG] Relay thread has started
2026-08-19 12:20:09,834 [INFO] Connection opened
2026-08-19 12:20:09,835 [INFO] Switched to physical mode for TC: PC_ID-10-001 Step: Start Default session [DiagTestPi R12]
2026-08-19 12:20:09,836 [INFO] PC_ID-10-001 - Start Default session [DiagTestPi R12]: SID=0x10, Sub=0x01, Expected=[6, 80, 1, 0, 50, 1, 244, 170]
2026-08-19 12:20:09,893 [INFO] PC_ID-10-001 - Start Default session [DiagTestPi R12]: Sending 1001
2026-08-19 12:20:09,942 [INFO] PC_ID-10-001 - Start Default session [DiagTestPi R12]: Sending request 1001
2026-08-19 12:20:09,943 [DEBUG] Sending 2 bytes : [1001]
2026-08-19 12:20:09,943 [DEBUG] Enqueuing a SendRequest for 2 bytes and TAT=Physical
2026-08-19 12:20:09,945 [DEBUG] Tx: <716> (08) [ ]	 0210010000000000
2026-08-19 12:20:09,945 [DEBUG] We've been asked to write a message to the bus
2026-08-19 12:20:09,946 [DEBUG] sending: Timestamp:        0.000000    ID:      716    S Rx     F BS       DL:  8    02 10 01 00 00 00 00 00
2026-08-19 12:20:09,962 [INFO] Test end time: .6f(TC: PC_ID-10-001, step: Start Default session [DiagTestPi R12])
2026-08-19 12:20:09,964 [DEBUG] Rx: <71E> (08) [p]	 065001003201f4aa
2026-08-19 12:20:09,966 [INFO] PC_ID-10-001 - Received: 5001003201F4
2026-08-19 12:20:09,972 [WARNING] PC_ID-10-001 - Start Default session [DiagTestPi R12] -> FAIL - Unexpected response
2026-08-19 12:20:09,977 [DEBUG] Stopping CanStack
2026-08-19 12:20:09,978 [DEBUG] Main thread is exiting
2026-08-19 12:20:10,014 [DEBUG] CanStack Stopped
2026-08-19 12:20:10,017 [INFO] Connection closed
2026-08-19 12:20:10,020 [INFO] Running Test Case: TC_ID-22-658
2026-08-19 12:20:10,021 [DEBUG] Starting CanStack
2026-08-19 12:20:10,022 [DEBUG] Main thread has started
2026-08-19 12:20:10,023 [DEBUG] Relay thread has started
2026-08-19 12:20:10,025 [INFO] Connection opened
2026-08-19 12:20:10,026 [INFO] Switched to physical mode for TC: TC_ID-22-658 Step: PreCondition: PC_ID-10-001  Testcase:Vehicle_Manufacturer_ECU_HW_Number_F1_91_Read(Defaultsession) [DiagTestPi R02]
2026-08-19 12:20:10,027 [INFO] TC_ID-22-658 - PreCondition: PC_ID-10-001  Testcase:Vehicle_Manufacturer_ECU_HW_Number_F1_91_Read(Defaultsession) [DiagTestPi R02]: SID=0x22, Sub=0xF191, Expected=[16, 8, 98, 241, 145, 48, 49, 46, 48, 48, 170, 170, 170, 170, 170]
2026-08-19 12:20:10,097 [INFO] TC_ID-22-658 - PreCondition: PC_ID-10-001  Testcase:Vehicle_Manufacturer_ECU_HW_Number_F1_91_Read(Defaultsession) [DiagTestPi R02]: Sending request 22F191
2026-08-19 12:20:10,098 [INFO] TC_ID-22-658 - PreCondition: PC_ID-10-001  Testcase:Vehicle_Manufacturer_ECU_HW_Number_F1_91_Read(Defaultsession) [DiagTestPi R02]: Sending request 22F191
2026-08-19 12:20:10,099 [DEBUG] Sending 3 bytes : [22f191]
2026-08-19 12:20:10,100 [DEBUG] Enqueuing a SendRequest for 3 bytes and TAT=Physical
2026-08-19 12:20:10,102 [DEBUG] Tx: <716> (08) [ ]	 0322f19100000000
2026-08-19 12:20:10,103 [DEBUG] We've been asked to write a message to the bus
2026-08-19 12:20:10,104 [DEBUG] sending: Timestamp:        0.000000    ID:      716    S Rx     F BS       DL:  8    03 22 f1 91 00 00 00 00
2026-08-19 12:20:10,121 [DEBUG] We've been asked to write a message to the bus
2026-08-19 12:20:10,124 [DEBUG] Rx: <71E> (08) [p]	 100862f19130312e
2026-08-19 12:20:10,125 [DEBUG] sending: Timestamp:        0.000000    ID:      716    S Rx     F BS       DL:  8    30 08 64 00 00 00 00 00
2026-08-19 12:20:10,126 [DEBUG] Tx: <716> (08) [ ]	 3008640000000000
2026-08-19 12:20:10,129 [DEBUG] We've been asked to write a message to the bus
2026-08-19 12:20:10,132 [INFO] Test end time: .6f(TC: TC_ID-22-658, step: PreCondition: PC_ID-10-001  Testcase:Vehicle_Manufacturer_ECU_HW_Number_F1_91_Read(Defaultsession) [DiagTestPi R02])
2026-08-19 12:20:10,133 [DEBUG] sending: Timestamp:        0.000000    ID:      716    S Rx     F BS       DL:  8    30 08 64 00 00 00 00 00
2026-08-19 12:20:10,136 [DEBUG] TxState=IDLE - RxState=WAIT_CF
2026-08-19 12:20:10,139 [DEBUG] Rx: <71E> (08) [p]	 213030aaaaaaaaaa
2026-08-19 12:20:10,186 [INFO] TC_ID-22-658 - Received: 62F19130312E3030
2026-08-19 12:20:10,188 [WARNING] TC_ID-22-658 - PreCondition: PC_ID-10-001  Testcase:Vehicle_Manufacturer_ECU_HW_Number_F1_91_Read(Defaultsession) [DiagTestPi R02] -> ❌ FAIL - Expected 100862F19130312E3030AAAAAAAAAA
2026-08-19 12:20:10,189 [DEBUG] Stopping CanStack
2026-08-19 12:20:10,192 [DEBUG] TxState=IDLE - RxState=IDLE
2026-08-19 12:20:10,195 [DEBUG] Main thread is exiting
2026-08-19 12:20:10,235 [DEBUG] CanStack Stopped
2026-08-19 12:20:10,236 [INFO] Connection closed
2026-08-19 12:20:10,237 [INFO] Running Test Case: PC_ID-10-001
2026-08-19 12:20:10,239 [DEBUG] Starting CanStack
2026-08-19 12:20:10,241 [DEBUG] Main thread has started
2026-08-19 12:20:10,242 [DEBUG] Relay thread has started
2026-08-19 12:20:10,247 [INFO] Connection opened
2026-08-19 12:20:10,250 [INFO] Switched to physical mode for TC: PC_ID-10-001 Step: Start Default session [DiagTestPi R12]
2026-08-19 12:20:10,254 [INFO] PC_ID-10-001 - Start Default session [DiagTestPi R12]: SID=0x10, Sub=0x01, Expected=[6, 80, 1, 0, 50, 1, 244, 170]
2026-08-19 12:20:10,308 [INFO] PC_ID-10-001 - Start Default session [DiagTestPi R12]: Sending 1001
2026-08-19 12:20:10,359 [INFO] PC_ID-10-001 - Start Default session [DiagTestPi R12]: Sending request 1001
2026-08-19 12:20:10,360 [DEBUG] Sending 2 bytes : [1001]
2026-08-19 12:20:10,361 [DEBUG] Enqueuing a SendRequest for 2 bytes and TAT=Physical
2026-08-19 12:20:10,362 [DEBUG] Tx: <716> (08) [ ]	 0210010000000000
2026-08-19 12:20:10,363 [DEBUG] We've been asked to write a message to the bus
2026-08-19 12:20:10,363 [DEBUG] sending: Timestamp:        0.000000    ID:      716    S Rx     F BS       DL:  8    02 10 01 00 00 00 00 00
2026-08-19 12:20:10,383 [INFO] Test end time: .6f(TC: PC_ID-10-001, step: Start Default session [DiagTestPi R12])
2026-08-19 12:20:10,388 [INFO] PC_ID-10-001 - Received: 5001003201F4
2026-08-19 12:20:10,391 [DEBUG] Rx: <71E> (08) [p]	 065001003201f4aa
2026-08-19 12:20:10,392 [WARNING] PC_ID-10-001 - Start Default session [DiagTestPi R12] -> FAIL - Unexpected response
2026-08-19 12:20:10,394 [DEBUG] Stopping CanStack
2026-08-19 12:20:10,395 [DEBUG] Main thread is exiting
2026-08-19 12:20:10,442 [DEBUG] CanStack Stopped
2026-08-19 12:20:10,443 [INFO] Connection closed
2026-08-19 12:20:10,443 [INFO] Running Test Case: TC_ID-22-659
2026-08-19 12:20:10,444 [DEBUG] Starting CanStack
2026-08-19 12:20:10,445 [DEBUG] Main thread has started
2026-08-19 12:20:10,446 [DEBUG] Relay thread has started
2026-08-19 12:20:10,447 [INFO] Connection opened
2026-08-19 12:20:10,448 [INFO] Switched to physical mode for TC: TC_ID-22-659 Step: PreCondition: PC_ID-10-001  Testcase:HardwareVersionNumber_F1_93_Read(Defaultsession) [DiagTestPi R02]
2026-08-19 12:20:10,448 [INFO] TC_ID-22-659 - PreCondition: PC_ID-10-001  Testcase:HardwareVersionNumber_F1_93_Read(Defaultsession) [DiagTestPi R02]: SID=0x22, Sub=0xF193, Expected=[16, 8, 98, 241, 147, 48, 49, 46, 48, 48, 170, 170, 170, 170, 170]
2026-08-19 12:20:10,515 [INFO] TC_ID-22-659 - PreCondition: PC_ID-10-001  Testcase:HardwareVersionNumber_F1_93_Read(Defaultsession) [DiagTestPi R02]: Sending request 22F193
2026-08-19 12:20:10,516 [INFO] TC_ID-22-659 - PreCondition: PC_ID-10-001  Testcase:HardwareVersionNumber_F1_93_Read(Defaultsession) [DiagTestPi R02]: Sending request 22F193
2026-08-19 12:20:10,516 [DEBUG] Sending 3 bytes : [22f193]
2026-08-19 12:20:10,517 [DEBUG] Enqueuing a SendRequest for 3 bytes and TAT=Physical
2026-08-19 12:20:10,519 [DEBUG] Tx: <716> (08) [ ]	 0322f19300000000
2026-08-19 12:20:10,521 [DEBUG] We've been asked to write a message to the bus
2026-08-19 12:20:10,521 [DEBUG] sending: Timestamp:        0.000000    ID:      716    S Rx     F BS       DL:  8    03 22 f1 93 00 00 00 00
2026-08-19 12:20:10,542 [DEBUG] Rx: <71E> (08) [p]	 100862f19330312e
2026-08-19 12:20:10,543 [DEBUG] We've been asked to write a message to the bus
2026-08-19 12:20:10,545 [DEBUG] Tx: <716> (08) [ ]	 3008640000000000
2026-08-19 12:20:10,546 [DEBUG] sending: Timestamp:        0.000000    ID:      716    S Rx     F BS       DL:  8    30 08 64 00 00 00 00 00
2026-08-19 12:20:10,548 [DEBUG] We've been asked to write a message to the bus
2026-08-19 12:20:10,549 [DEBUG] sending: Timestamp:        0.000000    ID:      716    S Rx     F BS       DL:  8    30 08 64 00 00 00 00 00
2026-08-19 12:20:10,552 [INFO] Test end time: .6f(TC: TC_ID-22-659, step: PreCondition: PC_ID-10-001  Testcase:HardwareVersionNumber_F1_93_Read(Defaultsession) [DiagTestPi R02])
2026-08-19 12:20:10,554 [DEBUG] TxState=IDLE - RxState=WAIT_CF
2026-08-19 12:20:10,557 [DEBUG] Rx: <71E> (08) [p]	 213030aaaaaaaaaa
2026-08-19 12:20:10,605 [INFO] TC_ID-22-659 - Received: 62F19330312E3030
2026-08-19 12:20:10,609 [WARNING] TC_ID-22-659 - PreCondition: PC_ID-10-001  Testcase:HardwareVersionNumber_F1_93_Read(Defaultsession) [DiagTestPi R02] -> ❌ FAIL - Expected 100862F19330312E3030AAAAAAAAAA
2026-08-19 12:20:10,613 [DEBUG] TxState=IDLE - RxState=IDLE
2026-08-19 12:20:10,614 [DEBUG] Stopping CanStack
2026-08-19 12:20:10,616 [DEBUG] Main thread is exiting
2026-08-19 12:20:10,658 [DEBUG] CanStack Stopped
2026-08-19 12:20:10,659 [INFO] Connection closed
2026-08-19 12:20:10,660 [INFO] Running Test Case: PC_ID-10-001
2026-08-19 12:20:10,661 [DEBUG] Starting CanStack
2026-08-19 12:20:10,662 [DEBUG] Main thread has started
2026-08-19 12:20:10,664 [DEBUG] Relay thread has started
2026-08-19 12:20:10,666 [INFO] Connection opened
2026-08-19 12:20:10,668 [INFO] Switched to physical mode for TC: PC_ID-10-001 Step: Start Default session [DiagTestPi R12]
2026-08-19 12:20:10,669 [INFO] PC_ID-10-001 - Start Default session [DiagTestPi R12]: SID=0x10, Sub=0x01, Expected=[6, 80, 1, 0, 50, 1, 244, 170]
2026-08-19 12:20:10,724 [INFO] PC_ID-10-001 - Start Default session [DiagTestPi R12]: Sending 1001
2026-08-19 12:20:10,775 [INFO] PC_ID-10-001 - Start Default session [DiagTestPi R12]: Sending request 1001
2026-08-19 12:20:10,779 [DEBUG] Sending 2 bytes : [1001]
2026-08-19 12:20:10,781 [DEBUG] Enqueuing a SendRequest for 2 bytes and TAT=Physical
2026-08-19 12:20:10,782 [DEBUG] Tx: <716> (08) [ ]	 0210010000000000
2026-08-19 12:20:10,784 [DEBUG] We've been asked to write a message to the bus
2026-08-19 12:20:10,784 [DEBUG] sending: Timestamp:        0.000000    ID:      716    S Rx     F BS       DL:  8    02 10 01 00 00 00 00 00
2026-08-19 12:20:10,803 [INFO] Test end time: .6f(TC: PC_ID-10-001, step: Start Default session [DiagTestPi R12])
2026-08-19 12:20:10,804 [DEBUG] Rx: <71E> (08) [p]	 065001003201f4aa
2026-08-19 12:20:10,808 [INFO] PC_ID-10-001 - Received: 5001003201F4
2026-08-19 12:20:10,814 [WARNING] PC_ID-10-001 - Start Default session [DiagTestPi R12] -> FAIL - Unexpected response
2026-08-19 12:20:10,816 [DEBUG] Stopping CanStack
2026-08-19 12:20:10,817 [DEBUG] Main thread is exiting
2026-08-19 12:20:10,853 [DEBUG] CanStack Stopped
2026-08-19 12:20:10,854 [INFO] Connection closed
2026-08-19 12:20:10,855 [INFO] Running Test Case: TC_ID-22-660
2026-08-19 12:20:10,856 [DEBUG] Starting CanStack
2026-08-19 12:20:10,858 [DEBUG] Main thread has started
2026-08-19 12:20:10,860 [DEBUG] Relay thread has started
2026-08-19 12:20:10,862 [INFO] Connection opened
2026-08-19 12:20:10,863 [INFO] Switched to physical mode for TC: TC_ID-22-660 Step: PreCondition: PC_ID-10-001  Testcase:ECUSoftwareUnit1IVDDataIdentifier_F1_C1_Read(Defaultsession) [DiagTestPi R02]
2026-08-19 12:20:10,864 [INFO] TC_ID-22-660 - PreCondition: PC_ID-10-001  Testcase:ECUSoftwareUnit1IVDDataIdentifier_F1_C1_Read(Defaultsession) [DiagTestPi R02]: SID=0x22, Sub=0xF1C1, Expected=[16, 35, 98, 241, 193, 48, 179, 167, 104, 32, 248, 99, 79, 185, 52, 231, 142, 252, 108, 251, 97, 127, 48, 1, 118, 187, 111, 115, 14, 212, 209, 104, 7, 63, 106, 215, 66, 170, 170, 170, 170, 170, 170]
2026-08-19 12:20:10,935 [INFO] TC_ID-22-660 - PreCondition: PC_ID-10-001  Testcase:ECUSoftwareUnit1IVDDataIdentifier_F1_C1_Read(Defaultsession) [DiagTestPi R02]: Sending request 22F1C1
2026-08-19 12:20:10,936 [INFO] TC_ID-22-660 - PreCondition: PC_ID-10-001  Testcase:ECUSoftwareUnit1IVDDataIdentifier_F1_C1_Read(Defaultsession) [DiagTestPi R02]: Sending request 22F1C1
2026-08-19 12:20:10,937 [DEBUG] Sending 3 bytes : [22f1c1]
2026-08-19 12:20:10,938 [DEBUG] Enqueuing a SendRequest for 3 bytes and TAT=Physical
2026-08-19 12:20:10,940 [DEBUG] Tx: <716> (08) [ ]	 0322f1c100000000
2026-08-19 12:20:10,941 [DEBUG] We've been asked to write a message to the bus
2026-08-19 12:20:10,942 [DEBUG] sending: Timestamp:        0.000000    ID:      716    S Rx     F BS       DL:  8    03 22 f1 c1 00 00 00 00
2026-08-19 12:20:10,985 [DEBUG] Rx: <71E> (08) [p]	 037f2278aaaaaaaa
2026-08-19 12:20:13,482 [DEBUG] Rx: <71E> (08) [p]	 037f2278aaaaaaaa
2026-08-19 12:20:13,513 [DEBUG] We've been asked to write a message to the bus
2026-08-19 12:20:13,517 [DEBUG] Rx: <71E> (08) [p]	 102362f1c130b3a7
2026-08-19 12:20:13,518 [DEBUG] sending: Timestamp:        0.000000    ID:      716    S Rx     F BS       DL:  8    30 08 64 00 00 00 00 00
2026-08-19 12:20:13,520 [DEBUG] Tx: <716> (08) [ ]	 3008640000000000
2026-08-19 12:20:13,522 [DEBUG] We've been asked to write a message to the bus
2026-08-19 12:20:13,525 [DEBUG] sending: Timestamp:        0.000000    ID:      716    S Rx     F BS       DL:  8    30 08 64 00 00 00 00 00
2026-08-19 12:20:13,531 [DEBUG] TxState=IDLE - RxState=WAIT_CF
2026-08-19 12:20:13,533 [DEBUG] Rx: <71E> (08) [p]	 216820f8634fb934
2026-08-19 12:20:13,632 [DEBUG] Rx: <71E> (08) [p]	 22e78efc6cfb617f
2026-08-19 12:20:13,737 [DEBUG] Rx: <71E> (08) [p]	 23300176bb6f730e
2026-08-19 12:20:13,842 [DEBUG] Rx: <71E> (08) [p]	 24d4d168073f6ad7
2026-08-19 12:20:13,947 [INFO] Test end time: .6f(TC: TC_ID-22-660, step: PreCondition: PC_ID-10-001  Testcase:ECUSoftwareUnit1IVDDataIdentifier_F1_C1_Read(Defaultsession) [DiagTestPi R02])
2026-08-19 12:20:13,948 [DEBUG] Rx: <71E> (08) [p]	 2542aaaaaaaaaaaa
2026-08-19 12:20:13,999 [INFO] TC_ID-22-660 - Received: 62F1C130B3A76820F8634FB934E78EFC6CFB617F300176BB6F730ED4D168073F6AD742
2026-08-19 12:20:14,000 [DEBUG] TxState=IDLE - RxState=IDLE
2026-08-19 12:20:14,002 [WARNING] TC_ID-22-660 - PreCondition: PC_ID-10-001  Testcase:ECUSoftwareUnit1IVDDataIdentifier_F1_C1_Read(Defaultsession) [DiagTestPi R02] -> ❌ FAIL - Expected 102362F1C130B3A76820F8634FB934E78EFC6CFB617F300176BB6F730ED4D168073F6AD742AAAAAAAAAAAA
2026-08-19 12:20:14,004 [DEBUG] Stopping CanStack
2026-08-19 12:20:14,005 [DEBUG] Main thread is exiting
2026-08-19 12:20:14,048 [DEBUG] CanStack Stopped
2026-08-19 12:20:14,050 [INFO] Connection closed
2026-08-19 12:20:14,055 [INFO] Running Test Case: PC_ID-10-001
2026-08-19 12:20:14,059 [DEBUG] Starting CanStack
2026-08-19 12:20:14,064 [DEBUG] Main thread has started
2026-08-19 12:20:14,066 [DEBUG] Relay thread has started
2026-08-19 12:20:14,069 [INFO] Connection opened
2026-08-19 12:20:14,071 [INFO] Switched to physical mode for TC: PC_ID-10-001 Step: Start Default session [DiagTestPi R12]
2026-08-19 12:20:14,072 [INFO] PC_ID-10-001 - Start Default session [DiagTestPi R12]: SID=0x10, Sub=0x01, Expected=[6, 80, 1, 0, 50, 1, 244, 170]
2026-08-19 12:20:14,125 [INFO] PC_ID-10-001 - Start Default session [DiagTestPi R12]: Sending 1001
2026-08-19 12:20:14,171 [INFO] PC_ID-10-001 - Start Default session [DiagTestPi R12]: Sending request 1001
2026-08-19 12:20:14,172 [DEBUG] Sending 2 bytes : [1001]
2026-08-19 12:20:14,173 [DEBUG] Enqueuing a SendRequest for 2 bytes and TAT=Physical
2026-08-19 12:20:14,174 [DEBUG] Tx: <716> (08) [ ]	 0210010000000000
2026-08-19 12:20:14,175 [DEBUG] We've been asked to write a message to the bus
2026-08-19 12:20:14,175 [DEBUG] sending: Timestamp:        0.000000    ID:      716    S Rx     F BS       DL:  8    02 10 01 00 00 00 00 00
2026-08-19 12:20:14,192 [INFO] Test end time: .6f(TC: PC_ID-10-001, step: Start Default session [DiagTestPi R12])
2026-08-19 12:20:14,194 [DEBUG] Rx: <71E> (08) [p]	 065001003201f4aa
2026-08-19 12:20:14,195 [INFO] PC_ID-10-001 - Received: 5001003201F4
2026-08-19 12:20:14,197 [WARNING] PC_ID-10-001 - Start Default session [DiagTestPi R12] -> FAIL - Unexpected response
2026-08-19 12:20:14,198 [DEBUG] Stopping CanStack
2026-08-19 12:20:14,199 [DEBUG] Main thread is exiting
2026-08-19 12:20:14,246 [DEBUG] CanStack Stopped
2026-08-19 12:20:14,249 [INFO] Connection closed
2026-08-19 12:20:14,251 [INFO] Running Test Case: TC_ID-22-661
2026-08-19 12:20:14,252 [DEBUG] Starting CanStack
2026-08-19 12:20:14,253 [DEBUG] Main thread has started
2026-08-19 12:20:14,254 [DEBUG] Relay thread has started
2026-08-19 12:20:14,256 [INFO] Connection opened
2026-08-19 12:20:14,257 [INFO] Switched to physical mode for TC: TC_ID-22-661 Step: PreCondition: PC_ID-10-001  Testcase:SystemSupplierECUSoftwareVersionNumbe_DataIdentifier_F1_95_Read(Defaultsession) [DiagTestPi R02]
2026-08-19 12:20:14,259 [INFO] TC_ID-22-661 - PreCondition: PC_ID-10-001  Testcase:SystemSupplierECUSoftwareVersionNumbe_DataIdentifier_F1_95_Read(Defaultsession) [DiagTestPi R02]: SID=0x22, Sub=0xF195, Expected=[16, 8, 98, 241, 149, 48, 49, 46, 48, 49, 170, 170, 170, 170, 170]
2026-08-19 12:20:14,334 [INFO] TC_ID-22-661 - PreCondition: PC_ID-10-001  Testcase:SystemSupplierECUSoftwareVersionNumbe_DataIdentifier_F1_95_Read(Defaultsession) [DiagTestPi R02]: Sending request 22F195
2026-08-19 12:20:14,334 [INFO] TC_ID-22-661 - PreCondition: PC_ID-10-001  Testcase:SystemSupplierECUSoftwareVersionNumbe_DataIdentifier_F1_95_Read(Defaultsession) [DiagTestPi R02]: Sending request 22F195
2026-08-19 12:20:14,335 [DEBUG] Sending 3 bytes : [22f195]
2026-08-19 12:20:14,336 [DEBUG] Enqueuing a SendRequest for 3 bytes and TAT=Physical
2026-08-19 12:20:14,338 [DEBUG] Tx: <716> (08) [ ]	 0322f19500000000
2026-08-19 12:20:14,339 [DEBUG] We've been asked to write a message to the bus
2026-08-19 12:20:14,340 [DEBUG] sending: Timestamp:        0.000000    ID:      716    S Rx     F BS       DL:  8    03 22 f1 95 00 00 00 00
2026-08-19 12:20:14,364 [DEBUG] Rx: <71E> (08) [p]	 100862f19530312e
2026-08-19 12:20:14,365 [DEBUG] We've been asked to write a message to the bus
2026-08-19 12:20:14,367 [DEBUG] Tx: <716> (08) [ ]	 3008640000000000
2026-08-19 12:20:14,368 [DEBUG] sending: Timestamp:        0.000000    ID:      716    S Rx     F BS       DL:  8    30 08 64 00 00 00 00 00
2026-08-19 12:20:14,369 [DEBUG] We've been asked to write a message to the bus
2026-08-19 12:20:14,370 [DEBUG] sending: Timestamp:        0.000000    ID:      716    S Rx     F BS       DL:  8    30 08 64 00 00 00 00 00
2026-08-19 12:20:14,374 [INFO] Test end time: .6f(TC: TC_ID-22-661, step: PreCondition: PC_ID-10-001  Testcase:SystemSupplierECUSoftwareVersionNumbe_DataIdentifier_F1_95_Read(Defaultsession) [DiagTestPi R02])
2026-08-19 12:20:14,376 [DEBUG] TxState=IDLE - RxState=WAIT_CF
2026-08-19 12:20:14,379 [DEBUG] Rx: <71E> (08) [p]	 213031aaaaaaaaaa
2026-08-19 12:20:14,428 [INFO] TC_ID-22-661 - Received: 62F19530312E3031
2026-08-19 12:20:14,432 [DEBUG] TxState=IDLE - RxState=IDLE
2026-08-19 12:20:14,432 [WARNING] TC_ID-22-661 - PreCondition: PC_ID-10-001  Testcase:SystemSupplierECUSoftwareVersionNumbe_DataIdentifier_F1_95_Read(Defaultsession) [DiagTestPi R02] -> ❌ FAIL - Expected 100862F19530312E3031AAAAAAAAAA
2026-08-19 12:20:14,434 [DEBUG] Stopping CanStack
2026-08-19 12:20:14,435 [DEBUG] Main thread is exiting
2026-08-19 12:20:14,475 [DEBUG] CanStack Stopped
2026-08-19 12:20:14,477 [INFO] Connection closed
2026-08-19 12:20:14,478 [INFO] Running Test Case: PC_ID-10-001
2026-08-19 12:20:14,479 [DEBUG] Starting CanStack
2026-08-19 12:20:14,481 [DEBUG] Main thread has started
2026-08-19 12:20:14,482 [DEBUG] Relay thread has started
2026-08-19 12:20:14,484 [INFO] Connection opened
2026-08-19 12:20:14,485 [INFO] Switched to physical mode for TC: PC_ID-10-001 Step: Start Default session [DiagTestPi R12]
2026-08-19 12:20:14,485 [INFO] PC_ID-10-001 - Start Default session [DiagTestPi R12]: SID=0x10, Sub=0x01, Expected=[6, 80, 1, 0, 50, 1, 244, 170]
2026-08-19 12:20:14,545 [INFO] PC_ID-10-001 - Start Default session [DiagTestPi R12]: Sending 1001
2026-08-19 12:20:14,590 [INFO] PC_ID-10-001 - Start Default session [DiagTestPi R12]: Sending request 1001
2026-08-19 12:20:14,591 [DEBUG] Sending 2 bytes : [1001]
2026-08-19 12:20:14,593 [DEBUG] Enqueuing a SendRequest for 2 bytes and TAT=Physical
2026-08-19 12:20:14,595 [DEBUG] Tx: <716> (08) [ ]	 0210010000000000
2026-08-19 12:20:14,596 [DEBUG] We've been asked to write a message to the bus
2026-08-19 12:20:14,597 [DEBUG] sending: Timestamp:        0.000000    ID:      716    S Rx     F BS       DL:  8    02 10 01 00 00 00 00 00
2026-08-19 12:20:14,616 [INFO] Test end time: .6f(TC: PC_ID-10-001, step: Start Default session [DiagTestPi R12])
2026-08-19 12:20:14,620 [INFO] PC_ID-10-001 - Received: 5001003201F4
2026-08-19 12:20:14,622 [DEBUG] Rx: <71E> (08) [p]	 065001003201f4aa
2026-08-19 12:20:14,627 [WARNING] PC_ID-10-001 - Start Default session [DiagTestPi R12] -> FAIL - Unexpected response
2026-08-19 12:20:14,629 [DEBUG] Stopping CanStack
2026-08-19 12:20:14,631 [DEBUG] Main thread is exiting
2026-08-19 12:20:14,673 [DEBUG] CanStack Stopped
2026-08-19 12:20:14,674 [INFO] Connection closed
2026-08-19 12:20:14,674 [INFO] Running Test Case: TC_ID-22-662
2026-08-19 12:20:14,675 [DEBUG] Starting CanStack
2026-08-19 12:20:14,676 [DEBUG] Main thread has started
2026-08-19 12:20:14,677 [DEBUG] Relay thread has started
2026-08-19 12:20:14,678 [INFO] Connection opened
2026-08-19 12:20:14,679 [INFO] Switched to physical mode for TC: TC_ID-22-662 Step: PreCondition: PC_ID-10-001  Testcase:Software_Version_for_HKMC_Vehicle_Manufacture_F1_A0_Read(Defaultsession) [DiagTestPi R02]
2026-08-19 12:20:14,679 [INFO] TC_ID-22-662 - PreCondition: PC_ID-10-001  Testcase:Software_Version_for_HKMC_Vehicle_Manufacture_F1_A0_Read(Defaultsession) [DiagTestPi R02]: SID=0x22, Sub=0xF1A0, Expected=[16, 8, 98, 241, 160, 48, 49, 46, 48, 49, 170, 170, 170, 170, 170]
2026-08-19 12:20:14,756 [INFO] TC_ID-22-662 - PreCondition: PC_ID-10-001  Testcase:Software_Version_for_HKMC_Vehicle_Manufacture_F1_A0_Read(Defaultsession) [DiagTestPi R02]: Sending request 22F1A0
2026-08-19 12:20:14,757 [INFO] TC_ID-22-662 - PreCondition: PC_ID-10-001  Testcase:Software_Version_for_HKMC_Vehicle_Manufacture_F1_A0_Read(Defaultsession) [DiagTestPi R02]: Sending request 22F1A0
2026-08-19 12:20:14,759 [DEBUG] Sending 3 bytes : [22f1a0]
2026-08-19 12:20:14,760 [DEBUG] Enqueuing a SendRequest for 3 bytes and TAT=Physical
2026-08-19 12:20:14,763 [DEBUG] Tx: <716> (08) [ ]	 0322f1a000000000
2026-08-19 12:20:14,765 [DEBUG] We've been asked to write a message to the bus
2026-08-19 12:20:14,766 [DEBUG] sending: Timestamp:        0.000000    ID:      716    S Rx     F BS       DL:  8    03 22 f1 a0 00 00 00 00
2026-08-19 12:20:14,792 [DEBUG] We've been asked to write a message to the bus
2026-08-19 12:20:14,794 [DEBUG] Rx: <71E> (08) [p]	 100862f1a030312e
2026-08-19 12:20:14,796 [DEBUG] sending: Timestamp:        0.000000    ID:      716    S Rx     F BS       DL:  8    30 08 64 00 00 00 00 00
2026-08-19 12:20:14,797 [DEBUG] Tx: <716> (08) [ ]	 3008640000000000
2026-08-19 12:20:14,799 [DEBUG] We've been asked to write a message to the bus
2026-08-19 12:20:14,802 [DEBUG] sending: Timestamp:        0.000000    ID:      716    S Rx     F BS       DL:  8    30 08 64 00 00 00 00 00
2026-08-19 12:20:14,805 [DEBUG] TxState=IDLE - RxState=WAIT_CF
2026-08-19 12:20:14,807 [INFO] Test end time: .6f(TC: TC_ID-22-662, step: PreCondition: PC_ID-10-001  Testcase:Software_Version_for_HKMC_Vehicle_Manufacture_F1_A0_Read(Defaultsession) [DiagTestPi R02])
2026-08-19 12:20:14,813 [DEBUG] Rx: <71E> (08) [p]	 213031aaaaaaaaaa
2026-08-19 12:20:14,867 [INFO] TC_ID-22-662 - Received: 62F1A030312E3031
2026-08-19 12:20:14,868 [WARNING] TC_ID-22-662 - PreCondition: PC_ID-10-001  Testcase:Software_Version_for_HKMC_Vehicle_Manufacture_F1_A0_Read(Defaultsession) [DiagTestPi R02] -> ❌ FAIL - Expected 100862F1A030312E3031AAAAAAAAAA
2026-08-19 12:20:14,870 [DEBUG] TxState=IDLE - RxState=IDLE
2026-08-19 12:20:14,871 [DEBUG] Stopping CanStack
2026-08-19 12:20:14,872 [DEBUG] Main thread is exiting
2026-08-19 12:20:14,906 [DEBUG] CanStack Stopped
2026-08-19 12:20:14,907 [INFO] Connection closed
2026-08-19 12:20:14,909 [INFO] Running Test Case: PC_ID-10-001
2026-08-19 12:20:14,911 [DEBUG] Starting CanStack
2026-08-19 12:20:14,913 [DEBUG] Main thread has started
2026-08-19 12:20:14,915 [DEBUG] Relay thread has started
2026-08-19 12:20:14,916 [INFO] Connection opened
2026-08-19 12:20:14,917 [INFO] Switched to physical mode for TC: PC_ID-10-001 Step: Start Default session [DiagTestPi R12]
2026-08-19 12:20:14,917 [INFO] PC_ID-10-001 - Start Default session [DiagTestPi R12]: SID=0x10, Sub=0x01, Expected=[6, 80, 1, 0, 50, 1, 244, 170]
2026-08-19 12:20:14,975 [INFO] PC_ID-10-001 - Start Default session [DiagTestPi R12]: Sending 1001
2026-08-19 12:20:15,030 [INFO] PC_ID-10-001 - Start Default session [DiagTestPi R12]: Sending request 1001
2026-08-19 12:20:15,035 [DEBUG] Sending 2 bytes : [1001]
2026-08-19 12:20:15,036 [DEBUG] Enqueuing a SendRequest for 2 bytes and TAT=Physical
2026-08-19 12:20:15,039 [DEBUG] Tx: <716> (08) [ ]	 0210010000000000
2026-08-19 12:20:15,040 [DEBUG] We've been asked to write a message to the bus
2026-08-19 12:20:15,042 [DEBUG] sending: Timestamp:        0.000000    ID:      716    S Rx     F BS       DL:  8    02 10 01 00 00 00 00 00
2026-08-19 12:20:15,068 [DEBUG] Rx: <71E> (08) [p]	 065001003201f4aa
2026-08-19 12:20:15,072 [INFO] Test end time: .6f(TC: PC_ID-10-001, step: Start Default session [DiagTestPi R12])
2026-08-19 12:20:15,074 [INFO] PC_ID-10-001 - Received: 5001003201F4
2026-08-19 12:20:15,075 [WARNING] PC_ID-10-001 - Start Default session [DiagTestPi R12] -> FAIL - Unexpected response
2026-08-19 12:20:15,076 [DEBUG] Stopping CanStack
2026-08-19 12:20:15,080 [DEBUG] Main thread is exiting
2026-08-19 12:20:15,115 [DEBUG] CanStack Stopped
2026-08-19 12:20:15,116 [INFO] Connection closed
2026-08-19 12:20:15,118 [INFO] Running Test Case: TC_ID-22-663
2026-08-19 12:20:15,119 [DEBUG] Starting CanStack
2026-08-19 12:20:15,121 [DEBUG] Main thread has started
2026-08-19 12:20:15,123 [DEBUG] Relay thread has started
2026-08-19 12:20:15,124 [INFO] Connection opened
2026-08-19 12:20:15,125 [INFO] Switched to physical mode for TC: TC_ID-22-663 Step: PreCondition: PC_ID-10-001  Testcase:ECU_Supplier_Code_F1_A1_Read(Defaultsession) [DiagTestPi R02]
2026-08-19 12:20:15,126 [INFO] TC_ID-22-663 - PreCondition: PC_ID-10-001  Testcase:ECU_Supplier_Code_F1_A1_Read(Defaultsession) [DiagTestPi R02]: SID=0x22, Sub=0xF1A1, Expected=[7, 98, 241, 161, 97, 56, 49, 50]
2026-08-19 12:20:15,195 [INFO] TC_ID-22-663 - PreCondition: PC_ID-10-001  Testcase:ECU_Supplier_Code_F1_A1_Read(Defaultsession) [DiagTestPi R02]: Sending request 22F1A1
2026-08-19 12:20:15,197 [INFO] TC_ID-22-663 - PreCondition: PC_ID-10-001  Testcase:ECU_Supplier_Code_F1_A1_Read(Defaultsession) [DiagTestPi R02]: Sending request 22F1A1
2026-08-19 12:20:15,198 [DEBUG] Sending 3 bytes : [22f1a1]
2026-08-19 12:20:15,199 [DEBUG] Enqueuing a SendRequest for 3 bytes and TAT=Physical
2026-08-19 12:20:15,203 [DEBUG] Tx: <716> (08) [ ]	 0322f1a100000000
2026-08-19 12:20:15,204 [DEBUG] We've been asked to write a message to the bus
2026-08-19 12:20:15,205 [DEBUG] sending: Timestamp:        0.000000    ID:      716    S Rx     F BS       DL:  8    03 22 f1 a1 00 00 00 00
2026-08-19 12:20:15,224 [INFO] Test end time: .6f(TC: TC_ID-22-663, step: PreCondition: PC_ID-10-001  Testcase:ECU_Supplier_Code_F1_A1_Read(Defaultsession) [DiagTestPi R02])
2026-08-19 12:20:15,227 [DEBUG] Rx: <71E> (08) [p]	 0762f1a161383132
2026-08-19 12:20:15,278 [INFO] TC_ID-22-663 - Received: 62F1A161383132
2026-08-19 12:20:15,278 [WARNING] TC_ID-22-663 - PreCondition: PC_ID-10-001  Testcase:ECU_Supplier_Code_F1_A1_Read(Defaultsession) [DiagTestPi R02] -> ❌ FAIL - Expected 0762F1A161383132
2026-08-19 12:20:15,279 [DEBUG] Stopping CanStack
2026-08-19 12:20:15,280 [DEBUG] Main thread is exiting
2026-08-19 12:20:15,328 [DEBUG] CanStack Stopped
2026-08-19 12:20:15,329 [INFO] Connection closed
2026-08-19 12:20:15,330 [INFO] Running Test Case: PC_ID-10-001
2026-08-19 12:20:15,331 [DEBUG] Starting CanStack
2026-08-19 12:20:15,333 [DEBUG] Main thread has started
2026-08-19 12:20:15,334 [DEBUG] Relay thread has started
2026-08-19 12:20:15,335 [INFO] Connection opened
2026-08-19 12:20:15,336 [INFO] Switched to physical mode for TC: PC_ID-10-001 Step: Start Default session [DiagTestPi R12]
2026-08-19 12:20:15,337 [INFO] PC_ID-10-001 - Start Default session [DiagTestPi R12]: SID=0x10, Sub=0x01, Expected=[6, 80, 1, 0, 50, 1, 244, 170]
2026-08-19 12:20:15,396 [INFO] PC_ID-10-001 - Start Default session [DiagTestPi R12]: Sending 1001
2026-08-19 12:20:15,445 [INFO] PC_ID-10-001 - Start Default session [DiagTestPi R12]: Sending request 1001
2026-08-19 12:20:15,446 [DEBUG] Sending 2 bytes : [1001]
2026-08-19 12:20:15,447 [DEBUG] Enqueuing a SendRequest for 2 bytes and TAT=Physical
2026-08-19 12:20:15,448 [DEBUG] Tx: <716> (08) [ ]	 0210010000000000
2026-08-19 12:20:15,449 [DEBUG] We've been asked to write a message to the bus
2026-08-19 12:20:15,449 [DEBUG] sending: Timestamp:        0.000000    ID:      716    S Rx     F BS       DL:  8    02 10 01 00 00 00 00 00
2026-08-19 12:20:15,475 [INFO] Test end time: .6f(TC: PC_ID-10-001, step: Start Default session [DiagTestPi R12])
2026-08-19 12:20:15,476 [DEBUG] Rx: <71E> (08) [p]	 065001003201f4aa
2026-08-19 12:20:15,477 [INFO] PC_ID-10-001 - Received: 5001003201F4
2026-08-19 12:20:15,478 [WARNING] PC_ID-10-001 - Start Default session [DiagTestPi R12] -> FAIL - Unexpected response
2026-08-19 12:20:15,479 [DEBUG] Stopping CanStack
2026-08-19 12:20:15,481 [DEBUG] Main thread is exiting
2026-08-19 12:20:15,525 [DEBUG] CanStack Stopped
2026-08-19 12:20:15,526 [INFO] Connection closed
2026-08-19 12:20:15,527 [INFO] Running Test Case: TC_ID-22-664
2026-08-19 12:20:15,527 [DEBUG] Starting CanStack
2026-08-19 12:20:15,529 [DEBUG] Main thread has started
2026-08-19 12:20:15,529 [DEBUG] Relay thread has started
2026-08-19 12:20:15,531 [INFO] Connection opened
2026-08-19 12:20:15,531 [INFO] Switched to physical mode for TC: TC_ID-22-664 Step: PreCondition: PC_ID-10-001  Testcase:ECU_Software_UNIT_number_F1_B0_Read(Defaultsession) [DiagTestPi R02]
2026-08-19 12:20:15,532 [INFO] TC_ID-22-664 - PreCondition: PC_ID-10-001  Testcase:ECU_Software_UNIT_number_F1_B0_Read(Defaultsession) [DiagTestPi R02]: SID=0x22, Sub=0xF1B0, Expected=[4, 98, 241, 176, 1, 170, 170, 170]
2026-08-19 12:20:15,598 [INFO] TC_ID-22-664 - PreCondition: PC_ID-10-001  Testcase:ECU_Software_UNIT_number_F1_B0_Read(Defaultsession) [DiagTestPi R02]: Sending request 22F1B0
2026-08-19 12:20:15,599 [INFO] TC_ID-22-664 - PreCondition: PC_ID-10-001  Testcase:ECU_Software_UNIT_number_F1_B0_Read(Defaultsession) [DiagTestPi R02]: Sending request 22F1B0
2026-08-19 12:20:15,600 [DEBUG] Sending 3 bytes : [22f1b0]
2026-08-19 12:20:15,601 [DEBUG] Enqueuing a SendRequest for 3 bytes and TAT=Physical
2026-08-19 12:20:15,603 [DEBUG] Tx: <716> (08) [ ]	 0322f1b000000000
2026-08-19 12:20:15,604 [DEBUG] We've been asked to write a message to the bus
2026-08-19 12:20:15,605 [DEBUG] sending: Timestamp:        0.000000    ID:      716    S Rx     F BS       DL:  8    03 22 f1 b0 00 00 00 00
2026-08-19 12:20:15,623 [INFO] Test end time: .6f(TC: TC_ID-22-664, step: PreCondition: PC_ID-10-001  Testcase:ECU_Software_UNIT_number_F1_B0_Read(Defaultsession) [DiagTestPi R02])
2026-08-19 12:20:15,626 [DEBUG] Rx: <71E> (08) [p]	 0462f1b001aaaaaa
2026-08-19 12:20:15,676 [INFO] TC_ID-22-664 - Received: 62F1B001
2026-08-19 12:20:15,677 [WARNING] TC_ID-22-664 - PreCondition: PC_ID-10-001  Testcase:ECU_Software_UNIT_number_F1_B0_Read(Defaultsession) [DiagTestPi R02] -> ❌ FAIL - Expected 0462F1B001AAAAAA
2026-08-19 12:20:15,678 [DEBUG] Stopping CanStack
2026-08-19 12:20:15,679 [DEBUG] Main thread is exiting
2026-08-19 12:20:15,727 [DEBUG] CanStack Stopped
2026-08-19 12:20:15,728 [INFO] Connection closed
2026-08-19 12:20:15,729 [INFO] Running Test Case: PC_ID-10-001
2026-08-19 12:20:15,730 [DEBUG] Starting CanStack
2026-08-19 12:20:15,732 [DEBUG] Main thread has started
2026-08-19 12:20:15,734 [DEBUG] Relay thread has started
2026-08-19 12:20:15,735 [INFO] Connection opened
2026-08-19 12:20:15,735 [INFO] Switched to physical mode for TC: PC_ID-10-001 Step: Start Default session [DiagTestPi R12]
2026-08-19 12:20:15,736 [INFO] PC_ID-10-001 - Start Default session [DiagTestPi R12]: SID=0x10, Sub=0x01, Expected=[6, 80, 1, 0, 50, 1, 244, 170]
2026-08-19 12:20:15,793 [INFO] PC_ID-10-001 - Start Default session [DiagTestPi R12]: Sending 1001
2026-08-19 12:20:15,843 [INFO] PC_ID-10-001 - Start Default session [DiagTestPi R12]: Sending request 1001
2026-08-19 12:20:15,844 [DEBUG] Sending 2 bytes : [1001]
2026-08-19 12:20:15,845 [DEBUG] Enqueuing a SendRequest for 2 bytes and TAT=Physical
2026-08-19 12:20:15,846 [DEBUG] Tx: <716> (08) [ ]	 0210010000000000
2026-08-19 12:20:15,846 [DEBUG] We've been asked to write a message to the bus
2026-08-19 12:20:15,847 [DEBUG] sending: Timestamp:        0.000000    ID:      716    S Rx     F BS       DL:  8    02 10 01 00 00 00 00 00
2026-08-19 12:20:15,867 [INFO] Test end time: .6f(TC: PC_ID-10-001, step: Start Default session [DiagTestPi R12])
2026-08-19 12:20:15,872 [DEBUG] Rx: <71E> (08) [p]	 065001003201f4aa
2026-08-19 12:20:15,872 [INFO] PC_ID-10-001 - Received: 5001003201F4
2026-08-19 12:20:15,874 [WARNING] PC_ID-10-001 - Start Default session [DiagTestPi R12] -> FAIL - Unexpected response
2026-08-19 12:20:15,874 [DEBUG] Stopping CanStack
2026-08-19 12:20:15,876 [DEBUG] Main thread is exiting
2026-08-19 12:20:15,922 [DEBUG] CanStack Stopped
2026-08-19 12:20:15,923 [INFO] Connection closed
2026-08-19 12:20:15,923 [INFO] Running Test Case: TC_ID-22-665
2026-08-19 12:20:15,924 [DEBUG] Starting CanStack
2026-08-19 12:20:15,926 [DEBUG] Main thread has started
2026-08-19 12:20:15,927 [DEBUG] Relay thread has started
2026-08-19 12:20:15,929 [INFO] Connection opened
2026-08-19 12:20:15,930 [INFO] Switched to physical mode for TC: TC_ID-22-665 Step: PreCondition: PC_ID-10-001  Testcase:ECU_Software_UNIT1_Version_F1_B1_Read(Defaultsession) [DiagTestPi R02]
2026-08-19 12:20:15,930 [INFO] TC_ID-22-665 - PreCondition: PC_ID-10-001  Testcase:ECU_Software_UNIT1_Version_F1_B1_Read(Defaultsession) [DiagTestPi R02]: SID=0x22, Sub=0xF1B1, Expected=[16, 8, 98, 241, 177, 48, 49, 46, 48, 49, 170, 170, 170, 170, 170]
2026-08-19 12:20:16,018 [INFO] TC_ID-22-665 - PreCondition: PC_ID-10-001  Testcase:ECU_Software_UNIT1_Version_F1_B1_Read(Defaultsession) [DiagTestPi R02]: Sending request 22F1B1
2026-08-19 12:20:16,019 [INFO] TC_ID-22-665 - PreCondition: PC_ID-10-001  Testcase:ECU_Software_UNIT1_Version_F1_B1_Read(Defaultsession) [DiagTestPi R02]: Sending request 22F1B1
2026-08-19 12:20:16,019 [DEBUG] Sending 3 bytes : [22f1b1]
2026-08-19 12:20:16,020 [DEBUG] Enqueuing a SendRequest for 3 bytes and TAT=Physical
2026-08-19 12:20:16,021 [DEBUG] Tx: <716> (08) [ ]	 0322f1b100000000
2026-08-19 12:20:16,022 [DEBUG] We've been asked to write a message to the bus
2026-08-19 12:20:16,022 [DEBUG] sending: Timestamp:        0.000000    ID:      716    S Rx     F BS       DL:  8    03 22 f1 b1 00 00 00 00
2026-08-19 12:20:16,048 [DEBUG] We've been asked to write a message to the bus
2026-08-19 12:20:16,050 [DEBUG] Rx: <71E> (08) [p]	 100862f1b130312e
2026-08-19 12:20:16,050 [DEBUG] sending: Timestamp:        0.000000    ID:      716    S Rx     F BS       DL:  8    30 08 64 00 00 00 00 00
2026-08-19 12:20:16,052 [DEBUG] Tx: <716> (08) [ ]	 3008640000000000
2026-08-19 12:20:16,053 [DEBUG] We've been asked to write a message to the bus
2026-08-19 12:20:16,056 [DEBUG] sending: Timestamp:        0.000000    ID:      716    S Rx     F BS       DL:  8    30 08 64 00 00 00 00 00
2026-08-19 12:20:16,058 [INFO] Test end time: .6f(TC: TC_ID-22-665, step: PreCondition: PC_ID-10-001  Testcase:ECU_Software_UNIT1_Version_F1_B1_Read(Defaultsession) [DiagTestPi R02])
2026-08-19 12:20:16,062 [DEBUG] TxState=IDLE - RxState=WAIT_CF
2026-08-19 12:20:16,064 [DEBUG] Rx: <71E> (08) [p]	 213031aaaaaaaaaa
2026-08-19 12:20:16,112 [INFO] TC_ID-22-665 - Received: 62F1B130312E3031
2026-08-19 12:20:16,114 [WARNING] TC_ID-22-665 - PreCondition: PC_ID-10-001  Testcase:ECU_Software_UNIT1_Version_F1_B1_Read(Defaultsession) [DiagTestPi R02] -> ❌ FAIL - Expected 100862F1B130312E3031AAAAAAAAAA
2026-08-19 12:20:16,115 [DEBUG] Stopping CanStack
2026-08-19 12:20:16,117 [DEBUG] TxState=IDLE - RxState=IDLE
2026-08-19 12:20:16,125 [DEBUG] Main thread is exiting
2026-08-19 12:20:16,164 [DEBUG] CanStack Stopped
2026-08-19 12:20:16,168 [INFO] Connection closed
2026-08-19 12:20:16,169 [INFO] Running Test Case: PC_ID-10-001
2026-08-19 12:20:16,170 [DEBUG] Starting CanStack
2026-08-19 12:20:16,172 [DEBUG] Main thread has started
2026-08-19 12:20:16,173 [DEBUG] Relay thread has started
2026-08-19 12:20:16,174 [INFO] Connection opened
2026-08-19 12:20:16,175 [INFO] Switched to physical mode for TC: PC_ID-10-001 Step: Start Default session [DiagTestPi R12]
2026-08-19 12:20:16,176 [INFO] PC_ID-10-001 - Start Default session [DiagTestPi R12]: SID=0x10, Sub=0x01, Expected=[6, 80, 1, 0, 50, 1, 244, 170]
2026-08-19 12:20:16,234 [INFO] PC_ID-10-001 - Start Default session [DiagTestPi R12]: Sending 1001
2026-08-19 12:20:16,280 [INFO] PC_ID-10-001 - Start Default session [DiagTestPi R12]: Sending request 1001
2026-08-19 12:20:16,282 [DEBUG] Sending 2 bytes : [1001]
2026-08-19 12:20:16,283 [DEBUG] Enqueuing a SendRequest for 2 bytes and TAT=Physical
2026-08-19 12:20:16,284 [DEBUG] Tx: <716> (08) [ ]	 0210010000000000
2026-08-19 12:20:16,285 [DEBUG] We've been asked to write a message to the bus
2026-08-19 12:20:16,286 [DEBUG] sending: Timestamp:        0.000000    ID:      716    S Rx     F BS       DL:  8    02 10 01 00 00 00 00 00
2026-08-19 12:20:16,303 [INFO] Test end time: .6f(TC: PC_ID-10-001, step: Start Default session [DiagTestPi R12])
2026-08-19 12:20:16,304 [DEBUG] Rx: <71E> (08) [p]	 065001003201f4aa
2026-08-19 12:20:16,307 [INFO] PC_ID-10-001 - Received: 5001003201F4
2026-08-19 12:20:16,309 [WARNING] PC_ID-10-001 - Start Default session [DiagTestPi R12] -> FAIL - Unexpected response
2026-08-19 12:20:16,310 [DEBUG] Stopping CanStack
2026-08-19 12:20:16,315 [DEBUG] Main thread is exiting
2026-08-19 12:20:16,355 [DEBUG] CanStack Stopped
2026-08-19 12:20:16,357 [INFO] Connection closed
2026-08-19 12:20:16,357 [INFO] Running Test Case: TC_ID-22-666
2026-08-19 12:20:16,358 [DEBUG] Starting CanStack
2026-08-19 12:20:16,359 [DEBUG] Main thread has started
2026-08-19 12:20:16,361 [DEBUG] Relay thread has started
2026-08-19 12:20:16,363 [INFO] Connection opened
2026-08-19 12:20:16,364 [INFO] Switched to physical mode for TC: TC_ID-22-666 Step: PreCondition: PC_ID-10-001  Testcase:S_W_Version_Dataidentifier_F1_DD_Read(Defaultsession) [DiagTestPi R02]
2026-08-19 12:20:16,365 [INFO] TC_ID-22-666 - PreCondition: PC_ID-10-001  Testcase:S_W_Version_Dataidentifier_F1_DD_Read(Defaultsession) [DiagTestPi R02]: SID=0x22, Sub=0xF1DD, Expected=[16, 11, 98, 241, 221, 48, 49, 46, 48, 49, 46, 48, 49, 170, 170]
2026-08-19 12:20:16,437 [INFO] TC_ID-22-666 - PreCondition: PC_ID-10-001  Testcase:S_W_Version_Dataidentifier_F1_DD_Read(Defaultsession) [DiagTestPi R02]: Sending request 22F1DD
2026-08-19 12:20:16,437 [INFO] TC_ID-22-666 - PreCondition: PC_ID-10-001  Testcase:S_W_Version_Dataidentifier_F1_DD_Read(Defaultsession) [DiagTestPi R02]: Sending request 22F1DD
2026-08-19 12:20:16,438 [DEBUG] Sending 3 bytes : [22f1dd]
2026-08-19 12:20:16,439 [DEBUG] Enqueuing a SendRequest for 3 bytes and TAT=Physical
2026-08-19 12:20:16,441 [DEBUG] Tx: <716> (08) [ ]	 0322f1dd00000000
2026-08-19 12:20:16,442 [DEBUG] We've been asked to write a message to the bus
2026-08-19 12:20:16,443 [DEBUG] sending: Timestamp:        0.000000    ID:      716    S Rx     F BS       DL:  8    03 22 f1 dd 00 00 00 00
2026-08-19 12:20:16,462 [DEBUG] We've been asked to write a message to the bus
2026-08-19 12:20:16,465 [DEBUG] Rx: <71E> (08) [p]	 100b62f1dd30312e
2026-08-19 12:20:16,466 [DEBUG] sending: Timestamp:        0.000000    ID:      716    S Rx     F BS       DL:  8    30 08 64 00 00 00 00 00
2026-08-19 12:20:16,468 [DEBUG] Tx: <716> (08) [ ]	 3008640000000000
2026-08-19 12:20:16,470 [DEBUG] We've been asked to write a message to the bus
2026-08-19 12:20:16,472 [DEBUG] sending: Timestamp:        0.000000    ID:      716    S Rx     F BS       DL:  8    30 08 64 00 00 00 00 00
2026-08-19 12:20:16,475 [INFO] Test end time: .6f(TC: TC_ID-22-666, step: PreCondition: PC_ID-10-001  Testcase:S_W_Version_Dataidentifier_F1_DD_Read(Defaultsession) [DiagTestPi R02])
2026-08-19 12:20:16,477 [DEBUG] TxState=IDLE - RxState=WAIT_CF
2026-08-19 12:20:16,480 [DEBUG] Rx: <71E> (08) [p]	 2130312e3031aaaa
2026-08-19 12:20:16,529 [INFO] TC_ID-22-666 - Received: 62F1DD30312E30312E3031
2026-08-19 12:20:16,533 [DEBUG] TxState=IDLE - RxState=IDLE
2026-08-19 12:20:16,535 [WARNING] TC_ID-22-666 - PreCondition: PC_ID-10-001  Testcase:S_W_Version_Dataidentifier_F1_DD_Read(Defaultsession) [DiagTestPi R02] -> ❌ FAIL - Expected 100B62F1DD30312E30312E3031AAAA
2026-08-19 12:20:16,537 [DEBUG] Stopping CanStack
2026-08-19 12:20:16,539 [DEBUG] Main thread is exiting
2026-08-19 12:20:16,576 [DEBUG] CanStack Stopped
2026-08-19 12:20:16,578 [INFO] Connection closed
2026-08-19 12:20:16,578 [INFO] Running Test Case: PC_ID-10-001
2026-08-19 12:20:16,579 [DEBUG] Starting CanStack
2026-08-19 12:20:16,581 [DEBUG] Main thread has started
2026-08-19 12:20:16,582 [DEBUG] Relay thread has started
2026-08-19 12:20:16,583 [INFO] Connection opened
2026-08-19 12:20:16,584 [INFO] Switched to physical mode for TC: PC_ID-10-001 Step: Start Default session [DiagTestPi R12]
2026-08-19 12:20:16,585 [INFO] PC_ID-10-001 - Start Default session [DiagTestPi R12]: SID=0x10, Sub=0x01, Expected=[6, 80, 1, 0, 50, 1, 244, 170]
2026-08-19 12:20:16,643 [INFO] PC_ID-10-001 - Start Default session [DiagTestPi R12]: Sending 1001
2026-08-19 12:20:16,688 [INFO] PC_ID-10-001 - Start Default session [DiagTestPi R12]: Sending request 1001
2026-08-19 12:20:16,689 [DEBUG] Sending 2 bytes : [1001]
2026-08-19 12:20:16,690 [DEBUG] Enqueuing a SendRequest for 2 bytes and TAT=Physical
2026-08-19 12:20:16,692 [DEBUG] Tx: <716> (08) [ ]	 0210010000000000
2026-08-19 12:20:16,693 [DEBUG] We've been asked to write a message to the bus
2026-08-19 12:20:16,694 [DEBUG] sending: Timestamp:        0.000000    ID:      716    S Rx     F BS       DL:  8    02 10 01 00 00 00 00 00
2026-08-19 12:20:16,714 [INFO] Test end time: .6f(TC: PC_ID-10-001, step: Start Default session [DiagTestPi R12])
2026-08-19 12:20:16,715 [DEBUG] Rx: <71E> (08) [p]	 065001003201f4aa
2026-08-19 12:20:16,716 [INFO] PC_ID-10-001 - Received: 5001003201F4
2026-08-19 12:20:16,718 [WARNING] PC_ID-10-001 - Start Default session [DiagTestPi R12] -> FAIL - Unexpected response
2026-08-19 12:20:16,720 [DEBUG] Stopping CanStack
2026-08-19 12:20:16,721 [DEBUG] Main thread is exiting
2026-08-19 12:20:16,764 [DEBUG] CanStack Stopped
2026-08-19 12:20:16,765 [INFO] Connection closed
2026-08-19 12:20:16,766 [INFO] Running Test Case: TC_ID-22-667
2026-08-19 12:20:16,768 [DEBUG] Starting CanStack
2026-08-19 12:20:16,770 [DEBUG] Main thread has started
2026-08-19 12:20:16,774 [DEBUG] Relay thread has started
2026-08-19 12:20:16,779 [INFO] Connection opened
2026-08-19 12:20:16,782 [INFO] Switched to physical mode for TC: TC_ID-22-667 Step: PreCondition: PC_ID-10-001  Testcase:SystemNameOrEngineTypeDataIdentifier_Read(Defaultsession) [DiagTestPi R02]
2026-08-19 12:20:16,783 [INFO] TC_ID-22-667 - PreCondition: PC_ID-10-001  Testcase:SystemNameOrEngineTypeDataIdentifier_Read(Defaultsession) [DiagTestPi R02]: SID=0x22, Sub=0xF197, Expected=[7, 98, 241, 151, 77, 75, 66, 68]
2026-08-19 12:20:16,854 [INFO] TC_ID-22-667 - PreCondition: PC_ID-10-001  Testcase:SystemNameOrEngineTypeDataIdentifier_Read(Defaultsession) [DiagTestPi R02]: Sending request 22F197
2026-08-19 12:20:16,855 [INFO] TC_ID-22-667 - PreCondition: PC_ID-10-001  Testcase:SystemNameOrEngineTypeDataIdentifier_Read(Defaultsession) [DiagTestPi R02]: Sending request 22F197
2026-08-19 12:20:16,856 [DEBUG] Sending 3 bytes : [22f197]
2026-08-19 12:20:16,857 [DEBUG] Enqueuing a SendRequest for 3 bytes and TAT=Physical
2026-08-19 12:20:16,859 [DEBUG] Tx: <716> (08) [ ]	 0322f19700000000
2026-08-19 12:20:16,860 [DEBUG] We've been asked to write a message to the bus
2026-08-19 12:20:16,861 [DEBUG] sending: Timestamp:        0.000000    ID:      716    S Rx     F BS       DL:  8    03 22 f1 97 00 00 00 00
2026-08-19 12:20:16,883 [INFO] Test end time: .6f(TC: TC_ID-22-667, step: PreCondition: PC_ID-10-001  Testcase:SystemNameOrEngineTypeDataIdentifier_Read(Defaultsession) [DiagTestPi R02])
2026-08-19 12:20:16,885 [DEBUG] Rx: <71E> (08) [p]	 0762f1974d4b4244
2026-08-19 12:20:16,937 [INFO] TC_ID-22-667 - Received: 62F1974D4B4244
2026-08-19 12:20:16,938 [WARNING] TC_ID-22-667 - PreCondition: PC_ID-10-001  Testcase:SystemNameOrEngineTypeDataIdentifier_Read(Defaultsession) [DiagTestPi R02] -> ❌ FAIL - Expected 0762F1974D4B4244
2026-08-19 12:20:16,938 [DEBUG] Stopping CanStack
2026-08-19 12:20:16,939 [DEBUG] Main thread is exiting
2026-08-19 12:20:16,984 [DEBUG] CanStack Stopped
2026-08-19 12:20:16,985 [INFO] Connection closed
2026-08-19 12:20:16,986 [INFO] Running Test Case: PC_ID-10-002
2026-08-19 12:20:16,988 [DEBUG] Starting CanStack
2026-08-19 12:20:16,990 [DEBUG] Main thread has started
2026-08-19 12:20:16,996 [DEBUG] Relay thread has started
2026-08-19 12:20:17,003 [INFO] Connection opened
2026-08-19 12:20:17,005 [INFO] Switched to physical mode for TC: PC_ID-10-002 Step: Start Extended session [DiagTestPi R12]
2026-08-19 12:20:17,006 [INFO] PC_ID-10-002 - Start Extended session [DiagTestPi R12]: SID=0x10, Sub=0x03, Expected=[6, 80, 3, 0, 50, 1, 244, 170]
2026-08-19 12:20:17,064 [INFO] PC_ID-10-002 - Start Extended session [DiagTestPi R12]: Sending 1003
2026-08-19 12:20:17,109 [INFO] PC_ID-10-002 - Start Extended session [DiagTestPi R12]: Sending request 1003
2026-08-19 12:20:17,110 [DEBUG] Sending 2 bytes : [1003]
2026-08-19 12:20:17,112 [DEBUG] Enqueuing a SendRequest for 2 bytes and TAT=Physical
2026-08-19 12:20:17,113 [DEBUG] Tx: <716> (08) [ ]	 0210030000000000
2026-08-19 12:20:17,114 [DEBUG] We've been asked to write a message to the bus
2026-08-19 12:20:17,115 [DEBUG] sending: Timestamp:        0.000000    ID:      716    S Rx     F BS       DL:  8    02 10 03 00 00 00 00 00
2026-08-19 12:20:17,137 [INFO] Test end time: .6f(TC: PC_ID-10-002, step: Start Extended session [DiagTestPi R12])
2026-08-19 12:20:17,138 [DEBUG] Rx: <71E> (08) [p]	 065003003201f4aa
2026-08-19 12:20:17,139 [INFO] PC_ID-10-002 - Received: 5003003201F4
2026-08-19 12:20:17,141 [WARNING] PC_ID-10-002 - Start Extended session [DiagTestPi R12] -> FAIL - Unexpected response
2026-08-19 12:20:17,142 [DEBUG] Stopping CanStack
2026-08-19 12:20:17,143 [DEBUG] Main thread is exiting
2026-08-19 12:20:17,187 [DEBUG] CanStack Stopped
2026-08-19 12:20:17,187 [INFO] Connection closed
2026-08-19 12:20:17,188 [INFO] Running Test Case: TC_ID-22-668
2026-08-19 12:20:17,189 [DEBUG] Starting CanStack
2026-08-19 12:20:17,190 [DEBUG] Main thread has started
2026-08-19 12:20:17,191 [DEBUG] Relay thread has started
2026-08-19 12:20:17,192 [INFO] Connection opened
2026-08-19 12:20:17,193 [INFO] Switched to physical mode for TC: TC_ID-22-668 Step: PreCondition: PC_ID-10-002  Testcase:RX_SWIN_F1_EF_Read(Extended session) [DiagTestPi R02]
2026-08-19 12:20:17,193 [INFO] TC_ID-22-668 - PreCondition: PC_ID-10-002  Testcase:RX_SWIN_F1_EF_Read(Extended session) [DiagTestPi R02]: SID=0x22, Sub=0xF1EF, Expected=[16, 43, 98, 241, 239, 7, 22, 11, 82, 49, 48, 32, 65, 89, 49, 47, 49, 47, 48, 12, 82, 49, 53, 53, 32, 65, 89, 49, 47, 49, 47, 48, 12, 82, 49, 53, 54, 32, 65, 89, 49, 47, 49, 47, 48, 170, 170, 170, 170, 170]
2026-08-19 12:20:17,256 [INFO] TC_ID-22-668 - PreCondition: PC_ID-10-002  Testcase:RX_SWIN_F1_EF_Read(Extended session) [DiagTestPi R02]: Sending request 22F1EF
2026-08-19 12:20:17,257 [INFO] TC_ID-22-668 - PreCondition: PC_ID-10-002  Testcase:RX_SWIN_F1_EF_Read(Extended session) [DiagTestPi R02]: Sending request 22F1EF
2026-08-19 12:20:17,258 [DEBUG] Sending 3 bytes : [22f1ef]
2026-08-19 12:20:17,259 [DEBUG] Enqueuing a SendRequest for 3 bytes and TAT=Physical
2026-08-19 12:20:17,261 [DEBUG] Tx: <716> (08) [ ]	 0322f1ef00000000
2026-08-19 12:20:17,262 [DEBUG] We've been asked to write a message to the bus
2026-08-19 12:20:17,263 [DEBUG] sending: Timestamp:        0.000000    ID:      716    S Rx     F BS       DL:  8    03 22 f1 ef 00 00 00 00
2026-08-19 12:20:17,283 [DEBUG] We've been asked to write a message to the bus
2026-08-19 12:20:17,284 [DEBUG] Rx: <71E> (08) [p]	 102b62f1ef07160b
2026-08-19 12:20:17,286 [DEBUG] sending: Timestamp:        0.000000    ID:      716    S Rx     F BS       DL:  8    30 08 64 00 00 00 00 00
2026-08-19 12:20:17,288 [DEBUG] Tx: <716> (08) [ ]	 3008640000000000
2026-08-19 12:20:17,290 [DEBUG] We've been asked to write a message to the bus
2026-08-19 12:20:17,292 [DEBUG] sending: Timestamp:        0.000000    ID:      716    S Rx     F BS       DL:  8    30 08 64 00 00 00 00 00
2026-08-19 12:20:17,295 [DEBUG] TxState=IDLE - RxState=WAIT_CF
2026-08-19 12:20:17,298 [DEBUG] Rx: <71E> (08) [p]	 2152313020415931
2026-08-19 12:20:17,397 [DEBUG] Rx: <71E> (08) [p]	 222f312f300c5231
2026-08-19 12:20:17,502 [DEBUG] Rx: <71E> (08) [p]	 233535204159312f
2026-08-19 12:20:17,607 [DEBUG] Rx: <71E> (08) [p]	 24312f300c523135
2026-08-19 12:20:17,712 [DEBUG] Rx: <71E> (08) [p]	 2536204159312f31
2026-08-19 12:20:17,818 [INFO] Test end time: .6f(TC: TC_ID-22-668, step: PreCondition: PC_ID-10-002  Testcase:RX_SWIN_F1_EF_Read(Extended session) [DiagTestPi R02])
2026-08-19 12:20:17,819 [DEBUG] Rx: <71E> (08) [p]	 262f30aaaaaaaaaa
2026-08-19 12:20:17,870 [INFO] TC_ID-22-668 - Received: 62F1EF07160B523130204159312F312F300C52313535204159312F312F300C52313536204159312F312F30
2026-08-19 12:20:17,871 [DEBUG] TxState=IDLE - RxState=IDLE
2026-08-19 12:20:17,873 [WARNING] TC_ID-22-668 - PreCondition: PC_ID-10-002  Testcase:RX_SWIN_F1_EF_Read(Extended session) [DiagTestPi R02] -> ❌ FAIL - Expected 102B62F1EF07160B523130204159312F312F300C52313535204159312F312F300C52313536204159312F312F30AAAAAAAAAA
2026-08-19 12:20:17,878 [DEBUG] Stopping CanStack
2026-08-19 12:20:17,882 [DEBUG] Main thread is exiting
2026-08-19 12:20:17,920 [DEBUG] CanStack Stopped
2026-08-19 12:20:17,923 [INFO] Connection closed
2026-08-19 12:20:17,926 [INFO] Running Test Case: PC_ID-10-002
2026-08-19 12:20:17,927 [DEBUG] Starting CanStack
2026-08-19 12:20:17,929 [DEBUG] Main thread has started
2026-08-19 12:20:17,930 [DEBUG] Relay thread has started
2026-08-19 12:20:17,931 [INFO] Connection opened
2026-08-19 12:20:17,932 [INFO] Switched to physical mode for TC: PC_ID-10-002 Step: Start Extended session [DiagTestPi R12]
2026-08-19 12:20:17,933 [INFO] PC_ID-10-002 - Start Extended session [DiagTestPi R12]: SID=0x10, Sub=0x03, Expected=[6, 80, 3, 0, 50, 1, 244, 170]
2026-08-19 12:20:17,990 [INFO] PC_ID-10-002 - Start Extended session [DiagTestPi R12]: Sending 1003
2026-08-19 12:20:18,042 [INFO] PC_ID-10-002 - Start Extended session [DiagTestPi R12]: Sending request 1003
2026-08-19 12:20:18,043 [DEBUG] Sending 2 bytes : [1003]
2026-08-19 12:20:18,044 [DEBUG] Enqueuing a SendRequest for 2 bytes and TAT=Physical
2026-08-19 12:20:18,045 [DEBUG] Tx: <716> (08) [ ]	 0210030000000000
2026-08-19 12:20:18,046 [DEBUG] We've been asked to write a message to the bus
2026-08-19 12:20:18,046 [DEBUG] sending: Timestamp:        0.000000    ID:      716    S Rx     F BS       DL:  8    02 10 03 00 00 00 00 00
2026-08-19 12:20:18,064 [INFO] Test end time: .6f(TC: PC_ID-10-002, step: Start Extended session [DiagTestPi R12])
2026-08-19 12:20:18,069 [INFO] PC_ID-10-002 - Received: 5003003201F4
2026-08-19 12:20:18,070 [DEBUG] Rx: <71E> (08) [p]	 065003003201f4aa
2026-08-19 12:20:18,071 [WARNING] PC_ID-10-002 - Start Extended session [DiagTestPi R12] -> FAIL - Unexpected response
2026-08-19 12:20:18,073 [DEBUG] Stopping CanStack
2026-08-19 12:20:18,075 [DEBUG] Main thread is exiting
2026-08-19 12:20:18,120 [DEBUG] CanStack Stopped
2026-08-19 12:20:18,121 [INFO] Connection closed
2026-08-19 12:20:18,121 [INFO] Running Test Case: TC_ID-22-669
2026-08-19 12:20:18,122 [DEBUG] Starting CanStack
2026-08-19 12:20:18,123 [DEBUG] Main thread has started
2026-08-19 12:20:18,124 [DEBUG] Relay thread has started
2026-08-19 12:20:18,125 [INFO] Connection opened
2026-08-19 12:20:18,125 [INFO] Switched to physical mode for TC: TC_ID-22-669 Step: PreCondition: PC_ID-10-002  Testcase:B_CAN_Database_Version_F1_00_Read(Extendedsession) [DiagTestPi R02]
2026-08-19 12:20:18,126 [INFO] TC_ID-22-669 - PreCondition: PC_ID-10-002  Testcase:B_CAN_Database_Version_F1_00_Read(Extendedsession) [DiagTestPi R02]: SID=0x22, Sub=0xF100, Expected=[6, 98, 241, 0, 37, 8, 1, 170]
2026-08-19 12:20:18,194 [INFO] TC_ID-22-669 - PreCondition: PC_ID-10-002  Testcase:B_CAN_Database_Version_F1_00_Read(Extendedsession) [DiagTestPi R02]: Sending request 22F100
2026-08-19 12:20:18,195 [INFO] TC_ID-22-669 - PreCondition: PC_ID-10-002  Testcase:B_CAN_Database_Version_F1_00_Read(Extendedsession) [DiagTestPi R02]: Sending request 22F100
2026-08-19 12:20:18,196 [DEBUG] Sending 3 bytes : [22f100]
2026-08-19 12:20:18,197 [DEBUG] Enqueuing a SendRequest for 3 bytes and TAT=Physical
2026-08-19 12:20:18,198 [DEBUG] Tx: <716> (08) [ ]	 0322f10000000000
2026-08-19 12:20:18,200 [DEBUG] We've been asked to write a message to the bus
2026-08-19 12:20:18,201 [DEBUG] sending: Timestamp:        0.000000    ID:      716    S Rx     F BS       DL:  8    03 22 f1 00 00 00 00 00
2026-08-19 12:20:18,223 [INFO] Test end time: .6f(TC: TC_ID-22-669, step: PreCondition: PC_ID-10-002  Testcase:B_CAN_Database_Version_F1_00_Read(Extendedsession) [DiagTestPi R02])
2026-08-19 12:20:18,225 [DEBUG] Rx: <71E> (08) [p]	 0662f100250801aa
2026-08-19 12:20:18,278 [INFO] TC_ID-22-669 - Received: 62F100250801
2026-08-19 12:20:18,283 [WARNING] TC_ID-22-669 - PreCondition: PC_ID-10-002  Testcase:B_CAN_Database_Version_F1_00_Read(Extendedsession) [DiagTestPi R02] -> ❌ FAIL - Expected 0662F100250801AA
2026-08-19 12:20:18,286 [DEBUG] Stopping CanStack
2026-08-19 12:20:18,289 [DEBUG] Main thread is exiting
2026-08-19 12:20:18,326 [DEBUG] CanStack Stopped
2026-08-19 12:20:18,327 [INFO] Connection closed
2026-08-19 12:20:18,328 [INFO] Running Test Case: PC_ID-10-002
2026-08-19 12:20:18,329 [DEBUG] Starting CanStack
2026-08-19 12:20:18,330 [DEBUG] Main thread has started
2026-08-19 12:20:18,332 [DEBUG] Relay thread has started
2026-08-19 12:20:18,333 [INFO] Connection opened
2026-08-19 12:20:18,334 [INFO] Switched to physical mode for TC: PC_ID-10-002 Step: Start Extended session [DiagTestPi R12]
2026-08-19 12:20:18,336 [INFO] PC_ID-10-002 - Start Extended session [DiagTestPi R12]: SID=0x10, Sub=0x03, Expected=[6, 80, 3, 0, 50, 1, 244, 170]
2026-08-19 12:20:18,392 [INFO] PC_ID-10-002 - Start Extended session [DiagTestPi R12]: Sending 1003
2026-08-19 12:20:18,443 [INFO] PC_ID-10-002 - Start Extended session [DiagTestPi R12]: Sending request 1003
2026-08-19 12:20:18,444 [DEBUG] Sending 2 bytes : [1003]
2026-08-19 12:20:18,444 [DEBUG] Enqueuing a SendRequest for 2 bytes and TAT=Physical
2026-08-19 12:20:18,446 [DEBUG] Tx: <716> (08) [ ]	 0210030000000000
2026-08-19 12:20:18,446 [DEBUG] We've been asked to write a message to the bus
2026-08-19 12:20:18,447 [DEBUG] sending: Timestamp:        0.000000    ID:      716    S Rx     F BS       DL:  8    02 10 03 00 00 00 00 00
2026-08-19 12:20:18,468 [DEBUG] Rx: <71E> (08) [p]	 065003003201f4aa
2026-08-19 12:20:18,470 [INFO] Test end time: .6f(TC: PC_ID-10-002, step: Start Extended session [DiagTestPi R12])
2026-08-19 12:20:18,471 [INFO] PC_ID-10-002 - Received: 5003003201F4
2026-08-19 12:20:18,472 [WARNING] PC_ID-10-002 - Start Extended session [DiagTestPi R12] -> FAIL - Unexpected response
2026-08-19 12:20:18,473 [DEBUG] Stopping CanStack
2026-08-19 12:20:18,474 [DEBUG] Main thread is exiting
2026-08-19 12:20:18,517 [DEBUG] CanStack Stopped
2026-08-19 12:20:18,518 [INFO] Connection closed
2026-08-19 12:20:18,519 [INFO] Running Test Case: TC_ID-22-670
2026-08-19 12:20:18,519 [DEBUG] Starting CanStack
2026-08-19 12:20:18,521 [DEBUG] Main thread has started
2026-08-19 12:20:18,522 [DEBUG] Relay thread has started
2026-08-19 12:20:18,522 [INFO] Connection opened
2026-08-19 12:20:18,523 [INFO] Switched to physical mode for TC: TC_ID-22-670 Step: PreCondition: PC_ID-10-002  Testcase:Vehicle_Manufacturer_Spare_Part_Number_F1_87_Read(Extendedsession) [DiagTestPi R02]
2026-08-19 12:20:18,524 [INFO] TC_ID-22-670 - PreCondition: PC_ID-10-002  Testcase:Vehicle_Manufacturer_Spare_Part_Number_F1_87_Read(Extendedsession) [DiagTestPi R02]: SID=0x22, Sub=0xF187, Expected=[16, 13, 98, 241, 135, 57, 54, 53, 52, 48, 83, 66, 48, 48, 48]
2026-08-19 12:20:18,598 [INFO] TC_ID-22-670 - PreCondition: PC_ID-10-002  Testcase:Vehicle_Manufacturer_Spare_Part_Number_F1_87_Read(Extendedsession) [DiagTestPi R02]: Sending request 22F187
2026-08-19 12:20:18,599 [INFO] TC_ID-22-670 - PreCondition: PC_ID-10-002  Testcase:Vehicle_Manufacturer_Spare_Part_Number_F1_87_Read(Extendedsession) [DiagTestPi R02]: Sending request 22F187
2026-08-19 12:20:18,600 [DEBUG] Sending 3 bytes : [22f187]
2026-08-19 12:20:18,601 [DEBUG] Enqueuing a SendRequest for 3 bytes and TAT=Physical
2026-08-19 12:20:18,603 [DEBUG] Tx: <716> (08) [ ]	 0322f18700000000
2026-08-19 12:20:18,604 [DEBUG] We've been asked to write a message to the bus
2026-08-19 12:20:18,605 [DEBUG] sending: Timestamp:        0.000000    ID:      716    S Rx     F BS       DL:  8    03 22 f1 87 00 00 00 00
2026-08-19 12:20:18,625 [DEBUG] We've been asked to write a message to the bus
2026-08-19 12:20:18,626 [DEBUG] Rx: <71E> (08) [p]	 100d62f187393635
2026-08-19 12:20:18,627 [DEBUG] sending: Timestamp:        0.000000    ID:      716    S Rx     F BS       DL:  8    30 08 64 00 00 00 00 00
2026-08-19 12:20:18,629 [DEBUG] Tx: <716> (08) [ ]	 3008640000000000
2026-08-19 12:20:18,632 [DEBUG] We've been asked to write a message to the bus
2026-08-19 12:20:18,635 [DEBUG] sending: Timestamp:        0.000000    ID:      716    S Rx     F BS       DL:  8    30 08 64 00 00 00 00 00
2026-08-19 12:20:18,636 [DEBUG] TxState=IDLE - RxState=WAIT_CF
2026-08-19 12:20:18,640 [INFO] Test end time: .6f(TC: TC_ID-22-670, step: PreCondition: PC_ID-10-002  Testcase:Vehicle_Manufacturer_Spare_Part_Number_F1_87_Read(Extendedsession) [DiagTestPi R02])
2026-08-19 12:20:18,642 [DEBUG] Rx: <71E> (08) [p]	 2134305342303030
2026-08-19 12:20:18,693 [INFO] TC_ID-22-670 - Received: 62F18739363534305342303030
2026-08-19 12:20:18,694 [WARNING] TC_ID-22-670 - PreCondition: PC_ID-10-002  Testcase:Vehicle_Manufacturer_Spare_Part_Number_F1_87_Read(Extendedsession) [DiagTestPi R02] -> ❌ FAIL - Expected 100D62F18739363534305342303030
2026-08-19 12:20:18,698 [DEBUG] TxState=IDLE - RxState=IDLE
2026-08-19 12:20:18,701 [DEBUG] Stopping CanStack
2026-08-19 12:20:18,707 [DEBUG] Main thread is exiting
2026-08-19 12:20:18,745 [DEBUG] CanStack Stopped
2026-08-19 12:20:18,748 [INFO] Connection closed
2026-08-19 12:20:18,752 [INFO] Running Test Case: PC_ID-10-002
2026-08-19 12:20:18,753 [DEBUG] Starting CanStack
2026-08-19 12:20:18,755 [DEBUG] Main thread has started
2026-08-19 12:20:18,756 [DEBUG] Relay thread has started
2026-08-19 12:20:18,757 [INFO] Connection opened
2026-08-19 12:20:18,758 [INFO] Switched to physical mode for TC: PC_ID-10-002 Step: Start Extended session [DiagTestPi R12]
2026-08-19 12:20:18,758 [INFO] PC_ID-10-002 - Start Extended session [DiagTestPi R12]: SID=0x10, Sub=0x03, Expected=[6, 80, 3, 0, 50, 1, 244, 170]
2026-08-19 12:20:18,816 [INFO] PC_ID-10-002 - Start Extended session [DiagTestPi R12]: Sending 1003
2026-08-19 12:20:18,861 [INFO] PC_ID-10-002 - Start Extended session [DiagTestPi R12]: Sending request 1003
2026-08-19 12:20:18,863 [DEBUG] Sending 2 bytes : [1003]
2026-08-19 12:20:18,864 [DEBUG] Enqueuing a SendRequest for 2 bytes and TAT=Physical
2026-08-19 12:20:18,866 [DEBUG] Tx: <716> (08) [ ]	 0210030000000000
2026-08-19 12:20:18,867 [DEBUG] We've been asked to write a message to the bus
2026-08-19 12:20:18,868 [DEBUG] sending: Timestamp:        0.000000    ID:      716    S Rx     F BS       DL:  8    02 10 03 00 00 00 00 00
2026-08-19 12:20:18,887 [DEBUG] Rx: <71E> (08) [p]	 065003003201f4aa
2026-08-19 12:20:18,891 [INFO] Test end time: .6f(TC: PC_ID-10-002, step: Start Extended session [DiagTestPi R12])
2026-08-19 12:20:18,892 [INFO] PC_ID-10-002 - Received: 5003003201F4
2026-08-19 12:20:18,893 [WARNING] PC_ID-10-002 - Start Extended session [DiagTestPi R12] -> FAIL - Unexpected response
2026-08-19 12:20:18,894 [DEBUG] Stopping CanStack
2026-08-19 12:20:18,895 [DEBUG] Main thread is exiting
2026-08-19 12:20:18,936 [DEBUG] CanStack Stopped
2026-08-19 12:20:18,937 [INFO] Connection closed
2026-08-19 12:20:18,937 [INFO] Running Test Case: TC_ID-22-671
2026-08-19 12:20:18,938 [DEBUG] Starting CanStack
2026-08-19 12:20:18,939 [DEBUG] Main thread has started
2026-08-19 12:20:18,941 [DEBUG] Relay thread has started
2026-08-19 12:20:18,941 [INFO] Connection opened
2026-08-19 12:20:18,942 [INFO] Switched to physical mode for TC: TC_ID-22-671 Step: PreCondition: PC_ID-10-002  Testcase:Manufacturing_F1_8B_Read(Extendedsession) [DiagTestPi R02]
2026-08-19 12:20:18,943 [INFO] TC_ID-22-671 - PreCondition: PC_ID-10-002  Testcase:Manufacturing_F1_8B_Read(Extendedsession) [DiagTestPi R02]: SID=0x22, Sub=0xF18B, Expected=[7, 98, 241, 139, 0, 0, 0, 0]
2026-08-19 12:20:19,009 [INFO] TC_ID-22-671 - PreCondition: PC_ID-10-002  Testcase:Manufacturing_F1_8B_Read(Extendedsession) [DiagTestPi R02]: Sending request 22F18B
2026-08-19 12:20:19,009 [INFO] TC_ID-22-671 - PreCondition: PC_ID-10-002  Testcase:Manufacturing_F1_8B_Read(Extendedsession) [DiagTestPi R02]: Sending request 22F18B
2026-08-19 12:20:19,010 [DEBUG] Sending 3 bytes : [22f18b]
2026-08-19 12:20:19,011 [DEBUG] Enqueuing a SendRequest for 3 bytes and TAT=Physical
2026-08-19 12:20:19,012 [DEBUG] Tx: <716> (08) [ ]	 0322f18b00000000
2026-08-19 12:20:19,013 [DEBUG] We've been asked to write a message to the bus
2026-08-19 12:20:19,013 [DEBUG] sending: Timestamp:        0.000000    ID:      716    S Rx     F BS       DL:  8    03 22 f1 8b 00 00 00 00
2026-08-19 12:20:19,037 [DEBUG] Rx: <71E> (08) [p]	 0762f18b00000000
2026-08-19 12:20:19,038 [INFO] Test end time: .6f(TC: TC_ID-22-671, step: PreCondition: PC_ID-10-002  Testcase:Manufacturing_F1_8B_Read(Extendedsession) [DiagTestPi R02])
2026-08-19 12:20:19,090 [INFO] TC_ID-22-671 - Received: 62F18B00000000
2026-08-19 12:20:19,091 [WARNING] TC_ID-22-671 - PreCondition: PC_ID-10-002  Testcase:Manufacturing_F1_8B_Read(Extendedsession) [DiagTestPi R02] -> ❌ FAIL - Expected 0762F18B00000000
2026-08-19 12:20:19,091 [DEBUG] Stopping CanStack
2026-08-19 12:20:19,092 [DEBUG] Main thread is exiting
2026-08-19 12:20:19,135 [DEBUG] CanStack Stopped
2026-08-19 12:20:19,137 [INFO] Connection closed
2026-08-19 12:20:19,137 [INFO] Running Test Case: PC_ID-10-002
2026-08-19 12:20:19,138 [DEBUG] Starting CanStack
2026-08-19 12:20:19,139 [DEBUG] Main thread has started
2026-08-19 12:20:19,140 [DEBUG] Relay thread has started
2026-08-19 12:20:19,141 [INFO] Connection opened
2026-08-19 12:20:19,142 [INFO] Switched to physical mode for TC: PC_ID-10-002 Step: Start Extended session [DiagTestPi R12]
2026-08-19 12:20:19,142 [INFO] PC_ID-10-002 - Start Extended session [DiagTestPi R12]: SID=0x10, Sub=0x03, Expected=[6, 80, 3, 0, 50, 1, 244, 170]
2026-08-19 12:20:19,197 [INFO] PC_ID-10-002 - Start Extended session [DiagTestPi R12]: Sending 1003
2026-08-19 12:20:19,242 [INFO] PC_ID-10-002 - Start Extended session [DiagTestPi R12]: Sending request 1003
2026-08-19 12:20:19,244 [DEBUG] Sending 2 bytes : [1003]
2026-08-19 12:20:19,245 [DEBUG] Enqueuing a SendRequest for 2 bytes and TAT=Physical
2026-08-19 12:20:19,247 [DEBUG] Tx: <716> (08) [ ]	 0210030000000000
2026-08-19 12:20:19,248 [DEBUG] We've been asked to write a message to the bus
2026-08-19 12:20:19,249 [DEBUG] sending: Timestamp:        0.000000    ID:      716    S Rx     F BS       DL:  8    02 10 03 00 00 00 00 00
2026-08-19 12:20:19,273 [INFO] Test end time: .6f(TC: PC_ID-10-002, step: Start Extended session [DiagTestPi R12])
2026-08-19 12:20:19,276 [INFO] PC_ID-10-002 - Received: 5003003201F4
2026-08-19 12:20:19,277 [DEBUG] Rx: <71E> (08) [p]	 065003003201f4aa
2026-08-19 12:20:19,278 [WARNING] PC_ID-10-002 - Start Extended session [DiagTestPi R12] -> FAIL - Unexpected response
2026-08-19 12:20:19,279 [DEBUG] Stopping CanStack
2026-08-19 12:20:19,281 [DEBUG] Main thread is exiting
2026-08-19 12:20:19,328 [DEBUG] CanStack Stopped
2026-08-19 12:20:19,331 [INFO] Connection closed
2026-08-19 12:20:19,335 [INFO] Running Test Case: TC_ID-22-672
2026-08-19 12:20:19,336 [DEBUG] Starting CanStack
2026-08-19 12:20:19,337 [DEBUG] Main thread has started
2026-08-19 12:20:19,338 [DEBUG] Relay thread has started
2026-08-19 12:20:19,340 [INFO] Connection opened
2026-08-19 12:20:19,341 [INFO] Switched to physical mode for TC: TC_ID-22-672 Step: PreCondition: PC_ID-10-002  Testcase:ECU_Serial_Number_F1_8C_Read(Extendedsession) [DiagTestPi R02]
2026-08-19 12:20:19,342 [INFO] TC_ID-22-672 - PreCondition: PC_ID-10-002  Testcase:ECU_Serial_Number_F1_8C_Read(Extendedsession) [DiagTestPi R02]: SID=0x22, Sub=0xF18C, Expected=[16, 35, 98, 241, 140, 48, 48, 48, 48, 48, 48, 48, 48, 51, 49, 32, 32, 32, 32, 32, 32, 32, 32, 32, 32, 32, 32, 32, 32, 32, 32, 32, 32, 32, 32, 32, 32]
2026-08-19 12:20:19,409 [INFO] TC_ID-22-672 - PreCondition: PC_ID-10-002  Testcase:ECU_Serial_Number_F1_8C_Read(Extendedsession) [DiagTestPi R02]: Sending request 22F18C
2026-08-19 12:20:19,410 [INFO] TC_ID-22-672 - PreCondition: PC_ID-10-002  Testcase:ECU_Serial_Number_F1_8C_Read(Extendedsession) [DiagTestPi R02]: Sending request 22F18C
2026-08-19 12:20:19,411 [DEBUG] Sending 3 bytes : [22f18c]
2026-08-19 12:20:19,412 [DEBUG] Enqueuing a SendRequest for 3 bytes and TAT=Physical
2026-08-19 12:20:19,414 [DEBUG] Tx: <716> (08) [ ]	 0322f18c00000000
2026-08-19 12:20:19,415 [DEBUG] We've been asked to write a message to the bus
2026-08-19 12:20:19,416 [DEBUG] sending: Timestamp:        0.000000    ID:      716    S Rx     F BS       DL:  8    03 22 f1 8c 00 00 00 00
2026-08-19 12:20:19,433 [DEBUG] We've been asked to write a message to the bus
2026-08-19 12:20:19,436 [DEBUG] sending: Timestamp:        0.000000    ID:      716    S Rx     F BS       DL:  8    30 08 64 00 00 00 00 00
2026-08-19 12:20:19,437 [DEBUG] Rx: <71E> (08) [p]	 102362f18c303030
2026-08-19 12:20:19,440 [DEBUG] Tx: <716> (08) [ ]	 3008640000000000
2026-08-19 12:20:19,442 [DEBUG] We've been asked to write a message to the bus
2026-08-19 12:20:19,444 [DEBUG] sending: Timestamp:        0.000000    ID:      716    S Rx     F BS       DL:  8    30 08 64 00 00 00 00 00
2026-08-19 12:20:19,446 [DEBUG] TxState=IDLE - RxState=WAIT_CF
2026-08-19 12:20:19,449 [DEBUG] Rx: <71E> (08) [p]	 2130303030303331
2026-08-19 12:20:19,548 [DEBUG] Rx: <71E> (08) [p]	 2220202020202020
2026-08-19 12:20:19,653 [DEBUG] Rx: <71E> (08) [p]	 2320202020202020
2026-08-19 12:20:19,758 [DEBUG] Rx: <71E> (08) [p]	 2420202020202020
2026-08-19 12:20:19,863 [DEBUG] Rx: <71E> (08) [p]	 2520aaaaaaaaaaaa
2026-08-19 12:20:19,864 [INFO] Test end time: .6f(TC: TC_ID-22-672, step: PreCondition: PC_ID-10-002  Testcase:ECU_Serial_Number_F1_8C_Read(Extendedsession) [DiagTestPi R02])
2026-08-19 12:20:19,916 [DEBUG] TxState=IDLE - RxState=IDLE
2026-08-19 12:20:19,917 [INFO] TC_ID-22-672 - Received: 62F18C3030303030303030333120202020202020202020202020202020202020202020
2026-08-19 12:20:19,920 [WARNING] TC_ID-22-672 - PreCondition: PC_ID-10-002  Testcase:ECU_Serial_Number_F1_8C_Read(Extendedsession) [DiagTestPi R02] -> ❌ FAIL - Expected 102362F18C3030303030303030333120202020202020202020202020202020202020202020
2026-08-19 12:20:19,923 [DEBUG] Stopping CanStack
2026-08-19 12:20:19,928 [DEBUG] Main thread is exiting
2026-08-19 12:20:19,966 [DEBUG] CanStack Stopped
2026-08-19 12:20:19,969 [INFO] Connection closed
2026-08-19 12:20:19,971 [INFO] Running Test Case: PC_ID-10-002
2026-08-19 12:20:19,972 [DEBUG] Starting CanStack
2026-08-19 12:20:19,974 [DEBUG] Main thread has started
2026-08-19 12:20:19,976 [DEBUG] Relay thread has started
2026-08-19 12:20:19,980 [INFO] Connection opened
2026-08-19 12:20:19,981 [INFO] Switched to physical mode for TC: PC_ID-10-002 Step: Start Extended session [DiagTestPi R12]
2026-08-19 12:20:19,981 [INFO] PC_ID-10-002 - Start Extended session [DiagTestPi R12]: SID=0x10, Sub=0x03, Expected=[6, 80, 3, 0, 50, 1, 244, 170]
2026-08-19 12:20:20,037 [INFO] PC_ID-10-002 - Start Extended session [DiagTestPi R12]: Sending 1003
2026-08-19 12:20:20,089 [INFO] PC_ID-10-002 - Start Extended session [DiagTestPi R12]: Sending request 1003
2026-08-19 12:20:20,090 [DEBUG] Sending 2 bytes : [1003]
2026-08-19 12:20:20,090 [DEBUG] Enqueuing a SendRequest for 2 bytes and TAT=Physical
2026-08-19 12:20:20,092 [DEBUG] Tx: <716> (08) [ ]	 0210030000000000
2026-08-19 12:20:20,092 [DEBUG] We've been asked to write a message to the bus
2026-08-19 12:20:20,093 [DEBUG] sending: Timestamp:        0.000000    ID:      716    S Rx     F BS       DL:  8    02 10 03 00 00 00 00 00
2026-08-19 12:20:20,117 [INFO] Test end time: .6f(TC: PC_ID-10-002, step: Start Extended session [DiagTestPi R12])
2026-08-19 12:20:20,118 [DEBUG] Rx: <71E> (08) [p]	 065003003201f4aa
2026-08-19 12:20:20,118 [INFO] PC_ID-10-002 - Received: 5003003201F4
2026-08-19 12:20:20,120 [WARNING] PC_ID-10-002 - Start Extended session [DiagTestPi R12] -> FAIL - Unexpected response
2026-08-19 12:20:20,121 [DEBUG] Stopping CanStack
2026-08-19 12:20:20,123 [DEBUG] Main thread is exiting
2026-08-19 12:20:20,167 [DEBUG] CanStack Stopped
2026-08-19 12:20:20,168 [INFO] Connection closed
2026-08-19 12:20:20,169 [INFO] Running Test Case: TC_ID-22-673
2026-08-19 12:20:20,169 [DEBUG] Starting CanStack
2026-08-19 12:20:20,170 [DEBUG] Main thread has started
2026-08-19 12:20:20,172 [DEBUG] Relay thread has started
2026-08-19 12:20:20,173 [INFO] Connection opened
2026-08-19 12:20:20,173 [INFO] Switched to physical mode for TC: TC_ID-22-673 Step: PreCondition: PC_ID-10-002  Testcase:Vehicle_Manufacturer_ECU_HW_Number_F1_91_Read(Extendedsession) [DiagTestPi R02]
2026-08-19 12:20:20,174 [INFO] TC_ID-22-673 - PreCondition: PC_ID-10-002  Testcase:Vehicle_Manufacturer_ECU_HW_Number_F1_91_Read(Extendedsession) [DiagTestPi R02]: SID=0x22, Sub=0xF191, Expected=[16, 8, 98, 241, 145, 48, 49, 46, 48, 48, 170, 170, 170, 170, 170]
2026-08-19 12:20:20,242 [INFO] TC_ID-22-673 - PreCondition: PC_ID-10-002  Testcase:Vehicle_Manufacturer_ECU_HW_Number_F1_91_Read(Extendedsession) [DiagTestPi R02]: Sending request 22F191
2026-08-19 12:20:20,243 [INFO] TC_ID-22-673 - PreCondition: PC_ID-10-002  Testcase:Vehicle_Manufacturer_ECU_HW_Number_F1_91_Read(Extendedsession) [DiagTestPi R02]: Sending request 22F191
2026-08-19 12:20:20,244 [DEBUG] Sending 3 bytes : [22f191]
2026-08-19 12:20:20,246 [DEBUG] Enqueuing a SendRequest for 3 bytes and TAT=Physical
2026-08-19 12:20:20,248 [DEBUG] Tx: <716> (08) [ ]	 0322f19100000000
2026-08-19 12:20:20,250 [DEBUG] We've been asked to write a message to the bus
2026-08-19 12:20:20,251 [DEBUG] sending: Timestamp:        0.000000    ID:      716    S Rx     F BS       DL:  8    03 22 f1 91 00 00 00 00
2026-08-19 12:20:20,273 [DEBUG] We've been asked to write a message to the bus
2026-08-19 12:20:20,276 [DEBUG] sending: Timestamp:        0.000000    ID:      716    S Rx     F BS       DL:  8    30 08 64 00 00 00 00 00
2026-08-19 12:20:20,278 [DEBUG] Rx: <71E> (08) [p]	 100862f19130312e
2026-08-19 12:20:20,281 [DEBUG] Tx: <716> (08) [ ]	 3008640000000000
2026-08-19 12:20:20,282 [DEBUG] We've been asked to write a message to the bus
2026-08-19 12:20:20,285 [DEBUG] sending: Timestamp:        0.000000    ID:      716    S Rx     F BS       DL:  8    30 08 64 00 00 00 00 00
2026-08-19 12:20:20,292 [INFO] Test end time: .6f(TC: TC_ID-22-673, step: PreCondition: PC_ID-10-002  Testcase:Vehicle_Manufacturer_ECU_HW_Number_F1_91_Read(Extendedsession) [DiagTestPi R02])
2026-08-19 12:20:20,297 [DEBUG] TxState=IDLE - RxState=WAIT_CF
2026-08-19 12:20:20,304 [DEBUG] Rx: <71E> (08) [p]	 213030aaaaaaaaaa
2026-08-19 12:20:20,350 [INFO] TC_ID-22-673 - Received: 62F19130312E3030
2026-08-19 12:20:20,351 [WARNING] TC_ID-22-673 - PreCondition: PC_ID-10-002  Testcase:Vehicle_Manufacturer_ECU_HW_Number_F1_91_Read(Extendedsession) [DiagTestPi R02] -> ❌ FAIL - Expected 100862F19130312E3030AAAAAAAAAA
2026-08-19 12:20:20,352 [DEBUG] Stopping CanStack
2026-08-19 12:20:20,356 [DEBUG] TxState=IDLE - RxState=IDLE
2026-08-19 12:20:20,357 [DEBUG] Main thread is exiting
2026-08-19 12:20:20,389 [DEBUG] CanStack Stopped
2026-08-19 12:20:20,393 [INFO] Connection closed
2026-08-19 12:20:20,394 [INFO] Running Test Case: PC_ID-10-002
2026-08-19 12:20:20,395 [DEBUG] Starting CanStack
2026-08-19 12:20:20,399 [DEBUG] Main thread has started
2026-08-19 12:20:20,406 [DEBUG] Relay thread has started
2026-08-19 12:20:20,412 [INFO] Connection opened
2026-08-19 12:20:20,413 [INFO] Switched to physical mode for TC: PC_ID-10-002 Step: Start Extended session [DiagTestPi R12]
2026-08-19 12:20:20,414 [INFO] PC_ID-10-002 - Start Extended session [DiagTestPi R12]: SID=0x10, Sub=0x03, Expected=[6, 80, 3, 0, 50, 1, 244, 170]
2026-08-19 12:20:20,479 [INFO] PC_ID-10-002 - Start Extended session [DiagTestPi R12]: Sending 1003
2026-08-19 12:20:20,531 [INFO] PC_ID-10-002 - Start Extended session [DiagTestPi R12]: Sending request 1003
2026-08-19 12:20:20,532 [DEBUG] Sending 2 bytes : [1003]
2026-08-19 12:20:20,534 [DEBUG] Enqueuing a SendRequest for 2 bytes and TAT=Physical
2026-08-19 12:20:20,535 [DEBUG] Tx: <716> (08) [ ]	 0210030000000000
2026-08-19 12:20:20,536 [DEBUG] We've been asked to write a message to the bus
2026-08-19 12:20:20,537 [DEBUG] sending: Timestamp:        0.000000    ID:      716    S Rx     F BS       DL:  8    02 10 03 00 00 00 00 00
2026-08-19 12:20:20,555 [INFO] Test end time: .6f(TC: PC_ID-10-002, step: Start Extended session [DiagTestPi R12])
2026-08-19 12:20:20,560 [INFO] PC_ID-10-002 - Received: 5003003201F4
2026-08-19 12:20:20,562 [DEBUG] Rx: <71E> (08) [p]	 065003003201f4aa
2026-08-19 12:20:20,563 [WARNING] PC_ID-10-002 - Start Extended session [DiagTestPi R12] -> FAIL - Unexpected response
2026-08-19 12:20:20,565 [DEBUG] Stopping CanStack
2026-08-19 12:20:20,567 [DEBUG] Main thread is exiting
2026-08-19 12:20:20,610 [DEBUG] CanStack Stopped
2026-08-19 12:20:20,611 [INFO] Connection closed
2026-08-19 12:20:20,612 [INFO] Running Test Case: TC_ID-22-674
2026-08-19 12:20:20,612 [DEBUG] Starting CanStack
2026-08-19 12:20:20,613 [DEBUG] Main thread has started
2026-08-19 12:20:20,614 [DEBUG] Relay thread has started
2026-08-19 12:20:20,615 [INFO] Connection opened
2026-08-19 12:20:20,616 [INFO] Switched to physical mode for TC: TC_ID-22-674 Step: PreCondition: PC_ID-10-002  Testcase:HardwareVersionNumber_F1_93_Read(Extendedsession) [DiagTestPi R02]
2026-08-19 12:20:20,617 [INFO] TC_ID-22-674 - PreCondition: PC_ID-10-002  Testcase:HardwareVersionNumber_F1_93_Read(Extendedsession) [DiagTestPi R02]: SID=0x22, Sub=0xF193, Expected=[16, 8, 98, 241, 147, 48, 49, 46, 48, 48, 170, 170, 170, 170, 170]
2026-08-19 12:20:20,683 [INFO] TC_ID-22-674 - PreCondition: PC_ID-10-002  Testcase:HardwareVersionNumber_F1_93_Read(Extendedsession) [DiagTestPi R02]: Sending request 22F193
2026-08-19 12:20:20,684 [INFO] TC_ID-22-674 - PreCondition: PC_ID-10-002  Testcase:HardwareVersionNumber_F1_93_Read(Extendedsession) [DiagTestPi R02]: Sending request 22F193
2026-08-19 12:20:20,685 [DEBUG] Sending 3 bytes : [22f193]
2026-08-19 12:20:20,685 [DEBUG] Enqueuing a SendRequest for 3 bytes and TAT=Physical
2026-08-19 12:20:20,687 [DEBUG] Tx: <716> (08) [ ]	 0322f19300000000
2026-08-19 12:20:20,689 [DEBUG] We've been asked to write a message to the bus
2026-08-19 12:20:20,690 [DEBUG] sending: Timestamp:        0.000000    ID:      716    S Rx     F BS       DL:  8    03 22 f1 93 00 00 00 00
2026-08-19 12:20:20,715 [DEBUG] Rx: <71E> (08) [p]	 100862f19330312e
2026-08-19 12:20:20,716 [DEBUG] We've been asked to write a message to the bus
2026-08-19 12:20:20,717 [DEBUG] Tx: <716> (08) [ ]	 3008640000000000
2026-08-19 12:20:20,718 [DEBUG] sending: Timestamp:        0.000000    ID:      716    S Rx     F BS       DL:  8    30 08 64 00 00 00 00 00
2026-08-19 12:20:20,719 [DEBUG] We've been asked to write a message to the bus
2026-08-19 12:20:20,721 [DEBUG] sending: Timestamp:        0.000000    ID:      716    S Rx     F BS       DL:  8    30 08 64 00 00 00 00 00
2026-08-19 12:20:20,726 [INFO] Test end time: .6f(TC: TC_ID-22-674, step: PreCondition: PC_ID-10-002  Testcase:HardwareVersionNumber_F1_93_Read(Extendedsession) [DiagTestPi R02])
2026-08-19 12:20:20,727 [DEBUG] TxState=IDLE - RxState=WAIT_CF
2026-08-19 12:20:20,731 [DEBUG] Rx: <71E> (08) [p]	 213030aaaaaaaaaa
2026-08-19 12:20:20,778 [INFO] TC_ID-22-674 - Received: 62F19330312E3030
2026-08-19 12:20:20,780 [WARNING] TC_ID-22-674 - PreCondition: PC_ID-10-002  Testcase:HardwareVersionNumber_F1_93_Read(Extendedsession) [DiagTestPi R02] -> ❌ FAIL - Expected 100862F19330312E3030AAAAAAAAAA
2026-08-19 12:20:20,780 [DEBUG] Stopping CanStack
2026-08-19 12:20:20,781 [DEBUG] TxState=IDLE - RxState=IDLE
2026-08-19 12:20:20,782 [DEBUG] Main thread is exiting
2026-08-19 12:20:20,826 [DEBUG] CanStack Stopped
2026-08-19 12:20:20,828 [INFO] Connection closed
2026-08-19 12:20:20,829 [INFO] Running Test Case: PC_ID-10-002
2026-08-19 12:20:20,830 [DEBUG] Starting CanStack
2026-08-19 12:20:20,832 [DEBUG] Main thread has started
2026-08-19 12:20:20,834 [DEBUG] Relay thread has started
2026-08-19 12:20:20,835 [INFO] Connection opened
2026-08-19 12:20:20,836 [INFO] Switched to physical mode for TC: PC_ID-10-002 Step: Start Extended session [DiagTestPi R12]
2026-08-19 12:20:20,837 [INFO] PC_ID-10-002 - Start Extended session [DiagTestPi R12]: SID=0x10, Sub=0x03, Expected=[6, 80, 3, 0, 50, 1, 244, 170]
2026-08-19 12:20:20,895 [INFO] PC_ID-10-002 - Start Extended session [DiagTestPi R12]: Sending 1003
2026-08-19 12:20:20,947 [INFO] PC_ID-10-002 - Start Extended session [DiagTestPi R12]: Sending request 1003
2026-08-19 12:20:20,948 [DEBUG] Sending 2 bytes : [1003]
2026-08-19 12:20:20,950 [DEBUG] Enqueuing a SendRequest for 2 bytes and TAT=Physical
2026-08-19 12:20:20,952 [DEBUG] Tx: <716> (08) [ ]	 0210030000000000
2026-08-19 12:20:20,953 [DEBUG] We've been asked to write a message to the bus
2026-08-19 12:20:20,953 [DEBUG] sending: Timestamp:        0.000000    ID:      716    S Rx     F BS       DL:  8    02 10 03 00 00 00 00 00
2026-08-19 12:20:20,976 [INFO] Test end time: .6f(TC: PC_ID-10-002, step: Start Extended session [DiagTestPi R12])
2026-08-19 12:20:20,981 [DEBUG] Rx: <71E> (08) [p]	 065003003201f4aa
2026-08-19 12:20:20,983 [INFO] PC_ID-10-002 - Received: 5003003201F4
2026-08-19 12:20:20,987 [WARNING] PC_ID-10-002 - Start Extended session [DiagTestPi R12] -> FAIL - Unexpected response
2026-08-19 12:20:20,988 [DEBUG] Stopping CanStack
2026-08-19 12:20:20,990 [DEBUG] Main thread is exiting
2026-08-19 12:20:21,032 [DEBUG] CanStack Stopped
2026-08-19 12:20:21,033 [INFO] Connection closed
2026-08-19 12:20:21,034 [INFO] Running Test Case: TC_ID-22-675
2026-08-19 12:20:21,034 [DEBUG] Starting CanStack
2026-08-19 12:20:21,035 [DEBUG] Main thread has started
2026-08-19 12:20:21,036 [DEBUG] Relay thread has started
2026-08-19 12:20:21,037 [INFO] Connection opened
2026-08-19 12:20:21,038 [INFO] Switched to physical mode for TC: TC_ID-22-675 Step: PreCondition: PC_ID-10-002  Testcase:ECUSoftwareUnit1IVDDataIdentifier_F1_C1_Read(Extendedsession) [DiagTestPi R02]
2026-08-19 12:20:21,039 [INFO] TC_ID-22-675 - PreCondition: PC_ID-10-002  Testcase:ECUSoftwareUnit1IVDDataIdentifier_F1_C1_Read(Extendedsession) [DiagTestPi R02]: SID=0x22, Sub=0xF1C1, Expected=[16, 35, 98, 241, 193, 48, 179, 167, 104, 32, 248, 99, 79, 185, 52, 231, 142, 252, 108, 251, 97, 127, 48, 1, 118, 187, 111, 115, 14, 212, 209, 104, 7, 63, 106, 215, 66, 170, 170, 170, 170, 170, 170]
2026-08-19 12:20:21,107 [INFO] TC_ID-22-675 - PreCondition: PC_ID-10-002  Testcase:ECUSoftwareUnit1IVDDataIdentifier_F1_C1_Read(Extendedsession) [DiagTestPi R02]: Sending request 22F1C1
2026-08-19 12:20:21,108 [INFO] TC_ID-22-675 - PreCondition: PC_ID-10-002  Testcase:ECUSoftwareUnit1IVDDataIdentifier_F1_C1_Read(Extendedsession) [DiagTestPi R02]: Sending request 22F1C1
2026-08-19 12:20:21,109 [DEBUG] Sending 3 bytes : [22f1c1]
2026-08-19 12:20:21,110 [DEBUG] Enqueuing a SendRequest for 3 bytes and TAT=Physical
2026-08-19 12:20:21,111 [DEBUG] Tx: <716> (08) [ ]	 0322f1c100000000
2026-08-19 12:20:21,113 [DEBUG] We've been asked to write a message to the bus
2026-08-19 12:20:21,114 [DEBUG] sending: Timestamp:        0.000000    ID:      716    S Rx     F BS       DL:  8    03 22 f1 c1 00 00 00 00
2026-08-19 12:20:21,133 [DEBUG] We've been asked to write a message to the bus
2026-08-19 12:20:21,136 [DEBUG] sending: Timestamp:        0.000000    ID:      716    S Rx     F BS       DL:  8    30 08 64 00 00 00 00 00
2026-08-19 12:20:21,138 [DEBUG] Rx: <71E> (08) [p]	 102362f1c130b3a7
2026-08-19 12:20:21,140 [DEBUG] Tx: <716> (08) [ ]	 3008640000000000
2026-08-19 12:20:21,142 [DEBUG] We've been asked to write a message to the bus
2026-08-19 12:20:21,143 [DEBUG] sending: Timestamp:        0.000000    ID:      716    S Rx     F BS       DL:  8    30 08 64 00 00 00 00 00
2026-08-19 12:20:21,146 [DEBUG] TxState=IDLE - RxState=WAIT_CF
2026-08-19 12:20:21,148 [DEBUG] Rx: <71E> (08) [p]	 216820f8634fb934
2026-08-19 12:20:21,249 [DEBUG] Rx: <71E> (08) [p]	 22e78efc6cfb617f
2026-08-19 12:20:21,354 [DEBUG] Rx: <71E> (08) [p]	 23300176bb6f730e
2026-08-19 12:20:21,459 [DEBUG] Rx: <71E> (08) [p]	 24d4d168073f6ad7
2026-08-19 12:20:21,564 [DEBUG] Rx: <71E> (08) [p]	 2542aaaaaaaaaaaa
2026-08-19 12:20:21,565 [INFO] Test end time: .6f(TC: TC_ID-22-675, step: PreCondition: PC_ID-10-002  Testcase:ECUSoftwareUnit1IVDDataIdentifier_F1_C1_Read(Extendedsession) [DiagTestPi R02])
2026-08-19 12:20:21,617 [DEBUG] TxState=IDLE - RxState=IDLE
2026-08-19 12:20:21,618 [INFO] TC_ID-22-675 - Received: 62F1C130B3A76820F8634FB934E78EFC6CFB617F300176BB6F730ED4D168073F6AD742
2026-08-19 12:20:21,620 [WARNING] TC_ID-22-675 - PreCondition: PC_ID-10-002  Testcase:ECUSoftwareUnit1IVDDataIdentifier_F1_C1_Read(Extendedsession) [DiagTestPi R02] -> ❌ FAIL - Expected 102362F1C130B3A76820F8634FB934E78EFC6CFB617F300176BB6F730ED4D168073F6AD742AAAAAAAAAAAA
2026-08-19 12:20:21,623 [DEBUG] Stopping CanStack
2026-08-19 12:20:21,628 [DEBUG] Main thread is exiting
2026-08-19 12:20:21,666 [DEBUG] CanStack Stopped
2026-08-19 12:20:21,669 [INFO] Connection closed
2026-08-19 12:20:21,672 [INFO] Running Test Case: PC_ID-10-002
2026-08-19 12:20:21,673 [DEBUG] Starting CanStack
2026-08-19 12:20:21,675 [DEBUG] Main thread has started
2026-08-19 12:20:21,676 [DEBUG] Relay thread has started
2026-08-19 12:20:21,678 [INFO] Connection opened
2026-08-19 12:20:21,678 [INFO] Switched to physical mode for TC: PC_ID-10-002 Step: Start Extended session [DiagTestPi R12]
2026-08-19 12:20:21,679 [INFO] PC_ID-10-002 - Start Extended session [DiagTestPi R12]: SID=0x10, Sub=0x03, Expected=[6, 80, 3, 0, 50, 1, 244, 170]
2026-08-19 12:20:21,736 [INFO] PC_ID-10-002 - Start Extended session [DiagTestPi R12]: Sending 1003
2026-08-19 12:20:21,781 [INFO] PC_ID-10-002 - Start Extended session [DiagTestPi R12]: Sending request 1003
2026-08-19 12:20:21,782 [DEBUG] Sending 2 bytes : [1003]
2026-08-19 12:20:21,783 [DEBUG] Enqueuing a SendRequest for 2 bytes and TAT=Physical
2026-08-19 12:20:21,785 [DEBUG] Tx: <716> (08) [ ]	 0210030000000000
2026-08-19 12:20:21,786 [DEBUG] We've been asked to write a message to the bus
2026-08-19 12:20:21,787 [DEBUG] sending: Timestamp:        0.000000    ID:      716    S Rx     F BS       DL:  8    02 10 03 00 00 00 00 00
2026-08-19 12:20:21,810 [INFO] Test end time: .6f(TC: PC_ID-10-002, step: Start Extended session [DiagTestPi R12])
2026-08-19 12:20:21,812 [DEBUG] Rx: <71E> (08) [p]	 065003003201f4aa
2026-08-19 12:20:21,814 [INFO] PC_ID-10-002 - Received: 5003003201F4
2026-08-19 12:20:21,816 [WARNING] PC_ID-10-002 - Start Extended session [DiagTestPi R12] -> FAIL - Unexpected response
2026-08-19 12:20:21,817 [DEBUG] Stopping CanStack
2026-08-19 12:20:21,818 [DEBUG] Main thread is exiting
2026-08-19 12:20:21,856 [DEBUG] CanStack Stopped
2026-08-19 12:20:21,857 [INFO] Connection closed
2026-08-19 12:20:21,859 [INFO] Running Test Case: TC_ID-22-676
2026-08-19 12:20:21,860 [DEBUG] Starting CanStack
2026-08-19 12:20:21,861 [DEBUG] Main thread has started
2026-08-19 12:20:21,862 [DEBUG] Relay thread has started
2026-08-19 12:20:21,864 [INFO] Connection opened
2026-08-19 12:20:21,865 [INFO] Switched to physical mode for TC: TC_ID-22-676 Step: PreCondition: PC_ID-10-002  Testcase:SystemSupplierECUSoftwareVersionNumbe_DataIdentifier_F1_95_Read(Extendedsession) [DiagTestPi R02]
2026-08-19 12:20:21,866 [INFO] TC_ID-22-676 - PreCondition: PC_ID-10-002  Testcase:SystemSupplierECUSoftwareVersionNumbe_DataIdentifier_F1_95_Read(Extendedsession) [DiagTestPi R02]: SID=0x22, Sub=0xF195, Expected=[16, 8, 98, 241, 149, 48, 49, 46, 48, 49, 170, 170, 170, 170, 170]
2026-08-19 12:20:21,948 [INFO] TC_ID-22-676 - PreCondition: PC_ID-10-002  Testcase:SystemSupplierECUSoftwareVersionNumbe_DataIdentifier_F1_95_Read(Extendedsession) [DiagTestPi R02]: Sending request 22F195
2026-08-19 12:20:21,949 [INFO] TC_ID-22-676 - PreCondition: PC_ID-10-002  Testcase:SystemSupplierECUSoftwareVersionNumbe_DataIdentifier_F1_95_Read(Extendedsession) [DiagTestPi R02]: Sending request 22F195
2026-08-19 12:20:21,949 [DEBUG] Sending 3 bytes : [22f195]
2026-08-19 12:20:21,950 [DEBUG] Enqueuing a SendRequest for 3 bytes and TAT=Physical
2026-08-19 12:20:21,951 [DEBUG] Tx: <716> (08) [ ]	 0322f19500000000
2026-08-19 12:20:21,951 [DEBUG] We've been asked to write a message to the bus
2026-08-19 12:20:21,952 [DEBUG] sending: Timestamp:        0.000000    ID:      716    S Rx     F BS       DL:  8    03 22 f1 95 00 00 00 00
2026-08-19 12:20:21,980 [DEBUG] We've been asked to write a message to the bus
2026-08-19 12:20:21,983 [DEBUG] Rx: <71E> (08) [p]	 100862f19530312e
2026-08-19 12:20:21,988 [DEBUG] sending: Timestamp:        0.000000    ID:      716    S Rx     F BS       DL:  8    30 08 64 00 00 00 00 00
2026-08-19 12:20:21,990 [DEBUG] Tx: <716> (08) [ ]	 3008640000000000
2026-08-19 12:20:21,993 [DEBUG] We've been asked to write a message to the bus
2026-08-19 12:20:21,995 [DEBUG] sending: Timestamp:        0.000000    ID:      716    S Rx     F BS       DL:  8    30 08 64 00 00 00 00 00
2026-08-19 12:20:21,997 [DEBUG] TxState=IDLE - RxState=WAIT_CF
2026-08-19 12:20:21,999 [INFO] Test end time: .6f(TC: TC_ID-22-676, step: PreCondition: PC_ID-10-002  Testcase:SystemSupplierECUSoftwareVersionNumbe_DataIdentifier_F1_95_Read(Extendedsession) [DiagTestPi R02])
2026-08-19 12:20:22,000 [DEBUG] Rx: <71E> (08) [p]	 213031aaaaaaaaaa
2026-08-19 12:20:22,050 [INFO] TC_ID-22-676 - Received: 62F19530312E3031
2026-08-19 12:20:22,052 [WARNING] TC_ID-22-676 - PreCondition: PC_ID-10-002  Testcase:SystemSupplierECUSoftwareVersionNumbe_DataIdentifier_F1_95_Read(Extendedsession) [DiagTestPi R02] -> ❌ FAIL - Expected 100862F19530312E3031AAAAAAAAAA
2026-08-19 12:20:22,052 [DEBUG] TxState=IDLE - RxState=IDLE
2026-08-19 12:20:22,053 [DEBUG] Stopping CanStack
2026-08-19 12:20:22,055 [DEBUG] Main thread is exiting
2026-08-19 12:20:22,100 [DEBUG] CanStack Stopped
2026-08-19 12:20:22,101 [INFO] Connection closed
2026-08-19 12:20:22,102 [INFO] Running Test Case: PC_ID-10-002
2026-08-19 12:20:22,104 [DEBUG] Starting CanStack
2026-08-19 12:20:22,106 [DEBUG] Main thread has started
2026-08-19 12:20:22,107 [DEBUG] Relay thread has started
2026-08-19 12:20:22,109 [INFO] Connection opened
2026-08-19 12:20:22,110 [INFO] Switched to physical mode for TC: PC_ID-10-002 Step: Start Extended session [DiagTestPi R12]
2026-08-19 12:20:22,110 [INFO] PC_ID-10-002 - Start Extended session [DiagTestPi R12]: SID=0x10, Sub=0x03, Expected=[6, 80, 3, 0, 50, 1, 244, 170]
2026-08-19 12:20:22,166 [INFO] PC_ID-10-002 - Start Extended session [DiagTestPi R12]: Sending 1003
2026-08-19 12:20:22,219 [INFO] PC_ID-10-002 - Start Extended session [DiagTestPi R12]: Sending request 1003
2026-08-19 12:20:22,220 [DEBUG] Sending 2 bytes : [1003]
2026-08-19 12:20:22,221 [DEBUG] Enqueuing a SendRequest for 2 bytes and TAT=Physical
2026-08-19 12:20:22,223 [DEBUG] Tx: <716> (08) [ ]	 0210030000000000
2026-08-19 12:20:22,225 [DEBUG] We've been asked to write a message to the bus
2026-08-19 12:20:22,226 [DEBUG] sending: Timestamp:        0.000000    ID:      716    S Rx     F BS       DL:  8    02 10 03 00 00 00 00 00
2026-08-19 12:20:22,247 [INFO] Test end time: .6f(TC: PC_ID-10-002, step: Start Extended session [DiagTestPi R12])
2026-08-19 12:20:22,249 [DEBUG] Rx: <71E> (08) [p]	 065003003201f4aa
2026-08-19 12:20:22,253 [INFO] PC_ID-10-002 - Received: 5003003201F4
2026-08-19 12:20:22,254 [WARNING] PC_ID-10-002 - Start Extended session [DiagTestPi R12] -> FAIL - Unexpected response
2026-08-19 12:20:22,255 [DEBUG] Stopping CanStack
2026-08-19 12:20:22,256 [DEBUG] Main thread is exiting
2026-08-19 12:20:22,296 [DEBUG] CanStack Stopped
2026-08-19 12:20:22,298 [INFO] Connection closed
2026-08-19 12:20:22,298 [INFO] Running Test Case: TC_ID-22-677
2026-08-19 12:20:22,299 [DEBUG] Starting CanStack
2026-08-19 12:20:22,301 [DEBUG] Main thread has started
2026-08-19 12:20:22,302 [DEBUG] Relay thread has started
2026-08-19 12:20:22,304 [INFO] Connection opened
2026-08-19 12:20:22,305 [INFO] Switched to physical mode for TC: TC_ID-22-677 Step: PreCondition: PC_ID-10-002  Testcase:Software_Version_for_HKMC_Vehicle_Manufacture_F1_A0_Read(Extendedsession) [DiagTestPi R02]
2026-08-19 12:20:22,306 [INFO] TC_ID-22-677 - PreCondition: PC_ID-10-002  Testcase:Software_Version_for_HKMC_Vehicle_Manufacture_F1_A0_Read(Extendedsession) [DiagTestPi R02]: SID=0x22, Sub=0xF1A0, Expected=[16, 8, 98, 241, 160, 48, 49, 46, 48, 49, 170, 170, 170, 170, 170]
2026-08-19 12:20:22,385 [INFO] TC_ID-22-677 - PreCondition: PC_ID-10-002  Testcase:Software_Version_for_HKMC_Vehicle_Manufacture_F1_A0_Read(Extendedsession) [DiagTestPi R02]: Sending request 22F1A0
2026-08-19 12:20:22,386 [INFO] TC_ID-22-677 - PreCondition: PC_ID-10-002  Testcase:Software_Version_for_HKMC_Vehicle_Manufacture_F1_A0_Read(Extendedsession) [DiagTestPi R02]: Sending request 22F1A0
2026-08-19 12:20:22,386 [DEBUG] Sending 3 bytes : [22f1a0]
2026-08-19 12:20:22,387 [DEBUG] Enqueuing a SendRequest for 3 bytes and TAT=Physical
2026-08-19 12:20:22,388 [DEBUG] Tx: <716> (08) [ ]	 0322f1a000000000
2026-08-19 12:20:22,389 [DEBUG] We've been asked to write a message to the bus
2026-08-19 12:20:22,389 [DEBUG] sending: Timestamp:        0.000000    ID:      716    S Rx     F BS       DL:  8    03 22 f1 a0 00 00 00 00
2026-08-19 12:20:22,415 [DEBUG] We've been asked to write a message to the bus
2026-08-19 12:20:22,421 [DEBUG] Rx: <71E> (08) [p]	 100862f1a030312e
2026-08-19 12:20:22,422 [DEBUG] sending: Timestamp:        0.000000    ID:      716    S Rx     F BS       DL:  8    30 08 64 00 00 00 00 00
2026-08-19 12:20:22,424 [DEBUG] Tx: <716> (08) [ ]	 3008640000000000
2026-08-19 12:20:22,425 [DEBUG] We've been asked to write a message to the bus
2026-08-19 12:20:22,427 [DEBUG] sending: Timestamp:        0.000000    ID:      716    S Rx     F BS       DL:  8    30 08 64 00 00 00 00 00
2026-08-19 12:20:22,430 [INFO] Test end time: .6f(TC: TC_ID-22-677, step: PreCondition: PC_ID-10-002  Testcase:Software_Version_for_HKMC_Vehicle_Manufacture_F1_A0_Read(Extendedsession) [DiagTestPi R02])
2026-08-19 12:20:22,433 [DEBUG] TxState=IDLE - RxState=WAIT_CF
2026-08-19 12:20:22,435 [DEBUG] Rx: <71E> (08) [p]	 213031aaaaaaaaaa
2026-08-19 12:20:22,484 [INFO] TC_ID-22-677 - Received: 62F1A030312E3031
2026-08-19 12:20:22,485 [WARNING] TC_ID-22-677 - PreCondition: PC_ID-10-002  Testcase:Software_Version_for_HKMC_Vehicle_Manufacture_F1_A0_Read(Extendedsession) [DiagTestPi R02] -> ❌ FAIL - Expected 100862F1A030312E3031AAAAAAAAAA
2026-08-19 12:20:22,486 [DEBUG] Stopping CanStack
2026-08-19 12:20:22,487 [DEBUG] TxState=IDLE - RxState=IDLE
2026-08-19 12:20:22,489 [DEBUG] Main thread is exiting
2026-08-19 12:20:22,532 [DEBUG] CanStack Stopped
2026-08-19 12:20:22,535 [INFO] Connection closed
2026-08-19 12:20:22,538 [INFO] Running Test Case: PC_ID-10-002
2026-08-19 12:20:22,541 [DEBUG] Starting CanStack
2026-08-19 12:20:22,543 [DEBUG] Main thread has started
2026-08-19 12:20:22,544 [DEBUG] Relay thread has started
2026-08-19 12:20:22,545 [INFO] Connection opened
2026-08-19 12:20:22,546 [INFO] Switched to physical mode for TC: PC_ID-10-002 Step: Start Extended session [DiagTestPi R12]
2026-08-19 12:20:22,547 [INFO] PC_ID-10-002 - Start Extended session [DiagTestPi R12]: SID=0x10, Sub=0x03, Expected=[6, 80, 3, 0, 50, 1, 244, 170]
2026-08-19 12:20:22,605 [INFO] PC_ID-10-002 - Start Extended session [DiagTestPi R12]: Sending 1003
2026-08-19 12:20:22,651 [INFO] PC_ID-10-002 - Start Extended session [DiagTestPi R12]: Sending request 1003
2026-08-19 12:20:22,652 [DEBUG] Sending 2 bytes : [1003]
2026-08-19 12:20:22,653 [DEBUG] Enqueuing a SendRequest for 2 bytes and TAT=Physical
2026-08-19 12:20:22,654 [DEBUG] Tx: <716> (08) [ ]	 0210030000000000
2026-08-19 12:20:22,655 [DEBUG] We've been asked to write a message to the bus
2026-08-19 12:20:22,656 [DEBUG] sending: Timestamp:        0.000000    ID:      716    S Rx     F BS       DL:  8    02 10 03 00 00 00 00 00
2026-08-19 12:20:22,678 [DEBUG] Rx: <71E> (08) [p]	 065003003201f4aa
2026-08-19 12:20:22,680 [INFO] Test end time: .6f(TC: PC_ID-10-002, step: Start Extended session [DiagTestPi R12])
2026-08-19 12:20:22,681 [INFO] PC_ID-10-002 - Received: 5003003201F4
2026-08-19 12:20:22,682 [WARNING] PC_ID-10-002 - Start Extended session [DiagTestPi R12] -> FAIL - Unexpected response
2026-08-19 12:20:22,683 [DEBUG] Stopping CanStack
2026-08-19 12:20:22,685 [DEBUG] Main thread is exiting
2026-08-19 12:20:22,726 [DEBUG] CanStack Stopped
2026-08-19 12:20:22,727 [INFO] Connection closed
2026-08-19 12:20:22,727 [INFO] Running Test Case: TC_ID-22-678
2026-08-19 12:20:22,728 [DEBUG] Starting CanStack
2026-08-19 12:20:22,729 [DEBUG] Main thread has started
2026-08-19 12:20:22,730 [DEBUG] Relay thread has started
2026-08-19 12:20:22,731 [INFO] Connection opened
2026-08-19 12:20:22,732 [INFO] Switched to physical mode for TC: TC_ID-22-678 Step: PreCondition: PC_ID-10-002  Testcase:ECU_Supplier_Code_F1_A1_Read(Extendedsession) [DiagTestPi R02]
2026-08-19 12:20:22,733 [INFO] TC_ID-22-678 - PreCondition: PC_ID-10-002  Testcase:ECU_Supplier_Code_F1_A1_Read(Extendedsession) [DiagTestPi R02]: SID=0x22, Sub=0xF1A1, Expected=[7, 98, 241, 161, 97, 56, 49, 50]
2026-08-19 12:20:22,797 [INFO] TC_ID-22-678 - PreCondition: PC_ID-10-002  Testcase:ECU_Supplier_Code_F1_A1_Read(Extendedsession) [DiagTestPi R02]: Sending request 22F1A1
2026-08-19 12:20:22,798 [INFO] TC_ID-22-678 - PreCondition: PC_ID-10-002  Testcase:ECU_Supplier_Code_F1_A1_Read(Extendedsession) [DiagTestPi R02]: Sending request 22F1A1
2026-08-19 12:20:22,799 [DEBUG] Sending 3 bytes : [22f1a1]
2026-08-19 12:20:22,800 [DEBUG] Enqueuing a SendRequest for 3 bytes and TAT=Physical
2026-08-19 12:20:22,802 [DEBUG] Tx: <716> (08) [ ]	 0322f1a100000000
2026-08-19 12:20:22,803 [DEBUG] We've been asked to write a message to the bus
2026-08-19 12:20:22,804 [DEBUG] sending: Timestamp:        0.000000    ID:      716    S Rx     F BS       DL:  8    03 22 f1 a1 00 00 00 00
2026-08-19 12:20:22,825 [DEBUG] Rx: <71E> (08) [p]	 0762f1a161383132
2026-08-19 12:20:22,826 [INFO] Test end time: .6f(TC: TC_ID-22-678, step: PreCondition: PC_ID-10-002  Testcase:ECU_Supplier_Code_F1_A1_Read(Extendedsession) [DiagTestPi R02])
2026-08-19 12:20:22,879 [INFO] TC_ID-22-678 - Received: 62F1A161383132
2026-08-19 12:20:22,880 [WARNING] TC_ID-22-678 - PreCondition: PC_ID-10-002  Testcase:ECU_Supplier_Code_F1_A1_Read(Extendedsession) [DiagTestPi R02] -> ❌ FAIL - Expected 0762F1A161383132
2026-08-19 12:20:22,880 [DEBUG] Stopping CanStack
2026-08-19 12:20:22,881 [DEBUG] Main thread is exiting
2026-08-19 12:20:22,925 [DEBUG] CanStack Stopped
2026-08-19 12:20:22,925 [INFO] Connection closed
2026-08-19 12:20:22,926 [INFO] Running Test Case: PC_ID-10-002
2026-08-19 12:20:22,927 [DEBUG] Starting CanStack
2026-08-19 12:20:22,928 [DEBUG] Main thread has started
2026-08-19 12:20:22,929 [DEBUG] Relay thread has started
2026-08-19 12:20:22,930 [INFO] Connection opened
2026-08-19 12:20:22,930 [INFO] Switched to physical mode for TC: PC_ID-10-002 Step: Start Extended session [DiagTestPi R12]
2026-08-19 12:20:22,931 [INFO] PC_ID-10-002 - Start Extended session [DiagTestPi R12]: SID=0x10, Sub=0x03, Expected=[6, 80, 3, 0, 50, 1, 244, 170]
2026-08-19 12:20:22,988 [INFO] PC_ID-10-002 - Start Extended session [DiagTestPi R12]: Sending 1003
2026-08-19 12:20:23,039 [INFO] PC_ID-10-002 - Start Extended session [DiagTestPi R12]: Sending request 1003
2026-08-19 12:20:23,040 [DEBUG] Sending 2 bytes : [1003]
2026-08-19 12:20:23,040 [DEBUG] Enqueuing a SendRequest for 2 bytes and TAT=Physical
2026-08-19 12:20:23,041 [DEBUG] Tx: <716> (08) [ ]	 0210030000000000
2026-08-19 12:20:23,042 [DEBUG] We've been asked to write a message to the bus
2026-08-19 12:20:23,042 [DEBUG] sending: Timestamp:        0.000000    ID:      716    S Rx     F BS       DL:  8    02 10 03 00 00 00 00 00
2026-08-19 12:20:23,070 [INFO] Test end time: .6f(TC: PC_ID-10-002, step: Start Extended session [DiagTestPi R12])
2026-08-19 12:20:23,071 [DEBUG] Rx: <71E> (08) [p]	 065003003201f4aa
2026-08-19 12:20:23,072 [INFO] PC_ID-10-002 - Received: 5003003201F4
2026-08-19 12:20:23,073 [WARNING] PC_ID-10-002 - Start Extended session [DiagTestPi R12] -> FAIL - Unexpected response
2026-08-19 12:20:23,074 [DEBUG] Stopping CanStack
2026-08-19 12:20:23,075 [DEBUG] Main thread is exiting
2026-08-19 12:20:23,118 [DEBUG] CanStack Stopped
2026-08-19 12:20:23,119 [INFO] Connection closed
2026-08-19 12:20:23,120 [INFO] Running Test Case: TC_ID-22-679
2026-08-19 12:20:23,121 [DEBUG] Starting CanStack
2026-08-19 12:20:23,122 [DEBUG] Main thread has started
2026-08-19 12:20:23,123 [DEBUG] Relay thread has started
2026-08-19 12:20:23,124 [INFO] Connection opened
2026-08-19 12:20:23,125 [INFO] Switched to physical mode for TC: TC_ID-22-679 Step: PreCondition: PC_ID-10-002  Testcase:ECU_Software_UNIT_number_F1_B0_Read(Extendedsession) [DiagTestPi R02]
2026-08-19 12:20:23,125 [INFO] TC_ID-22-679 - PreCondition: PC_ID-10-002  Testcase:ECU_Software_UNIT_number_F1_B0_Read(Extendedsession) [DiagTestPi R02]: SID=0x22, Sub=0xF1B0, Expected=[4, 98, 241, 176, 1, 170, 170, 170]
2026-08-19 12:20:23,191 [INFO] TC_ID-22-679 - PreCondition: PC_ID-10-002  Testcase:ECU_Software_UNIT_number_F1_B0_Read(Extendedsession) [DiagTestPi R02]: Sending request 22F1B0
2026-08-19 12:20:23,192 [INFO] TC_ID-22-679 - PreCondition: PC_ID-10-002  Testcase:ECU_Software_UNIT_number_F1_B0_Read(Extendedsession) [DiagTestPi R02]: Sending request 22F1B0
2026-08-19 12:20:23,193 [DEBUG] Sending 3 bytes : [22f1b0]
2026-08-19 12:20:23,194 [DEBUG] Enqueuing a SendRequest for 3 bytes and TAT=Physical
2026-08-19 12:20:23,196 [DEBUG] Tx: <716> (08) [ ]	 0322f1b000000000
2026-08-19 12:20:23,197 [DEBUG] We've been asked to write a message to the bus
2026-08-19 12:20:23,198 [DEBUG] sending: Timestamp:        0.000000    ID:      716    S Rx     F BS       DL:  8    03 22 f1 b0 00 00 00 00
2026-08-19 12:20:23,216 [DEBUG] Rx: <71E> (08) [p]	 0462f1b001aaaaaa
2026-08-19 12:20:23,217 [INFO] Test end time: .6f(TC: TC_ID-22-679, step: PreCondition: PC_ID-10-002  Testcase:ECU_Software_UNIT_number_F1_B0_Read(Extendedsession) [DiagTestPi R02])
2026-08-19 12:20:23,269 [INFO] TC_ID-22-679 - Received: 62F1B001
2026-08-19 12:20:23,270 [WARNING] TC_ID-22-679 - PreCondition: PC_ID-10-002  Testcase:ECU_Software_UNIT_number_F1_B0_Read(Extendedsession) [DiagTestPi R02] -> ❌ FAIL - Expected 0462F1B001AAAAAA
2026-08-19 12:20:23,270 [DEBUG] Stopping CanStack
2026-08-19 12:20:23,271 [DEBUG] Main thread is exiting
2026-08-19 12:20:23,316 [DEBUG] CanStack Stopped
2026-08-19 12:20:23,317 [INFO] Connection closed
2026-08-19 12:20:23,317 [INFO] Running Test Case: PC_ID-10-002
2026-08-19 12:20:23,318 [DEBUG] Starting CanStack
2026-08-19 12:20:23,319 [DEBUG] Main thread has started
2026-08-19 12:20:23,320 [DEBUG] Relay thread has started
2026-08-19 12:20:23,321 [INFO] Connection opened
2026-08-19 12:20:23,322 [INFO] Switched to physical mode for TC: PC_ID-10-002 Step: Start Extended session [DiagTestPi R12]
2026-08-19 12:20:23,322 [INFO] PC_ID-10-002 - Start Extended session [DiagTestPi R12]: SID=0x10, Sub=0x03, Expected=[6, 80, 3, 0, 50, 1, 244, 170]
2026-08-19 12:20:23,379 [INFO] PC_ID-10-002 - Start Extended session [DiagTestPi R12]: Sending 1003
2026-08-19 12:20:23,427 [INFO] PC_ID-10-002 - Start Extended session [DiagTestPi R12]: Sending request 1003
2026-08-19 12:20:23,428 [DEBUG] Sending 2 bytes : [1003]
2026-08-19 12:20:23,429 [DEBUG] Enqueuing a SendRequest for 2 bytes and TAT=Physical
2026-08-19 12:20:23,430 [DEBUG] Tx: <716> (08) [ ]	 0210030000000000
2026-08-19 12:20:23,430 [DEBUG] We've been asked to write a message to the bus
2026-08-19 12:20:23,431 [DEBUG] sending: Timestamp:        0.000000    ID:      716    S Rx     F BS       DL:  8    02 10 03 00 00 00 00 00
2026-08-19 12:20:23,458 [INFO] Test end time: .6f(TC: PC_ID-10-002, step: Start Extended session [DiagTestPi R12])
2026-08-19 12:20:23,462 [INFO] PC_ID-10-002 - Received: 5003003201F4
2026-08-19 12:20:23,463 [DEBUG] Rx: <71E> (08) [p]	 065003003201f4aa
2026-08-19 12:20:23,464 [WARNING] PC_ID-10-002 - Start Extended session [DiagTestPi R12] -> FAIL - Unexpected response
2026-08-19 12:20:23,465 [DEBUG] Stopping CanStack
2026-08-19 12:20:23,466 [DEBUG] Main thread is exiting
2026-08-19 12:20:23,512 [DEBUG] CanStack Stopped
2026-08-19 12:20:23,512 [INFO] Connection closed
2026-08-19 12:20:23,513 [INFO] Running Test Case: TC_ID-22-680
2026-08-19 12:20:23,514 [DEBUG] Starting CanStack
2026-08-19 12:20:23,515 [DEBUG] Main thread has started
2026-08-19 12:20:23,516 [DEBUG] Relay thread has started
2026-08-19 12:20:23,517 [INFO] Connection opened
2026-08-19 12:20:23,517 [INFO] Switched to physical mode for TC: TC_ID-22-680 Step: PreCondition: PC_ID-10-002  Testcase:ECU_Software_UNIT1_Version_F1_B1_Read(Extendedsession) [DiagTestPi R02]
2026-08-19 12:20:23,518 [INFO] TC_ID-22-680 - PreCondition: PC_ID-10-002  Testcase:ECU_Software_UNIT1_Version_F1_B1_Read(Extendedsession) [DiagTestPi R02]: SID=0x22, Sub=0xF1B1, Expected=[16, 8, 98, 241, 177, 48, 49, 46, 48, 49, 170, 170, 170, 170, 170]
2026-08-19 12:20:23,585 [INFO] TC_ID-22-680 - PreCondition: PC_ID-10-002  Testcase:ECU_Software_UNIT1_Version_F1_B1_Read(Extendedsession) [DiagTestPi R02]: Sending request 22F1B1
2026-08-19 12:20:23,586 [INFO] TC_ID-22-680 - PreCondition: PC_ID-10-002  Testcase:ECU_Software_UNIT1_Version_F1_B1_Read(Extendedsession) [DiagTestPi R02]: Sending request 22F1B1
2026-08-19 12:20:23,586 [DEBUG] Sending 3 bytes : [22f1b1]
2026-08-19 12:20:23,587 [DEBUG] Enqueuing a SendRequest for 3 bytes and TAT=Physical
2026-08-19 12:20:23,590 [DEBUG] Tx: <716> (08) [ ]	 0322f1b100000000
2026-08-19 12:20:23,591 [DEBUG] We've been asked to write a message to the bus
2026-08-19 12:20:23,592 [DEBUG] sending: Timestamp:        0.000000    ID:      716    S Rx     F BS       DL:  8    03 22 f1 b1 00 00 00 00
2026-08-19 12:20:23,615 [DEBUG] We've been asked to write a message to the bus
2026-08-19 12:20:23,617 [DEBUG] sending: Timestamp:        0.000000    ID:      716    S Rx     F BS       DL:  8    30 08 64 00 00 00 00 00
2026-08-19 12:20:23,618 [DEBUG] Rx: <71E> (08) [p]	 100862f1b130312e
2026-08-19 12:20:23,620 [DEBUG] Tx: <716> (08) [ ]	 3008640000000000
2026-08-19 12:20:23,622 [DEBUG] We've been asked to write a message to the bus
2026-08-19 12:20:23,623 [DEBUG] sending: Timestamp:        0.000000    ID:      716    S Rx     F BS       DL:  8    30 08 64 00 00 00 00 00
2026-08-19 12:20:23,624 [INFO] Test end time: .6f(TC: TC_ID-22-680, step: PreCondition: PC_ID-10-002  Testcase:ECU_Software_UNIT1_Version_F1_B1_Read(Extendedsession) [DiagTestPi R02])
2026-08-19 12:20:23,628 [DEBUG] TxState=IDLE - RxState=WAIT_CF
2026-08-19 12:20:23,631 [DEBUG] Rx: <71E> (08) [p]	 213031aaaaaaaaaa
2026-08-19 12:20:23,681 [INFO] TC_ID-22-680 - Received: 62F1B130312E3031
2026-08-19 12:20:23,683 [WARNING] TC_ID-22-680 - PreCondition: PC_ID-10-002  Testcase:ECU_Software_UNIT1_Version_F1_B1_Read(Extendedsession) [DiagTestPi R02] -> ❌ FAIL - Expected 100862F1B130312E3031AAAAAAAAAA
2026-08-19 12:20:23,684 [DEBUG] TxState=IDLE - RxState=IDLE
2026-08-19 12:20:23,685 [DEBUG] Stopping CanStack
2026-08-19 12:20:23,686 [DEBUG] Main thread is exiting
2026-08-19 12:20:23,729 [DEBUG] CanStack Stopped
2026-08-19 12:20:23,730 [INFO] Connection closed
2026-08-19 12:20:23,731 [INFO] Running Test Case: PC_ID-10-002
2026-08-19 12:20:23,732 [DEBUG] Starting CanStack
2026-08-19 12:20:23,734 [DEBUG] Main thread has started
2026-08-19 12:20:23,737 [DEBUG] Relay thread has started
2026-08-19 12:20:23,738 [INFO] Connection opened
2026-08-19 12:20:23,739 [INFO] Switched to physical mode for TC: PC_ID-10-002 Step: Start Extended session [DiagTestPi R12]
2026-08-19 12:20:23,740 [INFO] PC_ID-10-002 - Start Extended session [DiagTestPi R12]: SID=0x10, Sub=0x03, Expected=[6, 80, 3, 0, 50, 1, 244, 170]
2026-08-19 12:20:23,800 [INFO] PC_ID-10-002 - Start Extended session [DiagTestPi R12]: Sending 1003
2026-08-19 12:20:23,857 [INFO] PC_ID-10-002 - Start Extended session [DiagTestPi R12]: Sending request 1003
2026-08-19 12:20:23,861 [DEBUG] Sending 2 bytes : [1003]
2026-08-19 12:20:23,862 [DEBUG] Enqueuing a SendRequest for 2 bytes and TAT=Physical
2026-08-19 12:20:23,864 [DEBUG] Tx: <716> (08) [ ]	 0210030000000000
2026-08-19 12:20:23,865 [DEBUG] We've been asked to write a message to the bus
2026-08-19 12:20:23,866 [DEBUG] sending: Timestamp:        0.000000    ID:      716    S Rx     F BS       DL:  8    02 10 03 00 00 00 00 00
2026-08-19 12:20:23,887 [INFO] Test end time: .6f(TC: PC_ID-10-002, step: Start Extended session [DiagTestPi R12])
2026-08-19 12:20:23,892 [DEBUG] Rx: <71E> (08) [p]	 065003003201f4aa
2026-08-19 12:20:23,895 [INFO] PC_ID-10-002 - Received: 5003003201F4
2026-08-19 12:20:23,897 [WARNING] PC_ID-10-002 - Start Extended session [DiagTestPi R12] -> FAIL - Unexpected response
2026-08-19 12:20:23,898 [DEBUG] Stopping CanStack
2026-08-19 12:20:23,899 [DEBUG] Main thread is exiting
2026-08-19 12:20:23,941 [DEBUG] CanStack Stopped
2026-08-19 12:20:23,942 [INFO] Connection closed
2026-08-19 12:20:23,943 [INFO] Running Test Case: TC_ID-22-681
2026-08-19 12:20:23,944 [DEBUG] Starting CanStack
2026-08-19 12:20:23,945 [DEBUG] Main thread has started
2026-08-19 12:20:23,946 [DEBUG] Relay thread has started
2026-08-19 12:20:23,947 [INFO] Connection opened
2026-08-19 12:20:23,948 [INFO] Switched to physical mode for TC: TC_ID-22-681 Step: PreCondition: PC_ID-10-002  Testcase:S_W_Version_Dataidentifier_F1_DD_Read(Extendedsession) [DiagTestPi R02]
2026-08-19 12:20:23,949 [INFO] TC_ID-22-681 - PreCondition: PC_ID-10-002  Testcase:S_W_Version_Dataidentifier_F1_DD_Read(Extendedsession) [DiagTestPi R02]: SID=0x22, Sub=0xF1DD, Expected=[16, 11, 98, 241, 221, 48, 49, 46, 48, 49, 46, 48, 49, 170, 170]
2026-08-19 12:20:24,017 [INFO] TC_ID-22-681 - PreCondition: PC_ID-10-002  Testcase:S_W_Version_Dataidentifier_F1_DD_Read(Extendedsession) [DiagTestPi R02]: Sending request 22F1DD
2026-08-19 12:20:24,018 [INFO] TC_ID-22-681 - PreCondition: PC_ID-10-002  Testcase:S_W_Version_Dataidentifier_F1_DD_Read(Extendedsession) [DiagTestPi R02]: Sending request 22F1DD
2026-08-19 12:20:24,019 [DEBUG] Sending 3 bytes : [22f1dd]
2026-08-19 12:20:24,020 [DEBUG] Enqueuing a SendRequest for 3 bytes and TAT=Physical
2026-08-19 12:20:24,022 [DEBUG] Tx: <716> (08) [ ]	 0322f1dd00000000
2026-08-19 12:20:24,023 [DEBUG] We've been asked to write a message to the bus
2026-08-19 12:20:24,024 [DEBUG] sending: Timestamp:        0.000000    ID:      716    S Rx     F BS       DL:  8    03 22 f1 dd 00 00 00 00
2026-08-19 12:20:24,044 [DEBUG] We've been asked to write a message to the bus
2026-08-19 12:20:24,047 [DEBUG] sending: Timestamp:        0.000000    ID:      716    S Rx     F BS       DL:  8    30 08 64 00 00 00 00 00
2026-08-19 12:20:24,048 [DEBUG] Rx: <71E> (08) [p]	 100b62f1dd30312e
2026-08-19 12:20:24,051 [DEBUG] Tx: <716> (08) [ ]	 3008640000000000
2026-08-19 12:20:24,053 [DEBUG] We've been asked to write a message to the bus
2026-08-19 12:20:24,054 [DEBUG] sending: Timestamp:        0.000000    ID:      716    S Rx     F BS       DL:  8    30 08 64 00 00 00 00 00
2026-08-19 12:20:24,056 [INFO] Test end time: .6f(TC: TC_ID-22-681, step: PreCondition: PC_ID-10-002  Testcase:S_W_Version_Dataidentifier_F1_DD_Read(Extendedsession) [DiagTestPi R02])
2026-08-19 12:20:24,059 [DEBUG] TxState=IDLE - RxState=WAIT_CF
2026-08-19 12:20:24,061 [DEBUG] Rx: <71E> (08) [p]	 2130312e3031aaaa
2026-08-19 12:20:24,110 [INFO] TC_ID-22-681 - Received: 62F1DD30312E30312E3031
2026-08-19 12:20:24,113 [WARNING] TC_ID-22-681 - PreCondition: PC_ID-10-002  Testcase:S_W_Version_Dataidentifier_F1_DD_Read(Extendedsession) [DiagTestPi R02] -> ❌ FAIL - Expected 100B62F1DD30312E30312E3031AAAA
2026-08-19 12:20:24,116 [DEBUG] TxState=IDLE - RxState=IDLE
2026-08-19 12:20:24,117 [DEBUG] Stopping CanStack
2026-08-19 12:20:24,118 [DEBUG] Main thread is exiting
2026-08-19 12:20:24,160 [DEBUG] CanStack Stopped
2026-08-19 12:20:24,161 [INFO] Connection closed
2026-08-19 12:20:24,162 [INFO] Running Test Case: PC_ID-10-002
2026-08-19 12:20:24,162 [DEBUG] Starting CanStack
2026-08-19 12:20:24,164 [DEBUG] Main thread has started
2026-08-19 12:20:24,165 [DEBUG] Relay thread has started
2026-08-19 12:20:24,167 [INFO] Connection opened
2026-08-19 12:20:24,168 [INFO] Switched to physical mode for TC: PC_ID-10-002 Step: Start Extended session [DiagTestPi R12]
2026-08-19 12:20:24,169 [INFO] PC_ID-10-002 - Start Extended session [DiagTestPi R12]: SID=0x10, Sub=0x03, Expected=[6, 80, 3, 0, 50, 1, 244, 170]
2026-08-19 12:20:24,226 [INFO] PC_ID-10-002 - Start Extended session [DiagTestPi R12]: Sending 1003
2026-08-19 12:20:24,272 [INFO] PC_ID-10-002 - Start Extended session [DiagTestPi R12]: Sending request 1003
2026-08-19 12:20:24,273 [DEBUG] Sending 2 bytes : [1003]
2026-08-19 12:20:24,274 [DEBUG] Enqueuing a SendRequest for 2 bytes and TAT=Physical
2026-08-19 12:20:24,275 [DEBUG] Tx: <716> (08) [ ]	 0210030000000000
2026-08-19 12:20:24,275 [DEBUG] We've been asked to write a message to the bus
2026-08-19 12:20:24,276 [DEBUG] sending: Timestamp:        0.000000    ID:      716    S Rx     F BS       DL:  8    02 10 03 00 00 00 00 00
2026-08-19 12:20:24,295 [INFO] Test end time: .6f(TC: PC_ID-10-002, step: Start Extended session [DiagTestPi R12])
2026-08-19 12:20:24,296 [DEBUG] Rx: <71E> (08) [p]	 065003003201f4aa
2026-08-19 12:20:24,299 [INFO] PC_ID-10-002 - Received: 5003003201F4
2026-08-19 12:20:24,305 [WARNING] PC_ID-10-002 - Start Extended session [DiagTestPi R12] -> FAIL - Unexpected response
2026-08-19 12:20:24,308 [DEBUG] Stopping CanStack
2026-08-19 12:20:24,311 [DEBUG] Main thread is exiting
2026-08-19 12:20:24,345 [DEBUG] CanStack Stopped
2026-08-19 12:20:24,346 [INFO] Connection closed
2026-08-19 12:20:24,347 [INFO] Running Test Case: TC_ID-22-682
2026-08-19 12:20:24,348 [DEBUG] Starting CanStack
2026-08-19 12:20:24,349 [DEBUG] Main thread has started
2026-08-19 12:20:24,351 [DEBUG] Relay thread has started
2026-08-19 12:20:24,353 [INFO] Connection opened
2026-08-19 12:20:24,354 [INFO] Switched to physical mode for TC: TC_ID-22-682 Step: PreCondition: PC_ID-10-002  Testcase:SystemNameOrEngineTypeDataIdentifier_Read(Extendedsession) [DiagTestPi R02]
2026-08-19 12:20:24,356 [INFO] TC_ID-22-682 - PreCondition: PC_ID-10-002  Testcase:SystemNameOrEngineTypeDataIdentifier_Read(Extendedsession) [DiagTestPi R02]: SID=0x22, Sub=0xF197, Expected=[7, 98, 241, 151, 77, 75, 66, 68]
2026-08-19 12:20:24,428 [INFO] TC_ID-22-682 - PreCondition: PC_ID-10-002  Testcase:SystemNameOrEngineTypeDataIdentifier_Read(Extendedsession) [DiagTestPi R02]: Sending request 22F197
2026-08-19 12:20:24,429 [INFO] TC_ID-22-682 - PreCondition: PC_ID-10-002  Testcase:SystemNameOrEngineTypeDataIdentifier_Read(Extendedsession) [DiagTestPi R02]: Sending request 22F197
2026-08-19 12:20:24,430 [DEBUG] Sending 3 bytes : [22f197]
2026-08-19 12:20:24,430 [DEBUG] Enqueuing a SendRequest for 3 bytes and TAT=Physical
2026-08-19 12:20:24,432 [DEBUG] Tx: <716> (08) [ ]	 0322f19700000000
2026-08-19 12:20:24,433 [DEBUG] We've been asked to write a message to the bus
2026-08-19 12:20:24,434 [DEBUG] sending: Timestamp:        0.000000    ID:      716    S Rx     F BS       DL:  8    03 22 f1 97 00 00 00 00
2026-08-19 12:20:24,455 [INFO] Test end time: .6f(TC: TC_ID-22-682, step: PreCondition: PC_ID-10-002  Testcase:SystemNameOrEngineTypeDataIdentifier_Read(Extendedsession) [DiagTestPi R02])
2026-08-19 12:20:24,457 [DEBUG] Rx: <71E> (08) [p]	 0762f1974d4b4244
2026-08-19 12:20:24,508 [INFO] TC_ID-22-682 - Received: 62F1974D4B4244
2026-08-19 12:20:24,510 [WARNING] TC_ID-22-682 - PreCondition: PC_ID-10-002  Testcase:SystemNameOrEngineTypeDataIdentifier_Read(Extendedsession) [DiagTestPi R02] -> ❌ FAIL - Expected 0762F1974D4B4244
2026-08-19 12:20:24,510 [DEBUG] Stopping CanStack
2026-08-19 12:20:24,511 [DEBUG] Main thread is exiting
2026-08-19 12:20:24,557 [DEBUG] CanStack Stopped
2026-08-19 12:20:24,558 [INFO] Connection closed
2026-08-19 12:20:24,559 [INFO] Running Test Case: PC_ID-10-002
2026-08-19 12:20:24,560 [DEBUG] Starting CanStack
2026-08-19 12:20:24,561 [DEBUG] Main thread has started
2026-08-19 12:20:24,561 [DEBUG] Relay thread has started
2026-08-19 12:20:24,563 [INFO] Connection opened
2026-08-19 12:20:24,563 [INFO] Switched to physical mode for TC: PC_ID-10-002 Step: Start Extended session [DiagTestPi R12]
2026-08-19 12:20:24,564 [INFO] PC_ID-10-002 - Start Extended session [DiagTestPi R12]: SID=0x10, Sub=0x03, Expected=[6, 80, 3, 0, 50, 1, 244, 170]
2026-08-19 12:20:24,619 [INFO] PC_ID-10-002 - Start Extended session [DiagTestPi R12]: Sending 1003
2026-08-19 12:20:24,668 [INFO] PC_ID-10-002 - Start Extended session [DiagTestPi R12]: Sending request 1003
2026-08-19 12:20:24,669 [DEBUG] Sending 2 bytes : [1003]
2026-08-19 12:20:24,670 [DEBUG] Enqueuing a SendRequest for 2 bytes and TAT=Physical
2026-08-19 12:20:24,671 [DEBUG] Tx: <716> (08) [ ]	 0210030000000000
2026-08-19 12:20:24,673 [DEBUG] We've been asked to write a message to the bus
2026-08-19 12:20:24,673 [DEBUG] sending: Timestamp:        0.000000    ID:      716    S Rx     F BS       DL:  8    02 10 03 00 00 00 00 00
2026-08-19 12:20:24,700 [INFO] Test end time: .6f(TC: PC_ID-10-002, step: Start Extended session [DiagTestPi R12])
2026-08-19 12:20:24,701 [DEBUG] Rx: <71E> (08) [p]	 065003003201f4aa
2026-08-19 12:20:24,702 [INFO] PC_ID-10-002 - Received: 5003003201F4
2026-08-19 12:20:24,703 [WARNING] PC_ID-10-002 - Start Extended session [DiagTestPi R12] -> FAIL - Unexpected response
2026-08-19 12:20:24,704 [DEBUG] Stopping CanStack
2026-08-19 12:20:24,705 [DEBUG] Main thread is exiting
2026-08-19 12:20:24,747 [DEBUG] CanStack Stopped
2026-08-19 12:20:24,748 [INFO] Connection closed
2026-08-19 12:20:24,749 [INFO] Running Test Case: TC_ID-22-683
2026-08-19 12:20:24,749 [DEBUG] Starting CanStack
2026-08-19 12:20:24,750 [DEBUG] Main thread has started
2026-08-19 12:20:24,751 [DEBUG] Relay thread has started
2026-08-19 12:20:24,753 [INFO] Connection opened
2026-08-19 12:20:24,753 [INFO] Switched to physical mode for TC: TC_ID-22-683 Step: PreCondition: PC_ID-10-002  Testcase:Request out of range(invalid identifier))(22 F1FF) [DiagTestPi R02]
2026-08-19 12:20:24,754 [INFO] TC_ID-22-683 - PreCondition: PC_ID-10-002  Testcase:Request out of range(invalid identifier))(22 F1FF) [DiagTestPi R02]: SID=0x22, Sub=0xF1FF, Expected=[3, 127, 34, 49, 170, 170, 170, 170]
2026-08-19 12:20:24,820 [INFO] TC_ID-22-683 - PreCondition: PC_ID-10-002  Testcase:Request out of range(invalid identifier))(22 F1FF) [DiagTestPi R02]: Sending request 22F1FF
2026-08-19 12:20:24,820 [INFO] TC_ID-22-683 - PreCondition: PC_ID-10-002  Testcase:Request out of range(invalid identifier))(22 F1FF) [DiagTestPi R02]: Sending request 22F1FF
2026-08-19 12:20:24,821 [DEBUG] Sending 3 bytes : [22f1ff]
2026-08-19 12:20:24,823 [DEBUG] Enqueuing a SendRequest for 3 bytes and TAT=Physical
2026-08-19 12:20:24,825 [DEBUG] Tx: <716> (08) [ ]	 0322f1ff00000000
2026-08-19 12:20:24,826 [DEBUG] We've been asked to write a message to the bus
2026-08-19 12:20:24,827 [DEBUG] sending: Timestamp:        0.000000    ID:      716    S Rx     F BS       DL:  8    03 22 f1 ff 00 00 00 00
2026-08-19 12:20:24,845 [INFO] Test end time: .6f(TC: TC_ID-22-683, step: PreCondition: PC_ID-10-002  Testcase:Request out of range(invalid identifier))(22 F1FF) [DiagTestPi R02])
2026-08-19 12:20:24,847 [DEBUG] Rx: <71E> (08) [p]	 037f2231aaaaaaaa
2026-08-19 12:20:24,897 [INFO] TC_ID-22-683 - Received: 7F2231
2026-08-19 12:20:24,898 [WARNING] TC_ID-22-683 - PreCondition: PC_ID-10-002  Testcase:Request out of range(invalid identifier))(22 F1FF) [DiagTestPi R02] -> ❌ FAIL - Expected 037F2231AAAAAAAA
2026-08-19 12:20:24,898 [DEBUG] Stopping CanStack
2026-08-19 12:20:24,900 [DEBUG] Main thread is exiting
2026-08-19 12:20:24,948 [DEBUG] CanStack Stopped
2026-08-19 12:20:24,949 [INFO] Connection closed
2026-08-19 12:20:24,949 [INFO] Running Test Case: PC_ID-10-002
2026-08-19 12:20:24,950 [DEBUG] Starting CanStack
2026-08-19 12:20:24,951 [DEBUG] Main thread has started
2026-08-19 12:20:24,952 [DEBUG] Relay thread has started
2026-08-19 12:20:24,953 [INFO] Connection opened
2026-08-19 12:20:24,953 [INFO] Switched to physical mode for TC: PC_ID-10-002 Step: Start Extended session [DiagTestPi R12]
2026-08-19 12:20:24,954 [INFO] PC_ID-10-002 - Start Extended session [DiagTestPi R12]: SID=0x10, Sub=0x03, Expected=[6, 80, 3, 0, 50, 1, 244, 170]
2026-08-19 12:20:25,013 [INFO] PC_ID-10-002 - Start Extended session [DiagTestPi R12]: Sending 1003
2026-08-19 12:20:25,063 [INFO] PC_ID-10-002 - Start Extended session [DiagTestPi R12]: Sending request 1003
2026-08-19 12:20:25,064 [DEBUG] Sending 2 bytes : [1003]
2026-08-19 12:20:25,064 [DEBUG] Enqueuing a SendRequest for 2 bytes and TAT=Physical
2026-08-19 12:20:25,065 [DEBUG] Tx: <716> (08) [ ]	 0210030000000000
2026-08-19 12:20:25,066 [DEBUG] We've been asked to write a message to the bus
2026-08-19 12:20:25,066 [DEBUG] sending: Timestamp:        0.000000    ID:      716    S Rx     F BS       DL:  8    02 10 03 00 00 00 00 00
2026-08-19 12:20:25,088 [INFO] Test end time: .6f(TC: PC_ID-10-002, step: Start Extended session [DiagTestPi R12])
2026-08-19 12:20:25,092 [INFO] PC_ID-10-002 - Received: 5003003201F4
2026-08-19 12:20:25,093 [DEBUG] Rx: <71E> (08) [p]	 065003003201f4aa
2026-08-19 12:20:25,094 [WARNING] PC_ID-10-002 - Start Extended session [DiagTestPi R12] -> FAIL - Unexpected response
2026-08-19 12:20:25,095 [DEBUG] Stopping CanStack
2026-08-19 12:20:25,097 [DEBUG] Main thread is exiting
2026-08-19 12:20:25,137 [DEBUG] CanStack Stopped
2026-08-19 12:20:25,138 [INFO] Connection closed
2026-08-19 12:20:25,139 [INFO] Running Test Case: TC_ID-22-684
2026-08-19 12:20:25,140 [DEBUG] Starting CanStack
2026-08-19 12:20:25,142 [DEBUG] Main thread has started
2026-08-19 12:20:25,143 [DEBUG] Relay thread has started
2026-08-19 12:20:25,145 [INFO] Connection opened
2026-08-19 12:20:25,146 [INFO] Switched to physical mode for TC: TC_ID-22-684 Step: PreCondition: PC_ID-10-002  Testcase:Incorrect message length(22) [DiagTestPi R02]
2026-08-19 12:20:25,147 [INFO] TC_ID-22-684 - PreCondition: PC_ID-10-002  Testcase:Incorrect message length(22) [DiagTestPi R02]: SID=0x22, Sub=, Expected=[3, 127, 34, 19, 170, 170, 170, 170]
2026-08-19 12:20:25,214 [WARNING] TC_ID-22-684 - Subfunction empty: Sending only service byte
2026-08-19 12:20:25,215 [INFO] TC_ID-22-684 - PreCondition: PC_ID-10-002  Testcase:Incorrect message length(22) [DiagTestPi R02]: Sending request 22
2026-08-19 12:20:25,215 [INFO] TC_ID-22-684 - PreCondition: PC_ID-10-002  Testcase:Incorrect message length(22) [DiagTestPi R02]: Sending request 22
2026-08-19 12:20:25,216 [DEBUG] Sending 1 bytes : [22]
2026-08-19 12:20:25,217 [DEBUG] Enqueuing a SendRequest for 1 bytes and TAT=Physical
2026-08-19 12:20:25,219 [DEBUG] Tx: <716> (08) [ ]	 0122000000000000
2026-08-19 12:20:25,221 [DEBUG] We've been asked to write a message to the bus
2026-08-19 12:20:25,221 [DEBUG] sending: Timestamp:        0.000000    ID:      716    S Rx     F BS       DL:  8    01 22 00 00 00 00 00 00
2026-08-19 12:20:25,239 [INFO] Test end time: .6f(TC: TC_ID-22-684, step: PreCondition: PC_ID-10-002  Testcase:Incorrect message length(22) [DiagTestPi R02])
2026-08-19 12:20:25,240 [DEBUG] Rx: <71E> (08) [p]	 037f2213aaaaaaaa
2026-08-19 12:20:25,291 [INFO] TC_ID-22-684 - Received: 7F2213
2026-08-19 12:20:25,292 [WARNING] TC_ID-22-684 - PreCondition: PC_ID-10-002  Testcase:Incorrect message length(22) [DiagTestPi R02] -> ❌ FAIL - Expected 037F2213AAAAAAAA
2026-08-19 12:20:25,293 [DEBUG] Stopping CanStack
2026-08-19 12:20:25,294 [DEBUG] Main thread is exiting
2026-08-19 12:20:25,339 [DEBUG] CanStack Stopped
2026-08-19 12:20:25,340 [INFO] Connection closed
2026-08-19 12:20:25,341 [INFO] Running Test Case: PC_ID-10-001
2026-08-19 12:20:25,341 [DEBUG] Starting CanStack
2026-08-19 12:20:25,343 [DEBUG] Main thread has started
2026-08-19 12:20:25,344 [DEBUG] Relay thread has started
2026-08-19 12:20:25,345 [INFO] Connection opened
2026-08-19 12:20:25,345 [INFO] Switched to physical mode for TC: PC_ID-10-001 Step: Start Default session [DiagTestPi R12]
2026-08-19 12:20:25,346 [INFO] PC_ID-10-001 - Start Default session [DiagTestPi R12]: SID=0x10, Sub=0x01, Expected=[6, 80, 1, 0, 50, 1, 244, 170]
2026-08-19 12:20:25,402 [INFO] PC_ID-10-001 - Start Default session [DiagTestPi R12]: Sending 1001
2026-08-19 12:20:25,446 [INFO] PC_ID-10-001 - Start Default session [DiagTestPi R12]: Sending request 1001
2026-08-19 12:20:25,448 [DEBUG] Sending 2 bytes : [1001]
2026-08-19 12:20:25,449 [DEBUG] Enqueuing a SendRequest for 2 bytes and TAT=Physical
2026-08-19 12:20:25,450 [DEBUG] Tx: <716> (08) [ ]	 0210010000000000
2026-08-19 12:20:25,450 [DEBUG] We've been asked to write a message to the bus
2026-08-19 12:20:25,451 [DEBUG] sending: Timestamp:        0.000000    ID:      716    S Rx     F BS       DL:  8    02 10 01 00 00 00 00 00
2026-08-19 12:20:25,476 [DEBUG] Rx: <71E> (08) [p]	 065001003201f4aa
2026-08-19 12:20:25,480 [INFO] Test end time: .6f(TC: PC_ID-10-001, step: Start Default session [DiagTestPi R12])
2026-08-19 12:20:25,486 [INFO] PC_ID-10-001 - Received: 5001003201F4
2026-08-19 12:20:25,488 [WARNING] PC_ID-10-001 - Start Default session [DiagTestPi R12] -> FAIL - Unexpected response
2026-08-19 12:20:25,489 [DEBUG] Stopping CanStack
2026-08-19 12:20:25,490 [DEBUG] Main thread is exiting
2026-08-19 12:20:25,527 [DEBUG] CanStack Stopped
2026-08-19 12:20:25,528 [INFO] Connection closed
2026-08-19 12:20:25,529 [INFO] Running Test Case: TC_ID-22-709
2026-08-19 12:20:25,530 [DEBUG] Starting CanStack
2026-08-19 12:20:25,532 [DEBUG] Main thread has started
2026-08-19 12:20:25,534 [DEBUG] Relay thread has started
2026-08-19 12:20:25,536 [INFO] Connection opened
2026-08-19 12:20:25,536 [INFO] Switched to physical mode for TC: TC_ID-22-709 Step: PreCondition: PC_ID-10-001  Testcase:Incorrect message length(22F18B02) [DiagTestPi R02]
2026-08-19 12:20:25,537 [INFO] TC_ID-22-709 - PreCondition: PC_ID-10-001  Testcase:Incorrect message length(22F18B02) [DiagTestPi R02]: SID=0x22, Sub=0xF18B02, Expected=[3, 127, 34, 19, 170, 170, 170, 170]
2026-08-19 12:20:25,603 [INFO] TC_ID-22-709 - PreCondition: PC_ID-10-001  Testcase:Incorrect message length(22F18B02) [DiagTestPi R02]: Sending request 22F18B02
2026-08-19 12:20:25,604 [INFO] TC_ID-22-709 - PreCondition: PC_ID-10-001  Testcase:Incorrect message length(22F18B02) [DiagTestPi R02]: Sending request 22F18B02
2026-08-19 12:20:25,605 [DEBUG] Sending 4 bytes : [22f18b02]
2026-08-19 12:20:25,606 [DEBUG] Enqueuing a SendRequest for 4 bytes and TAT=Physical
2026-08-19 12:20:25,607 [DEBUG] Tx: <716> (08) [ ]	 0422f18b02000000
2026-08-19 12:20:25,609 [DEBUG] We've been asked to write a message to the bus
2026-08-19 12:20:25,610 [DEBUG] sending: Timestamp:        0.000000    ID:      716    S Rx     F BS       DL:  8    04 22 f1 8b 02 00 00 00
2026-08-19 12:20:25,636 [INFO] Test end time: .6f(TC: TC_ID-22-709, step: PreCondition: PC_ID-10-001  Testcase:Incorrect message length(22F18B02) [DiagTestPi R02])
2026-08-19 12:20:25,640 [DEBUG] Rx: <71E> (08) [p]	 037f2213aaaaaaaa
2026-08-19 12:20:25,691 [INFO] TC_ID-22-709 - Received: 7F2213
2026-08-19 12:20:25,692 [WARNING] TC_ID-22-709 - PreCondition: PC_ID-10-001  Testcase:Incorrect message length(22F18B02) [DiagTestPi R02] -> ❌ FAIL - Expected 037F2213AAAAAAAA
2026-08-19 12:20:25,693 [DEBUG] Stopping CanStack
2026-08-19 12:20:25,694 [DEBUG] Main thread is exiting
2026-08-19 12:20:25,741 [DEBUG] CanStack Stopped
2026-08-19 12:20:25,741 [INFO] Connection closed
2026-08-19 12:20:25,742 [INFO] Running Test Case: PC_ID-10-001
2026-08-19 12:20:25,743 [DEBUG] Starting CanStack
2026-08-19 12:20:25,744 [DEBUG] Main thread has started
2026-08-19 12:20:25,744 [DEBUG] Relay thread has started
2026-08-19 12:20:25,746 [INFO] Connection opened
2026-08-19 12:20:25,746 [INFO] Switched to physical mode for TC: PC_ID-10-001 Step: Start Default session [DiagTestPi R12]
2026-08-19 12:20:25,747 [INFO] PC_ID-10-001 - Start Default session [DiagTestPi R12]: SID=0x10, Sub=0x01, Expected=[6, 80, 1, 0, 50, 1, 244, 170]
2026-08-19 12:20:25,802 [INFO] PC_ID-10-001 - Start Default session [DiagTestPi R12]: Sending 1001
2026-08-19 12:20:25,849 [INFO] PC_ID-10-001 - Start Default session [DiagTestPi R12]: Sending request 1001
2026-08-19 12:20:25,850 [DEBUG] Sending 2 bytes : [1001]
2026-08-19 12:20:25,850 [DEBUG] Enqueuing a SendRequest for 2 bytes and TAT=Physical
2026-08-19 12:20:25,852 [DEBUG] Tx: <716> (08) [ ]	 0210010000000000
2026-08-19 12:20:25,852 [DEBUG] We've been asked to write a message to the bus
2026-08-19 12:20:25,853 [DEBUG] sending: Timestamp:        0.000000    ID:      716    S Rx     F BS       DL:  8    02 10 01 00 00 00 00 00
2026-08-19 12:20:25,875 [INFO] Test end time: .6f(TC: PC_ID-10-001, step: Start Default session [DiagTestPi R12])
2026-08-19 12:20:25,881 [DEBUG] Rx: <71E> (08) [p]	 065001003201f4aa
2026-08-19 12:20:25,883 [INFO] PC_ID-10-001 - Received: 5001003201F4
2026-08-19 12:20:25,888 [WARNING] PC_ID-10-001 - Start Default session [DiagTestPi R12] -> FAIL - Unexpected response
2026-08-19 12:20:25,889 [DEBUG] Stopping CanStack
2026-08-19 12:20:25,890 [DEBUG] Main thread is exiting
2026-08-19 12:20:25,929 [DEBUG] CanStack Stopped
2026-08-19 12:20:25,930 [INFO] Connection closed
2026-08-19 12:20:25,932 [INFO] Running Test Case: TC_ID-22-710
2026-08-19 12:20:25,933 [DEBUG] Starting CanStack
2026-08-19 12:20:25,934 [DEBUG] Main thread has started
2026-08-19 12:20:25,936 [DEBUG] Relay thread has started
2026-08-19 12:20:25,937 [INFO] Connection opened
2026-08-19 12:20:25,938 [INFO] Switched to physical mode for TC: TC_ID-22-710 Step: PreCondition: PC_ID-10-001  Testcase:Incorrect message length(22F18701) [DiagTestPi R02]
2026-08-19 12:20:25,940 [INFO] TC_ID-22-710 - PreCondition: PC_ID-10-001  Testcase:Incorrect message length(22F18701) [DiagTestPi R02]: SID=0x22, Sub=0xF18701, Expected=[3, 127, 34, 19, 170, 170, 170, 170]
2026-08-19 12:20:26,009 [INFO] TC_ID-22-710 - PreCondition: PC_ID-10-001  Testcase:Incorrect message length(22F18701) [DiagTestPi R02]: Sending request 22F18701
2026-08-19 12:20:26,010 [INFO] TC_ID-22-710 - PreCondition: PC_ID-10-001  Testcase:Incorrect message length(22F18701) [DiagTestPi R02]: Sending request 22F18701
2026-08-19 12:20:26,011 [DEBUG] Sending 4 bytes : [22f18701]
2026-08-19 12:20:26,012 [DEBUG] Enqueuing a SendRequest for 4 bytes and TAT=Physical
2026-08-19 12:20:26,014 [DEBUG] Tx: <716> (08) [ ]	 0422f18701000000
2026-08-19 12:20:26,015 [DEBUG] We've been asked to write a message to the bus
2026-08-19 12:20:26,015 [DEBUG] sending: Timestamp:        0.000000    ID:      716    S Rx     F BS       DL:  8    04 22 f1 87 01 00 00 00
2026-08-19 12:20:26,039 [INFO] Test end time: .6f(TC: TC_ID-22-710, step: PreCondition: PC_ID-10-001  Testcase:Incorrect message length(22F18701) [DiagTestPi R02])
2026-08-19 12:20:26,040 [DEBUG] Rx: <71E> (08) [p]	 037f2213aaaaaaaa
2026-08-19 12:20:26,091 [INFO] TC_ID-22-710 - Received: 7F2213
2026-08-19 12:20:26,092 [WARNING] TC_ID-22-710 - PreCondition: PC_ID-10-001  Testcase:Incorrect message length(22F18701) [DiagTestPi R02] -> ❌ FAIL - Expected 037F2213AAAAAAAA
2026-08-19 12:20:26,093 [DEBUG] Stopping CanStack
2026-08-19 12:20:26,093 [DEBUG] Main thread is exiting
2026-08-19 12:20:26,139 [DEBUG] CanStack Stopped
2026-08-19 12:20:26,140 [INFO] Connection closed
2026-08-19 12:20:26,141 [INFO] Running Test Case: PC_ID-10-001
2026-08-19 12:20:26,142 [DEBUG] Starting CanStack
2026-08-19 12:20:26,143 [DEBUG] Main thread has started
2026-08-19 12:20:26,144 [DEBUG] Relay thread has started
2026-08-19 12:20:26,145 [INFO] Connection opened
2026-08-19 12:20:26,145 [INFO] Switched to physical mode for TC: PC_ID-10-001 Step: Start Default session [DiagTestPi R12]
2026-08-19 12:20:26,146 [INFO] PC_ID-10-001 - Start Default session [DiagTestPi R12]: SID=0x10, Sub=0x01, Expected=[6, 80, 1, 0, 50, 1, 244, 170]
2026-08-19 12:20:26,202 [INFO] PC_ID-10-001 - Start Default session [DiagTestPi R12]: Sending 1001
2026-08-19 12:20:26,250 [INFO] PC_ID-10-001 - Start Default session [DiagTestPi R12]: Sending request 1001
2026-08-19 12:20:26,251 [DEBUG] Sending 2 bytes : [1001]
2026-08-19 12:20:26,252 [DEBUG] Enqueuing a SendRequest for 2 bytes and TAT=Physical
2026-08-19 12:20:26,253 [DEBUG] Tx: <716> (08) [ ]	 0210010000000000
2026-08-19 12:20:26,254 [DEBUG] We've been asked to write a message to the bus
2026-08-19 12:20:26,254 [DEBUG] sending: Timestamp:        0.000000    ID:      716    S Rx     F BS       DL:  8    02 10 01 00 00 00 00 00
2026-08-19 12:20:26,278 [INFO] Test end time: .6f(TC: PC_ID-10-001, step: Start Default session [DiagTestPi R12])
2026-08-19 12:20:26,284 [INFO] PC_ID-10-001 - Received: 5001003201F4
2026-08-19 12:20:26,285 [DEBUG] Rx: <71E> (08) [p]	 065001003201f4aa
2026-08-19 12:20:26,286 [WARNING] PC_ID-10-001 - Start Default session [DiagTestPi R12] -> FAIL - Unexpected response
2026-08-19 12:20:26,288 [DEBUG] Stopping CanStack
2026-08-19 12:20:26,289 [DEBUG] Main thread is exiting
2026-08-19 12:20:26,333 [DEBUG] CanStack Stopped
2026-08-19 12:20:26,334 [INFO] Connection closed
2026-08-19 12:20:26,335 [INFO] Running Test Case: TC_ID-22-711
2026-08-19 12:20:26,335 [DEBUG] Starting CanStack
2026-08-19 12:20:26,337 [DEBUG] Main thread has started
2026-08-19 12:20:26,337 [DEBUG] Relay thread has started
2026-08-19 12:20:26,339 [INFO] Connection opened
2026-08-19 12:20:26,339 [INFO] Switched to physical mode for TC: TC_ID-22-711 Step: PreCondition: PC_ID-10-001  Testcase:Incorrect message length(22F1A001) [DiagTestPi R02]
2026-08-19 12:20:26,340 [INFO] TC_ID-22-711 - PreCondition: PC_ID-10-001  Testcase:Incorrect message length(22F1A001) [DiagTestPi R02]: SID=0x22, Sub=0xF1A001, Expected=[3, 127, 34, 19, 170, 170, 170, 170]
2026-08-19 12:20:26,402 [INFO] TC_ID-22-711 - PreCondition: PC_ID-10-001  Testcase:Incorrect message length(22F1A001) [DiagTestPi R02]: Sending request 22F1A001
2026-08-19 12:20:26,403 [INFO] TC_ID-22-711 - PreCondition: PC_ID-10-001  Testcase:Incorrect message length(22F1A001) [DiagTestPi R02]: Sending request 22F1A001
2026-08-19 12:20:26,403 [DEBUG] Sending 4 bytes : [22f1a001]
2026-08-19 12:20:26,405 [DEBUG] Enqueuing a SendRequest for 4 bytes and TAT=Physical
2026-08-19 12:20:26,406 [DEBUG] Tx: <716> (08) [ ]	 0422f1a001000000
2026-08-19 12:20:26,408 [DEBUG] We've been asked to write a message to the bus
2026-08-19 12:20:26,409 [DEBUG] sending: Timestamp:        0.000000    ID:      716    S Rx     F BS       DL:  8    04 22 f1 a0 01 00 00 00
2026-08-19 12:20:26,427 [INFO] Test end time: .6f(TC: TC_ID-22-711, step: PreCondition: PC_ID-10-001  Testcase:Incorrect message length(22F1A001) [DiagTestPi R02])
2026-08-19 12:20:26,427 [DEBUG] Rx: <71E> (08) [p]	 037f2213aaaaaaaa
2026-08-19 12:20:26,479 [INFO] TC_ID-22-711 - Received: 7F2213
2026-08-19 12:20:26,480 [WARNING] TC_ID-22-711 - PreCondition: PC_ID-10-001  Testcase:Incorrect message length(22F1A001) [DiagTestPi R02] -> ❌ FAIL - Expected 037F2213AAAAAAAA
2026-08-19 12:20:26,481 [DEBUG] Stopping CanStack
2026-08-19 12:20:26,481 [DEBUG] Main thread is exiting
2026-08-19 12:20:26,527 [DEBUG] CanStack Stopped
2026-08-19 12:20:26,527 [INFO] Connection closed
2026-08-19 12:20:26,528 [INFO] Running Test Case: PC_ID-10-001
2026-08-19 12:20:26,529 [DEBUG] Starting CanStack
2026-08-19 12:20:26,530 [DEBUG] Main thread has started
2026-08-19 12:20:26,531 [DEBUG] Relay thread has started
2026-08-19 12:20:26,532 [INFO] Connection opened
2026-08-19 12:20:26,532 [INFO] Switched to physical mode for TC: PC_ID-10-001 Step: Start Default session [DiagTestPi R12]
2026-08-19 12:20:26,533 [INFO] PC_ID-10-001 - Start Default session [DiagTestPi R12]: SID=0x10, Sub=0x01, Expected=[6, 80, 1, 0, 50, 1, 244, 170]
2026-08-19 12:20:26,589 [INFO] PC_ID-10-001 - Start Default session [DiagTestPi R12]: Sending 1001
2026-08-19 12:20:26,638 [INFO] PC_ID-10-001 - Start Default session [DiagTestPi R12]: Sending request 1001
2026-08-19 12:20:26,639 [DEBUG] Sending 2 bytes : [1001]
2026-08-19 12:20:26,640 [DEBUG] Enqueuing a SendRequest for 2 bytes and TAT=Physical
2026-08-19 12:20:26,641 [DEBUG] Tx: <716> (08) [ ]	 0210010000000000
2026-08-19 12:20:26,642 [DEBUG] We've been asked to write a message to the bus
2026-08-19 12:20:26,642 [DEBUG] sending: Timestamp:        0.000000    ID:      716    S Rx     F BS       DL:  8    02 10 01 00 00 00 00 00
2026-08-19 12:20:26,668 [INFO] Test end time: .6f(TC: PC_ID-10-001, step: Start Default session [DiagTestPi R12])
2026-08-19 12:20:26,672 [DEBUG] Rx: <71E> (08) [p]	 065001003201f4aa
2026-08-19 12:20:26,673 [INFO] PC_ID-10-001 - Received: 5001003201F4
2026-08-19 12:20:26,674 [WARNING] PC_ID-10-001 - Start Default session [DiagTestPi R12] -> FAIL - Unexpected response
2026-08-19 12:20:26,675 [DEBUG] Stopping CanStack
2026-08-19 12:20:26,676 [DEBUG] Main thread is exiting
2026-08-19 12:20:26,722 [DEBUG] CanStack Stopped
2026-08-19 12:20:26,723 [INFO] Connection closed
2026-08-19 12:20:26,723 [INFO] Running Test Case: TC_ID-22-712
2026-08-19 12:20:26,724 [DEBUG] Starting CanStack
2026-08-19 12:20:26,725 [DEBUG] Main thread has started
2026-08-19 12:20:26,726 [DEBUG] Relay thread has started
2026-08-19 12:20:26,727 [INFO] Connection opened
2026-08-19 12:20:26,728 [INFO] Switched to physical mode for TC: TC_ID-22-712 Step: PreCondition: PC_ID-10-001  Testcase:Incorrect message length(22F19504) [DiagTestPi R02]
2026-08-19 12:20:26,729 [INFO] TC_ID-22-712 - PreCondition: PC_ID-10-001  Testcase:Incorrect message length(22F19504) [DiagTestPi R02]: SID=0x22, Sub=0xF19504, Expected=[3, 127, 34, 19, 170, 170, 170, 170]
2026-08-19 12:20:26,792 [INFO] TC_ID-22-712 - PreCondition: PC_ID-10-001  Testcase:Incorrect message length(22F19504) [DiagTestPi R02]: Sending request 22F19504
2026-08-19 12:20:26,793 [INFO] TC_ID-22-712 - PreCondition: PC_ID-10-001  Testcase:Incorrect message length(22F19504) [DiagTestPi R02]: Sending request 22F19504
2026-08-19 12:20:26,793 [DEBUG] Sending 4 bytes : [22f19504]
2026-08-19 12:20:26,794 [DEBUG] Enqueuing a SendRequest for 4 bytes and TAT=Physical
2026-08-19 12:20:26,796 [DEBUG] Tx: <716> (08) [ ]	 0422f19504000000
2026-08-19 12:20:26,798 [DEBUG] We've been asked to write a message to the bus
2026-08-19 12:20:26,798 [DEBUG] sending: Timestamp:        0.000000    ID:      716    S Rx     F BS       DL:  8    04 22 f1 95 04 00 00 00
2026-08-19 12:20:26,816 [INFO] Test end time: .6f(TC: TC_ID-22-712, step: PreCondition: PC_ID-10-001  Testcase:Incorrect message length(22F19504) [DiagTestPi R02])
2026-08-19 12:20:26,818 [DEBUG] Rx: <71E> (08) [p]	 037f2213aaaaaaaa
2026-08-19 12:20:26,869 [INFO] TC_ID-22-712 - Received: 7F2213
2026-08-19 12:20:26,870 [WARNING] TC_ID-22-712 - PreCondition: PC_ID-10-001  Testcase:Incorrect message length(22F19504) [DiagTestPi R02] -> ❌ FAIL - Expected 037F2213AAAAAAAA
2026-08-19 12:20:26,871 [DEBUG] Stopping CanStack
2026-08-19 12:20:26,872 [DEBUG] Main thread is exiting
2026-08-19 12:20:26,918 [DEBUG] CanStack Stopped
2026-08-19 12:20:26,919 [INFO] Connection closed
2026-08-19 12:20:26,920 [INFO] Running Test Case: PC_ID-10-001
2026-08-19 12:20:26,921 [DEBUG] Starting CanStack
2026-08-19 12:20:26,922 [DEBUG] Main thread has started
2026-08-19 12:20:26,922 [DEBUG] Relay thread has started
2026-08-19 12:20:26,924 [INFO] Connection opened
2026-08-19 12:20:26,924 [INFO] Switched to physical mode for TC: PC_ID-10-001 Step: Start Default session [DiagTestPi R12]
2026-08-19 12:20:26,925 [INFO] PC_ID-10-001 - Start Default session [DiagTestPi R12]: SID=0x10, Sub=0x01, Expected=[6, 80, 1, 0, 50, 1, 244, 170]
2026-08-19 12:20:26,980 [INFO] PC_ID-10-001 - Start Default session [DiagTestPi R12]: Sending 1001
2026-08-19 12:20:27,030 [INFO] PC_ID-10-001 - Start Default session [DiagTestPi R12]: Sending request 1001
2026-08-19 12:20:27,031 [DEBUG] Sending 2 bytes : [1001]
2026-08-19 12:20:27,031 [DEBUG] Enqueuing a SendRequest for 2 bytes and TAT=Physical
2026-08-19 12:20:27,032 [DEBUG] Tx: <716> (08) [ ]	 0210010000000000
2026-08-19 12:20:27,033 [DEBUG] We've been asked to write a message to the bus
2026-08-19 12:20:27,033 [DEBUG] sending: Timestamp:        0.000000    ID:      716    S Rx     F BS       DL:  8    02 10 01 00 00 00 00 00
2026-08-19 12:20:27,057 [INFO] Test end time: .6f(TC: PC_ID-10-001, step: Start Default session [DiagTestPi R12])
2026-08-19 12:20:27,062 [DEBUG] Rx: <71E> (08) [p]	 065001003201f4aa
2026-08-19 12:20:27,063 [INFO] PC_ID-10-001 - Received: 5001003201F4
2026-08-19 12:20:27,064 [WARNING] PC_ID-10-001 - Start Default session [DiagTestPi R12] -> FAIL - Unexpected response
2026-08-19 12:20:27,065 [DEBUG] Stopping CanStack
2026-08-19 12:20:27,066 [DEBUG] Main thread is exiting
2026-08-19 12:20:27,112 [DEBUG] CanStack Stopped
2026-08-19 12:20:27,113 [INFO] Connection closed
2026-08-19 12:20:27,114 [INFO] Running Test Case: TC_ID-22-713
2026-08-19 12:20:27,114 [DEBUG] Starting CanStack
2026-08-19 12:20:27,115 [DEBUG] Main thread has started
2026-08-19 12:20:27,116 [DEBUG] Relay thread has started
2026-08-19 12:20:27,117 [INFO] Connection opened
2026-08-19 12:20:27,118 [INFO] Switched to physical mode for TC: TC_ID-22-713 Step: PreCondition: PC_ID-10-001  Testcase:Incorrect message length(22F1B001) [DiagTestPi R02]
2026-08-19 12:20:27,118 [INFO] TC_ID-22-713 - PreCondition: PC_ID-10-001  Testcase:Incorrect message length(22F1B001) [DiagTestPi R02]: SID=0x22, Sub=0xF1B001, Expected=[3, 127, 34, 19, 170, 170, 170, 170]
2026-08-19 12:20:27,181 [INFO] TC_ID-22-713 - PreCondition: PC_ID-10-001  Testcase:Incorrect message length(22F1B001) [DiagTestPi R02]: Sending request 22F1B001
2026-08-19 12:20:27,182 [INFO] TC_ID-22-713 - PreCondition: PC_ID-10-001  Testcase:Incorrect message length(22F1B001) [DiagTestPi R02]: Sending request 22F1B001
2026-08-19 12:20:27,183 [DEBUG] Sending 4 bytes : [22f1b001]
2026-08-19 12:20:27,184 [DEBUG] Enqueuing a SendRequest for 4 bytes and TAT=Physical
2026-08-19 12:20:27,186 [DEBUG] Tx: <716> (08) [ ]	 0422f1b001000000
2026-08-19 12:20:27,187 [DEBUG] We've been asked to write a message to the bus
2026-08-19 12:20:27,188 [DEBUG] sending: Timestamp:        0.000000    ID:      716    S Rx     F BS       DL:  8    04 22 f1 b0 01 00 00 00
2026-08-19 12:20:27,206 [INFO] Test end time: .6f(TC: TC_ID-22-713, step: PreCondition: PC_ID-10-001  Testcase:Incorrect message length(22F1B001) [DiagTestPi R02])
2026-08-19 12:20:27,207 [DEBUG] Rx: <71E> (08) [p]	 037f2213aaaaaaaa
2026-08-19 12:20:27,258 [INFO] TC_ID-22-713 - Received: 7F2213
2026-08-19 12:20:27,260 [WARNING] TC_ID-22-713 - PreCondition: PC_ID-10-001  Testcase:Incorrect message length(22F1B001) [DiagTestPi R02] -> ❌ FAIL - Expected 037F2213AAAAAAAA
2026-08-19 12:20:27,260 [DEBUG] Stopping CanStack
2026-08-19 12:20:27,261 [DEBUG] Main thread is exiting
2026-08-19 12:20:27,306 [DEBUG] CanStack Stopped
2026-08-19 12:20:27,307 [INFO] Connection closed
2026-08-19 12:20:27,308 [INFO] Running Test Case: PC_ID-10-001
2026-08-19 12:20:27,309 [DEBUG] Starting CanStack
2026-08-19 12:20:27,310 [DEBUG] Main thread has started
2026-08-19 12:20:27,311 [DEBUG] Relay thread has started
2026-08-19 12:20:27,312 [INFO] Connection opened
2026-08-19 12:20:27,313 [INFO] Switched to physical mode for TC: PC_ID-10-001 Step: Start Default session [DiagTestPi R12]
2026-08-19 12:20:27,313 [INFO] PC_ID-10-001 - Start Default session [DiagTestPi R12]: SID=0x10, Sub=0x01, Expected=[6, 80, 1, 0, 50, 1, 244, 170]
2026-08-19 12:20:27,369 [INFO] PC_ID-10-001 - Start Default session [DiagTestPi R12]: Sending 1001
2026-08-19 12:20:27,418 [INFO] PC_ID-10-001 - Start Default session [DiagTestPi R12]: Sending request 1001
2026-08-19 12:20:27,419 [DEBUG] Sending 2 bytes : [1001]
2026-08-19 12:20:27,420 [DEBUG] Enqueuing a SendRequest for 2 bytes and TAT=Physical
2026-08-19 12:20:27,421 [DEBUG] Tx: <716> (08) [ ]	 0210010000000000
2026-08-19 12:20:27,422 [DEBUG] We've been asked to write a message to the bus
2026-08-19 12:20:27,422 [DEBUG] sending: Timestamp:        0.000000    ID:      716    S Rx     F BS       DL:  8    02 10 01 00 00 00 00 00
2026-08-19 12:20:27,446 [INFO] Test end time: .6f(TC: PC_ID-10-001, step: Start Default session [DiagTestPi R12])
2026-08-19 12:20:27,451 [INFO] PC_ID-10-001 - Received: 5001003201F4
2026-08-19 12:20:27,452 [DEBUG] Rx: <71E> (08) [p]	 065001003201f4aa
2026-08-19 12:20:27,453 [WARNING] PC_ID-10-001 - Start Default session [DiagTestPi R12] -> FAIL - Unexpected response
2026-08-19 12:20:27,455 [DEBUG] Stopping CanStack
2026-08-19 12:20:27,456 [DEBUG] Main thread is exiting
2026-08-19 12:20:27,501 [DEBUG] CanStack Stopped
2026-08-19 12:20:27,501 [INFO] Connection closed
2026-08-19 12:20:27,502 [INFO] Running Test Case: TC_ID-22-714
2026-08-19 12:20:27,503 [DEBUG] Starting CanStack
2026-08-19 12:20:27,504 [DEBUG] Main thread has started
2026-08-19 12:20:27,505 [DEBUG] Relay thread has started
2026-08-19 12:20:27,506 [INFO] Connection opened
2026-08-19 12:20:27,506 [INFO] Switched to physical mode for TC: TC_ID-22-714 Step: PreCondition: PC_ID-10-001  Testcase:Incorrect message length(22F19101) [DiagTestPi R02]
2026-08-19 12:20:27,507 [INFO] TC_ID-22-714 - PreCondition: PC_ID-10-001  Testcase:Incorrect message length(22F19101) [DiagTestPi R02]: SID=0x22, Sub=0xF19101, Expected=[3, 127, 34, 19, 170, 170, 170, 170]
2026-08-19 12:20:27,569 [INFO] TC_ID-22-714 - PreCondition: PC_ID-10-001  Testcase:Incorrect message length(22F19101) [DiagTestPi R02]: Sending request 22F19101
2026-08-19 12:20:27,570 [INFO] TC_ID-22-714 - PreCondition: PC_ID-10-001  Testcase:Incorrect message length(22F19101) [DiagTestPi R02]: Sending request 22F19101
2026-08-19 12:20:27,571 [DEBUG] Sending 4 bytes : [22f19101]
2026-08-19 12:20:27,572 [DEBUG] Enqueuing a SendRequest for 4 bytes and TAT=Physical
2026-08-19 12:20:27,574 [DEBUG] Tx: <716> (08) [ ]	 0422f19101000000
2026-08-19 12:20:27,575 [DEBUG] We've been asked to write a message to the bus
2026-08-19 12:20:27,576 [DEBUG] sending: Timestamp:        0.000000    ID:      716    S Rx     F BS       DL:  8    04 22 f1 91 01 00 00 00
2026-08-19 12:20:27,596 [DEBUG] Rx: <71E> (08) [p]	 037f2213aaaaaaaa
2026-08-19 12:20:27,597 [INFO] Test end time: .6f(TC: TC_ID-22-714, step: PreCondition: PC_ID-10-001  Testcase:Incorrect message length(22F19101) [DiagTestPi R02])
2026-08-19 12:20:27,650 [INFO] TC_ID-22-714 - Received: 7F2213
2026-08-19 12:20:27,651 [WARNING] TC_ID-22-714 - PreCondition: PC_ID-10-001  Testcase:Incorrect message length(22F19101) [DiagTestPi R02] -> ❌ FAIL - Expected 037F2213AAAAAAAA
2026-08-19 12:20:27,651 [DEBUG] Stopping CanStack
2026-08-19 12:20:27,652 [DEBUG] Main thread is exiting
2026-08-19 12:20:27,697 [DEBUG] CanStack Stopped
2026-08-19 12:20:27,698 [INFO] Connection closed
2026-08-19 12:20:27,698 [INFO] Running Test Case: PC_ID-10-001
2026-08-19 12:20:27,699 [DEBUG] Starting CanStack
2026-08-19 12:20:27,700 [DEBUG] Main thread has started
2026-08-19 12:20:27,701 [DEBUG] Relay thread has started
2026-08-19 12:20:27,702 [INFO] Connection opened
2026-08-19 12:20:27,702 [INFO] Switched to physical mode for TC: PC_ID-10-001 Step: Start Default session [DiagTestPi R12]
2026-08-19 12:20:27,703 [INFO] PC_ID-10-001 - Start Default session [DiagTestPi R12]: SID=0x10, Sub=0x01, Expected=[6, 80, 1, 0, 50, 1, 244, 170]
2026-08-19 12:20:27,759 [INFO] PC_ID-10-001 - Start Default session [DiagTestPi R12]: Sending 1001
2026-08-19 12:20:27,809 [INFO] PC_ID-10-001 - Start Default session [DiagTestPi R12]: Sending request 1001
2026-08-19 12:20:27,810 [DEBUG] Sending 2 bytes : [1001]
2026-08-19 12:20:27,810 [DEBUG] Enqueuing a SendRequest for 2 bytes and TAT=Physical
2026-08-19 12:20:27,811 [DEBUG] Tx: <716> (08) [ ]	 0210010000000000
2026-08-19 12:20:27,812 [DEBUG] We've been asked to write a message to the bus
2026-08-19 12:20:27,813 [DEBUG] sending: Timestamp:        0.000000    ID:      716    S Rx     F BS       DL:  8    02 10 01 00 00 00 00 00
2026-08-19 12:20:27,837 [INFO] Test end time: .6f(TC: PC_ID-10-001, step: Start Default session [DiagTestPi R12])
2026-08-19 12:20:27,840 [DEBUG] Rx: <71E> (08) [p]	 065001003201f4aa
2026-08-19 12:20:27,842 [INFO] PC_ID-10-001 - Received: 5001003201F4
2026-08-19 12:20:27,843 [WARNING] PC_ID-10-001 - Start Default session [DiagTestPi R12] -> FAIL - Unexpected response
2026-08-19 12:20:27,843 [DEBUG] Stopping CanStack
2026-08-19 12:20:27,845 [DEBUG] Main thread is exiting
2026-08-19 12:20:27,887 [DEBUG] CanStack Stopped
2026-08-19 12:20:27,888 [INFO] Connection closed
2026-08-19 12:20:27,889 [INFO] Running Test Case: TC_ID-22-715
2026-08-19 12:20:27,889 [DEBUG] Starting CanStack
2026-08-19 12:20:27,890 [DEBUG] Main thread has started
2026-08-19 12:20:27,891 [DEBUG] Relay thread has started
2026-08-19 12:20:27,893 [INFO] Connection opened
2026-08-19 12:20:27,893 [INFO] Switched to physical mode for TC: TC_ID-22-715 Step: PreCondition: PC_ID-10-001  Testcase:Incorrect message length(22F1EF02) [DiagTestPi R02]
2026-08-19 12:20:27,894 [INFO] TC_ID-22-715 - PreCondition: PC_ID-10-001  Testcase:Incorrect message length(22F1EF02) [DiagTestPi R02]: SID=0x22, Sub=0xF1EF02, Expected=[3, 127, 34, 19, 170, 170, 170, 170]
2026-08-19 12:20:27,956 [INFO] TC_ID-22-715 - PreCondition: PC_ID-10-001  Testcase:Incorrect message length(22F1EF02) [DiagTestPi R02]: Sending request 22F1EF02
2026-08-19 12:20:27,956 [INFO] TC_ID-22-715 - PreCondition: PC_ID-10-001  Testcase:Incorrect message length(22F1EF02) [DiagTestPi R02]: Sending request 22F1EF02
2026-08-19 12:20:27,957 [DEBUG] Sending 4 bytes : [22f1ef02]
2026-08-19 12:20:27,958 [DEBUG] Enqueuing a SendRequest for 4 bytes and TAT=Physical
2026-08-19 12:20:27,959 [DEBUG] Tx: <716> (08) [ ]	 0422f1ef02000000
2026-08-19 12:20:27,960 [DEBUG] We've been asked to write a message to the bus
2026-08-19 12:20:27,960 [DEBUG] sending: Timestamp:        0.000000    ID:      716    S Rx     F BS       DL:  8    04 22 f1 ef 02 00 00 00
2026-08-19 12:20:27,987 [INFO] Test end time: .6f(TC: TC_ID-22-715, step: PreCondition: PC_ID-10-001  Testcase:Incorrect message length(22F1EF02) [DiagTestPi R02])
2026-08-19 12:20:27,990 [DEBUG] Rx: <71E> (08) [p]	 037f2213aaaaaaaa
2026-08-19 12:20:28,040 [INFO] TC_ID-22-715 - Received: 7F2213
2026-08-19 12:20:28,041 [WARNING] TC_ID-22-715 - PreCondition: PC_ID-10-001  Testcase:Incorrect message length(22F1EF02) [DiagTestPi R02] -> ❌ FAIL - Expected 037F2213AAAAAAAA
2026-08-19 12:20:28,042 [DEBUG] Stopping CanStack
2026-08-19 12:20:28,043 [DEBUG] Main thread is exiting
2026-08-19 12:20:28,091 [DEBUG] CanStack Stopped
2026-08-19 12:20:28,092 [INFO] Connection closed
2026-08-19 12:20:28,092 [INFO] Running Test Case: PC_ID-10-001
2026-08-19 12:20:28,093 [DEBUG] Starting CanStack
2026-08-19 12:20:28,094 [DEBUG] Main thread has started
2026-08-19 12:20:28,095 [DEBUG] Relay thread has started
2026-08-19 12:20:28,096 [INFO] Connection opened
2026-08-19 12:20:28,097 [INFO] Switched to physical mode for TC: PC_ID-10-001 Step: Start Default session [DiagTestPi R12]
2026-08-19 12:20:28,097 [INFO] PC_ID-10-001 - Start Default session [DiagTestPi R12]: SID=0x10, Sub=0x01, Expected=[6, 80, 1, 0, 50, 1, 244, 170]
2026-08-19 12:20:28,152 [INFO] PC_ID-10-001 - Start Default session [DiagTestPi R12]: Sending 1001
2026-08-19 12:20:28,202 [INFO] PC_ID-10-001 - Start Default session [DiagTestPi R12]: Sending request 1001
2026-08-19 12:20:28,203 [DEBUG] Sending 2 bytes : [1001]
2026-08-19 12:20:28,204 [DEBUG] Enqueuing a SendRequest for 2 bytes and TAT=Physical
2026-08-19 12:20:28,205 [DEBUG] Tx: <716> (08) [ ]	 0210010000000000
2026-08-19 12:20:28,205 [DEBUG] We've been asked to write a message to the bus
2026-08-19 12:20:28,206 [DEBUG] sending: Timestamp:        0.000000    ID:      716    S Rx     F BS       DL:  8    02 10 01 00 00 00 00 00
2026-08-19 12:20:28,231 [INFO] Test end time: .6f(TC: PC_ID-10-001, step: Start Default session [DiagTestPi R12])
2026-08-19 12:20:28,233 [DEBUG] Rx: <71E> (08) [p]	 065001003201f4aa
2026-08-19 12:20:28,234 [INFO] PC_ID-10-001 - Received: 5001003201F4
2026-08-19 12:20:28,236 [WARNING] PC_ID-10-001 - Start Default session [DiagTestPi R12] -> FAIL - Unexpected response
2026-08-19 12:20:28,236 [DEBUG] Stopping CanStack
2026-08-19 12:20:28,237 [DEBUG] Main thread is exiting
2026-08-19 12:20:28,279 [DEBUG] CanStack Stopped
2026-08-19 12:20:28,280 [INFO] Connection closed
2026-08-19 12:20:28,281 [INFO] Running Test Case: TC_ID-22-716
2026-08-19 12:20:28,281 [DEBUG] Starting CanStack
2026-08-19 12:20:28,282 [DEBUG] Main thread has started
2026-08-19 12:20:28,283 [DEBUG] Relay thread has started
2026-08-19 12:20:28,284 [INFO] Connection opened
2026-08-19 12:20:28,285 [INFO] Switched to physical mode for TC: TC_ID-22-716 Step: PreCondition: PC_ID-10-001  Testcase:Incorrect message length(22F10001) [DiagTestPi R02]
2026-08-19 12:20:28,285 [INFO] TC_ID-22-716 - PreCondition: PC_ID-10-001  Testcase:Incorrect message length(22F10001) [DiagTestPi R02]: SID=0x22, Sub=0xF10001, Expected=[3, 127, 34, 19, 170, 170, 170, 170]
2026-08-19 12:20:28,344 [INFO] TC_ID-22-716 - PreCondition: PC_ID-10-001  Testcase:Incorrect message length(22F10001) [DiagTestPi R02]: Sending request 22F10001
2026-08-19 12:20:28,345 [INFO] TC_ID-22-716 - PreCondition: PC_ID-10-001  Testcase:Incorrect message length(22F10001) [DiagTestPi R02]: Sending request 22F10001
2026-08-19 12:20:28,346 [DEBUG] Sending 4 bytes : [22f10001]
2026-08-19 12:20:28,347 [DEBUG] Enqueuing a SendRequest for 4 bytes and TAT=Physical
2026-08-19 12:20:28,348 [DEBUG] Tx: <716> (08) [ ]	 0422f10001000000
2026-08-19 12:20:28,349 [DEBUG] We've been asked to write a message to the bus
2026-08-19 12:20:28,350 [DEBUG] sending: Timestamp:        0.000000    ID:      716    S Rx     F BS       DL:  8    04 22 f1 00 01 00 00 00
2026-08-19 12:20:28,367 [DEBUG] Rx: <71E> (08) [p]	 037f2213aaaaaaaa
2026-08-19 12:20:28,369 [INFO] Test end time: .6f(TC: TC_ID-22-716, step: PreCondition: PC_ID-10-001  Testcase:Incorrect message length(22F10001) [DiagTestPi R02])
2026-08-19 12:20:28,421 [INFO] TC_ID-22-716 - Received: 7F2213
2026-08-19 12:20:28,422 [WARNING] TC_ID-22-716 - PreCondition: PC_ID-10-001  Testcase:Incorrect message length(22F10001) [DiagTestPi R02] -> ❌ FAIL - Expected 037F2213AAAAAAAA
2026-08-19 12:20:28,423 [DEBUG] Stopping CanStack
2026-08-19 12:20:28,424 [DEBUG] Main thread is exiting
2026-08-19 12:20:28,468 [DEBUG] CanStack Stopped
2026-08-19 12:20:28,469 [INFO] Connection closed
2026-08-19 12:20:28,470 [INFO] Running Test Case: PC_ID-10-002
2026-08-19 12:20:28,471 [DEBUG] Starting CanStack
2026-08-19 12:20:28,472 [DEBUG] Main thread has started
2026-08-19 12:20:28,473 [DEBUG] Relay thread has started
2026-08-19 12:20:28,474 [INFO] Connection opened
2026-08-19 12:20:28,475 [INFO] Switched to physical mode for TC: PC_ID-10-002 Step: Start Extended session [DiagTestPi R12]
2026-08-19 12:20:28,475 [INFO] PC_ID-10-002 - Start Extended session [DiagTestPi R12]: SID=0x10, Sub=0x03, Expected=[6, 80, 3, 0, 50, 1, 244, 170]
2026-08-19 12:20:28,532 [INFO] PC_ID-10-002 - Start Extended session [DiagTestPi R12]: Sending 1003
2026-08-19 12:20:28,581 [INFO] PC_ID-10-002 - Start Extended session [DiagTestPi R12]: Sending request 1003
2026-08-19 12:20:28,582 [DEBUG] Sending 2 bytes : [1003]
2026-08-19 12:20:28,582 [DEBUG] Enqueuing a SendRequest for 2 bytes and TAT=Physical
2026-08-19 12:20:28,583 [DEBUG] Tx: <716> (08) [ ]	 0210030000000000
2026-08-19 12:20:28,584 [DEBUG] We've been asked to write a message to the bus
2026-08-19 12:20:28,585 [DEBUG] sending: Timestamp:        0.000000    ID:      716    S Rx     F BS       DL:  8    02 10 03 00 00 00 00 00
2026-08-19 12:20:28,606 [INFO] Test end time: .6f(TC: PC_ID-10-002, step: Start Extended session [DiagTestPi R12])
2026-08-19 12:20:28,614 [INFO] PC_ID-10-002 - Received: 5003003201F4
2026-08-19 12:20:28,615 [DEBUG] Rx: <71E> (08) [p]	 065003003201f4aa
2026-08-19 12:20:28,616 [WARNING] PC_ID-10-002 - Start Extended session [DiagTestPi R12] -> FAIL - Unexpected response
2026-08-19 12:20:28,617 [DEBUG] Stopping CanStack
2026-08-19 12:20:28,618 [DEBUG] Main thread is exiting
2026-08-19 12:20:28,664 [DEBUG] CanStack Stopped
2026-08-19 12:20:28,665 [INFO] Connection closed
2026-08-19 12:20:28,665 [INFO] Running Test Case: TC_ID-22-722
2026-08-19 12:20:28,666 [DEBUG] Starting CanStack
2026-08-19 12:20:28,667 [DEBUG] Main thread has started
2026-08-19 12:20:28,668 [DEBUG] Relay thread has started
2026-08-19 12:20:28,669 [INFO] Connection opened
2026-08-19 12:20:28,670 [INFO] Switched to physical mode for TC: TC_ID-22-722 Step: PreCondition: PC_ID-10-002  Testcase:Incorrect message length(22F18701) [DiagTestPi R02]
2026-08-19 12:20:28,670 [INFO] TC_ID-22-722 - PreCondition: PC_ID-10-002  Testcase:Incorrect message length(22F18701) [DiagTestPi R02]: SID=0x22, Sub=0xF18701, Expected=[3, 127, 34, 19, 170, 170, 170, 170]
2026-08-19 12:20:28,733 [INFO] TC_ID-22-722 - PreCondition: PC_ID-10-002  Testcase:Incorrect message length(22F18701) [DiagTestPi R02]: Sending request 22F18701
2026-08-19 12:20:28,734 [INFO] TC_ID-22-722 - PreCondition: PC_ID-10-002  Testcase:Incorrect message length(22F18701) [DiagTestPi R02]: Sending request 22F18701
2026-08-19 12:20:28,735 [DEBUG] Sending 4 bytes : [22f18701]
2026-08-19 12:20:28,736 [DEBUG] Enqueuing a SendRequest for 4 bytes and TAT=Physical
2026-08-19 12:20:28,738 [DEBUG] Tx: <716> (08) [ ]	 0422f18701000000
2026-08-19 12:20:28,739 [DEBUG] We've been asked to write a message to the bus
2026-08-19 12:20:28,740 [DEBUG] sending: Timestamp:        0.000000    ID:      716    S Rx     F BS       DL:  8    04 22 f1 87 01 00 00 00
2026-08-19 12:20:28,766 [INFO] Test end time: .6f(TC: TC_ID-22-722, step: PreCondition: PC_ID-10-002  Testcase:Incorrect message length(22F18701) [DiagTestPi R02])
2026-08-19 12:20:28,767 [DEBUG] Rx: <71E> (08) [p]	 037f2213aaaaaaaa
2026-08-19 12:20:28,819 [INFO] TC_ID-22-722 - Received: 7F2213
2026-08-19 12:20:28,824 [WARNING] TC_ID-22-722 - PreCondition: PC_ID-10-002  Testcase:Incorrect message length(22F18701) [DiagTestPi R02] -> ❌ FAIL - Expected 037F2213AAAAAAAA
2026-08-19 12:20:28,827 [DEBUG] Stopping CanStack
2026-08-19 12:20:28,828 [DEBUG] Main thread is exiting
2026-08-19 12:20:28,867 [DEBUG] CanStack Stopped
2026-08-19 12:20:28,868 [INFO] Connection closed
2026-08-19 12:20:28,869 [INFO] Running Test Case: PC_ID-10-002
2026-08-19 12:20:28,870 [DEBUG] Starting CanStack
2026-08-19 12:20:28,872 [DEBUG] Main thread has started
2026-08-19 12:20:28,873 [DEBUG] Relay thread has started
2026-08-19 12:20:28,876 [INFO] Connection opened
2026-08-19 12:20:28,877 [INFO] Switched to physical mode for TC: PC_ID-10-002 Step: Start Extended session [DiagTestPi R12]
2026-08-19 12:20:28,878 [INFO] PC_ID-10-002 - Start Extended session [DiagTestPi R12]: SID=0x10, Sub=0x03, Expected=[6, 80, 3, 0, 50, 1, 244, 170]
2026-08-19 12:20:28,941 [INFO] PC_ID-10-002 - Start Extended session [DiagTestPi R12]: Sending 1003
2026-08-19 12:20:28,995 [INFO] PC_ID-10-002 - Start Extended session [DiagTestPi R12]: Sending request 1003
2026-08-19 12:20:28,997 [DEBUG] Sending 2 bytes : [1003]
2026-08-19 12:20:28,997 [DEBUG] Enqueuing a SendRequest for 2 bytes and TAT=Physical
2026-08-19 12:20:28,998 [DEBUG] Tx: <716> (08) [ ]	 0210030000000000
2026-08-19 12:20:28,999 [DEBUG] We've been asked to write a message to the bus
2026-08-19 12:20:28,999 [DEBUG] sending: Timestamp:        0.000000    ID:      716    S Rx     F BS       DL:  8    02 10 03 00 00 00 00 00
2026-08-19 12:20:29,020 [DEBUG] Rx: <71E> (08) [p]	 065003003201f4aa
2026-08-19 12:20:29,024 [INFO] Test end time: .6f(TC: PC_ID-10-002, step: Start Extended session [DiagTestPi R12])
2026-08-19 12:20:29,025 [INFO] PC_ID-10-002 - Received: 5003003201F4
2026-08-19 12:20:29,026 [WARNING] PC_ID-10-002 - Start Extended session [DiagTestPi R12] -> FAIL - Unexpected response
2026-08-19 12:20:29,026 [DEBUG] Stopping CanStack
2026-08-19 12:20:29,028 [DEBUG] Main thread is exiting
2026-08-19 12:20:29,070 [DEBUG] CanStack Stopped
2026-08-19 12:20:29,071 [INFO] Connection closed
2026-08-19 12:20:29,072 [INFO] Running Test Case: TC_ID-22-723
2026-08-19 12:20:29,073 [DEBUG] Starting CanStack
2026-08-19 12:20:29,074 [DEBUG] Main thread has started
2026-08-19 12:20:29,075 [DEBUG] Relay thread has started
2026-08-19 12:20:29,076 [INFO] Connection opened
2026-08-19 12:20:29,077 [INFO] Switched to physical mode for TC: TC_ID-22-723 Step: PreCondition: PC_ID-10-002  Testcase:Incorrect message length(22F19703) [DiagTestPi R02]
2026-08-19 12:20:29,077 [INFO] TC_ID-22-723 - PreCondition: PC_ID-10-002  Testcase:Incorrect message length(22F19703) [DiagTestPi R02]: SID=0x22, Sub=0xF19703, Expected=[3, 127, 34, 19, 170, 170, 170, 170]
2026-08-19 12:20:29,139 [INFO] TC_ID-22-723 - PreCondition: PC_ID-10-002  Testcase:Incorrect message length(22F19703) [DiagTestPi R02]: Sending request 22F19703
2026-08-19 12:20:29,140 [INFO] TC_ID-22-723 - PreCondition: PC_ID-10-002  Testcase:Incorrect message length(22F19703) [DiagTestPi R02]: Sending request 22F19703
2026-08-19 12:20:29,141 [DEBUG] Sending 4 bytes : [22f19703]
2026-08-19 12:20:29,142 [DEBUG] Enqueuing a SendRequest for 4 bytes and TAT=Physical
2026-08-19 12:20:29,143 [DEBUG] Tx: <716> (08) [ ]	 0422f19703000000
2026-08-19 12:20:29,144 [DEBUG] We've been asked to write a message to the bus
2026-08-19 12:20:29,145 [DEBUG] sending: Timestamp:        0.000000    ID:      716    S Rx     F BS       DL:  8    04 22 f1 97 03 00 00 00
2026-08-19 12:20:29,166 [INFO] Test end time: .6f(TC: TC_ID-22-723, step: PreCondition: PC_ID-10-002  Testcase:Incorrect message length(22F19703) [DiagTestPi R02])
2026-08-19 12:20:29,168 [DEBUG] Rx: <71E> (08) [p]	 037f2213aaaaaaaa
2026-08-19 12:20:29,218 [INFO] TC_ID-22-723 - Received: 7F2213
2026-08-19 12:20:29,219 [WARNING] TC_ID-22-723 - PreCondition: PC_ID-10-002  Testcase:Incorrect message length(22F19703) [DiagTestPi R02] -> ❌ FAIL - Expected 037F2213AAAAAAAA
2026-08-19 12:20:29,220 [DEBUG] Stopping CanStack
2026-08-19 12:20:29,221 [DEBUG] Main thread is exiting
2026-08-19 12:20:29,269 [DEBUG] CanStack Stopped
2026-08-19 12:20:29,270 [INFO] Connection closed
2026-08-19 12:20:29,270 [INFO] Running Test Case: PC_ID-10-002
2026-08-19 12:20:29,271 [DEBUG] Starting CanStack
2026-08-19 12:20:29,272 [DEBUG] Main thread has started
2026-08-19 12:20:29,273 [DEBUG] Relay thread has started
2026-08-19 12:20:29,274 [INFO] Connection opened
2026-08-19 12:20:29,275 [INFO] Switched to physical mode for TC: PC_ID-10-002 Step: Start Extended session [DiagTestPi R12]
2026-08-19 12:20:29,276 [INFO] PC_ID-10-002 - Start Extended session [DiagTestPi R12]: SID=0x10, Sub=0x03, Expected=[6, 80, 3, 0, 50, 1, 244, 170]
2026-08-19 12:20:29,331 [INFO] PC_ID-10-002 - Start Extended session [DiagTestPi R12]: Sending 1003
2026-08-19 12:20:29,380 [INFO] PC_ID-10-002 - Start Extended session [DiagTestPi R12]: Sending request 1003
2026-08-19 12:20:29,381 [DEBUG] Sending 2 bytes : [1003]
2026-08-19 12:20:29,382 [DEBUG] Enqueuing a SendRequest for 2 bytes and TAT=Physical
2026-08-19 12:20:29,383 [DEBUG] Tx: <716> (08) [ ]	 0210030000000000
2026-08-19 12:20:29,383 [DEBUG] We've been asked to write a message to the bus
2026-08-19 12:20:29,384 [DEBUG] sending: Timestamp:        0.000000    ID:      716    S Rx     F BS       DL:  8    02 10 03 00 00 00 00 00
2026-08-19 12:20:29,411 [INFO] Test end time: .6f(TC: PC_ID-10-002, step: Start Extended session [DiagTestPi R12])
2026-08-19 12:20:29,412 [DEBUG] Rx: <71E> (08) [p]	 065003003201f4aa
2026-08-19 12:20:29,413 [INFO] PC_ID-10-002 - Received: 5003003201F4
2026-08-19 12:20:29,414 [WARNING] PC_ID-10-002 - Start Extended session [DiagTestPi R12] -> FAIL - Unexpected response
2026-08-19 12:20:29,415 [DEBUG] Stopping CanStack
2026-08-19 12:20:29,416 [DEBUG] Main thread is exiting
2026-08-19 12:20:29,460 [DEBUG] CanStack Stopped
2026-08-19 12:20:29,461 [INFO] Connection closed
2026-08-19 12:20:29,461 [INFO] Running Test Case: TC_ID-22-724
2026-08-19 12:20:29,462 [DEBUG] Starting CanStack
2026-08-19 12:20:29,463 [DEBUG] Main thread has started
2026-08-19 12:20:29,464 [DEBUG] Relay thread has started
2026-08-19 12:20:29,465 [INFO] Connection opened
2026-08-19 12:20:29,466 [INFO] Switched to physical mode for TC: TC_ID-22-724 Step: PreCondition: PC_ID-10-002  Testcase:Incorrect message length(22F1A101) [DiagTestPi R02]
2026-08-19 12:20:29,466 [INFO] TC_ID-22-724 - PreCondition: PC_ID-10-002  Testcase:Incorrect message length(22F1A101) [DiagTestPi R02]: SID=0x22, Sub=0xF1A101, Expected=[3, 127, 34, 19, 170, 170, 170, 170]
2026-08-19 12:20:29,529 [INFO] TC_ID-22-724 - PreCondition: PC_ID-10-002  Testcase:Incorrect message length(22F1A101) [DiagTestPi R02]: Sending request 22F1A101
2026-08-19 12:20:29,530 [INFO] TC_ID-22-724 - PreCondition: PC_ID-10-002  Testcase:Incorrect message length(22F1A101) [DiagTestPi R02]: Sending request 22F1A101
2026-08-19 12:20:29,531 [DEBUG] Sending 4 bytes : [22f1a101]
2026-08-19 12:20:29,532 [DEBUG] Enqueuing a SendRequest for 4 bytes and TAT=Physical
2026-08-19 12:20:29,534 [DEBUG] Tx: <716> (08) [ ]	 0422f1a101000000
2026-08-19 12:20:29,535 [DEBUG] We've been asked to write a message to the bus
2026-08-19 12:20:29,536 [DEBUG] sending: Timestamp:        0.000000    ID:      716    S Rx     F BS       DL:  8    04 22 f1 a1 01 00 00 00
2026-08-19 12:20:29,556 [INFO] Test end time: .6f(TC: TC_ID-22-724, step: PreCondition: PC_ID-10-002  Testcase:Incorrect message length(22F1A101) [DiagTestPi R02])
2026-08-19 12:20:29,559 [DEBUG] Rx: <71E> (08) [p]	 037f2213aaaaaaaa
2026-08-19 12:20:29,609 [INFO] TC_ID-22-724 - Received: 7F2213
2026-08-19 12:20:29,610 [WARNING] TC_ID-22-724 - PreCondition: PC_ID-10-002  Testcase:Incorrect message length(22F1A101) [DiagTestPi R02] -> ❌ FAIL - Expected 037F2213AAAAAAAA
2026-08-19 12:20:29,610 [DEBUG] Stopping CanStack
2026-08-19 12:20:29,611 [DEBUG] Main thread is exiting
2026-08-19 12:20:29,659 [DEBUG] CanStack Stopped
2026-08-19 12:20:29,660 [INFO] Connection closed
2026-08-19 12:20:29,661 [INFO] Running Test Case: PC_ID-10-002
2026-08-19 12:20:29,661 [DEBUG] Starting CanStack
2026-08-19 12:20:29,662 [DEBUG] Main thread has started
2026-08-19 12:20:29,663 [DEBUG] Relay thread has started
2026-08-19 12:20:29,664 [INFO] Connection opened
2026-08-19 12:20:29,665 [INFO] Switched to physical mode for TC: PC_ID-10-002 Step: Start Extended session [DiagTestPi R12]
2026-08-19 12:20:29,665 [INFO] PC_ID-10-002 - Start Extended session [DiagTestPi R12]: SID=0x10, Sub=0x03, Expected=[6, 80, 3, 0, 50, 1, 244, 170]
2026-08-19 12:20:29,720 [INFO] PC_ID-10-002 - Start Extended session [DiagTestPi R12]: Sending 1003
2026-08-19 12:20:29,770 [INFO] PC_ID-10-002 - Start Extended session [DiagTestPi R12]: Sending request 1003
2026-08-19 12:20:29,771 [DEBUG] Sending 2 bytes : [1003]
2026-08-19 12:20:29,771 [DEBUG] Enqueuing a SendRequest for 2 bytes and TAT=Physical
2026-08-19 12:20:29,772 [DEBUG] Tx: <716> (08) [ ]	 0210030000000000
2026-08-19 12:20:29,773 [DEBUG] We've been asked to write a message to the bus
2026-08-19 12:20:29,773 [DEBUG] sending: Timestamp:        0.000000    ID:      716    S Rx     F BS       DL:  8    02 10 03 00 00 00 00 00
2026-08-19 12:20:29,797 [INFO] Test end time: .6f(TC: PC_ID-10-002, step: Start Extended session [DiagTestPi R12])
2026-08-19 12:20:29,801 [INFO] PC_ID-10-002 - Received: 5003003201F4
2026-08-19 12:20:29,802 [DEBUG] Rx: <71E> (08) [p]	 065003003201f4aa
2026-08-19 12:20:29,803 [WARNING] PC_ID-10-002 - Start Extended session [DiagTestPi R12] -> FAIL - Unexpected response
2026-08-19 12:20:29,804 [DEBUG] Stopping CanStack
2026-08-19 12:20:29,806 [DEBUG] Main thread is exiting
2026-08-19 12:20:29,852 [DEBUG] CanStack Stopped
2026-08-19 12:20:29,853 [INFO] Connection closed
2026-08-19 12:20:29,853 [INFO] Running Test Case: TC_ID-22-725
2026-08-19 12:20:29,854 [DEBUG] Starting CanStack
2026-08-19 12:20:29,855 [DEBUG] Main thread has started
2026-08-19 12:20:29,856 [DEBUG] Relay thread has started
2026-08-19 12:20:29,857 [INFO] Connection opened
2026-08-19 12:20:29,857 [INFO] Switched to physical mode for TC: TC_ID-22-725 Step: PreCondition: PC_ID-10-002  Testcase:Incorrect message length(22F1B104) [DiagTestPi R02]
2026-08-19 12:20:29,858 [INFO] TC_ID-22-725 - PreCondition: PC_ID-10-002  Testcase:Incorrect message length(22F1B104) [DiagTestPi R02]: SID=0x22, Sub=0xF1B104, Expected=[3, 127, 34, 19, 170, 170, 170, 170]
2026-08-19 12:20:29,922 [INFO] TC_ID-22-725 - PreCondition: PC_ID-10-002  Testcase:Incorrect message length(22F1B104) [DiagTestPi R02]: Sending request 22F1B104
2026-08-19 12:20:29,922 [INFO] TC_ID-22-725 - PreCondition: PC_ID-10-002  Testcase:Incorrect message length(22F1B104) [DiagTestPi R02]: Sending request 22F1B104
2026-08-19 12:20:29,923 [DEBUG] Sending 4 bytes : [22f1b104]
2026-08-19 12:20:29,924 [DEBUG] Enqueuing a SendRequest for 4 bytes and TAT=Physical
2026-08-19 12:20:29,926 [DEBUG] Tx: <716> (08) [ ]	 0422f1b104000000
2026-08-19 12:20:29,927 [DEBUG] We've been asked to write a message to the bus
2026-08-19 12:20:29,928 [DEBUG] sending: Timestamp:        0.000000    ID:      716    S Rx     F BS       DL:  8    04 22 f1 b1 04 00 00 00
2026-08-19 12:20:29,946 [INFO] Test end time: .6f(TC: TC_ID-22-725, step: PreCondition: PC_ID-10-002  Testcase:Incorrect message length(22F1B104) [DiagTestPi R02])
2026-08-19 12:20:29,948 [DEBUG] Rx: <71E> (08) [p]	 037f2213aaaaaaaa
2026-08-19 12:20:29,998 [INFO] TC_ID-22-725 - Received: 7F2213
2026-08-19 12:20:29,999 [WARNING] TC_ID-22-725 - PreCondition: PC_ID-10-002  Testcase:Incorrect message length(22F1B104) [DiagTestPi R02] -> ❌ FAIL - Expected 037F2213AAAAAAAA
2026-08-19 12:20:30,000 [DEBUG] Stopping CanStack
2026-08-19 12:20:30,001 [DEBUG] Main thread is exiting
2026-08-19 12:20:30,048 [DEBUG] CanStack Stopped
2026-08-19 12:20:30,049 [INFO] Connection closed
2026-08-19 12:20:30,050 [INFO] Running Test Case: PC_ID-10-002
2026-08-19 12:20:30,051 [DEBUG] Starting CanStack
2026-08-19 12:20:30,054 [DEBUG] Main thread has started
2026-08-19 12:20:30,056 [DEBUG] Relay thread has started
2026-08-19 12:20:30,057 [INFO] Connection opened
2026-08-19 12:20:30,058 [INFO] Switched to physical mode for TC: PC_ID-10-002 Step: Start Extended session [DiagTestPi R12]
2026-08-19 12:20:30,059 [INFO] PC_ID-10-002 - Start Extended session [DiagTestPi R12]: SID=0x10, Sub=0x03, Expected=[6, 80, 3, 0, 50, 1, 244, 170]
2026-08-19 12:20:30,117 [INFO] PC_ID-10-002 - Start Extended session [DiagTestPi R12]: Sending 1003
2026-08-19 12:20:30,168 [INFO] PC_ID-10-002 - Start Extended session [DiagTestPi R12]: Sending request 1003
2026-08-19 12:20:30,169 [DEBUG] Sending 2 bytes : [1003]
2026-08-19 12:20:30,171 [DEBUG] Enqueuing a SendRequest for 2 bytes and TAT=Physical
2026-08-19 12:20:30,173 [DEBUG] Tx: <716> (08) [ ]	 0210030000000000
2026-08-19 12:20:30,174 [DEBUG] We've been asked to write a message to the bus
2026-08-19 12:20:30,174 [DEBUG] sending: Timestamp:        0.000000    ID:      716    S Rx     F BS       DL:  8    02 10 03 00 00 00 00 00
2026-08-19 12:20:30,198 [INFO] Test end time: .6f(TC: PC_ID-10-002, step: Start Extended session [DiagTestPi R12])
2026-08-19 12:20:30,199 [DEBUG] Rx: <71E> (08) [p]	 065003003201f4aa
2026-08-19 12:20:30,200 [INFO] PC_ID-10-002 - Received: 5003003201F4
2026-08-19 12:20:30,202 [WARNING] PC_ID-10-002 - Start Extended session [DiagTestPi R12] -> FAIL - Unexpected response
2026-08-19 12:20:30,203 [DEBUG] Stopping CanStack
2026-08-19 12:20:30,205 [DEBUG] Main thread is exiting
2026-08-19 12:20:30,249 [DEBUG] CanStack Stopped
2026-08-19 12:20:30,250 [INFO] Connection closed
2026-08-19 12:20:30,251 [INFO] Running Test Case: TC_ID-22-726
2026-08-19 12:20:30,251 [DEBUG] Starting CanStack
2026-08-19 12:20:30,253 [DEBUG] Main thread has started
2026-08-19 12:20:30,253 [DEBUG] Relay thread has started
2026-08-19 12:20:30,255 [INFO] Connection opened
2026-08-19 12:20:30,255 [INFO] Switched to physical mode for TC: TC_ID-22-726 Step: PreCondition: PC_ID-10-002  Testcase:Incorrect message length(22F13101) [DiagTestPi R02]
2026-08-19 12:20:30,256 [INFO] TC_ID-22-726 - PreCondition: PC_ID-10-002  Testcase:Incorrect message length(22F13101) [DiagTestPi R02]: SID=0x22, Sub=0xF13101, Expected=[3, 127, 34, 19, 170, 170, 170, 170]
2026-08-19 12:20:30,320 [INFO] TC_ID-22-726 - PreCondition: PC_ID-10-002  Testcase:Incorrect message length(22F13101) [DiagTestPi R02]: Sending request 22F13101
2026-08-19 12:20:30,321 [INFO] TC_ID-22-726 - PreCondition: PC_ID-10-002  Testcase:Incorrect message length(22F13101) [DiagTestPi R02]: Sending request 22F13101
2026-08-19 12:20:30,321 [DEBUG] Sending 4 bytes : [22f13101]
2026-08-19 12:20:30,322 [DEBUG] Enqueuing a SendRequest for 4 bytes and TAT=Physical
2026-08-19 12:20:30,324 [DEBUG] Tx: <716> (08) [ ]	 0422f13101000000
2026-08-19 12:20:30,325 [DEBUG] We've been asked to write a message to the bus
2026-08-19 12:20:30,326 [DEBUG] sending: Timestamp:        0.000000    ID:      716    S Rx     F BS       DL:  8    04 22 f1 31 01 00 00 00
2026-08-19 12:20:30,346 [INFO] Test end time: .6f(TC: TC_ID-22-726, step: PreCondition: PC_ID-10-002  Testcase:Incorrect message length(22F13101) [DiagTestPi R02])
2026-08-19 12:20:30,349 [DEBUG] Rx: <71E> (08) [p]	 037f2213aaaaaaaa
2026-08-19 12:20:30,400 [INFO] TC_ID-22-726 - Received: 7F2213
2026-08-19 12:20:30,401 [WARNING] TC_ID-22-726 - PreCondition: PC_ID-10-002  Testcase:Incorrect message length(22F13101) [DiagTestPi R02] -> ❌ FAIL - Expected 037F2213AAAAAAAA
2026-08-19 12:20:30,402 [DEBUG] Stopping CanStack
2026-08-19 12:20:30,403 [DEBUG] Main thread is exiting
2026-08-19 12:20:30,449 [DEBUG] CanStack Stopped
2026-08-19 12:20:30,450 [INFO] Connection closed
2026-08-19 12:20:30,450 [INFO] Running Test Case: PC_ID-10-002
2026-08-19 12:20:30,451 [DEBUG] Starting CanStack
2026-08-19 12:20:30,453 [DEBUG] Main thread has started
2026-08-19 12:20:30,454 [DEBUG] Relay thread has started
2026-08-19 12:20:30,455 [INFO] Connection opened
2026-08-19 12:20:30,456 [INFO] Switched to physical mode for TC: PC_ID-10-002 Step: Start Extended session [DiagTestPi R12]
2026-08-19 12:20:30,457 [INFO] PC_ID-10-002 - Start Extended session [DiagTestPi R12]: SID=0x10, Sub=0x03, Expected=[6, 80, 3, 0, 50, 1, 244, 170]
2026-08-19 12:20:30,522 [INFO] PC_ID-10-002 - Start Extended session [DiagTestPi R12]: Sending 1003
2026-08-19 12:20:30,584 [INFO] PC_ID-10-002 - Start Extended session [DiagTestPi R12]: Sending request 1003
2026-08-19 12:20:30,590 [DEBUG] Sending 2 bytes : [1003]
2026-08-19 12:20:30,593 [DEBUG] Enqueuing a SendRequest for 2 bytes and TAT=Physical
2026-08-19 12:20:30,597 [DEBUG] Tx: <716> (08) [ ]	 0210030000000000
2026-08-19 12:20:30,598 [DEBUG] We've been asked to write a message to the bus
2026-08-19 12:20:30,599 [DEBUG] sending: Timestamp:        0.000000    ID:      716    S Rx     F BS       DL:  8    02 10 03 00 00 00 00 00
2026-08-19 12:20:30,618 [INFO] Test end time: .6f(TC: PC_ID-10-002, step: Start Extended session [DiagTestPi R12])
2026-08-19 12:20:30,625 [INFO] PC_ID-10-002 - Received: 5003003201F4
2026-08-19 12:20:30,629 [DEBUG] Rx: <71E> (08) [p]	 065003003201f4aa
2026-08-19 12:20:30,630 [WARNING] PC_ID-10-002 - Start Extended session [DiagTestPi R12] -> FAIL - Unexpected response
2026-08-19 12:20:30,633 [DEBUG] Stopping CanStack
2026-08-19 12:20:30,635 [DEBUG] Main thread is exiting
2026-08-19 12:20:30,675 [DEBUG] CanStack Stopped
2026-08-19 12:20:30,676 [INFO] Connection closed
2026-08-19 12:20:30,677 [INFO] Running Test Case: TC_ID-22-727
2026-08-19 12:20:30,678 [DEBUG] Starting CanStack
2026-08-19 12:20:30,680 [DEBUG] Main thread has started
2026-08-19 12:20:30,681 [DEBUG] Relay thread has started
2026-08-19 12:20:30,683 [INFO] Connection opened
2026-08-19 12:20:30,684 [INFO] Switched to physical mode for TC: TC_ID-22-727 Step: PreCondition: PC_ID-10-002  Testcase:Incorrect message length(22F1C101) [DiagTestPi R02]
2026-08-19 12:20:30,685 [INFO] TC_ID-22-727 - PreCondition: PC_ID-10-002  Testcase:Incorrect message length(22F1C101) [DiagTestPi R02]: SID=0x22, Sub=0xF1C101, Expected=[3, 127, 34, 19, 170, 170, 170, 170]
2026-08-19 12:20:30,752 [INFO] TC_ID-22-727 - PreCondition: PC_ID-10-002  Testcase:Incorrect message length(22F1C101) [DiagTestPi R02]: Sending request 22F1C101
2026-08-19 12:20:30,753 [INFO] TC_ID-22-727 - PreCondition: PC_ID-10-002  Testcase:Incorrect message length(22F1C101) [DiagTestPi R02]: Sending request 22F1C101
2026-08-19 12:20:30,753 [DEBUG] Sending 4 bytes : [22f1c101]
2026-08-19 12:20:30,754 [DEBUG] Enqueuing a SendRequest for 4 bytes and TAT=Physical
2026-08-19 12:20:30,756 [DEBUG] Tx: <716> (08) [ ]	 0422f1c101000000
2026-08-19 12:20:30,758 [DEBUG] We've been asked to write a message to the bus
2026-08-19 12:20:30,758 [DEBUG] sending: Timestamp:        0.000000    ID:      716    S Rx     F BS       DL:  8    04 22 f1 c1 01 00 00 00
2026-08-19 12:20:30,778 [DEBUG] Rx: <71E> (08) [p]	 037f2213aaaaaaaa
2026-08-19 12:20:30,779 [INFO] Test end time: .6f(TC: TC_ID-22-727, step: PreCondition: PC_ID-10-002  Testcase:Incorrect message length(22F1C101) [DiagTestPi R02])
2026-08-19 12:20:30,831 [INFO] TC_ID-22-727 - Received: 7F2213
2026-08-19 12:20:30,832 [WARNING] TC_ID-22-727 - PreCondition: PC_ID-10-002  Testcase:Incorrect message length(22F1C101) [DiagTestPi R02] -> ❌ FAIL - Expected 037F2213AAAAAAAA
2026-08-19 12:20:30,832 [DEBUG] Stopping CanStack
2026-08-19 12:20:30,833 [DEBUG] Main thread is exiting
2026-08-19 12:20:30,879 [DEBUG] CanStack Stopped
2026-08-19 12:20:30,879 [INFO] Connection closed
2026-08-19 12:20:30,880 [INFO] Running Test Case: PC_ID-10-002
2026-08-19 12:20:30,881 [DEBUG] Starting CanStack
2026-08-19 12:20:30,882 [DEBUG] Main thread has started
2026-08-19 12:20:30,883 [DEBUG] Relay thread has started
2026-08-19 12:20:30,884 [INFO] Connection opened
2026-08-19 12:20:30,885 [INFO] Switched to physical mode for TC: PC_ID-10-002 Step: Start Extended session [DiagTestPi R12]
2026-08-19 12:20:30,885 [INFO] PC_ID-10-002 - Start Extended session [DiagTestPi R12]: SID=0x10, Sub=0x03, Expected=[6, 80, 3, 0, 50, 1, 244, 170]
2026-08-19 12:20:30,940 [INFO] PC_ID-10-002 - Start Extended session [DiagTestPi R12]: Sending 1003
2026-08-19 12:20:30,991 [INFO] PC_ID-10-002 - Start Extended session [DiagTestPi R12]: Sending request 1003
2026-08-19 12:20:30,992 [DEBUG] Sending 2 bytes : [1003]
2026-08-19 12:20:30,993 [DEBUG] Enqueuing a SendRequest for 2 bytes and TAT=Physical
2026-08-19 12:20:30,995 [DEBUG] Tx: <716> (08) [ ]	 0210030000000000
2026-08-19 12:20:30,997 [DEBUG] We've been asked to write a message to the bus
2026-08-19 12:20:30,997 [DEBUG] sending: Timestamp:        0.000000    ID:      716    S Rx     F BS       DL:  8    02 10 03 00 00 00 00 00
2026-08-19 12:20:31,017 [INFO] Test end time: .6f(TC: PC_ID-10-002, step: Start Extended session [DiagTestPi R12])
2026-08-19 12:20:31,022 [DEBUG] Rx: <71E> (08) [p]	 065003003201f4aa
2026-08-19 12:20:31,023 [INFO] PC_ID-10-002 - Received: 5003003201F4
2026-08-19 12:20:31,025 [WARNING] PC_ID-10-002 - Start Extended session [DiagTestPi R12] -> FAIL - Unexpected response
2026-08-19 12:20:31,025 [DEBUG] Stopping CanStack
2026-08-19 12:20:31,027 [DEBUG] Main thread is exiting
2026-08-19 12:20:31,072 [DEBUG] CanStack Stopped
2026-08-19 12:20:31,073 [INFO] Connection closed
2026-08-19 12:20:31,073 [INFO] Running Test Case: TC_ID-28-013
2026-08-19 12:20:31,074 [DEBUG] Stopping CanStack
2026-08-19 12:20:31,074 [DEBUG] CanStack Stopped
2026-08-19 12:20:31,075 [INFO] Connection closed
2026-08-19 12:20:31,075 [DEBUG] Closing raw can socket
2026-08-19 12:20:31,076 [DEBUG] Closing raw can socket
2026-08-19 12:20:31,081 [DEBUG] can config: {'fd': True, 'can_filters': [{'can_id': 1822, 'can_mask': 2047, 'extended': False}], 'interface': 'socketcan', 'channel': 'can0'}
2026-08-19 12:20:31,082 [INFO] Created a socket
2026-08-19 12:20:31,083 [DEBUG] Binding socket to channel=can0
2026-08-19 12:20:31,084 [DEBUG] Bound socket.
2026-08-19 12:20:31,088 [DEBUG] can config: {'fd': True, 'can_filters': [{'can_id': 1822, 'can_mask': 2047, 'extended': False}], 'interface': 'socketcan', 'channel': 'can0'}
2026-08-19 12:20:31,090 [INFO] Created a socket
2026-08-19 12:20:31,091 [DEBUG] Binding socket to channel=can0
2026-08-19 12:20:31,092 [DEBUG] Bound socket.
2026-08-19 12:20:31,102 [DEBUG] Given rxfn is considered blocking
2026-08-19 12:20:31,108 [DEBUG] Starting CanStack
2026-08-19 12:20:31,110 [DEBUG] Main thread has started
2026-08-19 12:20:31,111 [DEBUG] Relay thread has started
2026-08-19 12:20:31,113 [INFO] Connection opened
2026-08-19 12:20:31,113 [INFO] Switched to functional mode for TC: TC_ID-28-013 Step: PreCondition: PC_ID-10-002  Testcase:Disable Rx and Tx(28 00 ) [DiagTestPi R02]
2026-08-19 12:20:31,114 [INFO] TC_ID-28-013 - PreCondition: PC_ID-10-002  Testcase:Disable Rx and Tx(28 00 ) [DiagTestPi R02]: SID=0x28, Sub=0x00, Expected=[2, 104, 0, 170, 170, 170, 170, 170]
2026-08-19 12:20:31,176 [INFO] TC_ID-28-013 - PreCondition: PC_ID-10-002  Testcase:Disable Rx and Tx(28 00 ) [DiagTestPi R02]: Sending raw request 280001
2026-08-19 12:20:31,177 [INFO] TC_ID-28-013 - PreCondition: PC_ID-10-002  Testcase:Disable Rx and Tx(28 00 ) [DiagTestPi R02]: Sending request 280001
2026-08-19 12:20:31,177 [DEBUG] Sending 3 bytes : [280001]
2026-08-19 12:20:31,178 [DEBUG] Enqueuing a SendRequest for 3 bytes and TAT=Physical
2026-08-19 12:20:31,179 [DEBUG] Tx: <7DF> (08) [ ]	 0328000100000000
2026-08-19 12:20:31,180 [DEBUG] We've been asked to write a message to the bus
2026-08-19 12:20:31,180 [DEBUG] sending: Timestamp:        0.000000    ID:      7df    S Rx     F BS       DL:  8    03 28 00 01 00 00 00 00
2026-08-19 12:20:31,197 [INFO] Test end time: .6f(TC: TC_ID-28-013, step: PreCondition: PC_ID-10-002  Testcase:Disable Rx and Tx(28 00 ) [DiagTestPi R02])
2026-08-19 12:20:31,203 [DEBUG] Rx: <71E> (08) [p]	 026800aaaaaaaaaa
2026-08-19 12:20:31,205 [DEBUG] Stopping CanStack
2026-08-19 12:20:31,210 [DEBUG] Main thread is exiting
2026-08-19 12:20:31,247 [DEBUG] CanStack Stopped
2026-08-19 12:20:31,248 [INFO] Connection closed
2026-08-19 12:20:31,249 [INFO] Running Test Case: PC_ID-10-002
2026-08-19 12:20:31,249 [DEBUG] Stopping CanStack
2026-08-19 12:20:31,250 [DEBUG] CanStack Stopped
2026-08-19 12:20:31,251 [INFO] Connection closed
2026-08-19 12:20:31,252 [DEBUG] Closing raw can socket
2026-08-19 12:20:31,253 [DEBUG] Closing raw can socket
2026-08-19 12:20:31,258 [DEBUG] can config: {'fd': True, 'can_filters': [{'can_id': 1822, 'can_mask': 2047, 'extended': False}], 'interface': 'socketcan', 'channel': 'can0'}
2026-08-19 12:20:31,260 [INFO] Created a socket
2026-08-19 12:20:31,260 [DEBUG] Binding socket to channel=can0
2026-08-19 12:20:31,261 [DEBUG] Bound socket.
2026-08-19 12:20:31,266 [DEBUG] can config: {'fd': True, 'can_filters': [{'can_id': 1822, 'can_mask': 2047, 'extended': False}], 'interface': 'socketcan', 'channel': 'can0'}
2026-08-19 12:20:31,268 [INFO] Created a socket
2026-08-19 12:20:31,269 [DEBUG] Binding socket to channel=can0
2026-08-19 12:20:31,270 [DEBUG] Bound socket.
2026-08-19 12:20:31,279 [DEBUG] Given rxfn is considered blocking
2026-08-19 12:20:31,285 [DEBUG] Starting CanStack
2026-08-19 12:20:31,287 [DEBUG] Main thread has started
2026-08-19 12:20:31,288 [DEBUG] Relay thread has started
2026-08-19 12:20:31,289 [INFO] Connection opened
2026-08-19 12:20:31,291 [INFO] Switched to physical mode for TC: PC_ID-10-002 Step: Start Extended session [DiagTestPi R12]
2026-08-19 12:20:31,291 [INFO] PC_ID-10-002 - Start Extended session [DiagTestPi R12]: SID=0x10, Sub=0x03, Expected=[6, 80, 3, 0, 50, 1, 244, 170]
2026-08-19 12:20:31,349 [INFO] PC_ID-10-002 - Start Extended session [DiagTestPi R12]: Sending 1003
2026-08-19 12:20:31,401 [INFO] PC_ID-10-002 - Start Extended session [DiagTestPi R12]: Sending request 1003
2026-08-19 12:20:31,401 [DEBUG] Sending 2 bytes : [1003]
2026-08-19 12:20:31,402 [DEBUG] Enqueuing a SendRequest for 2 bytes and TAT=Physical
2026-08-19 12:20:31,403 [DEBUG] Tx: <716> (08) [ ]	 0210030000000000
2026-08-19 12:20:31,404 [DEBUG] We've been asked to write a message to the bus
2026-08-19 12:20:31,405 [DEBUG] sending: Timestamp:        0.000000    ID:      716    S Rx     F BS       DL:  8    02 10 03 00 00 00 00 00
2026-08-19 12:20:31,427 [INFO] Test end time: .6f(TC: PC_ID-10-002, step: Start Extended session [DiagTestPi R12])
2026-08-19 12:20:31,429 [DEBUG] Rx: <71E> (08) [p]	 065003003201f4aa
2026-08-19 12:20:31,430 [INFO] PC_ID-10-002 - Received: 5003003201F4
2026-08-19 12:20:31,432 [WARNING] PC_ID-10-002 - Start Extended session [DiagTestPi R12] -> FAIL - Unexpected response
2026-08-19 12:20:31,433 [DEBUG] Stopping CanStack
2026-08-19 12:20:31,435 [DEBUG] Main thread is exiting
2026-08-19 12:20:31,478 [DEBUG] CanStack Stopped
2026-08-19 12:20:31,478 [INFO] Connection closed
2026-08-19 12:20:31,479 [INFO] Running Test Case: TC_ID-28-014
2026-08-19 12:20:31,480 [DEBUG] Stopping CanStack
2026-08-19 12:20:31,480 [DEBUG] CanStack Stopped
2026-08-19 12:20:31,481 [INFO] Connection closed
2026-08-19 12:20:31,481 [DEBUG] Closing raw can socket
2026-08-19 12:20:31,482 [DEBUG] Closing raw can socket
2026-08-19 12:20:31,486 [DEBUG] can config: {'fd': True, 'can_filters': [{'can_id': 1822, 'can_mask': 2047, 'extended': False}], 'interface': 'socketcan', 'channel': 'can0'}
2026-08-19 12:20:31,486 [INFO] Created a socket
2026-08-19 12:20:31,487 [DEBUG] Binding socket to channel=can0
2026-08-19 12:20:31,488 [DEBUG] Bound socket.
2026-08-19 12:20:31,492 [DEBUG] can config: {'fd': True, 'can_filters': [{'can_id': 1822, 'can_mask': 2047, 'extended': False}], 'interface': 'socketcan', 'channel': 'can0'}
2026-08-19 12:20:31,493 [INFO] Created a socket
2026-08-19 12:20:31,494 [DEBUG] Binding socket to channel=can0
2026-08-19 12:20:31,495 [DEBUG] Bound socket.
2026-08-19 12:20:31,500 [DEBUG] Given rxfn is considered blocking
2026-08-19 12:20:31,507 [DEBUG] Starting CanStack
2026-08-19 12:20:31,513 [DEBUG] Main thread has started
2026-08-19 12:20:31,514 [DEBUG] Relay thread has started
2026-08-19 12:20:31,516 [INFO] Connection opened
2026-08-19 12:20:31,516 [INFO] Switched to functional mode for TC: TC_ID-28-014 Step: PreCondition: PC_ID-10-002  Testcase:EnableRxAndDisableTx Extended session(28 01) [DiagTestPi R02]
2026-08-19 12:20:31,517 [INFO] TC_ID-28-014 - PreCondition: PC_ID-10-002  Testcase:EnableRxAndDisableTx Extended session(28 01) [DiagTestPi R02]: SID=0x28, Sub=0x01, Expected=[2, 104, 1, 170, 170, 170, 170, 170]
2026-08-19 12:20:31,583 [INFO] TC_ID-28-014 - PreCondition: PC_ID-10-002  Testcase:EnableRxAndDisableTx Extended session(28 01) [DiagTestPi R02]: Sending raw request 280101
2026-08-19 12:20:31,584 [INFO] TC_ID-28-014 - PreCondition: PC_ID-10-002  Testcase:EnableRxAndDisableTx Extended session(28 01) [DiagTestPi R02]: Sending request 280101
2026-08-19 12:20:31,584 [DEBUG] Sending 3 bytes : [280101]
2026-08-19 12:20:31,585 [DEBUG] Enqueuing a SendRequest for 3 bytes and TAT=Physical
2026-08-19 12:20:31,586 [DEBUG] Tx: <7DF> (08) [ ]	 0328010100000000
2026-08-19 12:20:31,587 [DEBUG] We've been asked to write a message to the bus
2026-08-19 12:20:31,587 [DEBUG] sending: Timestamp:        0.000000    ID:      7df    S Rx     F BS       DL:  8    03 28 01 01 00 00 00 00
2026-08-19 12:20:31,611 [INFO] Test end time: .6f(TC: TC_ID-28-014, step: PreCondition: PC_ID-10-002  Testcase:EnableRxAndDisableTx Extended session(28 01) [DiagTestPi R02])
2026-08-19 12:20:31,613 [DEBUG] Rx: <71E> (08) [p]	 026801aaaaaaaaaa
2026-08-19 12:20:31,616 [DEBUG] Stopping CanStack
2026-08-19 12:20:31,617 [DEBUG] Main thread is exiting
2026-08-19 12:20:31,658 [DEBUG] CanStack Stopped
2026-08-19 12:20:31,660 [INFO] Connection closed
2026-08-19 12:20:31,661 [INFO] Running Test Case: PC_ID-10-002
2026-08-19 12:20:31,662 [DEBUG] Stopping CanStack
2026-08-19 12:20:31,663 [DEBUG] CanStack Stopped
2026-08-19 12:20:31,664 [INFO] Connection closed
2026-08-19 12:20:31,665 [DEBUG] Closing raw can socket
2026-08-19 12:20:31,665 [DEBUG] Closing raw can socket
2026-08-19 12:20:31,670 [DEBUG] can config: {'fd': True, 'can_filters': [{'can_id': 1822, 'can_mask': 2047, 'extended': False}], 'interface': 'socketcan', 'channel': 'can0'}
2026-08-19 12:20:31,671 [INFO] Created a socket
2026-08-19 12:20:31,673 [DEBUG] Binding socket to channel=can0
2026-08-19 12:20:31,674 [DEBUG] Bound socket.
2026-08-19 12:20:31,681 [DEBUG] can config: {'fd': True, 'can_filters': [{'can_id': 1822, 'can_mask': 2047, 'extended': False}], 'interface': 'socketcan', 'channel': 'can0'}
2026-08-19 12:20:31,685 [INFO] Created a socket
2026-08-19 12:20:31,689 [DEBUG] Binding socket to channel=can0
2026-08-19 12:20:31,691 [DEBUG] Bound socket.
2026-08-19 12:20:31,694 [DEBUG] Given rxfn is considered blocking
2026-08-19 12:20:31,697 [DEBUG] Starting CanStack
2026-08-19 12:20:31,699 [DEBUG] Main thread has started
2026-08-19 12:20:31,702 [DEBUG] Relay thread has started
2026-08-19 12:20:31,703 [INFO] Connection opened
2026-08-19 12:20:31,704 [INFO] Switched to physical mode for TC: PC_ID-10-002 Step: Start Extended session [DiagTestPi R12]
2026-08-19 12:20:31,705 [INFO] PC_ID-10-002 - Start Extended session [DiagTestPi R12]: SID=0x10, Sub=0x03, Expected=[6, 80, 3, 0, 50, 1, 244, 170]
2026-08-19 12:20:31,761 [INFO] PC_ID-10-002 - Start Extended session [DiagTestPi R12]: Sending 1003
2026-08-19 12:20:31,814 [INFO] PC_ID-10-002 - Start Extended session [DiagTestPi R12]: Sending request 1003
2026-08-19 12:20:31,816 [DEBUG] Sending 2 bytes : [1003]
2026-08-19 12:20:31,817 [DEBUG] Enqueuing a SendRequest for 2 bytes and TAT=Physical
2026-08-19 12:20:31,818 [DEBUG] Tx: <716> (08) [ ]	 0210030000000000
2026-08-19 12:20:31,820 [DEBUG] We've been asked to write a message to the bus
2026-08-19 12:20:31,821 [DEBUG] sending: Timestamp:        0.000000    ID:      716    S Rx     F BS       DL:  8    02 10 03 00 00 00 00 00
2026-08-19 12:20:31,849 [INFO] Test end time: .6f(TC: PC_ID-10-002, step: Start Extended session [DiagTestPi R12])
2026-08-19 12:20:31,850 [DEBUG] Rx: <71E> (08) [p]	 065003003201f4aa
2026-08-19 12:20:31,851 [INFO] PC_ID-10-002 - Received: 5003003201F4
2026-08-19 12:20:31,852 [WARNING] PC_ID-10-002 - Start Extended session [DiagTestPi R12] -> FAIL - Unexpected response
2026-08-19 12:20:31,853 [DEBUG] Stopping CanStack
2026-08-19 12:20:31,855 [DEBUG] Main thread is exiting
2026-08-19 12:20:31,900 [DEBUG] CanStack Stopped
2026-08-19 12:20:31,900 [INFO] Connection closed
2026-08-19 12:20:31,901 [INFO] Running Test Case: TC_ID-28-015
2026-08-19 12:20:31,901 [DEBUG] Stopping CanStack
2026-08-19 12:20:31,902 [DEBUG] CanStack Stopped
2026-08-19 12:20:31,902 [INFO] Connection closed
2026-08-19 12:20:31,903 [DEBUG] Closing raw can socket
2026-08-19 12:20:31,903 [DEBUG] Closing raw can socket
2026-08-19 12:20:31,907 [DEBUG] can config: {'fd': True, 'can_filters': [{'can_id': 1822, 'can_mask': 2047, 'extended': False}], 'interface': 'socketcan', 'channel': 'can0'}
2026-08-19 12:20:31,908 [INFO] Created a socket
2026-08-19 12:20:31,908 [DEBUG] Binding socket to channel=can0
2026-08-19 12:20:31,909 [DEBUG] Bound socket.
2026-08-19 12:20:31,913 [DEBUG] can config: {'fd': True, 'can_filters': [{'can_id': 1822, 'can_mask': 2047, 'extended': False}], 'interface': 'socketcan', 'channel': 'can0'}
2026-08-19 12:20:31,914 [INFO] Created a socket
2026-08-19 12:20:31,915 [DEBUG] Binding socket to channel=can0
2026-08-19 12:20:31,916 [DEBUG] Bound socket.
2026-08-19 12:20:31,920 [DEBUG] Given rxfn is considered blocking
2026-08-19 12:20:31,925 [DEBUG] Starting CanStack
2026-08-19 12:20:31,931 [DEBUG] Main thread has started
2026-08-19 12:20:31,935 [DEBUG] Relay thread has started
2026-08-19 12:20:31,936 [INFO] Connection opened
2026-08-19 12:20:31,937 [INFO] Switched to functional mode for TC: TC_ID-28-015 Step: PreCondition: PC_ID-10-002  Testcase:DisableRxAndEnableTx Extended session(28 02) [DiagTestPi R02]
2026-08-19 12:20:31,938 [INFO] TC_ID-28-015 - PreCondition: PC_ID-10-002  Testcase:DisableRxAndEnableTx Extended session(28 02) [DiagTestPi R02]: SID=0x28, Sub=0x02, Expected=[2, 104, 2, 170, 170, 170, 170, 170]
2026-08-19 12:20:32,006 [INFO] TC_ID-28-015 - PreCondition: PC_ID-10-002  Testcase:DisableRxAndEnableTx Extended session(28 02) [DiagTestPi R02]: Sending raw request 280201
2026-08-19 12:20:32,006 [INFO] TC_ID-28-015 - PreCondition: PC_ID-10-002  Testcase:DisableRxAndEnableTx Extended session(28 02) [DiagTestPi R02]: Sending request 280201
2026-08-19 12:20:32,007 [DEBUG] Sending 3 bytes : [280201]
2026-08-19 12:20:32,008 [DEBUG] Enqueuing a SendRequest for 3 bytes and TAT=Physical
2026-08-19 12:20:32,009 [DEBUG] Tx: <7DF> (08) [ ]	 0328020100000000
2026-08-19 12:20:32,009 [DEBUG] We've been asked to write a message to the bus
2026-08-19 12:20:32,010 [DEBUG] sending: Timestamp:        0.000000    ID:      7df    S Rx     F BS       DL:  8    03 28 02 01 00 00 00 00
2026-08-19 12:20:32,028 [INFO] Test end time: .6f(TC: TC_ID-28-015, step: PreCondition: PC_ID-10-002  Testcase:DisableRxAndEnableTx Extended session(28 02) [DiagTestPi R02])
2026-08-19 12:20:32,029 [DEBUG] Rx: <71E> (08) [p]	 026802aaaaaaaaaa
2026-08-19 12:20:32,034 [DEBUG] Stopping CanStack
2026-08-19 12:20:32,041 [DEBUG] Main thread is exiting
2026-08-19 12:20:32,078 [DEBUG] CanStack Stopped
2026-08-19 12:20:32,079 [INFO] Connection closed
2026-08-19 12:20:32,079 [INFO] Running Test Case: PC_ID-10-002
2026-08-19 12:20:32,080 [DEBUG] Stopping CanStack
2026-08-19 12:20:32,081 [DEBUG] CanStack Stopped
2026-08-19 12:20:32,082 [INFO] Connection closed
2026-08-19 12:20:32,082 [DEBUG] Closing raw can socket
2026-08-19 12:20:32,083 [DEBUG] Closing raw can socket
2026-08-19 12:20:32,088 [DEBUG] can config: {'fd': True, 'can_filters': [{'can_id': 1822, 'can_mask': 2047, 'extended': False}], 'interface': 'socketcan', 'channel': 'can0'}
2026-08-19 12:20:32,089 [INFO] Created a socket
2026-08-19 12:20:32,090 [DEBUG] Binding socket to channel=can0
2026-08-19 12:20:32,091 [DEBUG] Bound socket.
2026-08-19 12:20:32,096 [DEBUG] can config: {'fd': True, 'can_filters': [{'can_id': 1822, 'can_mask': 2047, 'extended': False}], 'interface': 'socketcan', 'channel': 'can0'}
2026-08-19 12:20:32,098 [INFO] Created a socket
2026-08-19 12:20:32,099 [DEBUG] Binding socket to channel=can0
2026-08-19 12:20:32,100 [DEBUG] Bound socket.
2026-08-19 12:20:32,104 [DEBUG] Given rxfn is considered blocking
2026-08-19 12:20:32,111 [DEBUG] Starting CanStack
2026-08-19 12:20:32,116 [DEBUG] Main thread has started
2026-08-19 12:20:32,118 [DEBUG] Relay thread has started
2026-08-19 12:20:32,119 [INFO] Connection opened
2026-08-19 12:20:32,120 [INFO] Switched to physical mode for TC: PC_ID-10-002 Step: Start Extended session [DiagTestPi R12]
2026-08-19 12:20:32,121 [INFO] PC_ID-10-002 - Start Extended session [DiagTestPi R12]: SID=0x10, Sub=0x03, Expected=[6, 80, 3, 0, 50, 1, 244, 170]
2026-08-19 12:20:32,179 [INFO] PC_ID-10-002 - Start Extended session [DiagTestPi R12]: Sending 1003
2026-08-19 12:20:32,228 [INFO] PC_ID-10-002 - Start Extended session [DiagTestPi R12]: Sending request 1003
2026-08-19 12:20:32,229 [DEBUG] Sending 2 bytes : [1003]
2026-08-19 12:20:32,229 [DEBUG] Enqueuing a SendRequest for 2 bytes and TAT=Physical
2026-08-19 12:20:32,230 [DEBUG] Tx: <716> (08) [ ]	 0210030000000000
2026-08-19 12:20:32,231 [DEBUG] We've been asked to write a message to the bus
2026-08-19 12:20:32,231 [DEBUG] sending: Timestamp:        0.000000    ID:      716    S Rx     F BS       DL:  8    02 10 03 00 00 00 00 00
2026-08-19 12:20:32,258 [INFO] Test end time: .6f(TC: PC_ID-10-002, step: Start Extended session [DiagTestPi R12])
2026-08-19 12:20:32,262 [INFO] PC_ID-10-002 - Received: 5003003201F4
2026-08-19 12:20:32,263 [DEBUG] Rx: <71E> (08) [p]	 065003003201f4aa
2026-08-19 12:20:32,264 [WARNING] PC_ID-10-002 - Start Extended session [DiagTestPi R12] -> FAIL - Unexpected response
2026-08-19 12:20:32,265 [DEBUG] Stopping CanStack
2026-08-19 12:20:32,267 [DEBUG] Main thread is exiting
2026-08-19 12:20:32,313 [DEBUG] CanStack Stopped
2026-08-19 12:20:32,314 [INFO] Connection closed
2026-08-19 12:20:32,315 [INFO] Running Test Case: TC_ID-28-016
2026-08-19 12:20:32,316 [DEBUG] Stopping CanStack
2026-08-19 12:20:32,316 [DEBUG] CanStack Stopped
2026-08-19 12:20:32,317 [INFO] Connection closed
2026-08-19 12:20:32,318 [DEBUG] Closing raw can socket
2026-08-19 12:20:32,318 [DEBUG] Closing raw can socket
2026-08-19 12:20:32,321 [DEBUG] can config: {'fd': True, 'can_filters': [{'can_id': 1822, 'can_mask': 2047, 'extended': False}], 'interface': 'socketcan', 'channel': 'can0'}
2026-08-19 12:20:32,322 [INFO] Created a socket
2026-08-19 12:20:32,323 [DEBUG] Binding socket to channel=can0
2026-08-19 12:20:32,323 [DEBUG] Bound socket.
2026-08-19 12:20:32,328 [DEBUG] can config: {'fd': True, 'can_filters': [{'can_id': 1822, 'can_mask': 2047, 'extended': False}], 'interface': 'socketcan', 'channel': 'can0'}
2026-08-19 12:20:32,329 [INFO] Created a socket
2026-08-19 12:20:32,330 [DEBUG] Binding socket to channel=can0
2026-08-19 12:20:32,331 [DEBUG] Bound socket.
2026-08-19 12:20:32,334 [DEBUG] Given rxfn is considered blocking
2026-08-19 12:20:32,336 [DEBUG] Starting CanStack
2026-08-19 12:20:32,338 [DEBUG] Main thread has started
2026-08-19 12:20:32,339 [DEBUG] Relay thread has started
2026-08-19 12:20:32,341 [INFO] Connection opened
2026-08-19 12:20:32,342 [INFO] Switched to functional mode for TC: TC_ID-28-016 Step: PreCondition: PC_ID-10-002  Testcase:DisableRxAndDisableTx Extended session(28 03) [DiagTestPi R02]
2026-08-19 12:20:32,343 [INFO] TC_ID-28-016 - PreCondition: PC_ID-10-002  Testcase:DisableRxAndDisableTx Extended session(28 03) [DiagTestPi R02]: SID=0x28, Sub=0x03, Expected=[2, 104, 3, 170, 170, 170, 170, 170]
2026-08-19 12:20:32,413 [INFO] TC_ID-28-016 - PreCondition: PC_ID-10-002  Testcase:DisableRxAndDisableTx Extended session(28 03) [DiagTestPi R02]: Sending raw request 280301
2026-08-19 12:20:32,414 [INFO] TC_ID-28-016 - PreCondition: PC_ID-10-002  Testcase:DisableRxAndDisableTx Extended session(28 03) [DiagTestPi R02]: Sending request 280301
2026-08-19 12:20:32,415 [DEBUG] Sending 3 bytes : [280301]
2026-08-19 12:20:32,416 [DEBUG] Enqueuing a SendRequest for 3 bytes and TAT=Physical
2026-08-19 12:20:32,418 [DEBUG] Tx: <7DF> (08) [ ]	 0328030100000000
2026-08-19 12:20:32,420 [DEBUG] We've been asked to write a message to the bus
2026-08-19 12:20:32,420 [DEBUG] sending: Timestamp:        0.000000    ID:      7df    S Rx     F BS       DL:  8    03 28 03 01 00 00 00 00
2026-08-19 12:20:32,442 [DEBUG] Rx: <71E> (08) [p]	 026803aaaaaaaaaa
2026-08-19 12:20:32,446 [INFO] Test end time: .6f(TC: TC_ID-28-016, step: PreCondition: PC_ID-10-002  Testcase:DisableRxAndDisableTx Extended session(28 03) [DiagTestPi R02])
2026-08-19 12:20:32,449 [DEBUG] Stopping CanStack
2026-08-19 12:20:32,451 [DEBUG] Main thread is exiting
2026-08-19 12:20:32,492 [DEBUG] CanStack Stopped
2026-08-19 12:20:32,493 [INFO] Connection closed
2026-08-19 12:20:32,494 [INFO] Running Test Case: PC_ID-10-002
2026-08-19 12:20:32,495 [DEBUG] Stopping CanStack
2026-08-19 12:20:32,496 [DEBUG] CanStack Stopped
2026-08-19 12:20:32,497 [INFO] Connection closed
2026-08-19 12:20:32,498 [DEBUG] Closing raw can socket
2026-08-19 12:20:32,499 [DEBUG] Closing raw can socket
2026-08-19 12:20:32,503 [DEBUG] can config: {'fd': True, 'can_filters': [{'can_id': 1822, 'can_mask': 2047, 'extended': False}], 'interface': 'socketcan', 'channel': 'can0'}
2026-08-19 12:20:32,505 [INFO] Created a socket
2026-08-19 12:20:32,506 [DEBUG] Binding socket to channel=can0
2026-08-19 12:20:32,507 [DEBUG] Bound socket.
2026-08-19 12:20:32,517 [DEBUG] can config: {'fd': True, 'can_filters': [{'can_id': 1822, 'can_mask': 2047, 'extended': False}], 'interface': 'socketcan', 'channel': 'can0'}
2026-08-19 12:20:32,524 [INFO] Created a socket
2026-08-19 12:20:32,526 [DEBUG] Binding socket to channel=can0
2026-08-19 12:20:32,526 [DEBUG] Bound socket.
2026-08-19 12:20:32,537 [DEBUG] Given rxfn is considered blocking
2026-08-19 12:20:32,540 [DEBUG] Starting CanStack
2026-08-19 12:20:32,542 [DEBUG] Main thread has started
2026-08-19 12:20:32,543 [DEBUG] Relay thread has started
2026-08-19 12:20:32,545 [INFO] Connection opened
2026-08-19 12:20:32,545 [INFO] Switched to physical mode for TC: PC_ID-10-002 Step: Start Extended session [DiagTestPi R12]
2026-08-19 12:20:32,546 [INFO] PC_ID-10-002 - Start Extended session [DiagTestPi R12]: SID=0x10, Sub=0x03, Expected=[6, 80, 3, 0, 50, 1, 244, 170]
2026-08-19 12:20:32,605 [INFO] PC_ID-10-002 - Start Extended session [DiagTestPi R12]: Sending 1003
2026-08-19 12:20:32,654 [INFO] PC_ID-10-002 - Start Extended session [DiagTestPi R12]: Sending request 1003
2026-08-19 12:20:32,656 [DEBUG] Sending 2 bytes : [1003]
2026-08-19 12:20:32,657 [DEBUG] Enqueuing a SendRequest for 2 bytes and TAT=Physical
2026-08-19 12:20:32,658 [DEBUG] Tx: <716> (08) [ ]	 0210030000000000
2026-08-19 12:20:32,659 [DEBUG] We've been asked to write a message to the bus
2026-08-19 12:20:32,660 [DEBUG] sending: Timestamp:        0.000000    ID:      716    S Rx     F BS       DL:  8    02 10 03 00 00 00 00 00
2026-08-19 12:20:32,680 [INFO] Test end time: .6f(TC: PC_ID-10-002, step: Start Extended session [DiagTestPi R12])
2026-08-19 12:20:32,682 [DEBUG] Rx: <71E> (08) [p]	 065003003201f4aa
2026-08-19 12:20:32,684 [INFO] PC_ID-10-002 - Received: 5003003201F4
2026-08-19 12:20:32,686 [WARNING] PC_ID-10-002 - Start Extended session [DiagTestPi R12] -> FAIL - Unexpected response
2026-08-19 12:20:32,687 [DEBUG] Stopping CanStack
2026-08-19 12:20:32,688 [DEBUG] Main thread is exiting
2026-08-19 12:20:32,728 [DEBUG] CanStack Stopped
2026-08-19 12:20:32,729 [INFO] Connection closed
2026-08-19 12:20:32,730 [INFO] Running Test Case: TC_ID-28-017
2026-08-19 12:20:32,731 [DEBUG] Stopping CanStack
2026-08-19 12:20:32,731 [DEBUG] CanStack Stopped
2026-08-19 12:20:32,732 [INFO] Connection closed
2026-08-19 12:20:32,733 [DEBUG] Closing raw can socket
2026-08-19 12:20:32,733 [DEBUG] Closing raw can socket
2026-08-19 12:20:32,736 [DEBUG] can config: {'fd': True, 'can_filters': [{'can_id': 1822, 'can_mask': 2047, 'extended': False}], 'interface': 'socketcan', 'channel': 'can0'}
2026-08-19 12:20:32,737 [INFO] Created a socket
2026-08-19 12:20:32,738 [DEBUG] Binding socket to channel=can0
2026-08-19 12:20:32,738 [DEBUG] Bound socket.
2026-08-19 12:20:32,742 [DEBUG] can config: {'fd': True, 'can_filters': [{'can_id': 1822, 'can_mask': 2047, 'extended': False}], 'interface': 'socketcan', 'channel': 'can0'}
2026-08-19 12:20:32,743 [INFO] Created a socket
2026-08-19 12:20:32,743 [DEBUG] Binding socket to channel=can0
2026-08-19 12:20:32,744 [DEBUG] Bound socket.
2026-08-19 12:20:32,747 [DEBUG] Given rxfn is considered blocking
2026-08-19 12:20:32,751 [DEBUG] Starting CanStack
2026-08-19 12:20:32,753 [DEBUG] Main thread has started
2026-08-19 12:20:32,755 [DEBUG] Relay thread has started
2026-08-19 12:20:32,757 [INFO] Connection opened
2026-08-19 12:20:32,760 [INFO] Switched to functional mode for TC: TC_ID-28-017 Step: PreCondition: PC_ID-10-002  Testcase:Subfunction not supported(28 08) [DiagTestPi R02]
2026-08-19 12:20:32,763 [INFO] TC_ID-28-017 - PreCondition: PC_ID-10-002  Testcase:Subfunction not supported(28 08) [DiagTestPi R02]: SID=0x28, Sub=0x08, Expected=[3, 127, 40, 18, 170, 170, 170, 170]
2026-08-19 12:20:32,835 [INFO] TC_ID-28-017 - PreCondition: PC_ID-10-002  Testcase:Subfunction not supported(28 08) [DiagTestPi R02]: Sending raw request 280801
2026-08-19 12:20:32,835 [INFO] TC_ID-28-017 - PreCondition: PC_ID-10-002  Testcase:Subfunction not supported(28 08) [DiagTestPi R02]: Sending request 280801
2026-08-19 12:20:32,836 [DEBUG] Sending 3 bytes : [280801]
2026-08-19 12:20:32,837 [DEBUG] Enqueuing a SendRequest for 3 bytes and TAT=Physical
2026-08-19 12:20:32,838 [DEBUG] Tx: <7DF> (08) [ ]	 0328080100000000
2026-08-19 12:20:32,838 [DEBUG] We've been asked to write a message to the bus
2026-08-19 12:20:32,839 [DEBUG] sending: Timestamp:        0.000000    ID:      7df    S Rx     F BS       DL:  8    03 28 08 01 00 00 00 00
2026-08-19 12:20:32,988 [INFO] TC_ID-28-017 PreCondition: PC_ID-10-002  Testcase:Subfunction not supported(28 08) [DiagTestPi R02] -> Waiting for response (P2=0.15s, P2*=5.0s)
2026-08-19 12:20:33,140 [DEBUG] No data received: [TimeoutException] - Did not receive IsoTP frame from the Transport layer in time (timeout=0.15 sec) 
2026-08-19 12:20:33,191 [DEBUG] Stopping CanStack
2026-08-19 12:20:33,193 [DEBUG] Main thread is exiting
2026-08-19 12:20:33,214 [DEBUG] CanStack Stopped
2026-08-19 12:20:33,218 [INFO] Connection closed
2026-08-19 12:20:33,220 [INFO] Running Test Case: TC_ID-28-019
2026-08-19 12:20:33,221 [DEBUG] Starting CanStack
2026-08-19 12:20:33,222 [DEBUG] Main thread has started
2026-08-19 12:20:33,223 [DEBUG] Relay thread has started
2026-08-19 12:20:33,225 [INFO] Connection opened
2026-08-19 12:20:33,226 [INFO] Switched to functional mode for TC: TC_ID-28-019 Step: Incorrect message length [DiagTestPi R01]
2026-08-19 12:20:33,226 [INFO] TC_ID-28-019 - Incorrect message length [DiagTestPi R01]: SID=0x28, Sub=, Expected=[3, 127, 40, 19, 170, 170, 170, 170]
2026-08-19 12:20:33,284 [INFO] TC_ID-28-019 - Incorrect message length [DiagTestPi R01]: Sending request 28
2026-08-19 12:20:33,284 [DEBUG] Sending 1 bytes : [28]
2026-08-19 12:20:33,285 [DEBUG] Enqueuing a SendRequest for 1 bytes and TAT=Physical
2026-08-19 12:20:33,286 [DEBUG] Tx: <7DF> (08) [ ]	 0128000000000000
2026-08-19 12:20:33,287 [DEBUG] We've been asked to write a message to the bus
2026-08-19 12:20:33,288 [DEBUG] sending: Timestamp:        0.000000    ID:      7df    S Rx     F BS       DL:  8    01 28 00 00 00 00 00 00
2026-08-19 12:20:33,298 [DEBUG] Rx: <71E> (08) [p]	 037f2813aaaaaaaa
2026-08-19 12:20:33,302 [INFO] Test end time: .6f(TC: TC_ID-28-019, step: Incorrect message length [DiagTestPi R01])
2026-08-19 12:20:33,307 [DEBUG] Stopping CanStack
2026-08-19 12:20:33,310 [DEBUG] Main thread is exiting
2026-08-19 12:20:33,348 [DEBUG] CanStack Stopped
2026-08-19 12:20:33,350 [INFO] Connection closed
2026-08-19 12:20:33,351 [INFO] Running Test Case: PC_ID-10-002
2026-08-19 12:20:33,352 [DEBUG] Stopping CanStack
2026-08-19 12:20:33,353 [DEBUG] CanStack Stopped
2026-08-19 12:20:33,354 [INFO] Connection closed
2026-08-19 12:20:33,355 [DEBUG] Closing raw can socket
2026-08-19 12:20:33,356 [DEBUG] Closing raw can socket
2026-08-19 12:20:33,361 [DEBUG] can config: {'fd': True, 'can_filters': [{'can_id': 1822, 'can_mask': 2047, 'extended': False}], 'interface': 'socketcan', 'channel': 'can0'}
2026-08-19 12:20:33,362 [INFO] Created a socket
2026-08-19 12:20:33,363 [DEBUG] Binding socket to channel=can0
2026-08-19 12:20:33,365 [DEBUG] Bound socket.
2026-08-19 12:20:33,372 [DEBUG] can config: {'fd': True, 'can_filters': [{'can_id': 1822, 'can_mask': 2047, 'extended': False}], 'interface': 'socketcan', 'channel': 'can0'}
2026-08-19 12:20:33,376 [INFO] Created a socket
2026-08-19 12:20:33,380 [DEBUG] Binding socket to channel=can0
2026-08-19 12:20:33,381 [DEBUG] Bound socket.
2026-08-19 12:20:33,384 [DEBUG] Given rxfn is considered blocking
2026-08-19 12:20:33,387 [DEBUG] Starting CanStack
2026-08-19 12:20:33,390 [DEBUG] Main thread has started
2026-08-19 12:20:33,391 [DEBUG] Relay thread has started
2026-08-19 12:20:33,393 [INFO] Connection opened
2026-08-19 12:20:33,394 [INFO] Switched to physical mode for TC: PC_ID-10-002 Step: Start Extended session [DiagTestPi R12]
2026-08-19 12:20:33,395 [INFO] PC_ID-10-002 - Start Extended session [DiagTestPi R12]: SID=0x10, Sub=0x03, Expected=[6, 80, 3, 0, 50, 1, 244, 170]
2026-08-19 12:20:33,452 [INFO] PC_ID-10-002 - Start Extended session [DiagTestPi R12]: Sending 1003
2026-08-19 12:20:33,504 [INFO] PC_ID-10-002 - Start Extended session [DiagTestPi R12]: Sending request 1003
2026-08-19 12:20:33,506 [DEBUG] Sending 2 bytes : [1003]
2026-08-19 12:20:33,507 [DEBUG] Enqueuing a SendRequest for 2 bytes and TAT=Physical
2026-08-19 12:20:33,509 [DEBUG] Tx: <716> (08) [ ]	 0210030000000000
2026-08-19 12:20:33,510 [DEBUG] We've been asked to write a message to the bus
2026-08-19 12:20:33,510 [DEBUG] sending: Timestamp:        0.000000    ID:      716    S Rx     F BS       DL:  8    02 10 03 00 00 00 00 00
2026-08-19 12:20:33,528 [INFO] Test end time: .6f(TC: PC_ID-10-002, step: Start Extended session [DiagTestPi R12])
2026-08-19 12:20:33,532 [DEBUG] Rx: <71E> (08) [p]	 065003003201f4aa
2026-08-19 12:20:33,536 [INFO] PC_ID-10-002 - Received: 5003003201F4
2026-08-19 12:20:33,537 [WARNING] PC_ID-10-002 - Start Extended session [DiagTestPi R12] -> FAIL - Unexpected response
2026-08-19 12:20:33,538 [DEBUG] Stopping CanStack
2026-08-19 12:20:33,539 [DEBUG] Main thread is exiting
2026-08-19 12:20:33,581 [DEBUG] CanStack Stopped
2026-08-19 12:20:33,582 [INFO] Connection closed
2026-08-19 12:20:33,583 [INFO] Running Test Case: TC_ID-28-685
2026-08-19 12:20:33,583 [DEBUG] Stopping CanStack
2026-08-19 12:20:33,584 [DEBUG] CanStack Stopped
2026-08-19 12:20:33,585 [INFO] Connection closed
2026-08-19 12:20:33,585 [DEBUG] Closing raw can socket
2026-08-19 12:20:33,585 [DEBUG] Closing raw can socket
2026-08-19 12:20:33,589 [DEBUG] can config: {'fd': True, 'can_filters': [{'can_id': 1822, 'can_mask': 2047, 'extended': False}], 'interface': 'socketcan', 'channel': 'can0'}
2026-08-19 12:20:33,590 [INFO] Created a socket
2026-08-19 12:20:33,590 [DEBUG] Binding socket to channel=can0
2026-08-19 12:20:33,591 [DEBUG] Bound socket.
2026-08-19 12:20:33,594 [DEBUG] can config: {'fd': True, 'can_filters': [{'can_id': 1822, 'can_mask': 2047, 'extended': False}], 'interface': 'socketcan', 'channel': 'can0'}
2026-08-19 12:20:33,595 [INFO] Created a socket
2026-08-19 12:20:33,596 [DEBUG] Binding socket to channel=can0
2026-08-19 12:20:33,597 [DEBUG] Bound socket.
2026-08-19 12:20:33,600 [DEBUG] Given rxfn is considered blocking
2026-08-19 12:20:33,604 [DEBUG] Starting CanStack
2026-08-19 12:20:33,606 [DEBUG] Main thread has started
2026-08-19 12:20:33,609 [DEBUG] Relay thread has started
2026-08-19 12:20:33,614 [INFO] Connection opened
2026-08-19 12:20:33,617 [INFO] Switched to functional mode for TC: TC_ID-28-685 Step: PreCondition: PC_ID-10-002  Testcase:Disable Rx and Tx(28 00 ) [DiagTestPi R02]
2026-08-19 12:20:33,620 [INFO] TC_ID-28-685 - PreCondition: PC_ID-10-002  Testcase:Disable Rx and Tx(28 00 ) [DiagTestPi R02]: SID=0x28, Sub=0x00, Expected=[2, 104, 0, 170, 170, 170, 170, 170]
2026-08-19 12:20:33,684 [INFO] TC_ID-28-685 - PreCondition: PC_ID-10-002  Testcase:Disable Rx and Tx(28 00 ) [DiagTestPi R02]: Sending raw request 280002
2026-08-19 12:20:33,685 [INFO] TC_ID-28-685 - PreCondition: PC_ID-10-002  Testcase:Disable Rx and Tx(28 00 ) [DiagTestPi R02]: Sending request 280002
2026-08-19 12:20:33,685 [DEBUG] Sending 3 bytes : [280002]
2026-08-19 12:20:33,686 [DEBUG] Enqueuing a SendRequest for 3 bytes and TAT=Physical
2026-08-19 12:20:33,687 [DEBUG] Tx: <7DF> (08) [ ]	 0328000200000000
2026-08-19 12:20:33,688 [DEBUG] We've been asked to write a message to the bus
2026-08-19 12:20:33,688 [DEBUG] sending: Timestamp:        0.000000    ID:      7df    S Rx     F BS       DL:  8    03 28 00 02 00 00 00 00
2026-08-19 12:20:33,707 [INFO] Test end time: .6f(TC: TC_ID-28-685, step: PreCondition: PC_ID-10-002  Testcase:Disable Rx and Tx(28 00 ) [DiagTestPi R02])
2026-08-19 12:20:33,711 [DEBUG] Rx: <71E> (08) [p]	 026800aaaaaaaaaa
2026-08-19 12:20:33,713 [DEBUG] Stopping CanStack
2026-08-19 12:20:33,721 [DEBUG] Main thread is exiting
2026-08-19 12:20:33,758 [DEBUG] CanStack Stopped
2026-08-19 12:20:33,759 [INFO] Connection closed
2026-08-19 12:20:33,759 [INFO] Running Test Case: PC_ID-10-002
2026-08-19 12:20:33,760 [DEBUG] Stopping CanStack
2026-08-19 12:20:33,761 [DEBUG] CanStack Stopped
2026-08-19 12:20:33,761 [INFO] Connection closed
2026-08-19 12:20:33,762 [DEBUG] Closing raw can socket
2026-08-19 12:20:33,763 [DEBUG] Closing raw can socket
2026-08-19 12:20:33,768 [DEBUG] can config: {'fd': True, 'can_filters': [{'can_id': 1822, 'can_mask': 2047, 'extended': False}], 'interface': 'socketcan', 'channel': 'can0'}
2026-08-19 12:20:33,769 [INFO] Created a socket
2026-08-19 12:20:33,770 [DEBUG] Binding socket to channel=can0
2026-08-19 12:20:33,771 [DEBUG] Bound socket.
2026-08-19 12:20:33,776 [DEBUG] can config: {'fd': True, 'can_filters': [{'can_id': 1822, 'can_mask': 2047, 'extended': False}], 'interface': 'socketcan', 'channel': 'can0'}
2026-08-19 12:20:33,778 [INFO] Created a socket
2026-08-19 12:20:33,779 [DEBUG] Binding socket to channel=can0
2026-08-19 12:20:33,780 [DEBUG] Bound socket.
2026-08-19 12:20:33,786 [DEBUG] Given rxfn is considered blocking
2026-08-19 12:20:33,792 [DEBUG] Starting CanStack
2026-08-19 12:20:33,796 [DEBUG] Main thread has started
2026-08-19 12:20:33,797 [DEBUG] Relay thread has started
2026-08-19 12:20:33,799 [INFO] Connection opened
2026-08-19 12:20:33,799 [INFO] Switched to physical mode for TC: PC_ID-10-002 Step: Start Extended session [DiagTestPi R12]
2026-08-19 12:20:33,800 [INFO] PC_ID-10-002 - Start Extended session [DiagTestPi R12]: SID=0x10, Sub=0x03, Expected=[6, 80, 3, 0, 50, 1, 244, 170]
2026-08-19 12:20:33,858 [INFO] PC_ID-10-002 - Start Extended session [DiagTestPi R12]: Sending 1003
2026-08-19 12:20:33,908 [INFO] PC_ID-10-002 - Start Extended session [DiagTestPi R12]: Sending request 1003
2026-08-19 12:20:33,909 [DEBUG] Sending 2 bytes : [1003]
2026-08-19 12:20:33,909 [DEBUG] Enqueuing a SendRequest for 2 bytes and TAT=Physical
2026-08-19 12:20:33,910 [DEBUG] Tx: <716> (08) [ ]	 0210030000000000
2026-08-19 12:20:33,911 [DEBUG] We've been asked to write a message to the bus
2026-08-19 12:20:33,912 [DEBUG] sending: Timestamp:        0.000000    ID:      716    S Rx     F BS       DL:  8    02 10 03 00 00 00 00 00
2026-08-19 12:20:33,938 [INFO] Test end time: .6f(TC: PC_ID-10-002, step: Start Extended session [DiagTestPi R12])
2026-08-19 12:20:33,941 [DEBUG] Rx: <71E> (08) [p]	 065003003201f4aa
2026-08-19 12:20:33,942 [INFO] PC_ID-10-002 - Received: 5003003201F4
2026-08-19 12:20:33,944 [WARNING] PC_ID-10-002 - Start Extended session [DiagTestPi R12] -> FAIL - Unexpected response
2026-08-19 12:20:33,945 [DEBUG] Stopping CanStack
2026-08-19 12:20:33,946 [DEBUG] Main thread is exiting
2026-08-19 12:20:33,991 [DEBUG] CanStack Stopped
2026-08-19 12:20:33,992 [INFO] Connection closed
2026-08-19 12:20:33,993 [INFO] Running Test Case: TC_ID-28-686
2026-08-19 12:20:33,994 [DEBUG] Stopping CanStack
2026-08-19 12:20:33,995 [DEBUG] CanStack Stopped
2026-08-19 12:20:33,997 [INFO] Connection closed
2026-08-19 12:20:33,998 [DEBUG] Closing raw can socket
2026-08-19 12:20:33,999 [DEBUG] Closing raw can socket
2026-08-19 12:20:34,004 [DEBUG] can config: {'fd': True, 'can_filters': [{'can_id': 1822, 'can_mask': 2047, 'extended': False}], 'interface': 'socketcan', 'channel': 'can0'}
2026-08-19 12:20:34,006 [INFO] Created a socket
2026-08-19 12:20:34,007 [DEBUG] Binding socket to channel=can0
2026-08-19 12:20:34,008 [DEBUG] Bound socket.
2026-08-19 12:20:34,014 [DEBUG] can config: {'fd': True, 'can_filters': [{'can_id': 1822, 'can_mask': 2047, 'extended': False}], 'interface': 'socketcan', 'channel': 'can0'}
2026-08-19 12:20:34,019 [INFO] Created a socket
2026-08-19 12:20:34,022 [DEBUG] Binding socket to channel=can0
2026-08-19 12:20:34,026 [DEBUG] Bound socket.
2026-08-19 12:20:34,030 [DEBUG] Given rxfn is considered blocking
2026-08-19 12:20:34,033 [DEBUG] Starting CanStack
2026-08-19 12:20:34,036 [DEBUG] Main thread has started
2026-08-19 12:20:34,038 [DEBUG] Relay thread has started
2026-08-19 12:20:34,041 [INFO] Connection opened
2026-08-19 12:20:34,042 [INFO] Switched to functional mode for TC: TC_ID-28-686 Step: PreCondition: PC_ID-10-002  Testcase:Disable Rx and Tx(28 00 ) [DiagTestPi R02]
2026-08-19 12:20:34,042 [INFO] TC_ID-28-686 - PreCondition: PC_ID-10-002  Testcase:Disable Rx and Tx(28 00 ) [DiagTestPi R02]: SID=0x28, Sub=0x00, Expected=[2, 104, 0, 170, 170, 170, 170, 170]
2026-08-19 12:20:34,111 [INFO] TC_ID-28-686 - PreCondition: PC_ID-10-002  Testcase:Disable Rx and Tx(28 00 ) [DiagTestPi R02]: Sending raw request 280003
2026-08-19 12:20:34,114 [INFO] TC_ID-28-686 - PreCondition: PC_ID-10-002  Testcase:Disable Rx and Tx(28 00 ) [DiagTestPi R02]: Sending request 280003
2026-08-19 12:20:34,115 [DEBUG] Sending 3 bytes : [280003]
2026-08-19 12:20:34,116 [DEBUG] Enqueuing a SendRequest for 3 bytes and TAT=Physical
2026-08-19 12:20:34,118 [DEBUG] Tx: <7DF> (08) [ ]	 0328000300000000
2026-08-19 12:20:34,118 [DEBUG] We've been asked to write a message to the bus
2026-08-19 12:20:34,119 [DEBUG] sending: Timestamp:        0.000000    ID:      7df    S Rx     F BS       DL:  8    03 28 00 03 00 00 00 00
2026-08-19 12:20:34,138 [DEBUG] Rx: <71E> (08) [p]	 026800aaaaaaaaaa
2026-08-19 12:20:34,139 [INFO] Test end time: .6f(TC: TC_ID-28-686, step: PreCondition: PC_ID-10-002  Testcase:Disable Rx and Tx(28 00 ) [DiagTestPi R02])
2026-08-19 12:20:34,141 [DEBUG] Stopping CanStack
2026-08-19 12:20:34,143 [DEBUG] Main thread is exiting
2026-08-19 12:20:34,190 [DEBUG] CanStack Stopped
2026-08-19 12:20:34,192 [INFO] Connection closed
2026-08-19 12:20:34,193 [INFO] Running Test Case: PC_ID-10-002
2026-08-19 12:20:34,193 [DEBUG] Stopping CanStack
2026-08-19 12:20:34,194 [DEBUG] CanStack Stopped
2026-08-19 12:20:34,194 [INFO] Connection closed
2026-08-19 12:20:34,195 [DEBUG] Closing raw can socket
2026-08-19 12:20:34,196 [DEBUG] Closing raw can socket
2026-08-19 12:20:34,201 [DEBUG] can config: {'fd': True, 'can_filters': [{'can_id': 1822, 'can_mask': 2047, 'extended': False}], 'interface': 'socketcan', 'channel': 'can0'}
2026-08-19 12:20:34,202 [INFO] Created a socket
2026-08-19 12:20:34,203 [DEBUG] Binding socket to channel=can0
2026-08-19 12:20:34,204 [DEBUG] Bound socket.
2026-08-19 12:20:34,208 [DEBUG] can config: {'fd': True, 'can_filters': [{'can_id': 1822, 'can_mask': 2047, 'extended': False}], 'interface': 'socketcan', 'channel': 'can0'}
2026-08-19 12:20:34,210 [INFO] Created a socket
2026-08-19 12:20:34,211 [DEBUG] Binding socket to channel=can0
2026-08-19 12:20:34,213 [DEBUG] Bound socket.
2026-08-19 12:20:34,217 [DEBUG] Given rxfn is considered blocking
2026-08-19 12:20:34,222 [DEBUG] Starting CanStack
2026-08-19 12:20:34,228 [DEBUG] Main thread has started
2026-08-19 12:20:34,230 [DEBUG] Relay thread has started
2026-08-19 12:20:34,232 [INFO] Connection opened
2026-08-19 12:20:34,233 [INFO] Switched to physical mode for TC: PC_ID-10-002 Step: Start Extended session [DiagTestPi R12]
2026-08-19 12:20:34,234 [INFO] PC_ID-10-002 - Start Extended session [DiagTestPi R12]: SID=0x10, Sub=0x03, Expected=[6, 80, 3, 0, 50, 1, 244, 170]
2026-08-19 12:20:34,291 [INFO] PC_ID-10-002 - Start Extended session [DiagTestPi R12]: Sending 1003
2026-08-19 12:20:34,340 [INFO] PC_ID-10-002 - Start Extended session [DiagTestPi R12]: Sending request 1003
2026-08-19 12:20:34,341 [DEBUG] Sending 2 bytes : [1003]
2026-08-19 12:20:34,342 [DEBUG] Enqueuing a SendRequest for 2 bytes and TAT=Physical
2026-08-19 12:20:34,343 [DEBUG] Tx: <716> (08) [ ]	 0210030000000000
2026-08-19 12:20:34,343 [DEBUG] We've been asked to write a message to the bus
2026-08-19 12:20:34,344 [DEBUG] sending: Timestamp:        0.000000    ID:      716    S Rx     F BS       DL:  8    02 10 03 00 00 00 00 00
2026-08-19 12:20:34,370 [INFO] Test end time: .6f(TC: PC_ID-10-002, step: Start Extended session [DiagTestPi R12])
2026-08-19 12:20:34,374 [INFO] PC_ID-10-002 - Received: 5003003201F4
2026-08-19 12:20:34,376 [WARNING] PC_ID-10-002 - Start Extended session [DiagTestPi R12] -> FAIL - Unexpected response
2026-08-19 12:20:34,376 [DEBUG] Rx: <71E> (08) [p]	 065003003201f4aa
2026-08-19 12:20:34,377 [DEBUG] Stopping CanStack
2026-08-19 12:20:34,379 [DEBUG] Main thread is exiting
2026-08-19 12:20:34,426 [DEBUG] CanStack Stopped
2026-08-19 12:20:34,427 [INFO] Connection closed
2026-08-19 12:20:34,428 [INFO] Running Test Case: TC_ID-28-687
2026-08-19 12:20:34,428 [DEBUG] Stopping CanStack
2026-08-19 12:20:34,429 [DEBUG] CanStack Stopped
2026-08-19 12:20:34,430 [INFO] Connection closed
2026-08-19 12:20:34,430 [DEBUG] Closing raw can socket
2026-08-19 12:20:34,430 [DEBUG] Closing raw can socket
2026-08-19 12:20:34,434 [DEBUG] can config: {'fd': True, 'can_filters': [{'can_id': 1822, 'can_mask': 2047, 'extended': False}], 'interface': 'socketcan', 'channel': 'can0'}
2026-08-19 12:20:34,435 [INFO] Created a socket
2026-08-19 12:20:34,435 [DEBUG] Binding socket to channel=can0
2026-08-19 12:20:34,436 [DEBUG] Bound socket.
2026-08-19 12:20:34,440 [DEBUG] can config: {'fd': True, 'can_filters': [{'can_id': 1822, 'can_mask': 2047, 'extended': False}], 'interface': 'socketcan', 'channel': 'can0'}
2026-08-19 12:20:34,441 [INFO] Created a socket
2026-08-19 12:20:34,442 [DEBUG] Binding socket to channel=can0
2026-08-19 12:20:34,443 [DEBUG] Bound socket.
2026-08-19 12:20:34,448 [DEBUG] Given rxfn is considered blocking
2026-08-19 12:20:34,455 [DEBUG] Starting CanStack
2026-08-19 12:20:34,460 [DEBUG] Main thread has started
2026-08-19 12:20:34,462 [DEBUG] Relay thread has started
2026-08-19 12:20:34,463 [INFO] Connection opened
2026-08-19 12:20:34,464 [INFO] Switched to functional mode for TC: TC_ID-28-687 Step: PreCondition: PC_ID-10-002  Testcase:EnableRxAndDisableTx Extended session(28 01) [DiagTestPi R02]
2026-08-19 12:20:34,465 [INFO] TC_ID-28-687 - PreCondition: PC_ID-10-002  Testcase:EnableRxAndDisableTx Extended session(28 01) [DiagTestPi R02]: SID=0x28, Sub=0x01, Expected=[2, 104, 1, 170, 170, 170, 170, 170]
2026-08-19 12:20:34,531 [INFO] TC_ID-28-687 - PreCondition: PC_ID-10-002  Testcase:EnableRxAndDisableTx Extended session(28 01) [DiagTestPi R02]: Sending raw request 280102
2026-08-19 12:20:34,532 [INFO] TC_ID-28-687 - PreCondition: PC_ID-10-002  Testcase:EnableRxAndDisableTx Extended session(28 01) [DiagTestPi R02]: Sending request 280102
2026-08-19 12:20:34,533 [DEBUG] Sending 3 bytes : [280102]
2026-08-19 12:20:34,533 [DEBUG] Enqueuing a SendRequest for 3 bytes and TAT=Physical
2026-08-19 12:20:34,534 [DEBUG] Tx: <7DF> (08) [ ]	 0328010200000000
2026-08-19 12:20:34,535 [DEBUG] We've been asked to write a message to the bus
2026-08-19 12:20:34,535 [DEBUG] sending: Timestamp:        0.000000    ID:      7df    S Rx     F BS       DL:  8    03 28 01 02 00 00 00 00
2026-08-19 12:20:34,560 [INFO] Test end time: .6f(TC: TC_ID-28-687, step: PreCondition: PC_ID-10-002  Testcase:EnableRxAndDisableTx Extended session(28 01) [DiagTestPi R02])
2026-08-19 12:20:34,564 [DEBUG] Rx: <71E> (08) [p]	 026801aaaaaaaaaa
2026-08-19 12:20:34,565 [DEBUG] Stopping CanStack
2026-08-19 12:20:34,566 [DEBUG] Main thread is exiting
2026-08-19 12:20:34,614 [DEBUG] CanStack Stopped
2026-08-19 12:20:34,615 [INFO] Connection closed
2026-08-19 12:20:34,616 [INFO] Running Test Case: PC_ID-10-002
2026-08-19 12:20:34,616 [DEBUG] Stopping CanStack
2026-08-19 12:20:34,617 [DEBUG] CanStack Stopped
2026-08-19 12:20:34,617 [INFO] Connection closed
2026-08-19 12:20:34,618 [DEBUG] Closing raw can socket
2026-08-19 12:20:34,618 [DEBUG] Closing raw can socket
2026-08-19 12:20:34,622 [DEBUG] can config: {'fd': True, 'can_filters': [{'can_id': 1822, 'can_mask': 2047, 'extended': False}], 'interface': 'socketcan', 'channel': 'can0'}
2026-08-19 12:20:34,622 [INFO] Created a socket
2026-08-19 12:20:34,623 [DEBUG] Binding socket to channel=can0
2026-08-19 12:20:34,624 [DEBUG] Bound socket.
2026-08-19 12:20:34,627 [DEBUG] can config: {'fd': True, 'can_filters': [{'can_id': 1822, 'can_mask': 2047, 'extended': False}], 'interface': 'socketcan', 'channel': 'can0'}
2026-08-19 12:20:34,628 [INFO] Created a socket
2026-08-19 12:20:34,629 [DEBUG] Binding socket to channel=can0
2026-08-19 12:20:34,629 [DEBUG] Bound socket.
2026-08-19 12:20:34,633 [DEBUG] Given rxfn is considered blocking
2026-08-19 12:20:34,636 [DEBUG] Starting CanStack
2026-08-19 12:20:34,639 [DEBUG] Main thread has started
2026-08-19 12:20:34,642 [DEBUG] Relay thread has started
2026-08-19 12:20:34,648 [INFO] Connection opened
2026-08-19 12:20:34,651 [INFO] Switched to physical mode for TC: PC_ID-10-002 Step: Start Extended session [DiagTestPi R12]
2026-08-19 12:20:34,653 [INFO] PC_ID-10-002 - Start Extended session [DiagTestPi R12]: SID=0x10, Sub=0x03, Expected=[6, 80, 3, 0, 50, 1, 244, 170]
2026-08-19 12:20:34,708 [INFO] PC_ID-10-002 - Start Extended session [DiagTestPi R12]: Sending 1003
2026-08-19 12:20:34,759 [INFO] PC_ID-10-002 - Start Extended session [DiagTestPi R12]: Sending request 1003
2026-08-19 12:20:34,762 [DEBUG] Sending 2 bytes : [1003]
2026-08-19 12:20:34,765 [DEBUG] Enqueuing a SendRequest for 2 bytes and TAT=Physical
2026-08-19 12:20:34,766 [DEBUG] Tx: <716> (08) [ ]	 0210030000000000
2026-08-19 12:20:34,767 [DEBUG] We've been asked to write a message to the bus
2026-08-19 12:20:34,768 [DEBUG] sending: Timestamp:        0.000000    ID:      716    S Rx     F BS       DL:  8    02 10 03 00 00 00 00 00
2026-08-19 12:20:34,788 [INFO] Test end time: .6f(TC: PC_ID-10-002, step: Start Extended session [DiagTestPi R12])
2026-08-19 12:20:34,791 [DEBUG] Rx: <71E> (08) [p]	 065003003201f4aa
2026-08-19 12:20:34,795 [INFO] PC_ID-10-002 - Received: 5003003201F4
2026-08-19 12:20:34,800 [WARNING] PC_ID-10-002 - Start Extended session [DiagTestPi R12] -> FAIL - Unexpected response
2026-08-19 12:20:34,801 [DEBUG] Stopping CanStack
2026-08-19 12:20:34,802 [DEBUG] Main thread is exiting
2026-08-19 12:20:34,838 [DEBUG] CanStack Stopped
2026-08-19 12:20:34,839 [INFO] Connection closed
2026-08-19 12:20:34,840 [INFO] Running Test Case: TC_ID-28-688
2026-08-19 12:20:34,841 [DEBUG] Stopping CanStack
2026-08-19 12:20:34,842 [DEBUG] CanStack Stopped
2026-08-19 12:20:34,843 [INFO] Connection closed
2026-08-19 12:20:34,844 [DEBUG] Closing raw can socket
2026-08-19 12:20:34,845 [DEBUG] Closing raw can socket
2026-08-19 12:20:34,851 [DEBUG] can config: {'fd': True, 'can_filters': [{'can_id': 1822, 'can_mask': 2047, 'extended': False}], 'interface': 'socketcan', 'channel': 'can0'}
2026-08-19 12:20:34,852 [INFO] Created a socket
2026-08-19 12:20:34,853 [DEBUG] Binding socket to channel=can0
2026-08-19 12:20:34,854 [DEBUG] Bound socket.
2026-08-19 12:20:34,861 [DEBUG] can config: {'fd': True, 'can_filters': [{'can_id': 1822, 'can_mask': 2047, 'extended': False}], 'interface': 'socketcan', 'channel': 'can0'}
2026-08-19 12:20:34,866 [INFO] Created a socket
2026-08-19 12:20:34,869 [DEBUG] Binding socket to channel=can0
2026-08-19 12:20:34,872 [DEBUG] Bound socket.
2026-08-19 12:20:34,875 [DEBUG] Given rxfn is considered blocking
2026-08-19 12:20:34,878 [DEBUG] Starting CanStack
2026-08-19 12:20:34,881 [DEBUG] Main thread has started
2026-08-19 12:20:34,882 [DEBUG] Relay thread has started
2026-08-19 12:20:34,884 [INFO] Connection opened
2026-08-19 12:20:34,885 [INFO] Switched to functional mode for TC: TC_ID-28-688 Step: PreCondition: PC_ID-10-002  Testcase:EnableRxAndDisableTx Extended session(28 01) [DiagTestPi R02]
2026-08-19 12:20:34,886 [INFO] TC_ID-28-688 - PreCondition: PC_ID-10-002  Testcase:EnableRxAndDisableTx Extended session(28 01) [DiagTestPi R02]: SID=0x28, Sub=0x01, Expected=[2, 104, 1, 170, 170, 170, 170, 170]
2026-08-19 12:20:34,955 [INFO] TC_ID-28-688 - PreCondition: PC_ID-10-002  Testcase:EnableRxAndDisableTx Extended session(28 01) [DiagTestPi R02]: Sending raw request 280103
2026-08-19 12:20:34,956 [INFO] TC_ID-28-688 - PreCondition: PC_ID-10-002  Testcase:EnableRxAndDisableTx Extended session(28 01) [DiagTestPi R02]: Sending request 280103
2026-08-19 12:20:34,957 [DEBUG] Sending 3 bytes : [280103]
2026-08-19 12:20:34,958 [DEBUG] Enqueuing a SendRequest for 3 bytes and TAT=Physical
2026-08-19 12:20:34,959 [DEBUG] Tx: <7DF> (08) [ ]	 0328010300000000
2026-08-19 12:20:34,960 [DEBUG] We've been asked to write a message to the bus
2026-08-19 12:20:34,960 [DEBUG] sending: Timestamp:        0.000000    ID:      7df    S Rx     F BS       DL:  8    03 28 01 03 00 00 00 00
2026-08-19 12:20:34,977 [INFO] Test end time: .6f(TC: TC_ID-28-688, step: PreCondition: PC_ID-10-002  Testcase:EnableRxAndDisableTx Extended session(28 01) [DiagTestPi R02])
2026-08-19 12:20:34,981 [DEBUG] Rx: <71E> (08) [p]	 026801aaaaaaaaaa
2026-08-19 12:20:34,984 [DEBUG] Stopping CanStack
2026-08-19 12:20:34,992 [DEBUG] Main thread is exiting
2026-08-19 12:20:35,031 [DEBUG] CanStack Stopped
2026-08-19 12:20:35,034 [INFO] Connection closed
2026-08-19 12:20:35,035 [INFO] Running Test Case: PC_ID-10-002
2026-08-19 12:20:35,036 [DEBUG] Stopping CanStack
2026-08-19 12:20:35,037 [DEBUG] CanStack Stopped
2026-08-19 12:20:35,037 [INFO] Connection closed
2026-08-19 12:20:35,038 [DEBUG] Closing raw can socket
2026-08-19 12:20:35,039 [DEBUG] Closing raw can socket
2026-08-19 12:20:35,043 [DEBUG] can config: {'fd': True, 'can_filters': [{'can_id': 1822, 'can_mask': 2047, 'extended': False}], 'interface': 'socketcan', 'channel': 'can0'}
2026-08-19 12:20:35,045 [INFO] Created a socket
2026-08-19 12:20:35,046 [DEBUG] Binding socket to channel=can0
2026-08-19 12:20:35,047 [DEBUG] Bound socket.
2026-08-19 12:20:35,051 [DEBUG] can config: {'fd': True, 'can_filters': [{'can_id': 1822, 'can_mask': 2047, 'extended': False}], 'interface': 'socketcan', 'channel': 'can0'}
2026-08-19 12:20:35,052 [INFO] Created a socket
2026-08-19 12:20:35,053 [DEBUG] Binding socket to channel=can0
2026-08-19 12:20:35,054 [DEBUG] Bound socket.
2026-08-19 12:20:35,068 [DEBUG] Given rxfn is considered blocking
2026-08-19 12:20:35,074 [DEBUG] Starting CanStack
2026-08-19 12:20:35,076 [DEBUG] Main thread has started
2026-08-19 12:20:35,077 [DEBUG] Relay thread has started
2026-08-19 12:20:35,078 [INFO] Connection opened
2026-08-19 12:20:35,079 [INFO] Switched to physical mode for TC: PC_ID-10-002 Step: Start Extended session [DiagTestPi R12]
2026-08-19 12:20:35,080 [INFO] PC_ID-10-002 - Start Extended session [DiagTestPi R12]: SID=0x10, Sub=0x03, Expected=[6, 80, 3, 0, 50, 1, 244, 170]
2026-08-19 12:20:35,138 [INFO] PC_ID-10-002 - Start Extended session [DiagTestPi R12]: Sending 1003
2026-08-19 12:20:35,188 [INFO] PC_ID-10-002 - Start Extended session [DiagTestPi R12]: Sending request 1003
2026-08-19 12:20:35,189 [DEBUG] Sending 2 bytes : [1003]
2026-08-19 12:20:35,189 [DEBUG] Enqueuing a SendRequest for 2 bytes and TAT=Physical
2026-08-19 12:20:35,190 [DEBUG] Tx: <716> (08) [ ]	 0210030000000000
2026-08-19 12:20:35,191 [DEBUG] We've been asked to write a message to the bus
2026-08-19 12:20:35,191 [DEBUG] sending: Timestamp:        0.000000    ID:      716    S Rx     F BS       DL:  8    02 10 03 00 00 00 00 00
2026-08-19 12:20:35,212 [INFO] Test end time: .6f(TC: PC_ID-10-002, step: Start Extended session [DiagTestPi R12])
2026-08-19 12:20:35,214 [DEBUG] Rx: <71E> (08) [p]	 065003003201f4aa
2026-08-19 12:20:35,218 [INFO] PC_ID-10-002 - Received: 5003003201F4
2026-08-19 12:20:35,220 [WARNING] PC_ID-10-002 - Start Extended session [DiagTestPi R12] -> FAIL - Unexpected response
2026-08-19 12:20:35,220 [DEBUG] Stopping CanStack
2026-08-19 12:20:35,221 [DEBUG] Main thread is exiting
2026-08-19 12:20:35,259 [DEBUG] CanStack Stopped
2026-08-19 12:20:35,260 [INFO] Connection closed
2026-08-19 12:20:35,261 [INFO] Running Test Case: TC_ID-28-689
2026-08-19 12:20:35,262 [DEBUG] Stopping CanStack
2026-08-19 12:20:35,264 [DEBUG] CanStack Stopped
2026-08-19 12:20:35,265 [INFO] Connection closed
2026-08-19 12:20:35,265 [DEBUG] Closing raw can socket
2026-08-19 12:20:35,266 [DEBUG] Closing raw can socket
2026-08-19 12:20:35,271 [DEBUG] can config: {'fd': True, 'can_filters': [{'can_id': 1822, 'can_mask': 2047, 'extended': False}], 'interface': 'socketcan', 'channel': 'can0'}
2026-08-19 12:20:35,272 [INFO] Created a socket
2026-08-19 12:20:35,273 [DEBUG] Binding socket to channel=can0
2026-08-19 12:20:35,275 [DEBUG] Bound socket.
2026-08-19 12:20:35,282 [DEBUG] can config: {'fd': True, 'can_filters': [{'can_id': 1822, 'can_mask': 2047, 'extended': False}], 'interface': 'socketcan', 'channel': 'can0'}
2026-08-19 12:20:35,286 [INFO] Created a socket
2026-08-19 12:20:35,289 [DEBUG] Binding socket to channel=can0
2026-08-19 12:20:35,291 [DEBUG] Bound socket.
2026-08-19 12:20:35,294 [DEBUG] Given rxfn is considered blocking
2026-08-19 12:20:35,297 [DEBUG] Starting CanStack
2026-08-19 12:20:35,300 [DEBUG] Main thread has started
2026-08-19 12:20:35,302 [DEBUG] Relay thread has started
2026-08-19 12:20:35,303 [INFO] Connection opened
2026-08-19 12:20:35,304 [INFO] Switched to functional mode for TC: TC_ID-28-689 Step: PreCondition: PC_ID-10-002  Testcase:DisableRxAndEnableTx Extended session(28 02) [DiagTestPi R02]
2026-08-19 12:20:35,305 [INFO] TC_ID-28-689 - PreCondition: PC_ID-10-002  Testcase:DisableRxAndEnableTx Extended session(28 02) [DiagTestPi R02]: SID=0x28, Sub=0x02, Expected=[2, 104, 2, 170, 170, 170, 170, 170]
2026-08-19 12:20:35,374 [INFO] TC_ID-28-689 - PreCondition: PC_ID-10-002  Testcase:DisableRxAndEnableTx Extended session(28 02) [DiagTestPi R02]: Sending raw request 280202
2026-08-19 12:20:35,375 [INFO] TC_ID-28-689 - PreCondition: PC_ID-10-002  Testcase:DisableRxAndEnableTx Extended session(28 02) [DiagTestPi R02]: Sending request 280202
2026-08-19 12:20:35,376 [DEBUG] Sending 3 bytes : [280202]
2026-08-19 12:20:35,376 [DEBUG] Enqueuing a SendRequest for 3 bytes and TAT=Physical
2026-08-19 12:20:35,378 [DEBUG] Tx: <7DF> (08) [ ]	 0328020200000000
2026-08-19 12:20:35,378 [DEBUG] We've been asked to write a message to the bus
2026-08-19 12:20:35,379 [DEBUG] sending: Timestamp:        0.000000    ID:      7df    S Rx     F BS       DL:  8    03 28 02 02 00 00 00 00
2026-08-19 12:20:35,397 [INFO] Test end time: .6f(TC: TC_ID-28-689, step: PreCondition: PC_ID-10-002  Testcase:DisableRxAndEnableTx Extended session(28 02) [DiagTestPi R02])
2026-08-19 12:20:35,399 [DEBUG] Rx: <71E> (08) [p]	 026802aaaaaaaaaa
2026-08-19 12:20:35,401 [DEBUG] Stopping CanStack
2026-08-19 12:20:35,406 [DEBUG] Main thread is exiting
2026-08-19 12:20:35,449 [DEBUG] CanStack Stopped
2026-08-19 12:20:35,451 [INFO] Connection closed
2026-08-19 12:20:35,452 [INFO] Running Test Case: PC_ID-10-002
2026-08-19 12:20:35,452 [DEBUG] Stopping CanStack
2026-08-19 12:20:35,453 [DEBUG] CanStack Stopped
2026-08-19 12:20:35,454 [INFO] Connection closed
2026-08-19 12:20:35,454 [DEBUG] Closing raw can socket
2026-08-19 12:20:35,455 [DEBUG] Closing raw can socket
2026-08-19 12:20:35,460 [DEBUG] can config: {'fd': True, 'can_filters': [{'can_id': 1822, 'can_mask': 2047, 'extended': False}], 'interface': 'socketcan', 'channel': 'can0'}
2026-08-19 12:20:35,461 [INFO] Created a socket
2026-08-19 12:20:35,462 [DEBUG] Binding socket to channel=can0
2026-08-19 12:20:35,463 [DEBUG] Bound socket.
2026-08-19 12:20:35,467 [DEBUG] can config: {'fd': True, 'can_filters': [{'can_id': 1822, 'can_mask': 2047, 'extended': False}], 'interface': 'socketcan', 'channel': 'can0'}
2026-08-19 12:20:35,469 [INFO] Created a socket
2026-08-19 12:20:35,470 [DEBUG] Binding socket to channel=can0
2026-08-19 12:20:35,471 [DEBUG] Bound socket.
2026-08-19 12:20:35,475 [DEBUG] Given rxfn is considered blocking
2026-08-19 12:20:35,480 [DEBUG] Starting CanStack
2026-08-19 12:20:35,486 [DEBUG] Main thread has started
2026-08-19 12:20:35,490 [DEBUG] Relay thread has started
2026-08-19 12:20:35,491 [INFO] Connection opened
2026-08-19 12:20:35,492 [INFO] Switched to physical mode for TC: PC_ID-10-002 Step: Start Extended session [DiagTestPi R12]
2026-08-19 12:20:35,493 [INFO] PC_ID-10-002 - Start Extended session [DiagTestPi R12]: SID=0x10, Sub=0x03, Expected=[6, 80, 3, 0, 50, 1, 244, 170]
2026-08-19 12:20:35,550 [INFO] PC_ID-10-002 - Start Extended session [DiagTestPi R12]: Sending 1003
2026-08-19 12:20:35,596 [INFO] PC_ID-10-002 - Start Extended session [DiagTestPi R12]: Sending request 1003
2026-08-19 12:20:35,597 [DEBUG] Sending 2 bytes : [1003]
2026-08-19 12:20:35,598 [DEBUG] Enqueuing a SendRequest for 2 bytes and TAT=Physical
2026-08-19 12:20:35,600 [DEBUG] Tx: <716> (08) [ ]	 0210030000000000
2026-08-19 12:20:35,601 [DEBUG] We've been asked to write a message to the bus
2026-08-19 12:20:35,602 [DEBUG] sending: Timestamp:        0.000000    ID:      716    S Rx     F BS       DL:  8    02 10 03 00 00 00 00 00
2026-08-19 12:20:35,620 [INFO] Test end time: .6f(TC: PC_ID-10-002, step: Start Extended session [DiagTestPi R12])
2026-08-19 12:20:35,625 [INFO] PC_ID-10-002 - Received: 5003003201F4
2026-08-19 12:20:35,626 [DEBUG] Rx: <71E> (08) [p]	 065003003201f4aa
2026-08-19 12:20:35,627 [WARNING] PC_ID-10-002 - Start Extended session [DiagTestPi R12] -> FAIL - Unexpected response
2026-08-19 12:20:35,628 [DEBUG] Stopping CanStack
2026-08-19 12:20:35,630 [DEBUG] Main thread is exiting
2026-08-19 12:20:35,669 [DEBUG] CanStack Stopped
2026-08-19 12:20:35,670 [INFO] Connection closed
2026-08-19 12:20:35,671 [INFO] Running Test Case: TC_ID-28-690
2026-08-19 12:20:35,672 [DEBUG] Stopping CanStack
2026-08-19 12:20:35,673 [DEBUG] CanStack Stopped
2026-08-19 12:20:35,673 [INFO] Connection closed
2026-08-19 12:20:35,674 [DEBUG] Closing raw can socket
2026-08-19 12:20:35,675 [DEBUG] Closing raw can socket
2026-08-19 12:20:35,681 [DEBUG] can config: {'fd': True, 'can_filters': [{'can_id': 1822, 'can_mask': 2047, 'extended': False}], 'interface': 'socketcan', 'channel': 'can0'}
2026-08-19 12:20:35,682 [INFO] Created a socket
2026-08-19 12:20:35,684 [DEBUG] Binding socket to channel=can0
2026-08-19 12:20:35,687 [DEBUG] Bound socket.
2026-08-19 12:20:35,697 [DEBUG] can config: {'fd': True, 'can_filters': [{'can_id': 1822, 'can_mask': 2047, 'extended': False}], 'interface': 'socketcan', 'channel': 'can0'}
2026-08-19 12:20:35,698 [INFO] Created a socket
2026-08-19 12:20:35,699 [DEBUG] Binding socket to channel=can0
2026-08-19 12:20:35,700 [DEBUG] Bound socket.
2026-08-19 12:20:35,704 [DEBUG] Given rxfn is considered blocking
2026-08-19 12:20:35,707 [DEBUG] Starting CanStack
2026-08-19 12:20:35,709 [DEBUG] Main thread has started
2026-08-19 12:20:35,710 [DEBUG] Relay thread has started
2026-08-19 12:20:35,712 [INFO] Connection opened
2026-08-19 12:20:35,713 [INFO] Switched to functional mode for TC: TC_ID-28-690 Step: PreCondition: PC_ID-10-002  Testcase:DisableRxAndEnableTx Extended session(28 02) [DiagTestPi R02]
2026-08-19 12:20:35,713 [INFO] TC_ID-28-690 - PreCondition: PC_ID-10-002  Testcase:DisableRxAndEnableTx Extended session(28 02) [DiagTestPi R02]: SID=0x28, Sub=0x02, Expected=[2, 104, 2, 170, 170, 170, 170, 170]
2026-08-19 12:20:35,780 [INFO] TC_ID-28-690 - PreCondition: PC_ID-10-002  Testcase:DisableRxAndEnableTx Extended session(28 02) [DiagTestPi R02]: Sending raw request 280203
2026-08-19 12:20:35,781 [INFO] TC_ID-28-690 - PreCondition: PC_ID-10-002  Testcase:DisableRxAndEnableTx Extended session(28 02) [DiagTestPi R02]: Sending request 280203
2026-08-19 12:20:35,782 [DEBUG] Sending 3 bytes : [280203]
2026-08-19 12:20:35,783 [DEBUG] Enqueuing a SendRequest for 3 bytes and TAT=Physical
2026-08-19 12:20:35,784 [DEBUG] Tx: <7DF> (08) [ ]	 0328020300000000
2026-08-19 12:20:35,785 [DEBUG] We've been asked to write a message to the bus
2026-08-19 12:20:35,786 [DEBUG] sending: Timestamp:        0.000000    ID:      7df    S Rx     F BS       DL:  8    03 28 02 03 00 00 00 00
2026-08-19 12:20:35,808 [INFO] Test end time: .6f(TC: TC_ID-28-690, step: PreCondition: PC_ID-10-002  Testcase:DisableRxAndEnableTx Extended session(28 02) [DiagTestPi R02])
2026-08-19 12:20:35,815 [DEBUG] Stopping CanStack
2026-08-19 12:20:35,818 [DEBUG] Rx: <71E> (08) [p]	 026802aaaaaaaaaa
2026-08-19 12:20:35,820 [DEBUG] Main thread is exiting
2026-08-19 12:20:35,869 [DEBUG] CanStack Stopped
2026-08-19 12:20:35,870 [INFO] Connection closed
2026-08-19 12:20:35,871 [INFO] Running Test Case: PC_ID-10-002
2026-08-19 12:20:35,871 [DEBUG] Stopping CanStack
2026-08-19 12:20:35,872 [DEBUG] CanStack Stopped
2026-08-19 12:20:35,872 [INFO] Connection closed
2026-08-19 12:20:35,873 [DEBUG] Closing raw can socket
2026-08-19 12:20:35,873 [DEBUG] Closing raw can socket
2026-08-19 12:20:35,877 [DEBUG] can config: {'fd': True, 'can_filters': [{'can_id': 1822, 'can_mask': 2047, 'extended': False}], 'interface': 'socketcan', 'channel': 'can0'}
2026-08-19 12:20:35,878 [INFO] Created a socket
2026-08-19 12:20:35,879 [DEBUG] Binding socket to channel=can0
2026-08-19 12:20:35,879 [DEBUG] Bound socket.
2026-08-19 12:20:35,883 [DEBUG] can config: {'fd': True, 'can_filters': [{'can_id': 1822, 'can_mask': 2047, 'extended': False}], 'interface': 'socketcan', 'channel': 'can0'}
2026-08-19 12:20:35,884 [INFO] Created a socket
2026-08-19 12:20:35,885 [DEBUG] Binding socket to channel=can0
2026-08-19 12:20:35,886 [DEBUG] Bound socket.
2026-08-19 12:20:35,890 [DEBUG] Given rxfn is considered blocking
2026-08-19 12:20:35,895 [DEBUG] Starting CanStack
2026-08-19 12:20:35,901 [DEBUG] Main thread has started
2026-08-19 12:20:35,905 [DEBUG] Relay thread has started
2026-08-19 12:20:35,906 [INFO] Connection opened
2026-08-19 12:20:35,907 [INFO] Switched to physical mode for TC: PC_ID-10-002 Step: Start Extended session [DiagTestPi R12]
2026-08-19 12:20:35,908 [INFO] PC_ID-10-002 - Start Extended session [DiagTestPi R12]: SID=0x10, Sub=0x03, Expected=[6, 80, 3, 0, 50, 1, 244, 170]
2026-08-19 12:20:35,966 [INFO] PC_ID-10-002 - Start Extended session [DiagTestPi R12]: Sending 1003
2026-08-19 12:20:36,011 [INFO] PC_ID-10-002 - Start Extended session [DiagTestPi R12]: Sending request 1003
2026-08-19 12:20:36,013 [DEBUG] Sending 2 bytes : [1003]
2026-08-19 12:20:36,014 [DEBUG] Enqueuing a SendRequest for 2 bytes and TAT=Physical
2026-08-19 12:20:36,016 [DEBUG] Tx: <716> (08) [ ]	 0210030000000000
2026-08-19 12:20:36,017 [DEBUG] We've been asked to write a message to the bus
2026-08-19 12:20:36,018 [DEBUG] sending: Timestamp:        0.000000    ID:      716    S Rx     F BS       DL:  8    02 10 03 00 00 00 00 00
2026-08-19 12:20:36,041 [INFO] Test end time: .6f(TC: PC_ID-10-002, step: Start Extended session [DiagTestPi R12])
2026-08-19 12:20:36,043 [INFO] PC_ID-10-002 - Received: 5003003201F4
2026-08-19 12:20:36,044 [DEBUG] Rx: <71E> (08) [p]	 065003003201f4aa
2026-08-19 12:20:36,045 [WARNING] PC_ID-10-002 - Start Extended session [DiagTestPi R12] -> FAIL - Unexpected response
2026-08-19 12:20:36,046 [DEBUG] Stopping CanStack
2026-08-19 12:20:36,048 [DEBUG] Main thread is exiting
2026-08-19 12:20:36,093 [DEBUG] CanStack Stopped
2026-08-19 12:20:36,094 [INFO] Connection closed
2026-08-19 12:20:36,095 [INFO] Running Test Case: TC_ID-28-691
2026-08-19 12:20:36,095 [DEBUG] Stopping CanStack
2026-08-19 12:20:36,096 [DEBUG] CanStack Stopped
2026-08-19 12:20:36,096 [INFO] Connection closed
2026-08-19 12:20:36,097 [DEBUG] Closing raw can socket
2026-08-19 12:20:36,097 [DEBUG] Closing raw can socket
2026-08-19 12:20:36,101 [DEBUG] can config: {'fd': True, 'can_filters': [{'can_id': 1822, 'can_mask': 2047, 'extended': False}], 'interface': 'socketcan', 'channel': 'can0'}
2026-08-19 12:20:36,102 [INFO] Created a socket
2026-08-19 12:20:36,102 [DEBUG] Binding socket to channel=can0
2026-08-19 12:20:36,103 [DEBUG] Bound socket.
2026-08-19 12:20:36,107 [DEBUG] can config: {'fd': True, 'can_filters': [{'can_id': 1822, 'can_mask': 2047, 'extended': False}], 'interface': 'socketcan', 'channel': 'can0'}
2026-08-19 12:20:36,108 [INFO] Created a socket
2026-08-19 12:20:36,110 [DEBUG] Binding socket to channel=can0
2026-08-19 12:20:36,110 [DEBUG] Bound socket.
2026-08-19 12:20:36,115 [DEBUG] Given rxfn is considered blocking
2026-08-19 12:20:36,121 [DEBUG] Starting CanStack
2026-08-19 12:20:36,127 [DEBUG] Main thread has started
2026-08-19 12:20:36,128 [DEBUG] Relay thread has started
2026-08-19 12:20:36,130 [INFO] Connection opened
2026-08-19 12:20:36,130 [INFO] Switched to functional mode for TC: TC_ID-28-691 Step: PreCondition: PC_ID-10-002  Testcase:DisableRxAndDisableTx Extended session(28 03) [DiagTestPi R02]
2026-08-19 12:20:36,131 [INFO] TC_ID-28-691 - PreCondition: PC_ID-10-002  Testcase:DisableRxAndDisableTx Extended session(28 03) [DiagTestPi R02]: SID=0x28, Sub=0x03, Expected=[2, 104, 3, 170, 170, 170, 170, 170]
2026-08-19 12:20:36,198 [INFO] TC_ID-28-691 - PreCondition: PC_ID-10-002  Testcase:DisableRxAndDisableTx Extended session(28 03) [DiagTestPi R02]: Sending raw request 280302
2026-08-19 12:20:36,199 [INFO] TC_ID-28-691 - PreCondition: PC_ID-10-002  Testcase:DisableRxAndDisableTx Extended session(28 03) [DiagTestPi R02]: Sending request 280302
2026-08-19 12:20:36,199 [DEBUG] Sending 3 bytes : [280302]
2026-08-19 12:20:36,200 [DEBUG] Enqueuing a SendRequest for 3 bytes and TAT=Physical
2026-08-19 12:20:36,201 [DEBUG] Tx: <7DF> (08) [ ]	 0328030200000000
2026-08-19 12:20:36,202 [DEBUG] We've been asked to write a message to the bus
2026-08-19 12:20:36,202 [DEBUG] sending: Timestamp:        0.000000    ID:      7df    S Rx     F BS       DL:  8    03 28 03 02 00 00 00 00
2026-08-19 12:20:36,228 [INFO] Test end time: .6f(TC: TC_ID-28-691, step: PreCondition: PC_ID-10-002  Testcase:DisableRxAndDisableTx Extended session(28 03) [DiagTestPi R02])
2026-08-19 12:20:36,232 [DEBUG] Rx: <71E> (08) [p]	 026803aaaaaaaaaa
2026-08-19 12:20:36,232 [DEBUG] Stopping CanStack
2026-08-19 12:20:36,235 [DEBUG] Main thread is exiting
2026-08-19 12:20:36,282 [DEBUG] CanStack Stopped
2026-08-19 12:20:36,282 [INFO] Connection closed
2026-08-19 12:20:36,283 [INFO] Running Test Case: PC_ID-10-002
2026-08-19 12:20:36,284 [DEBUG] Stopping CanStack
2026-08-19 12:20:36,284 [DEBUG] CanStack Stopped
2026-08-19 12:20:36,285 [INFO] Connection closed
2026-08-19 12:20:36,285 [DEBUG] Closing raw can socket
2026-08-19 12:20:36,286 [DEBUG] Closing raw can socket
2026-08-19 12:20:36,289 [DEBUG] can config: {'fd': True, 'can_filters': [{'can_id': 1822, 'can_mask': 2047, 'extended': False}], 'interface': 'socketcan', 'channel': 'can0'}
2026-08-19 12:20:36,290 [INFO] Created a socket
2026-08-19 12:20:36,291 [DEBUG] Binding socket to channel=can0
2026-08-19 12:20:36,291 [DEBUG] Bound socket.
2026-08-19 12:20:36,295 [DEBUG] can config: {'fd': True, 'can_filters': [{'can_id': 1822, 'can_mask': 2047, 'extended': False}], 'interface': 'socketcan', 'channel': 'can0'}
2026-08-19 12:20:36,296 [INFO] Created a socket
2026-08-19 12:20:36,296 [DEBUG] Binding socket to channel=can0
2026-08-19 12:20:36,297 [DEBUG] Bound socket.
2026-08-19 12:20:36,300 [DEBUG] Given rxfn is considered blocking
2026-08-19 12:20:36,304 [DEBUG] Starting CanStack
2026-08-19 12:20:36,306 [DEBUG] Main thread has started
2026-08-19 12:20:36,309 [DEBUG] Relay thread has started
2026-08-19 12:20:36,315 [INFO] Connection opened
2026-08-19 12:20:36,318 [INFO] Switched to physical mode for TC: PC_ID-10-002 Step: Start Extended session [DiagTestPi R12]
2026-08-19 12:20:36,320 [INFO] PC_ID-10-002 - Start Extended session [DiagTestPi R12]: SID=0x10, Sub=0x03, Expected=[6, 80, 3, 0, 50, 1, 244, 170]
2026-08-19 12:20:36,376 [INFO] PC_ID-10-002 - Start Extended session [DiagTestPi R12]: Sending 1003
2026-08-19 12:20:36,421 [INFO] PC_ID-10-002 - Start Extended session [DiagTestPi R12]: Sending request 1003
2026-08-19 12:20:36,422 [DEBUG] Sending 2 bytes : [1003]
2026-08-19 12:20:36,423 [DEBUG] Enqueuing a SendRequest for 2 bytes and TAT=Physical
2026-08-19 12:20:36,424 [DEBUG] Tx: <716> (08) [ ]	 0210030000000000
2026-08-19 12:20:36,425 [DEBUG] We've been asked to write a message to the bus
2026-08-19 12:20:36,426 [DEBUG] sending: Timestamp:        0.000000    ID:      716    S Rx     F BS       DL:  8    02 10 03 00 00 00 00 00
2026-08-19 12:20:36,448 [INFO] Test end time: .6f(TC: PC_ID-10-002, step: Start Extended session [DiagTestPi R12])
2026-08-19 12:20:36,456 [INFO] PC_ID-10-002 - Received: 5003003201F4
2026-08-19 12:20:36,457 [DEBUG] Rx: <71E> (08) [p]	 065003003201f4aa
2026-08-19 12:20:36,457 [WARNING] PC_ID-10-002 - Start Extended session [DiagTestPi R12] -> FAIL - Unexpected response
2026-08-19 12:20:36,458 [DEBUG] Stopping CanStack
2026-08-19 12:20:36,460 [DEBUG] Main thread is exiting
2026-08-19 12:20:36,504 [DEBUG] CanStack Stopped
2026-08-19 12:20:36,505 [INFO] Connection closed
2026-08-19 12:20:36,506 [INFO] Running Test Case: TC_ID-28-692
2026-08-19 12:20:36,506 [DEBUG] Stopping CanStack
2026-08-19 12:20:36,507 [DEBUG] CanStack Stopped
2026-08-19 12:20:36,507 [INFO] Connection closed
2026-08-19 12:20:36,508 [DEBUG] Closing raw can socket
2026-08-19 12:20:36,508 [DEBUG] Closing raw can socket
2026-08-19 12:20:36,512 [DEBUG] can config: {'fd': True, 'can_filters': [{'can_id': 1822, 'can_mask': 2047, 'extended': False}], 'interface': 'socketcan', 'channel': 'can0'}
2026-08-19 12:20:36,513 [INFO] Created a socket
2026-08-19 12:20:36,513 [DEBUG] Binding socket to channel=can0
2026-08-19 12:20:36,514 [DEBUG] Bound socket.
2026-08-19 12:20:36,517 [DEBUG] can config: {'fd': True, 'can_filters': [{'can_id': 1822, 'can_mask': 2047, 'extended': False}], 'interface': 'socketcan', 'channel': 'can0'}
2026-08-19 12:20:36,518 [INFO] Created a socket
2026-08-19 12:20:36,519 [DEBUG] Binding socket to channel=can0
2026-08-19 12:20:36,520 [DEBUG] Bound socket.
2026-08-19 12:20:36,524 [DEBUG] Given rxfn is considered blocking
2026-08-19 12:20:36,528 [DEBUG] Starting CanStack
2026-08-19 12:20:36,533 [DEBUG] Main thread has started
2026-08-19 12:20:36,537 [DEBUG] Relay thread has started
2026-08-19 12:20:36,541 [INFO] Connection opened
2026-08-19 12:20:36,542 [INFO] Switched to functional mode for TC: TC_ID-28-692 Step: PreCondition: PC_ID-10-002  Testcase:DisableRxAndDisableTx Extended session(28 03) [DiagTestPi R02]
2026-08-19 12:20:36,543 [INFO] TC_ID-28-692 - PreCondition: PC_ID-10-002  Testcase:DisableRxAndDisableTx Extended session(28 03) [DiagTestPi R02]: SID=0x28, Sub=0x03, Expected=[2, 104, 3, 170, 170, 170, 170, 170]
2026-08-19 12:20:36,609 [INFO] TC_ID-28-692 - PreCondition: PC_ID-10-002  Testcase:DisableRxAndDisableTx Extended session(28 03) [DiagTestPi R02]: Sending raw request 280303
2026-08-19 12:20:36,610 [INFO] TC_ID-28-692 - PreCondition: PC_ID-10-002  Testcase:DisableRxAndDisableTx Extended session(28 03) [DiagTestPi R02]: Sending request 280303
2026-08-19 12:20:36,610 [DEBUG] Sending 3 bytes : [280303]
2026-08-19 12:20:36,611 [DEBUG] Enqueuing a SendRequest for 3 bytes and TAT=Physical
2026-08-19 12:20:36,613 [DEBUG] Tx: <7DF> (08) [ ]	 0328030300000000
2026-08-19 12:20:36,613 [DEBUG] We've been asked to write a message to the bus
2026-08-19 12:20:36,614 [DEBUG] sending: Timestamp:        0.000000    ID:      7df    S Rx     F BS       DL:  8    03 28 03 03 00 00 00 00
2026-08-19 12:20:36,640 [INFO] Test end time: .6f(TC: TC_ID-28-692, step: PreCondition: PC_ID-10-002  Testcase:DisableRxAndDisableTx Extended session(28 03) [DiagTestPi R02])
2026-08-19 12:20:36,644 [DEBUG] Rx: <71E> (08) [p]	 026803aaaaaaaaaa
2026-08-19 12:20:36,645 [DEBUG] Stopping CanStack
2026-08-19 12:20:36,647 [DEBUG] Main thread is exiting
2026-08-19 12:20:36,690 [DEBUG] CanStack Stopped
2026-08-19 12:20:36,691 [INFO] Connection closed
2026-08-19 12:20:36,692 [INFO] Running Test Case: PC_ID-10-002
2026-08-19 12:20:36,693 [DEBUG] Stopping CanStack
2026-08-19 12:20:36,694 [DEBUG] CanStack Stopped
2026-08-19 12:20:36,694 [INFO] Connection closed
2026-08-19 12:20:36,695 [DEBUG] Closing raw can socket
2026-08-19 12:20:36,696 [DEBUG] Closing raw can socket
2026-08-19 12:20:36,701 [DEBUG] can config: {'fd': True, 'can_filters': [{'can_id': 1822, 'can_mask': 2047, 'extended': False}], 'interface': 'socketcan', 'channel': 'can0'}
2026-08-19 12:20:36,703 [INFO] Created a socket
2026-08-19 12:20:36,704 [DEBUG] Binding socket to channel=can0
2026-08-19 12:20:36,705 [DEBUG] Bound socket.
2026-08-19 12:20:36,717 [DEBUG] can config: {'fd': True, 'can_filters': [{'can_id': 1822, 'can_mask': 2047, 'extended': False}], 'interface': 'socketcan', 'channel': 'can0'}
2026-08-19 12:20:36,718 [INFO] Created a socket
2026-08-19 12:20:36,719 [DEBUG] Binding socket to channel=can0
2026-08-19 12:20:36,720 [DEBUG] Bound socket.
2026-08-19 12:20:36,724 [DEBUG] Given rxfn is considered blocking
2026-08-19 12:20:36,727 [DEBUG] Starting CanStack
2026-08-19 12:20:36,729 [DEBUG] Main thread has started
2026-08-19 12:20:36,731 [DEBUG] Relay thread has started
2026-08-19 12:20:36,732 [INFO] Connection opened
2026-08-19 12:20:36,733 [INFO] Switched to physical mode for TC: PC_ID-10-002 Step: Start Extended session [DiagTestPi R12]
2026-08-19 12:20:36,734 [INFO] PC_ID-10-002 - Start Extended session [DiagTestPi R12]: SID=0x10, Sub=0x03, Expected=[6, 80, 3, 0, 50, 1, 244, 170]
2026-08-19 12:20:36,792 [INFO] PC_ID-10-002 - Start Extended session [DiagTestPi R12]: Sending 1003
2026-08-19 12:20:36,843 [INFO] PC_ID-10-002 - Start Extended session [DiagTestPi R12]: Sending request 1003
2026-08-19 12:20:36,845 [DEBUG] Sending 2 bytes : [1003]
2026-08-19 12:20:36,846 [DEBUG] Enqueuing a SendRequest for 2 bytes and TAT=Physical
2026-08-19 12:20:36,848 [DEBUG] Tx: <716> (08) [ ]	 0210030000000000
2026-08-19 12:20:36,849 [DEBUG] We've been asked to write a message to the bus
2026-08-19 12:20:36,849 [DEBUG] sending: Timestamp:        0.000000    ID:      716    S Rx     F BS       DL:  8    02 10 03 00 00 00 00 00
2026-08-19 12:20:36,870 [INFO] Test end time: .6f(TC: PC_ID-10-002, step: Start Extended session [DiagTestPi R12])
2026-08-19 12:20:36,874 [DEBUG] Rx: <71E> (08) [p]	 065003003201f4aa
2026-08-19 12:20:36,875 [INFO] PC_ID-10-002 - Received: 5003003201F4
2026-08-19 12:20:36,876 [WARNING] PC_ID-10-002 - Start Extended session [DiagTestPi R12] -> FAIL - Unexpected response
2026-08-19 12:20:36,877 [DEBUG] Stopping CanStack
2026-08-19 12:20:36,879 [DEBUG] Main thread is exiting
2026-08-19 12:20:36,924 [DEBUG] CanStack Stopped
2026-08-19 12:20:36,925 [INFO] Connection closed
2026-08-19 12:20:36,926 [INFO] Running Test Case: TC_ID-28-720
2026-08-19 12:20:36,926 [DEBUG] Stopping CanStack
2026-08-19 12:20:36,927 [DEBUG] CanStack Stopped
2026-08-19 12:20:36,927 [INFO] Connection closed
2026-08-19 12:20:36,928 [DEBUG] Closing raw can socket
2026-08-19 12:20:36,928 [DEBUG] Closing raw can socket
2026-08-19 12:20:36,932 [DEBUG] can config: {'fd': True, 'can_filters': [{'can_id': 1822, 'can_mask': 2047, 'extended': False}], 'interface': 'socketcan', 'channel': 'can0'}
2026-08-19 12:20:36,933 [INFO] Created a socket
2026-08-19 12:20:36,933 [DEBUG] Binding socket to channel=can0
2026-08-19 12:20:36,934 [DEBUG] Bound socket.
2026-08-19 12:20:36,938 [DEBUG] can config: {'fd': True, 'can_filters': [{'can_id': 1822, 'can_mask': 2047, 'extended': False}], 'interface': 'socketcan', 'channel': 'can0'}
2026-08-19 12:20:36,940 [INFO] Created a socket
2026-08-19 12:20:36,941 [DEBUG] Binding socket to channel=can0
2026-08-19 12:20:36,942 [DEBUG] Bound socket.
2026-08-19 12:20:36,948 [DEBUG] Given rxfn is considered blocking
2026-08-19 12:20:36,955 [DEBUG] Starting CanStack
2026-08-19 12:20:36,958 [DEBUG] Main thread has started
2026-08-19 12:20:36,959 [DEBUG] Relay thread has started
2026-08-19 12:20:36,961 [INFO] Connection opened
2026-08-19 12:20:36,962 [INFO] Switched to functional mode for TC: TC_ID-28-720 Step: PreCondition: PC_ID-10-002  Testcase:Incorrect message length(28 01 01 01) [DiagTestPi R02]
2026-08-19 12:20:36,962 [INFO] TC_ID-28-720 - PreCondition: PC_ID-10-002  Testcase:Incorrect message length(28 01 01 01) [DiagTestPi R02]: SID=0x28, Sub=0x01, Expected=[3, 127, 40, 19, 170, 170, 170, 170]
2026-08-19 12:20:37,028 [INFO] TC_ID-28-720 - PreCondition: PC_ID-10-002  Testcase:Incorrect message length(28 01 01 01) [DiagTestPi R02]: Sending raw request 28010101
2026-08-19 12:20:37,029 [INFO] TC_ID-28-720 - PreCondition: PC_ID-10-002  Testcase:Incorrect message length(28 01 01 01) [DiagTestPi R02]: Sending request 28010101
2026-08-19 12:20:37,029 [DEBUG] Sending 4 bytes : [28010101]
2026-08-19 12:20:37,030 [DEBUG] Enqueuing a SendRequest for 4 bytes and TAT=Physical
2026-08-19 12:20:37,031 [DEBUG] Tx: <7DF> (08) [ ]	 0428010101000000
2026-08-19 12:20:37,031 [DEBUG] We've been asked to write a message to the bus
2026-08-19 12:20:37,032 [DEBUG] sending: Timestamp:        0.000000    ID:      7df    S Rx     F BS       DL:  8    04 28 01 01 01 00 00 00
2026-08-19 12:20:37,048 [INFO] Test end time: .6f(TC: TC_ID-28-720, step: PreCondition: PC_ID-10-002  Testcase:Incorrect message length(28 01 01 01) [DiagTestPi R02])
2026-08-19 12:20:37,053 [DEBUG] Rx: <71E> (08) [p]	 037f2813aaaaaaaa
2026-08-19 12:20:37,056 [DEBUG] Stopping CanStack
2026-08-19 12:20:37,061 [DEBUG] Main thread is exiting
2026-08-19 12:20:37,098 [DEBUG] CanStack Stopped
2026-08-19 12:20:37,099 [INFO] Connection closed
2026-08-19 12:20:37,100 [INFO] Running Test Case: PC_ID-10-003
2026-08-19 12:20:37,101 [DEBUG] Stopping CanStack
2026-08-19 12:20:37,102 [DEBUG] CanStack Stopped
2026-08-19 12:20:37,103 [INFO] Connection closed
2026-08-19 12:20:37,104 [DEBUG] Closing raw can socket
2026-08-19 12:20:37,105 [DEBUG] Closing raw can socket
2026-08-19 12:20:37,110 [DEBUG] can config: {'fd': True, 'can_filters': [{'can_id': 1822, 'can_mask': 2047, 'extended': False}], 'interface': 'socketcan', 'channel': 'can0'}
2026-08-19 12:20:37,111 [INFO] Created a socket
2026-08-19 12:20:37,112 [DEBUG] Binding socket to channel=can0
2026-08-19 12:20:37,113 [DEBUG] Bound socket.
2026-08-19 12:20:37,118 [DEBUG] can config: {'fd': True, 'can_filters': [{'can_id': 1822, 'can_mask': 2047, 'extended': False}], 'interface': 'socketcan', 'channel': 'can0'}
2026-08-19 12:20:37,119 [INFO] Created a socket
2026-08-19 12:20:37,120 [DEBUG] Binding socket to channel=can0
2026-08-19 12:20:37,121 [DEBUG] Bound socket.
2026-08-19 12:20:37,128 [DEBUG] Given rxfn is considered blocking
2026-08-19 12:20:37,134 [DEBUG] Starting CanStack
2026-08-19 12:20:37,141 [DEBUG] Main thread has started
2026-08-19 12:20:37,143 [DEBUG] Relay thread has started
2026-08-19 12:20:37,145 [INFO] Connection opened
2026-08-19 12:20:37,146 [INFO] Switched to physical mode for TC: PC_ID-10-003 Step: Start Programming session [DiagTestPi R05]
2026-08-19 12:20:37,147 [INFO] PC_ID-10-003 - Start Programming session [DiagTestPi R05]: SID=0x10, Sub=0x02, Expected=[6, 80, 2, 0, 50, 1, 244, 170]
2026-08-19 12:20:37,204 [INFO] PC_ID-10-003 - Start Programming session [DiagTestPi R05]: Sending 1002
2026-08-19 12:20:37,253 [INFO] PC_ID-10-003 - Start Programming session [DiagTestPi R05]: Sending request 1002
2026-08-19 12:20:37,254 [DEBUG] Sending 2 bytes : [1002]
2026-08-19 12:20:37,254 [DEBUG] Enqueuing a SendRequest for 2 bytes and TAT=Physical
2026-08-19 12:20:37,256 [DEBUG] Tx: <716> (08) [ ]	 0210020000000000
2026-08-19 12:20:37,257 [DEBUG] We've been asked to write a message to the bus
2026-08-19 12:20:37,258 [DEBUG] sending: Timestamp:        0.000000    ID:      716    S Rx     F BS       DL:  8    02 10 02 00 00 00 00 00
2026-08-19 12:20:37,279 [DEBUG] Rx: <71E> (08) [p]	 037f1078aaaaaaaa
2026-08-19 12:20:37,431 [INFO] Test end time: .6f(TC: PC_ID-10-003, step: Start Programming session [DiagTestPi R05])
2026-08-19 12:20:37,432 [DEBUG] Rx: <71E> (08) [p]	 065002003201f4aa
2026-08-19 12:20:37,433 [INFO] PC_ID-10-003 - Received: 5002003201F4
2026-08-19 12:20:37,434 [WARNING] PC_ID-10-003 - Start Programming session [DiagTestPi R05] -> FAIL - Unexpected response
2026-08-19 12:20:37,435 [DEBUG] Stopping CanStack
2026-08-19 12:20:37,436 [DEBUG] Main thread is exiting
2026-08-19 12:20:37,484 [DEBUG] CanStack Stopped
2026-08-19 12:20:37,487 [INFO] Connection closed
2026-08-19 12:20:37,491 [INFO] Running Test Case: TC_ID-28-728
2026-08-19 12:20:37,492 [DEBUG] Stopping CanStack
2026-08-19 12:20:37,493 [DEBUG] CanStack Stopped
2026-08-19 12:20:37,494 [INFO] Connection closed
2026-08-19 12:20:37,494 [DEBUG] Closing raw can socket
2026-08-19 12:20:37,495 [DEBUG] Closing raw can socket
2026-08-19 12:20:37,500 [DEBUG] can config: {'fd': True, 'can_filters': [{'can_id': 1822, 'can_mask': 2047, 'extended': False}], 'interface': 'socketcan', 'channel': 'can0'}
2026-08-19 12:20:37,501 [INFO] Created a socket
2026-08-19 12:20:37,503 [DEBUG] Binding socket to channel=can0
2026-08-19 12:20:37,503 [DEBUG] Bound socket.
2026-08-19 12:20:37,508 [DEBUG] can config: {'fd': True, 'can_filters': [{'can_id': 1822, 'can_mask': 2047, 'extended': False}], 'interface': 'socketcan', 'channel': 'can0'}
2026-08-19 12:20:37,509 [INFO] Created a socket
2026-08-19 12:20:37,510 [DEBUG] Binding socket to channel=can0
2026-08-19 12:20:37,511 [DEBUG] Bound socket.
2026-08-19 12:20:37,516 [DEBUG] Given rxfn is considered blocking
2026-08-19 12:20:37,520 [DEBUG] Starting CanStack
2026-08-19 12:20:37,526 [DEBUG] Main thread has started
2026-08-19 12:20:37,531 [DEBUG] Relay thread has started
2026-08-19 12:20:37,532 [INFO] Connection opened
2026-08-19 12:20:37,533 [INFO] Switched to functional mode for TC: TC_ID-28-728 Step: PreCondition: PC_ID-10-003  Testcase:Disable Rx and Tx(28 00 ) [DiagTestPi R02]
2026-08-19 12:20:37,533 [INFO] TC_ID-28-728 - PreCondition: PC_ID-10-003  Testcase:Disable Rx and Tx(28 00 ) [DiagTestPi R02]: SID=0x28, Sub=0x00, Expected=[2, 104, 0, 170, 170, 170, 170, 170]
2026-08-19 12:20:37,596 [INFO] TC_ID-28-728 - PreCondition: PC_ID-10-003  Testcase:Disable Rx and Tx(28 00 ) [DiagTestPi R02]: Sending raw request 280001
2026-08-19 12:20:37,597 [INFO] TC_ID-28-728 - PreCondition: PC_ID-10-003  Testcase:Disable Rx and Tx(28 00 ) [DiagTestPi R02]: Sending request 280001
2026-08-19 12:20:37,597 [DEBUG] Sending 3 bytes : [280001]
2026-08-19 12:20:37,598 [DEBUG] Enqueuing a SendRequest for 3 bytes and TAT=Physical
2026-08-19 12:20:37,599 [DEBUG] Tx: <7DF> (08) [ ]	 0328000100000000
2026-08-19 12:20:37,600 [DEBUG] We've been asked to write a message to the bus
2026-08-19 12:20:37,600 [DEBUG] sending: Timestamp:        0.000000    ID:      7df    S Rx     F BS       DL:  8    03 28 00 01 00 00 00 00
2026-08-19 12:20:37,602 [INFO] Test end time: .6f(TC: TC_ID-28-728, step: PreCondition: PC_ID-10-003  Testcase:Disable Rx and Tx(28 00 ) [DiagTestPi R02])
2026-08-19 12:20:37,604 [DEBUG] Stopping CanStack
2026-08-19 12:20:37,605 [DEBUG] Rx: <71E> (08) [p]	 026800aaaaaaaaaa
2026-08-19 12:20:37,609 [DEBUG] Main thread is exiting
2026-08-19 12:20:37,656 [DEBUG] CanStack Stopped
2026-08-19 12:20:37,660 [INFO] Connection closed
2026-08-19 12:20:37,661 [INFO] Running Test Case: PC_ID-10-003
2026-08-19 12:20:37,662 [DEBUG] Stopping CanStack
2026-08-19 12:20:37,662 [DEBUG] CanStack Stopped
2026-08-19 12:20:37,663 [INFO] Connection closed
2026-08-19 12:20:37,664 [DEBUG] Closing raw can socket
2026-08-19 12:20:37,664 [DEBUG] Closing raw can socket
2026-08-19 12:20:37,669 [DEBUG] can config: {'fd': True, 'can_filters': [{'can_id': 1822, 'can_mask': 2047, 'extended': False}], 'interface': 'socketcan', 'channel': 'can0'}
2026-08-19 12:20:37,671 [INFO] Created a socket
2026-08-19 12:20:37,672 [DEBUG] Binding socket to channel=can0
2026-08-19 12:20:37,673 [DEBUG] Bound socket.
2026-08-19 12:20:37,677 [DEBUG] can config: {'fd': True, 'can_filters': [{'can_id': 1822, 'can_mask': 2047, 'extended': False}], 'interface': 'socketcan', 'channel': 'can0'}
2026-08-19 12:20:37,678 [INFO] Created a socket
2026-08-19 12:20:37,679 [DEBUG] Binding socket to channel=can0
2026-08-19 12:20:37,681 [DEBUG] Bound socket.
2026-08-19 12:20:37,685 [DEBUG] Given rxfn is considered blocking
2026-08-19 12:20:37,689 [DEBUG] Starting CanStack
2026-08-19 12:20:37,695 [DEBUG] Main thread has started
2026-08-19 12:20:37,699 [DEBUG] Relay thread has started
2026-08-19 12:20:37,700 [INFO] Connection opened
2026-08-19 12:20:37,701 [INFO] Switched to physical mode for TC: PC_ID-10-003 Step: Start Programming session [DiagTestPi R05]
2026-08-19 12:20:37,702 [INFO] PC_ID-10-003 - Start Programming session [DiagTestPi R05]: SID=0x10, Sub=0x02, Expected=[6, 80, 2, 0, 50, 1, 244, 170]
2026-08-19 12:20:37,760 [INFO] PC_ID-10-003 - Start Programming session [DiagTestPi R05]: Sending 1002
2026-08-19 12:20:37,809 [INFO] PC_ID-10-003 - Start Programming session [DiagTestPi R05]: Sending request 1002
2026-08-19 12:20:37,810 [DEBUG] Sending 2 bytes : [1002]
2026-08-19 12:20:37,811 [DEBUG] Enqueuing a SendRequest for 2 bytes and TAT=Physical
2026-08-19 12:20:37,812 [DEBUG] Tx: <716> (08) [ ]	 0210020000000000
2026-08-19 12:20:37,812 [DEBUG] We've been asked to write a message to the bus
2026-08-19 12:20:37,813 [DEBUG] sending: Timestamp:        0.000000    ID:      716    S Rx     F BS       DL:  8    02 10 02 00 00 00 00 00
2026-08-19 12:20:37,815 [INFO] Test end time: .6f(TC: PC_ID-10-003, step: Start Programming session [DiagTestPi R05])
2026-08-19 12:20:37,817 [DEBUG] Rx: <71E> (08) [p]	 065002003201f4aa
2026-08-19 12:20:37,817 [INFO] PC_ID-10-003 - Received: 5002003201F4
2026-08-19 12:20:37,818 [WARNING] PC_ID-10-003 - Start Programming session [DiagTestPi R05] -> FAIL - Unexpected response
2026-08-19 12:20:37,819 [DEBUG] Stopping CanStack
2026-08-19 12:20:37,820 [DEBUG] Main thread is exiting
2026-08-19 12:20:37,868 [DEBUG] CanStack Stopped
2026-08-19 12:20:37,871 [INFO] Connection closed
2026-08-19 12:20:37,875 [INFO] Running Test Case: TC_ID-28-729
2026-08-19 12:20:37,877 [DEBUG] Stopping CanStack
2026-08-19 12:20:37,878 [DEBUG] CanStack Stopped
2026-08-19 12:20:37,879 [INFO] Connection closed
2026-08-19 12:20:37,879 [DEBUG] Closing raw can socket
2026-08-19 12:20:37,880 [DEBUG] Closing raw can socket
2026-08-19 12:20:37,885 [DEBUG] can config: {'fd': True, 'can_filters': [{'can_id': 1822, 'can_mask': 2047, 'extended': False}], 'interface': 'socketcan', 'channel': 'can0'}
2026-08-19 12:20:37,887 [INFO] Created a socket
2026-08-19 12:20:37,888 [DEBUG] Binding socket to channel=can0
2026-08-19 12:20:37,889 [DEBUG] Bound socket.
2026-08-19 12:20:37,893 [DEBUG] can config: {'fd': True, 'can_filters': [{'can_id': 1822, 'can_mask': 2047, 'extended': False}], 'interface': 'socketcan', 'channel': 'can0'}
2026-08-19 12:20:37,895 [INFO] Created a socket
2026-08-19 12:20:37,896 [DEBUG] Binding socket to channel=can0
2026-08-19 12:20:37,897 [DEBUG] Bound socket.
2026-08-19 12:20:37,901 [DEBUG] Given rxfn is considered blocking
2026-08-19 12:20:37,905 [DEBUG] Starting CanStack
2026-08-19 12:20:37,911 [DEBUG] Main thread has started
2026-08-19 12:20:37,916 [DEBUG] Relay thread has started
2026-08-19 12:20:37,917 [INFO] Connection opened
2026-08-19 12:20:37,918 [INFO] Switched to functional mode for TC: TC_ID-28-729 Step: PreCondition: PC_ID-10-003  Testcase:Disable Rx and Tx(28 00 ) [DiagTestPi R02]
2026-08-19 12:20:37,918 [INFO] TC_ID-28-729 - PreCondition: PC_ID-10-003  Testcase:Disable Rx and Tx(28 00 ) [DiagTestPi R02]: SID=0x28, Sub=0x00, Expected=[2, 104, 0, 170, 170, 170, 170, 170]
2026-08-19 12:20:37,981 [INFO] TC_ID-28-729 - PreCondition: PC_ID-10-003  Testcase:Disable Rx and Tx(28 00 ) [DiagTestPi R02]: Sending raw request 280002
2026-08-19 12:20:37,982 [INFO] TC_ID-28-729 - PreCondition: PC_ID-10-003  Testcase:Disable Rx and Tx(28 00 ) [DiagTestPi R02]: Sending request 280002
2026-08-19 12:20:37,983 [DEBUG] Sending 3 bytes : [280002]
2026-08-19 12:20:37,984 [DEBUG] Enqueuing a SendRequest for 3 bytes and TAT=Physical
2026-08-19 12:20:37,985 [DEBUG] Tx: <7DF> (08) [ ]	 0328000200000000
2026-08-19 12:20:37,985 [DEBUG] We've been asked to write a message to the bus
2026-08-19 12:20:37,986 [DEBUG] sending: Timestamp:        0.000000    ID:      7df    S Rx     F BS       DL:  8    03 28 00 02 00 00 00 00
2026-08-19 12:20:37,989 [DEBUG] Rx: <71E> (08) [p]	 026800aaaaaaaaaa
2026-08-19 12:20:37,990 [INFO] Test end time: .6f(TC: TC_ID-28-729, step: PreCondition: PC_ID-10-003  Testcase:Disable Rx and Tx(28 00 ) [DiagTestPi R02])
2026-08-19 12:20:37,994 [DEBUG] Stopping CanStack
2026-08-19 12:20:37,995 [DEBUG] Main thread is exiting
2026-08-19 12:20:38,041 [DEBUG] CanStack Stopped
2026-08-19 12:20:38,044 [INFO] Connection closed
2026-08-19 12:20:38,047 [INFO] Running Test Case: PC_ID-10-003
2026-08-19 12:20:38,047 [DEBUG] Stopping CanStack
2026-08-19 12:20:38,049 [DEBUG] CanStack Stopped
2026-08-19 12:20:38,050 [INFO] Connection closed
2026-08-19 12:20:38,051 [DEBUG] Closing raw can socket
2026-08-19 12:20:38,052 [DEBUG] Closing raw can socket
2026-08-19 12:20:38,058 [DEBUG] can config: {'fd': True, 'can_filters': [{'can_id': 1822, 'can_mask': 2047, 'extended': False}], 'interface': 'socketcan', 'channel': 'can0'}
2026-08-19 12:20:38,059 [INFO] Created a socket
2026-08-19 12:20:38,060 [DEBUG] Binding socket to channel=can0
2026-08-19 12:20:38,061 [DEBUG] Bound socket.
2026-08-19 12:20:38,065 [DEBUG] can config: {'fd': True, 'can_filters': [{'can_id': 1822, 'can_mask': 2047, 'extended': False}], 'interface': 'socketcan', 'channel': 'can0'}
2026-08-19 12:20:38,066 [INFO] Created a socket
2026-08-19 12:20:38,067 [DEBUG] Binding socket to channel=can0
2026-08-19 12:20:38,067 [DEBUG] Bound socket.
2026-08-19 12:20:38,072 [DEBUG] Given rxfn is considered blocking
2026-08-19 12:20:38,075 [DEBUG] Starting CanStack
2026-08-19 12:20:38,080 [DEBUG] Main thread has started
2026-08-19 12:20:38,085 [DEBUG] Relay thread has started
2026-08-19 12:20:38,089 [INFO] Connection opened
2026-08-19 12:20:38,090 [INFO] Switched to physical mode for TC: PC_ID-10-003 Step: Start Programming session [DiagTestPi R05]
2026-08-19 12:20:38,090 [INFO] PC_ID-10-003 - Start Programming session [DiagTestPi R05]: SID=0x10, Sub=0x02, Expected=[6, 80, 2, 0, 50, 1, 244, 170]
2026-08-19 12:20:38,149 [INFO] PC_ID-10-003 - Start Programming session [DiagTestPi R05]: Sending 1002
2026-08-19 12:20:38,199 [INFO] PC_ID-10-003 - Start Programming session [DiagTestPi R05]: Sending request 1002
2026-08-19 12:20:38,200 [DEBUG] Sending 2 bytes : [1002]
2026-08-19 12:20:38,200 [DEBUG] Enqueuing a SendRequest for 2 bytes and TAT=Physical
2026-08-19 12:20:38,201 [DEBUG] Tx: <716> (08) [ ]	 0210020000000000
2026-08-19 12:20:38,202 [DEBUG] We've been asked to write a message to the bus
2026-08-19 12:20:38,202 [DEBUG] sending: Timestamp:        0.000000    ID:      716    S Rx     F BS       DL:  8    02 10 02 00 00 00 00 00
2026-08-19 12:20:38,205 [INFO] Test end time: .6f(TC: PC_ID-10-003, step: Start Programming session [DiagTestPi R05])
2026-08-19 12:20:38,206 [DEBUG] Rx: <71E> (08) [p]	 065002003201f4aa
2026-08-19 12:20:38,206 [INFO] PC_ID-10-003 - Received: 5002003201F4
2026-08-19 12:20:38,208 [WARNING] PC_ID-10-003 - Start Programming session [DiagTestPi R05] -> FAIL - Unexpected response
2026-08-19 12:20:38,208 [DEBUG] Stopping CanStack
2026-08-19 12:20:38,209 [DEBUG] Main thread is exiting
2026-08-19 12:20:38,257 [DEBUG] CanStack Stopped
2026-08-19 12:20:38,261 [INFO] Connection closed
2026-08-19 12:20:38,264 [INFO] Running Test Case: TC_ID-28-730
2026-08-19 12:20:38,267 [DEBUG] Stopping CanStack
2026-08-19 12:20:38,268 [DEBUG] CanStack Stopped
2026-08-19 12:20:38,268 [INFO] Connection closed
2026-08-19 12:20:38,269 [DEBUG] Closing raw can socket
2026-08-19 12:20:38,270 [DEBUG] Closing raw can socket
2026-08-19 12:20:38,274 [DEBUG] can config: {'fd': True, 'can_filters': [{'can_id': 1822, 'can_mask': 2047, 'extended': False}], 'interface': 'socketcan', 'channel': 'can0'}
2026-08-19 12:20:38,276 [INFO] Created a socket
2026-08-19 12:20:38,277 [DEBUG] Binding socket to channel=can0
2026-08-19 12:20:38,278 [DEBUG] Bound socket.
2026-08-19 12:20:38,282 [DEBUG] can config: {'fd': True, 'can_filters': [{'can_id': 1822, 'can_mask': 2047, 'extended': False}], 'interface': 'socketcan', 'channel': 'can0'}
2026-08-19 12:20:38,284 [INFO] Created a socket
2026-08-19 12:20:38,285 [DEBUG] Binding socket to channel=can0
2026-08-19 12:20:38,286 [DEBUG] Bound socket.
2026-08-19 12:20:38,290 [DEBUG] Given rxfn is considered blocking
2026-08-19 12:20:38,295 [DEBUG] Starting CanStack
2026-08-19 12:20:38,300 [DEBUG] Main thread has started
2026-08-19 12:20:38,305 [DEBUG] Relay thread has started
2026-08-19 12:20:38,306 [INFO] Connection opened
2026-08-19 12:20:38,307 [INFO] Switched to functional mode for TC: TC_ID-28-730 Step: PreCondition: PC_ID-10-003  Testcase:Disable Rx and Tx(28 00 ) [DiagTestPi R02]
2026-08-19 12:20:38,308 [INFO] TC_ID-28-730 - PreCondition: PC_ID-10-003  Testcase:Disable Rx and Tx(28 00 ) [DiagTestPi R02]: SID=0x28, Sub=0x00, Expected=[2, 104, 0, 170, 170, 170, 170, 170]
2026-08-19 12:20:38,370 [INFO] TC_ID-28-730 - PreCondition: PC_ID-10-003  Testcase:Disable Rx and Tx(28 00 ) [DiagTestPi R02]: Sending raw request 280003
2026-08-19 12:20:38,371 [INFO] TC_ID-28-730 - PreCondition: PC_ID-10-003  Testcase:Disable Rx and Tx(28 00 ) [DiagTestPi R02]: Sending request 280003
2026-08-19 12:20:38,372 [DEBUG] Sending 3 bytes : [280003]
2026-08-19 12:20:38,372 [DEBUG] Enqueuing a SendRequest for 3 bytes and TAT=Physical
2026-08-19 12:20:38,373 [DEBUG] Tx: <7DF> (08) [ ]	 0328000300000000
2026-08-19 12:20:38,374 [DEBUG] We've been asked to write a message to the bus
2026-08-19 12:20:38,375 [DEBUG] sending: Timestamp:        0.000000    ID:      7df    S Rx     F BS       DL:  8    03 28 00 03 00 00 00 00
2026-08-19 12:20:38,377 [INFO] Test end time: .6f(TC: TC_ID-28-730, step: PreCondition: PC_ID-10-003  Testcase:Disable Rx and Tx(28 00 ) [DiagTestPi R02])
2026-08-19 12:20:38,380 [DEBUG] Stopping CanStack
2026-08-19 12:20:38,381 [DEBUG] Rx: <71E> (08) [p]	 026800aaaaaaaaaa
2026-08-19 12:20:38,383 [DEBUG] Main thread is exiting
2026-08-19 12:20:38,432 [DEBUG] CanStack Stopped
2026-08-19 12:20:38,435 [INFO] Connection closed
2026-08-19 12:20:38,436 [INFO] Running Test Case: PC_ID-10-003
2026-08-19 12:20:38,436 [DEBUG] Stopping CanStack
2026-08-19 12:20:38,437 [DEBUG] CanStack Stopped
2026-08-19 12:20:38,438 [INFO] Connection closed
2026-08-19 12:20:38,438 [DEBUG] Closing raw can socket
2026-08-19 12:20:38,439 [DEBUG] Closing raw can socket
2026-08-19 12:20:38,444 [DEBUG] can config: {'fd': True, 'can_filters': [{'can_id': 1822, 'can_mask': 2047, 'extended': False}], 'interface': 'socketcan', 'channel': 'can0'}
2026-08-19 12:20:38,445 [INFO] Created a socket
2026-08-19 12:20:38,446 [DEBUG] Binding socket to channel=can0
2026-08-19 12:20:38,447 [DEBUG] Bound socket.
2026-08-19 12:20:38,451 [DEBUG] can config: {'fd': True, 'can_filters': [{'can_id': 1822, 'can_mask': 2047, 'extended': False}], 'interface': 'socketcan', 'channel': 'can0'}
2026-08-19 12:20:38,453 [INFO] Created a socket
2026-08-19 12:20:38,454 [DEBUG] Binding socket to channel=can0
2026-08-19 12:20:38,455 [DEBUG] Bound socket.
2026-08-19 12:20:38,459 [DEBUG] Given rxfn is considered blocking
2026-08-19 12:20:38,464 [DEBUG] Starting CanStack
2026-08-19 12:20:38,470 [DEBUG] Main thread has started
2026-08-19 12:20:38,474 [DEBUG] Relay thread has started
2026-08-19 12:20:38,475 [INFO] Connection opened
2026-08-19 12:20:38,476 [INFO] Switched to physical mode for TC: PC_ID-10-003 Step: Start Programming session [DiagTestPi R05]
2026-08-19 12:20:38,477 [INFO] PC_ID-10-003 - Start Programming session [DiagTestPi R05]: SID=0x10, Sub=0x02, Expected=[6, 80, 2, 0, 50, 1, 244, 170]
2026-08-19 12:20:38,535 [INFO] PC_ID-10-003 - Start Programming session [DiagTestPi R05]: Sending 1002
2026-08-19 12:20:38,581 [INFO] PC_ID-10-003 - Start Programming session [DiagTestPi R05]: Sending request 1002
2026-08-19 12:20:38,583 [DEBUG] Sending 2 bytes : [1002]
2026-08-19 12:20:38,584 [DEBUG] Enqueuing a SendRequest for 2 bytes and TAT=Physical
2026-08-19 12:20:38,585 [DEBUG] Tx: <716> (08) [ ]	 0210020000000000
2026-08-19 12:20:38,586 [DEBUG] We've been asked to write a message to the bus
2026-08-19 12:20:38,587 [DEBUG] sending: Timestamp:        0.000000    ID:      716    S Rx     F BS       DL:  8    02 10 02 00 00 00 00 00
2026-08-19 12:20:38,592 [DEBUG] Rx: <71E> (08) [p]	 065002003201f4aa
2026-08-19 12:20:38,593 [INFO] Test end time: .6f(TC: PC_ID-10-003, step: Start Programming session [DiagTestPi R05])
2026-08-19 12:20:38,595 [INFO] PC_ID-10-003 - Received: 5002003201F4
2026-08-19 12:20:38,595 [WARNING] PC_ID-10-003 - Start Programming session [DiagTestPi R05] -> FAIL - Unexpected response
2026-08-19 12:20:38,596 [DEBUG] Stopping CanStack
2026-08-19 12:20:38,597 [DEBUG] Main thread is exiting
2026-08-19 12:20:38,643 [DEBUG] CanStack Stopped
2026-08-19 12:20:38,647 [INFO] Connection closed
2026-08-19 12:20:38,650 [INFO] Running Test Case: TC_ID-28-731
2026-08-19 12:20:38,653 [DEBUG] Stopping CanStack
2026-08-19 12:20:38,655 [DEBUG] CanStack Stopped
2026-08-19 12:20:38,655 [INFO] Connection closed
2026-08-19 12:20:38,656 [DEBUG] Closing raw can socket
2026-08-19 12:20:38,657 [DEBUG] Closing raw can socket
2026-08-19 12:20:38,661 [DEBUG] can config: {'fd': True, 'can_filters': [{'can_id': 1822, 'can_mask': 2047, 'extended': False}], 'interface': 'socketcan', 'channel': 'can0'}
2026-08-19 12:20:38,663 [INFO] Created a socket
2026-08-19 12:20:38,664 [DEBUG] Binding socket to channel=can0
2026-08-19 12:20:38,665 [DEBUG] Bound socket.
2026-08-19 12:20:38,670 [DEBUG] can config: {'fd': True, 'can_filters': [{'can_id': 1822, 'can_mask': 2047, 'extended': False}], 'interface': 'socketcan', 'channel': 'can0'}
2026-08-19 12:20:38,671 [INFO] Created a socket
2026-08-19 12:20:38,672 [DEBUG] Binding socket to channel=can0
2026-08-19 12:20:38,673 [DEBUG] Bound socket.
2026-08-19 12:20:38,678 [DEBUG] Given rxfn is considered blocking
2026-08-19 12:20:38,682 [DEBUG] Starting CanStack
2026-08-19 12:20:38,688 [DEBUG] Main thread has started
2026-08-19 12:20:38,692 [DEBUG] Relay thread has started
2026-08-19 12:20:38,693 [INFO] Connection opened
2026-08-19 12:20:38,694 [INFO] Switched to functional mode for TC: TC_ID-28-731 Step: PreCondition: PC_ID-10-003  Testcase:EnableRxAndDisableTx Extended session(28 01) [DiagTestPi R02]
2026-08-19 12:20:38,695 [INFO] TC_ID-28-731 - PreCondition: PC_ID-10-003  Testcase:EnableRxAndDisableTx Extended session(28 01) [DiagTestPi R02]: SID=0x28, Sub=0x01, Expected=[2, 104, 1, 170, 170, 170, 170, 170]
2026-08-19 12:20:38,760 [INFO] TC_ID-28-731 - PreCondition: PC_ID-10-003  Testcase:EnableRxAndDisableTx Extended session(28 01) [DiagTestPi R02]: Sending raw request 280101
2026-08-19 12:20:38,761 [INFO] TC_ID-28-731 - PreCondition: PC_ID-10-003  Testcase:EnableRxAndDisableTx Extended session(28 01) [DiagTestPi R02]: Sending request 280101
2026-08-19 12:20:38,761 [DEBUG] Sending 3 bytes : [280101]
2026-08-19 12:20:38,762 [DEBUG] Enqueuing a SendRequest for 3 bytes and TAT=Physical
2026-08-19 12:20:38,763 [DEBUG] Tx: <7DF> (08) [ ]	 0328010100000000
2026-08-19 12:20:38,765 [DEBUG] We've been asked to write a message to the bus
2026-08-19 12:20:38,766 [DEBUG] sending: Timestamp:        0.000000    ID:      7df    S Rx     F BS       DL:  8    03 28 01 01 00 00 00 00
2026-08-19 12:20:38,771 [INFO] Test end time: .6f(TC: TC_ID-28-731, step: PreCondition: PC_ID-10-003  Testcase:EnableRxAndDisableTx Extended session(28 01) [DiagTestPi R02])
2026-08-19 12:20:38,772 [DEBUG] Rx: <71E> (08) [p]	 026801aaaaaaaaaa
2026-08-19 12:20:38,776 [DEBUG] Stopping CanStack
2026-08-19 12:20:38,784 [DEBUG] Main thread is exiting
2026-08-19 12:20:38,821 [DEBUG] CanStack Stopped
2026-08-19 12:20:38,822 [INFO] Connection closed
2026-08-19 12:20:38,822 [INFO] Running Test Case: PC_ID-10-003
2026-08-19 12:20:38,823 [DEBUG] Stopping CanStack
2026-08-19 12:20:38,824 [DEBUG] CanStack Stopped
2026-08-19 12:20:38,825 [INFO] Connection closed
2026-08-19 12:20:38,826 [DEBUG] Closing raw can socket
2026-08-19 12:20:38,827 [DEBUG] Closing raw can socket
2026-08-19 12:20:38,832 [DEBUG] can config: {'fd': True, 'can_filters': [{'can_id': 1822, 'can_mask': 2047, 'extended': False}], 'interface': 'socketcan', 'channel': 'can0'}
2026-08-19 12:20:38,833 [INFO] Created a socket
2026-08-19 12:20:38,834 [DEBUG] Binding socket to channel=can0
2026-08-19 12:20:38,835 [DEBUG] Bound socket.
2026-08-19 12:20:38,840 [DEBUG] can config: {'fd': True, 'can_filters': [{'can_id': 1822, 'can_mask': 2047, 'extended': False}], 'interface': 'socketcan', 'channel': 'can0'}
2026-08-19 12:20:38,841 [INFO] Created a socket
2026-08-19 12:20:38,842 [DEBUG] Binding socket to channel=can0
2026-08-19 12:20:38,843 [DEBUG] Bound socket.
2026-08-19 12:20:38,850 [DEBUG] Given rxfn is considered blocking
2026-08-19 12:20:38,856 [DEBUG] Starting CanStack
2026-08-19 12:20:38,858 [DEBUG] Main thread has started
2026-08-19 12:20:38,859 [DEBUG] Relay thread has started
2026-08-19 12:20:38,861 [INFO] Connection opened
2026-08-19 12:20:38,862 [INFO] Switched to physical mode for TC: PC_ID-10-003 Step: Start Programming session [DiagTestPi R05]
2026-08-19 12:20:38,862 [INFO] PC_ID-10-003 - Start Programming session [DiagTestPi R05]: SID=0x10, Sub=0x02, Expected=[6, 80, 2, 0, 50, 1, 244, 170]
2026-08-19 12:20:38,921 [INFO] PC_ID-10-003 - Start Programming session [DiagTestPi R05]: Sending 1002
2026-08-19 12:20:38,970 [INFO] PC_ID-10-003 - Start Programming session [DiagTestPi R05]: Sending request 1002
2026-08-19 12:20:38,971 [DEBUG] Sending 2 bytes : [1002]
2026-08-19 12:20:38,972 [DEBUG] Enqueuing a SendRequest for 2 bytes and TAT=Physical
2026-08-19 12:20:38,973 [DEBUG] Tx: <716> (08) [ ]	 0210020000000000
2026-08-19 12:20:38,974 [DEBUG] We've been asked to write a message to the bus
2026-08-19 12:20:38,975 [DEBUG] sending: Timestamp:        0.000000    ID:      716    S Rx     F BS       DL:  8    02 10 02 00 00 00 00 00
2026-08-19 12:20:38,980 [INFO] Test end time: .6f(TC: PC_ID-10-003, step: Start Programming session [DiagTestPi R05])
2026-08-19 12:20:38,983 [INFO] PC_ID-10-003 - Received: 5002003201F4
2026-08-19 12:20:38,985 [DEBUG] Rx: <71E> (08) [p]	 065002003201f4aa
2026-08-19 12:20:38,987 [WARNING] PC_ID-10-003 - Start Programming session [DiagTestPi R05] -> FAIL - Unexpected response
2026-08-19 12:20:38,991 [DEBUG] Stopping CanStack
2026-08-19 12:20:38,996 [DEBUG] Main thread is exiting
2026-08-19 12:20:39,035 [DEBUG] CanStack Stopped
2026-08-19 12:20:39,037 [INFO] Connection closed
2026-08-19 12:20:39,038 [INFO] Running Test Case: TC_ID-28-732
2026-08-19 12:20:39,038 [DEBUG] Stopping CanStack
2026-08-19 12:20:39,039 [DEBUG] CanStack Stopped
2026-08-19 12:20:39,040 [INFO] Connection closed
2026-08-19 12:20:39,040 [DEBUG] Closing raw can socket
2026-08-19 12:20:39,041 [DEBUG] Closing raw can socket
2026-08-19 12:20:39,046 [DEBUG] can config: {'fd': True, 'can_filters': [{'can_id': 1822, 'can_mask': 2047, 'extended': False}], 'interface': 'socketcan', 'channel': 'can0'}
2026-08-19 12:20:39,048 [INFO] Created a socket
2026-08-19 12:20:39,049 [DEBUG] Binding socket to channel=can0
2026-08-19 12:20:39,049 [DEBUG] Bound socket.
2026-08-19 12:20:39,053 [DEBUG] can config: {'fd': True, 'can_filters': [{'can_id': 1822, 'can_mask': 2047, 'extended': False}], 'interface': 'socketcan', 'channel': 'can0'}
2026-08-19 12:20:39,055 [INFO] Created a socket
2026-08-19 12:20:39,056 [DEBUG] Binding socket to channel=can0
2026-08-19 12:20:39,057 [DEBUG] Bound socket.
2026-08-19 12:20:39,062 [DEBUG] Given rxfn is considered blocking
2026-08-19 12:20:39,069 [DEBUG] Starting CanStack
2026-08-19 12:20:39,075 [DEBUG] Main thread has started
2026-08-19 12:20:39,076 [DEBUG] Relay thread has started
2026-08-19 12:20:39,078 [INFO] Connection opened
2026-08-19 12:20:39,079 [INFO] Switched to functional mode for TC: TC_ID-28-732 Step: PreCondition: PC_ID-10-003  Testcase:EnableRxAndDisableTx Extended session(28 01) [DiagTestPi R02]
2026-08-19 12:20:39,080 [INFO] TC_ID-28-732 - PreCondition: PC_ID-10-003  Testcase:EnableRxAndDisableTx Extended session(28 01) [DiagTestPi R02]: SID=0x28, Sub=0x01, Expected=[2, 104, 1, 170, 170, 170, 170, 170]
2026-08-19 12:20:39,156 [INFO] TC_ID-28-732 - PreCondition: PC_ID-10-003  Testcase:EnableRxAndDisableTx Extended session(28 01) [DiagTestPi R02]: Sending raw request 280102
2026-08-19 12:20:39,157 [INFO] TC_ID-28-732 - PreCondition: PC_ID-10-003  Testcase:EnableRxAndDisableTx Extended session(28 01) [DiagTestPi R02]: Sending request 280102
2026-08-19 12:20:39,158 [DEBUG] Sending 3 bytes : [280102]
2026-08-19 12:20:39,158 [DEBUG] Enqueuing a SendRequest for 3 bytes and TAT=Physical
2026-08-19 12:20:39,160 [DEBUG] Tx: <7DF> (08) [ ]	 0328010200000000
2026-08-19 12:20:39,161 [DEBUG] We've been asked to write a message to the bus
2026-08-19 12:20:39,161 [DEBUG] sending: Timestamp:        0.000000    ID:      7df    S Rx     F BS       DL:  8    03 28 01 02 00 00 00 00
2026-08-19 12:20:39,165 [INFO] Test end time: .6f(TC: TC_ID-28-732, step: PreCondition: PC_ID-10-003  Testcase:EnableRxAndDisableTx Extended session(28 01) [DiagTestPi R02])
2026-08-19 12:20:39,168 [DEBUG] Stopping CanStack
2026-08-19 12:20:39,169 [DEBUG] Rx: <71E> (08) [p]	 026801aaaaaaaaaa
2026-08-19 12:20:39,171 [DEBUG] Main thread is exiting
2026-08-19 12:20:39,219 [DEBUG] CanStack Stopped
2026-08-19 12:20:39,221 [INFO] Connection closed
2026-08-19 12:20:39,221 [INFO] Running Test Case: PC_ID-10-003
2026-08-19 12:20:39,222 [DEBUG] Stopping CanStack
2026-08-19 12:20:39,223 [DEBUG] CanStack Stopped
2026-08-19 12:20:39,223 [INFO] Connection closed
2026-08-19 12:20:39,224 [DEBUG] Closing raw can socket
2026-08-19 12:20:39,225 [DEBUG] Closing raw can socket
2026-08-19 12:20:39,229 [DEBUG] can config: {'fd': True, 'can_filters': [{'can_id': 1822, 'can_mask': 2047, 'extended': False}], 'interface': 'socketcan', 'channel': 'can0'}
2026-08-19 12:20:39,231 [INFO] Created a socket
2026-08-19 12:20:39,232 [DEBUG] Binding socket to channel=can0
2026-08-19 12:20:39,233 [DEBUG] Bound socket.
2026-08-19 12:20:39,237 [DEBUG] can config: {'fd': True, 'can_filters': [{'can_id': 1822, 'can_mask': 2047, 'extended': False}], 'interface': 'socketcan', 'channel': 'can0'}
2026-08-19 12:20:39,238 [INFO] Created a socket
2026-08-19 12:20:39,240 [DEBUG] Binding socket to channel=can0
2026-08-19 12:20:39,241 [DEBUG] Bound socket.
2026-08-19 12:20:39,245 [DEBUG] Given rxfn is considered blocking
2026-08-19 12:20:39,249 [DEBUG] Starting CanStack
2026-08-19 12:20:39,255 [DEBUG] Main thread has started
2026-08-19 12:20:39,259 [DEBUG] Relay thread has started
2026-08-19 12:20:39,266 [INFO] Connection opened
2026-08-19 12:20:39,267 [INFO] Switched to physical mode for TC: PC_ID-10-003 Step: Start Programming session [DiagTestPi R05]
2026-08-19 12:20:39,268 [INFO] PC_ID-10-003 - Start Programming session [DiagTestPi R05]: SID=0x10, Sub=0x02, Expected=[6, 80, 2, 0, 50, 1, 244, 170]
2026-08-19 12:20:39,325 [INFO] PC_ID-10-003 - Start Programming session [DiagTestPi R05]: Sending 1002
2026-08-19 12:20:39,375 [INFO] PC_ID-10-003 - Start Programming session [DiagTestPi R05]: Sending request 1002
2026-08-19 12:20:39,376 [DEBUG] Sending 2 bytes : [1002]
2026-08-19 12:20:39,377 [DEBUG] Enqueuing a SendRequest for 2 bytes and TAT=Physical
2026-08-19 12:20:39,378 [DEBUG] Tx: <716> (08) [ ]	 0210020000000000
2026-08-19 12:20:39,378 [DEBUG] We've been asked to write a message to the bus
2026-08-19 12:20:39,379 [DEBUG] sending: Timestamp:        0.000000    ID:      716    S Rx     F BS       DL:  8    02 10 02 00 00 00 00 00
2026-08-19 12:20:39,383 [INFO] Test end time: .6f(TC: PC_ID-10-003, step: Start Programming session [DiagTestPi R05])
2026-08-19 12:20:39,384 [DEBUG] Rx: <71E> (08) [p]	 065002003201f4aa
2026-08-19 12:20:39,386 [INFO] PC_ID-10-003 - Received: 5002003201F4
2026-08-19 12:20:39,388 [WARNING] PC_ID-10-003 - Start Programming session [DiagTestPi R05] -> FAIL - Unexpected response
2026-08-19 12:20:39,389 [DEBUG] Stopping CanStack
2026-08-19 12:20:39,392 [DEBUG] Main thread is exiting
2026-08-19 12:20:39,435 [DEBUG] CanStack Stopped
2026-08-19 12:20:39,437 [INFO] Connection closed
2026-08-19 12:20:39,438 [INFO] Running Test Case: TC_ID-28-733
2026-08-19 12:20:39,438 [DEBUG] Stopping CanStack
2026-08-19 12:20:39,439 [DEBUG] CanStack Stopped
2026-08-19 12:20:39,440 [INFO] Connection closed
2026-08-19 12:20:39,440 [DEBUG] Closing raw can socket
2026-08-19 12:20:39,441 [DEBUG] Closing raw can socket
2026-08-19 12:20:39,446 [DEBUG] can config: {'fd': True, 'can_filters': [{'can_id': 1822, 'can_mask': 2047, 'extended': False}], 'interface': 'socketcan', 'channel': 'can0'}
2026-08-19 12:20:39,448 [INFO] Created a socket
2026-08-19 12:20:39,448 [DEBUG] Binding socket to channel=can0
2026-08-19 12:20:39,449 [DEBUG] Bound socket.
2026-08-19 12:20:39,454 [DEBUG] can config: {'fd': True, 'can_filters': [{'can_id': 1822, 'can_mask': 2047, 'extended': False}], 'interface': 'socketcan', 'channel': 'can0'}
2026-08-19 12:20:39,455 [INFO] Created a socket
2026-08-19 12:20:39,456 [DEBUG] Binding socket to channel=can0
2026-08-19 12:20:39,457 [DEBUG] Bound socket.
2026-08-19 12:20:39,462 [DEBUG] Given rxfn is considered blocking
2026-08-19 12:20:39,469 [DEBUG] Starting CanStack
2026-08-19 12:20:39,474 [DEBUG] Main thread has started
2026-08-19 12:20:39,475 [DEBUG] Relay thread has started
2026-08-19 12:20:39,477 [INFO] Connection opened
2026-08-19 12:20:39,478 [INFO] Switched to functional mode for TC: TC_ID-28-733 Step: PreCondition: PC_ID-10-003  Testcase:EnableRxAndDisableTx Extended session(28 01) [DiagTestPi R02]
2026-08-19 12:20:39,478 [INFO] TC_ID-28-733 - PreCondition: PC_ID-10-003  Testcase:EnableRxAndDisableTx Extended session(28 01) [DiagTestPi R02]: SID=0x28, Sub=0x01, Expected=[2, 104, 1, 170, 170, 170, 170, 170]
2026-08-19 12:20:39,544 [INFO] TC_ID-28-733 - PreCondition: PC_ID-10-003  Testcase:EnableRxAndDisableTx Extended session(28 01) [DiagTestPi R02]: Sending raw request 280103
2026-08-19 12:20:39,545 [INFO] TC_ID-28-733 - PreCondition: PC_ID-10-003  Testcase:EnableRxAndDisableTx Extended session(28 01) [DiagTestPi R02]: Sending request 280103
2026-08-19 12:20:39,545 [DEBUG] Sending 3 bytes : [280103]
2026-08-19 12:20:39,546 [DEBUG] Enqueuing a SendRequest for 3 bytes and TAT=Physical
2026-08-19 12:20:39,547 [DEBUG] Tx: <7DF> (08) [ ]	 0328010300000000
2026-08-19 12:20:39,548 [DEBUG] We've been asked to write a message to the bus
2026-08-19 12:20:39,549 [DEBUG] sending: Timestamp:        0.000000    ID:      7df    S Rx     F BS       DL:  8    03 28 01 03 00 00 00 00
2026-08-19 12:20:39,552 [INFO] Test end time: .6f(TC: TC_ID-28-733, step: PreCondition: PC_ID-10-003  Testcase:EnableRxAndDisableTx Extended session(28 01) [DiagTestPi R02])
2026-08-19 12:20:39,555 [DEBUG] Stopping CanStack
2026-08-19 12:20:39,557 [DEBUG] Rx: <71E> (08) [p]	 026801aaaaaaaaaa
2026-08-19 12:20:39,563 [DEBUG] Main thread is exiting
2026-08-19 12:20:39,606 [DEBUG] CanStack Stopped
2026-08-19 12:20:39,607 [INFO] Connection closed
2026-08-19 12:20:39,607 [INFO] Running Test Case: PC_ID-10-003
2026-08-19 12:20:39,608 [DEBUG] Stopping CanStack
2026-08-19 12:20:39,609 [DEBUG] CanStack Stopped
2026-08-19 12:20:39,610 [INFO] Connection closed
2026-08-19 12:20:39,610 [DEBUG] Closing raw can socket
2026-08-19 12:20:39,611 [DEBUG] Closing raw can socket
2026-08-19 12:20:39,617 [DEBUG] can config: {'fd': True, 'can_filters': [{'can_id': 1822, 'can_mask': 2047, 'extended': False}], 'interface': 'socketcan', 'channel': 'can0'}
2026-08-19 12:20:39,618 [INFO] Created a socket
2026-08-19 12:20:39,619 [DEBUG] Binding socket to channel=can0
2026-08-19 12:20:39,619 [DEBUG] Bound socket.
2026-08-19 12:20:39,624 [DEBUG] can config: {'fd': True, 'can_filters': [{'can_id': 1822, 'can_mask': 2047, 'extended': False}], 'interface': 'socketcan', 'channel': 'can0'}
2026-08-19 12:20:39,626 [INFO] Created a socket
2026-08-19 12:20:39,627 [DEBUG] Binding socket to channel=can0
2026-08-19 12:20:39,628 [DEBUG] Bound socket.
2026-08-19 12:20:39,634 [DEBUG] Given rxfn is considered blocking
2026-08-19 12:20:39,641 [DEBUG] Starting CanStack
2026-08-19 12:20:39,643 [DEBUG] Main thread has started
2026-08-19 12:20:39,644 [DEBUG] Relay thread has started
2026-08-19 12:20:39,646 [INFO] Connection opened
2026-08-19 12:20:39,647 [INFO] Switched to physical mode for TC: PC_ID-10-003 Step: Start Programming session [DiagTestPi R05]
2026-08-19 12:20:39,647 [INFO] PC_ID-10-003 - Start Programming session [DiagTestPi R05]: SID=0x10, Sub=0x02, Expected=[6, 80, 2, 0, 50, 1, 244, 170]
2026-08-19 12:20:39,706 [INFO] PC_ID-10-003 - Start Programming session [DiagTestPi R05]: Sending 1002
2026-08-19 12:20:39,756 [INFO] PC_ID-10-003 - Start Programming session [DiagTestPi R05]: Sending request 1002
2026-08-19 12:20:39,756 [DEBUG] Sending 2 bytes : [1002]
2026-08-19 12:20:39,757 [DEBUG] Enqueuing a SendRequest for 2 bytes and TAT=Physical
2026-08-19 12:20:39,758 [DEBUG] Tx: <716> (08) [ ]	 0210020000000000
2026-08-19 12:20:39,759 [DEBUG] We've been asked to write a message to the bus
2026-08-19 12:20:39,759 [DEBUG] sending: Timestamp:        0.000000    ID:      716    S Rx     F BS       DL:  8    02 10 02 00 00 00 00 00
2026-08-19 12:20:39,762 [INFO] Test end time: .6f(TC: PC_ID-10-003, step: Start Programming session [DiagTestPi R05])
2026-08-19 12:20:39,762 [DEBUG] Rx: <71E> (08) [p]	 065002003201f4aa
2026-08-19 12:20:39,764 [INFO] PC_ID-10-003 - Received: 5002003201F4
2026-08-19 12:20:39,765 [WARNING] PC_ID-10-003 - Start Programming session [DiagTestPi R05] -> FAIL - Unexpected response
2026-08-19 12:20:39,766 [DEBUG] Stopping CanStack
2026-08-19 12:20:39,767 [DEBUG] Main thread is exiting
2026-08-19 12:20:39,814 [DEBUG] CanStack Stopped
2026-08-19 12:20:39,817 [INFO] Connection closed
2026-08-19 12:20:39,822 [INFO] Running Test Case: TC_ID-28-734
2026-08-19 12:20:39,824 [DEBUG] Stopping CanStack
2026-08-19 12:20:39,824 [DEBUG] CanStack Stopped
2026-08-19 12:20:39,825 [INFO] Connection closed
2026-08-19 12:20:39,826 [DEBUG] Closing raw can socket
2026-08-19 12:20:39,826 [DEBUG] Closing raw can socket
2026-08-19 12:20:39,831 [DEBUG] can config: {'fd': True, 'can_filters': [{'can_id': 1822, 'can_mask': 2047, 'extended': False}], 'interface': 'socketcan', 'channel': 'can0'}
2026-08-19 12:20:39,833 [INFO] Created a socket
2026-08-19 12:20:39,834 [DEBUG] Binding socket to channel=can0
2026-08-19 12:20:39,835 [DEBUG] Bound socket.
2026-08-19 12:20:39,839 [DEBUG] can config: {'fd': True, 'can_filters': [{'can_id': 1822, 'can_mask': 2047, 'extended': False}], 'interface': 'socketcan', 'channel': 'can0'}
2026-08-19 12:20:39,840 [INFO] Created a socket
2026-08-19 12:20:39,841 [DEBUG] Binding socket to channel=can0
2026-08-19 12:20:39,842 [DEBUG] Bound socket.
2026-08-19 12:20:39,847 [DEBUG] Given rxfn is considered blocking
2026-08-19 12:20:39,852 [DEBUG] Starting CanStack
2026-08-19 12:20:39,858 [DEBUG] Main thread has started
2026-08-19 12:20:39,861 [DEBUG] Relay thread has started
2026-08-19 12:20:39,862 [INFO] Connection opened
2026-08-19 12:20:39,863 [INFO] Switched to functional mode for TC: TC_ID-28-734 Step: PreCondition: PC_ID-10-003  Testcase:DisableRxAndEnableTx Extended session(28 02) [DiagTestPi R02]
2026-08-19 12:20:39,864 [INFO] TC_ID-28-734 - PreCondition: PC_ID-10-003  Testcase:DisableRxAndEnableTx Extended session(28 02) [DiagTestPi R02]: SID=0x28, Sub=0x02, Expected=[2, 104, 2, 170, 170, 170, 170, 170]
2026-08-19 12:20:39,930 [INFO] TC_ID-28-734 - PreCondition: PC_ID-10-003  Testcase:DisableRxAndEnableTx Extended session(28 02) [DiagTestPi R02]: Sending raw request 280201
2026-08-19 12:20:39,931 [INFO] TC_ID-28-734 - PreCondition: PC_ID-10-003  Testcase:DisableRxAndEnableTx Extended session(28 02) [DiagTestPi R02]: Sending request 280201
2026-08-19 12:20:39,932 [DEBUG] Sending 3 bytes : [280201]
2026-08-19 12:20:39,933 [DEBUG] Enqueuing a SendRequest for 3 bytes and TAT=Physical
2026-08-19 12:20:39,935 [DEBUG] Tx: <7DF> (08) [ ]	 0328020100000000
2026-08-19 12:20:39,936 [DEBUG] We've been asked to write a message to the bus
2026-08-19 12:20:39,937 [DEBUG] sending: Timestamp:        0.000000    ID:      7df    S Rx     F BS       DL:  8    03 28 02 01 00 00 00 00
2026-08-19 12:20:39,941 [INFO] Test end time: .6f(TC: TC_ID-28-734, step: PreCondition: PC_ID-10-003  Testcase:DisableRxAndEnableTx Extended session(28 02) [DiagTestPi R02])
2026-08-19 12:20:39,947 [DEBUG] Stopping CanStack
2026-08-19 12:20:39,950 [DEBUG] Rx: <71E> (08) [p]	 026802aaaaaaaaaa
2026-08-19 12:20:39,955 [DEBUG] Main thread is exiting
2026-08-19 12:20:39,996 [DEBUG] CanStack Stopped
2026-08-19 12:20:39,998 [INFO] Connection closed
2026-08-19 12:20:39,999 [INFO] Running Test Case: PC_ID-10-003
2026-08-19 12:20:40,000 [DEBUG] Stopping CanStack
2026-08-19 12:20:40,001 [DEBUG] CanStack Stopped
2026-08-19 12:20:40,002 [INFO] Connection closed
2026-08-19 12:20:40,003 [DEBUG] Closing raw can socket
2026-08-19 12:20:40,003 [DEBUG] Closing raw can socket
2026-08-19 12:20:40,008 [DEBUG] can config: {'fd': True, 'can_filters': [{'can_id': 1822, 'can_mask': 2047, 'extended': False}], 'interface': 'socketcan', 'channel': 'can0'}
2026-08-19 12:20:40,010 [INFO] Created a socket
2026-08-19 12:20:40,011 [DEBUG] Binding socket to channel=can0
2026-08-19 12:20:40,012 [DEBUG] Bound socket.
2026-08-19 12:20:40,023 [DEBUG] can config: {'fd': True, 'can_filters': [{'can_id': 1822, 'can_mask': 2047, 'extended': False}], 'interface': 'socketcan', 'channel': 'can0'}
2026-08-19 12:20:40,026 [INFO] Created a socket
2026-08-19 12:20:40,027 [DEBUG] Binding socket to channel=can0
2026-08-19 12:20:40,028 [DEBUG] Bound socket.
2026-08-19 12:20:40,032 [DEBUG] Given rxfn is considered blocking
2026-08-19 12:20:40,035 [DEBUG] Starting CanStack
2026-08-19 12:20:40,037 [DEBUG] Main thread has started
2026-08-19 12:20:40,039 [DEBUG] Relay thread has started
2026-08-19 12:20:40,040 [INFO] Connection opened
2026-08-19 12:20:40,041 [INFO] Switched to physical mode for TC: PC_ID-10-003 Step: Start Programming session [DiagTestPi R05]
2026-08-19 12:20:40,042 [INFO] PC_ID-10-003 - Start Programming session [DiagTestPi R05]: SID=0x10, Sub=0x02, Expected=[6, 80, 2, 0, 50, 1, 244, 170]
2026-08-19 12:20:40,100 [INFO] PC_ID-10-003 - Start Programming session [DiagTestPi R05]: Sending 1002
2026-08-19 12:20:40,152 [INFO] PC_ID-10-003 - Start Programming session [DiagTestPi R05]: Sending request 1002
2026-08-19 12:20:40,153 [DEBUG] Sending 2 bytes : [1002]
2026-08-19 12:20:40,155 [DEBUG] Enqueuing a SendRequest for 2 bytes and TAT=Physical
2026-08-19 12:20:40,157 [DEBUG] Tx: <716> (08) [ ]	 0210020000000000
2026-08-19 12:20:40,158 [DEBUG] We've been asked to write a message to the bus
2026-08-19 12:20:40,159 [DEBUG] sending: Timestamp:        0.000000    ID:      716    S Rx     F BS       DL:  8    02 10 02 00 00 00 00 00
2026-08-19 12:20:40,163 [INFO] Test end time: .6f(TC: PC_ID-10-003, step: Start Programming session [DiagTestPi R05])
2026-08-19 12:20:40,165 [INFO] PC_ID-10-003 - Received: 5002003201F4
2026-08-19 12:20:40,166 [DEBUG] Rx: <71E> (08) [p]	 065002003201f4aa
2026-08-19 12:20:40,167 [WARNING] PC_ID-10-003 - Start Programming session [DiagTestPi R05] -> FAIL - Unexpected response
2026-08-19 12:20:40,169 [DEBUG] Stopping CanStack
2026-08-19 12:20:40,171 [DEBUG] Main thread is exiting
2026-08-19 12:20:40,217 [DEBUG] CanStack Stopped
2026-08-19 12:20:40,218 [INFO] Connection closed
2026-08-19 12:20:40,219 [INFO] Running Test Case: TC_ID-28-735
2026-08-19 12:20:40,219 [DEBUG] Stopping CanStack
2026-08-19 12:20:40,220 [DEBUG] CanStack Stopped
2026-08-19 12:20:40,221 [INFO] Connection closed
2026-08-19 12:20:40,222 [DEBUG] Closing raw can socket
2026-08-19 12:20:40,222 [DEBUG] Closing raw can socket
2026-08-19 12:20:40,228 [DEBUG] can config: {'fd': True, 'can_filters': [{'can_id': 1822, 'can_mask': 2047, 'extended': False}], 'interface': 'socketcan', 'channel': 'can0'}
2026-08-19 12:20:40,229 [INFO] Created a socket
2026-08-19 12:20:40,230 [DEBUG] Binding socket to channel=can0
2026-08-19 12:20:40,230 [DEBUG] Bound socket.
2026-08-19 12:20:40,235 [DEBUG] can config: {'fd': True, 'can_filters': [{'can_id': 1822, 'can_mask': 2047, 'extended': False}], 'interface': 'socketcan', 'channel': 'can0'}
2026-08-19 12:20:40,236 [INFO] Created a socket
2026-08-19 12:20:40,238 [DEBUG] Binding socket to channel=can0
2026-08-19 12:20:40,239 [DEBUG] Bound socket.
2026-08-19 12:20:40,243 [DEBUG] Given rxfn is considered blocking
2026-08-19 12:20:40,249 [DEBUG] Starting CanStack
2026-08-19 12:20:40,255 [DEBUG] Main thread has started
2026-08-19 12:20:40,256 [DEBUG] Relay thread has started
2026-08-19 12:20:40,258 [INFO] Connection opened
2026-08-19 12:20:40,259 [INFO] Switched to functional mode for TC: TC_ID-28-735 Step: PreCondition: PC_ID-10-003  Testcase:DisableRxAndEnableTx Extended session(28 02) [DiagTestPi R02]
2026-08-19 12:20:40,259 [INFO] TC_ID-28-735 - PreCondition: PC_ID-10-003  Testcase:DisableRxAndEnableTx Extended session(28 02) [DiagTestPi R02]: SID=0x28, Sub=0x02, Expected=[2, 104, 2, 170, 170, 170, 170, 170]
2026-08-19 12:20:40,325 [INFO] TC_ID-28-735 - PreCondition: PC_ID-10-003  Testcase:DisableRxAndEnableTx Extended session(28 02) [DiagTestPi R02]: Sending raw request 280202
2026-08-19 12:20:40,326 [INFO] TC_ID-28-735 - PreCondition: PC_ID-10-003  Testcase:DisableRxAndEnableTx Extended session(28 02) [DiagTestPi R02]: Sending request 280202
2026-08-19 12:20:40,327 [DEBUG] Sending 3 bytes : [280202]
2026-08-19 12:20:40,327 [DEBUG] Enqueuing a SendRequest for 3 bytes and TAT=Physical
2026-08-19 12:20:40,328 [DEBUG] Tx: <7DF> (08) [ ]	 0328020200000000
2026-08-19 12:20:40,329 [DEBUG] We've been asked to write a message to the bus
2026-08-19 12:20:40,329 [DEBUG] sending: Timestamp:        0.000000    ID:      7df    S Rx     F BS       DL:  8    03 28 02 02 00 00 00 00
2026-08-19 12:20:40,332 [INFO] Test end time: .6f(TC: TC_ID-28-735, step: PreCondition: PC_ID-10-003  Testcase:DisableRxAndEnableTx Extended session(28 02) [DiagTestPi R02])
2026-08-19 12:20:40,333 [DEBUG] Stopping CanStack
2026-08-19 12:20:40,334 [DEBUG] Rx: <71E> (08) [p]	 026802aaaaaaaaaa
2026-08-19 12:20:40,336 [DEBUG] Main thread is exiting
2026-08-19 12:20:40,385 [DEBUG] CanStack Stopped
2026-08-19 12:20:40,388 [INFO] Connection closed
2026-08-19 12:20:40,392 [INFO] Running Test Case: PC_ID-10-003
2026-08-19 12:20:40,393 [DEBUG] Stopping CanStack
2026-08-19 12:20:40,394 [DEBUG] CanStack Stopped
2026-08-19 12:20:40,395 [INFO] Connection closed
2026-08-19 12:20:40,395 [DEBUG] Closing raw can socket
2026-08-19 12:20:40,396 [DEBUG] Closing raw can socket
2026-08-19 12:20:40,401 [DEBUG] can config: {'fd': True, 'can_filters': [{'can_id': 1822, 'can_mask': 2047, 'extended': False}], 'interface': 'socketcan', 'channel': 'can0'}
2026-08-19 12:20:40,402 [INFO] Created a socket
2026-08-19 12:20:40,404 [DEBUG] Binding socket to channel=can0
2026-08-19 12:20:40,405 [DEBUG] Bound socket.
2026-08-19 12:20:40,409 [DEBUG] can config: {'fd': True, 'can_filters': [{'can_id': 1822, 'can_mask': 2047, 'extended': False}], 'interface': 'socketcan', 'channel': 'can0'}
2026-08-19 12:20:40,410 [INFO] Created a socket
2026-08-19 12:20:40,411 [DEBUG] Binding socket to channel=can0
2026-08-19 12:20:40,412 [DEBUG] Bound socket.
2026-08-19 12:20:40,417 [DEBUG] Given rxfn is considered blocking
2026-08-19 12:20:40,420 [DEBUG] Starting CanStack
2026-08-19 12:20:40,426 [DEBUG] Main thread has started
2026-08-19 12:20:40,431 [DEBUG] Relay thread has started
2026-08-19 12:20:40,433 [INFO] Connection opened
2026-08-19 12:20:40,434 [INFO] Switched to physical mode for TC: PC_ID-10-003 Step: Start Programming session [DiagTestPi R05]
2026-08-19 12:20:40,435 [INFO] PC_ID-10-003 - Start Programming session [DiagTestPi R05]: SID=0x10, Sub=0x02, Expected=[6, 80, 2, 0, 50, 1, 244, 170]
2026-08-19 12:20:40,493 [INFO] PC_ID-10-003 - Start Programming session [DiagTestPi R05]: Sending 1002
2026-08-19 12:20:40,543 [INFO] PC_ID-10-003 - Start Programming session [DiagTestPi R05]: Sending request 1002
2026-08-19 12:20:40,543 [DEBUG] Sending 2 bytes : [1002]
2026-08-19 12:20:40,544 [DEBUG] Enqueuing a SendRequest for 2 bytes and TAT=Physical
2026-08-19 12:20:40,545 [DEBUG] Tx: <716> (08) [ ]	 0210020000000000
2026-08-19 12:20:40,546 [DEBUG] We've been asked to write a message to the bus
2026-08-19 12:20:40,546 [DEBUG] sending: Timestamp:        0.000000    ID:      716    S Rx     F BS       DL:  8    02 10 02 00 00 00 00 00
2026-08-19 12:20:40,549 [INFO] Test end time: .6f(TC: PC_ID-10-003, step: Start Programming session [DiagTestPi R05])
2026-08-19 12:20:40,550 [DEBUG] Rx: <71E> (08) [p]	 065002003201f4aa
2026-08-19 12:20:40,551 [INFO] PC_ID-10-003 - Received: 5002003201F4
2026-08-19 12:20:40,552 [WARNING] PC_ID-10-003 - Start Programming session [DiagTestPi R05] -> FAIL - Unexpected response
2026-08-19 12:20:40,552 [DEBUG] Stopping CanStack
2026-08-19 12:20:40,553 [DEBUG] Main thread is exiting
2026-08-19 12:20:40,601 [DEBUG] CanStack Stopped
2026-08-19 12:20:40,603 [INFO] Connection closed
2026-08-19 12:20:40,607 [INFO] Running Test Case: TC_ID-28-736
2026-08-19 12:20:40,610 [DEBUG] Stopping CanStack
2026-08-19 12:20:40,613 [DEBUG] CanStack Stopped
2026-08-19 12:20:40,614 [INFO] Connection closed
2026-08-19 12:20:40,615 [DEBUG] Closing raw can socket
2026-08-19 12:20:40,615 [DEBUG] Closing raw can socket
2026-08-19 12:20:40,620 [DEBUG] can config: {'fd': True, 'can_filters': [{'can_id': 1822, 'can_mask': 2047, 'extended': False}], 'interface': 'socketcan', 'channel': 'can0'}
2026-08-19 12:20:40,622 [INFO] Created a socket
2026-08-19 12:20:40,623 [DEBUG] Binding socket to channel=can0
2026-08-19 12:20:40,624 [DEBUG] Bound socket.
2026-08-19 12:20:40,629 [DEBUG] can config: {'fd': True, 'can_filters': [{'can_id': 1822, 'can_mask': 2047, 'extended': False}], 'interface': 'socketcan', 'channel': 'can0'}
2026-08-19 12:20:40,630 [INFO] Created a socket
2026-08-19 12:20:40,631 [DEBUG] Binding socket to channel=can0
2026-08-19 12:20:40,632 [DEBUG] Bound socket.
2026-08-19 12:20:40,636 [DEBUG] Given rxfn is considered blocking
2026-08-19 12:20:40,641 [DEBUG] Starting CanStack
2026-08-19 12:20:40,648 [DEBUG] Main thread has started
2026-08-19 12:20:40,653 [DEBUG] Relay thread has started
2026-08-19 12:20:40,655 [INFO] Connection opened
2026-08-19 12:20:40,657 [INFO] Switched to functional mode for TC: TC_ID-28-736 Step: PreCondition: PC_ID-10-003  Testcase:DisableRxAndEnableTx Extended session(28 02) [DiagTestPi R02]
2026-08-19 12:20:40,658 [INFO] TC_ID-28-736 - PreCondition: PC_ID-10-003  Testcase:DisableRxAndEnableTx Extended session(28 02) [DiagTestPi R02]: SID=0x28, Sub=0x02, Expected=[2, 104, 2, 170, 170, 170, 170, 170]
2026-08-19 12:20:40,729 [INFO] TC_ID-28-736 - PreCondition: PC_ID-10-003  Testcase:DisableRxAndEnableTx Extended session(28 02) [DiagTestPi R02]: Sending raw request 280203
2026-08-19 12:20:40,730 [INFO] TC_ID-28-736 - PreCondition: PC_ID-10-003  Testcase:DisableRxAndEnableTx Extended session(28 02) [DiagTestPi R02]: Sending request 280203
2026-08-19 12:20:40,730 [DEBUG] Sending 3 bytes : [280203]
2026-08-19 12:20:40,731 [DEBUG] Enqueuing a SendRequest for 3 bytes and TAT=Physical
2026-08-19 12:20:40,732 [DEBUG] Tx: <7DF> (08) [ ]	 0328020300000000
2026-08-19 12:20:40,733 [DEBUG] We've been asked to write a message to the bus
2026-08-19 12:20:40,734 [DEBUG] sending: Timestamp:        0.000000    ID:      7df    S Rx     F BS       DL:  8    03 28 02 03 00 00 00 00
2026-08-19 12:20:40,736 [INFO] Test end time: .6f(TC: TC_ID-28-736, step: PreCondition: PC_ID-10-003  Testcase:DisableRxAndEnableTx Extended session(28 02) [DiagTestPi R02])
2026-08-19 12:20:40,738 [DEBUG] Stopping CanStack
2026-08-19 12:20:40,741 [DEBUG] Rx: <71E> (08) [p]	 026802aaaaaaaaaa
2026-08-19 12:20:40,743 [DEBUG] Main thread is exiting
2026-08-19 12:20:40,790 [DEBUG] CanStack Stopped
2026-08-19 12:20:40,794 [INFO] Connection closed
2026-08-19 12:20:40,799 [INFO] Running Test Case: PC_ID-10-003
2026-08-19 12:20:40,801 [DEBUG] Stopping CanStack
2026-08-19 12:20:40,802 [DEBUG] CanStack Stopped
2026-08-19 12:20:40,803 [INFO] Connection closed
2026-08-19 12:20:40,803 [DEBUG] Closing raw can socket
2026-08-19 12:20:40,804 [DEBUG] Closing raw can socket
2026-08-19 12:20:40,810 [DEBUG] can config: {'fd': True, 'can_filters': [{'can_id': 1822, 'can_mask': 2047, 'extended': False}], 'interface': 'socketcan', 'channel': 'can0'}
2026-08-19 12:20:40,813 [INFO] Created a socket
2026-08-19 12:20:40,815 [DEBUG] Binding socket to channel=can0
2026-08-19 12:20:40,816 [DEBUG] Bound socket.
2026-08-19 12:20:40,821 [DEBUG] can config: {'fd': True, 'can_filters': [{'can_id': 1822, 'can_mask': 2047, 'extended': False}], 'interface': 'socketcan', 'channel': 'can0'}
2026-08-19 12:20:40,822 [INFO] Created a socket
2026-08-19 12:20:40,823 [DEBUG] Binding socket to channel=can0
2026-08-19 12:20:40,824 [DEBUG] Bound socket.
2026-08-19 12:20:40,830 [DEBUG] Given rxfn is considered blocking
2026-08-19 12:20:40,834 [DEBUG] Starting CanStack
2026-08-19 12:20:40,841 [DEBUG] Main thread has started
2026-08-19 12:20:40,846 [DEBUG] Relay thread has started
2026-08-19 12:20:40,848 [INFO] Connection opened
2026-08-19 12:20:40,849 [INFO] Switched to physical mode for TC: PC_ID-10-003 Step: Start Programming session [DiagTestPi R05]
2026-08-19 12:20:40,850 [INFO] PC_ID-10-003 - Start Programming session [DiagTestPi R05]: SID=0x10, Sub=0x02, Expected=[6, 80, 2, 0, 50, 1, 244, 170]
2026-08-19 12:20:40,909 [INFO] PC_ID-10-003 - Start Programming session [DiagTestPi R05]: Sending 1002
2026-08-19 12:20:40,955 [INFO] PC_ID-10-003 - Start Programming session [DiagTestPi R05]: Sending request 1002
2026-08-19 12:20:40,956 [DEBUG] Sending 2 bytes : [1002]
2026-08-19 12:20:40,957 [DEBUG] Enqueuing a SendRequest for 2 bytes and TAT=Physical
2026-08-19 12:20:40,958 [DEBUG] Tx: <716> (08) [ ]	 0210020000000000
2026-08-19 12:20:40,959 [DEBUG] We've been asked to write a message to the bus
2026-08-19 12:20:40,960 [DEBUG] sending: Timestamp:        0.000000    ID:      716    S Rx     F BS       DL:  8    02 10 02 00 00 00 00 00
2026-08-19 12:20:40,965 [INFO] Test end time: .6f(TC: PC_ID-10-003, step: Start Programming session [DiagTestPi R05])
2026-08-19 12:20:40,967 [DEBUG] Rx: <71E> (08) [p]	 065002003201f4aa
2026-08-19 12:20:40,968 [INFO] PC_ID-10-003 - Received: 5002003201F4
2026-08-19 12:20:40,975 [WARNING] PC_ID-10-003 - Start Programming session [DiagTestPi R05] -> FAIL - Unexpected response
2026-08-19 12:20:40,979 [DEBUG] Stopping CanStack
2026-08-19 12:20:40,982 [DEBUG] Main thread is exiting
2026-08-19 12:20:41,018 [DEBUG] CanStack Stopped
2026-08-19 12:20:41,022 [INFO] Connection closed
2026-08-19 12:20:41,024 [INFO] Running Test Case: TC_ID-28-737
2026-08-19 12:20:41,025 [DEBUG] Stopping CanStack
2026-08-19 12:20:41,026 [DEBUG] CanStack Stopped
2026-08-19 12:20:41,026 [INFO] Connection closed
2026-08-19 12:20:41,027 [DEBUG] Closing raw can socket
2026-08-19 12:20:41,028 [DEBUG] Closing raw can socket
2026-08-19 12:20:41,033 [DEBUG] can config: {'fd': True, 'can_filters': [{'can_id': 1822, 'can_mask': 2047, 'extended': False}], 'interface': 'socketcan', 'channel': 'can0'}
2026-08-19 12:20:41,034 [INFO] Created a socket
2026-08-19 12:20:41,035 [DEBUG] Binding socket to channel=can0
2026-08-19 12:20:41,036 [DEBUG] Bound socket.
2026-08-19 12:20:41,040 [DEBUG] can config: {'fd': True, 'can_filters': [{'can_id': 1822, 'can_mask': 2047, 'extended': False}], 'interface': 'socketcan', 'channel': 'can0'}
2026-08-19 12:20:41,042 [INFO] Created a socket
2026-08-19 12:20:41,043 [DEBUG] Binding socket to channel=can0
2026-08-19 12:20:41,044 [DEBUG] Bound socket.
2026-08-19 12:20:41,049 [DEBUG] Given rxfn is considered blocking
2026-08-19 12:20:41,054 [DEBUG] Starting CanStack
2026-08-19 12:20:41,061 [DEBUG] Main thread has started
2026-08-19 12:20:41,062 [DEBUG] Relay thread has started
2026-08-19 12:20:41,064 [INFO] Connection opened
2026-08-19 12:20:41,065 [INFO] Switched to functional mode for TC: TC_ID-28-737 Step: PreCondition: PC_ID-10-003  Testcase:DisableRxAndDisableTx Extended session(28 03) [DiagTestPi R02]
2026-08-19 12:20:41,066 [INFO] TC_ID-28-737 - PreCondition: PC_ID-10-003  Testcase:DisableRxAndDisableTx Extended session(28 03) [DiagTestPi R02]: SID=0x28, Sub=0x03, Expected=[2, 104, 3, 170, 170, 170, 170, 170]
2026-08-19 12:20:41,132 [INFO] TC_ID-28-737 - PreCondition: PC_ID-10-003  Testcase:DisableRxAndDisableTx Extended session(28 03) [DiagTestPi R02]: Sending raw request 280301
2026-08-19 12:20:41,133 [INFO] TC_ID-28-737 - PreCondition: PC_ID-10-003  Testcase:DisableRxAndDisableTx Extended session(28 03) [DiagTestPi R02]: Sending request 280301
2026-08-19 12:20:41,133 [DEBUG] Sending 3 bytes : [280301]
2026-08-19 12:20:41,134 [DEBUG] Enqueuing a SendRequest for 3 bytes and TAT=Physical
2026-08-19 12:20:41,135 [DEBUG] Tx: <7DF> (08) [ ]	 0328030100000000
2026-08-19 12:20:41,136 [DEBUG] We've been asked to write a message to the bus
2026-08-19 12:20:41,136 [DEBUG] sending: Timestamp:        0.000000    ID:      7df    S Rx     F BS       DL:  8    03 28 03 01 00 00 00 00
2026-08-19 12:20:41,139 [INFO] Test end time: .6f(TC: TC_ID-28-737, step: PreCondition: PC_ID-10-003  Testcase:DisableRxAndDisableTx Extended session(28 03) [DiagTestPi R02])
2026-08-19 12:20:41,140 [DEBUG] Rx: <71E> (08) [p]	 026803aaaaaaaaaa
2026-08-19 12:20:41,141 [DEBUG] Stopping CanStack
2026-08-19 12:20:41,143 [DEBUG] Main thread is exiting
2026-08-19 12:20:41,191 [DEBUG] CanStack Stopped
2026-08-19 12:20:41,194 [INFO] Connection closed
2026-08-19 12:20:41,198 [INFO] Running Test Case: PC_ID-10-003
2026-08-19 12:20:41,200 [DEBUG] Stopping CanStack
2026-08-19 12:20:41,201 [DEBUG] CanStack Stopped
2026-08-19 12:20:41,202 [INFO] Connection closed
2026-08-19 12:20:41,203 [DEBUG] Closing raw can socket
2026-08-19 12:20:41,203 [DEBUG] Closing raw can socket
2026-08-19 12:20:41,208 [DEBUG] can config: {'fd': True, 'can_filters': [{'can_id': 1822, 'can_mask': 2047, 'extended': False}], 'interface': 'socketcan', 'channel': 'can0'}
2026-08-19 12:20:41,210 [INFO] Created a socket
2026-08-19 12:20:41,211 [DEBUG] Binding socket to channel=can0
2026-08-19 12:20:41,212 [DEBUG] Bound socket.
2026-08-19 12:20:41,217 [DEBUG] can config: {'fd': True, 'can_filters': [{'can_id': 1822, 'can_mask': 2047, 'extended': False}], 'interface': 'socketcan', 'channel': 'can0'}
2026-08-19 12:20:41,218 [INFO] Created a socket
2026-08-19 12:20:41,219 [DEBUG] Binding socket to channel=can0
2026-08-19 12:20:41,220 [DEBUG] Bound socket.
2026-08-19 12:20:41,225 [DEBUG] Given rxfn is considered blocking
2026-08-19 12:20:41,228 [DEBUG] Starting CanStack
2026-08-19 12:20:41,244 [DEBUG] Main thread has started
2026-08-19 12:20:41,245 [DEBUG] Relay thread has started
2026-08-19 12:20:41,247 [INFO] Connection opened
2026-08-19 12:20:41,247 [INFO] Switched to physical mode for TC: PC_ID-10-003 Step: Start Programming session [DiagTestPi R05]
2026-08-19 12:20:41,248 [INFO] PC_ID-10-003 - Start Programming session [DiagTestPi R05]: SID=0x10, Sub=0x02, Expected=[6, 80, 2, 0, 50, 1, 244, 170]
2026-08-19 12:20:41,307 [INFO] PC_ID-10-003 - Start Programming session [DiagTestPi R05]: Sending 1002
2026-08-19 12:20:41,357 [INFO] PC_ID-10-003 - Start Programming session [DiagTestPi R05]: Sending request 1002
2026-08-19 12:20:41,358 [DEBUG] Sending 2 bytes : [1002]
2026-08-19 12:20:41,359 [DEBUG] Enqueuing a SendRequest for 2 bytes and TAT=Physical
2026-08-19 12:20:41,360 [DEBUG] Tx: <716> (08) [ ]	 0210020000000000
2026-08-19 12:20:41,360 [DEBUG] We've been asked to write a message to the bus
2026-08-19 12:20:41,361 [DEBUG] sending: Timestamp:        0.000000    ID:      716    S Rx     F BS       DL:  8    02 10 02 00 00 00 00 00
2026-08-19 12:20:41,364 [INFO] Test end time: .6f(TC: PC_ID-10-003, step: Start Programming session [DiagTestPi R05])
2026-08-19 12:20:41,366 [INFO] PC_ID-10-003 - Received: 5002003201F4
2026-08-19 12:20:41,369 [DEBUG] Rx: <71E> (08) [p]	 065002003201f4aa
2026-08-19 12:20:41,370 [WARNING] PC_ID-10-003 - Start Programming session [DiagTestPi R05] -> FAIL - Unexpected response
2026-08-19 12:20:41,372 [DEBUG] Stopping CanStack
2026-08-19 12:20:41,374 [DEBUG] Main thread is exiting
2026-08-19 12:20:41,418 [DEBUG] CanStack Stopped
2026-08-19 12:20:41,420 [INFO] Connection closed
2026-08-19 12:20:41,421 [INFO] Running Test Case: TC_ID-28-738
2026-08-19 12:20:41,421 [DEBUG] Stopping CanStack
2026-08-19 12:20:41,422 [DEBUG] CanStack Stopped
2026-08-19 12:20:41,423 [INFO] Connection closed
2026-08-19 12:20:41,423 [DEBUG] Closing raw can socket
2026-08-19 12:20:41,424 [DEBUG] Closing raw can socket
2026-08-19 12:20:41,429 [DEBUG] can config: {'fd': True, 'can_filters': [{'can_id': 1822, 'can_mask': 2047, 'extended': False}], 'interface': 'socketcan', 'channel': 'can0'}
2026-08-19 12:20:41,431 [INFO] Created a socket
2026-08-19 12:20:41,432 [DEBUG] Binding socket to channel=can0
2026-08-19 12:20:41,432 [DEBUG] Bound socket.
2026-08-19 12:20:41,437 [DEBUG] can config: {'fd': True, 'can_filters': [{'can_id': 1822, 'can_mask': 2047, 'extended': False}], 'interface': 'socketcan', 'channel': 'can0'}
2026-08-19 12:20:41,439 [INFO] Created a socket
2026-08-19 12:20:41,440 [DEBUG] Binding socket to channel=can0
2026-08-19 12:20:41,441 [DEBUG] Bound socket.
2026-08-19 12:20:41,446 [DEBUG] Given rxfn is considered blocking
2026-08-19 12:20:41,453 [DEBUG] Starting CanStack
2026-08-19 12:20:41,457 [DEBUG] Main thread has started
2026-08-19 12:20:41,459 [DEBUG] Relay thread has started
2026-08-19 12:20:41,460 [INFO] Connection opened
2026-08-19 12:20:41,461 [INFO] Switched to functional mode for TC: TC_ID-28-738 Step: PreCondition: PC_ID-10-003  Testcase:DisableRxAndDisableTx Extended session(28 03) [DiagTestPi R02]
2026-08-19 12:20:41,462 [INFO] TC_ID-28-738 - PreCondition: PC_ID-10-003  Testcase:DisableRxAndDisableTx Extended session(28 03) [DiagTestPi R02]: SID=0x28, Sub=0x03, Expected=[2, 104, 3, 170, 170, 170, 170, 170]
2026-08-19 12:20:41,529 [INFO] TC_ID-28-738 - PreCondition: PC_ID-10-003  Testcase:DisableRxAndDisableTx Extended session(28 03) [DiagTestPi R02]: Sending raw request 280302
2026-08-19 12:20:41,530 [INFO] TC_ID-28-738 - PreCondition: PC_ID-10-003  Testcase:DisableRxAndDisableTx Extended session(28 03) [DiagTestPi R02]: Sending request 280302
2026-08-19 12:20:41,530 [DEBUG] Sending 3 bytes : [280302]
2026-08-19 12:20:41,532 [DEBUG] Enqueuing a SendRequest for 3 bytes and TAT=Physical
2026-08-19 12:20:41,534 [DEBUG] Tx: <7DF> (08) [ ]	 0328030200000000
2026-08-19 12:20:41,535 [DEBUG] We've been asked to write a message to the bus
2026-08-19 12:20:41,536 [DEBUG] sending: Timestamp:        0.000000    ID:      7df    S Rx     F BS       DL:  8    03 28 03 02 00 00 00 00
2026-08-19 12:20:41,540 [INFO] Test end time: .6f(TC: TC_ID-28-738, step: PreCondition: PC_ID-10-003  Testcase:DisableRxAndDisableTx Extended session(28 03) [DiagTestPi R02])
2026-08-19 12:20:41,548 [DEBUG] Rx: <71E> (08) [p]	 026803aaaaaaaaaa
2026-08-19 12:20:41,552 [DEBUG] Stopping CanStack
2026-08-19 12:20:41,556 [DEBUG] Main thread is exiting
2026-08-19 12:20:41,597 [DEBUG] CanStack Stopped
2026-08-19 12:20:41,607 [INFO] Connection closed
2026-08-19 12:20:41,609 [INFO] Running Test Case: PC_ID-10-003
2026-08-19 12:20:41,610 [DEBUG] Stopping CanStack
2026-08-19 12:20:41,611 [DEBUG] CanStack Stopped
2026-08-19 12:20:41,617 [INFO] Connection closed
2026-08-19 12:20:41,618 [DEBUG] Closing raw can socket
2026-08-19 12:20:41,620 [DEBUG] Closing raw can socket
2026-08-19 12:20:41,628 [DEBUG] can config: {'fd': True, 'can_filters': [{'can_id': 1822, 'can_mask': 2047, 'extended': False}], 'interface': 'socketcan', 'channel': 'can0'}
2026-08-19 12:20:41,632 [INFO] Created a socket
2026-08-19 12:20:41,633 [DEBUG] Binding socket to channel=can0
2026-08-19 12:20:41,634 [DEBUG] Bound socket.
2026-08-19 12:20:41,647 [DEBUG] can config: {'fd': True, 'can_filters': [{'can_id': 1822, 'can_mask': 2047, 'extended': False}], 'interface': 'socketcan', 'channel': 'can0'}
2026-08-19 12:20:41,650 [INFO] Created a socket
2026-08-19 12:20:41,651 [DEBUG] Binding socket to channel=can0
2026-08-19 12:20:41,652 [DEBUG] Bound socket.
2026-08-19 12:20:41,656 [DEBUG] Given rxfn is considered blocking
2026-08-19 12:20:41,659 [DEBUG] Starting CanStack
2026-08-19 12:20:41,661 [DEBUG] Main thread has started
2026-08-19 12:20:41,662 [DEBUG] Relay thread has started
2026-08-19 12:20:41,664 [INFO] Connection opened
2026-08-19 12:20:41,665 [INFO] Switched to physical mode for TC: PC_ID-10-003 Step: Start Programming session [DiagTestPi R05]
2026-08-19 12:20:41,666 [INFO] PC_ID-10-003 - Start Programming session [DiagTestPi R05]: SID=0x10, Sub=0x02, Expected=[6, 80, 2, 0, 50, 1, 244, 170]
2026-08-19 12:20:41,723 [INFO] PC_ID-10-003 - Start Programming session [DiagTestPi R05]: Sending 1002
2026-08-19 12:20:41,775 [INFO] PC_ID-10-003 - Start Programming session [DiagTestPi R05]: Sending request 1002
2026-08-19 12:20:41,776 [DEBUG] Sending 2 bytes : [1002]
2026-08-19 12:20:41,777 [DEBUG] Enqueuing a SendRequest for 2 bytes and TAT=Physical
2026-08-19 12:20:41,779 [DEBUG] Tx: <716> (08) [ ]	 0210020000000000
2026-08-19 12:20:41,780 [DEBUG] We've been asked to write a message to the bus
2026-08-19 12:20:41,781 [DEBUG] sending: Timestamp:        0.000000    ID:      716    S Rx     F BS       DL:  8    02 10 02 00 00 00 00 00
2026-08-19 12:20:41,785 [INFO] Test end time: .6f(TC: PC_ID-10-003, step: Start Programming session [DiagTestPi R05])
2026-08-19 12:20:41,786 [INFO] PC_ID-10-003 - Received: 5002003201F4
2026-08-19 12:20:41,789 [WARNING] PC_ID-10-003 - Start Programming session [DiagTestPi R05] -> FAIL - Unexpected response
2026-08-19 12:20:41,790 [DEBUG] Rx: <71E> (08) [p]	 065002003201f4aa
2026-08-19 12:20:41,791 [DEBUG] Stopping CanStack
2026-08-19 12:20:41,798 [DEBUG] Main thread is exiting
2026-08-19 12:20:41,839 [DEBUG] CanStack Stopped
2026-08-19 12:20:41,840 [INFO] Connection closed
2026-08-19 12:20:41,841 [INFO] Running Test Case: TC_ID-28-739
2026-08-19 12:20:41,841 [DEBUG] Stopping CanStack
2026-08-19 12:20:41,842 [DEBUG] CanStack Stopped
2026-08-19 12:20:41,843 [INFO] Connection closed
2026-08-19 12:20:41,844 [DEBUG] Closing raw can socket
2026-08-19 12:20:41,845 [DEBUG] Closing raw can socket
2026-08-19 12:20:41,850 [DEBUG] can config: {'fd': True, 'can_filters': [{'can_id': 1822, 'can_mask': 2047, 'extended': False}], 'interface': 'socketcan', 'channel': 'can0'}
2026-08-19 12:20:41,851 [INFO] Created a socket
2026-08-19 12:20:41,852 [DEBUG] Binding socket to channel=can0
2026-08-19 12:20:41,853 [DEBUG] Bound socket.
2026-08-19 12:20:41,858 [DEBUG] can config: {'fd': True, 'can_filters': [{'can_id': 1822, 'can_mask': 2047, 'extended': False}], 'interface': 'socketcan', 'channel': 'can0'}
2026-08-19 12:20:41,860 [INFO] Created a socket
2026-08-19 12:20:41,861 [DEBUG] Binding socket to channel=can0
2026-08-19 12:20:41,862 [DEBUG] Bound socket.
2026-08-19 12:20:41,869 [DEBUG] Given rxfn is considered blocking
2026-08-19 12:20:41,875 [DEBUG] Starting CanStack
2026-08-19 12:20:41,877 [DEBUG] Main thread has started
2026-08-19 12:20:41,878 [DEBUG] Relay thread has started
2026-08-19 12:20:41,880 [INFO] Connection opened
2026-08-19 12:20:41,881 [INFO] Switched to functional mode for TC: TC_ID-28-739 Step: PreCondition: PC_ID-10-003  Testcase:DisableRxAndDisableTx Extended session(28 03) [DiagTestPi R02]
2026-08-19 12:20:41,881 [INFO] TC_ID-28-739 - PreCondition: PC_ID-10-003  Testcase:DisableRxAndDisableTx Extended session(28 03) [DiagTestPi R02]: SID=0x28, Sub=0x03, Expected=[2, 104, 3, 170, 170, 170, 170, 170]
2026-08-19 12:20:41,949 [INFO] TC_ID-28-739 - PreCondition: PC_ID-10-003  Testcase:DisableRxAndDisableTx Extended session(28 03) [DiagTestPi R02]: Sending raw request 280303
2026-08-19 12:20:41,949 [INFO] TC_ID-28-739 - PreCondition: PC_ID-10-003  Testcase:DisableRxAndDisableTx Extended session(28 03) [DiagTestPi R02]: Sending request 280303
2026-08-19 12:20:41,950 [DEBUG] Sending 3 bytes : [280303]
2026-08-19 12:20:41,951 [DEBUG] Enqueuing a SendRequest for 3 bytes and TAT=Physical
2026-08-19 12:20:41,952 [DEBUG] Tx: <7DF> (08) [ ]	 0328030300000000
2026-08-19 12:20:41,953 [DEBUG] We've been asked to write a message to the bus
2026-08-19 12:20:41,953 [DEBUG] sending: Timestamp:        0.000000    ID:      7df    S Rx     F BS       DL:  8    03 28 03 03 00 00 00 00
2026-08-19 12:20:41,959 [INFO] Test end time: .6f(TC: TC_ID-28-739, step: PreCondition: PC_ID-10-003  Testcase:DisableRxAndDisableTx Extended session(28 03) [DiagTestPi R02])
2026-08-19 12:20:41,960 [DEBUG] Rx: <71E> (08) [p]	 026803aaaaaaaaaa
2026-08-19 12:20:41,961 [DEBUG] Stopping CanStack
2026-08-19 12:20:41,964 [DEBUG] Main thread is exiting
2026-08-19 12:20:42,008 [DEBUG] CanStack Stopped
2026-08-19 12:20:42,010 [INFO] Connection closed
2026-08-19 12:20:42,011 [INFO] Running Test Case: TC_ID-85-021
2026-08-19 12:20:42,012 [DEBUG] Stopping CanStack
2026-08-19 12:20:42,016 [DEBUG] CanStack Stopped
2026-08-19 12:20:42,019 [INFO] Connection closed
2026-08-19 12:20:42,022 [DEBUG] Closing raw can socket
2026-08-19 12:20:42,024 [DEBUG] Closing raw can socket
2026-08-19 12:20:42,028 [DEBUG] can config: {'fd': True, 'can_filters': [{'can_id': 1822, 'can_mask': 2047, 'extended': False}], 'interface': 'socketcan', 'channel': 'can0'}
2026-08-19 12:20:42,030 [INFO] Created a socket
2026-08-19 12:20:42,031 [DEBUG] Binding socket to channel=can0
2026-08-19 12:20:42,032 [DEBUG] Bound socket.
2026-08-19 12:20:42,037 [DEBUG] can config: {'fd': True, 'can_filters': [{'can_id': 1822, 'can_mask': 2047, 'extended': False}], 'interface': 'socketcan', 'channel': 'can0'}
2026-08-19 12:20:42,038 [INFO] Created a socket
2026-08-19 12:20:42,039 [DEBUG] Binding socket to channel=can0
2026-08-19 12:20:42,040 [DEBUG] Bound socket.
2026-08-19 12:20:42,044 [DEBUG] Given rxfn is considered blocking
2026-08-19 12:20:42,047 [DEBUG] Starting CanStack
2026-08-19 12:20:42,049 [DEBUG] Main thread has started
2026-08-19 12:20:42,051 [DEBUG] Relay thread has started
2026-08-19 12:20:42,058 [INFO] Connection opened
2026-08-19 12:20:42,061 [INFO] Switched to physical mode for TC: TC_ID-85-021 Step: incorrect message length(No sub function) with Default session(85) [DiagTestPi R01]
2026-08-19 12:20:42,063 [INFO] TC_ID-85-021 - incorrect message length(No sub function) with Default session(85) [DiagTestPi R01]: SID=0x85, Sub=, Expected=[3, 127, 133, 19, 170, 170, 170, 170]
2026-08-19 12:20:42,129 [INFO] TC_ID-85-021 - incorrect message length(No sub function) with Default session(85) [DiagTestPi R01]: Sending 85
2026-08-19 12:20:42,130 [INFO] TC_ID-85-021 - incorrect message length(No sub function) with Default session(85) [DiagTestPi R01]: Sending request 85
2026-08-19 12:20:42,131 [DEBUG] Sending 1 bytes : [85]
2026-08-19 12:20:42,131 [DEBUG] Enqueuing a SendRequest for 1 bytes and TAT=Physical
2026-08-19 12:20:42,132 [DEBUG] Tx: <716> (08) [ ]	 0185000000000000
2026-08-19 12:20:42,133 [DEBUG] We've been asked to write a message to the bus
2026-08-19 12:20:42,134 [DEBUG] sending: Timestamp:        0.000000    ID:      716    S Rx     F BS       DL:  8    01 85 00 00 00 00 00 00
2026-08-19 12:20:42,136 [INFO] Test end time: .6f(TC: TC_ID-85-021, step: incorrect message length(No sub function) with Default session(85) [DiagTestPi R01])
2026-08-19 12:20:42,139 [DEBUG] Rx: <71E> (08) [p]	 037f8513aaaaaaaa
2026-08-19 12:20:42,191 [INFO] TC_ID-85-021 - Received: 7F8513
2026-08-19 12:20:42,194 [WARNING] TC_ID-85-021 - incorrect message length(No sub function) with Default session(85) [DiagTestPi R01] -> FAIL - Response mismatch
2026-08-19 12:20:42,195 [DEBUG] Stopping CanStack
2026-08-19 12:20:42,196 [DEBUG] Main thread is exiting
2026-08-19 12:20:42,240 [DEBUG] CanStack Stopped
2026-08-19 12:20:42,241 [INFO] Connection closed
2026-08-19 12:20:42,242 [INFO] Running Test Case: PC_ID-10-001
2026-08-19 12:20:42,243 [DEBUG] Starting CanStack
2026-08-19 12:20:42,244 [DEBUG] Main thread has started
2026-08-19 12:20:42,246 [DEBUG] Relay thread has started
2026-08-19 12:20:42,247 [INFO] Connection opened
2026-08-19 12:20:42,248 [INFO] Switched to physical mode for TC: PC_ID-10-001 Step: Start Default session [DiagTestPi R12]
2026-08-19 12:20:42,249 [INFO] PC_ID-10-001 - Start Default session [DiagTestPi R12]: SID=0x10, Sub=0x01, Expected=[6, 80, 1, 0, 50, 1, 244, 170]
2026-08-19 12:20:42,308 [INFO] PC_ID-10-001 - Start Default session [DiagTestPi R12]: Sending 1001
2026-08-19 12:20:42,354 [INFO] PC_ID-10-001 - Start Default session [DiagTestPi R12]: Sending request 1001
2026-08-19 12:20:42,355 [DEBUG] Sending 2 bytes : [1001]
2026-08-19 12:20:42,356 [DEBUG] Enqueuing a SendRequest for 2 bytes and TAT=Physical
2026-08-19 12:20:42,358 [DEBUG] Tx: <716> (08) [ ]	 0210010000000000
2026-08-19 12:20:42,359 [DEBUG] We've been asked to write a message to the bus
2026-08-19 12:20:42,360 [DEBUG] sending: Timestamp:        0.000000    ID:      716    S Rx     F BS       DL:  8    02 10 01 00 00 00 00 00
2026-08-19 12:20:42,364 [INFO] Test end time: .6f(TC: PC_ID-10-001, step: Start Default session [DiagTestPi R12])
2026-08-19 12:20:42,365 [DEBUG] Rx: <71E> (08) [p]	 065001003201f4aa
2026-08-19 12:20:42,369 [INFO] PC_ID-10-001 - Received: 5001003201F4
2026-08-19 12:20:42,376 [WARNING] PC_ID-10-001 - Start Default session [DiagTestPi R12] -> FAIL - Unexpected response
2026-08-19 12:20:42,378 [DEBUG] Stopping CanStack
2026-08-19 12:20:42,380 [DEBUG] Main thread is exiting
2026-08-19 12:20:42,414 [DEBUG] CanStack Stopped
2026-08-19 12:20:42,416 [INFO] Connection closed
2026-08-19 12:20:42,416 [INFO] Running Test Case: TC_ID-85-022
2026-08-19 12:20:42,417 [DEBUG] Starting CanStack
2026-08-19 12:20:42,419 [DEBUG] Main thread has started
2026-08-19 12:20:42,422 [DEBUG] Relay thread has started
2026-08-19 12:20:42,423 [INFO] Connection opened
2026-08-19 12:20:42,424 [INFO] Switched to physical mode for TC: TC_ID-85-022 Step: PreCondition: PC_ID-10-001  Testcase:DTC setting ON wrong Session(85 01) [DiagTestPi R02]
2026-08-19 12:20:42,425 [INFO] TC_ID-85-022 - PreCondition: PC_ID-10-001  Testcase:DTC setting ON wrong Session(85 01) [DiagTestPi R02]: SID=0x85, Sub=0x01, Expected=[3, 127, 133, 127, 170, 170, 170, 170]
2026-08-19 12:20:42,490 [INFO] TC_ID-85-022 - PreCondition: PC_ID-10-001  Testcase:DTC setting ON wrong Session(85 01) [DiagTestPi R02]: Sending 8501
2026-08-19 12:20:42,491 [INFO] TC_ID-85-022 - PreCondition: PC_ID-10-001  Testcase:DTC setting ON wrong Session(85 01) [DiagTestPi R02]: Sending request 8501
2026-08-19 12:20:42,492 [DEBUG] Sending 2 bytes : [8501]
2026-08-19 12:20:42,493 [DEBUG] Enqueuing a SendRequest for 2 bytes and TAT=Physical
2026-08-19 12:20:42,494 [DEBUG] Tx: <716> (08) [ ]	 0285010000000000
2026-08-19 12:20:42,495 [DEBUG] We've been asked to write a message to the bus
2026-08-19 12:20:42,495 [DEBUG] sending: Timestamp:        0.000000    ID:      716    S Rx     F BS       DL:  8    02 85 01 00 00 00 00 00
2026-08-19 12:20:42,505 [DEBUG] Rx: <71E> (08) [p]	 037f857faaaaaaaa
2026-08-19 12:20:42,506 [INFO] Test end time: .6f(TC: TC_ID-85-022, step: PreCondition: PC_ID-10-001  Testcase:DTC setting ON wrong Session(85 01) [DiagTestPi R02])
2026-08-19 12:20:42,560 [INFO] TC_ID-85-022 - Received: 7F857F
2026-08-19 12:20:42,563 [WARNING] TC_ID-85-022 - PreCondition: PC_ID-10-001  Testcase:DTC setting ON wrong Session(85 01) [DiagTestPi R02] -> FAIL - Response mismatch
2026-08-19 12:20:42,565 [DEBUG] Stopping CanStack
2026-08-19 12:20:42,566 [DEBUG] Main thread is exiting
2026-08-19 12:20:42,606 [DEBUG] CanStack Stopped
2026-08-19 12:20:42,607 [INFO] Connection closed
2026-08-19 12:20:42,608 [INFO] Running Test Case: PC_ID-10-001
2026-08-19 12:20:42,609 [DEBUG] Starting CanStack
2026-08-19 12:20:42,611 [DEBUG] Main thread has started
2026-08-19 12:20:42,613 [DEBUG] Relay thread has started
2026-08-19 12:20:42,615 [INFO] Connection opened
2026-08-19 12:20:42,616 [INFO] Switched to physical mode for TC: PC_ID-10-001 Step: Start Default session [DiagTestPi R12]
2026-08-19 12:20:42,616 [INFO] PC_ID-10-001 - Start Default session [DiagTestPi R12]: SID=0x10, Sub=0x01, Expected=[6, 80, 1, 0, 50, 1, 244, 170]
2026-08-19 12:20:42,673 [INFO] PC_ID-10-001 - Start Default session [DiagTestPi R12]: Sending 1001
2026-08-19 12:20:42,725 [INFO] PC_ID-10-001 - Start Default session [DiagTestPi R12]: Sending request 1001
2026-08-19 12:20:42,726 [DEBUG] Sending 2 bytes : [1001]
2026-08-19 12:20:42,727 [DEBUG] Enqueuing a SendRequest for 2 bytes and TAT=Physical
2026-08-19 12:20:42,729 [DEBUG] Tx: <716> (08) [ ]	 0210010000000000
2026-08-19 12:20:42,730 [DEBUG] We've been asked to write a message to the bus
2026-08-19 12:20:42,730 [DEBUG] sending: Timestamp:        0.000000    ID:      716    S Rx     F BS       DL:  8    02 10 01 00 00 00 00 00
2026-08-19 12:20:42,756 [INFO] Test end time: .6f(TC: PC_ID-10-001, step: Start Default session [DiagTestPi R12])
2026-08-19 12:20:42,758 [INFO] PC_ID-10-001 - Received: 5001003201F4
2026-08-19 12:20:42,760 [DEBUG] Rx: <71E> (08) [p]	 065001003201f4aa
2026-08-19 12:20:42,761 [WARNING] PC_ID-10-001 - Start Default session [DiagTestPi R12] -> FAIL - Unexpected response
2026-08-19 12:20:42,763 [DEBUG] Stopping CanStack
2026-08-19 12:20:42,764 [DEBUG] Main thread is exiting
2026-08-19 12:20:42,809 [DEBUG] CanStack Stopped
2026-08-19 12:20:42,811 [INFO] Connection closed
2026-08-19 12:20:42,812 [INFO] Running Test Case: TC_ID-85-023
2026-08-19 12:20:42,813 [DEBUG] Starting CanStack
2026-08-19 12:20:42,819 [DEBUG] Main thread has started
2026-08-19 12:20:42,823 [DEBUG] Relay thread has started
2026-08-19 12:20:42,826 [INFO] Connection opened
2026-08-19 12:20:42,827 [INFO] Switched to physical mode for TC: TC_ID-85-023 Step: PreCondition: PC_ID-10-001  Testcase:DTC setting OFF wrong Session(85 02) [DiagTestPi R02]
2026-08-19 12:20:42,827 [INFO] TC_ID-85-023 - PreCondition: PC_ID-10-001  Testcase:DTC setting OFF wrong Session(85 02) [DiagTestPi R02]: SID=0x85, Sub=0x02, Expected=[3, 127, 133, 127, 170, 170, 170, 170]
2026-08-19 12:20:42,892 [INFO] TC_ID-85-023 - PreCondition: PC_ID-10-001  Testcase:DTC setting OFF wrong Session(85 02) [DiagTestPi R02]: Sending 8502
2026-08-19 12:20:42,893 [INFO] TC_ID-85-023 - PreCondition: PC_ID-10-001  Testcase:DTC setting OFF wrong Session(85 02) [DiagTestPi R02]: Sending request 8502
2026-08-19 12:20:42,893 [DEBUG] Sending 2 bytes : [8502]
2026-08-19 12:20:42,894 [DEBUG] Enqueuing a SendRequest for 2 bytes and TAT=Physical
2026-08-19 12:20:42,895 [DEBUG] Tx: <716> (08) [ ]	 0285020000000000
2026-08-19 12:20:42,896 [DEBUG] We've been asked to write a message to the bus
2026-08-19 12:20:42,896 [DEBUG] sending: Timestamp:        0.000000    ID:      716    S Rx     F BS       DL:  8    02 85 02 00 00 00 00 00
2026-08-19 12:20:42,905 [INFO] Test end time: .6f(TC: TC_ID-85-023, step: PreCondition: PC_ID-10-001  Testcase:DTC setting OFF wrong Session(85 02) [DiagTestPi R02])
2026-08-19 12:20:42,908 [DEBUG] Rx: <71E> (08) [p]	 037f857faaaaaaaa
2026-08-19 12:20:42,959 [INFO] TC_ID-85-023 - Received: 7F857F
2026-08-19 12:20:42,961 [WARNING] TC_ID-85-023 - PreCondition: PC_ID-10-001  Testcase:DTC setting OFF wrong Session(85 02) [DiagTestPi R02] -> FAIL - Response mismatch
2026-08-19 12:20:42,961 [DEBUG] Stopping CanStack
2026-08-19 12:20:42,962 [DEBUG] Main thread is exiting
2026-08-19 12:20:43,006 [DEBUG] CanStack Stopped
2026-08-19 12:20:43,008 [INFO] Connection closed
2026-08-19 12:20:43,009 [INFO] Running Test Case: PC_ID-10-001
2026-08-19 12:20:43,010 [DEBUG] Starting CanStack
2026-08-19 12:20:43,012 [DEBUG] Main thread has started
2026-08-19 12:20:43,013 [DEBUG] Relay thread has started
2026-08-19 12:20:43,014 [INFO] Connection opened
2026-08-19 12:20:43,015 [INFO] Switched to physical mode for TC: PC_ID-10-001 Step: Start Default session [DiagTestPi R12]
2026-08-19 12:20:43,017 [INFO] PC_ID-10-001 - Start Default session [DiagTestPi R12]: SID=0x10, Sub=0x01, Expected=[6, 80, 1, 0, 50, 1, 244, 170]
2026-08-19 12:20:43,075 [INFO] PC_ID-10-001 - Start Default session [DiagTestPi R12]: Sending 1001
2026-08-19 12:20:43,122 [INFO] PC_ID-10-001 - Start Default session [DiagTestPi R12]: Sending request 1001
2026-08-19 12:20:43,123 [DEBUG] Sending 2 bytes : [1001]
2026-08-19 12:20:43,124 [DEBUG] Enqueuing a SendRequest for 2 bytes and TAT=Physical
2026-08-19 12:20:43,125 [DEBUG] Tx: <716> (08) [ ]	 0210010000000000
2026-08-19 12:20:43,126 [DEBUG] We've been asked to write a message to the bus
2026-08-19 12:20:43,127 [DEBUG] sending: Timestamp:        0.000000    ID:      716    S Rx     F BS       DL:  8    02 10 01 00 00 00 00 00
2026-08-19 12:20:43,149 [INFO] Test end time: .6f(TC: PC_ID-10-001, step: Start Default session [DiagTestPi R12])
2026-08-19 12:20:43,150 [DEBUG] Rx: <71E> (08) [p]	 065001003201f4aa
2026-08-19 12:20:43,151 [INFO] PC_ID-10-001 - Received: 5001003201F4
2026-08-19 12:20:43,153 [WARNING] PC_ID-10-001 - Start Default session [DiagTestPi R12] -> FAIL - Unexpected response
2026-08-19 12:20:43,154 [DEBUG] Stopping CanStack
2026-08-19 12:20:43,156 [DEBUG] Main thread is exiting
2026-08-19 12:20:43,199 [DEBUG] CanStack Stopped
2026-08-19 12:20:43,200 [INFO] Connection closed
2026-08-19 12:20:43,201 [INFO] Running Test Case: TC_ID-85-024
2026-08-19 12:20:43,201 [DEBUG] Starting CanStack
2026-08-19 12:20:43,202 [DEBUG] Main thread has started
2026-08-19 12:20:43,203 [DEBUG] Relay thread has started
2026-08-19 12:20:43,204 [INFO] Connection opened
2026-08-19 12:20:43,205 [INFO] Switched to physical mode for TC: TC_ID-85-024 Step: PreCondition: PC_ID-10-001  Testcase:Service not supported in active session(Default)(85 01) [DiagTestPi R02]
2026-08-19 12:20:43,205 [INFO] TC_ID-85-024 - PreCondition: PC_ID-10-001  Testcase:Service not supported in active session(Default)(85 01) [DiagTestPi R02]: SID=0x85, Sub=0x01, Expected=[3, 127, 133, 127, 170, 170, 170, 170]
2026-08-19 12:20:43,273 [INFO] TC_ID-85-024 - PreCondition: PC_ID-10-001  Testcase:Service not supported in active session(Default)(85 01) [DiagTestPi R02]: Sending 8501
2026-08-19 12:20:43,274 [INFO] TC_ID-85-024 - PreCondition: PC_ID-10-001  Testcase:Service not supported in active session(Default)(85 01) [DiagTestPi R02]: Sending request 8501
2026-08-19 12:20:43,275 [DEBUG] Sending 2 bytes : [8501]
2026-08-19 12:20:43,277 [DEBUG] Enqueuing a SendRequest for 2 bytes and TAT=Physical
2026-08-19 12:20:43,280 [DEBUG] Tx: <716> (08) [ ]	 0285010000000000
2026-08-19 12:20:43,282 [DEBUG] We've been asked to write a message to the bus
2026-08-19 12:20:43,283 [DEBUG] sending: Timestamp:        0.000000    ID:      716    S Rx     F BS       DL:  8    02 85 01 00 00 00 00 00
2026-08-19 12:20:43,297 [INFO] Test end time: .6f(TC: TC_ID-85-024, step: PreCondition: PC_ID-10-001  Testcase:Service not supported in active session(Default)(85 01) [DiagTestPi R02])
2026-08-19 12:20:43,300 [DEBUG] Rx: <71E> (08) [p]	 037f857faaaaaaaa
2026-08-19 12:20:43,352 [INFO] TC_ID-85-024 - Received: 7F857F
2026-08-19 12:20:43,353 [WARNING] TC_ID-85-024 - PreCondition: PC_ID-10-001  Testcase:Service not supported in active session(Default)(85 01) [DiagTestPi R02] -> FAIL - Response mismatch
2026-08-19 12:20:43,354 [DEBUG] Stopping CanStack
2026-08-19 12:20:43,355 [DEBUG] Main thread is exiting
2026-08-19 12:20:43,401 [DEBUG] CanStack Stopped
2026-08-19 12:20:43,402 [INFO] Connection closed
2026-08-19 12:20:43,403 [INFO] Running Test Case: PC_ID-10-001
2026-08-19 12:20:43,404 [DEBUG] Starting CanStack
2026-08-19 12:20:43,405 [DEBUG] Main thread has started
2026-08-19 12:20:43,407 [DEBUG] Relay thread has started
2026-08-19 12:20:43,409 [INFO] Connection opened
2026-08-19 12:20:43,411 [INFO] Switched to physical mode for TC: PC_ID-10-001 Step: Start Default session [DiagTestPi R12]
2026-08-19 12:20:43,411 [INFO] PC_ID-10-001 - Start Default session [DiagTestPi R12]: SID=0x10, Sub=0x01, Expected=[6, 80, 1, 0, 50, 1, 244, 170]
2026-08-19 12:20:43,469 [INFO] PC_ID-10-001 - Start Default session [DiagTestPi R12]: Sending 1001
2026-08-19 12:20:43,521 [INFO] PC_ID-10-001 - Start Default session [DiagTestPi R12]: Sending request 1001
2026-08-19 12:20:43,523 [DEBUG] Sending 2 bytes : [1001]
2026-08-19 12:20:43,524 [DEBUG] Enqueuing a SendRequest for 2 bytes and TAT=Physical
2026-08-19 12:20:43,526 [DEBUG] Tx: <716> (08) [ ]	 0210010000000000
2026-08-19 12:20:43,527 [DEBUG] We've been asked to write a message to the bus
2026-08-19 12:20:43,528 [DEBUG] sending: Timestamp:        0.000000    ID:      716    S Rx     F BS       DL:  8    02 10 01 00 00 00 00 00
2026-08-19 12:20:43,547 [INFO] Test end time: .6f(TC: PC_ID-10-001, step: Start Default session [DiagTestPi R12])
2026-08-19 12:20:43,553 [DEBUG] Rx: <71E> (08) [p]	 065001003201f4aa
2026-08-19 12:20:43,554 [INFO] PC_ID-10-001 - Received: 5001003201F4
2026-08-19 12:20:43,555 [WARNING] PC_ID-10-001 - Start Default session [DiagTestPi R12] -> FAIL - Unexpected response
2026-08-19 12:20:43,556 [DEBUG] Stopping CanStack
2026-08-19 12:20:43,557 [DEBUG] Main thread is exiting
2026-08-19 12:20:43,596 [DEBUG] CanStack Stopped
2026-08-19 12:20:43,598 [INFO] Connection closed
2026-08-19 12:20:43,599 [INFO] Running Test Case: TC_ID-85-025
2026-08-19 12:20:43,600 [DEBUG] Starting CanStack
2026-08-19 12:20:43,601 [DEBUG] Main thread has started
2026-08-19 12:20:43,603 [DEBUG] Relay thread has started
2026-08-19 12:20:43,605 [INFO] Connection opened
2026-08-19 12:20:43,606 [INFO] Switched to physical mode for TC: TC_ID-85-025 Step: PreCondition: PC_ID-10-001  Testcase:Invalid sub function(85 FF) [DiagTestPi R02]
2026-08-19 12:20:43,607 [INFO] TC_ID-85-025 - PreCondition: PC_ID-10-001  Testcase:Invalid sub function(85 FF) [DiagTestPi R02]: SID=0x85, Sub=0xFF, Expected=[3, 127, 133, 127, 170, 170, 170, 170]
2026-08-19 12:20:43,673 [INFO] TC_ID-85-025 - PreCondition: PC_ID-10-001  Testcase:Invalid sub function(85 FF) [DiagTestPi R02]: Sending 85FF
2026-08-19 12:20:43,674 [INFO] TC_ID-85-025 - PreCondition: PC_ID-10-001  Testcase:Invalid sub function(85 FF) [DiagTestPi R02]: Sending request 85FF
2026-08-19 12:20:43,675 [DEBUG] Sending 2 bytes : [85ff]
2026-08-19 12:20:43,676 [DEBUG] Enqueuing a SendRequest for 2 bytes and TAT=Physical
2026-08-19 12:20:43,678 [DEBUG] Tx: <716> (08) [ ]	 0285ff0000000000
2026-08-19 12:20:43,678 [DEBUG] We've been asked to write a message to the bus
2026-08-19 12:20:43,679 [DEBUG] sending: Timestamp:        0.000000    ID:      716    S Rx     F BS       DL:  8    02 85 ff 00 00 00 00 00
2026-08-19 12:20:43,685 [INFO] Test end time: .6f(TC: TC_ID-85-025, step: PreCondition: PC_ID-10-001  Testcase:Invalid sub function(85 FF) [DiagTestPi R02])
2026-08-19 12:20:43,687 [DEBUG] Rx: <71E> (08) [p]	 037f857faaaaaaaa
2026-08-19 12:20:43,739 [INFO] TC_ID-85-025 - Received: 7F857F
2026-08-19 12:20:43,741 [WARNING] TC_ID-85-025 - PreCondition: PC_ID-10-001  Testcase:Invalid sub function(85 FF) [DiagTestPi R02] -> FAIL - Response mismatch
2026-08-19 12:20:43,741 [DEBUG] Stopping CanStack
2026-08-19 12:20:43,743 [DEBUG] Main thread is exiting
2026-08-19 12:20:43,788 [DEBUG] CanStack Stopped
2026-08-19 12:20:43,788 [INFO] Connection closed
2026-08-19 12:20:43,789 [INFO] Running Test Case: PC_ID-10-002
2026-08-19 12:20:43,790 [DEBUG] Starting CanStack
2026-08-19 12:20:43,791 [DEBUG] Main thread has started
2026-08-19 12:20:43,792 [DEBUG] Relay thread has started
2026-08-19 12:20:43,793 [INFO] Connection opened
2026-08-19 12:20:43,794 [INFO] Switched to physical mode for TC: PC_ID-10-002 Step: Start Extended session [DiagTestPi R12]
2026-08-19 12:20:43,794 [INFO] PC_ID-10-002 - Start Extended session [DiagTestPi R12]: SID=0x10, Sub=0x03, Expected=[6, 80, 3, 0, 50, 1, 244, 170]
2026-08-19 12:20:43,850 [INFO] PC_ID-10-002 - Start Extended session [DiagTestPi R12]: Sending 1003
2026-08-19 12:20:43,899 [INFO] PC_ID-10-002 - Start Extended session [DiagTestPi R12]: Sending request 1003
2026-08-19 12:20:43,900 [DEBUG] Sending 2 bytes : [1003]
2026-08-19 12:20:43,901 [DEBUG] Enqueuing a SendRequest for 2 bytes and TAT=Physical
2026-08-19 12:20:43,902 [DEBUG] Tx: <716> (08) [ ]	 0210030000000000
2026-08-19 12:20:43,902 [DEBUG] We've been asked to write a message to the bus
2026-08-19 12:20:43,903 [DEBUG] sending: Timestamp:        0.000000    ID:      716    S Rx     F BS       DL:  8    02 10 03 00 00 00 00 00
2026-08-19 12:20:43,928 [INFO] Test end time: .6f(TC: PC_ID-10-002, step: Start Extended session [DiagTestPi R12])
2026-08-19 12:20:43,932 [DEBUG] Rx: <71E> (08) [p]	 065003003201f4aa
2026-08-19 12:20:43,932 [INFO] PC_ID-10-002 - Received: 5003003201F4
2026-08-19 12:20:43,934 [WARNING] PC_ID-10-002 - Start Extended session [DiagTestPi R12] -> FAIL - Unexpected response
2026-08-19 12:20:43,934 [DEBUG] Stopping CanStack
2026-08-19 12:20:43,936 [DEBUG] Main thread is exiting
2026-08-19 12:20:43,982 [DEBUG] CanStack Stopped
2026-08-19 12:20:43,982 [INFO] Connection closed
2026-08-19 12:20:43,983 [INFO] Running Test Case: TC_ID-85-028
2026-08-19 12:20:43,984 [DEBUG] Starting CanStack
2026-08-19 12:20:43,985 [DEBUG] Main thread has started
2026-08-19 12:20:43,986 [DEBUG] Relay thread has started
2026-08-19 12:20:43,987 [INFO] Connection opened
2026-08-19 12:20:43,987 [INFO] Switched to physical mode for TC: TC_ID-85-028 Step: PreCondition: PC_ID-10-002  Testcase:DTC setting ON Pre-condition extended(85 01) [DiagTestPi R02]
2026-08-19 12:20:43,988 [INFO] TC_ID-85-028 - PreCondition: PC_ID-10-002  Testcase:DTC setting ON Pre-condition extended(85 01) [DiagTestPi R02]: SID=0x85, Sub=0x01, Expected=[2, 197, 1, 170, 170, 170, 170, 170]
2026-08-19 12:20:44,054 [INFO] TC_ID-85-028 - PreCondition: PC_ID-10-002  Testcase:DTC setting ON Pre-condition extended(85 01) [DiagTestPi R02]: Sending 8501
2026-08-19 12:20:44,055 [INFO] TC_ID-85-028 - PreCondition: PC_ID-10-002  Testcase:DTC setting ON Pre-condition extended(85 01) [DiagTestPi R02]: Sending request 8501
2026-08-19 12:20:44,056 [DEBUG] Sending 2 bytes : [8501]
2026-08-19 12:20:44,057 [DEBUG] Enqueuing a SendRequest for 2 bytes and TAT=Physical
2026-08-19 12:20:44,059 [DEBUG] Tx: <716> (08) [ ]	 0285010000000000
2026-08-19 12:20:44,060 [DEBUG] We've been asked to write a message to the bus
2026-08-19 12:20:44,061 [DEBUG] sending: Timestamp:        0.000000    ID:      716    S Rx     F BS       DL:  8    02 85 01 00 00 00 00 00
2026-08-19 12:20:44,077 [INFO] Test end time: .6f(TC: TC_ID-85-028, step: PreCondition: PC_ID-10-002  Testcase:DTC setting ON Pre-condition extended(85 01) [DiagTestPi R02])
2026-08-19 12:20:44,079 [DEBUG] Rx: <71E> (08) [p]	 02c501aaaaaaaaaa
2026-08-19 12:20:44,130 [INFO] TC_ID-85-028 - Received: C501
2026-08-19 12:20:44,132 [WARNING] TC_ID-85-028 - PreCondition: PC_ID-10-002  Testcase:DTC setting ON Pre-condition extended(85 01) [DiagTestPi R02] -> FAIL - Response mismatch
2026-08-19 12:20:44,133 [DEBUG] Stopping CanStack
2026-08-19 12:20:44,133 [DEBUG] Main thread is exiting
2026-08-19 12:20:44,179 [DEBUG] CanStack Stopped
2026-08-19 12:20:44,180 [INFO] Connection closed
2026-08-19 12:20:44,181 [INFO] Running Test Case: PC_ID-10-002
2026-08-19 12:20:44,181 [DEBUG] Starting CanStack
2026-08-19 12:20:44,183 [DEBUG] Main thread has started
2026-08-19 12:20:44,184 [DEBUG] Relay thread has started
2026-08-19 12:20:44,185 [INFO] Connection opened
2026-08-19 12:20:44,185 [INFO] Switched to physical mode for TC: PC_ID-10-002 Step: Start Extended session [DiagTestPi R12]
2026-08-19 12:20:44,186 [INFO] PC_ID-10-002 - Start Extended session [DiagTestPi R12]: SID=0x10, Sub=0x03, Expected=[6, 80, 3, 0, 50, 1, 244, 170]
2026-08-19 12:20:44,242 [INFO] PC_ID-10-002 - Start Extended session [DiagTestPi R12]: Sending 1003
2026-08-19 12:20:44,293 [INFO] PC_ID-10-002 - Start Extended session [DiagTestPi R12]: Sending request 1003
2026-08-19 12:20:44,293 [DEBUG] Sending 2 bytes : [1003]
2026-08-19 12:20:44,294 [DEBUG] Enqueuing a SendRequest for 2 bytes and TAT=Physical
2026-08-19 12:20:44,295 [DEBUG] Tx: <716> (08) [ ]	 0210030000000000
2026-08-19 12:20:44,296 [DEBUG] We've been asked to write a message to the bus
2026-08-19 12:20:44,296 [DEBUG] sending: Timestamp:        0.000000    ID:      716    S Rx     F BS       DL:  8    02 10 03 00 00 00 00 00
2026-08-19 12:20:44,317 [INFO] Test end time: .6f(TC: PC_ID-10-002, step: Start Extended session [DiagTestPi R12])
2026-08-19 12:20:44,322 [DEBUG] Rx: <71E> (08) [p]	 065003003201f4aa
2026-08-19 12:20:44,324 [INFO] PC_ID-10-002 - Received: 5003003201F4
2026-08-19 12:20:44,326 [WARNING] PC_ID-10-002 - Start Extended session [DiagTestPi R12] -> FAIL - Unexpected response
2026-08-19 12:20:44,326 [DEBUG] Stopping CanStack
2026-08-19 12:20:44,328 [DEBUG] Main thread is exiting
2026-08-19 12:20:44,371 [DEBUG] CanStack Stopped
2026-08-19 12:20:44,372 [INFO] Connection closed
2026-08-19 12:20:44,373 [INFO] Running Test Case: TC_ID-85-029
2026-08-19 12:20:44,373 [DEBUG] Starting CanStack
2026-08-19 12:20:44,374 [DEBUG] Main thread has started
2026-08-19 12:20:44,375 [DEBUG] Relay thread has started
2026-08-19 12:20:44,376 [INFO] Connection opened
2026-08-19 12:20:44,377 [INFO] Switched to physical mode for TC: TC_ID-85-029 Step: PreCondition: PC_ID-10-002  Testcase:DTC setting OFF Pre-condition extended(85 02) [DiagTestPi R02]
2026-08-19 12:20:44,377 [INFO] TC_ID-85-029 - PreCondition: PC_ID-10-002  Testcase:DTC setting OFF Pre-condition extended(85 02) [DiagTestPi R02]: SID=0x85, Sub=0x02, Expected=[2, 197, 2, 170, 170, 170, 170, 170]
2026-08-19 12:20:44,442 [INFO] TC_ID-85-029 - PreCondition: PC_ID-10-002  Testcase:DTC setting OFF Pre-condition extended(85 02) [DiagTestPi R02]: Sending 8502
2026-08-19 12:20:44,443 [INFO] TC_ID-85-029 - PreCondition: PC_ID-10-002  Testcase:DTC setting OFF Pre-condition extended(85 02) [DiagTestPi R02]: Sending request 8502
2026-08-19 12:20:44,444 [DEBUG] Sending 2 bytes : [8502]
2026-08-19 12:20:44,445 [DEBUG] Enqueuing a SendRequest for 2 bytes and TAT=Physical
2026-08-19 12:20:44,447 [DEBUG] Tx: <716> (08) [ ]	 0285020000000000
2026-08-19 12:20:44,448 [DEBUG] We've been asked to write a message to the bus
2026-08-19 12:20:44,449 [DEBUG] sending: Timestamp:        0.000000    ID:      716    S Rx     F BS       DL:  8    02 85 02 00 00 00 00 00
2026-08-19 12:20:44,457 [INFO] Test end time: .6f(TC: TC_ID-85-029, step: PreCondition: PC_ID-10-002  Testcase:DTC setting OFF Pre-condition extended(85 02) [DiagTestPi R02])
2026-08-19 12:20:44,462 [DEBUG] Rx: <71E> (08) [p]	 02c502aaaaaaaaaa
2026-08-19 12:20:44,515 [INFO] TC_ID-85-029 - Received: C502
2026-08-19 12:20:44,517 [WARNING] TC_ID-85-029 - PreCondition: PC_ID-10-002  Testcase:DTC setting OFF Pre-condition extended(85 02) [DiagTestPi R02] -> FAIL - Response mismatch
2026-08-19 12:20:44,517 [DEBUG] Stopping CanStack
2026-08-19 12:20:44,518 [DEBUG] Main thread is exiting
2026-08-19 12:20:44,561 [DEBUG] CanStack Stopped
2026-08-19 12:20:44,562 [INFO] Connection closed
2026-08-19 12:20:44,563 [INFO] Running Test Case: PC_ID-10-002
2026-08-19 12:20:44,564 [DEBUG] Starting CanStack
2026-08-19 12:20:44,566 [DEBUG] Main thread has started
2026-08-19 12:20:44,567 [DEBUG] Relay thread has started
2026-08-19 12:20:44,569 [INFO] Connection opened
2026-08-19 12:20:44,570 [INFO] Switched to physical mode for TC: PC_ID-10-002 Step: Start Extended session [DiagTestPi R12]
2026-08-19 12:20:44,571 [INFO] PC_ID-10-002 - Start Extended session [DiagTestPi R12]: SID=0x10, Sub=0x03, Expected=[6, 80, 3, 0, 50, 1, 244, 170]
2026-08-19 12:20:44,630 [INFO] PC_ID-10-002 - Start Extended session [DiagTestPi R12]: Sending 1003
2026-08-19 12:20:44,677 [INFO] PC_ID-10-002 - Start Extended session [DiagTestPi R12]: Sending request 1003
2026-08-19 12:20:44,678 [DEBUG] Sending 2 bytes : [1003]
2026-08-19 12:20:44,678 [DEBUG] Enqueuing a SendRequest for 2 bytes and TAT=Physical
2026-08-19 12:20:44,679 [DEBUG] Tx: <716> (08) [ ]	 0210030000000000
2026-08-19 12:20:44,680 [DEBUG] We've been asked to write a message to the bus
2026-08-19 12:20:44,681 [DEBUG] sending: Timestamp:        0.000000    ID:      716    S Rx     F BS       DL:  8    02 10 03 00 00 00 00 00
2026-08-19 12:20:44,706 [INFO] Test end time: .6f(TC: PC_ID-10-002, step: Start Extended session [DiagTestPi R12])
2026-08-19 12:20:44,707 [DEBUG] Rx: <71E> (08) [p]	 065003003201f4aa
2026-08-19 12:20:44,711 [INFO] PC_ID-10-002 - Received: 5003003201F4
2026-08-19 12:20:44,717 [WARNING] PC_ID-10-002 - Start Extended session [DiagTestPi R12] -> FAIL - Unexpected response
2026-08-19 12:20:44,720 [DEBUG] Stopping CanStack
2026-08-19 12:20:44,721 [DEBUG] Main thread is exiting
2026-08-19 12:20:44,756 [DEBUG] CanStack Stopped
2026-08-19 12:20:44,757 [INFO] Connection closed
2026-08-19 12:20:44,758 [INFO] Running Test Case: TC_ID-85-030
2026-08-19 12:20:44,758 [DEBUG] Starting CanStack
2026-08-19 12:20:44,760 [DEBUG] Main thread has started
2026-08-19 12:20:44,762 [DEBUG] Relay thread has started
2026-08-19 12:20:44,764 [INFO] Connection opened
2026-08-19 12:20:44,765 [INFO] Switched to physical mode for TC: TC_ID-85-030 Step: PreCondition: PC_ID-10-002  Testcase:Sub function not supported(not valid sub function)(85 08) [DiagTestPi R02]
2026-08-19 12:20:44,766 [INFO] TC_ID-85-030 - PreCondition: PC_ID-10-002  Testcase:Sub function not supported(not valid sub function)(85 08) [DiagTestPi R02]: SID=0x85, Sub=0x08, Expected=[3, 127, 133, 18, 170, 170, 170, 170]
2026-08-19 12:20:44,834 [INFO] TC_ID-85-030 - PreCondition: PC_ID-10-002  Testcase:Sub function not supported(not valid sub function)(85 08) [DiagTestPi R02]: Sending 8508
2026-08-19 12:20:44,835 [INFO] TC_ID-85-030 - PreCondition: PC_ID-10-002  Testcase:Sub function not supported(not valid sub function)(85 08) [DiagTestPi R02]: Sending request 8508
2026-08-19 12:20:44,841 [DEBUG] Sending 2 bytes : [8508]
2026-08-19 12:20:44,843 [DEBUG] Enqueuing a SendRequest for 2 bytes and TAT=Physical
2026-08-19 12:20:44,845 [DEBUG] Tx: <716> (08) [ ]	 0285080000000000
2026-08-19 12:20:44,846 [DEBUG] We've been asked to write a message to the bus
2026-08-19 12:20:44,849 [DEBUG] sending: Timestamp:        0.000000    ID:      716    S Rx     F BS       DL:  8    02 85 08 00 00 00 00 00
2026-08-19 12:20:44,866 [DEBUG] Rx: <71E> (08) [p]	 037f8512aaaaaaaa
2026-08-19 12:20:44,868 [INFO] Test end time: .6f(TC: TC_ID-85-030, step: PreCondition: PC_ID-10-002  Testcase:Sub function not supported(not valid sub function)(85 08) [DiagTestPi R02])
2026-08-19 12:20:44,921 [INFO] TC_ID-85-030 - Received: 7F8512
2026-08-19 12:20:44,924 [WARNING] TC_ID-85-030 - PreCondition: PC_ID-10-002  Testcase:Sub function not supported(not valid sub function)(85 08) [DiagTestPi R02] -> FAIL - Response mismatch
2026-08-19 12:20:44,928 [DEBUG] Stopping CanStack
2026-08-19 12:20:44,930 [DEBUG] Main thread is exiting
2026-08-19 12:20:44,968 [DEBUG] CanStack Stopped
2026-08-19 12:20:44,969 [INFO] Connection closed
2026-08-19 12:20:44,969 [INFO] Running Test Case: PC_ID-10-002
2026-08-19 12:20:44,970 [DEBUG] Starting CanStack
2026-08-19 12:20:44,971 [DEBUG] Main thread has started
2026-08-19 12:20:44,973 [DEBUG] Relay thread has started
2026-08-19 12:20:44,979 [INFO] Connection opened
2026-08-19 12:20:44,981 [INFO] Switched to physical mode for TC: PC_ID-10-002 Step: Start Extended session [DiagTestPi R12]
2026-08-19 12:20:44,982 [INFO] PC_ID-10-002 - Start Extended session [DiagTestPi R12]: SID=0x10, Sub=0x03, Expected=[6, 80, 3, 0, 50, 1, 244, 170]
2026-08-19 12:20:45,045 [INFO] PC_ID-10-002 - Start Extended session [DiagTestPi R12]: Sending 1003
2026-08-19 12:20:45,095 [INFO] PC_ID-10-002 - Start Extended session [DiagTestPi R12]: Sending request 1003
2026-08-19 12:20:45,096 [DEBUG] Sending 2 bytes : [1003]
2026-08-19 12:20:45,097 [DEBUG] Enqueuing a SendRequest for 2 bytes and TAT=Physical
2026-08-19 12:20:45,099 [DEBUG] Tx: <716> (08) [ ]	 0210030000000000
2026-08-19 12:20:45,100 [DEBUG] We've been asked to write a message to the bus
2026-08-19 12:20:45,101 [DEBUG] sending: Timestamp:        0.000000    ID:      716    S Rx     F BS       DL:  8    02 10 03 00 00 00 00 00
2026-08-19 12:20:45,126 [DEBUG] Rx: <71E> (08) [p]	 065003003201f4aa
2026-08-19 12:20:45,127 [INFO] Test end time: .6f(TC: PC_ID-10-002, step: Start Extended session [DiagTestPi R12])
2026-08-19 12:20:45,130 [INFO] PC_ID-10-002 - Received: 5003003201F4
2026-08-19 12:20:45,131 [WARNING] PC_ID-10-002 - Start Extended session [DiagTestPi R12] -> FAIL - Unexpected response
2026-08-19 12:20:45,132 [DEBUG] Stopping CanStack
2026-08-19 12:20:45,133 [DEBUG] Main thread is exiting
2026-08-19 12:20:45,177 [DEBUG] CanStack Stopped
2026-08-19 12:20:45,178 [INFO] Connection closed
2026-08-19 12:20:45,179 [INFO] Running Test Case: TC_ID-85-032
2026-08-19 12:20:45,180 [DEBUG] Starting CanStack
2026-08-19 12:20:45,184 [DEBUG] Main thread has started
2026-08-19 12:20:45,189 [DEBUG] Relay thread has started
2026-08-19 12:20:45,194 [INFO] Connection opened
2026-08-19 12:20:45,195 [INFO] Switched to physical mode for TC: TC_ID-85-032 Step: PreCondition: PC_ID-10-002  Testcase:Invalid sub function(85 0A) [DiagTestPi R02]
2026-08-19 12:20:45,195 [INFO] TC_ID-85-032 - PreCondition: PC_ID-10-002  Testcase:Invalid sub function(85 0A) [DiagTestPi R02]: SID=0x85, Sub=0x0A, Expected=[3, 127, 133, 18, 170, 170, 170, 170]
2026-08-19 12:20:45,257 [INFO] TC_ID-85-032 - PreCondition: PC_ID-10-002  Testcase:Invalid sub function(85 0A) [DiagTestPi R02]: Sending 850A
2026-08-19 12:20:45,258 [INFO] TC_ID-85-032 - PreCondition: PC_ID-10-002  Testcase:Invalid sub function(85 0A) [DiagTestPi R02]: Sending request 850A
2026-08-19 12:20:45,259 [DEBUG] Sending 2 bytes : [850a]
2026-08-19 12:20:45,259 [DEBUG] Enqueuing a SendRequest for 2 bytes and TAT=Physical
2026-08-19 12:20:45,260 [DEBUG] Tx: <716> (08) [ ]	 02850a0000000000
2026-08-19 12:20:45,261 [DEBUG] We've been asked to write a message to the bus
2026-08-19 12:20:45,262 [DEBUG] sending: Timestamp:        0.000000    ID:      716    S Rx     F BS       DL:  8    02 85 0a 00 00 00 00 00
2026-08-19 12:20:45,276 [INFO] Test end time: .6f(TC: TC_ID-85-032, step: PreCondition: PC_ID-10-002  Testcase:Invalid sub function(85 0A) [DiagTestPi R02])
2026-08-19 12:20:45,278 [DEBUG] Rx: <71E> (08) [p]	 037f8512aaaaaaaa
2026-08-19 12:20:45,329 [INFO] TC_ID-85-032 - Received: 7F8512
2026-08-19 12:20:45,330 [WARNING] TC_ID-85-032 - PreCondition: PC_ID-10-002  Testcase:Invalid sub function(85 0A) [DiagTestPi R02] -> FAIL - Response mismatch
2026-08-19 12:20:45,330 [DEBUG] Stopping CanStack
2026-08-19 12:20:45,331 [DEBUG] Main thread is exiting
2026-08-19 12:20:45,379 [DEBUG] CanStack Stopped
2026-08-19 12:20:45,380 [INFO] Connection closed
2026-08-19 12:20:45,381 [INFO] Running Test Case: PC_ID-10-002
2026-08-19 12:20:45,381 [DEBUG] Starting CanStack
2026-08-19 12:20:45,382 [DEBUG] Main thread has started
2026-08-19 12:20:45,383 [DEBUG] Relay thread has started
2026-08-19 12:20:45,384 [INFO] Connection opened
2026-08-19 12:20:45,385 [INFO] Switched to physical mode for TC: PC_ID-10-002 Step: Start Extended session [DiagTestPi R12]
2026-08-19 12:20:45,386 [INFO] PC_ID-10-002 - Start Extended session [DiagTestPi R12]: SID=0x10, Sub=0x03, Expected=[6, 80, 3, 0, 50, 1, 244, 170]
2026-08-19 12:20:45,440 [INFO] PC_ID-10-002 - Start Extended session [DiagTestPi R12]: Sending 1003
2026-08-19 12:20:45,490 [INFO] PC_ID-10-002 - Start Extended session [DiagTestPi R12]: Sending request 1003
2026-08-19 12:20:45,491 [DEBUG] Sending 2 bytes : [1003]
2026-08-19 12:20:45,491 [DEBUG] Enqueuing a SendRequest for 2 bytes and TAT=Physical
2026-08-19 12:20:45,493 [DEBUG] Tx: <716> (08) [ ]	 0210030000000000
2026-08-19 12:20:45,493 [DEBUG] We've been asked to write a message to the bus
2026-08-19 12:20:45,494 [DEBUG] sending: Timestamp:        0.000000    ID:      716    S Rx     F BS       DL:  8    02 10 03 00 00 00 00 00
2026-08-19 12:20:45,518 [INFO] Test end time: .6f(TC: PC_ID-10-002, step: Start Extended session [DiagTestPi R12])
2026-08-19 12:20:45,520 [DEBUG] Rx: <71E> (08) [p]	 065003003201f4aa
2026-08-19 12:20:45,522 [INFO] PC_ID-10-002 - Received: 5003003201F4
2026-08-19 12:20:45,523 [WARNING] PC_ID-10-002 - Start Extended session [DiagTestPi R12] -> FAIL - Unexpected response
2026-08-19 12:20:45,524 [DEBUG] Stopping CanStack
2026-08-19 12:20:45,526 [DEBUG] Main thread is exiting
2026-08-19 12:20:45,567 [DEBUG] CanStack Stopped
2026-08-19 12:20:45,568 [INFO] Connection closed
2026-08-19 12:20:45,569 [INFO] Running Test Case: TC_ID-85-721
2026-08-19 12:20:45,569 [DEBUG] Starting CanStack
2026-08-19 12:20:45,571 [DEBUG] Main thread has started
2026-08-19 12:20:45,571 [DEBUG] Relay thread has started
2026-08-19 12:20:45,573 [INFO] Connection opened
2026-08-19 12:20:45,573 [INFO] Switched to physical mode for TC: TC_ID-85-721 Step: PreCondition: PC_ID-10-002  Testcase:Incorrect message length(85 01 01) [DiagTestPi R02]
2026-08-19 12:20:45,574 [INFO] TC_ID-85-721 - PreCondition: PC_ID-10-002  Testcase:Incorrect message length(85 01 01) [DiagTestPi R02]: SID=0x85, Sub=0x0101, Expected=[3, 127, 133, 19, 170, 170, 170, 170]
2026-08-19 12:20:45,636 [INFO] TC_ID-85-721 - PreCondition: PC_ID-10-002  Testcase:Incorrect message length(85 01 01) [DiagTestPi R02]: Sending 850101
2026-08-19 12:20:45,637 [INFO] TC_ID-85-721 - PreCondition: PC_ID-10-002  Testcase:Incorrect message length(85 01 01) [DiagTestPi R02]: Sending request 850101
2026-08-19 12:20:45,637 [DEBUG] Sending 3 bytes : [850101]
2026-08-19 12:20:45,638 [DEBUG] Enqueuing a SendRequest for 3 bytes and TAT=Physical
2026-08-19 12:20:45,639 [DEBUG] Tx: <716> (08) [ ]	 0385010100000000
2026-08-19 12:20:45,641 [DEBUG] We've been asked to write a message to the bus
2026-08-19 12:20:45,642 [DEBUG] sending: Timestamp:        0.000000    ID:      716    S Rx     F BS       DL:  8    03 85 01 01 00 00 00 00
2026-08-19 12:20:45,657 [INFO] Test end time: .6f(TC: TC_ID-85-721, step: PreCondition: PC_ID-10-002  Testcase:Incorrect message length(85 01 01) [DiagTestPi R02])
2026-08-19 12:20:45,661 [DEBUG] Rx: <71E> (08) [p]	 037f8513aaaaaaaa
2026-08-19 12:20:45,712 [INFO] TC_ID-85-721 - Received: 7F8513
2026-08-19 12:20:45,714 [WARNING] TC_ID-85-721 - PreCondition: PC_ID-10-002  Testcase:Incorrect message length(85 01 01) [DiagTestPi R02] -> FAIL - Response mismatch
2026-08-19 12:20:45,714 [DEBUG] Stopping CanStack
2026-08-19 12:20:45,715 [DEBUG] Main thread is exiting
2026-08-19 12:20:45,761 [DEBUG] CanStack Stopped
2026-08-19 12:20:45,762 [INFO] Connection closed
2026-08-19 12:20:46,665 [ERROR] [CANLogger] Error during stop: I/O operation on closed file.
2026-08-19 12:20:46,666 [WARNING] SocketcanBus was not properly shut down
2026-08-19 12:20:46,667 [DEBUG] Closing raw can socket
2026-08-19 12:20:48,168 [INFO] ----------------------------------Log Generated!----------------------------------
2026-08-19 12:20:51,087 [INFO] ----------------------------------Report Generated----------------------------------
2026-08-19 12:20:53,090 [INFO] Current run reports: ['can_logs/530180596_AY-EV_MKBD_LP2_2608141838_20260819_121951.asc']
2026-08-19 12:20:53,091 [INFO] Reports generated by current run: ['can_logs/530180596_AY-EV_MKBD_LP2_2608141838_20260819_121951.asc']
2026-08-19 12:20:53,091 [INFO] ----------------------------------Done-----------------------------------------------
2026-08-19 12:21:16,132 [INFO] Uploading...
2026-08-19 12:21:16,191 [INFO] Copied report: can_logs/530180596_AY-EV_MKBD_LP2_2608141838_20260819_121951.asc
2026-08-19 12:21:16,193 [INFO] 1 current-run report files copied.
