2026-07-30 15:22:05,834 [INFO] Checking openssh-client...
2026-07-30 15:22:05,856 [INFO] openssh-client already installed
2026-07-30 15:22:05,858 [INFO] Checking ssh-agent...
2026-07-30 15:22:05,858 [INFO] ssh-agent already running
2026-07-30 15:22:05,874 [INFO] Private key already exists
2026-07-30 15:22:05,875 [INFO] Public key already exists
2026-07-30 15:22:05,876 [INFO] Adding key to ssh-agent...
2026-07-30 15:22:05,959 [INFO] Key added successfully
2026-07-30 15:22:05,959 [INFO] SSH setup completed ✔
2026-07-30 15:22:06,052 [INFO] ------------- Wifi Setup -------------
2026-07-30 15:23:14,850 [DEBUG] can config: {'fd': False, 'can_filters': [{'can_id': 1966, 'can_mask': 2047, 'extended': False}], 'interface': 'socketcan', 'channel': 'can0'}
2026-07-30 15:23:14,879 [INFO] Created a socket
2026-07-30 15:23:14,880 [DEBUG] Binding socket to channel=can0
2026-07-30 15:23:14,881 [DEBUG] Bound socket.
2026-07-30 15:23:14,885 [DEBUG] can config: {'fd': False, 'can_filters': [{'can_id': 1966, 'can_mask': 2047, 'extended': False}], 'interface': 'socketcan', 'channel': 'can0'}
2026-07-30 15:23:14,886 [INFO] Created a socket
2026-07-30 15:23:14,886 [DEBUG] Binding socket to channel=can0
2026-07-30 15:23:14,887 [DEBUG] Bound socket.
2026-07-30 15:23:14,890 [DEBUG] Given rxfn is considered blocking
2026-07-30 15:23:14,893 [INFO] CANLogger: Logging only UDS traffic (tx/rx physical+functional)
2026-07-30 15:23:14,947 [INFO] ----------------------------------Checking UDP Server (1/3)----------------------------------
2026-07-30 15:23:14,950 [INFO] Checking UDP Seed-Key server...
2026-07-30 15:23:15,273 [INFO] UDP Server Connected. Key received: 4b65792067656e65726174696f6e206661696c6564
2026-07-30 15:23:15,329 [INFO] ----------------------------------UDP Server Connected----------------------------------
2026-07-30 15:23:17,330 [INFO] ----------------------------------Welcome to Diagnostics-----------------------------------------------
2026-07-30 15:23:19,331 [INFO] ----------------------------------Initializing-----------------------------------------------
2026-07-30 15:23:20,833 [INFO] ----------------------------------Waiting for CAN-----------------------------------------------
2026-07-30 15:23:27,938 [INFO] Bringing up CAN interface can0...
2026-07-30 15:23:28,592 [INFO] CAN interface can0 successfully brought up.
2026-07-30 15:23:29,593 [INFO] Creating temporary UDS client...
2026-07-30 15:23:29,598 [DEBUG] can config: {'fd': False, 'can_filters': [{'can_id': 1966, 'can_mask': 2047, 'extended': False}], 'interface': 'socketcan', 'channel': 'can0'}
2026-07-30 15:23:29,600 [INFO] Created a socket
2026-07-30 15:23:29,601 [DEBUG] Binding socket to channel=can0
2026-07-30 15:23:29,602 [DEBUG] Bound socket.
2026-07-30 15:23:29,614 [DEBUG] can config: {'fd': False, 'can_filters': [{'can_id': 1966, 'can_mask': 2047, 'extended': False}], 'interface': 'socketcan', 'channel': 'can0'}
2026-07-30 15:23:29,615 [INFO] Created a socket
2026-07-30 15:23:29,616 [DEBUG] Binding socket to channel=can0
2026-07-30 15:23:29,617 [DEBUG] Bound socket.
2026-07-30 15:23:29,623 [DEBUG] Given rxfn is considered blocking
2026-07-30 15:23:29,626 [INFO] CANLogger: Logging only UDS traffic (tx/rx physical+functional)
2026-07-30 15:23:29,627 [INFO] Trying basic communication with ECU...
2026-07-30 15:23:29,628 [DEBUG] Starting CanStack
2026-07-30 15:23:29,630 [DEBUG] Main thread has started
2026-07-30 15:23:29,631 [DEBUG] Relay thread has started
2026-07-30 15:23:29,634 [INFO] Connection opened
2026-07-30 15:23:29,636 [INFO] TesterPresent<0x3e> - Sending TesterPresent request
2026-07-30 15:23:29,638 [DEBUG] Sending request to server
2026-07-30 15:23:29,639 [DEBUG] Sending 2 bytes : [3e00]
2026-07-30 15:23:29,641 [DEBUG] Enqueuing a SendRequest for 2 bytes and TAT=Physical
2026-07-30 15:23:29,643 [DEBUG] Waiting for server response
2026-07-30 15:23:29,644 [DEBUG] Tx: <7A6> (08) [ ]	 023e000000000000
2026-07-30 15:23:29,646 [DEBUG] We've been asked to write a message to the bus
2026-07-30 15:23:29,650 [DEBUG] sending: Timestamp:        0.000000    ID:      7a6    S Rx       BS       DL:  8    02 3e 00 00 00 00 00 00
2026-07-30 15:23:29,664 [DEBUG] Rx: <7AE> (08) [p]	 027e00aaaaaaaaaa
2026-07-30 15:23:29,665 [DEBUG] Received 2 bytes : [7e00]
2026-07-30 15:23:29,668 [DEBUG] Received response from server
2026-07-30 15:23:29,670 [INFO] Received positive response for service TesterPresent (0x3e) from server.
2026-07-30 15:23:29,671 [DEBUG] Stopping CanStack
2026-07-30 15:23:29,672 [DEBUG] Main thread is exiting
2026-07-30 15:23:29,716 [DEBUG] CanStack Stopped
2026-07-30 15:23:29,721 [INFO] Connection closed
2026-07-30 15:23:29,726 [INFO] UDS communication successful.
2026-07-30 15:23:29,728 [INFO] ----------------------------------ECU Ready-----------------------------------------------
2026-07-30 15:23:29,731 [INFO] USBTransfer initialized
2026-07-30 15:23:29,736 [WARNING] SocketcanBus was not properly shut down
2026-07-30 15:23:29,740 [DEBUG] Closing raw can socket
2026-07-30 15:23:29,742 [INFO] Checking openssh-client...
2026-07-30 15:23:29,762 [INFO] openssh-client already installed
2026-07-30 15:23:29,763 [INFO] Checking ssh-agent...
2026-07-30 15:23:29,764 [INFO] ssh-agent already running
2026-07-30 15:23:29,766 [INFO] Private key already exists
2026-07-30 15:23:29,767 [INFO] Public key already exists
2026-07-30 15:23:29,768 [INFO] Adding key to ssh-agent...
2026-07-30 15:23:29,839 [INFO] Key added successfully
2026-07-30 15:23:29,840 [INFO] SSH setup completed ✔
2026-07-30 15:23:29,870 [INFO] Installing/Updating uds.service...
2026-07-30 15:23:32,235 [INFO] uds.service installed successfully.
2026-07-30 15:23:32,663 [INFO] User lingering enabled.
2026-07-30 15:23:34,136 [INFO] ----------------------------------Run Test Cases-----------------------------------------------
2026-07-30 15:23:50,589 [INFO] Tester Name: Akhila
2026-07-30 15:23:50,590 [INFO] ----------------------------------Storage OK Free: 4249 MB-----------------------------------------------
2026-07-30 15:23:52,595 [INFO] Preparing ECU and CAN/ISO-TP connections before logged run
2026-07-30 15:23:52,596 [DEBUG] Stopping CanStack
2026-07-30 15:23:52,680 [DEBUG] Closing raw can socket
2026-07-30 15:23:52,681 [DEBUG] Closing raw can socket
2026-07-30 15:23:52,688 [DEBUG] can config: {'fd': False, 'can_filters': [{'can_id': 1966, 'can_mask': 2047, 'extended': False}], 'interface': 'socketcan', 'channel': 'can0'}
2026-07-30 15:23:52,690 [INFO] Created a socket
2026-07-30 15:23:52,693 [DEBUG] Binding socket to channel=can0
2026-07-30 15:23:52,696 [DEBUG] Bound socket.
2026-07-30 15:23:52,704 [DEBUG] can config: {'fd': False, 'can_filters': [{'can_id': 1966, 'can_mask': 2047, 'extended': False}], 'interface': 'socketcan', 'channel': 'can0'}
2026-07-30 15:23:52,706 [INFO] Created a socket
2026-07-30 15:23:52,707 [DEBUG] Binding socket to channel=can0
2026-07-30 15:23:52,708 [DEBUG] Bound socket.
2026-07-30 15:23:52,713 [DEBUG] Given rxfn is considered blocking
2026-07-30 15:23:52,716 [INFO] Execution startup settle delay: 0.250s before first testcase
2026-07-30 15:23:52,968 [INFO] Drained stale CAN frames on physical sniffer bus
2026-07-30 15:23:52,968 [INFO] Drained stale CAN frames on active sniffer bus
2026-07-30 15:23:52,969 [DEBUG] Starting CanStack
2026-07-30 15:23:52,971 [DEBUG] Main thread has started
2026-07-30 15:23:52,973 [DEBUG] Relay thread has started
2026-07-30 15:23:52,975 [INFO] Connection opened
2026-07-30 15:23:52,976 [INFO] PRE_RUN - Start default session before logged execution: Sending request 1001
2026-07-30 15:23:52,978 [DEBUG] Sending 2 bytes : [1001]
2026-07-30 15:23:52,980 [DEBUG] Enqueuing a SendRequest for 2 bytes and TAT=Physical
2026-07-30 15:23:52,986 [DEBUG] Tx: <7A6> (08) [ ]	 0210010000000000
2026-07-30 15:23:52,989 [DEBUG] We've been asked to write a message to the bus
2026-07-30 15:23:52,990 [DEBUG] sending: Timestamp:        0.000000    ID:      7a6    S Rx       BS       DL:  8    02 10 01 00 00 00 00 00
2026-07-30 15:23:53,003 [DEBUG] Rx: <7AE> (08) [p]	 065001003201f4aa
2026-07-30 15:23:53,203 [INFO] Pre-run default session response: 5001003201F4
2026-07-30 15:23:53,204 [DEBUG] Stopping CanStack
2026-07-30 15:23:53,205 [DEBUG] Main thread is exiting
2026-07-30 15:23:53,256 [DEBUG] CanStack Stopped
2026-07-30 15:23:53,260 [INFO] Connection closed
2026-07-30 15:23:53,263 [DEBUG] Stopping CanStack
2026-07-30 15:23:53,264 [DEBUG] CanStack Stopped
2026-07-30 15:23:53,265 [INFO] Connection closed
2026-07-30 15:23:53,265 [DEBUG] Closing raw can socket
2026-07-30 15:23:53,266 [DEBUG] Closing raw can socket
2026-07-30 15:23:53,270 [DEBUG] can config: {'fd': False, 'can_filters': [{'can_id': 1966, 'can_mask': 2047, 'extended': False}], 'interface': 'socketcan', 'channel': 'can0'}
2026-07-30 15:23:53,271 [INFO] Created a socket
2026-07-30 15:23:53,272 [DEBUG] Binding socket to channel=can0
2026-07-30 15:23:53,272 [DEBUG] Bound socket.
2026-07-30 15:23:53,277 [DEBUG] can config: {'fd': False, 'can_filters': [{'can_id': 1966, 'can_mask': 2047, 'extended': False}], 'interface': 'socketcan', 'channel': 'can0'}
2026-07-30 15:23:53,279 [INFO] Created a socket
2026-07-30 15:23:53,280 [DEBUG] Binding socket to channel=can0
2026-07-30 15:23:53,280 [DEBUG] Bound socket.
2026-07-30 15:23:53,284 [DEBUG] Given rxfn is considered blocking
2026-07-30 15:23:53,288 [INFO] Execution startup settle delay: 0.250s before first testcase
2026-07-30 15:23:53,539 [INFO] Drained stale CAN frames on physical sniffer bus
2026-07-30 15:23:53,540 [INFO] Drained stale CAN frames on active sniffer bus
2026-07-30 15:23:53,556 [WARNING] SocketcanBus was not properly shut down
2026-07-30 15:23:53,559 [DEBUG] Closing raw can socket
2026-07-30 15:23:53,563 [DEBUG] can config: {'can_filters': [{'can_id': 1958, 'can_mask': 2047, 'extended': False}, {'can_id': 1966, 'can_mask': 2047, 'extended': False}, {'can_id': 0, 'can_mask': 2047, 'extended': False}, {'can_id': 1966, 'can_mask': 2047, 'extended': False}], 'fd': False, 'receive_own_messages': True, 'interface': 'socketcan', 'channel': 'can0'}
2026-07-30 15:23:53,565 [INFO] Created a socket
2026-07-30 15:23:53,565 [DEBUG] Binding socket to channel=can0
2026-07-30 15:23:53,566 [DEBUG] Bound socket.
2026-07-30 15:23:53,568 [INFO] CAN logging started: /home/mobase/Git/Raja/New_7/dist/output/can_logs/MFSW_10_20260730_152352.asc
2026-07-30 15:23:53,569 [INFO] Execution startup settle delay: 0.250s before first testcase
2026-07-30 15:23:53,820 [INFO] Drained stale CAN frames on physical sniffer bus
2026-07-30 15:23:53,821 [INFO] Drained stale CAN frames on active sniffer bus
2026-07-30 15:23:53,840 [INFO] Running Test Case: ECU_INFO-6
2026-07-30 15:23:53,844 [INFO] Final CAN drain completed before first testcase ECU_INFO-6
2026-07-30 15:23:53,844 [DEBUG] Starting CanStack
2026-07-30 15:23:53,846 [DEBUG] Main thread has started
2026-07-30 15:23:53,847 [DEBUG] Relay thread has started
2026-07-30 15:23:53,849 [INFO] Connection opened
2026-07-30 15:23:53,849 [INFO] Switched to physical mode for TC: ECU_INFO-6 Step: S/W Version
2026-07-30 15:23:53,850 [INFO] ECU_INFO-6 - S/W Version: SID=0x22, Sub=0xF1DD, Expected=[16, 16, 98, 241, 221, 49, 48, 48, 48, 48, 0, 0, 0, 0, 0, 0, 0, 0, 170, 170, 170, 170]
2026-07-30 15:23:53,906 [INFO] ECU_INFO-6 - S/W Version: Sending request 22F1DD
2026-07-30 15:23:53,907 [INFO] ECU_INFO-6 - S/W Version: Sending request 22F1DD
2026-07-30 15:23:53,908 [DEBUG] Sending 3 bytes : [22f1dd]
2026-07-30 15:23:53,908 [DEBUG] Enqueuing a SendRequest for 3 bytes and TAT=Physical
2026-07-30 15:23:53,909 [DEBUG] Tx: <7A6> (08) [ ]	 0322f1dd00000000
2026-07-30 15:23:53,910 [DEBUG] We've been asked to write a message to the bus
2026-07-30 15:23:53,910 [DEBUG] sending: Timestamp:        0.000000    ID:      7a6    S Rx       BS       DL:  8    03 22 f1 dd 00 00 00 00
2026-07-30 15:23:53,926 [DEBUG] Rx: <7AE> (08) [p]	 101062f1dd313030
2026-07-30 15:23:53,929 [DEBUG] We've been asked to write a message to the bus
2026-07-30 15:23:53,933 [DEBUG] Tx: <7A6> (08) [ ]	 30080a0000000000
2026-07-30 15:23:53,934 [DEBUG] sending: Timestamp:        0.000000    ID:      7a6    S Rx       BS       DL:  8    30 08 0a 00 00 00 00 00
2026-07-30 15:23:53,935 [DEBUG] We've been asked to write a message to the bus
2026-07-30 15:23:53,937 [DEBUG] sending: Timestamp:        0.000000    ID:      7a6    S Rx       BS       DL:  8    30 08 0a 00 00 00 00 00
2026-07-30 15:23:53,939 [DEBUG] TxState=IDLE - RxState=WAIT_CF
2026-07-30 15:23:53,954 [DEBUG] Rx: <7AE> (08) [p]	 2130300000000000
2026-07-30 15:23:53,974 [DEBUG] Rx: <7AE> (08) [p]	 22000000aaaaaaaa
2026-07-30 15:23:54,023 [INFO] ECU_INFO-6 - Received: 62F1DD31303030300000000000000000
2026-07-30 15:23:54,024 [WARNING] ECU_INFO-6 - S/W Version -> ❌ FAIL - Expected 101062F1DD31303030300000000000000000AAAAAAAA
2026-07-30 15:23:54,025 [DEBUG] Stopping CanStack
2026-07-30 15:23:54,025 [DEBUG] TxState=IDLE - RxState=IDLE
2026-07-30 15:23:54,026 [DEBUG] Main thread is exiting
2026-07-30 15:23:54,075 [DEBUG] CanStack Stopped
2026-07-30 15:23:54,076 [INFO] Connection closed
2026-07-30 15:23:54,076 [INFO] Running Test Case: ECU_INFO-7
2026-07-30 15:23:54,077 [DEBUG] Starting CanStack
2026-07-30 15:23:54,078 [DEBUG] Main thread has started
2026-07-30 15:23:54,079 [DEBUG] Relay thread has started
2026-07-30 15:23:54,080 [INFO] Connection opened
2026-07-30 15:23:54,081 [INFO] Switched to physical mode for TC: ECU_INFO-7 Step: B-CAN Version
2026-07-30 15:23:54,082 [INFO] ECU_INFO-7 - B-CAN Version: SID=0x22, Sub=0xF100, Expected=[6, 98, 241, 0, 49, 46, 48, 170]
2026-07-30 15:23:54,132 [INFO] ECU_INFO-7 - B-CAN Version: Sending request 22F100
2026-07-30 15:23:54,133 [INFO] ECU_INFO-7 - B-CAN Version: Sending request 22F100
2026-07-30 15:23:54,134 [DEBUG] Sending 3 bytes : [22f100]
2026-07-30 15:23:54,135 [DEBUG] Enqueuing a SendRequest for 3 bytes and TAT=Physical
2026-07-30 15:23:54,136 [DEBUG] Tx: <7A6> (08) [ ]	 0322f10000000000
2026-07-30 15:23:54,137 [DEBUG] We've been asked to write a message to the bus
2026-07-30 15:23:54,137 [DEBUG] sending: Timestamp:        0.000000    ID:      7a6    S Rx       BS       DL:  8    03 22 f1 00 00 00 00 00
2026-07-30 15:23:54,144 [DEBUG] Rx: <7AE> (08) [p]	 0662f100312e30aa
2026-07-30 15:23:54,193 [INFO] ECU_INFO-7 - Received: 62F100312E30
2026-07-30 15:23:54,194 [WARNING] ECU_INFO-7 - B-CAN Version -> ❌ FAIL - Expected 0662F100312E30AA
2026-07-30 15:23:54,195 [DEBUG] Stopping CanStack
2026-07-30 15:23:54,196 [DEBUG] Main thread is exiting
2026-07-30 15:23:54,246 [DEBUG] CanStack Stopped
2026-07-30 15:23:54,247 [INFO] Connection closed
2026-07-30 15:23:54,248 [INFO] Running Test Case: ECU_INFO-8
2026-07-30 15:23:54,248 [DEBUG] Starting CanStack
2026-07-30 15:23:54,250 [DEBUG] Main thread has started
2026-07-30 15:23:54,251 [DEBUG] Relay thread has started
2026-07-30 15:23:54,253 [INFO] Connection opened
2026-07-30 15:23:54,255 [INFO] Switched to physical mode for TC: ECU_INFO-8 Step: Manufacturing Date
2026-07-30 15:23:54,256 [INFO] ECU_INFO-8 - Manufacturing Date: SID=0x22, Sub=0xF18B, Expected=[7, 98, 241, 139, 32, 37, 18, 25]
2026-07-30 15:23:54,318 [INFO] ECU_INFO-8 - Manufacturing Date: Sending request 22F18B
2026-07-30 15:23:54,319 [INFO] ECU_INFO-8 - Manufacturing Date: Sending request 22F18B
2026-07-30 15:23:54,320 [DEBUG] Sending 3 bytes : [22f18b]
2026-07-30 15:23:54,321 [DEBUG] Enqueuing a SendRequest for 3 bytes and TAT=Physical
2026-07-30 15:23:54,323 [DEBUG] Tx: <7A6> (08) [ ]	 0322f18b00000000
2026-07-30 15:23:54,324 [DEBUG] We've been asked to write a message to the bus
2026-07-30 15:23:54,325 [DEBUG] sending: Timestamp:        0.000000    ID:      7a6    S Rx       BS       DL:  8    03 22 f1 8b 00 00 00 00
2026-07-30 15:23:54,338 [DEBUG] Rx: <7AE> (08) [p]	 0762f18b20251219
2026-07-30 15:23:54,386 [INFO] ECU_INFO-8 - Received: 62F18B20251219
2026-07-30 15:23:54,387 [WARNING] ECU_INFO-8 - Manufacturing Date -> ❌ FAIL - Expected 0762F18B20251219
2026-07-30 15:23:54,387 [DEBUG] Stopping CanStack
2026-07-30 15:23:54,388 [DEBUG] Main thread is exiting
2026-07-30 15:23:54,439 [DEBUG] CanStack Stopped
2026-07-30 15:23:54,439 [INFO] Connection closed
2026-07-30 15:23:54,440 [INFO] Running Test Case: ECU_INFO-9
2026-07-30 15:23:54,441 [DEBUG] Starting CanStack
2026-07-30 15:23:54,442 [DEBUG] Main thread has started
2026-07-30 15:23:54,443 [DEBUG] Relay thread has started
2026-07-30 15:23:54,444 [INFO] Connection opened
2026-07-30 15:23:54,444 [INFO] Switched to physical mode for TC: ECU_INFO-9 Step: ECU_Serial Number
2026-07-30 15:23:54,445 [INFO] ECU_INFO-9 - ECU_Serial Number: SID=0x22, Sub=0xF18C, Expected=[16, 11, 98, 241, 140, 48, 48, 48, 48, 48, 48, 48, 49, 170, 170]
2026-07-30 15:23:54,506 [INFO] ECU_INFO-9 - ECU_Serial Number: Sending request 22F18C
2026-07-30 15:23:54,507 [INFO] ECU_INFO-9 - ECU_Serial Number: Sending request 22F18C
2026-07-30 15:23:54,508 [DEBUG] Sending 3 bytes : [22f18c]
2026-07-30 15:23:54,509 [DEBUG] Enqueuing a SendRequest for 3 bytes and TAT=Physical
2026-07-30 15:23:54,511 [DEBUG] Tx: <7A6> (08) [ ]	 0322f18c00000000
2026-07-30 15:23:54,512 [DEBUG] We've been asked to write a message to the bus
2026-07-30 15:23:54,513 [DEBUG] sending: Timestamp:        0.000000    ID:      7a6    S Rx       BS       DL:  8    03 22 f1 8c 00 00 00 00
2026-07-30 15:23:54,528 [DEBUG] We've been asked to write a message to the bus
2026-07-30 15:23:54,533 [DEBUG] sending: Timestamp:        0.000000    ID:      7a6    S Rx       BS       DL:  8    30 08 0a 00 00 00 00 00
2026-07-30 15:23:54,535 [DEBUG] Rx: <7AE> (08) [p]	 100b62f18c303030
2026-07-30 15:23:54,538 [DEBUG] Tx: <7A6> (08) [ ]	 30080a0000000000
2026-07-30 15:23:54,540 [DEBUG] We've been asked to write a message to the bus
2026-07-30 15:23:54,541 [DEBUG] sending: Timestamp:        0.000000    ID:      7a6    S Rx       BS       DL:  8    30 08 0a 00 00 00 00 00
2026-07-30 15:23:54,543 [DEBUG] TxState=IDLE - RxState=WAIT_CF
2026-07-30 15:23:54,555 [DEBUG] Rx: <7AE> (08) [p]	 213030303031aaaa
2026-07-30 15:23:54,603 [INFO] ECU_INFO-9 - Received: 62F18C3030303030303031
2026-07-30 15:23:54,604 [WARNING] ECU_INFO-9 - ECU_Serial Number -> ❌ FAIL - Expected 100B62F18C3030303030303031AAAA
2026-07-30 15:23:54,605 [DEBUG] Stopping CanStack
2026-07-30 15:23:54,606 [DEBUG] TxState=IDLE - RxState=IDLE
2026-07-30 15:23:54,607 [DEBUG] Main thread is exiting
2026-07-30 15:23:54,656 [DEBUG] CanStack Stopped
2026-07-30 15:23:54,656 [INFO] Connection closed
2026-07-30 15:23:54,657 [INFO] Running Test Case: ECU_INFO-10
2026-07-30 15:23:54,658 [DEBUG] Starting CanStack
2026-07-30 15:23:54,659 [DEBUG] Main thread has started
2026-07-30 15:23:54,660 [DEBUG] Relay thread has started
2026-07-30 15:23:54,661 [INFO] Connection opened
2026-07-30 15:23:54,662 [INFO] Switched to physical mode for TC: ECU_INFO-10 Step: H/W Version
2026-07-30 15:23:54,662 [INFO] ECU_INFO-10 - H/W Version: SID=0x22, Sub=0xF193, Expected=[7, 98, 241, 147, 49, 46, 48, 48]
2026-07-30 15:23:54,718 [INFO] ECU_INFO-10 - H/W Version: Sending request 22F193
2026-07-30 15:23:54,721 [INFO] ECU_INFO-10 - H/W Version: Sending request 22F193
2026-07-30 15:23:54,723 [DEBUG] Sending 3 bytes : [22f193]
2026-07-30 15:23:54,723 [DEBUG] Enqueuing a SendRequest for 3 bytes and TAT=Physical
2026-07-30 15:23:54,724 [DEBUG] Tx: <7A6> (08) [ ]	 0322f19300000000
2026-07-30 15:23:54,725 [DEBUG] We've been asked to write a message to the bus
2026-07-30 15:23:54,726 [DEBUG] sending: Timestamp:        0.000000    ID:      7a6    S Rx       BS       DL:  8    03 22 f1 93 00 00 00 00
2026-07-30 15:23:54,734 [DEBUG] Rx: <7AE> (08) [p]	 0762f193312e3030
2026-07-30 15:23:54,784 [INFO] ECU_INFO-10 - Received: 62F193312E3030
2026-07-30 15:23:54,785 [WARNING] ECU_INFO-10 - H/W Version -> ❌ FAIL - Expected 0762F193312E3030
2026-07-30 15:23:54,786 [DEBUG] Stopping CanStack
2026-07-30 15:23:54,787 [DEBUG] Main thread is exiting
2026-07-30 15:23:54,837 [DEBUG] CanStack Stopped
2026-07-30 15:23:54,838 [INFO] Connection closed
2026-07-30 15:23:54,839 [INFO] Running Test Case: PC_ID-029
2026-07-30 15:23:54,839 [DEBUG] Starting CanStack
2026-07-30 15:23:54,840 [DEBUG] Main thread has started
2026-07-30 15:23:54,842 [DEBUG] Relay thread has started
2026-07-30 15:23:54,844 [INFO] Connection opened
2026-07-30 15:23:54,844 [INFO] Switched to physical mode for TC: PC_ID-029 Step: Start default session
2026-07-30 15:23:54,846 [INFO] PC_ID-029 - Start default session: SID=0x10, Sub=0x01, Expected=[6, 80, 1, 0, 50, 1, 244, 170]
2026-07-30 15:23:54,909 [INFO] PC_ID-029 - Start default session: Sending 1001
2026-07-30 15:23:54,964 [INFO] PC_ID-029 - Start default session: Sending request 1001
2026-07-30 15:23:54,965 [DEBUG] Sending 2 bytes : [1001]
2026-07-30 15:23:54,966 [DEBUG] Enqueuing a SendRequest for 2 bytes and TAT=Physical
2026-07-30 15:23:54,968 [DEBUG] Tx: <7A6> (08) [ ]	 0210010000000000
2026-07-30 15:23:54,969 [DEBUG] We've been asked to write a message to the bus
2026-07-30 15:23:54,970 [DEBUG] sending: Timestamp:        0.000000    ID:      7a6    S Rx       BS       DL:  8    02 10 01 00 00 00 00 00
2026-07-30 15:23:54,984 [INFO] PC_ID-029 - Received: 5001003201F4
2026-07-30 15:23:54,989 [DEBUG] Rx: <7AE> (08) [p]	 065001003201f4aa
2026-07-30 15:23:54,989 [WARNING] PC_ID-029 - Start default session -> FAIL - Unexpected response
2026-07-30 15:23:54,991 [DEBUG] Stopping CanStack
2026-07-30 15:23:54,992 [DEBUG] Main thread is exiting
2026-07-30 15:23:55,039 [DEBUG] CanStack Stopped
2026-07-30 15:23:55,040 [INFO] Connection closed
2026-07-30 15:23:55,040 [INFO] Running Test Case: TC_ID-224
2026-07-30 15:23:55,041 [DEBUG] Starting CanStack
2026-07-30 15:23:55,042 [DEBUG] Main thread has started
2026-07-30 15:23:55,043 [DEBUG] Relay thread has started
2026-07-30 15:23:55,044 [INFO] Connection opened
2026-07-30 15:23:55,045 [INFO] Switched to physical mode for TC: TC_ID-224 Step: PreCondition: PC_ID-029  Testcase:Read DTC with default session(19 02)
2026-07-30 15:23:55,045 [INFO] TC_ID-224 - PreCondition: PC_ID-029  Testcase:Read DTC with default session(19 02): SID=0x19, Sub=0x02, Expected=[3, 89, 2, 8, 170, 170, 170, 170]
2026-07-30 15:23:55,146 [INFO] TC_ID-224 - PreCondition: PC_ID-029  Testcase:Read DTC with default session(19 02): Sending 190208
2026-07-30 15:23:55,147 [INFO] TC_ID-224 - PreCondition: PC_ID-029  Testcase:Read DTC with default session(19 02): Sending request 190208
2026-07-30 15:23:55,148 [DEBUG] Sending 3 bytes : [190208]
2026-07-30 15:23:55,149 [DEBUG] Enqueuing a SendRequest for 3 bytes and TAT=Physical
2026-07-30 15:23:55,153 [DEBUG] Tx: <7A6> (08) [ ]	 0319020800000000
2026-07-30 15:23:55,154 [DEBUG] We've been asked to write a message to the bus
2026-07-30 15:23:55,155 [DEBUG] sending: Timestamp:        0.000000    ID:      7a6    S Rx       BS       DL:  8    03 19 02 08 00 00 00 00
2026-07-30 15:23:55,167 [WARNING] -----------------------------------------------TC_ID-224 PreCondition: PC_ID-029  Testcase:Read DTC with default session(19 02) -> FAIL - Expected [3, 89, 2, 8, 170, 170, 170, 170], got [89, 2, 0]-----------------------------------------------
2026-07-30 15:23:55,169 [DEBUG] Rx: <7AE> (08) [p]	 03590200aaaaaaaa
2026-07-30 15:23:55,171 [DEBUG] Stopping CanStack
2026-07-30 15:23:55,173 [DEBUG] Main thread is exiting
2026-07-30 15:23:55,216 [DEBUG] CanStack Stopped
2026-07-30 15:23:55,217 [INFO] Connection closed
2026-07-30 15:23:55,218 [INFO] Running Test Case: TC_ID-225
2026-07-30 15:23:55,219 [DEBUG] Starting CanStack
2026-07-30 15:23:55,220 [DEBUG] Main thread has started
2026-07-30 15:23:55,221 [DEBUG] Relay thread has started
2026-07-30 15:23:55,223 [INFO] Connection opened
2026-07-30 15:23:55,223 [INFO] Switched to physical mode for TC: TC_ID-225 Step: PreCondition: PC_ID-029  Testcase:Fault memory clear Extended session(14 FFFFFF)
2026-07-30 15:23:55,224 [INFO] TC_ID-225 - PreCondition: PC_ID-029  Testcase:Fault memory clear Extended session(14 FFFFFF): SID=0x14, Sub=0xFFFFFF, Expected=[1, 84, 170, 170, 170, 170, 170, 170]
2026-07-30 15:23:55,318 [INFO] TC_ID-225 - PreCondition: PC_ID-029  Testcase:Fault memory clear Extended session(14 FFFFFF): Sending 14FFFFFF
2026-07-30 15:23:55,319 [INFO] TC_ID-225 - PreCondition: PC_ID-029  Testcase:Fault memory clear Extended session(14 FFFFFF): Sending request 14FFFFFF
2026-07-30 15:23:55,320 [DEBUG] Sending 4 bytes : [14ffffff]
2026-07-30 15:23:55,321 [DEBUG] Enqueuing a SendRequest for 4 bytes and TAT=Physical
2026-07-30 15:23:55,323 [DEBUG] Tx: <7A6> (08) [ ]	 0414ffffff000000
2026-07-30 15:23:55,324 [DEBUG] We've been asked to write a message to the bus
2026-07-30 15:23:55,325 [DEBUG] sending: Timestamp:        0.000000    ID:      7a6    S Rx       BS       DL:  8    04 14 ff ff ff 00 00 00
2026-07-30 15:23:55,336 [WARNING] -----------------------------------------------TC_ID-225 PreCondition: PC_ID-029  Testcase:Fault memory clear Extended session(14 FFFFFF) -> FAIL - Expected [1, 84, 170, 170, 170, 170, 170, 170], got [84]-----------------------------------------------
2026-07-30 15:23:55,339 [DEBUG] Stopping CanStack
2026-07-30 15:23:55,340 [DEBUG] Rx: <7AE> (08) [p]	 0154aaaaaaaaaaaa
2026-07-30 15:23:55,342 [DEBUG] Main thread is exiting
2026-07-30 15:23:55,390 [DEBUG] CanStack Stopped
2026-07-30 15:23:55,391 [INFO] Connection closed
2026-07-30 15:23:55,391 [INFO] Running Test Case: TC_ID-226
2026-07-30 15:23:55,392 [DEBUG] Starting CanStack
2026-07-30 15:23:55,393 [DEBUG] Main thread has started
2026-07-30 15:23:55,394 [DEBUG] Relay thread has started
2026-07-30 15:23:55,395 [INFO] Connection opened
2026-07-30 15:23:55,396 [INFO] Switched to physical mode for TC: TC_ID-226 Step: PreCondition: PC_ID-029  Testcase:- Input Output Record Local Identifier #1(Default session)
2026-07-30 15:23:55,396 [INFO] TC_ID-226 - PreCondition: PC_ID-029  Testcase:- Input Output Record Local Identifier #1(Default session): SID=0x22, Sub=0xB302, Expected=[16, 9, 98, 179, 2, 255, 255, 0, 0, 0, 147, 170, 170, 170, 170]
2026-07-30 15:23:55,489 [INFO] TC_ID-226 - PreCondition: PC_ID-029  Testcase:- Input Output Record Local Identifier #1(Default session): Sending request 22B302
2026-07-30 15:23:55,490 [INFO] TC_ID-226 - PreCondition: PC_ID-029  Testcase:- Input Output Record Local Identifier #1(Default session): Sending request 22B302
2026-07-30 15:23:55,491 [DEBUG] Sending 3 bytes : [22b302]
2026-07-30 15:23:55,492 [DEBUG] Enqueuing a SendRequest for 3 bytes and TAT=Physical
2026-07-30 15:23:55,494 [DEBUG] Tx: <7A6> (08) [ ]	 0322b30200000000
2026-07-30 15:23:55,495 [DEBUG] We've been asked to write a message to the bus
2026-07-30 15:23:55,496 [DEBUG] sending: Timestamp:        0.000000    ID:      7a6    S Rx       BS       DL:  8    03 22 b3 02 00 00 00 00
2026-07-30 15:23:55,505 [DEBUG] We've been asked to write a message to the bus
2026-07-30 15:23:55,510 [DEBUG] Rx: <7AE> (08) [p]	 100962b302ffff00
2026-07-30 15:23:55,511 [DEBUG] sending: Timestamp:        0.000000    ID:      7a6    S Rx       BS       DL:  8    30 08 0a 00 00 00 00 00
2026-07-30 15:23:55,512 [DEBUG] Tx: <7A6> (08) [ ]	 30080a0000000000
2026-07-30 15:23:55,514 [DEBUG] We've been asked to write a message to the bus
2026-07-30 15:23:55,516 [DEBUG] sending: Timestamp:        0.000000    ID:      7a6    S Rx       BS       DL:  8    30 08 0a 00 00 00 00 00
2026-07-30 15:23:55,518 [DEBUG] TxState=IDLE - RxState=WAIT_CF
2026-07-30 15:23:55,539 [DEBUG] Rx: <7AE> (08) [p]	 21000093aaaaaaaa
2026-07-30 15:23:55,585 [INFO] TC_ID-226 - Received: 62B302FFFF00000093
2026-07-30 15:23:55,586 [WARNING] TC_ID-226 - PreCondition: PC_ID-029  Testcase:- Input Output Record Local Identifier #1(Default session) -> ❌ FAIL - Expected 100962B302FFFF00000093AAAAAAAA
2026-07-30 15:23:55,587 [DEBUG] Stopping CanStack
2026-07-30 15:23:55,589 [DEBUG] TxState=IDLE - RxState=IDLE
2026-07-30 15:23:55,590 [DEBUG] Main thread is exiting
2026-07-30 15:23:55,640 [DEBUG] CanStack Stopped
2026-07-30 15:23:55,644 [INFO] Connection closed
2026-07-30 15:23:55,647 [INFO] Running Test Case: TC_ID-227
2026-07-30 15:23:55,650 [DEBUG] Starting CanStack
2026-07-30 15:23:55,651 [DEBUG] Main thread has started
2026-07-30 15:23:55,652 [DEBUG] Relay thread has started
2026-07-30 15:23:55,654 [INFO] Connection opened
2026-07-30 15:23:55,654 [INFO] Switched to physical mode for TC: TC_ID-227 Step: PreCondition: PC_ID-029  Testcase:- Input Output Record Local Identifier #2(Default session)
2026-07-30 15:23:55,655 [INFO] TC_ID-227 - PreCondition: PC_ID-029  Testcase:- Input Output Record Local Identifier #2(Default session): SID=0x22, Sub=0xB303, Expected=[16, 11, 98, 179, 3, 255, 255, 255, 1, 8, 0, 0, 1, 170, 170]
2026-07-30 15:23:55,748 [INFO] TC_ID-227 - PreCondition: PC_ID-029  Testcase:- Input Output Record Local Identifier #2(Default session): Sending request 22B303
2026-07-30 15:23:55,749 [INFO] TC_ID-227 - PreCondition: PC_ID-029  Testcase:- Input Output Record Local Identifier #2(Default session): Sending request 22B303
2026-07-30 15:23:55,749 [DEBUG] Sending 3 bytes : [22b303]
2026-07-30 15:23:55,750 [DEBUG] Enqueuing a SendRequest for 3 bytes and TAT=Physical
2026-07-30 15:23:55,751 [DEBUG] Tx: <7A6> (08) [ ]	 0322b30300000000
2026-07-30 15:23:55,751 [DEBUG] We've been asked to write a message to the bus
2026-07-30 15:23:55,752 [DEBUG] sending: Timestamp:        0.000000    ID:      7a6    S Rx       BS       DL:  8    03 22 b3 03 00 00 00 00
2026-07-30 15:23:55,763 [DEBUG] We've been asked to write a message to the bus
2026-07-30 15:23:55,765 [DEBUG] sending: Timestamp:        0.000000    ID:      7a6    S Rx       BS       DL:  8    30 08 0a 00 00 00 00 00
2026-07-30 15:23:55,765 [DEBUG] Rx: <7AE> (08) [p]	 100b62b303ffffff
2026-07-30 15:23:55,767 [DEBUG] Tx: <7A6> (08) [ ]	 30080a0000000000
2026-07-30 15:23:55,768 [DEBUG] We've been asked to write a message to the bus
2026-07-30 15:23:55,768 [DEBUG] sending: Timestamp:        0.000000    ID:      7a6    S Rx       BS       DL:  8    30 08 0a 00 00 00 00 00
2026-07-30 15:23:55,769 [DEBUG] TxState=IDLE - RxState=WAIT_CF
2026-07-30 15:23:55,784 [DEBUG] Rx: <7AE> (08) [p]	 210108000001aaaa
2026-07-30 15:23:55,834 [INFO] TC_ID-227 - Received: 62B303FFFFFF0108000001
2026-07-30 15:23:55,835 [WARNING] TC_ID-227 - PreCondition: PC_ID-029  Testcase:- Input Output Record Local Identifier #2(Default session) -> ❌ FAIL - Expected 100B62B303FFFFFF0108000001AAAA
2026-07-30 15:23:55,835 [DEBUG] TxState=IDLE - RxState=IDLE
2026-07-30 15:23:55,836 [DEBUG] Stopping CanStack
2026-07-30 15:23:55,837 [DEBUG] Main thread is exiting
2026-07-30 15:23:55,885 [DEBUG] CanStack Stopped
2026-07-30 15:23:55,887 [INFO] Connection closed
2026-07-30 15:23:55,888 [INFO] Running Test Case: TC_ID-228
2026-07-30 15:23:55,889 [DEBUG] Starting CanStack
2026-07-30 15:23:55,893 [DEBUG] Main thread has started
2026-07-30 15:23:55,896 [DEBUG] Relay thread has started
2026-07-30 15:23:55,901 [INFO] Connection opened
2026-07-30 15:23:55,902 [INFO] Switched to physical mode for TC: TC_ID-228 Step: PreCondition: PC_ID-029  Testcase:RX_SWIN_F1_EF_Read(Defaultsession)
2026-07-30 15:23:55,903 [INFO] TC_ID-228 - PreCondition: PC_ID-029  Testcase:RX_SWIN_F1_EF_Read(Defaultsession): SID=0x22, Sub=0xF1EF, Expected=[16, 43, 98, 241, 239, 7, 166, 11, 82, 49, 48, 32, 77, 81, 52, 47, 49, 47, 48, 12, 82, 49, 53, 53, 32, 77, 81, 52, 47, 49, 47, 48, 12, 82, 49, 53, 54, 32, 77, 81, 52, 47, 49, 47, 48, 170, 170, 170, 170, 170]
2026-07-30 15:23:55,986 [INFO] TC_ID-228 - PreCondition: PC_ID-029  Testcase:RX_SWIN_F1_EF_Read(Defaultsession): Sending request 22F1EF
2026-07-30 15:23:55,987 [INFO] TC_ID-228 - PreCondition: PC_ID-029  Testcase:RX_SWIN_F1_EF_Read(Defaultsession): Sending request 22F1EF
2026-07-30 15:23:55,988 [DEBUG] Sending 3 bytes : [22f1ef]
2026-07-30 15:23:55,989 [DEBUG] Enqueuing a SendRequest for 3 bytes and TAT=Physical
2026-07-30 15:23:55,991 [DEBUG] Tx: <7A6> (08) [ ]	 0322f1ef00000000
2026-07-30 15:23:55,992 [DEBUG] We've been asked to write a message to the bus
2026-07-30 15:23:55,993 [DEBUG] sending: Timestamp:        0.000000    ID:      7a6    S Rx       BS       DL:  8    03 22 f1 ef 00 00 00 00
2026-07-30 15:23:56,007 [DEBUG] We've been asked to write a message to the bus
2026-07-30 15:23:56,008 [DEBUG] Rx: <7AE> (08) [p]	 102b62f1ef07a60b
2026-07-30 15:23:56,009 [DEBUG] sending: Timestamp:        0.000000    ID:      7a6    S Rx       BS       DL:  8    30 08 0a 00 00 00 00 00
2026-07-30 15:23:56,010 [DEBUG] Tx: <7A6> (08) [ ]	 30080a0000000000
2026-07-30 15:23:56,013 [DEBUG] We've been asked to write a message to the bus
2026-07-30 15:23:56,015 [DEBUG] sending: Timestamp:        0.000000    ID:      7a6    S Rx       BS       DL:  8    30 08 0a 00 00 00 00 00
2026-07-30 15:23:56,017 [DEBUG] TxState=IDLE - RxState=WAIT_CF
2026-07-30 15:23:56,039 [DEBUG] Rx: <7AE> (08) [p]	 21523130204d5134
2026-07-30 15:23:56,055 [DEBUG] Rx: <7AE> (08) [p]	 222f312f300c5231
2026-07-30 15:23:56,074 [DEBUG] Rx: <7AE> (08) [p]	 233535204d51342f
2026-07-30 15:23:56,094 [DEBUG] Rx: <7AE> (08) [p]	 24312f300c523135
2026-07-30 15:23:56,115 [DEBUG] Rx: <7AE> (08) [p]	 2536204d51342f31
2026-07-30 15:23:56,138 [DEBUG] Rx: <7AE> (08) [p]	 262f30aaaaaaaaaa
2026-07-30 15:23:56,191 [INFO] TC_ID-228 - Received: 62F1EF07A60B523130204D51342F312F300C52313535204D51342F312F300C52313536204D51342F312F30
2026-07-30 15:23:56,192 [WARNING] TC_ID-228 - PreCondition: PC_ID-029  Testcase:RX_SWIN_F1_EF_Read(Defaultsession) -> ❌ FAIL - Expected 102B62F1EF07A60B523130204D51342F312F300C52313535204D51342F312F300C52313536204D51342F312F30AAAAAAAAAA
2026-07-30 15:23:56,193 [DEBUG] TxState=IDLE - RxState=IDLE
2026-07-30 15:23:56,194 [DEBUG] Stopping CanStack
2026-07-30 15:23:56,195 [DEBUG] Main thread is exiting
2026-07-30 15:23:56,236 [DEBUG] CanStack Stopped
2026-07-30 15:23:56,238 [INFO] Connection closed
2026-07-30 15:23:56,239 [INFO] Running Test Case: TC_ID-229
2026-07-30 15:23:56,240 [DEBUG] Starting CanStack
2026-07-30 15:23:56,242 [DEBUG] Main thread has started
2026-07-30 15:23:56,243 [DEBUG] Relay thread has started
2026-07-30 15:23:56,245 [INFO] Connection opened
2026-07-30 15:23:56,246 [INFO] Switched to physical mode for TC: TC_ID-229 Step: PreCondition: PC_ID-029  Testcase:B_CAN_Database_Version_F1_00_Read(Defaultsession)
2026-07-30 15:23:56,247 [INFO] TC_ID-229 - PreCondition: PC_ID-029  Testcase:B_CAN_Database_Version_F1_00_Read(Defaultsession): SID=0x22, Sub=0xF100, Expected=[6, 98, 241, 0, 49, 46, 48, 170]
2026-07-30 15:23:56,343 [INFO] TC_ID-229 - PreCondition: PC_ID-029  Testcase:B_CAN_Database_Version_F1_00_Read(Defaultsession): Sending request 22F100
2026-07-30 15:23:56,344 [INFO] TC_ID-229 - PreCondition: PC_ID-029  Testcase:B_CAN_Database_Version_F1_00_Read(Defaultsession): Sending request 22F100
2026-07-30 15:23:56,345 [DEBUG] Sending 3 bytes : [22f100]
2026-07-30 15:23:56,346 [DEBUG] Enqueuing a SendRequest for 3 bytes and TAT=Physical
2026-07-30 15:23:56,348 [DEBUG] Tx: <7A6> (08) [ ]	 0322f10000000000
2026-07-30 15:23:56,349 [DEBUG] We've been asked to write a message to the bus
2026-07-30 15:23:56,350 [DEBUG] sending: Timestamp:        0.000000    ID:      7a6    S Rx       BS       DL:  8    03 22 f1 00 00 00 00 00
2026-07-30 15:23:56,365 [DEBUG] Rx: <7AE> (08) [p]	 0662f100312e30aa
2026-07-30 15:23:56,415 [INFO] TC_ID-229 - Received: 62F100312E30
2026-07-30 15:23:56,416 [WARNING] TC_ID-229 - PreCondition: PC_ID-029  Testcase:B_CAN_Database_Version_F1_00_Read(Defaultsession) -> ❌ FAIL - Expected 0662F100312E30AA
2026-07-30 15:23:56,416 [DEBUG] Stopping CanStack
2026-07-30 15:23:56,417 [DEBUG] Main thread is exiting
2026-07-30 15:23:56,466 [DEBUG] CanStack Stopped
2026-07-30 15:23:56,467 [INFO] Connection closed
2026-07-30 15:23:56,467 [INFO] Running Test Case: TC_ID-230
2026-07-30 15:23:56,468 [DEBUG] Starting CanStack
2026-07-30 15:23:56,469 [DEBUG] Main thread has started
2026-07-30 15:23:56,470 [DEBUG] Relay thread has started
2026-07-30 15:23:56,471 [INFO] Connection opened
2026-07-30 15:23:56,472 [INFO] Switched to physical mode for TC: TC_ID-230 Step: PreCondition: PC_ID-029  Testcase:Vehicle_Manufacturer_Spare_Part_Number_F1_87_Read(Defaultsession)
2026-07-30 15:23:56,473 [INFO] TC_ID-230 - PreCondition: PC_ID-029  Testcase:Vehicle_Manufacturer_Spare_Part_Number_F1_87_Read(Defaultsession): SID=0x22, Sub=0xF187, Expected=[16, 13, 98, 241, 135, 57, 51, 52, 68, 56, 71, 66, 53, 49, 48]
2026-07-30 15:23:56,576 [INFO] TC_ID-230 - PreCondition: PC_ID-029  Testcase:Vehicle_Manufacturer_Spare_Part_Number_F1_87_Read(Defaultsession): Sending request 22F187
2026-07-30 15:23:56,577 [INFO] TC_ID-230 - PreCondition: PC_ID-029  Testcase:Vehicle_Manufacturer_Spare_Part_Number_F1_87_Read(Defaultsession): Sending request 22F187
2026-07-30 15:23:56,578 [DEBUG] Sending 3 bytes : [22f187]
2026-07-30 15:23:56,579 [DEBUG] Enqueuing a SendRequest for 3 bytes and TAT=Physical
2026-07-30 15:23:56,581 [DEBUG] Tx: <7A6> (08) [ ]	 0322f18700000000
2026-07-30 15:23:56,583 [DEBUG] We've been asked to write a message to the bus
2026-07-30 15:23:56,583 [DEBUG] sending: Timestamp:        0.000000    ID:      7a6    S Rx       BS       DL:  8    03 22 f1 87 00 00 00 00
2026-07-30 15:23:56,604 [DEBUG] We've been asked to write a message to the bus
2026-07-30 15:23:56,605 [DEBUG] Rx: <7AE> (08) [p]	 100d62f187393334
2026-07-30 15:23:56,607 [DEBUG] sending: Timestamp:        0.000000    ID:      7a6    S Rx       BS       DL:  8    30 08 0a 00 00 00 00 00
2026-07-30 15:23:56,608 [DEBUG] Tx: <7A6> (08) [ ]	 30080a0000000000
2026-07-30 15:23:56,611 [DEBUG] We've been asked to write a message to the bus
2026-07-30 15:23:56,613 [DEBUG] sending: Timestamp:        0.000000    ID:      7a6    S Rx       BS       DL:  8    30 08 0a 00 00 00 00 00
2026-07-30 15:23:56,616 [DEBUG] TxState=IDLE - RxState=WAIT_CF
2026-07-30 15:23:56,631 [DEBUG] Rx: <7AE> (08) [p]	 2144384742353130
2026-07-30 15:23:56,675 [INFO] TC_ID-230 - Received: 62F18739333444384742353130
2026-07-30 15:23:56,677 [WARNING] TC_ID-230 - PreCondition: PC_ID-029  Testcase:Vehicle_Manufacturer_Spare_Part_Number_F1_87_Read(Defaultsession) -> ❌ FAIL - Expected 100D62F18739333444384742353130
2026-07-30 15:23:56,678 [DEBUG] Stopping CanStack
2026-07-30 15:23:56,679 [DEBUG] TxState=IDLE - RxState=IDLE
2026-07-30 15:23:56,680 [DEBUG] Main thread is exiting
2026-07-30 15:23:56,682 [DEBUG] CanStack Stopped
2026-07-30 15:23:56,683 [INFO] Connection closed
2026-07-30 15:23:56,684 [INFO] Running Test Case: TC_ID-231
2026-07-30 15:23:56,685 [DEBUG] Starting CanStack
2026-07-30 15:23:56,687 [DEBUG] Main thread has started
2026-07-30 15:23:56,689 [DEBUG] Relay thread has started
2026-07-30 15:23:56,692 [INFO] Connection opened
2026-07-30 15:23:56,695 [INFO] Switched to physical mode for TC: TC_ID-231 Step: PreCondition: PC_ID-029  Testcase:Manufacturing_F1_8B_Read(Defaultsession)
2026-07-30 15:23:56,698 [INFO] TC_ID-231 - PreCondition: PC_ID-029  Testcase:Manufacturing_F1_8B_Read(Defaultsession): SID=0x22, Sub=0xF18B, Expected=[7, 98, 241, 139, 32, 37, 18, 25]
2026-07-30 15:23:56,789 [INFO] TC_ID-231 - PreCondition: PC_ID-029  Testcase:Manufacturing_F1_8B_Read(Defaultsession): Sending request 22F18B
2026-07-30 15:23:56,790 [INFO] TC_ID-231 - PreCondition: PC_ID-029  Testcase:Manufacturing_F1_8B_Read(Defaultsession): Sending request 22F18B
2026-07-30 15:23:56,791 [DEBUG] Sending 3 bytes : [22f18b]
2026-07-30 15:23:56,792 [DEBUG] Enqueuing a SendRequest for 3 bytes and TAT=Physical
2026-07-30 15:23:56,794 [DEBUG] Tx: <7A6> (08) [ ]	 0322f18b00000000
2026-07-30 15:23:56,795 [DEBUG] We've been asked to write a message to the bus
2026-07-30 15:23:56,796 [DEBUG] sending: Timestamp:        0.000000    ID:      7a6    S Rx       BS       DL:  8    03 22 f1 8b 00 00 00 00
2026-07-30 15:23:56,809 [DEBUG] Rx: <7AE> (08) [p]	 0762f18b20251219
2026-07-30 15:23:56,855 [INFO] TC_ID-231 - Received: 62F18B20251219
2026-07-30 15:23:56,856 [WARNING] TC_ID-231 - PreCondition: PC_ID-029  Testcase:Manufacturing_F1_8B_Read(Defaultsession) -> ❌ FAIL - Expected 0762F18B20251219
2026-07-30 15:23:56,857 [DEBUG] Stopping CanStack
2026-07-30 15:23:56,858 [DEBUG] Main thread is exiting
2026-07-30 15:23:56,859 [DEBUG] CanStack Stopped
2026-07-30 15:23:56,860 [INFO] Connection closed
2026-07-30 15:23:56,860 [INFO] Running Test Case: TC_ID-232
2026-07-30 15:23:56,861 [DEBUG] Starting CanStack
2026-07-30 15:23:56,862 [DEBUG] Main thread has started
2026-07-30 15:23:56,863 [DEBUG] Relay thread has started
2026-07-30 15:23:56,864 [INFO] Connection opened
2026-07-30 15:23:56,865 [INFO] Switched to physical mode for TC: TC_ID-232 Step: PreCondition: PC_ID-029  Testcase:ECU_Serial_Number_F1_8C_Read(Defaultsession)
2026-07-30 15:23:56,865 [INFO] TC_ID-232 - PreCondition: PC_ID-029  Testcase:ECU_Serial_Number_F1_8C_Read(Defaultsession): SID=0x22, Sub=0xF18C, Expected=[16, 11, 98, 241, 140, 48, 48, 48, 48, 48, 48, 48, 49, 170, 170]
2026-07-30 15:23:56,954 [INFO] TC_ID-232 - PreCondition: PC_ID-029  Testcase:ECU_Serial_Number_F1_8C_Read(Defaultsession): Sending request 22F18C
2026-07-30 15:23:56,955 [INFO] TC_ID-232 - PreCondition: PC_ID-029  Testcase:ECU_Serial_Number_F1_8C_Read(Defaultsession): Sending request 22F18C
2026-07-30 15:23:56,956 [DEBUG] Sending 3 bytes : [22f18c]
2026-07-30 15:23:56,957 [DEBUG] Enqueuing a SendRequest for 3 bytes and TAT=Physical
2026-07-30 15:23:56,959 [DEBUG] Tx: <7A6> (08) [ ]	 0322f18c00000000
2026-07-30 15:23:56,960 [DEBUG] We've been asked to write a message to the bus
2026-07-30 15:23:56,961 [DEBUG] sending: Timestamp:        0.000000    ID:      7a6    S Rx       BS       DL:  8    03 22 f1 8c 00 00 00 00
2026-07-30 15:23:56,975 [DEBUG] We've been asked to write a message to the bus
2026-07-30 15:23:56,977 [DEBUG] sending: Timestamp:        0.000000    ID:      7a6    S Rx       BS       DL:  8    30 08 0a 00 00 00 00 00
2026-07-30 15:23:56,978 [DEBUG] Rx: <7AE> (08) [p]	 100b62f18c303030
2026-07-30 15:23:56,981 [DEBUG] Tx: <7A6> (08) [ ]	 30080a0000000000
2026-07-30 15:23:56,983 [DEBUG] We've been asked to write a message to the bus
2026-07-30 15:23:56,984 [DEBUG] sending: Timestamp:        0.000000    ID:      7a6    S Rx       BS       DL:  8    30 08 0a 00 00 00 00 00
2026-07-30 15:23:56,985 [DEBUG] TxState=IDLE - RxState=WAIT_CF
2026-07-30 15:23:57,008 [DEBUG] Rx: <7AE> (08) [p]	 213030303031aaaa
2026-07-30 15:23:57,056 [INFO] TC_ID-232 - Received: 62F18C3030303030303031
2026-07-30 15:23:57,057 [WARNING] TC_ID-232 - PreCondition: PC_ID-029  Testcase:ECU_Serial_Number_F1_8C_Read(Defaultsession) -> ❌ FAIL - Expected 100B62F18C3030303030303031AAAA
2026-07-30 15:23:57,058 [DEBUG] Stopping CanStack
2026-07-30 15:23:57,058 [DEBUG] TxState=IDLE - RxState=IDLE
2026-07-30 15:23:57,059 [DEBUG] Main thread is exiting
2026-07-30 15:23:57,106 [DEBUG] CanStack Stopped
2026-07-30 15:23:57,106 [INFO] Connection closed
2026-07-30 15:23:57,107 [INFO] Running Test Case: TC_ID-233
2026-07-30 15:23:57,108 [DEBUG] Starting CanStack
2026-07-30 15:23:57,109 [DEBUG] Main thread has started
2026-07-30 15:23:57,110 [DEBUG] Relay thread has started
2026-07-30 15:23:57,111 [INFO] Connection opened
2026-07-30 15:23:57,111 [INFO] Switched to physical mode for TC: TC_ID-233 Step: PreCondition: PC_ID-029  Testcase:Vehicle_Manufacturer_ECU_HW_Number_F1_91_Read(Defaultsession)
2026-07-30 15:23:57,112 [INFO] TC_ID-233 - PreCondition: PC_ID-029  Testcase:Vehicle_Manufacturer_ECU_HW_Number_F1_91_Read(Defaultsession): SID=0x22, Sub=0xF191, Expected=[7, 98, 241, 145, 49, 46, 48, 48]
2026-07-30 15:23:57,207 [INFO] TC_ID-233 - PreCondition: PC_ID-029  Testcase:Vehicle_Manufacturer_ECU_HW_Number_F1_91_Read(Defaultsession): Sending request 22F191
2026-07-30 15:23:57,208 [INFO] TC_ID-233 - PreCondition: PC_ID-029  Testcase:Vehicle_Manufacturer_ECU_HW_Number_F1_91_Read(Defaultsession): Sending request 22F191
2026-07-30 15:23:57,209 [DEBUG] Sending 3 bytes : [22f191]
2026-07-30 15:23:57,210 [DEBUG] Enqueuing a SendRequest for 3 bytes and TAT=Physical
2026-07-30 15:23:57,212 [DEBUG] Tx: <7A6> (08) [ ]	 0322f19100000000
2026-07-30 15:23:57,213 [DEBUG] We've been asked to write a message to the bus
2026-07-30 15:23:57,214 [DEBUG] sending: Timestamp:        0.000000    ID:      7a6    S Rx       BS       DL:  8    03 22 f1 91 00 00 00 00
2026-07-30 15:23:57,228 [DEBUG] Rx: <7AE> (08) [p]	 0762f191312e3030
2026-07-30 15:23:57,274 [INFO] TC_ID-233 - Received: 62F191312E3030
2026-07-30 15:23:57,275 [WARNING] TC_ID-233 - PreCondition: PC_ID-029  Testcase:Vehicle_Manufacturer_ECU_HW_Number_F1_91_Read(Defaultsession) -> ❌ FAIL - Expected 0762F191312E3030
2026-07-30 15:23:57,276 [DEBUG] Stopping CanStack
2026-07-30 15:23:57,277 [DEBUG] Main thread is exiting
2026-07-30 15:23:57,278 [DEBUG] CanStack Stopped
2026-07-30 15:23:57,279 [INFO] Connection closed
2026-07-30 15:23:57,279 [INFO] Running Test Case: TC_ID-234
2026-07-30 15:23:57,280 [DEBUG] Starting CanStack
2026-07-30 15:23:57,281 [DEBUG] Main thread has started
2026-07-30 15:23:57,282 [DEBUG] Relay thread has started
2026-07-30 15:23:57,283 [INFO] Connection opened
2026-07-30 15:23:57,284 [INFO] Switched to physical mode for TC: TC_ID-234 Step: PreCondition: PC_ID-029  Testcase:HardwareVersionNumber_F1_93_Read(Defaultsession)
2026-07-30 15:23:57,284 [INFO] TC_ID-234 - PreCondition: PC_ID-029  Testcase:HardwareVersionNumber_F1_93_Read(Defaultsession): SID=0x22, Sub=0xF193, Expected=[7, 98, 241, 147, 49, 46, 48, 48]
2026-07-30 15:23:57,375 [INFO] TC_ID-234 - PreCondition: PC_ID-029  Testcase:HardwareVersionNumber_F1_93_Read(Defaultsession): Sending request 22F193
2026-07-30 15:23:57,376 [INFO] TC_ID-234 - PreCondition: PC_ID-029  Testcase:HardwareVersionNumber_F1_93_Read(Defaultsession): Sending request 22F193
2026-07-30 15:23:57,377 [DEBUG] Sending 3 bytes : [22f193]
2026-07-30 15:23:57,378 [DEBUG] Enqueuing a SendRequest for 3 bytes and TAT=Physical
2026-07-30 15:23:57,380 [DEBUG] Tx: <7A6> (08) [ ]	 0322f19300000000
2026-07-30 15:23:57,381 [DEBUG] We've been asked to write a message to the bus
2026-07-30 15:23:57,382 [DEBUG] sending: Timestamp:        0.000000    ID:      7a6    S Rx       BS       DL:  8    03 22 f1 93 00 00 00 00
2026-07-30 15:23:57,405 [DEBUG] Rx: <7AE> (08) [p]	 0762f193312e3030
2026-07-30 15:23:57,454 [INFO] TC_ID-234 - Received: 62F193312E3030
2026-07-30 15:23:57,458 [WARNING] TC_ID-234 - PreCondition: PC_ID-029  Testcase:HardwareVersionNumber_F1_93_Read(Defaultsession) -> ❌ FAIL - Expected 0762F193312E3030
2026-07-30 15:23:57,459 [DEBUG] Stopping CanStack
2026-07-30 15:23:57,460 [DEBUG] Main thread is exiting
2026-07-30 15:23:57,507 [DEBUG] CanStack Stopped
2026-07-30 15:23:57,508 [INFO] Connection closed
2026-07-30 15:23:57,509 [INFO] Running Test Case: TC_ID-235
2026-07-30 15:23:57,509 [DEBUG] Starting CanStack
2026-07-30 15:23:57,511 [DEBUG] Main thread has started
2026-07-30 15:23:57,511 [DEBUG] Relay thread has started
2026-07-30 15:23:57,512 [INFO] Connection opened
2026-07-30 15:23:57,513 [INFO] Switched to physical mode for TC: TC_ID-235 Step: PreCondition: PC_ID-029  Testcase:ECUSoftwareUnit1IVDDataIdentifier_F1_C1_Read(Defaultsession)
2026-07-30 15:23:57,514 [INFO] TC_ID-235 - PreCondition: PC_ID-029  Testcase:ECUSoftwareUnit1IVDDataIdentifier_F1_C1_Read(Defaultsession): SID=0x22, Sub=0xF1C1, Expected=[3, 98, 241, 193, 170, 170, 170, 170]
2026-07-30 15:23:57,609 [INFO] TC_ID-235 - PreCondition: PC_ID-029  Testcase:ECUSoftwareUnit1IVDDataIdentifier_F1_C1_Read(Defaultsession): Sending request 22F1C1
2026-07-30 15:23:57,610 [INFO] TC_ID-235 - PreCondition: PC_ID-029  Testcase:ECUSoftwareUnit1IVDDataIdentifier_F1_C1_Read(Defaultsession): Sending request 22F1C1
2026-07-30 15:23:57,611 [DEBUG] Sending 3 bytes : [22f1c1]
2026-07-30 15:23:57,612 [DEBUG] Enqueuing a SendRequest for 3 bytes and TAT=Physical
2026-07-30 15:23:57,614 [DEBUG] Tx: <7A6> (08) [ ]	 0322f1c100000000
2026-07-30 15:23:57,690 [DEBUG] We've been asked to write a message to the bus
2026-07-30 15:23:57,690 [DEBUG] sending: Timestamp:        0.000000    ID:      7a6    S Rx       BS       DL:  8    03 22 f1 c1 00 00 00 00
2026-07-30 15:23:57,694 [DEBUG] Rx: <7AE> (08) [p]	 037f2222aaaaaaaa
2026-07-30 15:23:57,745 [INFO] TC_ID-235 - Received: 7F2222
2026-07-30 15:23:57,748 [WARNING] TC_ID-235 - PreCondition: PC_ID-029  Testcase:ECUSoftwareUnit1IVDDataIdentifier_F1_C1_Read(Defaultsession) -> ❌ FAIL - Expected 0362F1C1AAAAAAAA
2026-07-30 15:23:57,749 [DEBUG] Stopping CanStack
2026-07-30 15:23:57,750 [DEBUG] Main thread is exiting
2026-07-30 15:23:57,795 [DEBUG] CanStack Stopped
2026-07-30 15:23:57,796 [INFO] Connection closed
2026-07-30 15:23:57,797 [INFO] Running Test Case: TC_ID-236
2026-07-30 15:23:57,797 [DEBUG] Starting CanStack
2026-07-30 15:23:57,798 [DEBUG] Main thread has started
2026-07-30 15:23:57,799 [DEBUG] Relay thread has started
2026-07-30 15:23:57,800 [INFO] Connection opened
2026-07-30 15:23:57,801 [INFO] Switched to physical mode for TC: TC_ID-236 Step: PreCondition: PC_ID-029  Testcase:ECUSoftwareUnit2 IVDDataIdentifier_F1_C2_Read(Defaultsession)
2026-07-30 15:23:57,801 [INFO] TC_ID-236 - PreCondition: PC_ID-029  Testcase:ECUSoftwareUnit2 IVDDataIdentifier_F1_C2_Read(Defaultsession): SID=0x22, Sub=0xF1C2, Expected=[3, 98, 241, 194, 170, 170, 170, 170]
2026-07-30 15:23:57,898 [INFO] TC_ID-236 - PreCondition: PC_ID-029  Testcase:ECUSoftwareUnit2 IVDDataIdentifier_F1_C2_Read(Defaultsession): Sending request 22F1C2
2026-07-30 15:23:57,899 [INFO] TC_ID-236 - PreCondition: PC_ID-029  Testcase:ECUSoftwareUnit2 IVDDataIdentifier_F1_C2_Read(Defaultsession): Sending request 22F1C2
2026-07-30 15:23:57,900 [DEBUG] Sending 3 bytes : [22f1c2]
2026-07-30 15:23:57,901 [DEBUG] Enqueuing a SendRequest for 3 bytes and TAT=Physical
2026-07-30 15:23:57,903 [DEBUG] Tx: <7A6> (08) [ ]	 0322f1c200000000
2026-07-30 15:23:57,904 [DEBUG] We've been asked to write a message to the bus
2026-07-30 15:23:57,905 [DEBUG] sending: Timestamp:        0.000000    ID:      7a6    S Rx       BS       DL:  8    03 22 f1 c2 00 00 00 00
2026-07-30 15:23:57,919 [DEBUG] Rx: <7AE> (08) [p]	 037f2212aaaaaaaa
2026-07-30 15:23:57,965 [INFO] TC_ID-236 - Received: 7F2212
2026-07-30 15:23:57,966 [WARNING] TC_ID-236 - PreCondition: PC_ID-029  Testcase:ECUSoftwareUnit2 IVDDataIdentifier_F1_C2_Read(Defaultsession) -> ❌ FAIL - Expected 0362F1C2AAAAAAAA
2026-07-30 15:23:57,967 [DEBUG] Stopping CanStack
2026-07-30 15:23:57,967 [DEBUG] Main thread is exiting
2026-07-30 15:23:57,969 [DEBUG] CanStack Stopped
2026-07-30 15:23:57,970 [INFO] Connection closed
2026-07-30 15:23:57,970 [INFO] Running Test Case: TC_ID-237
2026-07-30 15:23:57,971 [DEBUG] Starting CanStack
2026-07-30 15:23:57,972 [DEBUG] Main thread has started
2026-07-30 15:23:57,973 [DEBUG] Relay thread has started
2026-07-30 15:23:57,974 [INFO] Connection opened
2026-07-30 15:23:57,974 [INFO] Switched to physical mode for TC: TC_ID-237 Step: PreCondition: PC_ID-029  Testcase:SystemSupplierECUSoftwareVersionNumbe_DataIdentifier_F1_95_Read(Defaultsession)
2026-07-30 15:23:57,975 [INFO] TC_ID-237 - PreCondition: PC_ID-029  Testcase:SystemSupplierECUSoftwareVersionNumbe_DataIdentifier_F1_95_Read(Defaultsession): SID=0x22, Sub=0xF195, Expected=[7, 98, 241, 149, 49, 46, 48, 48]
2026-07-30 15:23:58,082 [INFO] TC_ID-237 - PreCondition: PC_ID-029  Testcase:SystemSupplierECUSoftwareVersionNumbe_DataIdentifier_F1_95_Read(Defaultsession): Sending request 22F195
2026-07-30 15:23:58,083 [INFO] TC_ID-237 - PreCondition: PC_ID-029  Testcase:SystemSupplierECUSoftwareVersionNumbe_DataIdentifier_F1_95_Read(Defaultsession): Sending request 22F195
2026-07-30 15:23:58,084 [DEBUG] Sending 3 bytes : [22f195]
2026-07-30 15:23:58,085 [DEBUG] Enqueuing a SendRequest for 3 bytes and TAT=Physical
2026-07-30 15:23:58,087 [DEBUG] Tx: <7A6> (08) [ ]	 0322f19500000000
2026-07-30 15:23:58,088 [DEBUG] We've been asked to write a message to the bus
2026-07-30 15:23:58,089 [DEBUG] sending: Timestamp:        0.000000    ID:      7a6    S Rx       BS       DL:  8    03 22 f1 95 00 00 00 00
2026-07-30 15:23:58,100 [DEBUG] Rx: <7AE> (08) [p]	 0762f195312e3030
2026-07-30 15:23:58,147 [INFO] TC_ID-237 - Received: 62F195312E3030
2026-07-30 15:23:58,148 [WARNING] TC_ID-237 - PreCondition: PC_ID-029  Testcase:SystemSupplierECUSoftwareVersionNumbe_DataIdentifier_F1_95_Read(Defaultsession) -> ❌ FAIL - Expected 0762F195312E3030
2026-07-30 15:23:58,149 [DEBUG] Stopping CanStack
2026-07-30 15:23:58,150 [DEBUG] Main thread is exiting
2026-07-30 15:23:58,200 [DEBUG] CanStack Stopped
2026-07-30 15:23:58,201 [INFO] Connection closed
2026-07-30 15:23:58,201 [INFO] Running Test Case: TC_ID-238
2026-07-30 15:23:58,202 [DEBUG] Starting CanStack
2026-07-30 15:23:58,203 [DEBUG] Main thread has started
2026-07-30 15:23:58,204 [DEBUG] Relay thread has started
2026-07-30 15:23:58,205 [INFO] Connection opened
2026-07-30 15:23:58,206 [INFO] Switched to physical mode for TC: TC_ID-238 Step: PreCondition: PC_ID-029  Testcase:Software_Version_for_HKMC_Vehicle_Manufacture_F1_A0_Read(Defaultsession)
2026-07-30 15:23:58,206 [INFO] TC_ID-238 - PreCondition: PC_ID-029  Testcase:Software_Version_for_HKMC_Vehicle_Manufacture_F1_A0_Read(Defaultsession): SID=0x22, Sub=0xF1A0, Expected=[7, 98, 241, 160, 49, 46, 48, 48]
2026-07-30 15:23:58,307 [INFO] TC_ID-238 - PreCondition: PC_ID-029  Testcase:Software_Version_for_HKMC_Vehicle_Manufacture_F1_A0_Read(Defaultsession): Sending request 22F1A0
2026-07-30 15:23:58,308 [INFO] TC_ID-238 - PreCondition: PC_ID-029  Testcase:Software_Version_for_HKMC_Vehicle_Manufacture_F1_A0_Read(Defaultsession): Sending request 22F1A0
2026-07-30 15:23:58,309 [DEBUG] Sending 3 bytes : [22f1a0]
2026-07-30 15:23:58,310 [DEBUG] Enqueuing a SendRequest for 3 bytes and TAT=Physical
2026-07-30 15:23:58,312 [DEBUG] Tx: <7A6> (08) [ ]	 0322f1a000000000
2026-07-30 15:23:58,313 [DEBUG] We've been asked to write a message to the bus
2026-07-30 15:23:58,314 [DEBUG] sending: Timestamp:        0.000000    ID:      7a6    S Rx       BS       DL:  8    03 22 f1 a0 00 00 00 00
2026-07-30 15:23:58,327 [DEBUG] Rx: <7AE> (08) [p]	 0762f1a0312e3030
2026-07-30 15:23:58,375 [INFO] TC_ID-238 - Received: 62F1A0312E3030
2026-07-30 15:23:58,376 [WARNING] TC_ID-238 - PreCondition: PC_ID-029  Testcase:Software_Version_for_HKMC_Vehicle_Manufacture_F1_A0_Read(Defaultsession) -> ❌ FAIL - Expected 0762F1A0312E3030
2026-07-30 15:23:58,377 [DEBUG] Stopping CanStack
2026-07-30 15:23:58,378 [DEBUG] Main thread is exiting
2026-07-30 15:23:58,428 [DEBUG] CanStack Stopped
2026-07-30 15:23:58,429 [INFO] Connection closed
2026-07-30 15:23:58,429 [INFO] Running Test Case: TC_ID-239
2026-07-30 15:23:58,430 [DEBUG] Starting CanStack
2026-07-30 15:23:58,431 [DEBUG] Main thread has started
2026-07-30 15:23:58,432 [DEBUG] Relay thread has started
2026-07-30 15:23:58,433 [INFO] Connection opened
2026-07-30 15:23:58,434 [INFO] Switched to physical mode for TC: TC_ID-239 Step: PreCondition: PC_ID-029  Testcase:ECU_Supplier_Code_F1_A1_Read(Defaultsession)
2026-07-30 15:23:58,434 [INFO] TC_ID-239 - PreCondition: PC_ID-029  Testcase:ECU_Supplier_Code_F1_A1_Read(Defaultsession): SID=0x22, Sub=0xF1A1, Expected=[7, 98, 241, 161, 83, 49, 49, 48]
2026-07-30 15:23:58,523 [INFO] TC_ID-239 - PreCondition: PC_ID-029  Testcase:ECU_Supplier_Code_F1_A1_Read(Defaultsession): Sending request 22F1A1
2026-07-30 15:23:58,524 [INFO] TC_ID-239 - PreCondition: PC_ID-029  Testcase:ECU_Supplier_Code_F1_A1_Read(Defaultsession): Sending request 22F1A1
2026-07-30 15:23:58,524 [DEBUG] Sending 3 bytes : [22f1a1]
2026-07-30 15:23:58,526 [DEBUG] Enqueuing a SendRequest for 3 bytes and TAT=Physical
2026-07-30 15:23:58,527 [DEBUG] Tx: <7A6> (08) [ ]	 0322f1a100000000
2026-07-30 15:23:58,529 [DEBUG] We've been asked to write a message to the bus
2026-07-30 15:23:58,530 [DEBUG] sending: Timestamp:        0.000000    ID:      7a6    S Rx       BS       DL:  8    03 22 f1 a1 00 00 00 00
2026-07-30 15:23:58,540 [DEBUG] Rx: <7AE> (08) [p]	 0762f1a153313130
2026-07-30 15:23:58,586 [INFO] TC_ID-239 - Received: 62F1A153313130
2026-07-30 15:23:58,587 [WARNING] TC_ID-239 - PreCondition: PC_ID-029  Testcase:ECU_Supplier_Code_F1_A1_Read(Defaultsession) -> ❌ FAIL - Expected 0762F1A153313130
2026-07-30 15:23:58,587 [DEBUG] Stopping CanStack
2026-07-30 15:23:58,588 [DEBUG] Main thread is exiting
2026-07-30 15:23:58,590 [DEBUG] CanStack Stopped
2026-07-30 15:23:58,590 [INFO] Connection closed
2026-07-30 15:23:58,591 [INFO] Running Test Case: TC_ID-240
2026-07-30 15:23:58,592 [DEBUG] Starting CanStack
2026-07-30 15:23:58,593 [DEBUG] Main thread has started
2026-07-30 15:23:58,594 [DEBUG] Relay thread has started
2026-07-30 15:23:58,595 [INFO] Connection opened
2026-07-30 15:23:58,596 [INFO] Switched to physical mode for TC: TC_ID-240 Step: PreCondition: PC_ID-029  Testcase:ECU_Software_UNIT_number_F1_B0_Read(Defaultsession)
2026-07-30 15:23:58,596 [INFO] TC_ID-240 - PreCondition: PC_ID-029  Testcase:ECU_Software_UNIT_number_F1_B0_Read(Defaultsession): SID=0x22, Sub=0xF1B0, Expected=[4, 98, 241, 176, 1, 170, 170, 170]
2026-07-30 15:23:58,689 [INFO] TC_ID-240 - PreCondition: PC_ID-029  Testcase:ECU_Software_UNIT_number_F1_B0_Read(Defaultsession): Sending request 22F1B0
2026-07-30 15:23:58,690 [INFO] TC_ID-240 - PreCondition: PC_ID-029  Testcase:ECU_Software_UNIT_number_F1_B0_Read(Defaultsession): Sending request 22F1B0
2026-07-30 15:23:58,691 [DEBUG] Sending 3 bytes : [22f1b0]
2026-07-30 15:23:58,692 [DEBUG] Enqueuing a SendRequest for 3 bytes and TAT=Physical
2026-07-30 15:23:58,694 [DEBUG] Tx: <7A6> (08) [ ]	 0322f1b000000000
2026-07-30 15:23:58,695 [DEBUG] We've been asked to write a message to the bus
2026-07-30 15:23:58,696 [DEBUG] sending: Timestamp:        0.000000    ID:      7a6    S Rx       BS       DL:  8    03 22 f1 b0 00 00 00 00
2026-07-30 15:23:58,709 [DEBUG] Rx: <7AE> (08) [p]	 0462f1b001aaaaaa
2026-07-30 15:23:58,756 [INFO] TC_ID-240 - Received: 62F1B001
2026-07-30 15:23:58,757 [WARNING] TC_ID-240 - PreCondition: PC_ID-029  Testcase:ECU_Software_UNIT_number_F1_B0_Read(Defaultsession) -> ❌ FAIL - Expected 0462F1B001AAAAAA
2026-07-30 15:23:58,757 [DEBUG] Stopping CanStack
2026-07-30 15:23:58,758 [DEBUG] Main thread is exiting
2026-07-30 15:23:58,759 [DEBUG] CanStack Stopped
2026-07-30 15:23:58,760 [INFO] Connection closed
2026-07-30 15:23:58,761 [INFO] Running Test Case: TC_ID-241
2026-07-30 15:23:58,761 [DEBUG] Starting CanStack
2026-07-30 15:23:58,762 [DEBUG] Main thread has started
2026-07-30 15:23:58,763 [DEBUG] Relay thread has started
2026-07-30 15:23:58,764 [INFO] Connection opened
2026-07-30 15:23:58,765 [INFO] Switched to physical mode for TC: TC_ID-241 Step: PreCondition: PC_ID-029  Testcase:ECU_Software_UNIT1_Version_F1_B1_Read(Defaultsession)
2026-07-30 15:23:58,766 [INFO] TC_ID-241 - PreCondition: PC_ID-029  Testcase:ECU_Software_UNIT1_Version_F1_B1_Read(Defaultsession): SID=0x22, Sub=0xF1B1, Expected=[7, 98, 241, 177, 49, 46, 48, 48]
2026-07-30 15:23:58,856 [INFO] TC_ID-241 - PreCondition: PC_ID-029  Testcase:ECU_Software_UNIT1_Version_F1_B1_Read(Defaultsession): Sending request 22F1B1
2026-07-30 15:23:58,857 [INFO] TC_ID-241 - PreCondition: PC_ID-029  Testcase:ECU_Software_UNIT1_Version_F1_B1_Read(Defaultsession): Sending request 22F1B1
2026-07-30 15:23:58,858 [DEBUG] Sending 3 bytes : [22f1b1]
2026-07-30 15:23:58,859 [DEBUG] Enqueuing a SendRequest for 3 bytes and TAT=Physical
2026-07-30 15:23:58,861 [DEBUG] Tx: <7A6> (08) [ ]	 0322f1b100000000
2026-07-30 15:23:58,862 [DEBUG] We've been asked to write a message to the bus
2026-07-30 15:23:58,863 [DEBUG] sending: Timestamp:        0.000000    ID:      7a6    S Rx       BS       DL:  8    03 22 f1 b1 00 00 00 00
2026-07-30 15:23:58,877 [DEBUG] Rx: <7AE> (08) [p]	 0762f1b1312e3030
2026-07-30 15:23:58,927 [INFO] TC_ID-241 - Received: 62F1B1312E3030
2026-07-30 15:23:58,928 [WARNING] TC_ID-241 - PreCondition: PC_ID-029  Testcase:ECU_Software_UNIT1_Version_F1_B1_Read(Defaultsession) -> ❌ FAIL - Expected 0762F1B1312E3030
2026-07-30 15:23:58,929 [DEBUG] Stopping CanStack
2026-07-30 15:23:58,930 [DEBUG] Main thread is exiting
2026-07-30 15:23:58,978 [DEBUG] CanStack Stopped
2026-07-30 15:23:58,979 [INFO] Connection closed
2026-07-30 15:23:58,980 [INFO] Running Test Case: TC_ID-242
2026-07-30 15:23:58,980 [DEBUG] Starting CanStack
2026-07-30 15:23:58,982 [DEBUG] Main thread has started
2026-07-30 15:23:58,982 [DEBUG] Relay thread has started
2026-07-30 15:23:58,983 [INFO] Connection opened
2026-07-30 15:23:58,984 [INFO] Switched to physical mode for TC: TC_ID-242 Step: PreCondition: PC_ID-029  Testcase:S_W_Version_Dataidentifier_F1_DD_Read(Defaultsession)
2026-07-30 15:23:58,985 [INFO] TC_ID-242 - PreCondition: PC_ID-029  Testcase:S_W_Version_Dataidentifier_F1_DD_Read(Defaultsession): SID=0x22, Sub=0xF1DD, Expected=[16, 16, 98, 241, 221, 49, 48, 48, 48, 48, 0, 0, 0, 0, 0, 0, 0, 0, 170, 170, 170, 170]
2026-07-30 15:23:59,078 [INFO] TC_ID-242 - PreCondition: PC_ID-029  Testcase:S_W_Version_Dataidentifier_F1_DD_Read(Defaultsession): Sending request 22F1DD
2026-07-30 15:23:59,079 [INFO] TC_ID-242 - PreCondition: PC_ID-029  Testcase:S_W_Version_Dataidentifier_F1_DD_Read(Defaultsession): Sending request 22F1DD
2026-07-30 15:23:59,080 [DEBUG] Sending 3 bytes : [22f1dd]
2026-07-30 15:23:59,081 [DEBUG] Enqueuing a SendRequest for 3 bytes and TAT=Physical
2026-07-30 15:23:59,083 [DEBUG] Tx: <7A6> (08) [ ]	 0322f1dd00000000
2026-07-30 15:23:59,084 [DEBUG] We've been asked to write a message to the bus
2026-07-30 15:23:59,085 [DEBUG] sending: Timestamp:        0.000000    ID:      7a6    S Rx       BS       DL:  8    03 22 f1 dd 00 00 00 00
2026-07-30 15:23:59,099 [DEBUG] Rx: <7AE> (08) [p]	 101062f1dd313030
2026-07-30 15:23:59,100 [DEBUG] We've been asked to write a message to the bus
2026-07-30 15:23:59,101 [DEBUG] Tx: <7A6> (08) [ ]	 30080a0000000000
2026-07-30 15:23:59,102 [DEBUG] sending: Timestamp:        0.000000    ID:      7a6    S Rx       BS       DL:  8    30 08 0a 00 00 00 00 00
2026-07-30 15:23:59,103 [DEBUG] We've been asked to write a message to the bus
2026-07-30 15:23:59,106 [DEBUG] sending: Timestamp:        0.000000    ID:      7a6    S Rx       BS       DL:  8    30 08 0a 00 00 00 00 00
2026-07-30 15:23:59,108 [DEBUG] TxState=IDLE - RxState=WAIT_CF
2026-07-30 15:23:59,130 [DEBUG] Rx: <7AE> (08) [p]	 2130300000000000
2026-07-30 15:23:59,146 [DEBUG] Rx: <7AE> (08) [p]	 22000000aaaaaaaa
2026-07-30 15:23:59,196 [INFO] TC_ID-242 - Received: 62F1DD31303030300000000000000000
2026-07-30 15:23:59,198 [DEBUG] TxState=IDLE - RxState=IDLE
2026-07-30 15:23:59,200 [WARNING] TC_ID-242 - PreCondition: PC_ID-029  Testcase:S_W_Version_Dataidentifier_F1_DD_Read(Defaultsession) -> ❌ FAIL - Expected 101062F1DD31303030300000000000000000AAAAAAAA
2026-07-30 15:23:59,201 [DEBUG] Stopping CanStack
2026-07-30 15:23:59,202 [DEBUG] Main thread is exiting
2026-07-30 15:23:59,248 [DEBUG] CanStack Stopped
2026-07-30 15:23:59,250 [INFO] Connection closed
2026-07-30 15:23:59,250 [INFO] Running Test Case: TC_ID-243
2026-07-30 15:23:59,251 [DEBUG] Starting CanStack
2026-07-30 15:23:59,252 [DEBUG] Main thread has started
2026-07-30 15:23:59,253 [DEBUG] Relay thread has started
2026-07-30 15:23:59,254 [INFO] Connection opened
2026-07-30 15:23:59,255 [INFO] Switched to physical mode for TC: TC_ID-243 Step: PreCondition: PC_ID-029  Testcase:SystemNameOrEngineTypeDataIdentifier_Read(Defaultsession)
2026-07-30 15:23:59,255 [INFO] TC_ID-243 - PreCondition: PC_ID-029  Testcase:SystemNameOrEngineTypeDataIdentifier_Read(Defaultsession): SID=0x22, Sub=0xF197, Expected=[7, 98, 241, 151, 77, 70, 83, 87]
2026-07-30 15:23:59,352 [INFO] TC_ID-243 - PreCondition: PC_ID-029  Testcase:SystemNameOrEngineTypeDataIdentifier_Read(Defaultsession): Sending request 22F197
2026-07-30 15:23:59,353 [INFO] TC_ID-243 - PreCondition: PC_ID-029  Testcase:SystemNameOrEngineTypeDataIdentifier_Read(Defaultsession): Sending request 22F197
2026-07-30 15:23:59,354 [DEBUG] Sending 3 bytes : [22f197]
2026-07-30 15:23:59,355 [DEBUG] Enqueuing a SendRequest for 3 bytes and TAT=Physical
2026-07-30 15:23:59,357 [DEBUG] Tx: <7A6> (08) [ ]	 0322f19700000000
2026-07-30 15:23:59,358 [DEBUG] We've been asked to write a message to the bus
2026-07-30 15:23:59,359 [DEBUG] sending: Timestamp:        0.000000    ID:      7a6    S Rx       BS       DL:  8    03 22 f1 97 00 00 00 00
2026-07-30 15:23:59,369 [DEBUG] Rx: <7AE> (08) [p]	 0762f1974d465357
2026-07-30 15:23:59,421 [INFO] TC_ID-243 - Received: 62F1974D465357
2026-07-30 15:23:59,422 [WARNING] TC_ID-243 - PreCondition: PC_ID-029  Testcase:SystemNameOrEngineTypeDataIdentifier_Read(Defaultsession) -> ❌ FAIL - Expected 0762F1974D465357
2026-07-30 15:23:59,423 [DEBUG] Stopping CanStack
2026-07-30 15:23:59,424 [DEBUG] Main thread is exiting
2026-07-30 15:23:59,468 [DEBUG] CanStack Stopped
2026-07-30 15:23:59,469 [INFO] Connection closed
2026-07-30 15:23:59,470 [INFO] Running Test Case: PC_ID-030
2026-07-30 15:23:59,470 [DEBUG] Starting CanStack
2026-07-30 15:23:59,471 [DEBUG] Main thread has started
2026-07-30 15:23:59,472 [DEBUG] Relay thread has started
2026-07-30 15:23:59,474 [INFO] Connection opened
2026-07-30 15:23:59,474 [INFO] Switched to physical mode for TC: PC_ID-030 Step: Start Extended session
2026-07-30 15:23:59,475 [INFO] PC_ID-030 - Start Extended session: SID=0x10, Sub=0x03, Expected=[6, 80, 3, 0, 50, 1, 244, 170]
2026-07-30 15:23:59,536 [INFO] PC_ID-030 - Start Extended session: Sending 1003
2026-07-30 15:23:59,591 [INFO] PC_ID-030 - Start Extended session: Sending request 1003
2026-07-30 15:23:59,592 [DEBUG] Sending 2 bytes : [1003]
2026-07-30 15:23:59,593 [DEBUG] Enqueuing a SendRequest for 2 bytes and TAT=Physical
2026-07-30 15:23:59,595 [DEBUG] Tx: <7A6> (08) [ ]	 0210030000000000
2026-07-30 15:23:59,596 [DEBUG] We've been asked to write a message to the bus
2026-07-30 15:23:59,597 [DEBUG] sending: Timestamp:        0.000000    ID:      7a6    S Rx       BS       DL:  8    02 10 03 00 00 00 00 00
2026-07-30 15:23:59,606 [INFO] PC_ID-030 - Received: 5003003201F4
2026-07-30 15:23:59,614 [WARNING] PC_ID-030 - Start Extended session -> FAIL - Unexpected response
2026-07-30 15:23:59,615 [DEBUG] Rx: <7AE> (08) [p]	 065003003201f4aa
2026-07-30 15:23:59,616 [DEBUG] Stopping CanStack
2026-07-30 15:23:59,623 [DEBUG] Main thread is exiting
2026-07-30 15:23:59,664 [DEBUG] CanStack Stopped
2026-07-30 15:23:59,665 [INFO] Connection closed
2026-07-30 15:23:59,666 [INFO] Running Test Case: TC_ID-244
2026-07-30 15:23:59,670 [DEBUG] Starting CanStack
2026-07-30 15:23:59,675 [DEBUG] Main thread has started
2026-07-30 15:23:59,678 [DEBUG] Relay thread has started
2026-07-30 15:23:59,679 [INFO] Connection opened
2026-07-30 15:23:59,680 [INFO] Switched to physical mode for TC: TC_ID-244 Step: PreCondition: PC_ID-030  Testcase:Read DTC with Extended session(19 02)
2026-07-30 15:23:59,680 [INFO] TC_ID-244 - PreCondition: PC_ID-030  Testcase:Read DTC with Extended session(19 02): SID=0x19, Sub=0x02, Expected=[3, 89, 2, 8, 170, 170, 170, 170]
2026-07-30 15:23:59,765 [INFO] TC_ID-244 - PreCondition: PC_ID-030  Testcase:Read DTC with Extended session(19 02): Sending 190208
2026-07-30 15:23:59,766 [INFO] TC_ID-244 - PreCondition: PC_ID-030  Testcase:Read DTC with Extended session(19 02): Sending request 190208
2026-07-30 15:23:59,766 [DEBUG] Sending 3 bytes : [190208]
2026-07-30 15:23:59,768 [DEBUG] Enqueuing a SendRequest for 3 bytes and TAT=Physical
2026-07-30 15:23:59,769 [DEBUG] Tx: <7A6> (08) [ ]	 0319020800000000
2026-07-30 15:23:59,771 [DEBUG] We've been asked to write a message to the bus
2026-07-30 15:23:59,772 [DEBUG] sending: Timestamp:        0.000000    ID:      7a6    S Rx       BS       DL:  8    03 19 02 08 00 00 00 00
2026-07-30 15:23:59,785 [WARNING] -----------------------------------------------TC_ID-244 PreCondition: PC_ID-030  Testcase:Read DTC with Extended session(19 02) -> FAIL - Expected [3, 89, 2, 8, 170, 170, 170, 170], got [89, 2, 0]-----------------------------------------------
2026-07-30 15:23:59,788 [DEBUG] Stopping CanStack
2026-07-30 15:23:59,789 [DEBUG] Rx: <7AE> (08) [p]	 03590200aaaaaaaa
2026-07-30 15:23:59,791 [DEBUG] Main thread is exiting
2026-07-30 15:23:59,838 [DEBUG] CanStack Stopped
2026-07-30 15:23:59,839 [INFO] Connection closed
2026-07-30 15:23:59,840 [INFO] Running Test Case: TC_ID-245
2026-07-30 15:23:59,840 [DEBUG] Starting CanStack
2026-07-30 15:23:59,841 [DEBUG] Main thread has started
2026-07-30 15:23:59,842 [DEBUG] Relay thread has started
2026-07-30 15:23:59,843 [INFO] Connection opened
2026-07-30 15:23:59,844 [INFO] Switched to physical mode for TC: TC_ID-245 Step: PreCondition: PC_ID-030  Testcase:Fault memory clear Extended session(14 FFFFFF)
2026-07-30 15:23:59,844 [INFO] TC_ID-245 - PreCondition: PC_ID-030  Testcase:Fault memory clear Extended session(14 FFFFFF): SID=0x14, Sub=0xFFFFFF, Expected=[1, 84, 170, 170, 170, 170, 170, 170]
2026-07-30 15:23:59,932 [INFO] TC_ID-245 - PreCondition: PC_ID-030  Testcase:Fault memory clear Extended session(14 FFFFFF): Sending 14FFFFFF
2026-07-30 15:23:59,933 [INFO] TC_ID-245 - PreCondition: PC_ID-030  Testcase:Fault memory clear Extended session(14 FFFFFF): Sending request 14FFFFFF
2026-07-30 15:23:59,933 [DEBUG] Sending 4 bytes : [14ffffff]
2026-07-30 15:23:59,935 [DEBUG] Enqueuing a SendRequest for 4 bytes and TAT=Physical
2026-07-30 15:23:59,936 [DEBUG] Tx: <7A6> (08) [ ]	 0414ffffff000000
2026-07-30 15:23:59,938 [DEBUG] We've been asked to write a message to the bus
2026-07-30 15:23:59,939 [DEBUG] sending: Timestamp:        0.000000    ID:      7a6    S Rx       BS       DL:  8    04 14 ff ff ff 00 00 00
2026-07-30 15:23:59,949 [DEBUG] Rx: <7AE> (08) [p]	 0154aaaaaaaaaaaa
2026-07-30 15:23:59,952 [WARNING] -----------------------------------------------TC_ID-245 PreCondition: PC_ID-030  Testcase:Fault memory clear Extended session(14 FFFFFF) -> FAIL - Expected [1, 84, 170, 170, 170, 170, 170, 170], got [84]-----------------------------------------------
2026-07-30 15:23:59,954 [DEBUG] Stopping CanStack
2026-07-30 15:23:59,955 [DEBUG] Main thread is exiting
2026-07-30 15:23:59,997 [DEBUG] CanStack Stopped
2026-07-30 15:23:59,998 [INFO] Connection closed
2026-07-30 15:23:59,999 [INFO] Running Test Case: TC_ID-246
2026-07-30 15:23:59,999 [DEBUG] Starting CanStack
2026-07-30 15:24:00,000 [DEBUG] Main thread has started
2026-07-30 15:24:00,001 [DEBUG] Relay thread has started
2026-07-30 15:24:00,002 [INFO] Connection opened
2026-07-30 15:24:00,003 [INFO] Switched to physical mode for TC: TC_ID-246 Step: PreCondition: PC_ID-030  Testcase:- Input Output Record Local Identifier #1(Extended session)
2026-07-30 15:24:00,003 [INFO] TC_ID-246 - PreCondition: PC_ID-030  Testcase:- Input Output Record Local Identifier #1(Extended session): SID=0x22, Sub=0xB302, Expected=[16, 9, 98, 179, 2, 255, 255, 0, 0, 0, 147, 170, 170, 170, 170]
2026-07-30 15:24:00,098 [INFO] TC_ID-246 - PreCondition: PC_ID-030  Testcase:- Input Output Record Local Identifier #1(Extended session): Sending request 22B302
2026-07-30 15:24:00,099 [INFO] TC_ID-246 - PreCondition: PC_ID-030  Testcase:- Input Output Record Local Identifier #1(Extended session): Sending request 22B302
2026-07-30 15:24:00,101 [DEBUG] Sending 3 bytes : [22b302]
2026-07-30 15:24:00,102 [DEBUG] Enqueuing a SendRequest for 3 bytes and TAT=Physical
2026-07-30 15:24:00,105 [DEBUG] Tx: <7A6> (08) [ ]	 0322b30200000000
2026-07-30 15:24:00,107 [DEBUG] We've been asked to write a message to the bus
2026-07-30 15:24:00,108 [DEBUG] sending: Timestamp:        0.000000    ID:      7a6    S Rx       BS       DL:  8    03 22 b3 02 00 00 00 00
2026-07-30 15:24:00,126 [DEBUG] We've been asked to write a message to the bus
2026-07-30 15:24:00,128 [DEBUG] sending: Timestamp:        0.000000    ID:      7a6    S Rx       BS       DL:  8    30 08 0a 00 00 00 00 00
2026-07-30 15:24:00,131 [DEBUG] Rx: <7AE> (08) [p]	 100962b302ffff00
2026-07-30 15:24:00,134 [DEBUG] Tx: <7A6> (08) [ ]	 30080a0000000000
2026-07-30 15:24:00,136 [DEBUG] We've been asked to write a message to the bus
2026-07-30 15:24:00,137 [DEBUG] sending: Timestamp:        0.000000    ID:      7a6    S Rx       BS       DL:  8    30 08 0a 00 00 00 00 00
2026-07-30 15:24:00,140 [DEBUG] TxState=IDLE - RxState=WAIT_CF
2026-07-30 15:24:00,150 [DEBUG] Rx: <7AE> (08) [p]	 21000093aaaaaaaa
2026-07-30 15:24:00,198 [INFO] TC_ID-246 - Received: 62B302FFFF00000093
2026-07-30 15:24:00,200 [WARNING] TC_ID-246 - PreCondition: PC_ID-030  Testcase:- Input Output Record Local Identifier #1(Extended session) -> ❌ FAIL - Expected 100962B302FFFF00000093AAAAAAAA
2026-07-30 15:24:00,202 [DEBUG] Stopping CanStack
2026-07-30 15:24:00,204 [DEBUG] TxState=IDLE - RxState=IDLE
2026-07-30 15:24:00,205 [DEBUG] Main thread is exiting
2026-07-30 15:24:00,251 [DEBUG] CanStack Stopped
2026-07-30 15:24:00,255 [INFO] Connection closed
2026-07-30 15:24:00,259 [INFO] Running Test Case: TC_ID-247
2026-07-30 15:24:00,263 [DEBUG] Starting CanStack
2026-07-30 15:24:00,265 [DEBUG] Main thread has started
2026-07-30 15:24:00,267 [DEBUG] Relay thread has started
2026-07-30 15:24:00,269 [INFO] Connection opened
2026-07-30 15:24:00,270 [INFO] Switched to physical mode for TC: TC_ID-247 Step: PreCondition: PC_ID-030  Testcase:- Input Output Record Local Identifier #2(Extended session)
2026-07-30 15:24:00,271 [INFO] TC_ID-247 - PreCondition: PC_ID-030  Testcase:- Input Output Record Local Identifier #2(Extended session): SID=0x22, Sub=0xB303, Expected=[16, 11, 98, 179, 3, 255, 255, 255, 1, 8, 0, 0, 1, 170, 170]
2026-07-30 15:24:00,387 [INFO] TC_ID-247 - PreCondition: PC_ID-030  Testcase:- Input Output Record Local Identifier #2(Extended session): Sending request 22B303
2026-07-30 15:24:00,387 [INFO] TC_ID-247 - PreCondition: PC_ID-030  Testcase:- Input Output Record Local Identifier #2(Extended session): Sending request 22B303
2026-07-30 15:24:00,388 [DEBUG] Sending 3 bytes : [22b303]
2026-07-30 15:24:00,389 [DEBUG] Enqueuing a SendRequest for 3 bytes and TAT=Physical
2026-07-30 15:24:00,391 [DEBUG] Tx: <7A6> (08) [ ]	 0322b30300000000
2026-07-30 15:24:00,392 [DEBUG] We've been asked to write a message to the bus
2026-07-30 15:24:00,393 [DEBUG] sending: Timestamp:        0.000000    ID:      7a6    S Rx       BS       DL:  8    03 22 b3 03 00 00 00 00
2026-07-30 15:24:00,408 [DEBUG] We've been asked to write a message to the bus
2026-07-30 15:24:00,408 [DEBUG] Rx: <7AE> (08) [p]	 100b62b303ffffff
2026-07-30 15:24:00,409 [DEBUG] sending: Timestamp:        0.000000    ID:      7a6    S Rx       BS       DL:  8    30 08 0a 00 00 00 00 00
2026-07-30 15:24:00,411 [DEBUG] Tx: <7A6> (08) [ ]	 30080a0000000000
2026-07-30 15:24:00,413 [DEBUG] We've been asked to write a message to the bus
2026-07-30 15:24:00,415 [DEBUG] sending: Timestamp:        0.000000    ID:      7a6    S Rx       BS       DL:  8    30 08 0a 00 00 00 00 00
2026-07-30 15:24:00,417 [DEBUG] TxState=IDLE - RxState=WAIT_CF
2026-07-30 15:24:00,439 [DEBUG] Rx: <7AE> (08) [p]	 210108000001aaaa
2026-07-30 15:24:00,490 [INFO] TC_ID-247 - Received: 62B303FFFFFF0108000001
2026-07-30 15:24:00,491 [DEBUG] TxState=IDLE - RxState=IDLE
2026-07-30 15:24:00,492 [WARNING] TC_ID-247 - PreCondition: PC_ID-030  Testcase:- Input Output Record Local Identifier #2(Extended session) -> ❌ FAIL - Expected 100B62B303FFFFFF0108000001AAAA
2026-07-30 15:24:00,493 [DEBUG] Stopping CanStack
2026-07-30 15:24:00,494 [DEBUG] Main thread is exiting
2026-07-30 15:24:00,539 [DEBUG] CanStack Stopped
2026-07-30 15:24:00,540 [INFO] Connection closed
2026-07-30 15:24:00,541 [INFO] Running Test Case: TC_ID-248
2026-07-30 15:24:00,541 [DEBUG] Starting CanStack
2026-07-30 15:24:00,543 [DEBUG] Main thread has started
2026-07-30 15:24:00,544 [DEBUG] Relay thread has started
2026-07-30 15:24:00,545 [INFO] Connection opened
2026-07-30 15:24:00,546 [INFO] Switched to physical mode for TC: TC_ID-248 Step: PreCondition: PC_ID-030  Testcase:RX_SWIN_F1_EF_Read(Extended session)
2026-07-30 15:24:00,546 [INFO] TC_ID-248 - PreCondition: PC_ID-030  Testcase:RX_SWIN_F1_EF_Read(Extended session): SID=0x22, Sub=0xF1EF, Expected=[16, 43, 98, 241, 239, 7, 166, 11, 82, 49, 48, 32, 77, 81, 52, 47, 49, 47, 48, 12, 82, 49, 53, 53, 32, 77, 81, 52, 47, 49, 47, 48, 12, 82, 49, 53, 54, 32, 77, 81, 52, 47, 49, 47, 48, 170, 170, 170, 170, 170]
2026-07-30 15:24:00,631 [INFO] TC_ID-248 - PreCondition: PC_ID-030  Testcase:RX_SWIN_F1_EF_Read(Extended session): Sending request 22F1EF
2026-07-30 15:24:00,631 [INFO] TC_ID-248 - PreCondition: PC_ID-030  Testcase:RX_SWIN_F1_EF_Read(Extended session): Sending request 22F1EF
2026-07-30 15:24:00,632 [DEBUG] Sending 3 bytes : [22f1ef]
2026-07-30 15:24:00,634 [DEBUG] Enqueuing a SendRequest for 3 bytes and TAT=Physical
2026-07-30 15:24:00,636 [DEBUG] Tx: <7A6> (08) [ ]	 0322f1ef00000000
2026-07-30 15:24:00,637 [DEBUG] We've been asked to write a message to the bus
2026-07-30 15:24:00,638 [DEBUG] sending: Timestamp:        0.000000    ID:      7a6    S Rx       BS       DL:  8    03 22 f1 ef 00 00 00 00
2026-07-30 15:24:00,646 [DEBUG] We've been asked to write a message to the bus
2026-07-30 15:24:00,651 [DEBUG] Rx: <7AE> (08) [p]	 102b62f1ef07a60b
2026-07-30 15:24:00,652 [DEBUG] sending: Timestamp:        0.000000    ID:      7a6    S Rx       BS       DL:  8    30 08 0a 00 00 00 00 00
2026-07-30 15:24:00,654 [DEBUG] Tx: <7A6> (08) [ ]	 30080a0000000000
2026-07-30 15:24:00,656 [DEBUG] We've been asked to write a message to the bus
2026-07-30 15:24:00,658 [DEBUG] sending: Timestamp:        0.000000    ID:      7a6    S Rx       BS       DL:  8    30 08 0a 00 00 00 00 00
2026-07-30 15:24:00,660 [DEBUG] TxState=IDLE - RxState=WAIT_CF
2026-07-30 15:24:00,680 [DEBUG] Rx: <7AE> (08) [p]	 21523130204d5134
2026-07-30 15:24:00,696 [DEBUG] Rx: <7AE> (08) [p]	 222f312f300c5231
2026-07-30 15:24:00,717 [DEBUG] Rx: <7AE> (08) [p]	 233535204d51342f
2026-07-30 15:24:00,736 [DEBUG] Rx: <7AE> (08) [p]	 24312f300c523135
2026-07-30 15:24:00,756 [DEBUG] Rx: <7AE> (08) [p]	 2536204d51342f31
2026-07-30 15:24:00,781 [DEBUG] Rx: <7AE> (08) [p]	 262f30aaaaaaaaaa
2026-07-30 15:24:00,831 [INFO] TC_ID-248 - Received: 62F1EF07A60B523130204D51342F312F300C52313535204D51342F312F300C52313536204D51342F312F30
2026-07-30 15:24:00,833 [WARNING] TC_ID-248 - PreCondition: PC_ID-030  Testcase:RX_SWIN_F1_EF_Read(Extended session) -> ❌ FAIL - Expected 102B62F1EF07A60B523130204D51342F312F300C52313535204D51342F312F300C52313536204D51342F312F30AAAAAAAAAA
2026-07-30 15:24:00,834 [DEBUG] Stopping CanStack
2026-07-30 15:24:00,835 [DEBUG] TxState=IDLE - RxState=IDLE
2026-07-30 15:24:00,836 [DEBUG] Main thread is exiting
2026-07-30 15:24:00,880 [DEBUG] CanStack Stopped
2026-07-30 15:24:00,884 [INFO] Connection closed
2026-07-30 15:24:00,887 [INFO] Running Test Case: TC_ID-249
2026-07-30 15:24:00,891 [DEBUG] Starting CanStack
2026-07-30 15:24:00,892 [DEBUG] Main thread has started
2026-07-30 15:24:00,893 [DEBUG] Relay thread has started
2026-07-30 15:24:00,895 [INFO] Connection opened
2026-07-30 15:24:00,896 [INFO] Switched to physical mode for TC: TC_ID-249 Step: PreCondition: PC_ID-030  Testcase:B_CAN_Database_Version_F1_00_Read(Extendedsession)
2026-07-30 15:24:00,896 [INFO] TC_ID-249 - PreCondition: PC_ID-030  Testcase:B_CAN_Database_Version_F1_00_Read(Extendedsession): SID=0x22, Sub=0xF100, Expected=[6, 98, 241, 0, 49, 46, 48, 170]
2026-07-30 15:24:00,989 [INFO] TC_ID-249 - PreCondition: PC_ID-030  Testcase:B_CAN_Database_Version_F1_00_Read(Extendedsession): Sending request 22F100
2026-07-30 15:24:00,990 [INFO] TC_ID-249 - PreCondition: PC_ID-030  Testcase:B_CAN_Database_Version_F1_00_Read(Extendedsession): Sending request 22F100
2026-07-30 15:24:00,995 [DEBUG] Sending 3 bytes : [22f100]
2026-07-30 15:24:00,996 [DEBUG] Enqueuing a SendRequest for 3 bytes and TAT=Physical
2026-07-30 15:24:01,002 [DEBUG] Tx: <7A6> (08) [ ]	 0322f10000000000
2026-07-30 15:24:01,003 [DEBUG] We've been asked to write a message to the bus
2026-07-30 15:24:01,004 [DEBUG] sending: Timestamp:        0.000000    ID:      7a6    S Rx       BS       DL:  8    03 22 f1 00 00 00 00 00
2026-07-30 15:24:01,029 [DEBUG] Rx: <7AE> (08) [p]	 0662f100312e30aa
2026-07-30 15:24:01,076 [INFO] TC_ID-249 - Received: 62F100312E30
2026-07-30 15:24:01,080 [WARNING] TC_ID-249 - PreCondition: PC_ID-030  Testcase:B_CAN_Database_Version_F1_00_Read(Extendedsession) -> ❌ FAIL - Expected 0662F100312E30AA
2026-07-30 15:24:01,085 [DEBUG] Stopping CanStack
2026-07-30 15:24:01,086 [DEBUG] Main thread is exiting
2026-07-30 15:24:01,129 [DEBUG] CanStack Stopped
2026-07-30 15:24:01,130 [INFO] Connection closed
2026-07-30 15:24:01,131 [INFO] Running Test Case: TC_ID-250
2026-07-30 15:24:01,132 [DEBUG] Starting CanStack
2026-07-30 15:24:01,133 [DEBUG] Main thread has started
2026-07-30 15:24:01,134 [DEBUG] Relay thread has started
2026-07-30 15:24:01,135 [INFO] Connection opened
2026-07-30 15:24:01,135 [INFO] Switched to physical mode for TC: TC_ID-250 Step: PreCondition: PC_ID-030  Testcase:Vehicle_Manufacturer_Spare_Part_Number_F1_87_Read(Extendedsession)
2026-07-30 15:24:01,136 [INFO] TC_ID-250 - PreCondition: PC_ID-030  Testcase:Vehicle_Manufacturer_Spare_Part_Number_F1_87_Read(Extendedsession): SID=0x22, Sub=0xF187, Expected=[16, 13, 98, 241, 135, 57, 51, 52, 68, 56, 71, 66, 53, 49, 48]
2026-07-30 15:24:01,234 [INFO] TC_ID-250 - PreCondition: PC_ID-030  Testcase:Vehicle_Manufacturer_Spare_Part_Number_F1_87_Read(Extendedsession): Sending request 22F187
2026-07-30 15:24:01,235 [INFO] TC_ID-250 - PreCondition: PC_ID-030  Testcase:Vehicle_Manufacturer_Spare_Part_Number_F1_87_Read(Extendedsession): Sending request 22F187
2026-07-30 15:24:01,235 [DEBUG] Sending 3 bytes : [22f187]
2026-07-30 15:24:01,236 [DEBUG] Enqueuing a SendRequest for 3 bytes and TAT=Physical
2026-07-30 15:24:01,237 [DEBUG] Tx: <7A6> (08) [ ]	 0322f18700000000
2026-07-30 15:24:01,238 [DEBUG] We've been asked to write a message to the bus
2026-07-30 15:24:01,238 [DEBUG] sending: Timestamp:        0.000000    ID:      7a6    S Rx       BS       DL:  8    03 22 f1 87 00 00 00 00
2026-07-30 15:24:01,247 [DEBUG] Rx: <7AE> (08) [p]	 100d62f187393334
2026-07-30 15:24:01,250 [DEBUG] We've been asked to write a message to the bus
2026-07-30 15:24:01,254 [DEBUG] Tx: <7A6> (08) [ ]	 30080a0000000000
2026-07-30 15:24:01,257 [DEBUG] sending: Timestamp:        0.000000    ID:      7a6    S Rx       BS       DL:  8    30 08 0a 00 00 00 00 00
2026-07-30 15:24:01,258 [DEBUG] We've been asked to write a message to the bus
2026-07-30 15:24:01,260 [DEBUG] sending: Timestamp:        0.000000    ID:      7a6    S Rx       BS       DL:  8    30 08 0a 00 00 00 00 00
2026-07-30 15:24:01,263 [DEBUG] TxState=IDLE - RxState=WAIT_CF
2026-07-30 15:24:01,276 [DEBUG] Rx: <7AE> (08) [p]	 2144384742353130
2026-07-30 15:24:01,329 [INFO] TC_ID-250 - Received: 62F18739333444384742353130
2026-07-30 15:24:01,330 [WARNING] TC_ID-250 - PreCondition: PC_ID-030  Testcase:Vehicle_Manufacturer_Spare_Part_Number_F1_87_Read(Extendedsession) -> ❌ FAIL - Expected 100D62F18739333444384742353130
2026-07-30 15:24:01,331 [DEBUG] Stopping CanStack
2026-07-30 15:24:01,332 [DEBUG] TxState=IDLE - RxState=IDLE
2026-07-30 15:24:01,334 [DEBUG] Main thread is exiting
2026-07-30 15:24:01,376 [DEBUG] CanStack Stopped
2026-07-30 15:24:01,377 [INFO] Connection closed
2026-07-30 15:24:01,378 [INFO] Running Test Case: TC_ID-251
2026-07-30 15:24:01,378 [DEBUG] Starting CanStack
2026-07-30 15:24:01,380 [DEBUG] Main thread has started
2026-07-30 15:24:01,380 [DEBUG] Relay thread has started
2026-07-30 15:24:01,382 [INFO] Connection opened
2026-07-30 15:24:01,382 [INFO] Switched to physical mode for TC: TC_ID-251 Step: PreCondition: PC_ID-030  Testcase:Manufacturing_F1_8B_Read(Extendedsession)
2026-07-30 15:24:01,383 [INFO] TC_ID-251 - PreCondition: PC_ID-030  Testcase:Manufacturing_F1_8B_Read(Extendedsession): SID=0x22, Sub=0xF18B, Expected=[7, 98, 241, 139, 32, 37, 18, 25]
2026-07-30 15:24:01,470 [INFO] TC_ID-251 - PreCondition: PC_ID-030  Testcase:Manufacturing_F1_8B_Read(Extendedsession): Sending request 22F18B
2026-07-30 15:24:01,471 [INFO] TC_ID-251 - PreCondition: PC_ID-030  Testcase:Manufacturing_F1_8B_Read(Extendedsession): Sending request 22F18B
2026-07-30 15:24:01,472 [DEBUG] Sending 3 bytes : [22f18b]
2026-07-30 15:24:01,473 [DEBUG] Enqueuing a SendRequest for 3 bytes and TAT=Physical
2026-07-30 15:24:01,475 [DEBUG] Tx: <7A6> (08) [ ]	 0322f18b00000000
2026-07-30 15:24:01,476 [DEBUG] We've been asked to write a message to the bus
2026-07-30 15:24:01,477 [DEBUG] sending: Timestamp:        0.000000    ID:      7a6    S Rx       BS       DL:  8    03 22 f1 8b 00 00 00 00
2026-07-30 15:24:01,490 [DEBUG] Rx: <7AE> (08) [p]	 0762f18b20251219
2026-07-30 15:24:01,536 [INFO] TC_ID-251 - Received: 62F18B20251219
2026-07-30 15:24:01,537 [WARNING] TC_ID-251 - PreCondition: PC_ID-030  Testcase:Manufacturing_F1_8B_Read(Extendedsession) -> ❌ FAIL - Expected 0762F18B20251219
2026-07-30 15:24:01,538 [DEBUG] Stopping CanStack
2026-07-30 15:24:01,539 [DEBUG] Main thread is exiting
2026-07-30 15:24:01,540 [DEBUG] CanStack Stopped
2026-07-30 15:24:01,541 [INFO] Connection closed
2026-07-30 15:24:01,542 [INFO] Running Test Case: TC_ID-252
2026-07-30 15:24:01,542 [DEBUG] Starting CanStack
2026-07-30 15:24:01,543 [DEBUG] Main thread has started
2026-07-30 15:24:01,544 [DEBUG] Relay thread has started
2026-07-30 15:24:01,545 [INFO] Connection opened
2026-07-30 15:24:01,546 [INFO] Switched to physical mode for TC: TC_ID-252 Step: PreCondition: PC_ID-030  Testcase:ECU_Serial_Number_F1_8C_Read(Extendedsession)
2026-07-30 15:24:01,546 [INFO] TC_ID-252 - PreCondition: PC_ID-030  Testcase:ECU_Serial_Number_F1_8C_Read(Extendedsession): SID=0x22, Sub=0xF18C, Expected=[16, 11, 98, 241, 140, 48, 48, 48, 48, 48, 48, 48, 49, 170, 170]
2026-07-30 15:24:01,635 [INFO] TC_ID-252 - PreCondition: PC_ID-030  Testcase:ECU_Serial_Number_F1_8C_Read(Extendedsession): Sending request 22F18C
2026-07-30 15:24:01,636 [INFO] TC_ID-252 - PreCondition: PC_ID-030  Testcase:ECU_Serial_Number_F1_8C_Read(Extendedsession): Sending request 22F18C
2026-07-30 15:24:01,637 [DEBUG] Sending 3 bytes : [22f18c]
2026-07-30 15:24:01,639 [DEBUG] Enqueuing a SendRequest for 3 bytes and TAT=Physical
2026-07-30 15:24:01,640 [DEBUG] Tx: <7A6> (08) [ ]	 0322f18c00000000
2026-07-30 15:24:01,642 [DEBUG] We've been asked to write a message to the bus
2026-07-30 15:24:01,643 [DEBUG] sending: Timestamp:        0.000000    ID:      7a6    S Rx       BS       DL:  8    03 22 f1 8c 00 00 00 00
2026-07-30 15:24:01,657 [DEBUG] We've been asked to write a message to the bus
2026-07-30 15:24:01,659 [DEBUG] Rx: <7AE> (08) [p]	 100b62f18c303030
2026-07-30 15:24:01,659 [DEBUG] sending: Timestamp:        0.000000    ID:      7a6    S Rx       BS       DL:  8    30 08 0a 00 00 00 00 00
2026-07-30 15:24:01,661 [DEBUG] Tx: <7A6> (08) [ ]	 30080a0000000000
2026-07-30 15:24:01,664 [DEBUG] We've been asked to write a message to the bus
2026-07-30 15:24:01,666 [DEBUG] sending: Timestamp:        0.000000    ID:      7a6    S Rx       BS       DL:  8    30 08 0a 00 00 00 00 00
2026-07-30 15:24:01,667 [DEBUG] TxState=IDLE - RxState=WAIT_CF
2026-07-30 15:24:01,677 [DEBUG] Rx: <7AE> (08) [p]	 213030303031aaaa
2026-07-30 15:24:01,726 [INFO] TC_ID-252 - Received: 62F18C3030303030303031
2026-07-30 15:24:01,728 [WARNING] TC_ID-252 - PreCondition: PC_ID-030  Testcase:ECU_Serial_Number_F1_8C_Read(Extendedsession) -> ❌ FAIL - Expected 100B62F18C3030303030303031AAAA
2026-07-30 15:24:01,729 [DEBUG] Stopping CanStack
2026-07-30 15:24:01,730 [DEBUG] TxState=IDLE - RxState=IDLE
2026-07-30 15:24:01,732 [DEBUG] Main thread is exiting
2026-07-30 15:24:01,777 [DEBUG] CanStack Stopped
2026-07-30 15:24:01,777 [INFO] Connection closed
2026-07-30 15:24:01,778 [INFO] Running Test Case: TC_ID-253
2026-07-30 15:24:01,779 [DEBUG] Starting CanStack
2026-07-30 15:24:01,780 [DEBUG] Main thread has started
2026-07-30 15:24:01,781 [DEBUG] Relay thread has started
2026-07-30 15:24:01,782 [INFO] Connection opened
2026-07-30 15:24:01,782 [INFO] Switched to physical mode for TC: TC_ID-253 Step: PreCondition: PC_ID-030  Testcase:Vehicle_Manufacturer_ECU_HW_Number_F1_91_Read(Extendedsession)
2026-07-30 15:24:01,783 [INFO] TC_ID-253 - PreCondition: PC_ID-030  Testcase:Vehicle_Manufacturer_ECU_HW_Number_F1_91_Read(Extendedsession): SID=0x22, Sub=0xF191, Expected=[7, 98, 241, 145, 49, 46, 48, 48]
2026-07-30 15:24:01,880 [INFO] TC_ID-253 - PreCondition: PC_ID-030  Testcase:Vehicle_Manufacturer_ECU_HW_Number_F1_91_Read(Extendedsession): Sending request 22F191
2026-07-30 15:24:01,881 [INFO] TC_ID-253 - PreCondition: PC_ID-030  Testcase:Vehicle_Manufacturer_ECU_HW_Number_F1_91_Read(Extendedsession): Sending request 22F191
2026-07-30 15:24:01,882 [DEBUG] Sending 3 bytes : [22f191]
2026-07-30 15:24:01,883 [DEBUG] Enqueuing a SendRequest for 3 bytes and TAT=Physical
2026-07-30 15:24:01,884 [DEBUG] Tx: <7A6> (08) [ ]	 0322f19100000000
2026-07-30 15:24:01,885 [DEBUG] We've been asked to write a message to the bus
2026-07-30 15:24:01,886 [DEBUG] sending: Timestamp:        0.000000    ID:      7a6    S Rx       BS       DL:  8    03 22 f1 91 00 00 00 00
2026-07-30 15:24:01,901 [DEBUG] Rx: <7AE> (08) [p]	 0762f191312e3030
2026-07-30 15:24:01,949 [INFO] TC_ID-253 - Received: 62F191312E3030
2026-07-30 15:24:01,950 [WARNING] TC_ID-253 - PreCondition: PC_ID-030  Testcase:Vehicle_Manufacturer_ECU_HW_Number_F1_91_Read(Extendedsession) -> ❌ FAIL - Expected 0762F191312E3030
2026-07-30 15:24:01,950 [DEBUG] Stopping CanStack
2026-07-30 15:24:01,951 [DEBUG] Main thread is exiting
2026-07-30 15:24:02,001 [DEBUG] CanStack Stopped
2026-07-30 15:24:02,002 [INFO] Connection closed
2026-07-30 15:24:02,003 [INFO] Running Test Case: TC_ID-254
2026-07-30 15:24:02,003 [DEBUG] Starting CanStack
2026-07-30 15:24:02,004 [DEBUG] Main thread has started
2026-07-30 15:24:02,005 [DEBUG] Relay thread has started
2026-07-30 15:24:02,006 [INFO] Connection opened
2026-07-30 15:24:02,007 [INFO] Switched to physical mode for TC: TC_ID-254 Step: PreCondition: PC_ID-030  Testcase:HardwareVersionNumber_F1_93_Read(Extendedsession)
2026-07-30 15:24:02,008 [INFO] TC_ID-254 - PreCondition: PC_ID-030  Testcase:HardwareVersionNumber_F1_93_Read(Extendedsession): SID=0x22, Sub=0xF193, Expected=[7, 98, 241, 147, 49, 46, 48, 48]
2026-07-30 15:24:02,099 [INFO] TC_ID-254 - PreCondition: PC_ID-030  Testcase:HardwareVersionNumber_F1_93_Read(Extendedsession): Sending request 22F193
2026-07-30 15:24:02,100 [INFO] TC_ID-254 - PreCondition: PC_ID-030  Testcase:HardwareVersionNumber_F1_93_Read(Extendedsession): Sending request 22F193
2026-07-30 15:24:02,100 [DEBUG] Sending 3 bytes : [22f193]
2026-07-30 15:24:02,102 [DEBUG] Enqueuing a SendRequest for 3 bytes and TAT=Physical
2026-07-30 15:24:02,104 [DEBUG] Tx: <7A6> (08) [ ]	 0322f19300000000
2026-07-30 15:24:02,105 [DEBUG] We've been asked to write a message to the bus
2026-07-30 15:24:02,106 [DEBUG] sending: Timestamp:        0.000000    ID:      7a6    S Rx       BS       DL:  8    03 22 f1 93 00 00 00 00
2026-07-30 15:24:02,120 [DEBUG] Rx: <7AE> (08) [p]	 0762f193312e3030
2026-07-30 15:24:02,167 [INFO] TC_ID-254 - Received: 62F193312E3030
2026-07-30 15:24:02,167 [WARNING] TC_ID-254 - PreCondition: PC_ID-030  Testcase:HardwareVersionNumber_F1_93_Read(Extendedsession) -> ❌ FAIL - Expected 0762F193312E3030
2026-07-30 15:24:02,168 [DEBUG] Stopping CanStack
2026-07-30 15:24:02,169 [DEBUG] Main thread is exiting
2026-07-30 15:24:02,170 [DEBUG] CanStack Stopped
2026-07-30 15:24:02,171 [INFO] Connection closed
2026-07-30 15:24:02,171 [INFO] Running Test Case: TC_ID-255
2026-07-30 15:24:02,172 [DEBUG] Starting CanStack
2026-07-30 15:24:02,173 [DEBUG] Main thread has started
2026-07-30 15:24:02,174 [DEBUG] Relay thread has started
2026-07-30 15:24:02,175 [INFO] Connection opened
2026-07-30 15:24:02,176 [INFO] Switched to physical mode for TC: TC_ID-255 Step: PreCondition: PC_ID-030  Testcase:ECUSoftwareUnit1IVDDataIdentifier_F1_C1_Read(Extendedsession)
2026-07-30 15:24:02,176 [INFO] TC_ID-255 - PreCondition: PC_ID-030  Testcase:ECUSoftwareUnit1IVDDataIdentifier_F1_C1_Read(Extendedsession): SID=0x22, Sub=0xF1C1, Expected=[3, 98, 241, 193, 170, 170, 170, 170]
2026-07-30 15:24:02,273 [INFO] TC_ID-255 - PreCondition: PC_ID-030  Testcase:ECUSoftwareUnit1IVDDataIdentifier_F1_C1_Read(Extendedsession): Sending request 22F1C1
2026-07-30 15:24:02,274 [INFO] TC_ID-255 - PreCondition: PC_ID-030  Testcase:ECUSoftwareUnit1IVDDataIdentifier_F1_C1_Read(Extendedsession): Sending request 22F1C1
2026-07-30 15:24:02,274 [DEBUG] Sending 3 bytes : [22f1c1]
2026-07-30 15:24:02,276 [DEBUG] Enqueuing a SendRequest for 3 bytes and TAT=Physical
2026-07-30 15:24:02,277 [DEBUG] Tx: <7A6> (08) [ ]	 0322f1c100000000
2026-07-30 15:24:02,279 [DEBUG] We've been asked to write a message to the bus
2026-07-30 15:24:02,279 [DEBUG] sending: Timestamp:        0.000000    ID:      7a6    S Rx       BS       DL:  8    03 22 f1 c1 00 00 00 00
2026-07-30 15:24:02,291 [DEBUG] Rx: <7AE> (08) [p]	 037f2222aaaaaaaa
2026-07-30 15:24:02,337 [INFO] TC_ID-255 - Received: 7F2222
2026-07-30 15:24:02,338 [WARNING] TC_ID-255 - PreCondition: PC_ID-030  Testcase:ECUSoftwareUnit1IVDDataIdentifier_F1_C1_Read(Extendedsession) -> ❌ FAIL - Expected 0362F1C1AAAAAAAA
2026-07-30 15:24:02,338 [DEBUG] Stopping CanStack
2026-07-30 15:24:02,339 [DEBUG] Main thread is exiting
2026-07-30 15:24:02,341 [DEBUG] CanStack Stopped
2026-07-30 15:24:02,341 [INFO] Connection closed
2026-07-30 15:24:02,342 [INFO] Running Test Case: TC_ID-256
2026-07-30 15:24:02,343 [DEBUG] Starting CanStack
2026-07-30 15:24:02,344 [DEBUG] Main thread has started
2026-07-30 15:24:02,345 [DEBUG] Relay thread has started
2026-07-30 15:24:02,346 [INFO] Connection opened
2026-07-30 15:24:02,346 [INFO] Switched to physical mode for TC: TC_ID-256 Step: PreCondition: PC_ID-030  Testcase:ECUSoftwareUnit2 IVDDataIdentifier_F1_C2_Read(Defaultsession)
2026-07-30 15:24:02,347 [INFO] TC_ID-256 - PreCondition: PC_ID-030  Testcase:ECUSoftwareUnit2 IVDDataIdentifier_F1_C2_Read(Defaultsession): SID=0x22, Sub=0xF1C2, Expected=[3, 98, 241, 194, 170, 170, 170, 170]
2026-07-30 15:24:02,444 [INFO] TC_ID-256 - PreCondition: PC_ID-030  Testcase:ECUSoftwareUnit2 IVDDataIdentifier_F1_C2_Read(Defaultsession): Sending request 22F1C2
2026-07-30 15:24:04,175 [INFO] TC_ID-256 - PreCondition: PC_ID-030  Testcase:ECUSoftwareUnit2 IVDDataIdentifier_F1_C2_Read(Defaultsession): Sending request 22F1C2
2026-07-30 15:24:04,176 [DEBUG] Sending 3 bytes : [22f1c2]
2026-07-30 15:24:04,177 [DEBUG] Enqueuing a SendRequest for 3 bytes and TAT=Physical
2026-07-30 15:24:04,179 [DEBUG] Tx: <7A6> (08) [ ]	 0322f1c200000000
2026-07-30 15:24:04,180 [DEBUG] We've been asked to write a message to the bus
2026-07-30 15:24:04,181 [DEBUG] sending: Timestamp:        0.000000    ID:      7a6    S Rx       BS       DL:  8    03 22 f1 c2 00 00 00 00
2026-07-30 15:24:04,190 [DEBUG] Rx: <7AE> (08) [p]	 037f2212aaaaaaaa
2026-07-30 15:24:04,238 [INFO] TC_ID-256 - Received: 7F2212
2026-07-30 15:24:04,239 [WARNING] TC_ID-256 - PreCondition: PC_ID-030  Testcase:ECUSoftwareUnit2 IVDDataIdentifier_F1_C2_Read(Defaultsession) -> ❌ FAIL - Expected 0362F1C2AAAAAAAA
2026-07-30 15:24:04,239 [DEBUG] Stopping CanStack
2026-07-30 15:24:04,240 [DEBUG] Main thread is exiting
2026-07-30 15:24:04,290 [DEBUG] CanStack Stopped
2026-07-30 15:24:04,291 [INFO] Connection closed
2026-07-30 15:24:04,291 [INFO] Running Test Case: TC_ID-257
2026-07-30 15:24:04,292 [DEBUG] Starting CanStack
2026-07-30 15:24:04,293 [DEBUG] Main thread has started
2026-07-30 15:24:04,294 [DEBUG] Relay thread has started
2026-07-30 15:24:04,295 [INFO] Connection opened
2026-07-30 15:24:04,296 [INFO] Switched to physical mode for TC: TC_ID-257 Step: PreCondition: PC_ID-030  Testcase:SystemSupplierECUSoftwareVersionNumbe_DataIdentifier_F1_95_Read(Extendedsession)
2026-07-30 15:24:04,296 [INFO] TC_ID-257 - PreCondition: PC_ID-030  Testcase:SystemSupplierECUSoftwareVersionNumbe_DataIdentifier_F1_95_Read(Extendedsession): SID=0x22, Sub=0xF195, Expected=[7, 98, 241, 149, 49, 46, 48, 48]
2026-07-30 15:24:04,404 [INFO] TC_ID-257 - PreCondition: PC_ID-030  Testcase:SystemSupplierECUSoftwareVersionNumbe_DataIdentifier_F1_95_Read(Extendedsession): Sending request 22F195
2026-07-30 15:24:04,405 [INFO] TC_ID-257 - PreCondition: PC_ID-030  Testcase:SystemSupplierECUSoftwareVersionNumbe_DataIdentifier_F1_95_Read(Extendedsession): Sending request 22F195
2026-07-30 15:24:04,405 [DEBUG] Sending 3 bytes : [22f195]
2026-07-30 15:24:04,406 [DEBUG] Enqueuing a SendRequest for 3 bytes and TAT=Physical
2026-07-30 15:24:04,407 [DEBUG] Tx: <7A6> (08) [ ]	 0322f19500000000
2026-07-30 15:24:04,408 [DEBUG] We've been asked to write a message to the bus
2026-07-30 15:24:04,409 [DEBUG] sending: Timestamp:        0.000000    ID:      7a6    S Rx       BS       DL:  8    03 22 f1 95 00 00 00 00
2026-07-30 15:24:04,418 [DEBUG] Rx: <7AE> (08) [p]	 0762f195312e3030
2026-07-30 15:24:04,467 [INFO] TC_ID-257 - Received: 62F195312E3030
2026-07-30 15:24:04,468 [WARNING] TC_ID-257 - PreCondition: PC_ID-030  Testcase:SystemSupplierECUSoftwareVersionNumbe_DataIdentifier_F1_95_Read(Extendedsession) -> ❌ FAIL - Expected 0762F195312E3030
2026-07-30 15:24:04,469 [DEBUG] Stopping CanStack
2026-07-30 15:24:04,470 [DEBUG] Main thread is exiting
2026-07-30 15:24:04,518 [DEBUG] CanStack Stopped
2026-07-30 15:24:04,519 [INFO] Connection closed
2026-07-30 15:24:04,520 [INFO] Running Test Case: TC_ID-258
2026-07-30 15:24:04,521 [DEBUG] Starting CanStack
2026-07-30 15:24:04,523 [DEBUG] Main thread has started
2026-07-30 15:24:04,523 [DEBUG] Relay thread has started
2026-07-30 15:24:04,525 [INFO] Connection opened
2026-07-30 15:24:04,525 [INFO] Switched to physical mode for TC: TC_ID-258 Step: PreCondition: PC_ID-030  Testcase:Software_Version_for_HKMC_Vehicle_Manufacture_F1_A0_Read(Extendedsession)
2026-07-30 15:24:04,526 [INFO] TC_ID-258 - PreCondition: PC_ID-030  Testcase:Software_Version_for_HKMC_Vehicle_Manufacture_F1_A0_Read(Extendedsession): SID=0x22, Sub=0xF1A0, Expected=[7, 98, 241, 160, 49, 46, 48, 48]
2026-07-30 15:24:04,628 [INFO] TC_ID-258 - PreCondition: PC_ID-030  Testcase:Software_Version_for_HKMC_Vehicle_Manufacture_F1_A0_Read(Extendedsession): Sending request 22F1A0
2026-07-30 15:24:04,629 [INFO] TC_ID-258 - PreCondition: PC_ID-030  Testcase:Software_Version_for_HKMC_Vehicle_Manufacture_F1_A0_Read(Extendedsession): Sending request 22F1A0
2026-07-30 15:24:04,630 [DEBUG] Sending 3 bytes : [22f1a0]
2026-07-30 15:24:04,631 [DEBUG] Enqueuing a SendRequest for 3 bytes and TAT=Physical
2026-07-30 15:24:04,633 [DEBUG] Tx: <7A6> (08) [ ]	 0322f1a000000000
2026-07-30 15:24:04,634 [DEBUG] We've been asked to write a message to the bus
2026-07-30 15:24:04,635 [DEBUG] sending: Timestamp:        0.000000    ID:      7a6    S Rx       BS       DL:  8    03 22 f1 a0 00 00 00 00
2026-07-30 15:24:04,649 [DEBUG] Rx: <7AE> (08) [p]	 0762f1a0312e3030
2026-07-30 15:24:04,699 [INFO] TC_ID-258 - Received: 62F1A0312E3030
2026-07-30 15:24:04,700 [WARNING] TC_ID-258 - PreCondition: PC_ID-030  Testcase:Software_Version_for_HKMC_Vehicle_Manufacture_F1_A0_Read(Extendedsession) -> ❌ FAIL - Expected 0762F1A0312E3030
2026-07-30 15:24:04,701 [DEBUG] Stopping CanStack
2026-07-30 15:24:04,702 [DEBUG] Main thread is exiting
2026-07-30 15:24:04,750 [DEBUG] CanStack Stopped
2026-07-30 15:24:04,751 [INFO] Connection closed
2026-07-30 15:24:04,752 [INFO] Running Test Case: TC_ID-259
2026-07-30 15:24:04,752 [DEBUG] Starting CanStack
2026-07-30 15:24:04,753 [DEBUG] Main thread has started
2026-07-30 15:24:04,754 [DEBUG] Relay thread has started
2026-07-30 15:24:04,756 [INFO] Connection opened
2026-07-30 15:24:04,756 [INFO] Switched to physical mode for TC: TC_ID-259 Step: PreCondition: PC_ID-030  Testcase:ECU_Supplier_Code_F1_A1_Read(Extendedsession)
2026-07-30 15:24:04,757 [INFO] TC_ID-259 - PreCondition: PC_ID-030  Testcase:ECU_Supplier_Code_F1_A1_Read(Extendedsession): SID=0x22, Sub=0xF1A1, Expected=[7, 98, 241, 161, 83, 49, 49, 48]
2026-07-30 15:24:04,846 [INFO] TC_ID-259 - PreCondition: PC_ID-030  Testcase:ECU_Supplier_Code_F1_A1_Read(Extendedsession): Sending request 22F1A1
2026-07-30 15:24:04,847 [INFO] TC_ID-259 - PreCondition: PC_ID-030  Testcase:ECU_Supplier_Code_F1_A1_Read(Extendedsession): Sending request 22F1A1
2026-07-30 15:24:04,848 [DEBUG] Sending 3 bytes : [22f1a1]
2026-07-30 15:24:04,849 [DEBUG] Enqueuing a SendRequest for 3 bytes and TAT=Physical
2026-07-30 15:24:04,851 [DEBUG] Tx: <7A6> (08) [ ]	 0322f1a100000000
2026-07-30 15:24:04,852 [DEBUG] We've been asked to write a message to the bus
2026-07-30 15:24:04,853 [DEBUG] sending: Timestamp:        0.000000    ID:      7a6    S Rx       BS       DL:  8    03 22 f1 a1 00 00 00 00
2026-07-30 15:24:04,868 [DEBUG] Rx: <7AE> (08) [p]	 0762f1a153313130
2026-07-30 15:24:04,917 [INFO] TC_ID-259 - Received: 62F1A153313130
2026-07-30 15:24:04,918 [WARNING] TC_ID-259 - PreCondition: PC_ID-030  Testcase:ECU_Supplier_Code_F1_A1_Read(Extendedsession) -> ❌ FAIL - Expected 0762F1A153313130
2026-07-30 15:24:04,919 [DEBUG] Stopping CanStack
2026-07-30 15:24:04,920 [DEBUG] Main thread is exiting
2026-07-30 15:24:04,969 [DEBUG] CanStack Stopped
2026-07-30 15:24:04,970 [INFO] Connection closed
2026-07-30 15:24:04,970 [INFO] Running Test Case: TC_ID-260
2026-07-30 15:24:04,971 [DEBUG] Starting CanStack
2026-07-30 15:24:04,972 [DEBUG] Main thread has started
2026-07-30 15:24:04,972 [DEBUG] Relay thread has started
2026-07-30 15:24:04,974 [INFO] Connection opened
2026-07-30 15:24:04,974 [INFO] Switched to physical mode for TC: TC_ID-260 Step: PreCondition: PC_ID-030  Testcase:ECU_Software_UNIT_number_F1_B0_Read(Extendedsession)
2026-07-30 15:24:04,975 [INFO] TC_ID-260 - PreCondition: PC_ID-030  Testcase:ECU_Software_UNIT_number_F1_B0_Read(Extendedsession): SID=0x22, Sub=0xF1B0, Expected=[4, 98, 241, 176, 1, 170, 170, 170]
2026-07-30 15:24:05,071 [INFO] TC_ID-260 - PreCondition: PC_ID-030  Testcase:ECU_Software_UNIT_number_F1_B0_Read(Extendedsession): Sending request 22F1B0
2026-07-30 15:24:05,072 [INFO] TC_ID-260 - PreCondition: PC_ID-030  Testcase:ECU_Software_UNIT_number_F1_B0_Read(Extendedsession): Sending request 22F1B0
2026-07-30 15:24:05,073 [DEBUG] Sending 3 bytes : [22f1b0]
2026-07-30 15:24:05,074 [DEBUG] Enqueuing a SendRequest for 3 bytes and TAT=Physical
2026-07-30 15:24:05,076 [DEBUG] Tx: <7A6> (08) [ ]	 0322f1b000000000
2026-07-30 15:24:05,077 [DEBUG] We've been asked to write a message to the bus
2026-07-30 15:24:05,078 [DEBUG] sending: Timestamp:        0.000000    ID:      7a6    S Rx       BS       DL:  8    03 22 f1 b0 00 00 00 00
2026-07-30 15:24:05,091 [DEBUG] Rx: <7AE> (08) [p]	 0462f1b001aaaaaa
2026-07-30 15:24:05,140 [INFO] TC_ID-260 - Received: 62F1B001
2026-07-30 15:24:05,141 [WARNING] TC_ID-260 - PreCondition: PC_ID-030  Testcase:ECU_Software_UNIT_number_F1_B0_Read(Extendedsession) -> ❌ FAIL - Expected 0462F1B001AAAAAA
2026-07-30 15:24:05,141 [DEBUG] Stopping CanStack
2026-07-30 15:24:05,142 [DEBUG] Main thread is exiting
2026-07-30 15:24:05,192 [DEBUG] CanStack Stopped
2026-07-30 15:24:05,193 [INFO] Connection closed
2026-07-30 15:24:05,194 [INFO] Running Test Case: TC_ID-261
2026-07-30 15:24:05,194 [DEBUG] Starting CanStack
2026-07-30 15:24:05,196 [DEBUG] Main thread has started
2026-07-30 15:24:05,197 [DEBUG] Relay thread has started
2026-07-30 15:24:05,198 [INFO] Connection opened
2026-07-30 15:24:05,198 [INFO] Switched to physical mode for TC: TC_ID-261 Step: PreCondition: PC_ID-030  Testcase:ECU_Software_UNIT1_Version_F1_B1_Read(Extendedsession)
2026-07-30 15:24:05,199 [INFO] TC_ID-261 - PreCondition: PC_ID-030  Testcase:ECU_Software_UNIT1_Version_F1_B1_Read(Extendedsession): SID=0x22, Sub=0xF1B1, Expected=[7, 98, 241, 177, 49, 46, 48, 48]
2026-07-30 15:24:05,296 [INFO] TC_ID-261 - PreCondition: PC_ID-030  Testcase:ECU_Software_UNIT1_Version_F1_B1_Read(Extendedsession): Sending request 22F1B1
2026-07-30 15:24:05,297 [INFO] TC_ID-261 - PreCondition: PC_ID-030  Testcase:ECU_Software_UNIT1_Version_F1_B1_Read(Extendedsession): Sending request 22F1B1
2026-07-30 15:24:05,298 [DEBUG] Sending 3 bytes : [22f1b1]
2026-07-30 15:24:05,299 [DEBUG] Enqueuing a SendRequest for 3 bytes and TAT=Physical
2026-07-30 15:24:05,301 [DEBUG] Tx: <7A6> (08) [ ]	 0322f1b100000000
2026-07-30 15:24:05,302 [DEBUG] We've been asked to write a message to the bus
2026-07-30 15:24:05,303 [DEBUG] sending: Timestamp:        0.000000    ID:      7a6    S Rx       BS       DL:  8    03 22 f1 b1 00 00 00 00
2026-07-30 15:24:05,318 [DEBUG] Rx: <7AE> (08) [p]	 0762f1b1312e3030
2026-07-30 15:24:05,367 [INFO] TC_ID-261 - Received: 62F1B1312E3030
2026-07-30 15:24:05,368 [WARNING] TC_ID-261 - PreCondition: PC_ID-030  Testcase:ECU_Software_UNIT1_Version_F1_B1_Read(Extendedsession) -> ❌ FAIL - Expected 0762F1B1312E3030
2026-07-30 15:24:05,369 [DEBUG] Stopping CanStack
2026-07-30 15:24:05,370 [DEBUG] Main thread is exiting
2026-07-30 15:24:05,419 [DEBUG] CanStack Stopped
2026-07-30 15:24:05,420 [INFO] Connection closed
2026-07-30 15:24:05,421 [INFO] Running Test Case: TC_ID-262
2026-07-30 15:24:05,422 [DEBUG] Starting CanStack
2026-07-30 15:24:05,424 [DEBUG] Main thread has started
2026-07-30 15:24:05,425 [DEBUG] Relay thread has started
2026-07-30 15:24:05,426 [INFO] Connection opened
2026-07-30 15:24:05,427 [INFO] Switched to physical mode for TC: TC_ID-262 Step: PreCondition: PC_ID-030  Testcase:S_W_Version_Dataidentifier_F1_DD_Read(Extendedsession)
2026-07-30 15:24:05,428 [INFO] TC_ID-262 - PreCondition: PC_ID-030  Testcase:S_W_Version_Dataidentifier_F1_DD_Read(Extendedsession): SID=0x22, Sub=0xF1DD, Expected=[16, 16, 98, 241, 221, 49, 48, 48, 48, 48, 0, 0, 0, 0, 0, 0, 0, 0, 170, 170, 170, 170]
2026-07-30 15:24:05,534 [INFO] TC_ID-262 - PreCondition: PC_ID-030  Testcase:S_W_Version_Dataidentifier_F1_DD_Read(Extendedsession): Sending request 22F1DD
2026-07-30 15:24:05,535 [INFO] TC_ID-262 - PreCondition: PC_ID-030  Testcase:S_W_Version_Dataidentifier_F1_DD_Read(Extendedsession): Sending request 22F1DD
2026-07-30 15:24:05,536 [DEBUG] Sending 3 bytes : [22f1dd]
2026-07-30 15:24:05,537 [DEBUG] Enqueuing a SendRequest for 3 bytes and TAT=Physical
2026-07-30 15:24:05,539 [DEBUG] Tx: <7A6> (08) [ ]	 0322f1dd00000000
2026-07-30 15:24:05,540 [DEBUG] We've been asked to write a message to the bus
2026-07-30 15:24:05,541 [DEBUG] sending: Timestamp:        0.000000    ID:      7a6    S Rx       BS       DL:  8    03 22 f1 dd 00 00 00 00
2026-07-30 15:24:05,551 [DEBUG] Rx: <7AE> (08) [p]	 101062f1dd313030
2026-07-30 15:24:05,554 [DEBUG] We've been asked to write a message to the bus
2026-07-30 15:24:05,555 [DEBUG] Tx: <7A6> (08) [ ]	 30080a0000000000
2026-07-30 15:24:05,556 [DEBUG] sending: Timestamp:        0.000000    ID:      7a6    S Rx       BS       DL:  8    30 08 0a 00 00 00 00 00
2026-07-30 15:24:05,558 [DEBUG] We've been asked to write a message to the bus
2026-07-30 15:24:05,560 [DEBUG] sending: Timestamp:        0.000000    ID:      7a6    S Rx       BS       DL:  8    30 08 0a 00 00 00 00 00
2026-07-30 15:24:05,563 [DEBUG] TxState=IDLE - RxState=WAIT_CF
2026-07-30 15:24:05,582 [DEBUG] Rx: <7AE> (08) [p]	 2130300000000000
2026-07-30 15:24:05,609 [DEBUG] Rx: <7AE> (08) [p]	 22000000aaaaaaaa
2026-07-30 15:24:05,658 [INFO] TC_ID-262 - Received: 62F1DD31303030300000000000000000
2026-07-30 15:24:05,659 [WARNING] TC_ID-262 - PreCondition: PC_ID-030  Testcase:S_W_Version_Dataidentifier_F1_DD_Read(Extendedsession) -> ❌ FAIL - Expected 101062F1DD31303030300000000000000000AAAAAAAA
2026-07-30 15:24:05,660 [DEBUG] Stopping CanStack
2026-07-30 15:24:05,661 [DEBUG] TxState=IDLE - RxState=IDLE
2026-07-30 15:24:05,662 [DEBUG] Main thread is exiting
2026-07-30 15:24:05,710 [DEBUG] CanStack Stopped
2026-07-30 15:24:05,710 [INFO] Connection closed
2026-07-30 15:24:05,711 [INFO] Running Test Case: TC_ID-263
2026-07-30 15:24:05,712 [DEBUG] Starting CanStack
2026-07-30 15:24:05,713 [DEBUG] Main thread has started
2026-07-30 15:24:05,714 [DEBUG] Relay thread has started
2026-07-30 15:24:05,715 [INFO] Connection opened
2026-07-30 15:24:05,715 [INFO] Switched to physical mode for TC: TC_ID-263 Step: PreCondition: PC_ID-030  Testcase:SystemNameOrEngineTypeDataIdentifier_Read(Extendedsession)
2026-07-30 15:24:05,716 [INFO] TC_ID-263 - PreCondition: PC_ID-030  Testcase:SystemNameOrEngineTypeDataIdentifier_Read(Extendedsession): SID=0x22, Sub=0xF197, Expected=[7, 98, 241, 151, 77, 70, 83, 87]
2026-07-30 15:24:05,814 [INFO] TC_ID-263 - PreCondition: PC_ID-030  Testcase:SystemNameOrEngineTypeDataIdentifier_Read(Extendedsession): Sending request 22F197
2026-07-30 15:24:05,814 [INFO] TC_ID-263 - PreCondition: PC_ID-030  Testcase:SystemNameOrEngineTypeDataIdentifier_Read(Extendedsession): Sending request 22F197
2026-07-30 15:24:05,815 [DEBUG] Sending 3 bytes : [22f197]
2026-07-30 15:24:05,816 [DEBUG] Enqueuing a SendRequest for 3 bytes and TAT=Physical
2026-07-30 15:24:05,818 [DEBUG] Tx: <7A6> (08) [ ]	 0322f19700000000
2026-07-30 15:24:05,819 [DEBUG] We've been asked to write a message to the bus
2026-07-30 15:24:05,820 [DEBUG] sending: Timestamp:        0.000000    ID:      7a6    S Rx       BS       DL:  8    03 22 f1 97 00 00 00 00
2026-07-30 15:24:05,831 [DEBUG] Rx: <7AE> (08) [p]	 0762f1974d465357
2026-07-30 15:24:05,877 [INFO] TC_ID-263 - Received: 62F1974D465357
2026-07-30 15:24:05,878 [WARNING] TC_ID-263 - PreCondition: PC_ID-030  Testcase:SystemNameOrEngineTypeDataIdentifier_Read(Extendedsession) -> ❌ FAIL - Expected 0762F1974D465357
2026-07-30 15:24:05,879 [DEBUG] Stopping CanStack
2026-07-30 15:24:05,880 [DEBUG] Main thread is exiting
2026-07-30 15:24:05,881 [DEBUG] CanStack Stopped
2026-07-30 15:24:05,882 [INFO] Connection closed
2026-07-30 15:24:05,882 [INFO] Running Test Case: TC_ID-264
2026-07-30 15:24:05,883 [DEBUG] Starting CanStack
2026-07-30 15:24:05,884 [DEBUG] Main thread has started
2026-07-30 15:24:05,885 [DEBUG] Relay thread has started
2026-07-30 15:24:05,886 [INFO] Connection opened
2026-07-30 15:24:05,887 [INFO] Switched to physical mode for TC: TC_ID-264 Step: sub function not correct(invalid identifier))(22 F1 FF)
2026-07-30 15:24:05,887 [INFO] TC_ID-264 - sub function not correct(invalid identifier))(22 F1 FF): SID=0x22, Sub=0xF1FF, Expected=[3, 127, 34, 18, 170, 170, 170, 170]
2026-07-30 15:24:05,961 [INFO] TC_ID-264 - sub function not correct(invalid identifier))(22 F1 FF): Sending request 22F1FF
2026-07-30 15:24:05,962 [INFO] TC_ID-264 - sub function not correct(invalid identifier))(22 F1 FF): Sending request 22F1FF
2026-07-30 15:24:05,963 [DEBUG] Sending 3 bytes : [22f1ff]
2026-07-30 15:24:05,964 [DEBUG] Enqueuing a SendRequest for 3 bytes and TAT=Physical
2026-07-30 15:24:05,966 [DEBUG] Tx: <7A6> (08) [ ]	 0322f1ff00000000
2026-07-30 15:24:05,967 [DEBUG] We've been asked to write a message to the bus
2026-07-30 15:24:05,968 [DEBUG] sending: Timestamp:        0.000000    ID:      7a6    S Rx       BS       DL:  8    03 22 f1 ff 00 00 00 00
2026-07-30 15:24:05,981 [DEBUG] Rx: <7AE> (08) [p]	 037f2212aaaaaaaa
2026-07-30 15:24:06,028 [INFO] TC_ID-264 - Received: 7F2212
2026-07-30 15:24:06,029 [WARNING] TC_ID-264 - sub function not correct(invalid identifier))(22 F1 FF) -> ❌ FAIL - Expected 037F2212AAAAAAAA
2026-07-30 15:24:06,029 [DEBUG] Stopping CanStack
2026-07-30 15:24:06,030 [DEBUG] Main thread is exiting
2026-07-30 15:24:06,032 [DEBUG] CanStack Stopped
2026-07-30 15:24:06,032 [INFO] Connection closed
2026-07-30 15:24:06,033 [INFO] Running Test Case: TC_ID-268
2026-07-30 15:24:06,033 [DEBUG] Starting CanStack
2026-07-30 15:24:06,035 [DEBUG] Main thread has started
2026-07-30 15:24:06,036 [DEBUG] Relay thread has started
2026-07-30 15:24:06,037 [INFO] Connection opened
2026-07-30 15:24:06,037 [INFO] Switched to physical mode for TC: TC_ID-268 Step: PreCondition: PC_ID-030  Testcase:Incorrect message length(22)
2026-07-30 15:24:06,038 [INFO] TC_ID-268 - PreCondition: PC_ID-030  Testcase:Incorrect message length(22): SID=0x22, Sub=, Expected=[3, 127, 34, 19, 170, 170, 170, 170]
2026-07-30 15:24:06,119 [WARNING] TC_ID-268 - Subfunction empty: Sending only service byte
2026-07-30 15:24:06,120 [INFO] TC_ID-268 - PreCondition: PC_ID-030  Testcase:Incorrect message length(22): Sending request 22
2026-07-30 15:24:06,121 [INFO] TC_ID-268 - PreCondition: PC_ID-030  Testcase:Incorrect message length(22): Sending request 22
2026-07-30 15:24:06,122 [DEBUG] Sending 1 bytes : [22]
2026-07-30 15:24:06,123 [DEBUG] Enqueuing a SendRequest for 1 bytes and TAT=Physical
2026-07-30 15:24:06,125 [DEBUG] Tx: <7A6> (08) [ ]	 0122000000000000
2026-07-30 15:24:06,126 [DEBUG] We've been asked to write a message to the bus
2026-07-30 15:24:06,127 [DEBUG] sending: Timestamp:        0.000000    ID:      7a6    S Rx       BS       DL:  8    01 22 00 00 00 00 00 00
2026-07-30 15:24:06,140 [DEBUG] Rx: <7AE> (08) [p]	 037f2213aaaaaaaa
2026-07-30 15:24:06,188 [INFO] TC_ID-268 - Received: 7F2213
2026-07-30 15:24:06,189 [WARNING] TC_ID-268 - PreCondition: PC_ID-030  Testcase:Incorrect message length(22) -> ❌ FAIL - Expected 037F2213AAAAAAAA
2026-07-30 15:24:06,190 [DEBUG] Stopping CanStack
2026-07-30 15:24:06,191 [DEBUG] Main thread is exiting
2026-07-30 15:24:06,241 [DEBUG] CanStack Stopped
2026-07-30 15:24:06,242 [INFO] Connection closed
2026-07-30 15:24:06,243 [INFO] Running Test Case: TC_ID-269
2026-07-30 15:24:06,243 [DEBUG] Starting CanStack
2026-07-30 15:24:06,244 [DEBUG] Main thread has started
2026-07-30 15:24:06,245 [DEBUG] Relay thread has started
2026-07-30 15:24:06,246 [INFO] Connection opened
2026-07-30 15:24:06,247 [INFO] Switched to physical mode for TC: TC_ID-269 Step: PreCondition: PC_ID-030  Testcase:Request out of range(22D100)
2026-07-30 15:24:06,248 [INFO] TC_ID-269 - PreCondition: PC_ID-030  Testcase:Request out of range(22D100): SID=0x22, Sub=0xD100, Expected=[3, 127, 34, 49, 170, 170, 170, 170]
2026-07-30 15:24:06,333 [INFO] TC_ID-269 - PreCondition: PC_ID-030  Testcase:Request out of range(22D100): Sending request 22D100
2026-07-30 15:24:06,334 [INFO] TC_ID-269 - PreCondition: PC_ID-030  Testcase:Request out of range(22D100): Sending request 22D100
2026-07-30 15:24:06,335 [DEBUG] Sending 3 bytes : [22d100]
2026-07-30 15:24:06,336 [DEBUG] Enqueuing a SendRequest for 3 bytes and TAT=Physical
2026-07-30 15:24:06,338 [DEBUG] Tx: <7A6> (08) [ ]	 0322d10000000000
2026-07-30 15:24:06,339 [DEBUG] We've been asked to write a message to the bus
2026-07-30 15:24:06,340 [DEBUG] sending: Timestamp:        0.000000    ID:      7a6    S Rx       BS       DL:  8    03 22 d1 00 00 00 00 00
2026-07-30 15:24:06,353 [DEBUG] Rx: <7AE> (08) [p]	 037f2231aaaaaaaa
2026-07-30 15:24:06,401 [INFO] TC_ID-269 - Received: 7F2231
2026-07-30 15:24:06,402 [WARNING] TC_ID-269 - PreCondition: PC_ID-030  Testcase:Request out of range(22D100) -> ❌ FAIL - Expected 037F2231AAAAAAAA
2026-07-30 15:24:06,403 [DEBUG] Stopping CanStack
2026-07-30 15:24:06,404 [DEBUG] Main thread is exiting
2026-07-30 15:24:06,451 [DEBUG] CanStack Stopped
2026-07-30 15:24:06,452 [INFO] Connection closed
2026-07-30 15:24:06,453 [INFO] Running Test Case: TC_ID-270
2026-07-30 15:24:06,453 [DEBUG] Starting CanStack
2026-07-30 15:24:06,454 [DEBUG] Main thread has started
2026-07-30 15:24:06,455 [DEBUG] Relay thread has started
2026-07-30 15:24:06,456 [INFO] Connection opened
2026-07-30 15:24:06,457 [INFO] Switched to physical mode for TC: TC_ID-270 Step: PreCondition: PC_ID-030  Testcase:Request out of range(2250DD)
2026-07-30 15:24:06,458 [INFO] TC_ID-270 - PreCondition: PC_ID-030  Testcase:Request out of range(2250DD): SID=0x22, Sub=0x50DD, Expected=[3, 127, 34, 49, 170, 170, 170, 170]
2026-07-30 15:24:06,538 [INFO] TC_ID-270 - PreCondition: PC_ID-030  Testcase:Request out of range(2250DD): Sending request 2250DD
2026-07-30 15:24:06,538 [INFO] TC_ID-270 - PreCondition: PC_ID-030  Testcase:Request out of range(2250DD): Sending request 2250DD
2026-07-30 15:24:06,539 [DEBUG] Sending 3 bytes : [2250dd]
2026-07-30 15:24:06,540 [DEBUG] Enqueuing a SendRequest for 3 bytes and TAT=Physical
2026-07-30 15:24:06,542 [DEBUG] Tx: <7A6> (08) [ ]	 032250dd00000000
2026-07-30 15:24:06,543 [DEBUG] We've been asked to write a message to the bus
2026-07-30 15:24:06,544 [DEBUG] sending: Timestamp:        0.000000    ID:      7a6    S Rx       BS       DL:  8    03 22 50 dd 00 00 00 00
2026-07-30 15:24:06,560 [DEBUG] Rx: <7AE> (08) [p]	 037f2231aaaaaaaa
2026-07-30 15:24:06,608 [INFO] TC_ID-270 - Received: 7F2231
2026-07-30 15:24:06,609 [WARNING] TC_ID-270 - PreCondition: PC_ID-030  Testcase:Request out of range(2250DD) -> ❌ FAIL - Expected 037F2231AAAAAAAA
2026-07-30 15:24:06,610 [DEBUG] Stopping CanStack
2026-07-30 15:24:06,611 [DEBUG] Main thread is exiting
2026-07-30 15:24:06,661 [DEBUG] CanStack Stopped
2026-07-30 15:24:06,662 [INFO] Connection closed
2026-07-30 15:24:06,662 [INFO] Running Test Case: PC_ID-031
2026-07-30 15:24:06,663 [DEBUG] Starting CanStack
2026-07-30 15:24:06,664 [DEBUG] Main thread has started
2026-07-30 15:24:06,665 [DEBUG] Relay thread has started
2026-07-30 15:24:06,666 [INFO] Connection opened
2026-07-30 15:24:06,666 [INFO] Switched to physical mode for TC: PC_ID-031 Step: Start programming session
2026-07-30 15:24:06,667 [INFO] PC_ID-031 - Start programming session: SID=0x10, Sub=0x02, Expected=[6, 80, 2, 0, 50, 0, 200, 0]
2026-07-30 15:24:06,734 [INFO] PC_ID-031 - Start programming session: Sending 1002
2026-07-30 15:24:06,787 [INFO] PC_ID-031 - Start programming session: Sending request 1002
2026-07-30 15:24:06,788 [DEBUG] Sending 2 bytes : [1002]
2026-07-30 15:24:06,789 [DEBUG] Enqueuing a SendRequest for 2 bytes and TAT=Physical
2026-07-30 15:24:06,791 [DEBUG] Tx: <7A6> (08) [ ]	 0210020000000000
2026-07-30 15:24:06,792 [DEBUG] We've been asked to write a message to the bus
2026-07-30 15:24:06,794 [DEBUG] sending: Timestamp:        0.000000    ID:      7a6    S Rx       BS       DL:  8    02 10 02 00 00 00 00 00
2026-07-30 15:24:06,838 [DEBUG] Rx: <7AE> (08) [p]	 065002003200c800
2026-07-30 15:24:06,839 [INFO] PC_ID-031 - Received: 5002003200C8
2026-07-30 15:24:06,841 [WARNING] PC_ID-031 - Start programming session -> FAIL - Unexpected response
2026-07-30 15:24:06,842 [DEBUG] Stopping CanStack
2026-07-30 15:24:06,844 [DEBUG] Main thread is exiting
2026-07-30 15:24:06,889 [DEBUG] CanStack Stopped
2026-07-30 15:24:06,890 [INFO] Connection closed
2026-07-30 15:24:06,890 [INFO] Running Test Case: TC_ID-271
2026-07-30 15:24:06,891 [DEBUG] Starting CanStack
2026-07-30 15:24:06,892 [DEBUG] Main thread has started
2026-07-30 15:24:06,893 [DEBUG] Relay thread has started
2026-07-30 15:24:06,894 [INFO] Connection opened
2026-07-30 15:24:06,895 [INFO] Switched to physical mode for TC: TC_ID-271 Step: PreCondition: PC_ID-031  Testcase:Read DTC with Programming session(19 02)
2026-07-30 15:24:06,895 [INFO] TC_ID-271 - PreCondition: PC_ID-031  Testcase:Read DTC with Programming session(19 02): SID=0x19, Sub=0x02, Expected=[3, 89, 2, 8, 170, 170, 170, 170]
2026-07-30 15:24:06,981 [INFO] TC_ID-271 - PreCondition: PC_ID-031  Testcase:Read DTC with Programming session(19 02): Sending 190208
2026-07-30 15:24:06,982 [INFO] TC_ID-271 - PreCondition: PC_ID-031  Testcase:Read DTC with Programming session(19 02): Sending request 190208
2026-07-30 15:24:06,983 [DEBUG] Sending 3 bytes : [190208]
2026-07-30 15:24:06,984 [DEBUG] Enqueuing a SendRequest for 3 bytes and TAT=Physical
2026-07-30 15:24:06,986 [DEBUG] Tx: <7A6> (08) [ ]	 0319020800000000
2026-07-30 15:24:06,987 [DEBUG] We've been asked to write a message to the bus
2026-07-30 15:24:06,988 [DEBUG] sending: Timestamp:        0.000000    ID:      7a6    S Rx       BS       DL:  8    03 19 02 08 00 00 00 00
2026-07-30 15:24:07,135 [INFO] TC_ID-271 PreCondition: PC_ID-031  Testcase:Read DTC with Programming session(19 02) -> Waiting for response (P2=0.15s, P2*=5.0s)
2026-07-30 15:24:07,287 [DEBUG] No data received: [TimeoutException] - Did not receive IsoTP frame from the Transport layer in time (timeout=0.15 sec) 
2026-07-30 15:24:07,338 [WARNING] TC_ID-271 - No response received
2026-07-30 15:24:07,338 [DEBUG] Stopping CanStack
2026-07-30 15:24:07,339 [DEBUG] Main thread is exiting
2026-07-30 15:24:07,360 [DEBUG] CanStack Stopped
2026-07-30 15:24:07,361 [INFO] Connection closed
2026-07-30 15:24:07,362 [INFO] Running Test Case: TC_ID-272
2026-07-30 15:24:07,362 [DEBUG] Starting CanStack
2026-07-30 15:24:07,364 [DEBUG] Main thread has started
2026-07-30 15:24:07,365 [DEBUG] Relay thread has started
2026-07-30 15:24:07,367 [INFO] Connection opened
2026-07-30 15:24:07,368 [INFO] Switched to physical mode for TC: TC_ID-272 Step: PreCondition: PC_ID-031  Testcase:Fault memory clear Extended session(14 FFFFFF)
2026-07-30 15:24:07,369 [INFO] TC_ID-272 - PreCondition: PC_ID-031  Testcase:Fault memory clear Extended session(14 FFFFFF): SID=0x14, Sub=0xFFFFFF, Expected=[1, 84, 170, 170, 170, 170, 170, 170]
2026-07-30 15:24:07,457 [INFO] TC_ID-272 - PreCondition: PC_ID-031  Testcase:Fault memory clear Extended session(14 FFFFFF): Sending 14FFFFFF
2026-07-30 15:24:07,458 [INFO] TC_ID-272 - PreCondition: PC_ID-031  Testcase:Fault memory clear Extended session(14 FFFFFF): Sending request 14FFFFFF
2026-07-30 15:24:07,459 [DEBUG] Sending 4 bytes : [14ffffff]
2026-07-30 15:24:07,460 [DEBUG] Enqueuing a SendRequest for 4 bytes and TAT=Physical
2026-07-30 15:24:07,461 [DEBUG] Tx: <7A6> (08) [ ]	 0414ffffff000000
2026-07-30 15:24:07,463 [DEBUG] We've been asked to write a message to the bus
2026-07-30 15:24:07,464 [DEBUG] sending: Timestamp:        0.000000    ID:      7a6    S Rx       BS       DL:  8    04 14 ff ff ff 00 00 00
2026-07-30 15:24:07,611 [INFO] TC_ID-272 PreCondition: PC_ID-031  Testcase:Fault memory clear Extended session(14 FFFFFF) -> Waiting for response (P2=0.15s, P2*=5.0s)
2026-07-30 15:24:07,762 [DEBUG] No data received: [TimeoutException] - Did not receive IsoTP frame from the Transport layer in time (timeout=0.15 sec) 
2026-07-30 15:24:07,813 [WARNING] TC_ID-272 - No response received
2026-07-30 15:24:07,814 [DEBUG] Stopping CanStack
2026-07-30 15:24:07,815 [DEBUG] Main thread is exiting
2026-07-30 15:24:07,828 [DEBUG] CanStack Stopped
2026-07-30 15:24:07,831 [INFO] Connection closed
2026-07-30 15:24:07,835 [INFO] Running Test Case: TC_ID-273
2026-07-30 15:24:07,836 [DEBUG] Starting CanStack
2026-07-30 15:24:07,837 [DEBUG] Main thread has started
2026-07-30 15:24:07,838 [DEBUG] Relay thread has started
2026-07-30 15:24:07,840 [INFO] Connection opened
2026-07-30 15:24:07,840 [INFO] Switched to physical mode for TC: TC_ID-273 Step: PreCondition: PC_ID-031  Testcase:Start default session(10 01)
2026-07-30 15:24:07,841 [INFO] TC_ID-273 - PreCondition: PC_ID-031  Testcase:Start default session(10 01): SID=0x10, Sub=0x01, Expected=[6, 80, 1, 0, 50, 1, 244, 170]
2026-07-30 15:24:07,922 [INFO] TC_ID-273 - PreCondition: PC_ID-031  Testcase:Start default session(10 01): Sending 1001
2026-07-30 15:24:07,977 [INFO] TC_ID-273 - PreCondition: PC_ID-031  Testcase:Start default session(10 01): Sending request 1001
2026-07-30 15:24:07,979 [DEBUG] Sending 2 bytes : [1001]
2026-07-30 15:24:07,980 [DEBUG] Enqueuing a SendRequest for 2 bytes and TAT=Physical
2026-07-30 15:24:07,981 [DEBUG] Tx: <7A6> (08) [ ]	 0210010000000000
2026-07-30 15:24:07,982 [DEBUG] We've been asked to write a message to the bus
2026-07-30 15:24:07,983 [DEBUG] sending: Timestamp:        0.000000    ID:      7a6    S Rx       BS       DL:  8    02 10 01 00 00 00 00 00
2026-07-30 15:24:07,988 [WARNING] TC_ID-273 - No response received
2026-07-30 15:24:08,052 [DEBUG] Stopping CanStack
2026-07-30 15:24:08,053 [DEBUG] Main thread is exiting
2026-07-30 15:24:08,091 [DEBUG] CanStack Stopped
2026-07-30 15:24:08,092 [INFO] Connection closed
2026-07-30 15:24:08,093 [INFO] Running Test Case: TC_ID-274
2026-07-30 15:24:08,094 [DEBUG] Starting CanStack
2026-07-30 15:24:08,095 [DEBUG] Main thread has started
2026-07-30 15:24:08,096 [DEBUG] Relay thread has started
2026-07-30 15:24:08,097 [INFO] Connection opened
2026-07-30 15:24:08,097 [INFO] Switched to physical mode for TC: TC_ID-274 Step: PreCondition: PC_ID-031  Testcase:Start programming session(10 02)
2026-07-30 15:24:08,098 [INFO] TC_ID-274 - PreCondition: PC_ID-031  Testcase:Start programming session(10 02): SID=0x10, Sub=0x02, Expected=[6, 80, 2, 0, 50, 0, 200, 0]
2026-07-30 15:24:08,179 [INFO] TC_ID-274 - PreCondition: PC_ID-031  Testcase:Start programming session(10 02): Sending 1002
2026-07-30 15:24:08,234 [INFO] TC_ID-274 - PreCondition: PC_ID-031  Testcase:Start programming session(10 02): Sending request 1002
2026-07-30 15:24:08,236 [DEBUG] Sending 2 bytes : [1002]
2026-07-30 15:24:08,237 [DEBUG] Enqueuing a SendRequest for 2 bytes and TAT=Physical
2026-07-30 15:24:08,238 [DEBUG] Tx: <7A6> (08) [ ]	 0210020000000000
2026-07-30 15:24:08,239 [DEBUG] We've been asked to write a message to the bus
2026-07-30 15:24:08,240 [DEBUG] sending: Timestamp:        0.000000    ID:      7a6    S Rx       BS       DL:  8    02 10 02 00 00 00 00 00
2026-07-30 15:24:08,283 [INFO] TC_ID-274 - Received: 5002003200C8
2026-07-30 15:24:08,285 [DEBUG] Rx: <7AE> (08) [p]	 065002003200c800
2026-07-30 15:24:08,288 [WARNING] TC_ID-274 - PreCondition: PC_ID-031  Testcase:Start programming session(10 02) -> FAIL - Unexpected response
2026-07-30 15:24:08,291 [DEBUG] Stopping CanStack
2026-07-30 15:24:08,292 [DEBUG] Main thread is exiting
2026-07-30 15:24:08,332 [DEBUG] CanStack Stopped
2026-07-30 15:24:08,333 [INFO] Connection closed
2026-07-30 15:24:08,334 [INFO] Running Test Case: TC_ID-275
2026-07-30 15:24:08,335 [DEBUG] Starting CanStack
2026-07-30 15:24:08,336 [DEBUG] Main thread has started
2026-07-30 15:24:08,336 [DEBUG] Relay thread has started
2026-07-30 15:24:08,338 [INFO] Connection opened
2026-07-30 15:24:08,338 [INFO] Switched to physical mode for TC: TC_ID-275 Step: PreCondition: PC_ID-031  Testcase:Start Extended session(10 03)
2026-07-30 15:24:08,339 [INFO] TC_ID-275 - PreCondition: PC_ID-031  Testcase:Start Extended session(10 03): SID=0x10, Sub=0x03, Expected=[3, 127, 34, 126, 170, 170, 170, 170]
2026-07-30 15:24:08,418 [INFO] TC_ID-275 - PreCondition: PC_ID-031  Testcase:Start Extended session(10 03): Sending 1003
2026-07-30 15:24:08,473 [INFO] TC_ID-275 - PreCondition: PC_ID-031  Testcase:Start Extended session(10 03): Sending request 1003
2026-07-30 15:24:08,475 [DEBUG] Sending 2 bytes : [1003]
2026-07-30 15:24:08,475 [DEBUG] Enqueuing a SendRequest for 2 bytes and TAT=Physical
2026-07-30 15:24:08,477 [DEBUG] Tx: <7A6> (08) [ ]	 0210030000000000
2026-07-30 15:24:08,478 [DEBUG] We've been asked to write a message to the bus
2026-07-30 15:24:08,479 [DEBUG] sending: Timestamp:        0.000000    ID:      7a6    S Rx       BS       DL:  8    02 10 03 00 00 00 00 00
2026-07-30 15:24:08,495 [INFO] TC_ID-275 - Received: 5003003200C8
2026-07-30 15:24:08,497 [DEBUG] Rx: <7AE> (08) [p]	 065003003200c800
2026-07-30 15:24:08,498 [WARNING] TC_ID-275 - PreCondition: PC_ID-031  Testcase:Start Extended session(10 03) -> FAIL - Unexpected response
2026-07-30 15:24:08,500 [DEBUG] Stopping CanStack
2026-07-30 15:24:08,501 [DEBUG] Main thread is exiting
2026-07-30 15:24:08,542 [DEBUG] CanStack Stopped
2026-07-30 15:24:08,543 [INFO] Connection closed
2026-07-30 15:24:08,544 [INFO] Running Test Case: TC_ID-276
2026-07-30 15:24:08,544 [DEBUG] Starting CanStack
2026-07-30 15:24:08,546 [DEBUG] Main thread has started
2026-07-30 15:24:08,547 [DEBUG] Relay thread has started
2026-07-30 15:24:08,547 [INFO] Connection opened
2026-07-30 15:24:08,548 [INFO] Switched to physical mode for TC: TC_ID-276 Step: PreCondition: PC_ID-031  Testcase:Start programming session(10 02)
2026-07-30 15:24:08,549 [INFO] TC_ID-276 - PreCondition: PC_ID-031  Testcase:Start programming session(10 02): SID=0x10, Sub=0x02, Expected=[6, 80, 2, 0, 50, 0, 200, 0]
2026-07-30 15:24:08,630 [INFO] TC_ID-276 - PreCondition: PC_ID-031  Testcase:Start programming session(10 02): Sending 1002
2026-07-30 15:24:08,686 [INFO] TC_ID-276 - PreCondition: PC_ID-031  Testcase:Start programming session(10 02): Sending request 1002
2026-07-30 15:24:08,687 [DEBUG] Sending 2 bytes : [1002]
2026-07-30 15:24:08,688 [DEBUG] Enqueuing a SendRequest for 2 bytes and TAT=Physical
2026-07-30 15:24:08,690 [DEBUG] Tx: <7A6> (08) [ ]	 0210020000000000
2026-07-30 15:24:08,691 [DEBUG] We've been asked to write a message to the bus
2026-07-30 15:24:08,692 [DEBUG] sending: Timestamp:        0.000000    ID:      7a6    S Rx       BS       DL:  8    02 10 02 00 00 00 00 00
2026-07-30 15:24:08,705 [INFO] TC_ID-276 - Received: 5002003200C8
2026-07-30 15:24:08,710 [WARNING] TC_ID-276 - PreCondition: PC_ID-031  Testcase:Start programming session(10 02) -> FAIL - Unexpected response
2026-07-30 15:24:08,710 [DEBUG] Rx: <7AE> (08) [p]	 065002003200c800
2026-07-30 15:24:08,711 [DEBUG] Stopping CanStack
2026-07-30 15:24:08,713 [DEBUG] Main thread is exiting
2026-07-30 15:24:08,759 [DEBUG] CanStack Stopped
2026-07-30 15:24:08,760 [INFO] Connection closed
2026-07-30 15:24:08,761 [INFO] Running Test Case: TC_ID-277
2026-07-30 15:24:08,762 [DEBUG] Starting CanStack
2026-07-30 15:24:08,763 [DEBUG] Main thread has started
2026-07-30 15:24:08,764 [DEBUG] Relay thread has started
2026-07-30 15:24:08,765 [INFO] Connection opened
2026-07-30 15:24:08,765 [INFO] Switched to physical mode for TC: TC_ID-277 Step: PreCondition: PC_ID-031  Testcase:Start default session(10 01)
2026-07-30 15:24:08,766 [INFO] TC_ID-277 - PreCondition: PC_ID-031  Testcase:Start default session(10 01): SID=0x10, Sub=0x01, Expected=[6, 80, 1, 0, 50, 1, 244, 170]
2026-07-30 15:24:08,844 [INFO] TC_ID-277 - PreCondition: PC_ID-031  Testcase:Start default session(10 01): Sending 1001
2026-07-30 15:24:08,898 [INFO] TC_ID-277 - PreCondition: PC_ID-031  Testcase:Start default session(10 01): Sending request 1001
2026-07-30 15:24:08,899 [DEBUG] Sending 2 bytes : [1001]
2026-07-30 15:24:08,901 [DEBUG] Enqueuing a SendRequest for 2 bytes and TAT=Physical
2026-07-30 15:24:08,902 [DEBUG] Tx: <7A6> (08) [ ]	 0210010000000000
2026-07-30 15:24:08,903 [DEBUG] We've been asked to write a message to the bus
2026-07-30 15:24:08,904 [DEBUG] sending: Timestamp:        0.000000    ID:      7a6    S Rx       BS       DL:  8    02 10 01 00 00 00 00 00
2026-07-30 15:24:08,912 [WARNING] TC_ID-277 - No response received
2026-07-30 15:24:08,974 [DEBUG] Stopping CanStack
2026-07-30 15:24:08,975 [DEBUG] Main thread is exiting
2026-07-30 15:24:09,013 [DEBUG] CanStack Stopped
2026-07-30 15:24:09,014 [INFO] Connection closed
2026-07-30 15:24:09,015 [INFO] Running Test Case: TC_ID-278
2026-07-30 15:24:09,015 [DEBUG] Starting CanStack
2026-07-30 15:24:09,016 [DEBUG] Main thread has started
2026-07-30 15:24:09,017 [DEBUG] Relay thread has started
2026-07-30 15:24:09,018 [INFO] Connection opened
2026-07-30 15:24:09,019 [INFO] Switched to physical mode for TC: TC_ID-278 Step: PreCondition: PC_ID-031  Testcase:Start Extended session(10 03)
2026-07-30 15:24:09,019 [INFO] TC_ID-278 - PreCondition: PC_ID-031  Testcase:Start Extended session(10 03): SID=0x10, Sub=0x03, Expected=[6, 80, 3, 0, 50, 1, 244, 170]
2026-07-30 15:24:09,101 [INFO] TC_ID-278 - PreCondition: PC_ID-031  Testcase:Start Extended session(10 03): Sending 1003
2026-07-30 15:24:09,157 [INFO] TC_ID-278 - PreCondition: PC_ID-031  Testcase:Start Extended session(10 03): Sending request 1003
2026-07-30 15:24:09,158 [DEBUG] Sending 2 bytes : [1003]
2026-07-30 15:24:09,159 [DEBUG] Enqueuing a SendRequest for 2 bytes and TAT=Physical
2026-07-30 15:24:09,161 [DEBUG] Tx: <7A6> (08) [ ]	 0210030000000000
2026-07-30 15:24:09,162 [DEBUG] We've been asked to write a message to the bus
2026-07-30 15:24:09,163 [DEBUG] sending: Timestamp:        0.000000    ID:      7a6    S Rx       BS       DL:  8    02 10 03 00 00 00 00 00
2026-07-30 15:24:09,175 [INFO] TC_ID-278 - Received: 5003003201F4
2026-07-30 15:24:09,181 [DEBUG] Rx: <7AE> (08) [p]	 065003003201f4aa
2026-07-30 15:24:09,182 [WARNING] TC_ID-278 - PreCondition: PC_ID-031  Testcase:Start Extended session(10 03) -> FAIL - Unexpected response
2026-07-30 15:24:09,252 [DEBUG] Stopping CanStack
2026-07-30 15:24:09,253 [DEBUG] Main thread is exiting
2026-07-30 15:24:09,282 [DEBUG] CanStack Stopped
2026-07-30 15:24:09,283 [INFO] Connection closed
2026-07-30 15:24:09,284 [INFO] Running Test Case: PC_ID-032
2026-07-30 15:24:09,285 [DEBUG] Starting CanStack
2026-07-30 15:24:09,287 [DEBUG] Main thread has started
2026-07-30 15:24:09,289 [DEBUG] Relay thread has started
2026-07-30 15:24:09,291 [INFO] Connection opened
2026-07-30 15:24:09,292 [INFO] Switched to physical mode for TC: PC_ID-032 Step: Start default session
2026-07-30 15:24:09,296 [INFO] PC_ID-032 - Start default session: SID=0x10, Sub=0x01, Expected=[6, 80, 1, 0, 50, 1, 244, 170]
2026-07-30 15:24:09,362 [INFO] PC_ID-032 - Start default session: Sending 1001
2026-07-30 15:24:09,416 [INFO] PC_ID-032 - Start default session: Sending request 1001
2026-07-30 15:24:09,417 [DEBUG] Sending 2 bytes : [1001]
2026-07-30 15:24:09,418 [DEBUG] Enqueuing a SendRequest for 2 bytes and TAT=Physical
2026-07-30 15:24:09,420 [DEBUG] Tx: <7A6> (08) [ ]	 0210010000000000
2026-07-30 15:24:09,421 [DEBUG] We've been asked to write a message to the bus
2026-07-30 15:24:09,422 [DEBUG] sending: Timestamp:        0.000000    ID:      7a6    S Rx       BS       DL:  8    02 10 01 00 00 00 00 00
2026-07-30 15:24:09,435 [INFO] PC_ID-032 - Received: 5001003201F4
2026-07-30 15:24:09,438 [WARNING] PC_ID-032 - Start default session -> FAIL - Unexpected response
2026-07-30 15:24:09,439 [DEBUG] Rx: <7AE> (08) [p]	 065001003201f4aa
2026-07-30 15:24:09,440 [DEBUG] Stopping CanStack
2026-07-30 15:24:09,443 [DEBUG] Main thread is exiting
2026-07-30 15:24:09,489 [DEBUG] CanStack Stopped
2026-07-30 15:24:09,489 [INFO] Connection closed
2026-07-30 15:24:09,490 [INFO] Running Test Case: TC_ID-279
2026-07-30 15:24:09,491 [DEBUG] Starting CanStack
2026-07-30 15:24:09,492 [DEBUG] Main thread has started
2026-07-30 15:24:09,492 [DEBUG] Relay thread has started
2026-07-30 15:24:09,494 [INFO] Connection opened
2026-07-30 15:24:09,494 [INFO] Switched to physical mode for TC: TC_ID-279 Step: PreCondition: PC_ID-032  Testcase:Service not supported in Active session(27 11)
2026-07-30 15:24:09,495 [INFO] TC_ID-279 - PreCondition: PC_ID-032  Testcase:Service not supported in Active session(27 11): SID=0x27, Sub=0x11, Expected=[3, 127, 39, 127, 170, 170, 170, 170]
2026-07-30 15:24:09,582 [INFO] TC_ID-279 - PreCondition: PC_ID-032  Testcase:Service not supported in Active session(27 11): Sending request 2711
2026-07-30 15:24:09,583 [DEBUG] Sending 2 bytes : [2711]
2026-07-30 15:24:09,583 [DEBUG] Enqueuing a SendRequest for 2 bytes and TAT=Physical
2026-07-30 15:24:09,585 [DEBUG] Tx: <7A6> (08) [ ]	 0227110000000000
2026-07-30 15:24:09,587 [DEBUG] We've been asked to write a message to the bus
2026-07-30 15:24:09,587 [DEBUG] sending: Timestamp:        0.000000    ID:      7a6    S Rx       BS       DL:  8    02 27 11 00 00 00 00 00
2026-07-30 15:24:09,598 [DEBUG] TC_ID-279 PreCondition: PC_ID-032  Testcase:Service not supported in Active session(27 11) -> Received payload: [127, 39, 127]
2026-07-30 15:24:09,601 [DEBUG] Rx: <7AE> (08) [p]	 037f277faaaaaaaa
2026-07-30 15:24:09,603 [WARNING] TC_ID-279 PreCondition: PC_ID-032  Testcase:Service not supported in Active session(27 11) -> FAIL - NRC (key): [127, 39, 127]
2026-07-30 15:24:09,604 [DEBUG] Stopping CanStack
2026-07-30 15:24:09,605 [DEBUG] Main thread is exiting
2026-07-30 15:24:09,646 [DEBUG] CanStack Stopped
2026-07-30 15:24:09,647 [INFO] Connection closed
2026-07-30 15:24:09,649 [ERROR] ----------------------------------TC_ID-279 PreCondition: PC_ID-032  Testcase:Service not supported in Active session(27 11) -> EXCEPTION - NRC (key): [127, 39, 127]----------------------------------
2026-07-30 15:24:09,650 [INFO] Running Test Case: TC_ID-280
2026-07-30 15:24:09,651 [DEBUG] Starting CanStack
2026-07-30 15:24:09,652 [DEBUG] Main thread has started
2026-07-30 15:24:09,654 [DEBUG] Relay thread has started
2026-07-30 15:24:09,656 [INFO] Connection opened
2026-07-30 15:24:09,657 [INFO] Switched to physical mode for TC: TC_ID-280 Step: PreCondition: PC_ID-032  Testcase:Start Extended session(10 03)
2026-07-30 15:24:09,658 [INFO] TC_ID-280 - PreCondition: PC_ID-032  Testcase:Start Extended session(10 03): SID=0x10, Sub=0x03, Expected=[6, 80, 3, 0, 50, 1, 244, 170]
2026-07-30 15:24:09,747 [INFO] TC_ID-280 - PreCondition: PC_ID-032  Testcase:Start Extended session(10 03): Sending 1003
2026-07-30 15:24:09,803 [INFO] TC_ID-280 - PreCondition: PC_ID-032  Testcase:Start Extended session(10 03): Sending request 1003
2026-07-30 15:24:09,804 [DEBUG] Sending 2 bytes : [1003]
2026-07-30 15:24:09,805 [DEBUG] Enqueuing a SendRequest for 2 bytes and TAT=Physical
2026-07-30 15:24:09,807 [DEBUG] Tx: <7A6> (08) [ ]	 0210030000000000
2026-07-30 15:24:09,808 [DEBUG] We've been asked to write a message to the bus
2026-07-30 15:24:09,809 [DEBUG] sending: Timestamp:        0.000000    ID:      7a6    S Rx       BS       DL:  8    02 10 03 00 00 00 00 00
2026-07-30 15:24:09,815 [INFO] TC_ID-280 - Received: 5003003201F4
2026-07-30 15:24:09,818 [DEBUG] Rx: <7AE> (08) [p]	 065003003201f4aa
2026-07-30 15:24:09,822 [WARNING] TC_ID-280 - PreCondition: PC_ID-032  Testcase:Start Extended session(10 03) -> FAIL - Unexpected response
2026-07-30 15:24:09,826 [DEBUG] Stopping CanStack
2026-07-30 15:24:09,828 [DEBUG] Main thread is exiting
2026-07-30 15:24:09,865 [DEBUG] CanStack Stopped
2026-07-30 15:24:09,867 [INFO] Connection closed
2026-07-30 15:24:09,867 [INFO] Running Test Case: TC_ID-281
2026-07-30 15:24:09,868 [DEBUG] Starting CanStack
2026-07-30 15:24:09,870 [DEBUG] Main thread has started
2026-07-30 15:24:09,872 [DEBUG] Relay thread has started
2026-07-30 15:24:09,874 [INFO] Connection opened
2026-07-30 15:24:09,875 [INFO] Switched to physical mode for TC: TC_ID-281 Step: PreCondition: PC_ID-032  Testcase:sub function not support(27 22)
2026-07-30 15:24:09,876 [INFO] TC_ID-281 - PreCondition: PC_ID-032  Testcase:sub function not support(27 22): SID=0x27, Sub=0x22, Expected=[3, 127, 39, 18, 170, 170, 170, 170]
2026-07-30 15:24:09,964 [INFO] No key available for subfunction 0x22. Ensure seed request precedes key send. aaaaaaa
2026-07-30 15:24:09,965 [INFO] TC_ID-281 - PreCondition: PC_ID-032  Testcase:sub function not support(27 22): Sending request 2722
2026-07-30 15:24:09,966 [DEBUG] Sending 2 bytes : [2722]
2026-07-30 15:24:09,967 [DEBUG] Enqueuing a SendRequest for 2 bytes and TAT=Physical
2026-07-30 15:24:09,969 [DEBUG] Tx: <7A6> (08) [ ]	 0227220000000000
2026-07-30 15:24:09,970 [DEBUG] We've been asked to write a message to the bus
2026-07-30 15:24:09,971 [DEBUG] sending: Timestamp:        0.000000    ID:      7a6    S Rx       BS       DL:  8    02 27 22 00 00 00 00 00
2026-07-30 15:24:09,985 [DEBUG] TC_ID-281 PreCondition: PC_ID-032  Testcase:sub function not support(27 22) -> Received payload: [127, 39, 18]
2026-07-30 15:24:09,987 [WARNING] TC_ID-281 PreCondition: PC_ID-032  Testcase:sub function not support(27 22) -> FAIL - NRC (key): [127, 39, 18]
2026-07-30 15:24:09,988 [DEBUG] Rx: <7AE> (08) [p]	 037f2712aaaaaaaa
2026-07-30 15:24:09,989 [DEBUG] Stopping CanStack
2026-07-30 15:24:09,992 [DEBUG] Main thread is exiting
2026-07-30 15:24:10,037 [DEBUG] CanStack Stopped
2026-07-30 15:24:10,038 [INFO] Connection closed
2026-07-30 15:24:10,039 [ERROR] ----------------------------------TC_ID-281 PreCondition: PC_ID-032  Testcase:sub function not support(27 22) -> EXCEPTION - NRC (key): [127, 39, 18]----------------------------------
2026-07-30 15:24:10,039 [INFO] Running Test Case: TC_ID-282
2026-07-30 15:24:10,040 [DEBUG] Starting CanStack
2026-07-30 15:24:10,041 [DEBUG] Main thread has started
2026-07-30 15:24:10,042 [DEBUG] Relay thread has started
2026-07-30 15:24:10,043 [INFO] Connection opened
2026-07-30 15:24:10,044 [INFO] Switched to physical mode for TC: TC_ID-282 Step: PreCondition: PC_ID-032  Testcase:SubFunctionNotSupported(0x12)
2026-07-30 15:24:10,044 [INFO] TC_ID-282 - PreCondition: PC_ID-032  Testcase:SubFunctionNotSupported(0x12): SID=0x27, Sub=, Expected=[3, 127, 39, 18, 170, 170, 170, 170]
2026-07-30 15:24:10,131 [INFO] TC_ID-282 - PreCondition: PC_ID-032  Testcase:SubFunctionNotSupported(0x12): Sending request 27
2026-07-30 15:24:10,131 [DEBUG] Sending 1 bytes : [27]
2026-07-30 15:24:10,132 [DEBUG] Enqueuing a SendRequest for 1 bytes and TAT=Physical
2026-07-30 15:24:10,135 [DEBUG] Tx: <7A6> (08) [ ]	 0127000000000000
2026-07-30 15:24:10,136 [DEBUG] We've been asked to write a message to the bus
2026-07-30 15:24:10,137 [DEBUG] sending: Timestamp:        0.000000    ID:      7a6    S Rx       BS       DL:  8    01 27 00 00 00 00 00 00
2026-07-30 15:24:10,147 [DEBUG] Stopping CanStack
2026-07-30 15:24:10,151 [DEBUG] Rx: <7AE> (08) [p]	 037f2712aaaaaaaa
2026-07-30 15:24:10,153 [DEBUG] Main thread is exiting
2026-07-30 15:24:10,201 [DEBUG] CanStack Stopped
2026-07-30 15:24:10,202 [INFO] Connection closed
2026-07-30 15:24:10,202 [INFO] Running Test Case: TC_ID-283
2026-07-30 15:24:10,203 [DEBUG] Starting CanStack
2026-07-30 15:24:10,204 [DEBUG] Main thread has started
2026-07-30 15:24:10,205 [DEBUG] Relay thread has started
2026-07-30 15:24:10,206 [INFO] Connection opened
2026-07-30 15:24:10,207 [INFO] Switched to physical mode for TC: TC_ID-283 Step: PreCondition: PC_ID-032  Testcase:Seed request in extended session(27 11)
2026-07-30 15:24:10,207 [INFO] TC_ID-283 - PreCondition: PC_ID-032  Testcase:Seed request in extended session(27 11): SID=0x27, Sub=0x11, Expected=[10, 103, 17, 167, 14, 132, 124, 156, 192, 57, 101]
2026-07-30 15:24:10,293 [INFO] TC_ID-283 - PreCondition: PC_ID-032  Testcase:Seed request in extended session(27 11): Sending request 2711
2026-07-30 15:24:10,294 [DEBUG] Sending 2 bytes : [2711]
2026-07-30 15:24:10,295 [DEBUG] Enqueuing a SendRequest for 2 bytes and TAT=Physical
2026-07-30 15:24:10,297 [DEBUG] Tx: <7A6> (08) [ ]	 0227110000000000
2026-07-30 15:24:10,298 [DEBUG] We've been asked to write a message to the bus
2026-07-30 15:24:10,299 [DEBUG] sending: Timestamp:        0.000000    ID:      7a6    S Rx       BS       DL:  8    02 27 11 00 00 00 00 00
2026-07-30 15:24:10,310 [DEBUG] We've been asked to write a message to the bus
2026-07-30 15:24:10,312 [DEBUG] Rx: <7AE> (08) [p]	 100a6711f769ed61
2026-07-30 15:24:10,314 [DEBUG] sending: Timestamp:        0.000000    ID:      7a6    S Rx       BS       DL:  8    30 08 0a 00 00 00 00 00
2026-07-30 15:24:10,315 [DEBUG] Tx: <7A6> (08) [ ]	 30080a0000000000
2026-07-30 15:24:10,317 [DEBUG] We've been asked to write a message to the bus
2026-07-30 15:24:10,319 [DEBUG] sending: Timestamp:        0.000000    ID:      7a6    S Rx       BS       DL:  8    30 08 0a 00 00 00 00 00
2026-07-30 15:24:10,321 [DEBUG] TxState=IDLE - RxState=WAIT_CF
2026-07-30 15:24:10,337 [DEBUG] TC_ID-283 PreCondition: PC_ID-032  Testcase:Seed request in extended session(27 11) -> Received payload: [103, 17, 247, 105, 237, 97, 55, 28, 254, 133]
2026-07-30 15:24:10,344 [INFO] Received Seed (subfunc 0x11): f769ed61371cfe85
2026-07-30 15:24:10,345 [DEBUG] Rx: <7AE> (08) [p]	 21371cfe85aaaaaa
2026-07-30 15:24:10,396 [DEBUG] TxState=IDLE - RxState=IDLE
2026-07-30 15:24:10,846 [INFO] Attempt 1: Sending seed to PC...
2026-07-30 15:24:11,095 [ERROR] Attempt 1 - Error occurred:
Traceback (most recent call last):
  File "drivers/uds_client.py", line 1726, in run_testcase
    raise Exception(f"Invalid key length. Expected {expected_key_length}, got {len(key)}")
Exception: Invalid key length. Expected 8, got 7
2026-07-30 15:24:11,128 [DEBUG] Stopping CanStack
2026-07-30 15:24:11,129 [DEBUG] Main thread is exiting
2026-07-30 15:24:11,158 [DEBUG] CanStack Stopped
2026-07-30 15:24:11,160 [INFO] Connection closed
2026-07-30 15:24:11,162 [ERROR] ----------------------------------TC_ID-283 PreCondition: PC_ID-032  Testcase:Seed request in extended session(27 11) -> EXCEPTION - Invalid key length. Expected 8, got 7----------------------------------
2026-07-30 15:24:11,164 [INFO] Running Test Case: TC_ID-284
2026-07-30 15:24:11,172 [DEBUG] Starting CanStack
2026-07-30 15:24:11,176 [DEBUG] Main thread has started
2026-07-30 15:24:11,180 [DEBUG] Relay thread has started
2026-07-30 15:24:11,183 [INFO] Connection opened
2026-07-30 15:24:11,185 [INFO] Switched to physical mode for TC: TC_ID-284 Step: PreCondition: PC_ID-032  Testcase:Start default session(10 01)
2026-07-30 15:24:11,188 [INFO] TC_ID-284 - PreCondition: PC_ID-032  Testcase:Start default session(10 01): SID=0x10, Sub=0x01, Expected=[6, 80, 1, 0, 50, 1, 244, 170]
2026-07-30 15:24:11,286 [INFO] TC_ID-284 - PreCondition: PC_ID-032  Testcase:Start default session(10 01): Sending 1001
2026-07-30 15:24:11,343 [INFO] TC_ID-284 - PreCondition: PC_ID-032  Testcase:Start default session(10 01): Sending request 1001
2026-07-30 15:24:11,344 [DEBUG] Sending 2 bytes : [1001]
2026-07-30 15:24:11,345 [DEBUG] Enqueuing a SendRequest for 2 bytes and TAT=Physical
2026-07-30 15:24:11,347 [DEBUG] Tx: <7A6> (08) [ ]	 0210010000000000
2026-07-30 15:24:11,348 [DEBUG] We've been asked to write a message to the bus
2026-07-30 15:24:11,349 [DEBUG] sending: Timestamp:        0.000000    ID:      7a6    S Rx       BS       DL:  8    02 10 01 00 00 00 00 00
2026-07-30 15:24:11,360 [INFO] TC_ID-284 - Received: 5001003201F4
2026-07-30 15:24:11,362 [DEBUG] Rx: <7AE> (08) [p]	 065001003201f4aa
2026-07-30 15:24:11,365 [WARNING] TC_ID-284 - PreCondition: PC_ID-032  Testcase:Start default session(10 01) -> FAIL - Unexpected response
2026-07-30 15:24:11,367 [DEBUG] Stopping CanStack
2026-07-30 15:24:11,368 [DEBUG] Main thread is exiting
2026-07-30 15:24:11,410 [DEBUG] CanStack Stopped
2026-07-30 15:24:11,410 [INFO] Connection closed
2026-07-30 15:24:11,411 [INFO] Running Test Case: TC_ID-285
2026-07-30 15:24:11,411 [DEBUG] Starting CanStack
2026-07-30 15:24:11,412 [DEBUG] Main thread has started
2026-07-30 15:24:11,413 [DEBUG] Relay thread has started
2026-07-30 15:24:11,415 [INFO] Connection opened
2026-07-30 15:24:11,415 [INFO] Switched to physical mode for TC: TC_ID-285 Step: PreCondition: PC_ID-032  Testcase:Service not supported in Active session in default session(27 11)
2026-07-30 15:24:11,416 [INFO] TC_ID-285 - PreCondition: PC_ID-032  Testcase:Service not supported in Active session in default session(27 11): SID=0x27, Sub=0x11, Expected=[3, 127, 39, 127, 170, 170, 170, 170]
2026-07-30 15:24:11,510 [INFO] TC_ID-285 - PreCondition: PC_ID-032  Testcase:Service not supported in Active session in default session(27 11): Sending request 2711
2026-07-30 15:24:11,511 [DEBUG] Sending 2 bytes : [2711]
2026-07-30 15:24:11,512 [DEBUG] Enqueuing a SendRequest for 2 bytes and TAT=Physical
2026-07-30 15:24:11,514 [DEBUG] Tx: <7A6> (08) [ ]	 0227110000000000
2026-07-30 15:24:11,515 [DEBUG] We've been asked to write a message to the bus
2026-07-30 15:24:11,516 [DEBUG] sending: Timestamp:        0.000000    ID:      7a6    S Rx       BS       DL:  8    02 27 11 00 00 00 00 00
2026-07-30 15:24:11,529 [DEBUG] TC_ID-285 PreCondition: PC_ID-032  Testcase:Service not supported in Active session in default session(27 11) -> Received payload: [127, 39, 127]
2026-07-30 15:24:11,532 [WARNING] TC_ID-285 PreCondition: PC_ID-032  Testcase:Service not supported in Active session in default session(27 11) -> FAIL - NRC (key): [127, 39, 127]
2026-07-30 15:24:11,532 [DEBUG] Rx: <7AE> (08) [p]	 037f277faaaaaaaa
2026-07-30 15:24:11,533 [DEBUG] Stopping CanStack
2026-07-30 15:24:11,536 [DEBUG] Main thread is exiting
2026-07-30 15:24:11,582 [DEBUG] CanStack Stopped
2026-07-30 15:24:11,583 [INFO] Connection closed
2026-07-30 15:24:11,584 [ERROR] ----------------------------------TC_ID-285 PreCondition: PC_ID-032  Testcase:Service not supported in Active session in default session(27 11) -> EXCEPTION - NRC (key): [127, 39, 127]----------------------------------
2026-07-30 15:24:11,584 [INFO] Running Test Case: PC_ID-034
2026-07-30 15:24:11,585 [DEBUG] Starting CanStack
2026-07-30 15:24:11,586 [DEBUG] Main thread has started
2026-07-30 15:24:11,587 [DEBUG] Relay thread has started
2026-07-30 15:24:11,588 [INFO] Connection opened
2026-07-30 15:24:11,588 [INFO] Switched to physical mode for TC: PC_ID-034 Step: Start Extended session(10 03)
2026-07-30 15:24:11,589 [INFO] PC_ID-034 - Start Extended session(10 03): SID=0x10, Sub=0x03, Expected=[6, 80, 3, 0, 50, 1, 244, 170]
2026-07-30 15:24:11,655 [INFO] PC_ID-034 - Start Extended session(10 03): Sending 1003
2026-07-30 15:24:11,708 [INFO] PC_ID-034 - Start Extended session(10 03): Sending request 1003
2026-07-30 15:24:11,710 [DEBUG] Sending 2 bytes : [1003]
2026-07-30 15:24:11,711 [DEBUG] Enqueuing a SendRequest for 2 bytes and TAT=Physical
2026-07-30 15:24:11,713 [DEBUG] Tx: <7A6> (08) [ ]	 0210030000000000
2026-07-30 15:24:11,714 [DEBUG] We've been asked to write a message to the bus
2026-07-30 15:24:11,715 [DEBUG] sending: Timestamp:        0.000000    ID:      7a6    S Rx       BS       DL:  8    02 10 03 00 00 00 00 00
2026-07-30 15:24:11,726 [INFO] PC_ID-034 - Received: 5003003201F4
2026-07-30 15:24:11,731 [WARNING] PC_ID-034 - Start Extended session(10 03) -> FAIL - Unexpected response
2026-07-30 15:24:11,736 [DEBUG] Rx: <7AE> (08) [p]	 065003003201f4aa
2026-07-30 15:24:11,737 [DEBUG] Stopping CanStack
2026-07-30 15:24:11,739 [DEBUG] Main thread is exiting
2026-07-30 15:24:11,784 [DEBUG] CanStack Stopped
2026-07-30 15:24:11,785 [INFO] Connection closed
2026-07-30 15:24:11,786 [INFO] Running Test Case: TC_ID-286
2026-07-30 15:24:11,787 [DEBUG] Starting CanStack
2026-07-30 15:24:11,788 [DEBUG] Main thread has started
2026-07-30 15:24:11,788 [DEBUG] Relay thread has started
2026-07-30 15:24:11,790 [INFO] Connection opened
2026-07-30 15:24:11,790 [INFO] Switched to physical mode for TC: TC_ID-286 Step: PreCondition: PC_ID-034  Testcase:Start programming session(10 02)
2026-07-30 15:24:11,791 [INFO] TC_ID-286 - PreCondition: PC_ID-034  Testcase:Start programming session(10 02): SID=0x10, Sub=0x02, Expected=[6, 80, 2, 0, 50, 0, 200, 0]
2026-07-30 15:24:11,873 [INFO] TC_ID-286 - PreCondition: PC_ID-034  Testcase:Start programming session(10 02): Sending 1002
2026-07-30 15:24:11,929 [INFO] TC_ID-286 - PreCondition: PC_ID-034  Testcase:Start programming session(10 02): Sending request 1002
2026-07-30 15:24:11,931 [DEBUG] Sending 2 bytes : [1002]
2026-07-30 15:24:11,931 [DEBUG] Enqueuing a SendRequest for 2 bytes and TAT=Physical
2026-07-30 15:24:11,933 [DEBUG] Tx: <7A6> (08) [ ]	 0210020000000000
2026-07-30 15:24:11,934 [DEBUG] We've been asked to write a message to the bus
2026-07-30 15:24:11,935 [DEBUG] sending: Timestamp:        0.000000    ID:      7a6    S Rx       BS       DL:  8    02 10 02 00 00 00 00 00
2026-07-30 15:24:11,977 [INFO] TC_ID-286 - Received: 5002003200C8
2026-07-30 15:24:11,982 [DEBUG] Rx: <7AE> (08) [p]	 065002003200c800
2026-07-30 15:24:11,983 [WARNING] TC_ID-286 - PreCondition: PC_ID-034  Testcase:Start programming session(10 02) -> FAIL - Unexpected response
2026-07-30 15:24:11,985 [DEBUG] Stopping CanStack
2026-07-30 15:24:11,986 [DEBUG] Main thread is exiting
2026-07-30 15:24:12,031 [DEBUG] CanStack Stopped
2026-07-30 15:24:12,032 [INFO] Connection closed
2026-07-30 15:24:12,033 [INFO] Running Test Case: PC_ID-035
2026-07-30 15:24:12,033 [DEBUG] Starting CanStack
2026-07-30 15:24:12,034 [DEBUG] Main thread has started
2026-07-30 15:24:12,035 [DEBUG] Relay thread has started
2026-07-30 15:24:12,036 [INFO] Connection opened
2026-07-30 15:24:12,037 [INFO] Switched to physical mode for TC: PC_ID-035 Step: Start Extended session(10 03)
2026-07-30 15:24:12,038 [INFO] PC_ID-035 - Start Extended session(10 03): SID=0x10, Sub=0x03, Expected=[6, 80, 3, 0, 50, 0, 200, 170]
2026-07-30 15:24:12,101 [INFO] PC_ID-035 - Start Extended session(10 03): Sending 1003
2026-07-30 15:24:12,157 [INFO] PC_ID-035 - Start Extended session(10 03): Sending request 1003
2026-07-30 15:24:12,158 [DEBUG] Sending 2 bytes : [1003]
2026-07-30 15:24:12,159 [DEBUG] Enqueuing a SendRequest for 2 bytes and TAT=Physical
2026-07-30 15:24:12,161 [DEBUG] Tx: <7A6> (08) [ ]	 0210030000000000
2026-07-30 15:24:12,162 [DEBUG] We've been asked to write a message to the bus
2026-07-30 15:24:12,163 [DEBUG] sending: Timestamp:        0.000000    ID:      7a6    S Rx       BS       DL:  8    02 10 03 00 00 00 00 00
2026-07-30 15:24:12,180 [INFO] PC_ID-035 - Received: 5003003200C8
2026-07-30 15:24:12,181 [DEBUG] Rx: <7AE> (08) [p]	 065003003200c800
2026-07-30 15:24:12,182 [WARNING] PC_ID-035 - Start Extended session(10 03) -> FAIL - Unexpected response
2026-07-30 15:24:12,184 [DEBUG] Stopping CanStack
2026-07-30 15:24:12,186 [DEBUG] Main thread is exiting
2026-07-30 15:24:12,232 [DEBUG] CanStack Stopped
2026-07-30 15:24:12,232 [INFO] Connection closed
2026-07-30 15:24:12,233 [INFO] Running Test Case: TC_ID-287
2026-07-30 15:24:12,234 [DEBUG] Starting CanStack
2026-07-30 15:24:12,235 [DEBUG] Main thread has started
2026-07-30 15:24:12,235 [DEBUG] Relay thread has started
2026-07-30 15:24:12,237 [INFO] Connection opened
2026-07-30 15:24:12,237 [INFO] Switched to physical mode for TC: TC_ID-287 Step: PreCondition: PC_ID-035  Testcase:Start Extended session(10 03)
2026-07-30 15:24:12,238 [INFO] TC_ID-287 - PreCondition: PC_ID-035  Testcase:Start Extended session(10 03): SID=0x10, Sub=0x03, Expected=[6, 80, 3, 0, 50, 0, 200, 170]
2026-07-30 15:24:12,318 [INFO] TC_ID-287 - PreCondition: PC_ID-035  Testcase:Start Extended session(10 03): Sending 1003
2026-07-30 15:24:12,374 [INFO] TC_ID-287 - PreCondition: PC_ID-035  Testcase:Start Extended session(10 03): Sending request 1003
2026-07-30 15:24:12,375 [DEBUG] Sending 2 bytes : [1003]
2026-07-30 15:24:12,376 [DEBUG] Enqueuing a SendRequest for 2 bytes and TAT=Physical
2026-07-30 15:24:12,378 [DEBUG] Tx: <7A6> (08) [ ]	 0210030000000000
2026-07-30 15:24:12,379 [DEBUG] We've been asked to write a message to the bus
2026-07-30 15:24:12,380 [DEBUG] sending: Timestamp:        0.000000    ID:      7a6    S Rx       BS       DL:  8    02 10 03 00 00 00 00 00
2026-07-30 15:24:12,386 [INFO] TC_ID-287 - Received: 5003003200C8
2026-07-30 15:24:12,392 [WARNING] TC_ID-287 - PreCondition: PC_ID-035  Testcase:Start Extended session(10 03) -> FAIL - Unexpected response
2026-07-30 15:24:12,395 [DEBUG] Rx: <7AE> (08) [p]	 065003003200c800
2026-07-30 15:24:12,398 [DEBUG] Stopping CanStack
2026-07-30 15:24:12,399 [DEBUG] Main thread is exiting
2026-07-30 15:24:12,442 [DEBUG] CanStack Stopped
2026-07-30 15:24:12,443 [INFO] Connection closed
2026-07-30 15:24:12,443 [INFO] Running Test Case: TC_ID-288
2026-07-30 15:24:12,444 [DEBUG] Starting CanStack
2026-07-30 15:24:12,445 [DEBUG] Main thread has started
2026-07-30 15:24:12,446 [DEBUG] Relay thread has started
2026-07-30 15:24:12,447 [INFO] Connection opened
2026-07-30 15:24:12,448 [INFO] Switched to physical mode for TC: TC_ID-288 Step: PreCondition: PC_ID-035  Testcase:Start default session(10 01)
2026-07-30 15:24:12,448 [INFO] TC_ID-288 - PreCondition: PC_ID-035  Testcase:Start default session(10 01): SID=0x10, Sub=0x01, Expected=[6, 80, 1, 0, 50, 1, 244, 170]
2026-07-30 15:24:12,528 [INFO] TC_ID-288 - PreCondition: PC_ID-035  Testcase:Start default session(10 01): Sending 1001
2026-07-30 15:24:12,587 [INFO] TC_ID-288 - PreCondition: PC_ID-035  Testcase:Start default session(10 01): Sending request 1001
2026-07-30 15:24:12,588 [DEBUG] Sending 2 bytes : [1001]
2026-07-30 15:24:12,588 [DEBUG] Enqueuing a SendRequest for 2 bytes and TAT=Physical
2026-07-30 15:24:12,589 [DEBUG] Tx: <7A6> (08) [ ]	 0210010000000000
2026-07-30 15:24:12,590 [DEBUG] We've been asked to write a message to the bus
2026-07-30 15:24:12,591 [DEBUG] sending: Timestamp:        0.000000    ID:      7a6    S Rx       BS       DL:  8    02 10 01 00 00 00 00 00
2026-07-30 15:24:12,596 [WARNING] TC_ID-288 - No response received
2026-07-30 15:24:12,653 [DEBUG] Stopping CanStack
2026-07-30 15:24:12,654 [DEBUG] Main thread is exiting
2026-07-30 15:24:12,697 [DEBUG] CanStack Stopped
2026-07-30 15:24:12,698 [INFO] Connection closed
2026-07-30 15:24:12,699 [INFO] Running Test Case: PC_ID-036
2026-07-30 15:24:12,699 [DEBUG] Starting CanStack
2026-07-30 15:24:12,700 [DEBUG] Main thread has started
2026-07-30 15:24:12,702 [DEBUG] Relay thread has started
2026-07-30 15:24:12,703 [INFO] Connection opened
2026-07-30 15:24:12,703 [INFO] Switched to physical mode for TC: PC_ID-036 Step: Start Extended session(10 03)
2026-07-30 15:24:12,704 [INFO] PC_ID-036 - Start Extended session(10 03): SID=0x10, Sub=0x03, Expected=[6, 80, 3, 0, 50, 1, 244, 0]
2026-07-30 15:24:12,768 [INFO] PC_ID-036 - Start Extended session(10 03): Sending 1003
2026-07-30 15:24:12,824 [INFO] PC_ID-036 - Start Extended session(10 03): Sending request 1003
2026-07-30 15:24:12,825 [DEBUG] Sending 2 bytes : [1003]
2026-07-30 15:24:12,826 [DEBUG] Enqueuing a SendRequest for 2 bytes and TAT=Physical
2026-07-30 15:24:12,828 [DEBUG] Tx: <7A6> (08) [ ]	 0210030000000000
2026-07-30 15:24:12,830 [DEBUG] We've been asked to write a message to the bus
2026-07-30 15:24:12,831 [DEBUG] sending: Timestamp:        0.000000    ID:      7a6    S Rx       BS       DL:  8    02 10 03 00 00 00 00 00
2026-07-30 15:24:12,843 [DEBUG] Rx: <7AE> (08) [p]	 065003003201f4aa
2026-07-30 15:24:12,846 [INFO] PC_ID-036 - Received: 5003003201F4
2026-07-30 15:24:12,847 [WARNING] PC_ID-036 - Start Extended session(10 03) -> FAIL - Unexpected response
2026-07-30 15:24:12,848 [DEBUG] Stopping CanStack
2026-07-30 15:24:12,850 [DEBUG] Main thread is exiting
2026-07-30 15:24:12,893 [DEBUG] CanStack Stopped
2026-07-30 15:24:12,894 [INFO] Connection closed
2026-07-30 15:24:12,894 [INFO] Running Test Case: TC_ID-289
2026-07-30 15:24:12,895 [DEBUG] Starting CanStack
2026-07-30 15:24:12,896 [DEBUG] Main thread has started
2026-07-30 15:24:12,897 [DEBUG] Relay thread has started
2026-07-30 15:24:12,898 [INFO] Connection opened
2026-07-30 15:24:12,899 [INFO] Switched to physical mode for TC: TC_ID-289 Step: PreCondition: PC_ID-036  Testcase:Start default session(10 01)
2026-07-30 15:24:12,899 [INFO] TC_ID-289 - PreCondition: PC_ID-036  Testcase:Start default session(10 01): SID=0x10, Sub=0x01, Expected=[6, 80, 1, 0, 50, 1, 244, 170]
2026-07-30 15:24:12,980 [INFO] TC_ID-289 - PreCondition: PC_ID-036  Testcase:Start default session(10 01): Sending 1001
2026-07-30 15:24:13,037 [INFO] TC_ID-289 - PreCondition: PC_ID-036  Testcase:Start default session(10 01): Sending request 1001
2026-07-30 15:24:13,038 [DEBUG] Sending 2 bytes : [1001]
2026-07-30 15:24:13,039 [DEBUG] Enqueuing a SendRequest for 2 bytes and TAT=Physical
2026-07-30 15:24:13,040 [DEBUG] Tx: <7A6> (08) [ ]	 0210010000000000
2026-07-30 15:24:13,041 [DEBUG] We've been asked to write a message to the bus
2026-07-30 15:24:13,042 [DEBUG] sending: Timestamp:        0.000000    ID:      7a6    S Rx       BS       DL:  8    02 10 01 00 00 00 00 00
2026-07-30 15:24:13,054 [INFO] TC_ID-289 - Received: 5001003201F4
2026-07-30 15:24:13,056 [DEBUG] Rx: <7AE> (08) [p]	 065001003201f4aa
2026-07-30 15:24:13,059 [WARNING] TC_ID-289 - PreCondition: PC_ID-036  Testcase:Start default session(10 01) -> FAIL - Unexpected response
2026-07-30 15:24:13,061 [DEBUG] Stopping CanStack
2026-07-30 15:24:13,062 [DEBUG] Main thread is exiting
2026-07-30 15:24:13,101 [DEBUG] CanStack Stopped
2026-07-30 15:24:13,102 [INFO] Connection closed
2026-07-30 15:24:13,103 [INFO] Running Test Case: PC_ID-037
2026-07-30 15:24:13,103 [DEBUG] Starting CanStack
2026-07-30 15:24:13,104 [DEBUG] Main thread has started
2026-07-30 15:24:13,105 [DEBUG] Relay thread has started
2026-07-30 15:24:13,106 [INFO] Connection opened
2026-07-30 15:24:13,107 [INFO] Switched to physical mode for TC: PC_ID-037 Step: Start Programming session(10 02)
2026-07-30 15:24:13,107 [INFO] PC_ID-037 - Start Programming session(10 02): SID=0x10, Sub=0x02, Expected=[6, 80, 2, 0, 50, 0, 200, 0]
2026-07-30 15:24:13,172 [INFO] PC_ID-037 - Start Programming session(10 02): Sending 1002
2026-07-30 15:24:13,227 [INFO] PC_ID-037 - Start Programming session(10 02): Sending request 1002
2026-07-30 15:24:13,228 [DEBUG] Sending 2 bytes : [1002]
2026-07-30 15:24:13,229 [DEBUG] Enqueuing a SendRequest for 2 bytes and TAT=Physical
2026-07-30 15:24:13,230 [DEBUG] Tx: <7A6> (08) [ ]	 0210020000000000
2026-07-30 15:24:13,231 [DEBUG] We've been asked to write a message to the bus
2026-07-30 15:24:13,232 [DEBUG] sending: Timestamp:        0.000000    ID:      7a6    S Rx       BS       DL:  8    02 10 02 00 00 00 00 00
2026-07-30 15:24:13,274 [INFO] PC_ID-037 - Received: 5002003200C8
2026-07-30 15:24:13,276 [DEBUG] Rx: <7AE> (08) [p]	 065002003200c800
2026-07-30 15:24:13,279 [WARNING] PC_ID-037 - Start Programming session(10 02) -> FAIL - Unexpected response
2026-07-30 15:24:13,281 [DEBUG] Stopping CanStack
2026-07-30 15:24:13,282 [DEBUG] Main thread is exiting
2026-07-30 15:24:13,323 [DEBUG] CanStack Stopped
2026-07-30 15:24:13,324 [INFO] Connection closed
2026-07-30 15:24:13,325 [INFO] Running Test Case: TC_ID-290
2026-07-30 15:24:13,325 [DEBUG] Starting CanStack
2026-07-30 15:24:13,326 [DEBUG] Main thread has started
2026-07-30 15:24:13,327 [DEBUG] Relay thread has started
2026-07-30 15:24:13,328 [INFO] Connection opened
2026-07-30 15:24:13,329 [INFO] Switched to physical mode for TC: TC_ID-290 Step: PreCondition: PC_ID-037  Testcase:Start Extended session(10 03)
2026-07-30 15:24:13,330 [INFO] TC_ID-290 - PreCondition: PC_ID-037  Testcase:Start Extended session(10 03): SID=0x10, Sub=0x03, Expected=[6, 80, 3, 0, 50, 0, 200, 170]
2026-07-30 15:24:13,409 [INFO] TC_ID-290 - PreCondition: PC_ID-037  Testcase:Start Extended session(10 03): Sending 1003
2026-07-30 15:24:13,465 [INFO] TC_ID-290 - PreCondition: PC_ID-037  Testcase:Start Extended session(10 03): Sending request 1003
2026-07-30 15:24:13,467 [DEBUG] Sending 2 bytes : [1003]
2026-07-30 15:24:13,468 [DEBUG] Enqueuing a SendRequest for 2 bytes and TAT=Physical
2026-07-30 15:24:13,469 [DEBUG] Tx: <7A6> (08) [ ]	 0210030000000000
2026-07-30 15:24:13,470 [DEBUG] We've been asked to write a message to the bus
2026-07-30 15:24:13,471 [DEBUG] sending: Timestamp:        0.000000    ID:      7a6    S Rx       BS       DL:  8    02 10 03 00 00 00 00 00
2026-07-30 15:24:13,482 [INFO] TC_ID-290 - Received: 5003003200C8
2026-07-30 15:24:13,486 [DEBUG] Rx: <7AE> (08) [p]	 065003003200c800
2026-07-30 15:24:13,489 [WARNING] TC_ID-290 - PreCondition: PC_ID-037  Testcase:Start Extended session(10 03) -> FAIL - Unexpected response
2026-07-30 15:24:13,491 [DEBUG] Stopping CanStack
2026-07-30 15:24:13,492 [DEBUG] Main thread is exiting
2026-07-30 15:24:13,531 [DEBUG] CanStack Stopped
2026-07-30 15:24:13,532 [INFO] Connection closed
2026-07-30 15:24:13,533 [INFO] Running Test Case: PC_ID-038
2026-07-30 15:24:13,534 [DEBUG] Starting CanStack
2026-07-30 15:24:13,535 [DEBUG] Main thread has started
2026-07-30 15:24:13,535 [DEBUG] Relay thread has started
2026-07-30 15:24:13,537 [INFO] Connection opened
2026-07-30 15:24:13,537 [INFO] Switched to physical mode for TC: PC_ID-038 Step: Start default session(10 01)
2026-07-30 15:24:13,538 [INFO] PC_ID-038 - Start default session(10 01): SID=0x10, Sub=0x01, Expected=[6, 80, 1, 0, 50, 1, 244, 170]
2026-07-30 15:24:13,600 [INFO] PC_ID-038 - Start default session(10 01): Sending 1001
2026-07-30 15:24:13,657 [INFO] PC_ID-038 - Start default session(10 01): Sending request 1001
2026-07-30 15:24:13,658 [DEBUG] Sending 2 bytes : [1001]
2026-07-30 15:24:13,659 [DEBUG] Enqueuing a SendRequest for 2 bytes and TAT=Physical
2026-07-30 15:24:13,661 [DEBUG] Tx: <7A6> (08) [ ]	 0210010000000000
2026-07-30 15:24:13,662 [DEBUG] We've been asked to write a message to the bus
2026-07-30 15:24:13,663 [DEBUG] sending: Timestamp:        0.000000    ID:      7a6    S Rx       BS       DL:  8    02 10 01 00 00 00 00 00
2026-07-30 15:24:13,670 [WARNING] PC_ID-038 - No response received
2026-07-30 15:24:13,732 [DEBUG] Stopping CanStack
2026-07-30 15:24:13,733 [DEBUG] Main thread is exiting
2026-07-30 15:24:13,774 [DEBUG] CanStack Stopped
2026-07-30 15:24:13,775 [INFO] Connection closed
2026-07-30 15:24:13,776 [INFO] Running Test Case: TC_ID-291
2026-07-30 15:24:13,776 [DEBUG] Starting CanStack
2026-07-30 15:24:13,777 [DEBUG] Main thread has started
2026-07-30 15:24:13,778 [DEBUG] Relay thread has started
2026-07-30 15:24:13,779 [INFO] Connection opened
2026-07-30 15:24:13,780 [INFO] Switched to physical mode for TC: TC_ID-291 Step: PreCondition: PC_ID-038  Testcase:Incorrect message length(10 03 01)
2026-07-30 15:24:13,780 [INFO] TC_ID-291 - PreCondition: PC_ID-038  Testcase:Incorrect message length(10 03 01): SID=0x10, Sub=0x0102, Expected=[3, 127, 16, 19, 170, 170, 170, 170]
2026-07-30 15:24:13,864 [INFO] TC_ID-291 - PreCondition: PC_ID-038  Testcase:Incorrect message length(10 03 01): Sending 100102
2026-07-30 15:24:13,920 [INFO] TC_ID-291 - PreCondition: PC_ID-038  Testcase:Incorrect message length(10 03 01): Sending request 100102
2026-07-30 15:24:13,921 [DEBUG] Sending 3 bytes : [100102]
2026-07-30 15:24:13,922 [DEBUG] Enqueuing a SendRequest for 3 bytes and TAT=Physical
2026-07-30 15:24:13,924 [DEBUG] Tx: <7A6> (08) [ ]	 0310010200000000
2026-07-30 15:24:13,925 [DEBUG] We've been asked to write a message to the bus
2026-07-30 15:24:13,926 [DEBUG] sending: Timestamp:        0.000000    ID:      7a6    S Rx       BS       DL:  8    03 10 01 02 00 00 00 00
2026-07-30 15:24:13,933 [DEBUG] Rx: <7AE> (08) [p]	 037f1013aaaaaaaa
2026-07-30 15:24:13,936 [INFO] TC_ID-291 - Received: 7F1013
2026-07-30 15:24:13,943 [WARNING] TC_ID-291 - PreCondition: PC_ID-038  Testcase:Incorrect message length(10 03 01) -> FAIL - Unexpected response
2026-07-30 15:24:13,944 [DEBUG] Stopping CanStack
2026-07-30 15:24:13,945 [DEBUG] Main thread is exiting
2026-07-30 15:24:13,983 [DEBUG] CanStack Stopped
2026-07-30 15:24:13,984 [INFO] Connection closed
2026-07-30 15:24:13,985 [INFO] Running Test Case: TC_ID-292
2026-07-30 15:24:13,986 [DEBUG] Starting CanStack
2026-07-30 15:24:13,987 [DEBUG] Main thread has started
2026-07-30 15:24:13,988 [DEBUG] Relay thread has started
2026-07-30 15:24:13,989 [INFO] Connection opened
2026-07-30 15:24:13,990 [INFO] Switched to physical mode for TC: TC_ID-292 Step: PreCondition: PC_ID-038  Testcase:Incorrect message length(10 01 01)
2026-07-30 15:24:13,990 [INFO] TC_ID-292 - PreCondition: PC_ID-038  Testcase:Incorrect message length(10 01 01): SID=0x10, Sub=0x0101, Expected=[3, 127, 16, 19, 170, 170, 170, 170]
2026-07-30 15:24:14,072 [INFO] TC_ID-292 - PreCondition: PC_ID-038  Testcase:Incorrect message length(10 01 01): Sending 100101
2026-07-30 15:24:14,127 [INFO] TC_ID-292 - PreCondition: PC_ID-038  Testcase:Incorrect message length(10 01 01): Sending request 100101
2026-07-30 15:24:14,129 [DEBUG] Sending 3 bytes : [100101]
2026-07-30 15:24:14,130 [DEBUG] Enqueuing a SendRequest for 3 bytes and TAT=Physical
2026-07-30 15:24:14,131 [DEBUG] Tx: <7A6> (08) [ ]	 0310010100000000
2026-07-30 15:24:14,132 [DEBUG] We've been asked to write a message to the bus
2026-07-30 15:24:14,133 [DEBUG] sending: Timestamp:        0.000000    ID:      7a6    S Rx       BS       DL:  8    03 10 01 01 00 00 00 00
2026-07-30 15:24:14,146 [INFO] TC_ID-292 - Received: 7F1013
2026-07-30 15:24:14,151 [DEBUG] Rx: <7AE> (08) [p]	 037f1013aaaaaaaa
2026-07-30 15:24:14,152 [WARNING] TC_ID-292 - PreCondition: PC_ID-038  Testcase:Incorrect message length(10 01 01) -> FAIL - Unexpected response
2026-07-30 15:24:14,153 [DEBUG] Stopping CanStack
2026-07-30 15:24:14,155 [DEBUG] Main thread is exiting
2026-07-30 15:24:14,201 [DEBUG] CanStack Stopped
2026-07-30 15:24:14,204 [INFO] Connection closed
2026-07-30 15:24:14,205 [INFO] Running Test Case: TC_ID-293
2026-07-30 15:24:14,275 [DEBUG] Starting CanStack
2026-07-30 15:24:14,277 [DEBUG] Main thread has started
2026-07-30 15:24:14,278 [DEBUG] Relay thread has started
2026-07-30 15:24:14,280 [INFO] Connection opened
2026-07-30 15:24:14,282 [INFO] Switched to physical mode for TC: TC_ID-293 Step: PreCondition: PC_ID-038  Testcase:Sub function not supported(14FFFFF1)
2026-07-30 15:24:14,283 [INFO] TC_ID-293 - PreCondition: PC_ID-038  Testcase:Sub function not supported(14FFFFF1): SID=0x14, Sub=0xFFFFF1, Expected=[3, 127, 20, 18, 170, 170, 170, 170]
2026-07-30 15:24:14,372 [INFO] TC_ID-293 - PreCondition: PC_ID-038  Testcase:Sub function not supported(14FFFFF1): Sending 14FFFFF1
2026-07-30 15:24:14,373 [INFO] TC_ID-293 - PreCondition: PC_ID-038  Testcase:Sub function not supported(14FFFFF1): Sending request 14FFFFF1
2026-07-30 15:24:14,374 [DEBUG] Sending 4 bytes : [14fffff1]
2026-07-30 15:24:14,376 [DEBUG] Enqueuing a SendRequest for 4 bytes and TAT=Physical
2026-07-30 15:24:14,378 [DEBUG] Tx: <7A6> (08) [ ]	 0414fffff1000000
2026-07-30 15:24:14,379 [DEBUG] We've been asked to write a message to the bus
2026-07-30 15:24:14,380 [DEBUG] sending: Timestamp:        0.000000    ID:      7a6    S Rx       BS       DL:  8    04 14 ff ff f1 00 00 00
2026-07-30 15:24:14,394 [DEBUG] Rx: <7AE> (08) [p]	 037f1412aaaaaaaa
2026-07-30 15:24:14,395 [WARNING] -----------------------------------------------TC_ID-293 PreCondition: PC_ID-038  Testcase:Sub function not supported(14FFFFF1) -> FAIL - Expected Positive Response, but got NRC: 0x12-----------------------------------------------
2026-07-30 15:24:14,396 [DEBUG] Stopping CanStack
2026-07-30 15:24:14,398 [DEBUG] Main thread is exiting
2026-07-30 15:24:14,444 [DEBUG] CanStack Stopped
2026-07-30 15:24:14,444 [INFO] Connection closed
2026-07-30 15:24:14,445 [INFO] Running Test Case: TC_ID-294
2026-07-30 15:24:14,446 [DEBUG] Starting CanStack
2026-07-30 15:24:14,447 [DEBUG] Main thread has started
2026-07-30 15:24:14,448 [DEBUG] Relay thread has started
2026-07-30 15:24:14,449 [INFO] Connection opened
2026-07-30 15:24:14,449 [INFO] Switched to physical mode for TC: TC_ID-294 Step: PreCondition: PC_ID-038  Testcase:Incorrect message length(14FFFFFFFF)
2026-07-30 15:24:14,450 [INFO] TC_ID-294 - PreCondition: PC_ID-038  Testcase:Incorrect message length(14FFFFFFFF): SID=0x14, Sub=0xFFFFFFFF, Expected=[3, 127, 20, 19, 170, 170, 170, 170]
2026-07-30 15:24:14,533 [INFO] TC_ID-294 - PreCondition: PC_ID-038  Testcase:Incorrect message length(14FFFFFFFF): Sending 14FFFFFFFF
2026-07-30 15:24:14,534 [INFO] TC_ID-294 - PreCondition: PC_ID-038  Testcase:Incorrect message length(14FFFFFFFF): Sending request 14FFFFFFFF
2026-07-30 15:24:14,535 [DEBUG] Sending 5 bytes : [14ffffffff]
2026-07-30 15:24:14,536 [DEBUG] Enqueuing a SendRequest for 5 bytes and TAT=Physical
2026-07-30 15:24:14,538 [DEBUG] Tx: <7A6> (08) [ ]	 0514ffffffff0000
2026-07-30 15:24:14,539 [DEBUG] We've been asked to write a message to the bus
2026-07-30 15:24:14,540 [DEBUG] sending: Timestamp:        0.000000    ID:      7a6    S Rx       BS       DL:  8    05 14 ff ff ff ff 00 00
2026-07-30 15:24:14,554 [WARNING] -----------------------------------------------TC_ID-294 PreCondition: PC_ID-038  Testcase:Incorrect message length(14FFFFFFFF) -> FAIL - Expected Positive Response, but got NRC: 0x13-----------------------------------------------
2026-07-30 15:24:14,556 [DEBUG] Rx: <7AE> (08) [p]	 037f1413aaaaaaaa
2026-07-30 15:24:14,557 [DEBUG] Stopping CanStack
2026-07-30 15:24:14,559 [DEBUG] Main thread is exiting
2026-07-30 15:24:14,604 [DEBUG] CanStack Stopped
2026-07-30 15:24:14,605 [INFO] Connection closed
2026-07-30 15:24:14,606 [INFO] Running Test Case: TC_ID-295
2026-07-30 15:24:14,606 [DEBUG] Starting CanStack
2026-07-30 15:24:14,608 [DEBUG] Main thread has started
2026-07-30 15:24:14,608 [DEBUG] Relay thread has started
2026-07-30 15:24:14,610 [INFO] Connection opened
2026-07-30 15:24:14,610 [INFO] Switched to physical mode for TC: TC_ID-295 Step: PreCondition: PC_ID-038  Testcase:Incorrect message length(22F18B02)
2026-07-30 15:24:14,611 [INFO] TC_ID-295 - PreCondition: PC_ID-038  Testcase:Incorrect message length(22F18B02): SID=0x22, Sub=0xF18B02, Expected=[3, 127, 34, 19, 170, 170, 170, 170]
2026-07-30 15:24:14,698 [INFO] TC_ID-295 - PreCondition: PC_ID-038  Testcase:Incorrect message length(22F18B02): Sending request 22F18B02
2026-07-30 15:24:14,699 [INFO] TC_ID-295 - PreCondition: PC_ID-038  Testcase:Incorrect message length(22F18B02): Sending request 22F18B02
2026-07-30 15:24:14,700 [DEBUG] Sending 4 bytes : [22f18b02]
2026-07-30 15:24:14,701 [DEBUG] Enqueuing a SendRequest for 4 bytes and TAT=Physical
2026-07-30 15:24:14,703 [DEBUG] Tx: <7A6> (08) [ ]	 0422f18b02000000
2026-07-30 15:24:14,704 [DEBUG] We've been asked to write a message to the bus
2026-07-30 15:24:14,705 [DEBUG] sending: Timestamp:        0.000000    ID:      7a6    S Rx       BS       DL:  8    04 22 f1 8b 02 00 00 00
2026-07-30 15:24:14,717 [DEBUG] Rx: <7AE> (08) [p]	 037f2213aaaaaaaa
2026-07-30 15:24:14,764 [INFO] TC_ID-295 - Received: 7F2213
2026-07-30 15:24:14,765 [WARNING] TC_ID-295 - PreCondition: PC_ID-038  Testcase:Incorrect message length(22F18B02) -> ❌ FAIL - Expected 037F2213AAAAAAAA
2026-07-30 15:24:14,765 [DEBUG] Stopping CanStack
2026-07-30 15:24:14,766 [DEBUG] Main thread is exiting
2026-07-30 15:24:14,767 [DEBUG] CanStack Stopped
2026-07-30 15:24:14,768 [INFO] Connection closed
2026-07-30 15:24:14,768 [INFO] Running Test Case: TC_ID-296
2026-07-30 15:24:14,769 [DEBUG] Starting CanStack
2026-07-30 15:24:14,770 [DEBUG] Main thread has started
2026-07-30 15:24:14,771 [DEBUG] Relay thread has started
2026-07-30 15:24:14,772 [INFO] Connection opened
2026-07-30 15:24:14,773 [INFO] Switched to physical mode for TC: TC_ID-296 Step: PreCondition: PC_ID-038  Testcase:Incorrect message length(22F18701)
2026-07-30 15:24:14,774 [INFO] TC_ID-296 - PreCondition: PC_ID-038  Testcase:Incorrect message length(22F18701): SID=0x22, Sub=0xF18701, Expected=[3, 127, 34, 19, 170, 170, 170, 170]
2026-07-30 15:24:14,858 [INFO] TC_ID-296 - PreCondition: PC_ID-038  Testcase:Incorrect message length(22F18701): Sending request 22F18701
2026-07-30 15:24:14,858 [INFO] TC_ID-296 - PreCondition: PC_ID-038  Testcase:Incorrect message length(22F18701): Sending request 22F18701
2026-07-30 15:24:14,859 [DEBUG] Sending 4 bytes : [22f18701]
2026-07-30 15:24:14,860 [DEBUG] Enqueuing a SendRequest for 4 bytes and TAT=Physical
2026-07-30 15:24:14,862 [DEBUG] Tx: <7A6> (08) [ ]	 0422f18701000000
2026-07-30 15:24:14,863 [DEBUG] We've been asked to write a message to the bus
2026-07-30 15:24:14,864 [DEBUG] sending: Timestamp:        0.000000    ID:      7a6    S Rx       BS       DL:  8    04 22 f1 87 01 00 00 00
2026-07-30 15:24:14,879 [DEBUG] Rx: <7AE> (08) [p]	 037f2213aaaaaaaa
2026-07-30 15:24:14,928 [INFO] TC_ID-296 - Received: 7F2213
2026-07-30 15:24:14,928 [WARNING] TC_ID-296 - PreCondition: PC_ID-038  Testcase:Incorrect message length(22F18701) -> ❌ FAIL - Expected 037F2213AAAAAAAA
2026-07-30 15:24:14,929 [DEBUG] Stopping CanStack
2026-07-30 15:24:14,930 [DEBUG] Main thread is exiting
2026-07-30 15:24:14,980 [DEBUG] CanStack Stopped
2026-07-30 15:24:14,981 [INFO] Connection closed
2026-07-30 15:24:14,982 [INFO] Running Test Case: TC_ID-297
2026-07-30 15:24:14,982 [DEBUG] Starting CanStack
2026-07-30 15:24:14,983 [DEBUG] Main thread has started
2026-07-30 15:24:14,984 [DEBUG] Relay thread has started
2026-07-30 15:24:14,986 [INFO] Connection opened
2026-07-30 15:24:14,986 [INFO] Switched to physical mode for TC: TC_ID-297 Step: PreCondition: PC_ID-038  Testcase:Incorrect message length(22F1A001)
2026-07-30 15:24:14,987 [INFO] TC_ID-297 - PreCondition: PC_ID-038  Testcase:Incorrect message length(22F1A001): SID=0x22, Sub=0xF1A001, Expected=[3, 127, 34, 19, 170, 170, 170, 170]
2026-07-30 15:24:15,075 [INFO] TC_ID-297 - PreCondition: PC_ID-038  Testcase:Incorrect message length(22F1A001): Sending request 22F1A001
2026-07-30 15:24:15,076 [INFO] TC_ID-297 - PreCondition: PC_ID-038  Testcase:Incorrect message length(22F1A001): Sending request 22F1A001
2026-07-30 15:24:15,077 [DEBUG] Sending 4 bytes : [22f1a001]
2026-07-30 15:24:15,078 [DEBUG] Enqueuing a SendRequest for 4 bytes and TAT=Physical
2026-07-30 15:24:15,080 [DEBUG] Tx: <7A6> (08) [ ]	 0422f1a001000000
2026-07-30 15:24:15,082 [DEBUG] We've been asked to write a message to the bus
2026-07-30 15:24:15,083 [DEBUG] sending: Timestamp:        0.000000    ID:      7a6    S Rx       BS       DL:  8    04 22 f1 a0 01 00 00 00
2026-07-30 15:24:15,096 [DEBUG] Rx: <7AE> (08) [p]	 037f2213aaaaaaaa
2026-07-30 15:24:15,145 [INFO] TC_ID-297 - Received: 7F2213
2026-07-30 15:24:15,146 [WARNING] TC_ID-297 - PreCondition: PC_ID-038  Testcase:Incorrect message length(22F1A001) -> ❌ FAIL - Expected 037F2213AAAAAAAA
2026-07-30 15:24:15,147 [DEBUG] Stopping CanStack
2026-07-30 15:24:15,147 [DEBUG] Main thread is exiting
2026-07-30 15:24:15,195 [DEBUG] CanStack Stopped
2026-07-30 15:24:15,196 [INFO] Connection closed
2026-07-30 15:24:15,196 [INFO] Running Test Case: TC_ID-298
2026-07-30 15:24:15,197 [DEBUG] Starting CanStack
2026-07-30 15:24:15,198 [DEBUG] Main thread has started
2026-07-30 15:24:15,199 [DEBUG] Relay thread has started
2026-07-30 15:24:15,200 [INFO] Connection opened
2026-07-30 15:24:15,201 [INFO] Switched to physical mode for TC: TC_ID-298 Step: PreCondition: PC_ID-038  Testcase:Incorrect message length(22F19504)
2026-07-30 15:24:15,201 [INFO] TC_ID-298 - PreCondition: PC_ID-038  Testcase:Incorrect message length(22F19504): SID=0x22, Sub=0xF19504, Expected=[3, 127, 34, 19, 170, 170, 170, 170]
2026-07-30 15:24:15,286 [INFO] TC_ID-298 - PreCondition: PC_ID-038  Testcase:Incorrect message length(22F19504): Sending request 22F19504
2026-07-30 15:24:15,287 [INFO] TC_ID-298 - PreCondition: PC_ID-038  Testcase:Incorrect message length(22F19504): Sending request 22F19504
2026-07-30 15:24:15,287 [DEBUG] Sending 4 bytes : [22f19504]
2026-07-30 15:24:15,289 [DEBUG] Enqueuing a SendRequest for 4 bytes and TAT=Physical
2026-07-30 15:24:15,291 [DEBUG] Tx: <7A6> (08) [ ]	 0422f19504000000
2026-07-30 15:24:15,292 [DEBUG] We've been asked to write a message to the bus
2026-07-30 15:24:15,293 [DEBUG] sending: Timestamp:        0.000000    ID:      7a6    S Rx       BS       DL:  8    04 22 f1 95 04 00 00 00
2026-07-30 15:24:15,307 [DEBUG] Rx: <7AE> (08) [p]	 037f2213aaaaaaaa
2026-07-30 15:24:15,356 [INFO] TC_ID-298 - Received: 7F2213
2026-07-30 15:24:15,357 [WARNING] TC_ID-298 - PreCondition: PC_ID-038  Testcase:Incorrect message length(22F19504) -> ❌ FAIL - Expected 037F2213AAAAAAAA
2026-07-30 15:24:15,357 [DEBUG] Stopping CanStack
2026-07-30 15:24:15,358 [DEBUG] Main thread is exiting
2026-07-30 15:24:15,408 [DEBUG] CanStack Stopped
2026-07-30 15:24:15,409 [INFO] Connection closed
2026-07-30 15:24:15,409 [INFO] Running Test Case: TC_ID-299
2026-07-30 15:24:15,410 [DEBUG] Starting CanStack
2026-07-30 15:24:15,411 [DEBUG] Main thread has started
2026-07-30 15:24:15,412 [DEBUG] Relay thread has started
2026-07-30 15:24:15,413 [INFO] Connection opened
2026-07-30 15:24:15,414 [INFO] Switched to physical mode for TC: TC_ID-299 Step: PreCondition: PC_ID-038  Testcase:Incorrect message length(22F1B001)
2026-07-30 15:24:15,414 [INFO] TC_ID-299 - PreCondition: PC_ID-038  Testcase:Incorrect message length(22F1B001): SID=0x22, Sub=0xF1B001, Expected=[3, 127, 34, 19, 170, 170, 170, 170]
2026-07-30 15:24:15,504 [INFO] TC_ID-299 - PreCondition: PC_ID-038  Testcase:Incorrect message length(22F1B001): Sending request 22F1B001
2026-07-30 15:24:15,504 [INFO] TC_ID-299 - PreCondition: PC_ID-038  Testcase:Incorrect message length(22F1B001): Sending request 22F1B001
2026-07-30 15:24:15,505 [DEBUG] Sending 4 bytes : [22f1b001]
2026-07-30 15:24:15,507 [DEBUG] Enqueuing a SendRequest for 4 bytes and TAT=Physical
2026-07-30 15:24:15,508 [DEBUG] Tx: <7A6> (08) [ ]	 0422f1b001000000
2026-07-30 15:24:15,510 [DEBUG] We've been asked to write a message to the bus
2026-07-30 15:24:15,511 [DEBUG] sending: Timestamp:        0.000000    ID:      7a6    S Rx       BS       DL:  8    04 22 f1 b0 01 00 00 00
2026-07-30 15:24:15,525 [DEBUG] Rx: <7AE> (08) [p]	 037f2213aaaaaaaa
2026-07-30 15:24:15,575 [INFO] TC_ID-299 - Received: 7F2213
2026-07-30 15:24:15,576 [WARNING] TC_ID-299 - PreCondition: PC_ID-038  Testcase:Incorrect message length(22F1B001) -> ❌ FAIL - Expected 037F2213AAAAAAAA
2026-07-30 15:24:15,577 [DEBUG] Stopping CanStack
2026-07-30 15:24:15,578 [DEBUG] Main thread is exiting
2026-07-30 15:24:15,626 [DEBUG] CanStack Stopped
2026-07-30 15:24:15,627 [INFO] Connection closed
2026-07-30 15:24:15,627 [INFO] Running Test Case: TC_ID-300
2026-07-30 15:24:15,628 [DEBUG] Starting CanStack
2026-07-30 15:24:15,629 [DEBUG] Main thread has started
2026-07-30 15:24:15,630 [DEBUG] Relay thread has started
2026-07-30 15:24:15,632 [INFO] Connection opened
2026-07-30 15:24:15,635 [INFO] Switched to physical mode for TC: TC_ID-300 Step: PreCondition: PC_ID-038  Testcase:Incorrect message length(22F19101)
2026-07-30 15:24:15,636 [INFO] TC_ID-300 - PreCondition: PC_ID-038  Testcase:Incorrect message length(22F19101): SID=0x22, Sub=0xF19101, Expected=[3, 127, 34, 19, 170, 170, 170, 170]
2026-07-30 15:24:15,726 [INFO] TC_ID-300 - PreCondition: PC_ID-038  Testcase:Incorrect message length(22F19101): Sending request 22F19101
2026-07-30 15:24:15,727 [INFO] TC_ID-300 - PreCondition: PC_ID-038  Testcase:Incorrect message length(22F19101): Sending request 22F19101
2026-07-30 15:24:15,727 [DEBUG] Sending 4 bytes : [22f19101]
2026-07-30 15:24:15,729 [DEBUG] Enqueuing a SendRequest for 4 bytes and TAT=Physical
2026-07-30 15:24:15,731 [DEBUG] Tx: <7A6> (08) [ ]	 0422f19101000000
2026-07-30 15:24:15,732 [DEBUG] We've been asked to write a message to the bus
2026-07-30 15:24:15,733 [DEBUG] sending: Timestamp:        0.000000    ID:      7a6    S Rx       BS       DL:  8    04 22 f1 91 01 00 00 00
2026-07-30 15:24:15,747 [DEBUG] Rx: <7AE> (08) [p]	 037f2213aaaaaaaa
2026-07-30 15:24:15,796 [INFO] TC_ID-300 - Received: 7F2213
2026-07-30 15:24:15,797 [WARNING] TC_ID-300 - PreCondition: PC_ID-038  Testcase:Incorrect message length(22F19101) -> ❌ FAIL - Expected 037F2213AAAAAAAA
2026-07-30 15:24:15,797 [DEBUG] Stopping CanStack
2026-07-30 15:24:15,799 [DEBUG] Main thread is exiting
2026-07-30 15:24:15,848 [DEBUG] CanStack Stopped
2026-07-30 15:24:15,849 [INFO] Connection closed
2026-07-30 15:24:15,849 [INFO] Running Test Case: TC_ID-301
2026-07-30 15:24:15,850 [DEBUG] Starting CanStack
2026-07-30 15:24:15,851 [DEBUG] Main thread has started
2026-07-30 15:24:15,852 [DEBUG] Relay thread has started
2026-07-30 15:24:15,853 [INFO] Connection opened
2026-07-30 15:24:15,854 [INFO] Switched to physical mode for TC: TC_ID-301 Step: PreCondition: PC_ID-038  Testcase:Incorrect message length(22F1EF02)
2026-07-30 15:24:15,854 [INFO] TC_ID-301 - PreCondition: PC_ID-038  Testcase:Incorrect message length(22F1EF02): SID=0x22, Sub=0xF1EF02, Expected=[3, 127, 34, 19, 170, 170, 170, 170]
2026-07-30 15:24:15,938 [INFO] TC_ID-301 - PreCondition: PC_ID-038  Testcase:Incorrect message length(22F1EF02): Sending request 22F1EF02
2026-07-30 15:24:15,939 [INFO] TC_ID-301 - PreCondition: PC_ID-038  Testcase:Incorrect message length(22F1EF02): Sending request 22F1EF02
2026-07-30 15:24:15,939 [DEBUG] Sending 4 bytes : [22f1ef02]
2026-07-30 15:24:15,940 [DEBUG] Enqueuing a SendRequest for 4 bytes and TAT=Physical
2026-07-30 15:24:15,941 [DEBUG] Tx: <7A6> (08) [ ]	 0422f1ef02000000
2026-07-30 15:24:15,942 [DEBUG] We've been asked to write a message to the bus
2026-07-30 15:24:15,943 [DEBUG] sending: Timestamp:        0.000000    ID:      7a6    S Rx       BS       DL:  8    04 22 f1 ef 02 00 00 00
2026-07-30 15:24:15,956 [DEBUG] Rx: <7AE> (08) [p]	 037f2213aaaaaaaa
2026-07-30 15:24:16,006 [INFO] TC_ID-301 - Received: 7F2213
2026-07-30 15:24:16,007 [WARNING] TC_ID-301 - PreCondition: PC_ID-038  Testcase:Incorrect message length(22F1EF02) -> ❌ FAIL - Expected 037F2213AAAAAAAA
2026-07-30 15:24:16,007 [DEBUG] Stopping CanStack
2026-07-30 15:24:16,008 [DEBUG] Main thread is exiting
2026-07-30 15:24:16,055 [DEBUG] CanStack Stopped
2026-07-30 15:24:16,056 [INFO] Connection closed
2026-07-30 15:24:16,057 [INFO] Running Test Case: TC_ID-302
2026-07-30 15:24:16,057 [DEBUG] Starting CanStack
2026-07-30 15:24:16,059 [DEBUG] Main thread has started
2026-07-30 15:24:16,059 [DEBUG] Relay thread has started
2026-07-30 15:24:16,061 [INFO] Connection opened
2026-07-30 15:24:16,061 [INFO] Switched to physical mode for TC: TC_ID-302 Step: PreCondition: PC_ID-038  Testcase:Incorrect message length(22F10001)
2026-07-30 15:24:16,062 [INFO] TC_ID-302 - PreCondition: PC_ID-038  Testcase:Incorrect message length(22F10001): SID=0x22, Sub=0xF10001, Expected=[3, 127, 34, 19, 170, 170, 170, 170]
2026-07-30 15:24:16,144 [INFO] TC_ID-302 - PreCondition: PC_ID-038  Testcase:Incorrect message length(22F10001): Sending request 22F10001
2026-07-30 15:24:16,145 [INFO] TC_ID-302 - PreCondition: PC_ID-038  Testcase:Incorrect message length(22F10001): Sending request 22F10001
2026-07-30 15:24:16,146 [DEBUG] Sending 4 bytes : [22f10001]
2026-07-30 15:24:16,147 [DEBUG] Enqueuing a SendRequest for 4 bytes and TAT=Physical
2026-07-30 15:24:16,149 [DEBUG] Tx: <7A6> (08) [ ]	 0422f10001000000
2026-07-30 15:24:16,150 [DEBUG] We've been asked to write a message to the bus
2026-07-30 15:24:16,151 [DEBUG] sending: Timestamp:        0.000000    ID:      7a6    S Rx       BS       DL:  8    04 22 f1 00 01 00 00 00
2026-07-30 15:24:16,166 [DEBUG] Rx: <7AE> (08) [p]	 037f2213aaaaaaaa
2026-07-30 15:24:16,214 [INFO] TC_ID-302 - Received: 7F2213
2026-07-30 15:24:16,215 [WARNING] TC_ID-302 - PreCondition: PC_ID-038  Testcase:Incorrect message length(22F10001) -> ❌ FAIL - Expected 037F2213AAAAAAAA
2026-07-30 15:24:16,216 [DEBUG] Stopping CanStack
2026-07-30 15:24:16,217 [DEBUG] Main thread is exiting
2026-07-30 15:24:16,267 [DEBUG] CanStack Stopped
2026-07-30 15:24:16,268 [INFO] Connection closed
2026-07-30 15:24:16,269 [INFO] Running Test Case: TC_ID-303
2026-07-30 15:24:16,270 [DEBUG] Starting CanStack
2026-07-30 15:24:16,271 [DEBUG] Main thread has started
2026-07-30 15:24:16,272 [DEBUG] Relay thread has started
2026-07-30 15:24:16,273 [INFO] Connection opened
2026-07-30 15:24:16,274 [INFO] Switched to physical mode for TC: TC_ID-303 Step: PreCondition: PC_ID-038  Testcase:Read DTC with Extended session(19 02)
2026-07-30 15:24:16,275 [INFO] TC_ID-303 - PreCondition: PC_ID-038  Testcase:Read DTC with Extended session(19 02): SID=0x19, Sub=0x02, Expected=[7, 89, 2, 8, 150, 3, 0, 8]
2026-07-30 15:24:16,364 [INFO] TC_ID-303 - PreCondition: PC_ID-038  Testcase:Read DTC with Extended session(19 02): Sending 190208
2026-07-30 15:24:16,365 [INFO] TC_ID-303 - PreCondition: PC_ID-038  Testcase:Read DTC with Extended session(19 02): Sending request 190208
2026-07-30 15:24:16,366 [DEBUG] Sending 3 bytes : [190208]
2026-07-30 15:24:16,367 [DEBUG] Enqueuing a SendRequest for 3 bytes and TAT=Physical
2026-07-30 15:24:16,369 [DEBUG] Tx: <7A6> (08) [ ]	 0319020800000000
2026-07-30 15:24:16,370 [DEBUG] We've been asked to write a message to the bus
2026-07-30 15:24:16,371 [DEBUG] sending: Timestamp:        0.000000    ID:      7a6    S Rx       BS       DL:  8    03 19 02 08 00 00 00 00
2026-07-30 15:24:16,385 [INFO] TC_ID-303 PreCondition: PC_ID-038  Testcase:Read DTC with Extended session(19 02) -> Response shorter than expected (3/7). Waiting for remaining payload.
2026-07-30 15:24:16,387 [DEBUG] Rx: <7AE> (08) [p]	 03590200aaaaaaaa
2026-07-30 15:24:16,388 [DEBUG] Received 3 bytes : [590200]
2026-07-30 15:24:21,390 [DEBUG] No data received: [TimeoutException] - Did not receive IsoTP frame from the Transport layer in time (timeout=5.0 sec) 
2026-07-30 15:24:21,392 [WARNING] TC_ID-303 PreCondition: PC_ID-038  Testcase:Read DTC with Extended session(19 02) -> Timed out while extending response (6/7)
2026-07-30 15:24:21,393 [WARNING] -----------------------------------------------TC_ID-303 PreCondition: PC_ID-038  Testcase:Read DTC with Extended session(19 02) -> FAIL - Expected [7, 89, 2, 8, 150, 3, 0, 8], got [89, 2, 0, 89, 2, 0]-----------------------------------------------
2026-07-30 15:24:21,394 [DEBUG] Stopping CanStack
2026-07-30 15:24:21,396 [DEBUG] Main thread is exiting
2026-07-30 15:24:21,402 [DEBUG] CanStack Stopped
2026-07-30 15:24:21,404 [INFO] Connection closed
2026-07-30 15:24:21,406 [INFO] Running Test Case: PC_ID-039
2026-07-30 15:24:21,408 [DEBUG] Starting CanStack
2026-07-30 15:24:21,410 [DEBUG] Main thread has started
2026-07-30 15:24:21,415 [DEBUG] Relay thread has started
2026-07-30 15:24:21,421 [INFO] Connection opened
2026-07-30 15:24:21,424 [INFO] Switched to physical mode for TC: PC_ID-039 Step: Start Extended session(10 03)
2026-07-30 15:24:21,425 [INFO] PC_ID-039 - Start Extended session(10 03): SID=0x10, Sub=0x03, Expected=[6, 80, 3, 0, 50, 1, 244, 170]
2026-07-30 15:24:21,490 [INFO] PC_ID-039 - Start Extended session(10 03): Sending 1003
2026-07-30 15:24:21,545 [INFO] PC_ID-039 - Start Extended session(10 03): Sending request 1003
2026-07-30 15:24:21,546 [DEBUG] Sending 2 bytes : [1003]
2026-07-30 15:24:21,548 [DEBUG] Enqueuing a SendRequest for 2 bytes and TAT=Physical
2026-07-30 15:24:21,549 [DEBUG] Tx: <7A6> (08) [ ]	 0210030000000000
2026-07-30 15:24:21,550 [DEBUG] We've been asked to write a message to the bus
2026-07-30 15:24:21,551 [DEBUG] sending: Timestamp:        0.000000    ID:      7a6    S Rx       BS       DL:  8    02 10 03 00 00 00 00 00
2026-07-30 15:24:21,568 [INFO] PC_ID-039 - Received: 5003003201F4
2026-07-30 15:24:21,572 [DEBUG] Rx: <7AE> (08) [p]	 065003003201f4aa
2026-07-30 15:24:21,573 [WARNING] PC_ID-039 - Start Extended session(10 03) -> FAIL - Unexpected response
2026-07-30 15:24:21,574 [DEBUG] Stopping CanStack
2026-07-30 15:24:21,576 [DEBUG] Main thread is exiting
2026-07-30 15:24:21,622 [DEBUG] CanStack Stopped
2026-07-30 15:24:21,623 [INFO] Connection closed
2026-07-30 15:24:21,624 [INFO] Running Test Case: TC_ID-304
2026-07-30 15:24:21,624 [DEBUG] Starting CanStack
2026-07-30 15:24:21,625 [DEBUG] Main thread has started
2026-07-30 15:24:21,626 [DEBUG] Relay thread has started
2026-07-30 15:24:21,627 [INFO] Connection opened
2026-07-30 15:24:21,628 [INFO] Switched to physical mode for TC: TC_ID-304 Step: PreCondition: PC_ID-039  Testcase:Incorrect message length(10 03 01)
2026-07-30 15:24:21,628 [INFO] TC_ID-304 - PreCondition: PC_ID-039  Testcase:Incorrect message length(10 03 01): SID=0x10, Sub=0x0301, Expected=[3, 127, 16, 19, 170, 170, 170, 170]
2026-07-30 15:24:21,711 [INFO] TC_ID-304 - PreCondition: PC_ID-039  Testcase:Incorrect message length(10 03 01): Sending 100301
2026-07-30 15:24:21,767 [INFO] TC_ID-304 - PreCondition: PC_ID-039  Testcase:Incorrect message length(10 03 01): Sending request 100301
2026-07-30 15:24:21,768 [DEBUG] Sending 3 bytes : [100301]
2026-07-30 15:24:21,769 [DEBUG] Enqueuing a SendRequest for 3 bytes and TAT=Physical
2026-07-30 15:24:21,770 [DEBUG] Tx: <7A6> (08) [ ]	 0310030100000000
2026-07-30 15:24:21,771 [DEBUG] We've been asked to write a message to the bus
2026-07-30 15:24:21,773 [DEBUG] sending: Timestamp:        0.000000    ID:      7a6    S Rx       BS       DL:  8    03 10 03 01 00 00 00 00
2026-07-30 15:24:21,789 [INFO] TC_ID-304 - Received: 7F1013
2026-07-30 15:24:21,791 [DEBUG] Rx: <7AE> (08) [p]	 037f1013aaaaaaaa
2026-07-30 15:24:21,791 [WARNING] TC_ID-304 - PreCondition: PC_ID-039  Testcase:Incorrect message length(10 03 01) -> FAIL - Unexpected response
2026-07-30 15:24:21,793 [DEBUG] Stopping CanStack
2026-07-30 15:24:21,794 [DEBUG] Main thread is exiting
2026-07-30 15:24:21,836 [DEBUG] CanStack Stopped
2026-07-30 15:24:21,837 [INFO] Connection closed
2026-07-30 15:24:21,838 [INFO] Running Test Case: TC_ID-305
2026-07-30 15:24:21,839 [DEBUG] Starting CanStack
2026-07-30 15:24:21,840 [DEBUG] Main thread has started
2026-07-30 15:24:21,841 [DEBUG] Relay thread has started
2026-07-30 15:24:21,842 [INFO] Connection opened
2026-07-30 15:24:21,842 [INFO] Switched to physical mode for TC: TC_ID-305 Step: PreCondition: PC_ID-039  Testcase:Incorrect message length(22F18701)
2026-07-30 15:24:21,843 [INFO] TC_ID-305 - PreCondition: PC_ID-039  Testcase:Incorrect message length(22F18701): SID=0x22, Sub=0xF18701, Expected=[3, 127, 34, 19, 170, 170, 170, 170]
2026-07-30 15:24:21,926 [INFO] TC_ID-305 - PreCondition: PC_ID-039  Testcase:Incorrect message length(22F18701): Sending request 22F18701
2026-07-30 15:24:21,927 [INFO] TC_ID-305 - PreCondition: PC_ID-039  Testcase:Incorrect message length(22F18701): Sending request 22F18701
2026-07-30 15:24:21,927 [DEBUG] Sending 4 bytes : [22f18701]
2026-07-30 15:24:21,929 [DEBUG] Enqueuing a SendRequest for 4 bytes and TAT=Physical
2026-07-30 15:24:21,931 [DEBUG] Tx: <7A6> (08) [ ]	 0422f18701000000
2026-07-30 15:24:21,932 [DEBUG] We've been asked to write a message to the bus
2026-07-30 15:24:21,933 [DEBUG] sending: Timestamp:        0.000000    ID:      7a6    S Rx       BS       DL:  8    04 22 f1 87 01 00 00 00
2026-07-30 15:24:21,947 [DEBUG] Rx: <7AE> (08) [p]	 037f2213aaaaaaaa
2026-07-30 15:24:21,997 [INFO] TC_ID-305 - Received: 7F2213
2026-07-30 15:24:21,998 [WARNING] TC_ID-305 - PreCondition: PC_ID-039  Testcase:Incorrect message length(22F18701) -> ❌ FAIL - Expected 037F2213AAAAAAAA
2026-07-30 15:24:21,999 [DEBUG] Stopping CanStack
2026-07-30 15:24:22,000 [DEBUG] Main thread is exiting
2026-07-30 15:24:22,048 [DEBUG] CanStack Stopped
2026-07-30 15:24:22,049 [INFO] Connection closed
2026-07-30 15:24:22,050 [INFO] Running Test Case: TC_ID-306
2026-07-30 15:24:22,050 [DEBUG] Starting CanStack
2026-07-30 15:24:22,051 [DEBUG] Main thread has started
2026-07-30 15:24:22,052 [DEBUG] Relay thread has started
2026-07-30 15:24:22,058 [INFO] Connection opened
2026-07-30 15:24:22,059 [INFO] Switched to physical mode for TC: TC_ID-306 Step: PreCondition: PC_ID-039  Testcase:Incorrect message length(22F19703)
2026-07-30 15:24:22,060 [INFO] TC_ID-306 - PreCondition: PC_ID-039  Testcase:Incorrect message length(22F19703): SID=0x22, Sub=0xF19703, Expected=[3, 127, 34, 19, 170, 170, 170, 170]
2026-07-30 15:24:22,151 [INFO] TC_ID-306 - PreCondition: PC_ID-039  Testcase:Incorrect message length(22F19703): Sending request 22F19703
2026-07-30 15:24:22,152 [INFO] TC_ID-306 - PreCondition: PC_ID-039  Testcase:Incorrect message length(22F19703): Sending request 22F19703
2026-07-30 15:24:22,153 [DEBUG] Sending 4 bytes : [22f19703]
2026-07-30 15:24:22,154 [DEBUG] Enqueuing a SendRequest for 4 bytes and TAT=Physical
2026-07-30 15:24:22,156 [DEBUG] Tx: <7A6> (08) [ ]	 0422f19703000000
2026-07-30 15:24:22,157 [DEBUG] We've been asked to write a message to the bus
2026-07-30 15:24:22,158 [DEBUG] sending: Timestamp:        0.000000    ID:      7a6    S Rx       BS       DL:  8    04 22 f1 97 03 00 00 00
2026-07-30 15:24:22,170 [DEBUG] Rx: <7AE> (08) [p]	 037f2213aaaaaaaa
2026-07-30 15:24:22,217 [INFO] TC_ID-306 - Received: 7F2213
2026-07-30 15:24:22,218 [WARNING] TC_ID-306 - PreCondition: PC_ID-039  Testcase:Incorrect message length(22F19703) -> ❌ FAIL - Expected 037F2213AAAAAAAA
2026-07-30 15:24:22,219 [DEBUG] Stopping CanStack
2026-07-30 15:24:22,220 [DEBUG] Main thread is exiting
2026-07-30 15:24:22,270 [DEBUG] CanStack Stopped
2026-07-30 15:24:22,271 [INFO] Connection closed
2026-07-30 15:24:22,271 [INFO] Running Test Case: TC_ID-307
2026-07-30 15:24:22,272 [DEBUG] Starting CanStack
2026-07-30 15:24:22,273 [DEBUG] Main thread has started
2026-07-30 15:24:22,274 [DEBUG] Relay thread has started
2026-07-30 15:24:22,275 [INFO] Connection opened
2026-07-30 15:24:22,276 [INFO] Switched to physical mode for TC: TC_ID-307 Step: PreCondition: PC_ID-039  Testcase:Incorrect message length(22F1A101)
2026-07-30 15:24:22,276 [INFO] TC_ID-307 - PreCondition: PC_ID-039  Testcase:Incorrect message length(22F1A101): SID=0x22, Sub=0xF1A101, Expected=[3, 127, 34, 19, 170, 170, 170, 170]
2026-07-30 15:24:22,359 [INFO] TC_ID-307 - PreCondition: PC_ID-039  Testcase:Incorrect message length(22F1A101): Sending request 22F1A101
2026-07-30 15:24:22,359 [INFO] TC_ID-307 - PreCondition: PC_ID-039  Testcase:Incorrect message length(22F1A101): Sending request 22F1A101
2026-07-30 15:24:22,360 [DEBUG] Sending 4 bytes : [22f1a101]
2026-07-30 15:24:22,361 [DEBUG] Enqueuing a SendRequest for 4 bytes and TAT=Physical
2026-07-30 15:24:22,363 [DEBUG] Tx: <7A6> (08) [ ]	 0422f1a101000000
2026-07-30 15:24:22,365 [DEBUG] We've been asked to write a message to the bus
2026-07-30 15:24:22,366 [DEBUG] sending: Timestamp:        0.000000    ID:      7a6    S Rx       BS       DL:  8    04 22 f1 a1 01 00 00 00
2026-07-30 15:24:22,378 [DEBUG] Rx: <7AE> (08) [p]	 037f2213aaaaaaaa
2026-07-30 15:24:22,427 [INFO] TC_ID-307 - Received: 7F2213
2026-07-30 15:24:22,428 [WARNING] TC_ID-307 - PreCondition: PC_ID-039  Testcase:Incorrect message length(22F1A101) -> ❌ FAIL - Expected 037F2213AAAAAAAA
2026-07-30 15:24:22,428 [DEBUG] Stopping CanStack
2026-07-30 15:24:22,429 [DEBUG] Main thread is exiting
2026-07-30 15:24:22,477 [DEBUG] CanStack Stopped
2026-07-30 15:24:22,477 [INFO] Connection closed
2026-07-30 15:24:22,478 [INFO] Running Test Case: TC_ID-308
2026-07-30 15:24:22,479 [DEBUG] Starting CanStack
2026-07-30 15:24:22,480 [DEBUG] Main thread has started
2026-07-30 15:24:22,480 [DEBUG] Relay thread has started
2026-07-30 15:24:22,482 [INFO] Connection opened
2026-07-30 15:24:22,482 [INFO] Switched to physical mode for TC: TC_ID-308 Step: PreCondition: PC_ID-039  Testcase:Incorrect message length(22F1B104)
2026-07-30 15:24:22,483 [INFO] TC_ID-308 - PreCondition: PC_ID-039  Testcase:Incorrect message length(22F1B104): SID=0x22, Sub=0xF1B104, Expected=[3, 127, 34, 19, 170, 170, 170, 170]
2026-07-30 15:24:22,566 [INFO] TC_ID-308 - PreCondition: PC_ID-039  Testcase:Incorrect message length(22F1B104): Sending request 22F1B104
2026-07-30 15:24:22,567 [INFO] TC_ID-308 - PreCondition: PC_ID-039  Testcase:Incorrect message length(22F1B104): Sending request 22F1B104
2026-07-30 15:24:22,568 [DEBUG] Sending 4 bytes : [22f1b104]
2026-07-30 15:24:22,569 [DEBUG] Enqueuing a SendRequest for 4 bytes and TAT=Physical
2026-07-30 15:24:22,571 [DEBUG] Tx: <7A6> (08) [ ]	 0422f1b104000000
2026-07-30 15:24:22,572 [DEBUG] We've been asked to write a message to the bus
2026-07-30 15:24:22,573 [DEBUG] sending: Timestamp:        0.000000    ID:      7a6    S Rx       BS       DL:  8    04 22 f1 b1 04 00 00 00
2026-07-30 15:24:22,588 [DEBUG] Rx: <7AE> (08) [p]	 037f2213aaaaaaaa
2026-07-30 15:24:22,637 [INFO] TC_ID-308 - Received: 7F2213
2026-07-30 15:24:22,638 [WARNING] TC_ID-308 - PreCondition: PC_ID-039  Testcase:Incorrect message length(22F1B104) -> ❌ FAIL - Expected 037F2213AAAAAAAA
2026-07-30 15:24:22,639 [DEBUG] Stopping CanStack
2026-07-30 15:24:22,640 [DEBUG] Main thread is exiting
2026-07-30 15:24:22,689 [DEBUG] CanStack Stopped
2026-07-30 15:24:22,691 [INFO] Connection closed
2026-07-30 15:24:22,692 [INFO] Running Test Case: TC_ID-309
2026-07-30 15:24:22,693 [DEBUG] Starting CanStack
2026-07-30 15:24:22,694 [DEBUG] Main thread has started
2026-07-30 15:24:22,696 [DEBUG] Relay thread has started
2026-07-30 15:24:22,699 [INFO] Connection opened
2026-07-30 15:24:22,700 [INFO] Switched to physical mode for TC: TC_ID-309 Step: PreCondition: PC_ID-039  Testcase:Incorrect message length(22F13101)
2026-07-30 15:24:22,703 [INFO] TC_ID-309 - PreCondition: PC_ID-039  Testcase:Incorrect message length(22F13101): SID=0x22, Sub=0xF13101, Expected=[3, 127, 34, 19, 170, 170, 170, 170]
2026-07-30 15:24:22,797 [INFO] TC_ID-309 - PreCondition: PC_ID-039  Testcase:Incorrect message length(22F13101): Sending request 22F13101
2026-07-30 15:24:22,798 [INFO] TC_ID-309 - PreCondition: PC_ID-039  Testcase:Incorrect message length(22F13101): Sending request 22F13101
2026-07-30 15:24:22,799 [DEBUG] Sending 4 bytes : [22f13101]
2026-07-30 15:24:22,800 [DEBUG] Enqueuing a SendRequest for 4 bytes and TAT=Physical
2026-07-30 15:24:22,802 [DEBUG] Tx: <7A6> (08) [ ]	 0422f13101000000
2026-07-30 15:24:22,803 [DEBUG] We've been asked to write a message to the bus
2026-07-30 15:24:22,805 [DEBUG] sending: Timestamp:        0.000000    ID:      7a6    S Rx       BS       DL:  8    04 22 f1 31 01 00 00 00
2026-07-30 15:24:22,818 [DEBUG] Rx: <7AE> (08) [p]	 037f2213aaaaaaaa
2026-07-30 15:24:22,865 [INFO] TC_ID-309 - Received: 7F2213
2026-07-30 15:24:22,866 [WARNING] TC_ID-309 - PreCondition: PC_ID-039  Testcase:Incorrect message length(22F13101) -> ❌ FAIL - Expected 037F2213AAAAAAAA
2026-07-30 15:24:22,867 [DEBUG] Stopping CanStack
2026-07-30 15:24:22,868 [DEBUG] Main thread is exiting
2026-07-30 15:24:22,869 [DEBUG] CanStack Stopped
2026-07-30 15:24:22,870 [INFO] Connection closed
2026-07-30 15:24:22,870 [INFO] Running Test Case: TC_ID-310
2026-07-30 15:24:22,871 [DEBUG] Starting CanStack
2026-07-30 15:24:22,872 [DEBUG] Main thread has started
2026-07-30 15:24:22,873 [DEBUG] Relay thread has started
2026-07-30 15:24:22,874 [INFO] Connection opened
2026-07-30 15:24:22,874 [INFO] Switched to physical mode for TC: TC_ID-310 Step: PreCondition: PC_ID-039  Testcase:Incorrect message length(22F1C101)
2026-07-30 15:24:22,875 [INFO] TC_ID-310 - PreCondition: PC_ID-039  Testcase:Incorrect message length(22F1C101): SID=0x22, Sub=0xF1C101, Expected=[3, 127, 34, 19, 170, 170, 170, 170]
2026-07-30 15:24:22,958 [INFO] TC_ID-310 - PreCondition: PC_ID-039  Testcase:Incorrect message length(22F1C101): Sending request 22F1C101
2026-07-30 15:24:22,959 [INFO] TC_ID-310 - PreCondition: PC_ID-039  Testcase:Incorrect message length(22F1C101): Sending request 22F1C101
2026-07-30 15:24:22,960 [DEBUG] Sending 4 bytes : [22f1c101]
2026-07-30 15:24:22,961 [DEBUG] Enqueuing a SendRequest for 4 bytes and TAT=Physical
2026-07-30 15:24:22,963 [DEBUG] Tx: <7A6> (08) [ ]	 0422f1c101000000
2026-07-30 15:24:22,964 [DEBUG] We've been asked to write a message to the bus
2026-07-30 15:24:22,965 [DEBUG] sending: Timestamp:        0.000000    ID:      7a6    S Rx       BS       DL:  8    04 22 f1 c1 01 00 00 00
2026-07-30 15:24:22,979 [DEBUG] Rx: <7AE> (08) [p]	 037f2213aaaaaaaa
2026-07-30 15:24:23,027 [INFO] TC_ID-310 - Received: 7F2213
2026-07-30 15:24:23,028 [WARNING] TC_ID-310 - PreCondition: PC_ID-039  Testcase:Incorrect message length(22F1C101) -> ❌ FAIL - Expected 037F2213AAAAAAAA
2026-07-30 15:24:23,029 [DEBUG] Stopping CanStack
2026-07-30 15:24:23,030 [DEBUG] Main thread is exiting
2026-07-30 15:24:23,080 [DEBUG] CanStack Stopped
2026-07-30 15:24:23,080 [INFO] Connection closed
2026-07-30 15:24:23,081 [INFO] Running Test Case: TC_ID-311
2026-07-30 15:24:23,082 [DEBUG] Starting CanStack
2026-07-30 15:24:23,083 [DEBUG] Main thread has started
2026-07-30 15:24:23,084 [DEBUG] Relay thread has started
2026-07-30 15:24:23,085 [INFO] Connection opened
2026-07-30 15:24:23,086 [INFO] Switched to physical mode for TC: TC_ID-311 Step: PreCondition: PC_ID-039  Testcase:Read DTC with Extended session(19 02)
2026-07-30 15:24:23,086 [INFO] TC_ID-311 - PreCondition: PC_ID-039  Testcase:Read DTC with Extended session(19 02): SID=0x19, Sub=0x02, Expected=[7, 89, 2, 8, 150, 3, 0, 8]
2026-07-30 15:24:23,175 [INFO] TC_ID-311 - PreCondition: PC_ID-039  Testcase:Read DTC with Extended session(19 02): Sending 190208
2026-07-30 15:24:23,176 [INFO] TC_ID-311 - PreCondition: PC_ID-039  Testcase:Read DTC with Extended session(19 02): Sending request 190208
2026-07-30 15:24:23,177 [DEBUG] Sending 3 bytes : [190208]
2026-07-30 15:24:23,178 [DEBUG] Enqueuing a SendRequest for 3 bytes and TAT=Physical
2026-07-30 15:24:23,180 [DEBUG] Tx: <7A6> (08) [ ]	 0319020800000000
2026-07-30 15:24:23,181 [DEBUG] We've been asked to write a message to the bus
2026-07-30 15:24:23,182 [DEBUG] sending: Timestamp:        0.000000    ID:      7a6    S Rx       BS       DL:  8    03 19 02 08 00 00 00 00
2026-07-30 15:24:23,195 [INFO] TC_ID-311 PreCondition: PC_ID-039  Testcase:Read DTC with Extended session(19 02) -> Response shorter than expected (3/7). Waiting for remaining payload.
2026-07-30 15:24:23,198 [DEBUG] Rx: <7AE> (08) [p]	 03590200aaaaaaaa
2026-07-30 15:24:23,199 [DEBUG] Received 3 bytes : [590200]
2026-07-30 15:24:28,201 [DEBUG] No data received: [TimeoutException] - Did not receive IsoTP frame from the Transport layer in time (timeout=5.0 sec) 
2026-07-30 15:24:28,202 [WARNING] TC_ID-311 PreCondition: PC_ID-039  Testcase:Read DTC with Extended session(19 02) -> Timed out while extending response (6/7)
2026-07-30 15:24:28,203 [WARNING] -----------------------------------------------TC_ID-311 PreCondition: PC_ID-039  Testcase:Read DTC with Extended session(19 02) -> FAIL - Expected [7, 89, 2, 8, 150, 3, 0, 8], got [89, 2, 0, 89, 2, 0]-----------------------------------------------
2026-07-30 15:24:28,204 [DEBUG] Stopping CanStack
2026-07-30 15:24:28,206 [DEBUG] Main thread is exiting
2026-07-30 15:24:28,214 [DEBUG] CanStack Stopped
2026-07-30 15:24:28,215 [INFO] Connection closed
2026-07-30 15:24:28,219 [INFO] Running Test Case: PC_ID-040
2026-07-30 15:24:28,223 [DEBUG] Starting CanStack
2026-07-30 15:24:28,227 [DEBUG] Main thread has started
2026-07-30 15:24:28,229 [DEBUG] Relay thread has started
2026-07-30 15:24:28,231 [INFO] Connection opened
2026-07-30 15:24:28,232 [INFO] Switched to physical mode for TC: PC_ID-040 Step: Seed Request
2026-07-30 15:24:28,233 [INFO] PC_ID-040 - Seed Request: SID=0x27, Sub=0x11, Expected=[16, 10, 103, 17, 167, 14, 132, 124, 156, 192, 57, 101]
2026-07-30 15:24:28,301 [INFO] PC_ID-040 - Seed Request: Sending request 2711
2026-07-30 15:24:28,302 [DEBUG] Sending 2 bytes : [2711]
2026-07-30 15:24:28,303 [DEBUG] Enqueuing a SendRequest for 2 bytes and TAT=Physical
2026-07-30 15:24:28,304 [DEBUG] Tx: <7A6> (08) [ ]	 0227110000000000
2026-07-30 15:24:28,305 [DEBUG] We've been asked to write a message to the bus
2026-07-30 15:24:28,306 [DEBUG] sending: Timestamp:        0.000000    ID:      7a6    S Rx       BS       DL:  8    02 27 11 00 00 00 00 00
2026-07-30 15:24:28,316 [DEBUG] PC_ID-040 Seed Request -> Received payload: [127, 39, 127]
2026-07-30 15:24:28,320 [WARNING] PC_ID-040 Seed Request -> FAIL - NRC (key): [127, 39, 127]
2026-07-30 15:24:28,321 [DEBUG] Rx: <7AE> (08) [p]	 037f277faaaaaaaa
2026-07-30 15:24:28,322 [DEBUG] Stopping CanStack
2026-07-30 15:24:28,327 [DEBUG] Main thread is exiting
2026-07-30 15:24:28,370 [DEBUG] CanStack Stopped
2026-07-30 15:24:28,372 [INFO] Connection closed
2026-07-30 15:24:28,373 [ERROR] ----------------------------------PC_ID-040 Seed Request -> EXCEPTION - NRC (key): [127, 39, 127]----------------------------------
2026-07-30 15:24:28,374 [INFO] Running Test Case: TC_ID-312
2026-07-30 15:24:28,375 [DEBUG] Starting CanStack
2026-07-30 15:24:28,377 [DEBUG] Main thread has started
2026-07-30 15:24:28,378 [DEBUG] Relay thread has started
2026-07-30 15:24:28,381 [INFO] Connection opened
2026-07-30 15:24:28,382 [INFO] Switched to physical mode for TC: TC_ID-312 Step: PreCondition: PC_ID-040  Testcase:Exceed number of attempts
2026-07-30 15:24:28,383 [INFO] TC_ID-312 - PreCondition: PC_ID-040  Testcase:Exceed number of attempts: SID=0x27, Sub=0x12, Expected=[3, 127, 39, 54, 170, 170, 170, 170]
2026-07-30 15:24:28,467 [INFO] No key available for subfunction 0x12. Ensure seed request precedes key send. aaaaaaa
2026-07-30 15:24:28,468 [INFO] TC_ID-312 - PreCondition: PC_ID-040  Testcase:Exceed number of attempts: Sending request 2712
2026-07-30 15:24:28,468 [DEBUG] Sending 2 bytes : [2712]
2026-07-30 15:24:28,469 [DEBUG] Enqueuing a SendRequest for 2 bytes and TAT=Physical
2026-07-30 15:24:28,470 [DEBUG] Tx: <7A6> (08) [ ]	 0227120000000000
2026-07-30 15:24:28,472 [DEBUG] We've been asked to write a message to the bus
2026-07-30 15:24:28,472 [DEBUG] sending: Timestamp:        0.000000    ID:      7a6    S Rx       BS       DL:  8    02 27 12 00 00 00 00 00
2026-07-30 15:24:28,487 [DEBUG] TC_ID-312 PreCondition: PC_ID-040  Testcase:Exceed number of attempts -> Received payload: [127, 39, 127]
2026-07-30 15:24:28,491 [WARNING] TC_ID-312 PreCondition: PC_ID-040  Testcase:Exceed number of attempts -> FAIL - NRC (key): [127, 39, 127]
2026-07-30 15:24:28,492 [DEBUG] Rx: <7AE> (08) [p]	 037f277faaaaaaaa
2026-07-30 15:24:28,493 [DEBUG] Stopping CanStack
2026-07-30 15:24:28,495 [DEBUG] Main thread is exiting
2026-07-30 15:24:28,541 [DEBUG] CanStack Stopped
2026-07-30 15:24:28,542 [INFO] Connection closed
2026-07-30 15:24:28,543 [ERROR] ----------------------------------TC_ID-312 PreCondition: PC_ID-040  Testcase:Exceed number of attempts -> EXCEPTION - NRC (key): [127, 39, 127]----------------------------------
2026-07-30 15:24:28,543 [INFO] Running Test Case: PC_ID-041
2026-07-30 15:24:28,544 [DEBUG] Starting CanStack
2026-07-30 15:24:28,545 [DEBUG] Main thread has started
2026-07-30 15:24:28,546 [DEBUG] Relay thread has started
2026-07-30 15:24:28,547 [INFO] Connection opened
2026-07-30 15:24:28,547 [INFO] Switched to physical mode for TC: PC_ID-041 Step: Seed Request
2026-07-30 15:24:28,548 [INFO] PC_ID-041 - Seed Request: SID=0x27, Sub=0x11, Expected=[16, 10, 103, 17, 167, 14, 132, 124, 156, 192, 57, 101]
2026-07-30 15:24:28,605 [INFO] PC_ID-041 - Seed Request: Sending request 2711
2026-07-30 15:24:28,606 [DEBUG] Sending 2 bytes : [2711]
2026-07-30 15:24:28,607 [DEBUG] Enqueuing a SendRequest for 2 bytes and TAT=Physical
2026-07-30 15:24:28,608 [DEBUG] Tx: <7A6> (08) [ ]	 0227110000000000
2026-07-30 15:24:28,609 [DEBUG] We've been asked to write a message to the bus
2026-07-30 15:24:28,610 [DEBUG] sending: Timestamp:        0.000000    ID:      7a6    S Rx       BS       DL:  8    02 27 11 00 00 00 00 00
2026-07-30 15:24:28,616 [DEBUG] PC_ID-041 Seed Request -> Received payload: [127, 39, 127]
2026-07-30 15:24:28,620 [WARNING] PC_ID-041 Seed Request -> FAIL - NRC (key): [127, 39, 127]
2026-07-30 15:24:28,621 [DEBUG] Rx: <7AE> (08) [p]	 037f277faaaaaaaa
2026-07-30 15:24:28,622 [DEBUG] Stopping CanStack
2026-07-30 15:24:28,626 [DEBUG] Main thread is exiting
2026-07-30 15:24:28,671 [DEBUG] CanStack Stopped
2026-07-30 15:24:28,675 [INFO] Connection closed
2026-07-30 15:24:28,677 [ERROR] ----------------------------------PC_ID-041 Seed Request -> EXCEPTION - NRC (key): [127, 39, 127]----------------------------------
2026-07-30 15:24:28,678 [INFO] Running Test Case: TC_ID-313
2026-07-30 15:24:28,679 [DEBUG] Starting CanStack
2026-07-30 15:24:28,680 [DEBUG] Main thread has started
2026-07-30 15:24:28,682 [DEBUG] Relay thread has started
2026-07-30 15:24:28,683 [INFO] Connection opened
2026-07-30 15:24:28,685 [INFO] Switched to physical mode for TC: TC_ID-313 Step: PreCondition: PC_ID-041  Testcase:Required time delay
2026-07-30 15:24:28,688 [INFO] TC_ID-313 - PreCondition: PC_ID-041  Testcase:Required time delay: SID=0x27, Sub=0x12, Expected=[3, 127, 39, 55, 170, 170, 170, 170]
2026-07-30 15:24:28,770 [INFO] No key available for subfunction 0x12. Ensure seed request precedes key send. aaaaaaa
2026-07-30 15:24:28,771 [INFO] TC_ID-313 - PreCondition: PC_ID-041  Testcase:Required time delay: Sending request 2712
2026-07-30 15:24:28,772 [DEBUG] Sending 2 bytes : [2712]
2026-07-30 15:24:28,773 [DEBUG] Enqueuing a SendRequest for 2 bytes and TAT=Physical
2026-07-30 15:24:28,775 [DEBUG] Tx: <7A6> (08) [ ]	 0227120000000000
2026-07-30 15:24:28,776 [DEBUG] We've been asked to write a message to the bus
2026-07-30 15:24:28,777 [DEBUG] sending: Timestamp:        0.000000    ID:      7a6    S Rx       BS       DL:  8    02 27 12 00 00 00 00 00
2026-07-30 15:24:28,790 [DEBUG] TC_ID-313 PreCondition: PC_ID-041  Testcase:Required time delay -> Received payload: [127, 39, 127]
2026-07-30 15:24:28,792 [WARNING] TC_ID-313 PreCondition: PC_ID-041  Testcase:Required time delay -> FAIL - NRC (key): [127, 39, 127]
2026-07-30 15:24:28,792 [DEBUG] Rx: <7AE> (08) [p]	 037f277faaaaaaaa
2026-07-30 15:24:28,793 [DEBUG] Stopping CanStack
2026-07-30 15:24:28,796 [DEBUG] Main thread is exiting
2026-07-30 15:24:28,842 [DEBUG] CanStack Stopped
2026-07-30 15:24:28,843 [INFO] Connection closed
2026-07-30 15:24:28,843 [ERROR] ----------------------------------TC_ID-313 PreCondition: PC_ID-041  Testcase:Required time delay -> EXCEPTION - NRC (key): [127, 39, 127]----------------------------------
2026-07-30 15:24:28,844 [INFO] Running Test Case: TC_ID-314
2026-07-30 15:24:28,845 [DEBUG] Starting CanStack
2026-07-30 15:24:28,846 [DEBUG] Main thread has started
2026-07-30 15:24:28,847 [DEBUG] Relay thread has started
2026-07-30 15:24:28,848 [INFO] Connection opened
2026-07-30 15:24:28,848 [INFO] Switched to physical mode for TC: TC_ID-314 Step: PreCondition: PC_ID-041  Testcase:Request Sequence error
2026-07-30 15:24:28,849 [INFO] TC_ID-314 - PreCondition: PC_ID-041  Testcase:Request Sequence error: SID=0x27, Sub=0x12, Expected=[3, 127, 39, 36, 170, 170, 170, 170]
2026-07-30 15:24:28,926 [INFO] No key available for subfunction 0x12. Ensure seed request precedes key send. aaaaaaa
2026-07-30 15:24:28,927 [INFO] TC_ID-314 - PreCondition: PC_ID-041  Testcase:Request Sequence error: Sending request 2712
2026-07-30 15:24:28,928 [DEBUG] Sending 2 bytes : [2712]
2026-07-30 15:24:28,929 [DEBUG] Enqueuing a SendRequest for 2 bytes and TAT=Physical
2026-07-30 15:24:28,931 [DEBUG] Tx: <7A6> (08) [ ]	 0227120000000000
2026-07-30 15:24:28,932 [DEBUG] We've been asked to write a message to the bus
2026-07-30 15:24:28,933 [DEBUG] sending: Timestamp:        0.000000    ID:      7a6    S Rx       BS       DL:  8    02 27 12 00 00 00 00 00
2026-07-30 15:24:28,947 [DEBUG] TC_ID-314 PreCondition: PC_ID-041  Testcase:Request Sequence error -> Received payload: [127, 39, 127]
2026-07-30 15:24:28,948 [DEBUG] Rx: <7AE> (08) [p]	 037f277faaaaaaaa
2026-07-30 15:24:28,950 [WARNING] TC_ID-314 PreCondition: PC_ID-041  Testcase:Request Sequence error -> FAIL - NRC (key): [127, 39, 127]
2026-07-30 15:24:28,952 [DEBUG] Stopping CanStack
2026-07-30 15:24:28,954 [DEBUG] Main thread is exiting
2026-07-30 15:24:28,998 [DEBUG] CanStack Stopped
2026-07-30 15:24:28,999 [INFO] Connection closed
2026-07-30 15:24:28,999 [ERROR] ----------------------------------TC_ID-314 PreCondition: PC_ID-041  Testcase:Request Sequence error -> EXCEPTION - NRC (key): [127, 39, 127]----------------------------------
2026-07-30 15:24:29,000 [INFO] Running Test Case: PC_ID-042
2026-07-30 15:24:29,000 [DEBUG] Starting CanStack
2026-07-30 15:24:29,001 [DEBUG] Main thread has started
2026-07-30 15:24:29,003 [DEBUG] Relay thread has started
2026-07-30 15:24:29,004 [INFO] Connection opened
2026-07-30 15:24:29,004 [INFO] Switched to physical mode for TC: PC_ID-042 Step: Start Programming session(10 02)
2026-07-30 15:24:29,005 [INFO] PC_ID-042 - Start Programming session(10 02): SID=0x10, Sub=0x02, Expected=[6, 80, 2, 0, 50, 0, 200, 0]
2026-07-30 15:24:29,072 [INFO] PC_ID-042 - Start Programming session(10 02): Sending 1002
2026-07-30 15:24:29,127 [INFO] PC_ID-042 - Start Programming session(10 02): Sending request 1002
2026-07-30 15:24:29,128 [DEBUG] Sending 2 bytes : [1002]
2026-07-30 15:24:29,129 [DEBUG] Enqueuing a SendRequest for 2 bytes and TAT=Physical
2026-07-30 15:24:29,131 [DEBUG] Tx: <7A6> (08) [ ]	 0210020000000000
2026-07-30 15:24:29,132 [DEBUG] We've been asked to write a message to the bus
2026-07-30 15:24:29,133 [DEBUG] sending: Timestamp:        0.000000    ID:      7a6    S Rx       BS       DL:  8    02 10 02 00 00 00 00 00
2026-07-30 15:24:29,180 [INFO] PC_ID-042 - Received: 5002003200C8
2026-07-30 15:24:29,181 [DEBUG] Rx: <7AE> (08) [p]	 065002003200c800
2026-07-30 15:24:29,182 [WARNING] PC_ID-042 - Start Programming session(10 02) -> FAIL - Unexpected response
2026-07-30 15:24:29,183 [DEBUG] Stopping CanStack
2026-07-30 15:24:29,185 [DEBUG] Main thread is exiting
2026-07-30 15:24:29,231 [DEBUG] CanStack Stopped
2026-07-30 15:24:29,231 [INFO] Connection closed
2026-07-30 15:24:29,232 [INFO] Running Test Case: TC_ID-315
2026-07-30 15:24:29,233 [DEBUG] Starting CanStack
2026-07-30 15:24:29,234 [DEBUG] Main thread has started
2026-07-30 15:24:29,234 [DEBUG] Relay thread has started
2026-07-30 15:24:29,236 [INFO] Connection opened
2026-07-30 15:24:29,236 [INFO] Switched to physical mode for TC: TC_ID-315 Step: PreCondition: PC_ID-042  Testcase:Incorrect message length(10 02 01)
2026-07-30 15:24:29,237 [INFO] TC_ID-315 - PreCondition: PC_ID-042  Testcase:Incorrect message length(10 02 01): SID=0x10, Sub=0x0201, Expected=[3, 127, 16, 19, 170, 170, 170, 170]
2026-07-30 15:24:29,317 [INFO] TC_ID-315 - PreCondition: PC_ID-042  Testcase:Incorrect message length(10 02 01): Sending 100201
2026-07-30 15:24:29,373 [INFO] TC_ID-315 - PreCondition: PC_ID-042  Testcase:Incorrect message length(10 02 01): Sending request 100201
2026-07-30 15:24:29,375 [DEBUG] Sending 3 bytes : [100201]
2026-07-30 15:24:29,376 [DEBUG] Enqueuing a SendRequest for 3 bytes and TAT=Physical
2026-07-30 15:24:29,377 [DEBUG] Tx: <7A6> (08) [ ]	 0310020100000000
2026-07-30 15:24:29,378 [DEBUG] We've been asked to write a message to the bus
2026-07-30 15:24:29,379 [DEBUG] sending: Timestamp:        0.000000    ID:      7a6    S Rx       BS       DL:  8    03 10 02 01 00 00 00 00
2026-07-30 15:24:29,387 [INFO] TC_ID-315 - Received: 7F1013
2026-07-30 15:24:29,393 [DEBUG] Rx: <7AE> (08) [p]	 037f10133200c800
2026-07-30 15:24:29,397 [WARNING] TC_ID-315 - PreCondition: PC_ID-042  Testcase:Incorrect message length(10 02 01) -> FAIL - Unexpected response
2026-07-30 15:24:29,399 [DEBUG] Stopping CanStack
2026-07-30 15:24:29,400 [DEBUG] Main thread is exiting
2026-07-30 15:24:29,441 [DEBUG] CanStack Stopped
2026-07-30 15:24:29,442 [INFO] Connection closed
2026-07-30 15:24:29,443 [INFO] Running Test Case: TC_ID-316
2026-07-30 15:24:29,443 [DEBUG] Starting CanStack
2026-07-30 15:24:29,444 [DEBUG] Main thread has started
2026-07-30 15:24:29,445 [DEBUG] Relay thread has started
2026-07-30 15:24:29,446 [INFO] Connection opened
2026-07-30 15:24:29,447 [INFO] Switched to physical mode for TC: TC_ID-316 Step: PreCondition: PC_ID-042  Testcase:Read DTC with Extended session(19 02)
2026-07-30 15:24:29,447 [INFO] TC_ID-316 - PreCondition: PC_ID-042  Testcase:Read DTC with Extended session(19 02): SID=0x19, Sub=0x02, Expected=[7, 89, 2, 8, 150, 3, 0, 8]
2026-07-30 15:24:29,531 [INFO] TC_ID-316 - PreCondition: PC_ID-042  Testcase:Read DTC with Extended session(19 02): Sending 190208
2026-07-30 15:24:29,531 [INFO] TC_ID-316 - PreCondition: PC_ID-042  Testcase:Read DTC with Extended session(19 02): Sending request 190208
2026-07-30 15:24:29,532 [DEBUG] Sending 3 bytes : [190208]
2026-07-30 15:24:29,534 [DEBUG] Enqueuing a SendRequest for 3 bytes and TAT=Physical
2026-07-30 15:24:29,535 [DEBUG] Tx: <7A6> (08) [ ]	 0319020800000000
2026-07-30 15:24:29,537 [DEBUG] We've been asked to write a message to the bus
2026-07-30 15:24:29,538 [DEBUG] sending: Timestamp:        0.000000    ID:      7a6    S Rx       BS       DL:  8    03 19 02 08 00 00 00 00
2026-07-30 15:24:29,685 [INFO] TC_ID-316 PreCondition: PC_ID-042  Testcase:Read DTC with Extended session(19 02) -> Waiting for response (P2=0.15s, P2*=5.0s)
2026-07-30 15:24:29,836 [DEBUG] No data received: [TimeoutException] - Did not receive IsoTP frame from the Transport layer in time (timeout=0.15 sec) 
2026-07-30 15:24:29,887 [WARNING] TC_ID-316 - No response received
2026-07-30 15:24:29,888 [DEBUG] Stopping CanStack
2026-07-30 15:24:29,889 [DEBUG] Main thread is exiting
2026-07-30 15:24:29,910 [DEBUG] CanStack Stopped
2026-07-30 15:24:29,911 [INFO] Connection closed
2026-07-30 15:24:29,911 [INFO] Running Test Case: PC_ID-70
2026-07-30 15:24:29,912 [DEBUG] Starting CanStack
2026-07-30 15:24:29,913 [DEBUG] Main thread has started
2026-07-30 15:24:29,915 [DEBUG] Relay thread has started
2026-07-30 15:24:29,916 [INFO] Connection opened
2026-07-30 15:24:29,917 [INFO] Switched to physical mode for TC: PC_ID-70 Step: Start Extended session(10 03)
2026-07-30 15:24:29,919 [INFO] PC_ID-70 - Start Extended session(10 03): SID=0x10, Sub=0x03, Expected=[6, 80, 3, 0, 50, 0, 200, 170]
2026-07-30 15:24:29,984 [INFO] PC_ID-70 - Start Extended session(10 03): Sending 1003
2026-07-30 15:24:30,037 [INFO] PC_ID-70 - Start Extended session(10 03): Sending request 1003
2026-07-30 15:24:30,039 [DEBUG] Sending 2 bytes : [1003]
2026-07-30 15:24:30,040 [DEBUG] Enqueuing a SendRequest for 2 bytes and TAT=Physical
2026-07-30 15:24:30,042 [DEBUG] Tx: <7A6> (08) [ ]	 0210030000000000
2026-07-30 15:24:30,042 [DEBUG] We've been asked to write a message to the bus
2026-07-30 15:24:30,043 [DEBUG] sending: Timestamp:        0.000000    ID:      7a6    S Rx       BS       DL:  8    02 10 03 00 00 00 00 00
2026-07-30 15:24:30,048 [INFO] PC_ID-70 - Received: 5003003200C8
2026-07-30 15:24:30,050 [WARNING] PC_ID-70 - Start Extended session(10 03) -> FAIL - Unexpected response
2026-07-30 15:24:30,051 [DEBUG] Rx: <7AE> (08) [p]	 065003003200c800
2026-07-30 15:24:30,052 [DEBUG] Stopping CanStack
2026-07-30 15:24:30,057 [DEBUG] Main thread is exiting
2026-07-30 15:24:30,101 [DEBUG] CanStack Stopped
2026-07-30 15:24:30,102 [INFO] Connection closed
2026-07-30 15:24:30,103 [INFO] Running Test Case: TC_ID-648
2026-07-30 15:24:30,104 [DEBUG] Starting CanStack
2026-07-30 15:24:30,106 [DEBUG] Main thread has started
2026-07-30 15:24:30,108 [DEBUG] Relay thread has started
2026-07-30 15:24:30,110 [INFO] Connection opened
2026-07-30 15:24:30,111 [INFO] Switched to physical mode for TC: TC_ID-648 Step: PreCondition: PC_ID-70  Testcase:Seed request in extended session(27 11)
2026-07-30 15:24:30,112 [INFO] TC_ID-648 - PreCondition: PC_ID-70  Testcase:Seed request in extended session(27 11): SID=0x27, Sub=0x11, Expected=[16, 10, 103, 17, 167, 14, 132, 124, 156, 192, 57, 101]
2026-07-30 15:24:30,202 [INFO] TC_ID-648 - PreCondition: PC_ID-70  Testcase:Seed request in extended session(27 11): Sending request 2711
2026-07-30 15:24:30,203 [DEBUG] Sending 2 bytes : [2711]
2026-07-30 15:24:30,204 [DEBUG] Enqueuing a SendRequest for 2 bytes and TAT=Physical
2026-07-30 15:24:30,206 [DEBUG] Tx: <7A6> (08) [ ]	 0227110000000000
2026-07-30 15:24:30,208 [DEBUG] We've been asked to write a message to the bus
2026-07-30 15:24:30,208 [DEBUG] sending: Timestamp:        0.000000    ID:      7a6    S Rx       BS       DL:  8    02 27 11 00 00 00 00 00
2026-07-30 15:24:30,223 [DEBUG] Rx: <7AE> (08) [p]	 100a6711406aa18e
2026-07-30 15:24:30,224 [DEBUG] We've been asked to write a message to the bus
2026-07-30 15:24:30,225 [DEBUG] Tx: <7A6> (08) [ ]	 30080a0000000000
2026-07-30 15:24:30,226 [DEBUG] sending: Timestamp:        0.000000    ID:      7a6    S Rx       BS       DL:  8    30 08 0a 00 00 00 00 00
2026-07-30 15:24:30,227 [DEBUG] We've been asked to write a message to the bus
2026-07-30 15:24:30,229 [DEBUG] sending: Timestamp:        0.000000    ID:      7a6    S Rx       BS       DL:  8    30 08 0a 00 00 00 00 00
2026-07-30 15:24:30,232 [DEBUG] TxState=IDLE - RxState=WAIT_CF
2026-07-30 15:24:30,252 [DEBUG] TC_ID-648 PreCondition: PC_ID-70  Testcase:Seed request in extended session(27 11) -> Received payload: [103, 17, 64, 106, 161, 142, 179, 122, 91, 190]
2026-07-30 15:24:30,254 [DEBUG] Rx: <7AE> (08) [p]	 21b37a5bbe6aa18e
2026-07-30 15:24:30,256 [INFO] Received Seed (subfunc 0x11): 406aa18eb37a5bbe
2026-07-30 15:24:30,307 [DEBUG] TxState=IDLE - RxState=IDLE
2026-07-30 15:24:30,757 [WARNING] UDP server unavailable. Rechecking...
2026-07-30 15:24:30,758 [INFO] Checking UDP Seed-Key server...
2026-07-30 15:24:30,878 [INFO] UDP Server Connected. Key received: 4b65792067656e65726174696f6e206661696c6564
2026-07-30 15:24:30,879 [INFO] UDP server reconnected.
2026-07-30 15:24:30,880 [INFO] Attempt 1: Sending seed to PC...
2026-07-30 15:24:30,981 [INFO] Received Key (for subfunc 0x12): b'\xb6\x9c\xb4?\x03\x10\xf3n'
2026-07-30 15:24:30,982 [DEBUG] Stopping CanStack
2026-07-30 15:24:30,983 [DEBUG] Main thread is exiting
2026-07-30 15:24:31,004 [DEBUG] CanStack Stopped
2026-07-30 15:24:31,005 [INFO] Connection closed
2026-07-30 15:24:31,006 [INFO] Running Test Case: TC_ID-649
2026-07-30 15:24:31,007 [DEBUG] Starting CanStack
2026-07-30 15:24:31,008 [DEBUG] Main thread has started
2026-07-30 15:24:31,009 [DEBUG] Relay thread has started
2026-07-30 15:24:31,011 [INFO] Connection opened
2026-07-30 15:24:31,011 [INFO] Switched to physical mode for TC: TC_ID-649 Step: PreCondition: PC_ID-70  Testcase:Key send in extended session(27 12)
2026-07-30 15:24:31,012 [INFO] TC_ID-649 - PreCondition: PC_ID-70  Testcase:Key send in extended session(27 12): SID=0x27, Sub=0x12, Expected=[10, 103, 18, 253, 8, 178, 103, 50, 8, 135, 201]
2026-07-30 15:24:31,095 [INFO] TC_ID-649 - PreCondition: PC_ID-70  Testcase:Key send in extended session(27 12): Sending request 2712B69CB43F0310F36E
2026-07-30 15:24:31,096 [DEBUG] Sending 10 bytes : [2712b69cb43f0310f36e]
2026-07-30 15:24:31,097 [DEBUG] Enqueuing a SendRequest for 10 bytes and TAT=Physical
2026-07-30 15:24:31,099 [DEBUG] Tx: <7A6> (08) [ ]	 100a2712b69cb43f
2026-07-30 15:24:31,100 [DEBUG] We've been asked to write a message to the bus
2026-07-30 15:24:31,101 [DEBUG] sending: Timestamp:        0.000000    ID:      7a6    S Rx       BS       DL:  8    10 0a 27 12 b6 9c b4 3f
2026-07-30 15:24:31,103 [DEBUG] TxState=WAIT_FC - RxState=IDLE
2026-07-30 15:24:31,111 [DEBUG] Rx: <7AE> (08) [p]	 30080a5bbe6aa18e
2026-07-30 15:24:31,116 [DEBUG] TxState=TRANSMIT_CF - RxState=IDLE
2026-07-30 15:24:31,127 [DEBUG] Tx: <7A6> (08) [ ]	 210310f36e000000
2026-07-30 15:24:31,128 [DEBUG] We've been asked to write a message to the bus
2026-07-30 15:24:31,129 [DEBUG] sending: Timestamp:        0.000000    ID:      7a6    S Rx       BS       DL:  8    21 03 10 f3 6e 00 00 00
2026-07-30 15:24:31,131 [DEBUG] TxState=IDLE - RxState=IDLE
2026-07-30 15:24:31,145 [DEBUG] Rx: <7AE> (08) [p]	 0267125bbe6aa18e
2026-07-30 15:24:31,146 [DEBUG] TC_ID-649 PreCondition: PC_ID-70  Testcase:Key send in extended session(27 12) -> Received payload: [103, 18]
2026-07-30 15:24:31,148 [DEBUG] Stopping CanStack
2026-07-30 15:24:31,149 [DEBUG] Main thread is exiting
2026-07-30 15:24:31,195 [DEBUG] CanStack Stopped
2026-07-30 15:24:31,196 [INFO] Connection closed
2026-07-30 15:24:32,149 [ERROR] [CANLogger] Error during stop: I/O operation on closed file.
2026-07-30 15:24:32,149 [WARNING] SocketcanBus was not properly shut down
2026-07-30 15:24:32,150 [DEBUG] Closing raw can socket
2026-07-30 15:24:33,651 [INFO] ----------------------------------Log Generated!----------------------------------
2026-07-30 15:24:36,163 [INFO] ----------------------------------Report Generated----------------------------------
2026-07-30 15:24:38,164 [INFO] ----------------------------------Done-----------------------------------------------
2026-07-30 15:25:14,926 [INFO] ----------------------------------Run Test Cases-----------------------------------------------
2026-07-30 15:25:40,632 [INFO] Tester Name: Akhila
2026-07-30 15:25:40,633 [INFO] ----------------------------------Storage OK Free: 4249 MB-----------------------------------------------
2026-07-30 15:25:42,635 [INFO] Preparing ECU and CAN/ISO-TP connections before logged run
2026-07-30 15:25:42,635 [DEBUG] Stopping CanStack
2026-07-30 15:25:42,636 [DEBUG] CanStack Stopped
2026-07-30 15:25:42,637 [INFO] Connection closed
2026-07-30 15:25:42,638 [DEBUG] Closing raw can socket
2026-07-30 15:25:42,639 [DEBUG] Closing raw can socket
2026-07-30 15:25:42,645 [DEBUG] can config: {'fd': False, 'can_filters': [{'can_id': 1966, 'can_mask': 2047, 'extended': False}], 'interface': 'socketcan', 'channel': 'can0'}
2026-07-30 15:25:42,649 [INFO] Created a socket
2026-07-30 15:25:42,652 [DEBUG] Binding socket to channel=can0
2026-07-30 15:25:42,655 [DEBUG] Bound socket.
2026-07-30 15:25:42,660 [DEBUG] can config: {'fd': False, 'can_filters': [{'can_id': 1966, 'can_mask': 2047, 'extended': False}], 'interface': 'socketcan', 'channel': 'can0'}
2026-07-30 15:25:42,662 [INFO] Created a socket
2026-07-30 15:25:42,663 [DEBUG] Binding socket to channel=can0
2026-07-30 15:25:42,664 [DEBUG] Bound socket.
2026-07-30 15:25:42,668 [DEBUG] Given rxfn is considered blocking
2026-07-30 15:25:42,672 [INFO] Execution startup settle delay: 0.250s before first testcase
2026-07-30 15:25:42,924 [INFO] Drained stale CAN frames on physical sniffer bus
2026-07-30 15:25:42,924 [INFO] Drained stale CAN frames on active sniffer bus
2026-07-30 15:25:42,925 [DEBUG] Starting CanStack
2026-07-30 15:25:42,927 [DEBUG] Main thread has started
2026-07-30 15:25:42,928 [DEBUG] Relay thread has started
2026-07-30 15:25:42,931 [INFO] Connection opened
2026-07-30 15:25:42,932 [INFO] PRE_RUN - Start default session before logged execution: Sending request 1001
2026-07-30 15:25:42,933 [DEBUG] Sending 2 bytes : [1001]
2026-07-30 15:25:42,934 [DEBUG] Enqueuing a SendRequest for 2 bytes and TAT=Physical
2026-07-30 15:25:42,939 [DEBUG] Tx: <7A6> (08) [ ]	 0210010000000000
2026-07-30 15:25:42,942 [DEBUG] We've been asked to write a message to the bus
2026-07-30 15:25:42,945 [DEBUG] sending: Timestamp:        0.000000    ID:      7a6    S Rx       BS       DL:  8    02 10 01 00 00 00 00 00
2026-07-30 15:25:42,954 [DEBUG] Rx: <7AE> (08) [p]	 065001003201f4aa
2026-07-30 15:25:43,154 [INFO] Pre-run default session response: 5001003201F4
2026-07-30 15:25:43,154 [DEBUG] Stopping CanStack
2026-07-30 15:25:43,155 [DEBUG] Main thread is exiting
2026-07-30 15:25:43,207 [DEBUG] CanStack Stopped
2026-07-30 15:25:43,210 [INFO] Connection closed
2026-07-30 15:25:43,214 [DEBUG] Stopping CanStack
2026-07-30 15:25:43,215 [DEBUG] CanStack Stopped
2026-07-30 15:25:43,215 [INFO] Connection closed
2026-07-30 15:25:43,216 [DEBUG] Closing raw can socket
2026-07-30 15:25:43,216 [DEBUG] Closing raw can socket
2026-07-30 15:25:43,220 [DEBUG] can config: {'fd': False, 'can_filters': [{'can_id': 1966, 'can_mask': 2047, 'extended': False}], 'interface': 'socketcan', 'channel': 'can0'}
2026-07-30 15:25:43,221 [INFO] Created a socket
2026-07-30 15:25:43,222 [DEBUG] Binding socket to channel=can0
2026-07-30 15:25:43,223 [DEBUG] Bound socket.
2026-07-30 15:25:43,228 [DEBUG] can config: {'fd': False, 'can_filters': [{'can_id': 1966, 'can_mask': 2047, 'extended': False}], 'interface': 'socketcan', 'channel': 'can0'}
2026-07-30 15:25:43,229 [INFO] Created a socket
2026-07-30 15:25:43,230 [DEBUG] Binding socket to channel=can0
2026-07-30 15:25:43,231 [DEBUG] Bound socket.
2026-07-30 15:25:43,235 [DEBUG] Given rxfn is considered blocking
2026-07-30 15:25:43,238 [INFO] Execution startup settle delay: 0.250s before first testcase
2026-07-30 15:25:43,489 [INFO] Drained stale CAN frames on physical sniffer bus
2026-07-30 15:25:43,490 [INFO] Drained stale CAN frames on active sniffer bus
2026-07-30 15:25:43,496 [DEBUG] can config: {'can_filters': [{'can_id': 1958, 'can_mask': 2047, 'extended': False}, {'can_id': 1966, 'can_mask': 2047, 'extended': False}, {'can_id': 0, 'can_mask': 2047, 'extended': False}, {'can_id': 1966, 'can_mask': 2047, 'extended': False}], 'fd': False, 'receive_own_messages': True, 'interface': 'socketcan', 'channel': 'can0'}
2026-07-30 15:25:43,497 [INFO] Created a socket
2026-07-30 15:25:43,499 [DEBUG] Binding socket to channel=can0
2026-07-30 15:25:43,500 [DEBUG] Bound socket.
2026-07-30 15:25:43,505 [INFO] CAN logging started: /home/mobase/Git/Raja/New_7/dist/output/can_logs/MFSW_10_20260730_152542.asc
2026-07-30 15:25:43,508 [INFO] Execution startup settle delay: 0.250s before first testcase
2026-07-30 15:25:43,762 [INFO] Drained stale CAN frames on physical sniffer bus
2026-07-30 15:25:43,763 [INFO] Drained stale CAN frames on active sniffer bus
2026-07-30 15:25:43,776 [INFO] Running Test Case: ECU_INFO-6
2026-07-30 15:25:43,779 [INFO] Final CAN drain completed before first testcase ECU_INFO-6
2026-07-30 15:25:43,782 [DEBUG] Starting CanStack
2026-07-30 15:25:43,786 [DEBUG] Main thread has started
2026-07-30 15:25:43,786 [DEBUG] Relay thread has started
2026-07-30 15:25:43,788 [INFO] Connection opened
2026-07-30 15:25:43,789 [INFO] Switched to physical mode for TC: ECU_INFO-6 Step: S/W Version
2026-07-30 15:25:43,789 [INFO] ECU_INFO-6 - S/W Version: SID=0x22, Sub=0xF1DD, Expected=[16, 16, 98, 241, 221, 49, 48, 48, 48, 48, 0, 0, 0, 0, 0, 0, 0, 0, 170, 170, 170, 170]
2026-07-30 15:25:43,845 [INFO] ECU_INFO-6 - S/W Version: Sending request 22F1DD
2026-07-30 15:25:43,846 [INFO] ECU_INFO-6 - S/W Version: Sending request 22F1DD
2026-07-30 15:25:43,847 [DEBUG] Sending 3 bytes : [22f1dd]
2026-07-30 15:25:43,847 [DEBUG] Enqueuing a SendRequest for 3 bytes and TAT=Physical
2026-07-30 15:25:43,848 [DEBUG] Tx: <7A6> (08) [ ]	 0322f1dd00000000
2026-07-30 15:25:43,849 [DEBUG] We've been asked to write a message to the bus
2026-07-30 15:25:43,849 [DEBUG] sending: Timestamp:        0.000000    ID:      7a6    S Rx       BS       DL:  8    03 22 f1 dd 00 00 00 00
2026-07-30 15:25:43,854 [DEBUG] We've been asked to write a message to the bus
2026-07-30 15:25:43,856 [DEBUG] Rx: <7AE> (08) [p]	 101062f1dd313030
2026-07-30 15:25:43,857 [DEBUG] sending: Timestamp:        0.000000    ID:      7a6    S Rx       BS       DL:  8    30 08 0a 00 00 00 00 00
2026-07-30 15:25:43,859 [DEBUG] Tx: <7A6> (08) [ ]	 30080a0000000000
2026-07-30 15:25:43,861 [DEBUG] We've been asked to write a message to the bus
2026-07-30 15:25:43,863 [DEBUG] sending: Timestamp:        0.000000    ID:      7a6    S Rx       BS       DL:  8    30 08 0a 00 00 00 00 00
2026-07-30 15:25:43,868 [DEBUG] TxState=IDLE - RxState=WAIT_CF
2026-07-30 15:25:43,875 [DEBUG] Rx: <7AE> (08) [p]	 2130300000000000
2026-07-30 15:25:43,898 [DEBUG] Rx: <7AE> (08) [p]	 22000000aaaaaaaa
2026-07-30 15:25:43,945 [INFO] ECU_INFO-6 - Received: 62F1DD31303030300000000000000000
2026-07-30 15:25:43,947 [WARNING] ECU_INFO-6 - S/W Version -> ❌ FAIL - Expected 101062F1DD31303030300000000000000000AAAAAAAA
2026-07-30 15:25:43,948 [DEBUG] Stopping CanStack
2026-07-30 15:25:43,949 [DEBUG] TxState=IDLE - RxState=IDLE
2026-07-30 15:25:43,951 [DEBUG] Main thread is exiting
2026-07-30 15:25:44,000 [DEBUG] CanStack Stopped
2026-07-30 15:25:44,003 [INFO] Connection closed
2026-07-30 15:25:44,006 [INFO] Running Test Case: ECU_INFO-7
2026-07-30 15:25:44,008 [DEBUG] Starting CanStack
2026-07-30 15:25:44,009 [DEBUG] Main thread has started
2026-07-30 15:25:44,010 [DEBUG] Relay thread has started
2026-07-30 15:25:44,012 [INFO] Connection opened
2026-07-30 15:25:44,013 [INFO] Switched to physical mode for TC: ECU_INFO-7 Step: B-CAN Version
2026-07-30 15:25:44,013 [INFO] ECU_INFO-7 - B-CAN Version: SID=0x22, Sub=0xF100, Expected=[6, 98, 241, 0, 49, 46, 48, 170]
2026-07-30 15:25:44,069 [INFO] ECU_INFO-7 - B-CAN Version: Sending request 22F100
2026-07-30 15:25:44,069 [INFO] ECU_INFO-7 - B-CAN Version: Sending request 22F100
2026-07-30 15:25:44,070 [DEBUG] Sending 3 bytes : [22f100]
2026-07-30 15:25:44,071 [DEBUG] Enqueuing a SendRequest for 3 bytes and TAT=Physical
2026-07-30 15:25:44,072 [DEBUG] Tx: <7A6> (08) [ ]	 0322f10000000000
2026-07-30 15:25:44,072 [DEBUG] We've been asked to write a message to the bus
2026-07-30 15:25:44,073 [DEBUG] sending: Timestamp:        0.000000    ID:      7a6    S Rx       BS       DL:  8    03 22 f1 00 00 00 00 00
2026-07-30 15:25:44,095 [DEBUG] Rx: <7AE> (08) [p]	 0662f100312e30aa
2026-07-30 15:25:44,145 [INFO] ECU_INFO-7 - Received: 62F100312E30
2026-07-30 15:25:44,146 [WARNING] ECU_INFO-7 - B-CAN Version -> ❌ FAIL - Expected 0662F100312E30AA
2026-07-30 15:25:44,147 [DEBUG] Stopping CanStack
2026-07-30 15:25:44,147 [DEBUG] Main thread is exiting
2026-07-30 15:25:44,196 [DEBUG] CanStack Stopped
2026-07-30 15:25:44,197 [INFO] Connection closed
2026-07-30 15:25:44,197 [INFO] Running Test Case: ECU_INFO-8
2026-07-30 15:25:44,198 [DEBUG] Starting CanStack
2026-07-30 15:25:44,199 [DEBUG] Main thread has started
2026-07-30 15:25:44,200 [DEBUG] Relay thread has started
2026-07-30 15:25:44,201 [INFO] Connection opened
2026-07-30 15:25:44,202 [INFO] Switched to physical mode for TC: ECU_INFO-8 Step: Manufacturing Date
2026-07-30 15:25:44,203 [INFO] ECU_INFO-8 - Manufacturing Date: SID=0x22, Sub=0xF18B, Expected=[7, 98, 241, 139, 32, 37, 18, 25]
2026-07-30 15:25:44,266 [INFO] ECU_INFO-8 - Manufacturing Date: Sending request 22F18B
2026-07-30 15:25:44,267 [INFO] ECU_INFO-8 - Manufacturing Date: Sending request 22F18B
2026-07-30 15:25:44,268 [DEBUG] Sending 3 bytes : [22f18b]
2026-07-30 15:25:44,269 [DEBUG] Enqueuing a SendRequest for 3 bytes and TAT=Physical
2026-07-30 15:25:44,271 [DEBUG] Tx: <7A6> (08) [ ]	 0322f18b00000000
2026-07-30 15:25:44,272 [DEBUG] We've been asked to write a message to the bus
2026-07-30 15:25:44,274 [DEBUG] sending: Timestamp:        0.000000    ID:      7a6    S Rx       BS       DL:  8    03 22 f1 8b 00 00 00 00
2026-07-30 15:25:44,295 [DEBUG] Rx: <7AE> (08) [p]	 0762f18b20251219
2026-07-30 15:25:44,347 [INFO] ECU_INFO-8 - Received: 62F18B20251219
2026-07-30 15:25:44,348 [WARNING] ECU_INFO-8 - Manufacturing Date -> ❌ FAIL - Expected 0762F18B20251219
2026-07-30 15:25:44,349 [DEBUG] Stopping CanStack
2026-07-30 15:25:44,349 [DEBUG] Main thread is exiting
2026-07-30 15:25:44,398 [DEBUG] CanStack Stopped
2026-07-30 15:25:44,402 [INFO] Connection closed
2026-07-30 15:25:44,406 [INFO] Running Test Case: ECU_INFO-9
2026-07-30 15:25:44,407 [DEBUG] Starting CanStack
2026-07-30 15:25:44,409 [DEBUG] Main thread has started
2026-07-30 15:25:44,411 [DEBUG] Relay thread has started
2026-07-30 15:25:44,413 [INFO] Connection opened
2026-07-30 15:25:44,414 [INFO] Switched to physical mode for TC: ECU_INFO-9 Step: ECU_Serial Number
2026-07-30 15:25:44,415 [INFO] ECU_INFO-9 - ECU_Serial Number: SID=0x22, Sub=0xF18C, Expected=[16, 11, 98, 241, 140, 48, 48, 48, 48, 48, 48, 48, 49, 170, 170]
2026-07-30 15:25:44,497 [INFO] ECU_INFO-9 - ECU_Serial Number: Sending request 22F18C
2026-07-30 15:25:44,498 [INFO] ECU_INFO-9 - ECU_Serial Number: Sending request 22F18C
2026-07-30 15:25:44,499 [DEBUG] Sending 3 bytes : [22f18c]
2026-07-30 15:25:44,500 [DEBUG] Enqueuing a SendRequest for 3 bytes and TAT=Physical
2026-07-30 15:25:44,502 [DEBUG] Tx: <7A6> (08) [ ]	 0322f18c00000000
2026-07-30 15:25:44,503 [DEBUG] We've been asked to write a message to the bus
2026-07-30 15:25:44,504 [DEBUG] sending: Timestamp:        0.000000    ID:      7a6    S Rx       BS       DL:  8    03 22 f1 8c 00 00 00 00
2026-07-30 15:25:44,515 [DEBUG] We've been asked to write a message to the bus
2026-07-30 15:25:44,519 [DEBUG] Rx: <7AE> (08) [p]	 100b62f18c303030
2026-07-30 15:25:44,519 [DEBUG] sending: Timestamp:        0.000000    ID:      7a6    S Rx       BS       DL:  8    30 08 0a 00 00 00 00 00
2026-07-30 15:25:44,521 [DEBUG] Tx: <7A6> (08) [ ]	 30080a0000000000
2026-07-30 15:25:44,523 [DEBUG] We've been asked to write a message to the bus
2026-07-30 15:25:44,526 [DEBUG] sending: Timestamp:        0.000000    ID:      7a6    S Rx       BS       DL:  8    30 08 0a 00 00 00 00 00
2026-07-30 15:25:44,527 [DEBUG] TxState=IDLE - RxState=WAIT_CF
2026-07-30 15:25:44,548 [DEBUG] Rx: <7AE> (08) [p]	 213030303031aaaa
2026-07-30 15:25:44,599 [INFO] ECU_INFO-9 - Received: 62F18C3030303030303031
2026-07-30 15:25:44,600 [DEBUG] TxState=IDLE - RxState=IDLE
2026-07-30 15:25:44,601 [WARNING] ECU_INFO-9 - ECU_Serial Number -> ❌ FAIL - Expected 100B62F18C3030303030303031AAAA
2026-07-30 15:25:44,602 [DEBUG] Stopping CanStack
2026-07-30 15:25:44,603 [DEBUG] Main thread is exiting
2026-07-30 15:25:44,647 [DEBUG] CanStack Stopped
2026-07-30 15:25:44,648 [INFO] Connection closed
2026-07-30 15:25:44,650 [INFO] Running Test Case: ECU_INFO-10
2026-07-30 15:25:44,651 [DEBUG] Starting CanStack
2026-07-30 15:25:44,653 [DEBUG] Main thread has started
2026-07-30 15:25:44,654 [DEBUG] Relay thread has started
2026-07-30 15:25:44,656 [INFO] Connection opened
2026-07-30 15:25:44,657 [INFO] Switched to physical mode for TC: ECU_INFO-10 Step: H/W Version
2026-07-30 15:25:44,658 [INFO] ECU_INFO-10 - H/W Version: SID=0x22, Sub=0xF193, Expected=[7, 98, 241, 147, 49, 46, 48, 48]
2026-07-30 15:25:44,713 [INFO] ECU_INFO-10 - H/W Version: Sending request 22F193
2026-07-30 15:25:44,714 [INFO] ECU_INFO-10 - H/W Version: Sending request 22F193
2026-07-30 15:25:44,714 [DEBUG] Sending 3 bytes : [22f193]
2026-07-30 15:25:44,715 [DEBUG] Enqueuing a SendRequest for 3 bytes and TAT=Physical
2026-07-30 15:25:44,716 [DEBUG] Tx: <7A6> (08) [ ]	 0322f19300000000
2026-07-30 15:25:44,717 [DEBUG] We've been asked to write a message to the bus
2026-07-30 15:25:44,718 [DEBUG] sending: Timestamp:        0.000000    ID:      7a6    S Rx       BS       DL:  8    03 22 f1 93 00 00 00 00
2026-07-30 15:25:44,726 [DEBUG] Rx: <7AE> (08) [p]	 0762f193312e3030
2026-07-30 15:25:44,775 [INFO] ECU_INFO-10 - Received: 62F193312E3030
2026-07-30 15:25:44,778 [WARNING] ECU_INFO-10 - H/W Version -> ❌ FAIL - Expected 0762F193312E3030
2026-07-30 15:25:44,779 [DEBUG] Stopping CanStack
2026-07-30 15:25:44,783 [DEBUG] Main thread is exiting
2026-07-30 15:25:44,831 [DEBUG] CanStack Stopped
2026-07-30 15:25:44,832 [INFO] Connection closed
2026-07-30 15:25:44,832 [INFO] Running Test Case: PC_ID-029
2026-07-30 15:25:44,833 [DEBUG] Starting CanStack
2026-07-30 15:25:44,834 [DEBUG] Main thread has started
2026-07-30 15:25:44,835 [DEBUG] Relay thread has started
2026-07-30 15:25:44,836 [INFO] Connection opened
2026-07-30 15:25:44,837 [INFO] Switched to physical mode for TC: PC_ID-029 Step: Start default session
2026-07-30 15:25:44,837 [INFO] PC_ID-029 - Start default session: SID=0x10, Sub=0x01, Expected=[6, 80, 1, 0, 50, 1, 244, 170]
2026-07-30 15:25:44,899 [INFO] PC_ID-029 - Start default session: Sending 1001
2026-07-30 15:25:44,955 [INFO] PC_ID-029 - Start default session: Sending request 1001
2026-07-30 15:25:44,956 [DEBUG] Sending 2 bytes : [1001]
2026-07-30 15:25:44,957 [DEBUG] Enqueuing a SendRequest for 2 bytes and TAT=Physical
2026-07-30 15:25:44,958 [DEBUG] Tx: <7A6> (08) [ ]	 0210010000000000
2026-07-30 15:25:44,960 [DEBUG] We've been asked to write a message to the bus
2026-07-30 15:25:44,960 [DEBUG] sending: Timestamp:        0.000000    ID:      7a6    S Rx       BS       DL:  8    02 10 01 00 00 00 00 00
2026-07-30 15:25:44,975 [INFO] PC_ID-029 - Received: 5001003201F4
2026-07-30 15:25:44,979 [WARNING] PC_ID-029 - Start default session -> FAIL - Unexpected response
2026-07-30 15:25:44,979 [DEBUG] Rx: <7AE> (08) [p]	 065001003201f4aa
2026-07-30 15:25:44,980 [DEBUG] Stopping CanStack
2026-07-30 15:25:44,983 [DEBUG] Main thread is exiting
2026-07-30 15:25:45,029 [DEBUG] CanStack Stopped
2026-07-30 15:25:45,030 [INFO] Connection closed
2026-07-30 15:25:45,031 [INFO] Running Test Case: TC_ID-224
2026-07-30 15:25:45,031 [DEBUG] Starting CanStack
2026-07-30 15:25:45,032 [DEBUG] Main thread has started
2026-07-30 15:25:45,033 [DEBUG] Relay thread has started
2026-07-30 15:25:45,034 [INFO] Connection opened
2026-07-30 15:25:45,035 [INFO] Switched to physical mode for TC: TC_ID-224 Step: PreCondition: PC_ID-029  Testcase:Read DTC with default session(19 02)
2026-07-30 15:25:45,035 [INFO] TC_ID-224 - PreCondition: PC_ID-029  Testcase:Read DTC with default session(19 02): SID=0x19, Sub=0x02, Expected=[3, 89, 2, 8, 170, 170, 170, 170]
2026-07-30 15:25:45,118 [INFO] TC_ID-224 - PreCondition: PC_ID-029  Testcase:Read DTC with default session(19 02): Sending 190208
2026-07-30 15:25:45,119 [INFO] TC_ID-224 - PreCondition: PC_ID-029  Testcase:Read DTC with default session(19 02): Sending request 190208
2026-07-30 15:25:45,120 [DEBUG] Sending 3 bytes : [190208]
2026-07-30 15:25:45,122 [DEBUG] Enqueuing a SendRequest for 3 bytes and TAT=Physical
2026-07-30 15:25:45,123 [DEBUG] Tx: <7A6> (08) [ ]	 0319020800000000
2026-07-30 15:25:45,125 [DEBUG] We've been asked to write a message to the bus
2026-07-30 15:25:45,126 [DEBUG] sending: Timestamp:        0.000000    ID:      7a6    S Rx       BS       DL:  8    03 19 02 08 00 00 00 00
2026-07-30 15:25:45,139 [WARNING] -----------------------------------------------TC_ID-224 PreCondition: PC_ID-029  Testcase:Read DTC with default session(19 02) -> FAIL - Expected [3, 89, 2, 8, 170, 170, 170, 170], got [89, 2, 0]-----------------------------------------------
2026-07-30 15:25:45,139 [DEBUG] Rx: <7AE> (08) [p]	 03590200aaaaaaaa
2026-07-30 15:25:45,140 [DEBUG] Stopping CanStack
2026-07-30 15:25:45,142 [DEBUG] Main thread is exiting
2026-07-30 15:25:45,188 [DEBUG] CanStack Stopped
2026-07-30 15:25:45,189 [INFO] Connection closed
2026-07-30 15:25:45,190 [INFO] Running Test Case: TC_ID-225
2026-07-30 15:25:45,190 [DEBUG] Starting CanStack
2026-07-30 15:25:45,191 [DEBUG] Main thread has started
2026-07-30 15:25:45,192 [DEBUG] Relay thread has started
2026-07-30 15:25:45,193 [INFO] Connection opened
2026-07-30 15:25:45,194 [INFO] Switched to physical mode for TC: TC_ID-225 Step: PreCondition: PC_ID-029  Testcase:Fault memory clear Extended session(14 FFFFFF)
2026-07-30 15:25:45,195 [INFO] TC_ID-225 - PreCondition: PC_ID-029  Testcase:Fault memory clear Extended session(14 FFFFFF): SID=0x14, Sub=0xFFFFFF, Expected=[1, 84, 170, 170, 170, 170, 170, 170]
2026-07-30 15:25:45,282 [INFO] TC_ID-225 - PreCondition: PC_ID-029  Testcase:Fault memory clear Extended session(14 FFFFFF): Sending 14FFFFFF
2026-07-30 15:25:45,282 [INFO] TC_ID-225 - PreCondition: PC_ID-029  Testcase:Fault memory clear Extended session(14 FFFFFF): Sending request 14FFFFFF
2026-07-30 15:25:45,283 [DEBUG] Sending 4 bytes : [14ffffff]
2026-07-30 15:25:45,284 [DEBUG] Enqueuing a SendRequest for 4 bytes and TAT=Physical
2026-07-30 15:25:45,286 [DEBUG] Tx: <7A6> (08) [ ]	 0414ffffff000000
2026-07-30 15:25:45,287 [DEBUG] We've been asked to write a message to the bus
2026-07-30 15:25:45,288 [DEBUG] sending: Timestamp:        0.000000    ID:      7a6    S Rx       BS       DL:  8    04 14 ff ff ff 00 00 00
2026-07-30 15:25:45,297 [WARNING] -----------------------------------------------TC_ID-225 PreCondition: PC_ID-029  Testcase:Fault memory clear Extended session(14 FFFFFF) -> FAIL - Expected [1, 84, 170, 170, 170, 170, 170, 170], got [84]-----------------------------------------------
2026-07-30 15:25:45,302 [DEBUG] Rx: <7AE> (08) [p]	 0154aaaaaaaaaaaa
2026-07-30 15:25:45,303 [DEBUG] Stopping CanStack
2026-07-30 15:25:45,305 [DEBUG] Main thread is exiting
2026-07-30 15:25:45,351 [DEBUG] CanStack Stopped
2026-07-30 15:25:45,352 [INFO] Connection closed
2026-07-30 15:25:45,352 [INFO] Running Test Case: TC_ID-226
2026-07-30 15:25:45,353 [DEBUG] Starting CanStack
2026-07-30 15:25:45,354 [DEBUG] Main thread has started
2026-07-30 15:25:45,355 [DEBUG] Relay thread has started
2026-07-30 15:25:45,356 [INFO] Connection opened
2026-07-30 15:25:45,357 [INFO] Switched to physical mode for TC: TC_ID-226 Step: PreCondition: PC_ID-029  Testcase:- Input Output Record Local Identifier #1(Default session)
2026-07-30 15:25:45,357 [INFO] TC_ID-226 - PreCondition: PC_ID-029  Testcase:- Input Output Record Local Identifier #1(Default session): SID=0x22, Sub=0xB302, Expected=[16, 9, 98, 179, 2, 255, 255, 0, 0, 0, 147, 170, 170, 170, 170]
2026-07-30 15:25:45,449 [INFO] TC_ID-226 - PreCondition: PC_ID-029  Testcase:- Input Output Record Local Identifier #1(Default session): Sending request 22B302
2026-07-30 15:25:45,450 [INFO] TC_ID-226 - PreCondition: PC_ID-029  Testcase:- Input Output Record Local Identifier #1(Default session): Sending request 22B302
2026-07-30 15:25:45,451 [DEBUG] Sending 3 bytes : [22b302]
2026-07-30 15:25:45,452 [DEBUG] Enqueuing a SendRequest for 3 bytes and TAT=Physical
2026-07-30 15:25:45,454 [DEBUG] Tx: <7A6> (08) [ ]	 0322b30200000000
2026-07-30 15:25:45,455 [DEBUG] We've been asked to write a message to the bus
2026-07-30 15:25:45,456 [DEBUG] sending: Timestamp:        0.000000    ID:      7a6    S Rx       BS       DL:  8    03 22 b3 02 00 00 00 00
2026-07-30 15:25:45,468 [DEBUG] Rx: <7AE> (08) [p]	 100962b302ffff00
2026-07-30 15:25:45,471 [DEBUG] We've been asked to write a message to the bus
2026-07-30 15:25:45,472 [DEBUG] Tx: <7A6> (08) [ ]	 30080a0000000000
2026-07-30 15:25:45,473 [DEBUG] sending: Timestamp:        0.000000    ID:      7a6    S Rx       BS       DL:  8    30 08 0a 00 00 00 00 00
2026-07-30 15:25:45,474 [DEBUG] We've been asked to write a message to the bus
2026-07-30 15:25:45,476 [DEBUG] sending: Timestamp:        0.000000    ID:      7a6    S Rx       BS       DL:  8    30 08 0a 00 00 00 00 00
2026-07-30 15:25:45,479 [DEBUG] TxState=IDLE - RxState=WAIT_CF
2026-07-30 15:25:45,500 [DEBUG] Rx: <7AE> (08) [p]	 21000093aaaaaaaa
2026-07-30 15:25:45,546 [INFO] TC_ID-226 - Received: 62B302FFFF00000093
2026-07-30 15:25:45,547 [WARNING] TC_ID-226 - PreCondition: PC_ID-029  Testcase:- Input Output Record Local Identifier #1(Default session) -> ❌ FAIL - Expected 100962B302FFFF00000093AAAAAAAA
2026-07-30 15:25:45,548 [DEBUG] Stopping CanStack
2026-07-30 15:25:45,549 [DEBUG] TxState=IDLE - RxState=IDLE
2026-07-30 15:25:45,550 [DEBUG] Main thread is exiting
2026-07-30 15:25:45,552 [DEBUG] CanStack Stopped
2026-07-30 15:25:45,553 [INFO] Connection closed
2026-07-30 15:25:45,555 [INFO] Running Test Case: TC_ID-227
2026-07-30 15:25:45,556 [DEBUG] Starting CanStack
2026-07-30 15:25:45,558 [DEBUG] Main thread has started
2026-07-30 15:25:45,559 [DEBUG] Relay thread has started
2026-07-30 15:25:45,566 [INFO] Connection opened
2026-07-30 15:25:45,570 [INFO] Switched to physical mode for TC: TC_ID-227 Step: PreCondition: PC_ID-029  Testcase:- Input Output Record Local Identifier #2(Default session)
2026-07-30 15:25:45,571 [INFO] TC_ID-227 - PreCondition: PC_ID-029  Testcase:- Input Output Record Local Identifier #2(Default session): SID=0x22, Sub=0xB303, Expected=[16, 11, 98, 179, 3, 255, 255, 255, 1, 8, 0, 0, 1, 170, 170]
2026-07-30 15:25:45,665 [INFO] TC_ID-227 - PreCondition: PC_ID-029  Testcase:- Input Output Record Local Identifier #2(Default session): Sending request 22B303
2026-07-30 15:25:45,666 [INFO] TC_ID-227 - PreCondition: PC_ID-029  Testcase:- Input Output Record Local Identifier #2(Default session): Sending request 22B303
2026-07-30 15:25:45,667 [DEBUG] Sending 3 bytes : [22b303]
2026-07-30 15:25:45,668 [DEBUG] Enqueuing a SendRequest for 3 bytes and TAT=Physical
2026-07-30 15:25:45,670 [DEBUG] Tx: <7A6> (08) [ ]	 0322b30300000000
2026-07-30 15:25:45,742 [DEBUG] We've been asked to write a message to the bus
2026-07-30 15:25:45,742 [DEBUG] sending: Timestamp:        0.000000    ID:      7a6    S Rx       BS       DL:  8    03 22 b3 03 00 00 00 00
2026-07-30 15:25:45,754 [DEBUG] We've been asked to write a message to the bus
2026-07-30 15:25:45,761 [DEBUG] sending: Timestamp:        0.000000    ID:      7a6    S Rx       BS       DL:  8    30 08 0a 00 00 00 00 00
2026-07-30 15:25:45,764 [DEBUG] Rx: <7AE> (08) [p]	 100b62b303ffffff
2026-07-30 15:25:45,766 [DEBUG] Tx: <7A6> (08) [ ]	 30080a0000000000
2026-07-30 15:25:45,768 [DEBUG] We've been asked to write a message to the bus
2026-07-30 15:25:45,769 [DEBUG] sending: Timestamp:        0.000000    ID:      7a6    S Rx       BS       DL:  8    30 08 0a 00 00 00 00 00
2026-07-30 15:25:45,770 [DEBUG] TxState=IDLE - RxState=WAIT_CF
2026-07-30 15:25:45,786 [DEBUG] Rx: <7AE> (08) [p]	 210108000001aaaa
2026-07-30 15:25:45,835 [INFO] TC_ID-227 - Received: 62B303FFFFFF0108000001
2026-07-30 15:25:45,836 [WARNING] TC_ID-227 - PreCondition: PC_ID-029  Testcase:- Input Output Record Local Identifier #2(Default session) -> ❌ FAIL - Expected 100B62B303FFFFFF0108000001AAAA
2026-07-30 15:25:45,837 [DEBUG] Stopping CanStack
2026-07-30 15:25:45,838 [DEBUG] TxState=IDLE - RxState=IDLE
2026-07-30 15:25:45,839 [DEBUG] Main thread is exiting
2026-07-30 15:25:45,887 [DEBUG] CanStack Stopped
2026-07-30 15:25:45,888 [INFO] Connection closed
2026-07-30 15:25:45,888 [INFO] Running Test Case: TC_ID-228
2026-07-30 15:25:45,889 [DEBUG] Starting CanStack
2026-07-30 15:25:45,890 [DEBUG] Main thread has started
2026-07-30 15:25:45,891 [DEBUG] Relay thread has started
2026-07-30 15:25:45,892 [INFO] Connection opened
2026-07-30 15:25:45,893 [INFO] Switched to physical mode for TC: TC_ID-228 Step: PreCondition: PC_ID-029  Testcase:RX_SWIN_F1_EF_Read(Defaultsession)
2026-07-30 15:25:45,894 [INFO] TC_ID-228 - PreCondition: PC_ID-029  Testcase:RX_SWIN_F1_EF_Read(Defaultsession): SID=0x22, Sub=0xF1EF, Expected=[16, 43, 98, 241, 239, 7, 166, 11, 82, 49, 48, 32, 77, 81, 52, 47, 49, 47, 48, 12, 82, 49, 53, 53, 32, 77, 81, 52, 47, 49, 47, 48, 12, 82, 49, 53, 54, 32, 77, 81, 52, 47, 49, 47, 48, 170, 170, 170, 170, 170]
2026-07-30 15:25:45,982 [INFO] TC_ID-228 - PreCondition: PC_ID-029  Testcase:RX_SWIN_F1_EF_Read(Defaultsession): Sending request 22F1EF
2026-07-30 15:25:45,982 [INFO] TC_ID-228 - PreCondition: PC_ID-029  Testcase:RX_SWIN_F1_EF_Read(Defaultsession): Sending request 22F1EF
2026-07-30 15:25:45,983 [DEBUG] Sending 3 bytes : [22f1ef]
2026-07-30 15:25:45,984 [DEBUG] Enqueuing a SendRequest for 3 bytes and TAT=Physical
2026-07-30 15:25:45,985 [DEBUG] Tx: <7A6> (08) [ ]	 0322f1ef00000000
2026-07-30 15:25:45,987 [DEBUG] We've been asked to write a message to the bus
2026-07-30 15:25:45,988 [DEBUG] sending: Timestamp:        0.000000    ID:      7a6    S Rx       BS       DL:  8    03 22 f1 ef 00 00 00 00
2026-07-30 15:25:45,998 [DEBUG] We've been asked to write a message to the bus
2026-07-30 15:25:46,001 [DEBUG] sending: Timestamp:        0.000000    ID:      7a6    S Rx       BS       DL:  8    30 08 0a 00 00 00 00 00
2026-07-30 15:25:46,004 [DEBUG] Rx: <7AE> (08) [p]	 102b62f1ef07a60b
2026-07-30 15:25:46,006 [DEBUG] Tx: <7A6> (08) [ ]	 30080a0000000000
2026-07-30 15:25:46,008 [DEBUG] We've been asked to write a message to the bus
2026-07-30 15:25:46,009 [DEBUG] sending: Timestamp:        0.000000    ID:      7a6    S Rx       BS       DL:  8    30 08 0a 00 00 00 00 00
2026-07-30 15:25:46,011 [DEBUG] TxState=IDLE - RxState=WAIT_CF
2026-07-30 15:25:46,029 [DEBUG] Rx: <7AE> (08) [p]	 21523130204d5134
2026-07-30 15:25:46,046 [DEBUG] Rx: <7AE> (08) [p]	 222f312f300c5231
2026-07-30 15:25:46,069 [DEBUG] Rx: <7AE> (08) [p]	 233535204d51342f
2026-07-30 15:25:46,099 [DEBUG] Rx: <7AE> (08) [p]	 24312f300c523135
2026-07-30 15:25:46,116 [DEBUG] Rx: <7AE> (08) [p]	 2536204d51342f31
2026-07-30 15:25:46,138 [DEBUG] Rx: <7AE> (08) [p]	 262f30aaaaaaaaaa
2026-07-30 15:25:46,185 [INFO] TC_ID-228 - Received: 62F1EF07A60B523130204D51342F312F300C52313535204D51342F312F300C52313536204D51342F312F30
2026-07-30 15:25:46,187 [WARNING] TC_ID-228 - PreCondition: PC_ID-029  Testcase:RX_SWIN_F1_EF_Read(Defaultsession) -> ❌ FAIL - Expected 102B62F1EF07A60B523130204D51342F312F300C52313535204D51342F312F300C52313536204D51342F312F30AAAAAAAAAA
2026-07-30 15:25:46,187 [DEBUG] Stopping CanStack
2026-07-30 15:25:46,188 [DEBUG] TxState=IDLE - RxState=IDLE
2026-07-30 15:25:46,190 [DEBUG] Main thread is exiting
2026-07-30 15:25:46,191 [DEBUG] CanStack Stopped
2026-07-30 15:25:46,191 [INFO] Connection closed
2026-07-30 15:25:46,192 [INFO] Running Test Case: TC_ID-229
2026-07-30 15:25:46,192 [DEBUG] Starting CanStack
2026-07-30 15:25:46,194 [DEBUG] Main thread has started
2026-07-30 15:25:46,194 [DEBUG] Relay thread has started
2026-07-30 15:25:46,195 [INFO] Connection opened
2026-07-30 15:25:46,196 [INFO] Switched to physical mode for TC: TC_ID-229 Step: PreCondition: PC_ID-029  Testcase:B_CAN_Database_Version_F1_00_Read(Defaultsession)
2026-07-30 15:25:46,197 [INFO] TC_ID-229 - PreCondition: PC_ID-029  Testcase:B_CAN_Database_Version_F1_00_Read(Defaultsession): SID=0x22, Sub=0xF100, Expected=[6, 98, 241, 0, 49, 46, 48, 170]
2026-07-30 15:25:46,287 [INFO] TC_ID-229 - PreCondition: PC_ID-029  Testcase:B_CAN_Database_Version_F1_00_Read(Defaultsession): Sending request 22F100
2026-07-30 15:25:46,288 [INFO] TC_ID-229 - PreCondition: PC_ID-029  Testcase:B_CAN_Database_Version_F1_00_Read(Defaultsession): Sending request 22F100
2026-07-30 15:25:46,289 [DEBUG] Sending 3 bytes : [22f100]
2026-07-30 15:25:46,290 [DEBUG] Enqueuing a SendRequest for 3 bytes and TAT=Physical
2026-07-30 15:25:46,292 [DEBUG] Tx: <7A6> (08) [ ]	 0322f10000000000
2026-07-30 15:25:46,293 [DEBUG] We've been asked to write a message to the bus
2026-07-30 15:25:46,294 [DEBUG] sending: Timestamp:        0.000000    ID:      7a6    S Rx       BS       DL:  8    03 22 f1 00 00 00 00 00
2026-07-30 15:25:46,308 [DEBUG] Rx: <7AE> (08) [p]	 0662f100312e30aa
2026-07-30 15:25:46,360 [INFO] TC_ID-229 - Received: 62F100312E30
2026-07-30 15:25:46,364 [WARNING] TC_ID-229 - PreCondition: PC_ID-029  Testcase:B_CAN_Database_Version_F1_00_Read(Defaultsession) -> ❌ FAIL - Expected 0662F100312E30AA
2026-07-30 15:25:46,365 [DEBUG] Stopping CanStack
2026-07-30 15:25:46,366 [DEBUG] Main thread is exiting
2026-07-30 15:25:46,407 [DEBUG] CanStack Stopped
2026-07-30 15:25:46,408 [INFO] Connection closed
2026-07-30 15:25:46,409 [INFO] Running Test Case: TC_ID-230
2026-07-30 15:25:46,410 [DEBUG] Starting CanStack
2026-07-30 15:25:46,411 [DEBUG] Main thread has started
2026-07-30 15:25:46,412 [DEBUG] Relay thread has started
2026-07-30 15:25:46,413 [INFO] Connection opened
2026-07-30 15:25:46,414 [INFO] Switched to physical mode for TC: TC_ID-230 Step: PreCondition: PC_ID-029  Testcase:Vehicle_Manufacturer_Spare_Part_Number_F1_87_Read(Defaultsession)
2026-07-30 15:25:46,414 [INFO] TC_ID-230 - PreCondition: PC_ID-029  Testcase:Vehicle_Manufacturer_Spare_Part_Number_F1_87_Read(Defaultsession): SID=0x22, Sub=0xF187, Expected=[16, 13, 98, 241, 135, 57, 51, 52, 68, 56, 71, 66, 53, 49, 48]
2026-07-30 15:25:46,512 [INFO] TC_ID-230 - PreCondition: PC_ID-029  Testcase:Vehicle_Manufacturer_Spare_Part_Number_F1_87_Read(Defaultsession): Sending request 22F187
2026-07-30 15:25:46,513 [INFO] TC_ID-230 - PreCondition: PC_ID-029  Testcase:Vehicle_Manufacturer_Spare_Part_Number_F1_87_Read(Defaultsession): Sending request 22F187
2026-07-30 15:25:46,514 [DEBUG] Sending 3 bytes : [22f187]
2026-07-30 15:25:46,515 [DEBUG] Enqueuing a SendRequest for 3 bytes and TAT=Physical
2026-07-30 15:25:46,517 [DEBUG] Tx: <7A6> (08) [ ]	 0322f18700000000
2026-07-30 15:25:46,519 [DEBUG] We've been asked to write a message to the bus
2026-07-30 15:25:46,519 [DEBUG] sending: Timestamp:        0.000000    ID:      7a6    S Rx       BS       DL:  8    03 22 f1 87 00 00 00 00
2026-07-30 15:25:46,528 [DEBUG] We've been asked to write a message to the bus
2026-07-30 15:25:46,533 [DEBUG] sending: Timestamp:        0.000000    ID:      7a6    S Rx       BS       DL:  8    30 08 0a 00 00 00 00 00
2026-07-30 15:25:46,534 [DEBUG] Rx: <7AE> (08) [p]	 100d62f187393334
2026-07-30 15:25:46,536 [DEBUG] Tx: <7A6> (08) [ ]	 30080a0000000000
2026-07-30 15:25:46,538 [DEBUG] We've been asked to write a message to the bus
2026-07-30 15:25:46,539 [DEBUG] sending: Timestamp:        0.000000    ID:      7a6    S Rx       BS       DL:  8    30 08 0a 00 00 00 00 00
2026-07-30 15:25:46,541 [DEBUG] TxState=IDLE - RxState=WAIT_CF
2026-07-30 15:25:46,560 [DEBUG] Rx: <7AE> (08) [p]	 2144384742353130
2026-07-30 15:25:46,606 [INFO] TC_ID-230 - Received: 62F18739333444384742353130
2026-07-30 15:25:46,607 [WARNING] TC_ID-230 - PreCondition: PC_ID-029  Testcase:Vehicle_Manufacturer_Spare_Part_Number_F1_87_Read(Defaultsession) -> ❌ FAIL - Expected 100D62F18739333444384742353130
2026-07-30 15:25:46,608 [DEBUG] Stopping CanStack
2026-07-30 15:25:46,610 [DEBUG] TxState=IDLE - RxState=IDLE
2026-07-30 15:25:46,611 [DEBUG] Main thread is exiting
2026-07-30 15:25:46,613 [DEBUG] CanStack Stopped
2026-07-30 15:25:46,614 [INFO] Connection closed
2026-07-30 15:25:46,615 [INFO] Running Test Case: TC_ID-231
2026-07-30 15:25:46,617 [DEBUG] Starting CanStack
2026-07-30 15:25:46,620 [DEBUG] Main thread has started
2026-07-30 15:25:46,624 [DEBUG] Relay thread has started
2026-07-30 15:25:46,630 [INFO] Connection opened
2026-07-30 15:25:46,634 [INFO] Switched to physical mode for TC: TC_ID-231 Step: PreCondition: PC_ID-029  Testcase:Manufacturing_F1_8B_Read(Defaultsession)
2026-07-30 15:25:46,636 [INFO] TC_ID-231 - PreCondition: PC_ID-029  Testcase:Manufacturing_F1_8B_Read(Defaultsession): SID=0x22, Sub=0xF18B, Expected=[7, 98, 241, 139, 32, 37, 18, 25]
2026-07-30 15:25:46,728 [INFO] TC_ID-231 - PreCondition: PC_ID-029  Testcase:Manufacturing_F1_8B_Read(Defaultsession): Sending request 22F18B
2026-07-30 15:25:46,729 [INFO] TC_ID-231 - PreCondition: PC_ID-029  Testcase:Manufacturing_F1_8B_Read(Defaultsession): Sending request 22F18B
2026-07-30 15:25:46,730 [DEBUG] Sending 3 bytes : [22f18b]
2026-07-30 15:25:46,731 [DEBUG] Enqueuing a SendRequest for 3 bytes and TAT=Physical
2026-07-30 15:25:46,733 [DEBUG] Tx: <7A6> (08) [ ]	 0322f18b00000000
2026-07-30 15:25:46,734 [DEBUG] We've been asked to write a message to the bus
2026-07-30 15:25:46,735 [DEBUG] sending: Timestamp:        0.000000    ID:      7a6    S Rx       BS       DL:  8    03 22 f1 8b 00 00 00 00
2026-07-30 15:25:46,749 [DEBUG] Rx: <7AE> (08) [p]	 0762f18b20251219
2026-07-30 15:25:46,796 [INFO] TC_ID-231 - Received: 62F18B20251219
2026-07-30 15:25:46,797 [WARNING] TC_ID-231 - PreCondition: PC_ID-029  Testcase:Manufacturing_F1_8B_Read(Defaultsession) -> ❌ FAIL - Expected 0762F18B20251219
2026-07-30 15:25:46,797 [DEBUG] Stopping CanStack
2026-07-30 15:25:46,798 [DEBUG] Main thread is exiting
2026-07-30 15:25:46,799 [DEBUG] CanStack Stopped
2026-07-30 15:25:46,800 [INFO] Connection closed
2026-07-30 15:25:46,800 [INFO] Running Test Case: TC_ID-232
2026-07-30 15:25:46,801 [DEBUG] Starting CanStack
2026-07-30 15:25:46,802 [DEBUG] Main thread has started
2026-07-30 15:25:46,803 [DEBUG] Relay thread has started
2026-07-30 15:25:46,804 [INFO] Connection opened
2026-07-30 15:25:46,805 [INFO] Switched to physical mode for TC: TC_ID-232 Step: PreCondition: PC_ID-029  Testcase:ECU_Serial_Number_F1_8C_Read(Defaultsession)
2026-07-30 15:25:46,806 [INFO] TC_ID-232 - PreCondition: PC_ID-029  Testcase:ECU_Serial_Number_F1_8C_Read(Defaultsession): SID=0x22, Sub=0xF18C, Expected=[16, 11, 98, 241, 140, 48, 48, 48, 48, 48, 48, 48, 49, 170, 170]
2026-07-30 15:25:46,895 [INFO] TC_ID-232 - PreCondition: PC_ID-029  Testcase:ECU_Serial_Number_F1_8C_Read(Defaultsession): Sending request 22F18C
2026-07-30 15:25:46,896 [INFO] TC_ID-232 - PreCondition: PC_ID-029  Testcase:ECU_Serial_Number_F1_8C_Read(Defaultsession): Sending request 22F18C
2026-07-30 15:25:46,897 [DEBUG] Sending 3 bytes : [22f18c]
2026-07-30 15:25:46,898 [DEBUG] Enqueuing a SendRequest for 3 bytes and TAT=Physical
2026-07-30 15:25:46,900 [DEBUG] Tx: <7A6> (08) [ ]	 0322f18c00000000
2026-07-30 15:25:46,901 [DEBUG] We've been asked to write a message to the bus
2026-07-30 15:25:46,902 [DEBUG] sending: Timestamp:        0.000000    ID:      7a6    S Rx       BS       DL:  8    03 22 f1 8c 00 00 00 00
2026-07-30 15:25:46,916 [DEBUG] We've been asked to write a message to the bus
2026-07-30 15:25:46,918 [DEBUG] sending: Timestamp:        0.000000    ID:      7a6    S Rx       BS       DL:  8    30 08 0a 00 00 00 00 00
2026-07-30 15:25:46,919 [DEBUG] Rx: <7AE> (08) [p]	 100b62f18c303030
2026-07-30 15:25:46,921 [DEBUG] Tx: <7A6> (08) [ ]	 30080a0000000000
2026-07-30 15:25:46,924 [DEBUG] We've been asked to write a message to the bus
2026-07-30 15:25:46,925 [DEBUG] sending: Timestamp:        0.000000    ID:      7a6    S Rx       BS       DL:  8    30 08 0a 00 00 00 00 00
2026-07-30 15:25:46,926 [DEBUG] TxState=IDLE - RxState=WAIT_CF
2026-07-30 15:25:46,936 [DEBUG] Rx: <7AE> (08) [p]	 213030303031aaaa
2026-07-30 15:25:46,985 [INFO] TC_ID-232 - Received: 62F18C3030303030303031
2026-07-30 15:25:46,986 [WARNING] TC_ID-232 - PreCondition: PC_ID-029  Testcase:ECU_Serial_Number_F1_8C_Read(Defaultsession) -> ❌ FAIL - Expected 100B62F18C3030303030303031AAAA
2026-07-30 15:25:46,987 [DEBUG] Stopping CanStack
2026-07-30 15:25:46,988 [DEBUG] TxState=IDLE - RxState=IDLE
2026-07-30 15:25:46,989 [DEBUG] Main thread is exiting
2026-07-30 15:25:47,037 [DEBUG] CanStack Stopped
2026-07-30 15:25:47,038 [INFO] Connection closed
2026-07-30 15:25:47,039 [INFO] Running Test Case: TC_ID-233
2026-07-30 15:25:47,039 [DEBUG] Starting CanStack
2026-07-30 15:25:47,040 [DEBUG] Main thread has started
2026-07-30 15:25:47,041 [DEBUG] Relay thread has started
2026-07-30 15:25:47,042 [INFO] Connection opened
2026-07-30 15:25:47,043 [INFO] Switched to physical mode for TC: TC_ID-233 Step: PreCondition: PC_ID-029  Testcase:Vehicle_Manufacturer_ECU_HW_Number_F1_91_Read(Defaultsession)
2026-07-30 15:25:47,043 [INFO] TC_ID-233 - PreCondition: PC_ID-029  Testcase:Vehicle_Manufacturer_ECU_HW_Number_F1_91_Read(Defaultsession): SID=0x22, Sub=0xF191, Expected=[7, 98, 241, 145, 49, 46, 48, 48]
2026-07-30 15:25:47,144 [INFO] TC_ID-233 - PreCondition: PC_ID-029  Testcase:Vehicle_Manufacturer_ECU_HW_Number_F1_91_Read(Defaultsession): Sending request 22F191
2026-07-30 15:25:47,145 [INFO] TC_ID-233 - PreCondition: PC_ID-029  Testcase:Vehicle_Manufacturer_ECU_HW_Number_F1_91_Read(Defaultsession): Sending request 22F191
2026-07-30 15:25:47,146 [DEBUG] Sending 3 bytes : [22f191]
2026-07-30 15:25:47,147 [DEBUG] Enqueuing a SendRequest for 3 bytes and TAT=Physical
2026-07-30 15:25:47,149 [DEBUG] Tx: <7A6> (08) [ ]	 0322f19100000000
2026-07-30 15:25:47,150 [DEBUG] We've been asked to write a message to the bus
2026-07-30 15:25:47,151 [DEBUG] sending: Timestamp:        0.000000    ID:      7a6    S Rx       BS       DL:  8    03 22 f1 91 00 00 00 00
2026-07-30 15:25:47,167 [DEBUG] Rx: <7AE> (08) [p]	 0762f191312e3030
2026-07-30 15:25:47,216 [INFO] TC_ID-233 - Received: 62F191312E3030
2026-07-30 15:25:47,217 [WARNING] TC_ID-233 - PreCondition: PC_ID-029  Testcase:Vehicle_Manufacturer_ECU_HW_Number_F1_91_Read(Defaultsession) -> ❌ FAIL - Expected 0762F191312E3030
2026-07-30 15:25:47,218 [DEBUG] Stopping CanStack
2026-07-30 15:25:47,219 [DEBUG] Main thread is exiting
2026-07-30 15:25:47,268 [DEBUG] CanStack Stopped
2026-07-30 15:25:47,268 [INFO] Connection closed
2026-07-30 15:25:47,269 [INFO] Running Test Case: TC_ID-234
2026-07-30 15:25:47,270 [DEBUG] Starting CanStack
2026-07-30 15:25:47,271 [DEBUG] Main thread has started
2026-07-30 15:25:47,272 [DEBUG] Relay thread has started
2026-07-30 15:25:47,273 [INFO] Connection opened
2026-07-30 15:25:47,273 [INFO] Switched to physical mode for TC: TC_ID-234 Step: PreCondition: PC_ID-029  Testcase:HardwareVersionNumber_F1_93_Read(Defaultsession)
2026-07-30 15:25:47,274 [INFO] TC_ID-234 - PreCondition: PC_ID-029  Testcase:HardwareVersionNumber_F1_93_Read(Defaultsession): SID=0x22, Sub=0xF193, Expected=[7, 98, 241, 147, 49, 46, 48, 48]
2026-07-30 15:25:47,371 [INFO] TC_ID-234 - PreCondition: PC_ID-029  Testcase:HardwareVersionNumber_F1_93_Read(Defaultsession): Sending request 22F193
2026-07-30 15:25:47,371 [INFO] TC_ID-234 - PreCondition: PC_ID-029  Testcase:HardwareVersionNumber_F1_93_Read(Defaultsession): Sending request 22F193
2026-07-30 15:25:47,372 [DEBUG] Sending 3 bytes : [22f193]
2026-07-30 15:25:47,373 [DEBUG] Enqueuing a SendRequest for 3 bytes and TAT=Physical
2026-07-30 15:25:47,374 [DEBUG] Tx: <7A6> (08) [ ]	 0322f19300000000
2026-07-30 15:25:47,375 [DEBUG] We've been asked to write a message to the bus
2026-07-30 15:25:47,376 [DEBUG] sending: Timestamp:        0.000000    ID:      7a6    S Rx       BS       DL:  8    03 22 f1 93 00 00 00 00
2026-07-30 15:25:47,390 [DEBUG] Rx: <7AE> (08) [p]	 0762f193312e3030
2026-07-30 15:25:47,436 [INFO] TC_ID-234 - Received: 62F193312E3030
2026-07-30 15:25:47,437 [WARNING] TC_ID-234 - PreCondition: PC_ID-029  Testcase:HardwareVersionNumber_F1_93_Read(Defaultsession) -> ❌ FAIL - Expected 0762F193312E3030
2026-07-30 15:25:47,438 [DEBUG] Stopping CanStack
2026-07-30 15:25:47,439 [DEBUG] Main thread is exiting
2026-07-30 15:25:47,440 [DEBUG] CanStack Stopped
2026-07-30 15:25:47,441 [INFO] Connection closed
2026-07-30 15:25:47,441 [INFO] Running Test Case: TC_ID-235
2026-07-30 15:25:47,442 [DEBUG] Starting CanStack
2026-07-30 15:25:47,443 [DEBUG] Main thread has started
2026-07-30 15:25:47,444 [DEBUG] Relay thread has started
2026-07-30 15:25:47,445 [INFO] Connection opened
2026-07-30 15:25:47,446 [INFO] Switched to physical mode for TC: TC_ID-235 Step: PreCondition: PC_ID-029  Testcase:ECUSoftwareUnit1IVDDataIdentifier_F1_C1_Read(Defaultsession)
2026-07-30 15:25:47,446 [INFO] TC_ID-235 - PreCondition: PC_ID-029  Testcase:ECUSoftwareUnit1IVDDataIdentifier_F1_C1_Read(Defaultsession): SID=0x22, Sub=0xF1C1, Expected=[3, 98, 241, 193, 170, 170, 170, 170]
2026-07-30 15:25:47,543 [INFO] TC_ID-235 - PreCondition: PC_ID-029  Testcase:ECUSoftwareUnit1IVDDataIdentifier_F1_C1_Read(Defaultsession): Sending request 22F1C1
2026-07-30 15:25:47,544 [INFO] TC_ID-235 - PreCondition: PC_ID-029  Testcase:ECUSoftwareUnit1IVDDataIdentifier_F1_C1_Read(Defaultsession): Sending request 22F1C1
2026-07-30 15:25:47,544 [DEBUG] Sending 3 bytes : [22f1c1]
2026-07-30 15:25:47,546 [DEBUG] Enqueuing a SendRequest for 3 bytes and TAT=Physical
2026-07-30 15:25:47,548 [DEBUG] Tx: <7A6> (08) [ ]	 0322f1c100000000
2026-07-30 15:25:47,549 [DEBUG] We've been asked to write a message to the bus
2026-07-30 15:25:47,550 [DEBUG] sending: Timestamp:        0.000000    ID:      7a6    S Rx       BS       DL:  8    03 22 f1 c1 00 00 00 00
2026-07-30 15:25:47,560 [DEBUG] Rx: <7AE> (08) [p]	 037f2222aaaaaaaa
2026-07-30 15:25:47,607 [INFO] TC_ID-235 - Received: 7F2222
2026-07-30 15:25:47,608 [WARNING] TC_ID-235 - PreCondition: PC_ID-029  Testcase:ECUSoftwareUnit1IVDDataIdentifier_F1_C1_Read(Defaultsession) -> ❌ FAIL - Expected 0362F1C1AAAAAAAA
2026-07-30 15:25:47,609 [DEBUG] Stopping CanStack
2026-07-30 15:25:47,610 [DEBUG] Main thread is exiting
2026-07-30 15:25:47,657 [DEBUG] CanStack Stopped
2026-07-30 15:25:47,658 [INFO] Connection closed
2026-07-30 15:25:47,658 [INFO] Running Test Case: TC_ID-236
2026-07-30 15:25:47,659 [DEBUG] Starting CanStack
2026-07-30 15:25:47,660 [DEBUG] Main thread has started
2026-07-30 15:25:47,661 [DEBUG] Relay thread has started
2026-07-30 15:25:47,662 [INFO] Connection opened
2026-07-30 15:25:47,663 [INFO] Switched to physical mode for TC: TC_ID-236 Step: PreCondition: PC_ID-029  Testcase:ECUSoftwareUnit2 IVDDataIdentifier_F1_C2_Read(Defaultsession)
2026-07-30 15:25:47,663 [INFO] TC_ID-236 - PreCondition: PC_ID-029  Testcase:ECUSoftwareUnit2 IVDDataIdentifier_F1_C2_Read(Defaultsession): SID=0x22, Sub=0xF1C2, Expected=[3, 98, 241, 194, 170, 170, 170, 170]
2026-07-30 15:25:47,761 [INFO] TC_ID-236 - PreCondition: PC_ID-029  Testcase:ECUSoftwareUnit2 IVDDataIdentifier_F1_C2_Read(Defaultsession): Sending request 22F1C2
2026-07-30 15:25:47,762 [INFO] TC_ID-236 - PreCondition: PC_ID-029  Testcase:ECUSoftwareUnit2 IVDDataIdentifier_F1_C2_Read(Defaultsession): Sending request 22F1C2
2026-07-30 15:25:47,763 [DEBUG] Sending 3 bytes : [22f1c2]
2026-07-30 15:25:47,764 [DEBUG] Enqueuing a SendRequest for 3 bytes and TAT=Physical
2026-07-30 15:25:47,766 [DEBUG] Tx: <7A6> (08) [ ]	 0322f1c200000000
2026-07-30 15:25:47,767 [DEBUG] We've been asked to write a message to the bus
2026-07-30 15:25:47,768 [DEBUG] sending: Timestamp:        0.000000    ID:      7a6    S Rx       BS       DL:  8    03 22 f1 c2 00 00 00 00
2026-07-30 15:25:47,780 [DEBUG] Rx: <7AE> (08) [p]	 037f2212aaaaaaaa
2026-07-30 15:25:47,828 [INFO] TC_ID-236 - Received: 7F2212
2026-07-30 15:25:47,829 [WARNING] TC_ID-236 - PreCondition: PC_ID-029  Testcase:ECUSoftwareUnit2 IVDDataIdentifier_F1_C2_Read(Defaultsession) -> ❌ FAIL - Expected 0362F1C2AAAAAAAA
2026-07-30 15:25:47,830 [DEBUG] Stopping CanStack
2026-07-30 15:25:47,830 [DEBUG] Main thread is exiting
2026-07-30 15:25:47,880 [DEBUG] CanStack Stopped
2026-07-30 15:25:47,881 [INFO] Connection closed
2026-07-30 15:25:47,882 [INFO] Running Test Case: TC_ID-237
2026-07-30 15:25:47,882 [DEBUG] Starting CanStack
2026-07-30 15:25:47,883 [DEBUG] Main thread has started
2026-07-30 15:25:47,884 [DEBUG] Relay thread has started
2026-07-30 15:25:47,886 [INFO] Connection opened
2026-07-30 15:25:47,886 [INFO] Switched to physical mode for TC: TC_ID-237 Step: PreCondition: PC_ID-029  Testcase:SystemSupplierECUSoftwareVersionNumbe_DataIdentifier_F1_95_Read(Defaultsession)
2026-07-30 15:25:47,887 [INFO] TC_ID-237 - PreCondition: PC_ID-029  Testcase:SystemSupplierECUSoftwareVersionNumbe_DataIdentifier_F1_95_Read(Defaultsession): SID=0x22, Sub=0xF195, Expected=[7, 98, 241, 149, 49, 46, 48, 48]
2026-07-30 15:25:47,994 [INFO] TC_ID-237 - PreCondition: PC_ID-029  Testcase:SystemSupplierECUSoftwareVersionNumbe_DataIdentifier_F1_95_Read(Defaultsession): Sending request 22F195
2026-07-30 15:25:47,994 [INFO] TC_ID-237 - PreCondition: PC_ID-029  Testcase:SystemSupplierECUSoftwareVersionNumbe_DataIdentifier_F1_95_Read(Defaultsession): Sending request 22F195
2026-07-30 15:25:47,995 [DEBUG] Sending 3 bytes : [22f195]
2026-07-30 15:25:47,996 [DEBUG] Enqueuing a SendRequest for 3 bytes and TAT=Physical
2026-07-30 15:25:47,998 [DEBUG] Tx: <7A6> (08) [ ]	 0322f19500000000
2026-07-30 15:25:47,999 [DEBUG] We've been asked to write a message to the bus
2026-07-30 15:25:48,000 [DEBUG] sending: Timestamp:        0.000000    ID:      7a6    S Rx       BS       DL:  8    03 22 f1 95 00 00 00 00
2026-07-30 15:25:48,010 [DEBUG] Rx: <7AE> (08) [p]	 0762f195312e3030
2026-07-30 15:25:48,056 [INFO] TC_ID-237 - Received: 62F195312E3030
2026-07-30 15:25:48,057 [WARNING] TC_ID-237 - PreCondition: PC_ID-029  Testcase:SystemSupplierECUSoftwareVersionNumbe_DataIdentifier_F1_95_Read(Defaultsession) -> ❌ FAIL - Expected 0762F195312E3030
2026-07-30 15:25:48,058 [DEBUG] Stopping CanStack
2026-07-30 15:25:48,059 [DEBUG] Main thread is exiting
2026-07-30 15:25:48,060 [DEBUG] CanStack Stopped
2026-07-30 15:25:48,061 [INFO] Connection closed
2026-07-30 15:25:48,061 [INFO] Running Test Case: TC_ID-238
2026-07-30 15:25:48,062 [DEBUG] Starting CanStack
2026-07-30 15:25:48,063 [DEBUG] Main thread has started
2026-07-30 15:25:48,064 [DEBUG] Relay thread has started
2026-07-30 15:25:48,065 [INFO] Connection opened
2026-07-30 15:25:48,065 [INFO] Switched to physical mode for TC: TC_ID-238 Step: PreCondition: PC_ID-029  Testcase:Software_Version_for_HKMC_Vehicle_Manufacture_F1_A0_Read(Defaultsession)
2026-07-30 15:25:48,066 [INFO] TC_ID-238 - PreCondition: PC_ID-029  Testcase:Software_Version_for_HKMC_Vehicle_Manufacture_F1_A0_Read(Defaultsession): SID=0x22, Sub=0xF1A0, Expected=[7, 98, 241, 160, 49, 46, 48, 48]
2026-07-30 15:25:48,167 [INFO] TC_ID-238 - PreCondition: PC_ID-029  Testcase:Software_Version_for_HKMC_Vehicle_Manufacture_F1_A0_Read(Defaultsession): Sending request 22F1A0
2026-07-30 15:25:48,168 [INFO] TC_ID-238 - PreCondition: PC_ID-029  Testcase:Software_Version_for_HKMC_Vehicle_Manufacture_F1_A0_Read(Defaultsession): Sending request 22F1A0
2026-07-30 15:25:48,168 [DEBUG] Sending 3 bytes : [22f1a0]
2026-07-30 15:25:48,170 [DEBUG] Enqueuing a SendRequest for 3 bytes and TAT=Physical
2026-07-30 15:25:48,171 [DEBUG] Tx: <7A6> (08) [ ]	 0322f1a000000000
2026-07-30 15:25:48,172 [DEBUG] We've been asked to write a message to the bus
2026-07-30 15:25:48,174 [DEBUG] sending: Timestamp:        0.000000    ID:      7a6    S Rx       BS       DL:  8    03 22 f1 a0 00 00 00 00
2026-07-30 15:25:48,188 [DEBUG] Rx: <7AE> (08) [p]	 0762f1a0312e3030
2026-07-30 15:25:48,236 [INFO] TC_ID-238 - Received: 62F1A0312E3030
2026-07-30 15:25:48,237 [WARNING] TC_ID-238 - PreCondition: PC_ID-029  Testcase:Software_Version_for_HKMC_Vehicle_Manufacture_F1_A0_Read(Defaultsession) -> ❌ FAIL - Expected 0762F1A0312E3030
2026-07-30 15:25:48,238 [DEBUG] Stopping CanStack
2026-07-30 15:25:48,239 [DEBUG] Main thread is exiting
2026-07-30 15:25:48,289 [DEBUG] CanStack Stopped
2026-07-30 15:25:48,290 [INFO] Connection closed
2026-07-30 15:25:48,291 [INFO] Running Test Case: TC_ID-239
2026-07-30 15:25:48,291 [DEBUG] Starting CanStack
2026-07-30 15:25:48,292 [DEBUG] Main thread has started
2026-07-30 15:25:48,293 [DEBUG] Relay thread has started
2026-07-30 15:25:48,294 [INFO] Connection opened
2026-07-30 15:25:48,295 [INFO] Switched to physical mode for TC: TC_ID-239 Step: PreCondition: PC_ID-029  Testcase:ECU_Supplier_Code_F1_A1_Read(Defaultsession)
2026-07-30 15:25:48,295 [INFO] TC_ID-239 - PreCondition: PC_ID-029  Testcase:ECU_Supplier_Code_F1_A1_Read(Defaultsession): SID=0x22, Sub=0xF1A1, Expected=[7, 98, 241, 161, 83, 49, 49, 48]
2026-07-30 15:25:48,384 [INFO] TC_ID-239 - PreCondition: PC_ID-029  Testcase:ECU_Supplier_Code_F1_A1_Read(Defaultsession): Sending request 22F1A1
2026-07-30 15:25:48,384 [INFO] TC_ID-239 - PreCondition: PC_ID-029  Testcase:ECU_Supplier_Code_F1_A1_Read(Defaultsession): Sending request 22F1A1
2026-07-30 15:25:48,385 [DEBUG] Sending 3 bytes : [22f1a1]
2026-07-30 15:25:48,387 [DEBUG] Enqueuing a SendRequest for 3 bytes and TAT=Physical
2026-07-30 15:25:48,388 [DEBUG] Tx: <7A6> (08) [ ]	 0322f1a100000000
2026-07-30 15:25:48,389 [DEBUG] We've been asked to write a message to the bus
2026-07-30 15:25:48,390 [DEBUG] sending: Timestamp:        0.000000    ID:      7a6    S Rx       BS       DL:  8    03 22 f1 a1 00 00 00 00
2026-07-30 15:25:48,400 [DEBUG] Rx: <7AE> (08) [p]	 0762f1a153313130
2026-07-30 15:25:48,446 [INFO] TC_ID-239 - Received: 62F1A153313130
2026-07-30 15:25:48,447 [WARNING] TC_ID-239 - PreCondition: PC_ID-029  Testcase:ECU_Supplier_Code_F1_A1_Read(Defaultsession) -> ❌ FAIL - Expected 0762F1A153313130
2026-07-30 15:25:48,447 [DEBUG] Stopping CanStack
2026-07-30 15:25:48,448 [DEBUG] Main thread is exiting
2026-07-30 15:25:48,450 [DEBUG] CanStack Stopped
2026-07-30 15:25:48,451 [INFO] Connection closed
2026-07-30 15:25:48,451 [INFO] Running Test Case: TC_ID-240
2026-07-30 15:25:48,452 [DEBUG] Starting CanStack
2026-07-30 15:25:48,453 [DEBUG] Main thread has started
2026-07-30 15:25:48,454 [DEBUG] Relay thread has started
2026-07-30 15:25:48,455 [INFO] Connection opened
2026-07-30 15:25:48,455 [INFO] Switched to physical mode for TC: TC_ID-240 Step: PreCondition: PC_ID-029  Testcase:ECU_Software_UNIT_number_F1_B0_Read(Defaultsession)
2026-07-30 15:25:48,456 [INFO] TC_ID-240 - PreCondition: PC_ID-029  Testcase:ECU_Software_UNIT_number_F1_B0_Read(Defaultsession): SID=0x22, Sub=0xF1B0, Expected=[4, 98, 241, 176, 1, 170, 170, 170]
2026-07-30 15:25:48,546 [INFO] TC_ID-240 - PreCondition: PC_ID-029  Testcase:ECU_Software_UNIT_number_F1_B0_Read(Defaultsession): Sending request 22F1B0
2026-07-30 15:25:48,547 [INFO] TC_ID-240 - PreCondition: PC_ID-029  Testcase:ECU_Software_UNIT_number_F1_B0_Read(Defaultsession): Sending request 22F1B0
2026-07-30 15:25:48,548 [DEBUG] Sending 3 bytes : [22f1b0]
2026-07-30 15:25:48,549 [DEBUG] Enqueuing a SendRequest for 3 bytes and TAT=Physical
2026-07-30 15:25:48,551 [DEBUG] Tx: <7A6> (08) [ ]	 0322f1b000000000
2026-07-30 15:25:48,552 [DEBUG] We've been asked to write a message to the bus
2026-07-30 15:25:48,553 [DEBUG] sending: Timestamp:        0.000000    ID:      7a6    S Rx       BS       DL:  8    03 22 f1 b0 00 00 00 00
2026-07-30 15:25:48,567 [DEBUG] Rx: <7AE> (08) [p]	 0462f1b001aaaaaa
2026-07-30 15:25:48,618 [INFO] TC_ID-240 - Received: 62F1B001
2026-07-30 15:25:48,620 [WARNING] TC_ID-240 - PreCondition: PC_ID-029  Testcase:ECU_Software_UNIT_number_F1_B0_Read(Defaultsession) -> ❌ FAIL - Expected 0462F1B001AAAAAA
2026-07-30 15:25:48,620 [DEBUG] Stopping CanStack
2026-07-30 15:25:48,621 [DEBUG] Main thread is exiting
2026-07-30 15:25:48,668 [DEBUG] CanStack Stopped
2026-07-30 15:25:48,669 [INFO] Connection closed
2026-07-30 15:25:48,670 [INFO] Running Test Case: TC_ID-241
2026-07-30 15:25:48,670 [DEBUG] Starting CanStack
2026-07-30 15:25:48,671 [DEBUG] Main thread has started
2026-07-30 15:25:48,672 [DEBUG] Relay thread has started
2026-07-30 15:25:48,673 [INFO] Connection opened
2026-07-30 15:25:48,674 [INFO] Switched to physical mode for TC: TC_ID-241 Step: PreCondition: PC_ID-029  Testcase:ECU_Software_UNIT1_Version_F1_B1_Read(Defaultsession)
2026-07-30 15:25:48,674 [INFO] TC_ID-241 - PreCondition: PC_ID-029  Testcase:ECU_Software_UNIT1_Version_F1_B1_Read(Defaultsession): SID=0x22, Sub=0xF1B1, Expected=[7, 98, 241, 177, 49, 46, 48, 48]
2026-07-30 15:25:48,766 [INFO] TC_ID-241 - PreCondition: PC_ID-029  Testcase:ECU_Software_UNIT1_Version_F1_B1_Read(Defaultsession): Sending request 22F1B1
2026-07-30 15:25:48,767 [INFO] TC_ID-241 - PreCondition: PC_ID-029  Testcase:ECU_Software_UNIT1_Version_F1_B1_Read(Defaultsession): Sending request 22F1B1
2026-07-30 15:25:48,767 [DEBUG] Sending 3 bytes : [22f1b1]
2026-07-30 15:25:48,768 [DEBUG] Enqueuing a SendRequest for 3 bytes and TAT=Physical
2026-07-30 15:25:48,770 [DEBUG] Tx: <7A6> (08) [ ]	 0322f1b100000000
2026-07-30 15:25:48,772 [DEBUG] We've been asked to write a message to the bus
2026-07-30 15:25:48,772 [DEBUG] sending: Timestamp:        0.000000    ID:      7a6    S Rx       BS       DL:  8    03 22 f1 b1 00 00 00 00
2026-07-30 15:25:48,788 [DEBUG] Rx: <7AE> (08) [p]	 0762f1b1312e3030
2026-07-30 15:25:48,837 [INFO] TC_ID-241 - Received: 62F1B1312E3030
2026-07-30 15:25:48,838 [WARNING] TC_ID-241 - PreCondition: PC_ID-029  Testcase:ECU_Software_UNIT1_Version_F1_B1_Read(Defaultsession) -> ❌ FAIL - Expected 0762F1B1312E3030
2026-07-30 15:25:48,839 [DEBUG] Stopping CanStack
2026-07-30 15:25:48,840 [DEBUG] Main thread is exiting
2026-07-30 15:25:48,888 [DEBUG] CanStack Stopped
2026-07-30 15:25:48,889 [INFO] Connection closed
2026-07-30 15:25:48,890 [INFO] Running Test Case: TC_ID-242
2026-07-30 15:25:48,891 [DEBUG] Starting CanStack
2026-07-30 15:25:48,892 [DEBUG] Main thread has started
2026-07-30 15:25:48,892 [DEBUG] Relay thread has started
2026-07-30 15:25:48,894 [INFO] Connection opened
2026-07-30 15:25:48,894 [INFO] Switched to physical mode for TC: TC_ID-242 Step: PreCondition: PC_ID-029  Testcase:S_W_Version_Dataidentifier_F1_DD_Read(Defaultsession)
2026-07-30 15:25:48,895 [INFO] TC_ID-242 - PreCondition: PC_ID-029  Testcase:S_W_Version_Dataidentifier_F1_DD_Read(Defaultsession): SID=0x22, Sub=0xF1DD, Expected=[16, 16, 98, 241, 221, 49, 48, 48, 48, 48, 0, 0, 0, 0, 0, 0, 0, 0, 170, 170, 170, 170]
2026-07-30 15:25:48,988 [INFO] TC_ID-242 - PreCondition: PC_ID-029  Testcase:S_W_Version_Dataidentifier_F1_DD_Read(Defaultsession): Sending request 22F1DD
2026-07-30 15:25:48,988 [INFO] TC_ID-242 - PreCondition: PC_ID-029  Testcase:S_W_Version_Dataidentifier_F1_DD_Read(Defaultsession): Sending request 22F1DD
2026-07-30 15:25:48,989 [DEBUG] Sending 3 bytes : [22f1dd]
2026-07-30 15:25:48,991 [DEBUG] Enqueuing a SendRequest for 3 bytes and TAT=Physical
2026-07-30 15:25:48,992 [DEBUG] Tx: <7A6> (08) [ ]	 0322f1dd00000000
2026-07-30 15:25:48,994 [DEBUG] We've been asked to write a message to the bus
2026-07-30 15:25:48,995 [DEBUG] sending: Timestamp:        0.000000    ID:      7a6    S Rx       BS       DL:  8    03 22 f1 dd 00 00 00 00
2026-07-30 15:25:49,007 [DEBUG] We've been asked to write a message to the bus
2026-07-30 15:25:49,009 [DEBUG] Rx: <7AE> (08) [p]	 101062f1dd313030
2026-07-30 15:25:49,011 [DEBUG] sending: Timestamp:        0.000000    ID:      7a6    S Rx       BS       DL:  8    30 08 0a 00 00 00 00 00
2026-07-30 15:25:49,012 [DEBUG] Tx: <7A6> (08) [ ]	 30080a0000000000
2026-07-30 15:25:49,015 [DEBUG] We've been asked to write a message to the bus
2026-07-30 15:25:49,017 [DEBUG] sending: Timestamp:        0.000000    ID:      7a6    S Rx       BS       DL:  8    30 08 0a 00 00 00 00 00
2026-07-30 15:25:49,019 [DEBUG] TxState=IDLE - RxState=WAIT_CF
2026-07-30 15:25:49,040 [DEBUG] Rx: <7AE> (08) [p]	 2130300000000000
2026-07-30 15:25:49,056 [DEBUG] Rx: <7AE> (08) [p]	 22000000aaaaaaaa
2026-07-30 15:25:49,108 [INFO] TC_ID-242 - Received: 62F1DD31303030300000000000000000
2026-07-30 15:25:49,109 [DEBUG] TxState=IDLE - RxState=IDLE
2026-07-30 15:25:49,110 [WARNING] TC_ID-242 - PreCondition: PC_ID-029  Testcase:S_W_Version_Dataidentifier_F1_DD_Read(Defaultsession) -> ❌ FAIL - Expected 101062F1DD31303030300000000000000000AAAAAAAA
2026-07-30 15:25:49,111 [DEBUG] Stopping CanStack
2026-07-30 15:25:49,112 [DEBUG] Main thread is exiting
2026-07-30 15:25:49,158 [DEBUG] CanStack Stopped
2026-07-30 15:25:49,159 [INFO] Connection closed
2026-07-30 15:25:49,159 [INFO] Running Test Case: TC_ID-243
2026-07-30 15:25:49,160 [DEBUG] Starting CanStack
2026-07-30 15:25:49,161 [DEBUG] Main thread has started
2026-07-30 15:25:49,162 [DEBUG] Relay thread has started
2026-07-30 15:25:49,163 [INFO] Connection opened
2026-07-30 15:25:49,164 [INFO] Switched to physical mode for TC: TC_ID-243 Step: PreCondition: PC_ID-029  Testcase:SystemNameOrEngineTypeDataIdentifier_Read(Defaultsession)
2026-07-30 15:25:49,164 [INFO] TC_ID-243 - PreCondition: PC_ID-029  Testcase:SystemNameOrEngineTypeDataIdentifier_Read(Defaultsession): SID=0x22, Sub=0xF197, Expected=[7, 98, 241, 151, 77, 70, 83, 87]
2026-07-30 15:25:49,261 [INFO] TC_ID-243 - PreCondition: PC_ID-029  Testcase:SystemNameOrEngineTypeDataIdentifier_Read(Defaultsession): Sending request 22F197
2026-07-30 15:25:49,262 [INFO] TC_ID-243 - PreCondition: PC_ID-029  Testcase:SystemNameOrEngineTypeDataIdentifier_Read(Defaultsession): Sending request 22F197
2026-07-30 15:25:49,263 [DEBUG] Sending 3 bytes : [22f197]
2026-07-30 15:25:49,264 [DEBUG] Enqueuing a SendRequest for 3 bytes and TAT=Physical
2026-07-30 15:25:49,266 [DEBUG] Tx: <7A6> (08) [ ]	 0322f19700000000
2026-07-30 15:25:49,267 [DEBUG] We've been asked to write a message to the bus
2026-07-30 15:25:49,268 [DEBUG] sending: Timestamp:        0.000000    ID:      7a6    S Rx       BS       DL:  8    03 22 f1 97 00 00 00 00
2026-07-30 15:25:49,279 [DEBUG] Rx: <7AE> (08) [p]	 0762f1974d465357
2026-07-30 15:25:49,332 [INFO] TC_ID-243 - Received: 62F1974D465357
2026-07-30 15:25:49,333 [WARNING] TC_ID-243 - PreCondition: PC_ID-029  Testcase:SystemNameOrEngineTypeDataIdentifier_Read(Defaultsession) -> ❌ FAIL - Expected 0762F1974D465357
2026-07-30 15:25:49,334 [DEBUG] Stopping CanStack
2026-07-30 15:25:49,334 [DEBUG] Main thread is exiting
2026-07-30 15:25:49,378 [DEBUG] CanStack Stopped
2026-07-30 15:25:49,379 [INFO] Connection closed
2026-07-30 15:25:49,379 [INFO] Running Test Case: PC_ID-030
2026-07-30 15:25:49,380 [DEBUG] Starting CanStack
2026-07-30 15:25:49,381 [DEBUG] Main thread has started
2026-07-30 15:25:49,382 [DEBUG] Relay thread has started
2026-07-30 15:25:49,383 [INFO] Connection opened
2026-07-30 15:25:49,383 [INFO] Switched to physical mode for TC: PC_ID-030 Step: Start Extended session
2026-07-30 15:25:49,384 [INFO] PC_ID-030 - Start Extended session: SID=0x10, Sub=0x03, Expected=[6, 80, 3, 0, 50, 1, 244, 170]
2026-07-30 15:25:49,445 [INFO] PC_ID-030 - Start Extended session: Sending 1003
2026-07-30 15:25:49,500 [INFO] PC_ID-030 - Start Extended session: Sending request 1003
2026-07-30 15:25:49,502 [DEBUG] Sending 2 bytes : [1003]
2026-07-30 15:25:49,503 [DEBUG] Enqueuing a SendRequest for 2 bytes and TAT=Physical
2026-07-30 15:25:49,505 [DEBUG] Tx: <7A6> (08) [ ]	 0210030000000000
2026-07-30 15:25:49,506 [DEBUG] We've been asked to write a message to the bus
2026-07-30 15:25:49,507 [DEBUG] sending: Timestamp:        0.000000    ID:      7a6    S Rx       BS       DL:  8    02 10 03 00 00 00 00 00
2026-07-30 15:25:49,515 [INFO] PC_ID-030 - Received: 5003003201F4
2026-07-30 15:25:49,523 [DEBUG] Rx: <7AE> (08) [p]	 065003003201f4aa
2026-07-30 15:25:49,525 [WARNING] PC_ID-030 - Start Extended session -> FAIL - Unexpected response
2026-07-30 15:25:49,528 [DEBUG] Stopping CanStack
2026-07-30 15:25:49,529 [DEBUG] Main thread is exiting
2026-07-30 15:25:49,571 [DEBUG] CanStack Stopped
2026-07-30 15:25:49,572 [INFO] Connection closed
2026-07-30 15:25:49,573 [INFO] Running Test Case: TC_ID-244
2026-07-30 15:25:49,574 [DEBUG] Starting CanStack
2026-07-30 15:25:49,576 [DEBUG] Main thread has started
2026-07-30 15:25:49,577 [DEBUG] Relay thread has started
2026-07-30 15:25:49,578 [INFO] Connection opened
2026-07-30 15:25:49,579 [INFO] Switched to physical mode for TC: TC_ID-244 Step: PreCondition: PC_ID-030  Testcase:Read DTC with Extended session(19 02)
2026-07-30 15:25:49,579 [INFO] TC_ID-244 - PreCondition: PC_ID-030  Testcase:Read DTC with Extended session(19 02): SID=0x19, Sub=0x02, Expected=[3, 89, 2, 8, 170, 170, 170, 170]
2026-07-30 15:25:49,665 [INFO] TC_ID-244 - PreCondition: PC_ID-030  Testcase:Read DTC with Extended session(19 02): Sending 190208
2026-07-30 15:25:49,666 [INFO] TC_ID-244 - PreCondition: PC_ID-030  Testcase:Read DTC with Extended session(19 02): Sending request 190208
2026-07-30 15:25:49,667 [DEBUG] Sending 3 bytes : [190208]
2026-07-30 15:25:49,668 [DEBUG] Enqueuing a SendRequest for 3 bytes and TAT=Physical
2026-07-30 15:25:49,670 [DEBUG] Tx: <7A6> (08) [ ]	 0319020800000000
2026-07-30 15:25:49,672 [DEBUG] We've been asked to write a message to the bus
2026-07-30 15:25:49,672 [DEBUG] sending: Timestamp:        0.000000    ID:      7a6    S Rx       BS       DL:  8    03 19 02 08 00 00 00 00
2026-07-30 15:25:49,696 [DEBUG] Rx: <7AE> (08) [p]	 03590200aaaaaaaa
2026-07-30 15:25:49,698 [WARNING] -----------------------------------------------TC_ID-244 PreCondition: PC_ID-030  Testcase:Read DTC with Extended session(19 02) -> FAIL - Expected [3, 89, 2, 8, 170, 170, 170, 170], got [89, 2, 0]-----------------------------------------------
2026-07-30 15:25:49,700 [DEBUG] Stopping CanStack
2026-07-30 15:25:49,702 [DEBUG] Main thread is exiting
2026-07-30 15:25:49,747 [DEBUG] CanStack Stopped
2026-07-30 15:25:49,748 [INFO] Connection closed
2026-07-30 15:25:49,748 [INFO] Running Test Case: TC_ID-245
2026-07-30 15:25:49,749 [DEBUG] Starting CanStack
2026-07-30 15:25:49,751 [DEBUG] Main thread has started
2026-07-30 15:25:49,752 [DEBUG] Relay thread has started
2026-07-30 15:25:49,754 [INFO] Connection opened
2026-07-30 15:25:49,755 [INFO] Switched to physical mode for TC: TC_ID-245 Step: PreCondition: PC_ID-030  Testcase:Fault memory clear Extended session(14 FFFFFF)
2026-07-30 15:25:49,756 [INFO] TC_ID-245 - PreCondition: PC_ID-030  Testcase:Fault memory clear Extended session(14 FFFFFF): SID=0x14, Sub=0xFFFFFF, Expected=[1, 84, 170, 170, 170, 170, 170, 170]
2026-07-30 15:25:49,844 [INFO] TC_ID-245 - PreCondition: PC_ID-030  Testcase:Fault memory clear Extended session(14 FFFFFF): Sending 14FFFFFF
2026-07-30 15:25:49,845 [INFO] TC_ID-245 - PreCondition: PC_ID-030  Testcase:Fault memory clear Extended session(14 FFFFFF): Sending request 14FFFFFF
2026-07-30 15:25:49,846 [DEBUG] Sending 4 bytes : [14ffffff]
2026-07-30 15:25:49,847 [DEBUG] Enqueuing a SendRequest for 4 bytes and TAT=Physical
2026-07-30 15:25:49,849 [DEBUG] Tx: <7A6> (08) [ ]	 0414ffffff000000
2026-07-30 15:25:49,850 [DEBUG] We've been asked to write a message to the bus
2026-07-30 15:25:49,851 [DEBUG] sending: Timestamp:        0.000000    ID:      7a6    S Rx       BS       DL:  8    04 14 ff ff ff 00 00 00
2026-07-30 15:25:49,860 [WARNING] -----------------------------------------------TC_ID-245 PreCondition: PC_ID-030  Testcase:Fault memory clear Extended session(14 FFFFFF) -> FAIL - Expected [1, 84, 170, 170, 170, 170, 170, 170], got [84]-----------------------------------------------
2026-07-30 15:25:49,863 [DEBUG] Rx: <7AE> (08) [p]	 0154aaaaaaaaaaaa
2026-07-30 15:25:49,865 [DEBUG] Stopping CanStack
2026-07-30 15:25:49,866 [DEBUG] Main thread is exiting
2026-07-30 15:25:49,910 [DEBUG] CanStack Stopped
2026-07-30 15:25:49,910 [INFO] Connection closed
2026-07-30 15:25:49,911 [INFO] Running Test Case: TC_ID-246
2026-07-30 15:25:49,912 [DEBUG] Starting CanStack
2026-07-30 15:25:49,913 [DEBUG] Main thread has started
2026-07-30 15:25:49,914 [DEBUG] Relay thread has started
2026-07-30 15:25:49,915 [INFO] Connection opened
2026-07-30 15:25:49,915 [INFO] Switched to physical mode for TC: TC_ID-246 Step: PreCondition: PC_ID-030  Testcase:- Input Output Record Local Identifier #1(Extended session)
2026-07-30 15:25:49,916 [INFO] TC_ID-246 - PreCondition: PC_ID-030  Testcase:- Input Output Record Local Identifier #1(Extended session): SID=0x22, Sub=0xB302, Expected=[16, 9, 98, 179, 2, 255, 255, 0, 0, 0, 147, 170, 170, 170, 170]
2026-07-30 15:25:50,008 [INFO] TC_ID-246 - PreCondition: PC_ID-030  Testcase:- Input Output Record Local Identifier #1(Extended session): Sending request 22B302
2026-07-30 15:25:50,009 [INFO] TC_ID-246 - PreCondition: PC_ID-030  Testcase:- Input Output Record Local Identifier #1(Extended session): Sending request 22B302
2026-07-30 15:25:50,010 [DEBUG] Sending 3 bytes : [22b302]
2026-07-30 15:25:50,011 [DEBUG] Enqueuing a SendRequest for 3 bytes and TAT=Physical
2026-07-30 15:25:50,013 [DEBUG] Tx: <7A6> (08) [ ]	 0322b30200000000
2026-07-30 15:25:50,015 [DEBUG] We've been asked to write a message to the bus
2026-07-30 15:25:50,015 [DEBUG] sending: Timestamp:        0.000000    ID:      7a6    S Rx       BS       DL:  8    03 22 b3 02 00 00 00 00
2026-07-30 15:25:50,026 [DEBUG] We've been asked to write a message to the bus
2026-07-30 15:25:50,030 [DEBUG] sending: Timestamp:        0.000000    ID:      7a6    S Rx       BS       DL:  8    30 08 0a 00 00 00 00 00
2026-07-30 15:25:50,031 [DEBUG] Rx: <7AE> (08) [p]	 100962b302ffff00
2026-07-30 15:25:50,033 [DEBUG] Tx: <7A6> (08) [ ]	 30080a0000000000
2026-07-30 15:25:50,036 [DEBUG] We've been asked to write a message to the bus
2026-07-30 15:25:50,037 [DEBUG] sending: Timestamp:        0.000000    ID:      7a6    S Rx       BS       DL:  8    30 08 0a 00 00 00 00 00
2026-07-30 15:25:50,039 [DEBUG] TxState=IDLE - RxState=WAIT_CF
2026-07-30 15:25:50,047 [DEBUG] Rx: <7AE> (08) [p]	 21000093aaaaaaaa
2026-07-30 15:25:50,098 [INFO] TC_ID-246 - Received: 62B302FFFF00000093
2026-07-30 15:25:50,099 [DEBUG] TxState=IDLE - RxState=IDLE
2026-07-30 15:25:50,100 [WARNING] TC_ID-246 - PreCondition: PC_ID-030  Testcase:- Input Output Record Local Identifier #1(Extended session) -> ❌ FAIL - Expected 100962B302FFFF00000093AAAAAAAA
2026-07-30 15:25:50,102 [DEBUG] Stopping CanStack
2026-07-30 15:25:50,103 [DEBUG] Main thread is exiting
2026-07-30 15:25:50,147 [DEBUG] CanStack Stopped
2026-07-30 15:25:50,148 [INFO] Connection closed
2026-07-30 15:25:50,149 [INFO] Running Test Case: TC_ID-247
2026-07-30 15:25:50,149 [DEBUG] Starting CanStack
2026-07-30 15:25:50,151 [DEBUG] Main thread has started
2026-07-30 15:25:50,151 [DEBUG] Relay thread has started
2026-07-30 15:25:50,152 [INFO] Connection opened
2026-07-30 15:25:50,153 [INFO] Switched to physical mode for TC: TC_ID-247 Step: PreCondition: PC_ID-030  Testcase:- Input Output Record Local Identifier #2(Extended session)
2026-07-30 15:25:50,154 [INFO] TC_ID-247 - PreCondition: PC_ID-030  Testcase:- Input Output Record Local Identifier #2(Extended session): SID=0x22, Sub=0xB303, Expected=[16, 11, 98, 179, 3, 255, 255, 255, 1, 8, 0, 0, 1, 170, 170]
2026-07-30 15:25:50,246 [INFO] TC_ID-247 - PreCondition: PC_ID-030  Testcase:- Input Output Record Local Identifier #2(Extended session): Sending request 22B303
2026-07-30 15:25:50,247 [INFO] TC_ID-247 - PreCondition: PC_ID-030  Testcase:- Input Output Record Local Identifier #2(Extended session): Sending request 22B303
2026-07-30 15:25:50,248 [DEBUG] Sending 3 bytes : [22b303]
2026-07-30 15:25:50,249 [DEBUG] Enqueuing a SendRequest for 3 bytes and TAT=Physical
2026-07-30 15:25:50,251 [DEBUG] Tx: <7A6> (08) [ ]	 0322b30300000000
2026-07-30 15:25:50,252 [DEBUG] We've been asked to write a message to the bus
2026-07-30 15:25:50,253 [DEBUG] sending: Timestamp:        0.000000    ID:      7a6    S Rx       BS       DL:  8    03 22 b3 03 00 00 00 00
2026-07-30 15:25:50,267 [DEBUG] We've been asked to write a message to the bus
2026-07-30 15:25:50,268 [DEBUG] Rx: <7AE> (08) [p]	 100b62b303ffffff
2026-07-30 15:25:50,269 [DEBUG] sending: Timestamp:        0.000000    ID:      7a6    S Rx       BS       DL:  8    30 08 0a 00 00 00 00 00
2026-07-30 15:25:50,271 [DEBUG] Tx: <7A6> (08) [ ]	 30080a0000000000
2026-07-30 15:25:50,274 [DEBUG] We've been asked to write a message to the bus
2026-07-30 15:25:50,276 [DEBUG] sending: Timestamp:        0.000000    ID:      7a6    S Rx       BS       DL:  8    30 08 0a 00 00 00 00 00
2026-07-30 15:25:50,277 [DEBUG] TxState=IDLE - RxState=WAIT_CF
2026-07-30 15:25:50,298 [DEBUG] Rx: <7AE> (08) [p]	 210108000001aaaa
2026-07-30 15:25:50,349 [INFO] TC_ID-247 - Received: 62B303FFFFFF0108000001
2026-07-30 15:25:50,350 [WARNING] TC_ID-247 - PreCondition: PC_ID-030  Testcase:- Input Output Record Local Identifier #2(Extended session) -> ❌ FAIL - Expected 100B62B303FFFFFF0108000001AAAA
2026-07-30 15:25:50,350 [DEBUG] TxState=IDLE - RxState=IDLE
2026-07-30 15:25:50,351 [DEBUG] Stopping CanStack
2026-07-30 15:25:50,352 [DEBUG] Main thread is exiting
2026-07-30 15:25:50,399 [DEBUG] CanStack Stopped
2026-07-30 15:25:50,400 [INFO] Connection closed
2026-07-30 15:25:50,400 [INFO] Running Test Case: TC_ID-248
2026-07-30 15:25:50,401 [DEBUG] Starting CanStack
2026-07-30 15:25:50,402 [DEBUG] Main thread has started
2026-07-30 15:25:50,403 [DEBUG] Relay thread has started
2026-07-30 15:25:50,404 [INFO] Connection opened
2026-07-30 15:25:50,405 [INFO] Switched to physical mode for TC: TC_ID-248 Step: PreCondition: PC_ID-030  Testcase:RX_SWIN_F1_EF_Read(Extended session)
2026-07-30 15:25:50,406 [INFO] TC_ID-248 - PreCondition: PC_ID-030  Testcase:RX_SWIN_F1_EF_Read(Extended session): SID=0x22, Sub=0xF1EF, Expected=[16, 43, 98, 241, 239, 7, 166, 11, 82, 49, 48, 32, 77, 81, 52, 47, 49, 47, 48, 12, 82, 49, 53, 53, 32, 77, 81, 52, 47, 49, 47, 48, 12, 82, 49, 53, 54, 32, 77, 81, 52, 47, 49, 47, 48, 170, 170, 170, 170, 170]
2026-07-30 15:25:50,489 [INFO] TC_ID-248 - PreCondition: PC_ID-030  Testcase:RX_SWIN_F1_EF_Read(Extended session): Sending request 22F1EF
2026-07-30 15:25:50,490 [INFO] TC_ID-248 - PreCondition: PC_ID-030  Testcase:RX_SWIN_F1_EF_Read(Extended session): Sending request 22F1EF
2026-07-30 15:25:50,490 [DEBUG] Sending 3 bytes : [22f1ef]
2026-07-30 15:25:50,491 [DEBUG] Enqueuing a SendRequest for 3 bytes and TAT=Physical
2026-07-30 15:25:50,492 [DEBUG] Tx: <7A6> (08) [ ]	 0322f1ef00000000
2026-07-30 15:25:50,493 [DEBUG] We've been asked to write a message to the bus
2026-07-30 15:25:50,494 [DEBUG] sending: Timestamp:        0.000000    ID:      7a6    S Rx       BS       DL:  8    03 22 f1 ef 00 00 00 00
2026-07-30 15:25:50,507 [DEBUG] We've been asked to write a message to the bus
2026-07-30 15:25:50,512 [DEBUG] Rx: <7AE> (08) [p]	 102b62f1ef07a60b
2026-07-30 15:25:50,513 [DEBUG] sending: Timestamp:        0.000000    ID:      7a6    S Rx       BS       DL:  8    30 08 0a 00 00 00 00 00
2026-07-30 15:25:50,514 [DEBUG] Tx: <7A6> (08) [ ]	 30080a0000000000
2026-07-30 15:25:50,516 [DEBUG] We've been asked to write a message to the bus
2026-07-30 15:25:50,519 [DEBUG] sending: Timestamp:        0.000000    ID:      7a6    S Rx       BS       DL:  8    30 08 0a 00 00 00 00 00
2026-07-30 15:25:50,521 [DEBUG] TxState=IDLE - RxState=WAIT_CF
2026-07-30 15:25:50,540 [DEBUG] Rx: <7AE> (08) [p]	 21523130204d5134
2026-07-30 15:25:50,556 [DEBUG] Rx: <7AE> (08) [p]	 222f312f300c5231
2026-07-30 15:25:50,579 [DEBUG] Rx: <7AE> (08) [p]	 233535204d51342f
2026-07-30 15:25:50,596 [DEBUG] Rx: <7AE> (08) [p]	 24312f300c523135
2026-07-30 15:25:50,622 [DEBUG] Rx: <7AE> (08) [p]	 2536204d51342f31
2026-07-30 15:25:50,647 [DEBUG] Rx: <7AE> (08) [p]	 262f30aaaaaaaaaa
2026-07-30 15:25:50,696 [INFO] TC_ID-248 - Received: 62F1EF07A60B523130204D51342F312F300C52313535204D51342F312F300C52313536204D51342F312F30
2026-07-30 15:25:50,700 [WARNING] TC_ID-248 - PreCondition: PC_ID-030  Testcase:RX_SWIN_F1_EF_Read(Extended session) -> ❌ FAIL - Expected 102B62F1EF07A60B523130204D51342F312F300C52313535204D51342F312F300C52313536204D51342F312F30AAAAAAAAAA
2026-07-30 15:25:50,701 [DEBUG] Stopping CanStack
2026-07-30 15:25:50,699 [DEBUG] TxState=IDLE - RxState=IDLE
2026-07-30 15:25:50,771 [DEBUG] Main thread is exiting
2026-07-30 15:25:50,772 [DEBUG] CanStack Stopped
2026-07-30 15:25:50,773 [INFO] Connection closed
2026-07-30 15:25:50,774 [INFO] Running Test Case: TC_ID-249
2026-07-30 15:25:50,775 [DEBUG] Starting CanStack
2026-07-30 15:25:50,777 [DEBUG] Main thread has started
2026-07-30 15:25:50,779 [DEBUG] Relay thread has started
2026-07-30 15:25:50,781 [INFO] Connection opened
2026-07-30 15:25:50,784 [INFO] Switched to physical mode for TC: TC_ID-249 Step: PreCondition: PC_ID-030  Testcase:B_CAN_Database_Version_F1_00_Read(Extendedsession)
2026-07-30 15:25:50,788 [INFO] TC_ID-249 - PreCondition: PC_ID-030  Testcase:B_CAN_Database_Version_F1_00_Read(Extendedsession): SID=0x22, Sub=0xF100, Expected=[6, 98, 241, 0, 49, 46, 48, 170]
2026-07-30 15:25:50,884 [INFO] TC_ID-249 - PreCondition: PC_ID-030  Testcase:B_CAN_Database_Version_F1_00_Read(Extendedsession): Sending request 22F100
2026-07-30 15:25:50,885 [INFO] TC_ID-249 - PreCondition: PC_ID-030  Testcase:B_CAN_Database_Version_F1_00_Read(Extendedsession): Sending request 22F100
2026-07-30 15:25:50,886 [DEBUG] Sending 3 bytes : [22f100]
2026-07-30 15:25:50,887 [DEBUG] Enqueuing a SendRequest for 3 bytes and TAT=Physical
2026-07-30 15:25:50,889 [DEBUG] Tx: <7A6> (08) [ ]	 0322f10000000000
2026-07-30 15:25:50,890 [DEBUG] We've been asked to write a message to the bus
2026-07-30 15:25:50,891 [DEBUG] sending: Timestamp:        0.000000    ID:      7a6    S Rx       BS       DL:  8    03 22 f1 00 00 00 00 00
2026-07-30 15:25:50,901 [DEBUG] Rx: <7AE> (08) [p]	 0662f100312e30aa
2026-07-30 15:25:50,949 [INFO] TC_ID-249 - Received: 62F100312E30
2026-07-30 15:25:50,950 [WARNING] TC_ID-249 - PreCondition: PC_ID-030  Testcase:B_CAN_Database_Version_F1_00_Read(Extendedsession) -> ❌ FAIL - Expected 0662F100312E30AA
2026-07-30 15:25:50,951 [DEBUG] Stopping CanStack
2026-07-30 15:25:50,952 [DEBUG] Main thread is exiting
2026-07-30 15:25:51,002 [DEBUG] CanStack Stopped
2026-07-30 15:25:51,003 [INFO] Connection closed
2026-07-30 15:25:51,003 [INFO] Running Test Case: TC_ID-250
2026-07-30 15:25:51,004 [DEBUG] Starting CanStack
2026-07-30 15:25:51,005 [DEBUG] Main thread has started
2026-07-30 15:25:51,006 [DEBUG] Relay thread has started
2026-07-30 15:25:51,007 [INFO] Connection opened
2026-07-30 15:25:51,007 [INFO] Switched to physical mode for TC: TC_ID-250 Step: PreCondition: PC_ID-030  Testcase:Vehicle_Manufacturer_Spare_Part_Number_F1_87_Read(Extendedsession)
2026-07-30 15:25:51,008 [INFO] TC_ID-250 - PreCondition: PC_ID-030  Testcase:Vehicle_Manufacturer_Spare_Part_Number_F1_87_Read(Extendedsession): SID=0x22, Sub=0xF187, Expected=[16, 13, 98, 241, 135, 57, 51, 52, 68, 56, 71, 66, 53, 49, 48]
2026-07-30 15:25:51,107 [INFO] TC_ID-250 - PreCondition: PC_ID-030  Testcase:Vehicle_Manufacturer_Spare_Part_Number_F1_87_Read(Extendedsession): Sending request 22F187
2026-07-30 15:25:51,108 [INFO] TC_ID-250 - PreCondition: PC_ID-030  Testcase:Vehicle_Manufacturer_Spare_Part_Number_F1_87_Read(Extendedsession): Sending request 22F187
2026-07-30 15:25:51,109 [DEBUG] Sending 3 bytes : [22f187]
2026-07-30 15:25:51,110 [DEBUG] Enqueuing a SendRequest for 3 bytes and TAT=Physical
2026-07-30 15:25:51,112 [DEBUG] Tx: <7A6> (08) [ ]	 0322f18700000000
2026-07-30 15:25:51,113 [DEBUG] We've been asked to write a message to the bus
2026-07-30 15:25:51,114 [DEBUG] sending: Timestamp:        0.000000    ID:      7a6    S Rx       BS       DL:  8    03 22 f1 87 00 00 00 00
2026-07-30 15:25:51,127 [DEBUG] We've been asked to write a message to the bus
2026-07-30 15:25:51,130 [DEBUG] sending: Timestamp:        0.000000    ID:      7a6    S Rx       BS       DL:  8    30 08 0a 00 00 00 00 00
2026-07-30 15:25:51,131 [DEBUG] Rx: <7AE> (08) [p]	 100d62f187393334
2026-07-30 15:25:51,133 [DEBUG] Tx: <7A6> (08) [ ]	 30080a0000000000
2026-07-30 15:25:51,135 [DEBUG] We've been asked to write a message to the bus
2026-07-30 15:25:51,137 [DEBUG] sending: Timestamp:        0.000000    ID:      7a6    S Rx       BS       DL:  8    30 08 0a 00 00 00 00 00
2026-07-30 15:25:51,138 [DEBUG] TxState=IDLE - RxState=WAIT_CF
2026-07-30 15:25:51,147 [DEBUG] Rx: <7AE> (08) [p]	 2144384742353130
2026-07-30 15:25:51,197 [INFO] TC_ID-250 - Received: 62F18739333444384742353130
2026-07-30 15:25:51,198 [WARNING] TC_ID-250 - PreCondition: PC_ID-030  Testcase:Vehicle_Manufacturer_Spare_Part_Number_F1_87_Read(Extendedsession) -> ❌ FAIL - Expected 100D62F18739333444384742353130
2026-07-30 15:25:51,199 [DEBUG] Stopping CanStack
2026-07-30 15:25:51,199 [DEBUG] TxState=IDLE - RxState=IDLE
2026-07-30 15:25:51,201 [DEBUG] Main thread is exiting
2026-07-30 15:25:51,248 [DEBUG] CanStack Stopped
2026-07-30 15:25:51,249 [INFO] Connection closed
2026-07-30 15:25:51,250 [INFO] Running Test Case: TC_ID-251
2026-07-30 15:25:51,251 [DEBUG] Starting CanStack
2026-07-30 15:25:51,252 [DEBUG] Main thread has started
2026-07-30 15:25:51,252 [DEBUG] Relay thread has started
2026-07-30 15:25:51,254 [INFO] Connection opened
2026-07-30 15:25:51,254 [INFO] Switched to physical mode for TC: TC_ID-251 Step: PreCondition: PC_ID-030  Testcase:Manufacturing_F1_8B_Read(Extendedsession)
2026-07-30 15:25:51,255 [INFO] TC_ID-251 - PreCondition: PC_ID-030  Testcase:Manufacturing_F1_8B_Read(Extendedsession): SID=0x22, Sub=0xF18B, Expected=[7, 98, 241, 139, 32, 37, 18, 25]
2026-07-30 15:25:51,343 [INFO] TC_ID-251 - PreCondition: PC_ID-030  Testcase:Manufacturing_F1_8B_Read(Extendedsession): Sending request 22F18B
2026-07-30 15:25:51,344 [INFO] TC_ID-251 - PreCondition: PC_ID-030  Testcase:Manufacturing_F1_8B_Read(Extendedsession): Sending request 22F18B
2026-07-30 15:25:51,344 [DEBUG] Sending 3 bytes : [22f18b]
2026-07-30 15:25:51,346 [DEBUG] Enqueuing a SendRequest for 3 bytes and TAT=Physical
2026-07-30 15:25:51,348 [DEBUG] Tx: <7A6> (08) [ ]	 0322f18b00000000
2026-07-30 15:25:51,349 [DEBUG] We've been asked to write a message to the bus
2026-07-30 15:25:51,350 [DEBUG] sending: Timestamp:        0.000000    ID:      7a6    S Rx       BS       DL:  8    03 22 f1 8b 00 00 00 00
2026-07-30 15:25:51,361 [DEBUG] Rx: <7AE> (08) [p]	 0762f18b20251219
2026-07-30 15:25:51,407 [INFO] TC_ID-251 - Received: 62F18B20251219
2026-07-30 15:25:51,408 [WARNING] TC_ID-251 - PreCondition: PC_ID-030  Testcase:Manufacturing_F1_8B_Read(Extendedsession) -> ❌ FAIL - Expected 0762F18B20251219
2026-07-30 15:25:51,408 [DEBUG] Stopping CanStack
2026-07-30 15:25:51,409 [DEBUG] Main thread is exiting
2026-07-30 15:25:51,410 [DEBUG] CanStack Stopped
2026-07-30 15:25:51,411 [INFO] Connection closed
2026-07-30 15:25:51,412 [INFO] Running Test Case: TC_ID-252
2026-07-30 15:25:51,412 [DEBUG] Starting CanStack
2026-07-30 15:25:51,413 [DEBUG] Main thread has started
2026-07-30 15:25:51,414 [DEBUG] Relay thread has started
2026-07-30 15:25:51,415 [INFO] Connection opened
2026-07-30 15:25:51,416 [INFO] Switched to physical mode for TC: TC_ID-252 Step: PreCondition: PC_ID-030  Testcase:ECU_Serial_Number_F1_8C_Read(Extendedsession)
2026-07-30 15:25:51,416 [INFO] TC_ID-252 - PreCondition: PC_ID-030  Testcase:ECU_Serial_Number_F1_8C_Read(Extendedsession): SID=0x22, Sub=0xF18C, Expected=[16, 11, 98, 241, 140, 48, 48, 48, 48, 48, 48, 48, 49, 170, 170]
2026-07-30 15:25:51,505 [INFO] TC_ID-252 - PreCondition: PC_ID-030  Testcase:ECU_Serial_Number_F1_8C_Read(Extendedsession): Sending request 22F18C
2026-07-30 15:25:51,506 [INFO] TC_ID-252 - PreCondition: PC_ID-030  Testcase:ECU_Serial_Number_F1_8C_Read(Extendedsession): Sending request 22F18C
2026-07-30 15:25:51,506 [DEBUG] Sending 3 bytes : [22f18c]
2026-07-30 15:25:51,507 [DEBUG] Enqueuing a SendRequest for 3 bytes and TAT=Physical
2026-07-30 15:25:51,508 [DEBUG] Tx: <7A6> (08) [ ]	 0322f18c00000000
2026-07-30 15:25:51,509 [DEBUG] We've been asked to write a message to the bus
2026-07-30 15:25:51,510 [DEBUG] sending: Timestamp:        0.000000    ID:      7a6    S Rx       BS       DL:  8    03 22 f1 8c 00 00 00 00
2026-07-30 15:25:51,517 [DEBUG] We've been asked to write a message to the bus
2026-07-30 15:25:51,520 [DEBUG] Rx: <7AE> (08) [p]	 100b62f18c303030
2026-07-30 15:25:51,523 [DEBUG] sending: Timestamp:        0.000000    ID:      7a6    S Rx       BS       DL:  8    30 08 0a 00 00 00 00 00
2026-07-30 15:25:51,527 [DEBUG] Tx: <7A6> (08) [ ]	 30080a0000000000
2026-07-30 15:25:51,529 [DEBUG] We've been asked to write a message to the bus
2026-07-30 15:25:51,531 [DEBUG] sending: Timestamp:        0.000000    ID:      7a6    S Rx       BS       DL:  8    30 08 0a 00 00 00 00 00
2026-07-30 15:25:51,533 [DEBUG] TxState=IDLE - RxState=WAIT_CF
2026-07-30 15:25:51,548 [DEBUG] Rx: <7AE> (08) [p]	 213030303031aaaa
2026-07-30 15:25:51,596 [INFO] TC_ID-252 - Received: 62F18C3030303030303031
2026-07-30 15:25:51,597 [WARNING] TC_ID-252 - PreCondition: PC_ID-030  Testcase:ECU_Serial_Number_F1_8C_Read(Extendedsession) -> ❌ FAIL - Expected 100B62F18C3030303030303031AAAA
2026-07-30 15:25:51,598 [DEBUG] Stopping CanStack
2026-07-30 15:25:51,599 [DEBUG] TxState=IDLE - RxState=IDLE
2026-07-30 15:25:51,601 [DEBUG] Main thread is exiting
2026-07-30 15:25:51,649 [DEBUG] CanStack Stopped
2026-07-30 15:25:51,650 [INFO] Connection closed
2026-07-30 15:25:51,650 [INFO] Running Test Case: TC_ID-253
2026-07-30 15:25:51,651 [DEBUG] Starting CanStack
2026-07-30 15:25:51,652 [DEBUG] Main thread has started
2026-07-30 15:25:51,652 [DEBUG] Relay thread has started
2026-07-30 15:25:51,654 [INFO] Connection opened
2026-07-30 15:25:51,654 [INFO] Switched to physical mode for TC: TC_ID-253 Step: PreCondition: PC_ID-030  Testcase:Vehicle_Manufacturer_ECU_HW_Number_F1_91_Read(Extendedsession)
2026-07-30 15:25:51,655 [INFO] TC_ID-253 - PreCondition: PC_ID-030  Testcase:Vehicle_Manufacturer_ECU_HW_Number_F1_91_Read(Extendedsession): SID=0x22, Sub=0xF191, Expected=[7, 98, 241, 145, 49, 46, 48, 48]
2026-07-30 15:25:51,752 [INFO] TC_ID-253 - PreCondition: PC_ID-030  Testcase:Vehicle_Manufacturer_ECU_HW_Number_F1_91_Read(Extendedsession): Sending request 22F191
2026-07-30 15:25:51,752 [INFO] TC_ID-253 - PreCondition: PC_ID-030  Testcase:Vehicle_Manufacturer_ECU_HW_Number_F1_91_Read(Extendedsession): Sending request 22F191
2026-07-30 15:25:51,753 [DEBUG] Sending 3 bytes : [22f191]
2026-07-30 15:25:51,755 [DEBUG] Enqueuing a SendRequest for 3 bytes and TAT=Physical
2026-07-30 15:25:51,756 [DEBUG] Tx: <7A6> (08) [ ]	 0322f19100000000
2026-07-30 15:25:51,757 [DEBUG] We've been asked to write a message to the bus
2026-07-30 15:25:51,758 [DEBUG] sending: Timestamp:        0.000000    ID:      7a6    S Rx       BS       DL:  8    03 22 f1 91 00 00 00 00
2026-07-30 15:25:51,771 [DEBUG] Rx: <7AE> (08) [p]	 0762f191312e3030
2026-07-30 15:25:51,819 [INFO] TC_ID-253 - Received: 62F191312E3030
2026-07-30 15:25:51,820 [WARNING] TC_ID-253 - PreCondition: PC_ID-030  Testcase:Vehicle_Manufacturer_ECU_HW_Number_F1_91_Read(Extendedsession) -> ❌ FAIL - Expected 0762F191312E3030
2026-07-30 15:25:51,820 [DEBUG] Stopping CanStack
2026-07-30 15:25:51,821 [DEBUG] Main thread is exiting
2026-07-30 15:25:51,871 [DEBUG] CanStack Stopped
2026-07-30 15:25:51,872 [INFO] Connection closed
2026-07-30 15:25:51,873 [INFO] Running Test Case: TC_ID-254
2026-07-30 15:25:51,874 [DEBUG] Starting CanStack
2026-07-30 15:25:51,875 [DEBUG] Main thread has started
2026-07-30 15:25:51,876 [DEBUG] Relay thread has started
2026-07-30 15:25:51,877 [INFO] Connection opened
2026-07-30 15:25:51,877 [INFO] Switched to physical mode for TC: TC_ID-254 Step: PreCondition: PC_ID-030  Testcase:HardwareVersionNumber_F1_93_Read(Extendedsession)
2026-07-30 15:25:51,878 [INFO] TC_ID-254 - PreCondition: PC_ID-030  Testcase:HardwareVersionNumber_F1_93_Read(Extendedsession): SID=0x22, Sub=0xF193, Expected=[7, 98, 241, 147, 49, 46, 48, 48]
2026-07-30 15:25:51,969 [INFO] TC_ID-254 - PreCondition: PC_ID-030  Testcase:HardwareVersionNumber_F1_93_Read(Extendedsession): Sending request 22F193
2026-07-30 15:25:51,970 [INFO] TC_ID-254 - PreCondition: PC_ID-030  Testcase:HardwareVersionNumber_F1_93_Read(Extendedsession): Sending request 22F193
2026-07-30 15:25:51,971 [DEBUG] Sending 3 bytes : [22f193]
2026-07-30 15:25:51,972 [DEBUG] Enqueuing a SendRequest for 3 bytes and TAT=Physical
2026-07-30 15:25:51,974 [DEBUG] Tx: <7A6> (08) [ ]	 0322f19300000000
2026-07-30 15:25:51,975 [DEBUG] We've been asked to write a message to the bus
2026-07-30 15:25:51,976 [DEBUG] sending: Timestamp:        0.000000    ID:      7a6    S Rx       BS       DL:  8    03 22 f1 93 00 00 00 00
2026-07-30 15:25:51,990 [DEBUG] Rx: <7AE> (08) [p]	 0762f193312e3030
2026-07-30 15:25:52,037 [INFO] TC_ID-254 - Received: 62F193312E3030
2026-07-30 15:25:52,038 [WARNING] TC_ID-254 - PreCondition: PC_ID-030  Testcase:HardwareVersionNumber_F1_93_Read(Extendedsession) -> ❌ FAIL - Expected 0762F193312E3030
2026-07-30 15:25:52,038 [DEBUG] Stopping CanStack
2026-07-30 15:25:52,039 [DEBUG] Main thread is exiting
2026-07-30 15:25:52,040 [DEBUG] CanStack Stopped
2026-07-30 15:25:52,041 [INFO] Connection closed
2026-07-30 15:25:52,042 [INFO] Running Test Case: TC_ID-255
2026-07-30 15:25:52,042 [DEBUG] Starting CanStack
2026-07-30 15:25:52,043 [DEBUG] Main thread has started
2026-07-30 15:25:52,044 [DEBUG] Relay thread has started
2026-07-30 15:25:52,045 [INFO] Connection opened
2026-07-30 15:25:52,046 [INFO] Switched to physical mode for TC: TC_ID-255 Step: PreCondition: PC_ID-030  Testcase:ECUSoftwareUnit1IVDDataIdentifier_F1_C1_Read(Extendedsession)
2026-07-30 15:25:52,046 [INFO] TC_ID-255 - PreCondition: PC_ID-030  Testcase:ECUSoftwareUnit1IVDDataIdentifier_F1_C1_Read(Extendedsession): SID=0x22, Sub=0xF1C1, Expected=[3, 98, 241, 193, 170, 170, 170, 170]
2026-07-30 15:25:52,143 [INFO] TC_ID-255 - PreCondition: PC_ID-030  Testcase:ECUSoftwareUnit1IVDDataIdentifier_F1_C1_Read(Extendedsession): Sending request 22F1C1
2026-07-30 15:25:52,144 [INFO] TC_ID-255 - PreCondition: PC_ID-030  Testcase:ECUSoftwareUnit1IVDDataIdentifier_F1_C1_Read(Extendedsession): Sending request 22F1C1
2026-07-30 15:25:52,145 [DEBUG] Sending 3 bytes : [22f1c1]
2026-07-30 15:25:52,146 [DEBUG] Enqueuing a SendRequest for 3 bytes and TAT=Physical
2026-07-30 15:25:52,148 [DEBUG] Tx: <7A6> (08) [ ]	 0322f1c100000000
2026-07-30 15:25:52,149 [DEBUG] We've been asked to write a message to the bus
2026-07-30 15:25:52,150 [DEBUG] sending: Timestamp:        0.000000    ID:      7a6    S Rx       BS       DL:  8    03 22 f1 c1 00 00 00 00
2026-07-30 15:25:52,161 [DEBUG] Rx: <7AE> (08) [p]	 037f2222aaaaaaaa
2026-07-30 15:25:52,209 [INFO] TC_ID-255 - Received: 7F2222
2026-07-30 15:25:52,210 [WARNING] TC_ID-255 - PreCondition: PC_ID-030  Testcase:ECUSoftwareUnit1IVDDataIdentifier_F1_C1_Read(Extendedsession) -> ❌ FAIL - Expected 0362F1C1AAAAAAAA
2026-07-30 15:25:52,210 [DEBUG] Stopping CanStack
2026-07-30 15:25:52,211 [DEBUG] Main thread is exiting
2026-07-30 15:25:52,261 [DEBUG] CanStack Stopped
2026-07-30 15:25:52,262 [INFO] Connection closed
2026-07-30 15:25:52,262 [INFO] Running Test Case: TC_ID-256
2026-07-30 15:25:52,263 [DEBUG] Starting CanStack
2026-07-30 15:25:52,264 [DEBUG] Main thread has started
2026-07-30 15:25:52,265 [DEBUG] Relay thread has started
2026-07-30 15:25:52,266 [INFO] Connection opened
2026-07-30 15:25:52,267 [INFO] Switched to physical mode for TC: TC_ID-256 Step: PreCondition: PC_ID-030  Testcase:ECUSoftwareUnit2 IVDDataIdentifier_F1_C2_Read(Defaultsession)
2026-07-30 15:25:52,267 [INFO] TC_ID-256 - PreCondition: PC_ID-030  Testcase:ECUSoftwareUnit2 IVDDataIdentifier_F1_C2_Read(Defaultsession): SID=0x22, Sub=0xF1C2, Expected=[3, 98, 241, 194, 170, 170, 170, 170]
2026-07-30 15:25:52,364 [INFO] TC_ID-256 - PreCondition: PC_ID-030  Testcase:ECUSoftwareUnit2 IVDDataIdentifier_F1_C2_Read(Defaultsession): Sending request 22F1C2
2026-07-30 15:25:52,365 [INFO] TC_ID-256 - PreCondition: PC_ID-030  Testcase:ECUSoftwareUnit2 IVDDataIdentifier_F1_C2_Read(Defaultsession): Sending request 22F1C2
2026-07-30 15:25:52,365 [DEBUG] Sending 3 bytes : [22f1c2]
2026-07-30 15:25:52,367 [DEBUG] Enqueuing a SendRequest for 3 bytes and TAT=Physical
2026-07-30 15:25:52,368 [DEBUG] Tx: <7A6> (08) [ ]	 0322f1c200000000
2026-07-30 15:25:52,370 [DEBUG] We've been asked to write a message to the bus
2026-07-30 15:25:52,371 [DEBUG] sending: Timestamp:        0.000000    ID:      7a6    S Rx       BS       DL:  8    03 22 f1 c2 00 00 00 00
2026-07-30 15:25:52,381 [DEBUG] Rx: <7AE> (08) [p]	 037f2212aaaaaaaa
2026-07-30 15:25:52,429 [INFO] TC_ID-256 - Received: 7F2212
2026-07-30 15:25:52,430 [WARNING] TC_ID-256 - PreCondition: PC_ID-030  Testcase:ECUSoftwareUnit2 IVDDataIdentifier_F1_C2_Read(Defaultsession) -> ❌ FAIL - Expected 0362F1C2AAAAAAAA
2026-07-30 15:25:52,431 [DEBUG] Stopping CanStack
2026-07-30 15:25:52,432 [DEBUG] Main thread is exiting
2026-07-30 15:25:52,482 [DEBUG] CanStack Stopped
2026-07-30 15:25:52,482 [INFO] Connection closed
2026-07-30 15:25:52,483 [INFO] Running Test Case: TC_ID-257
2026-07-30 15:25:52,484 [DEBUG] Starting CanStack
2026-07-30 15:25:52,485 [DEBUG] Main thread has started
2026-07-30 15:25:52,486 [DEBUG] Relay thread has started
2026-07-30 15:25:52,487 [INFO] Connection opened
2026-07-30 15:25:52,487 [INFO] Switched to physical mode for TC: TC_ID-257 Step: PreCondition: PC_ID-030  Testcase:SystemSupplierECUSoftwareVersionNumbe_DataIdentifier_F1_95_Read(Extendedsession)
2026-07-30 15:25:52,488 [INFO] TC_ID-257 - PreCondition: PC_ID-030  Testcase:SystemSupplierECUSoftwareVersionNumbe_DataIdentifier_F1_95_Read(Extendedsession): SID=0x22, Sub=0xF195, Expected=[7, 98, 241, 149, 49, 46, 48, 48]
2026-07-30 15:25:52,595 [INFO] TC_ID-257 - PreCondition: PC_ID-030  Testcase:SystemSupplierECUSoftwareVersionNumbe_DataIdentifier_F1_95_Read(Extendedsession): Sending request 22F195
2026-07-30 15:25:52,596 [INFO] TC_ID-257 - PreCondition: PC_ID-030  Testcase:SystemSupplierECUSoftwareVersionNumbe_DataIdentifier_F1_95_Read(Extendedsession): Sending request 22F195
2026-07-30 15:25:52,597 [DEBUG] Sending 3 bytes : [22f195]
2026-07-30 15:25:52,598 [DEBUG] Enqueuing a SendRequest for 3 bytes and TAT=Physical
2026-07-30 15:25:52,600 [DEBUG] Tx: <7A6> (08) [ ]	 0322f19500000000
2026-07-30 15:25:52,601 [DEBUG] We've been asked to write a message to the bus
2026-07-30 15:25:52,602 [DEBUG] sending: Timestamp:        0.000000    ID:      7a6    S Rx       BS       DL:  8    03 22 f1 95 00 00 00 00
2026-07-30 15:25:52,622 [DEBUG] Rx: <7AE> (08) [p]	 0762f195312e3030
2026-07-30 15:25:52,671 [INFO] TC_ID-257 - Received: 62F195312E3030
2026-07-30 15:25:52,672 [WARNING] TC_ID-257 - PreCondition: PC_ID-030  Testcase:SystemSupplierECUSoftwareVersionNumbe_DataIdentifier_F1_95_Read(Extendedsession) -> ❌ FAIL - Expected 0762F195312E3030
2026-07-30 15:25:52,673 [DEBUG] Stopping CanStack
2026-07-30 15:25:52,674 [DEBUG] Main thread is exiting
2026-07-30 15:25:52,723 [DEBUG] CanStack Stopped
2026-07-30 15:25:52,723 [INFO] Connection closed
2026-07-30 15:25:52,724 [INFO] Running Test Case: TC_ID-258
2026-07-30 15:25:52,725 [DEBUG] Starting CanStack
2026-07-30 15:25:52,726 [DEBUG] Main thread has started
2026-07-30 15:25:52,727 [DEBUG] Relay thread has started
2026-07-30 15:25:52,728 [INFO] Connection opened
2026-07-30 15:25:52,729 [INFO] Switched to physical mode for TC: TC_ID-258 Step: PreCondition: PC_ID-030  Testcase:Software_Version_for_HKMC_Vehicle_Manufacture_F1_A0_Read(Extendedsession)
2026-07-30 15:25:52,730 [INFO] TC_ID-258 - PreCondition: PC_ID-030  Testcase:Software_Version_for_HKMC_Vehicle_Manufacture_F1_A0_Read(Extendedsession): SID=0x22, Sub=0xF1A0, Expected=[7, 98, 241, 160, 49, 46, 48, 48]
2026-07-30 15:25:52,836 [INFO] TC_ID-258 - PreCondition: PC_ID-030  Testcase:Software_Version_for_HKMC_Vehicle_Manufacture_F1_A0_Read(Extendedsession): Sending request 22F1A0
2026-07-30 15:25:52,837 [INFO] TC_ID-258 - PreCondition: PC_ID-030  Testcase:Software_Version_for_HKMC_Vehicle_Manufacture_F1_A0_Read(Extendedsession): Sending request 22F1A0
2026-07-30 15:25:52,838 [DEBUG] Sending 3 bytes : [22f1a0]
2026-07-30 15:25:52,839 [DEBUG] Enqueuing a SendRequest for 3 bytes and TAT=Physical
2026-07-30 15:25:52,841 [DEBUG] Tx: <7A6> (08) [ ]	 0322f1a000000000
2026-07-30 15:25:52,843 [DEBUG] We've been asked to write a message to the bus
2026-07-30 15:25:52,843 [DEBUG] sending: Timestamp:        0.000000    ID:      7a6    S Rx       BS       DL:  8    03 22 f1 a0 00 00 00 00
2026-07-30 15:25:52,858 [DEBUG] Rx: <7AE> (08) [p]	 0762f1a0312e3030
2026-07-30 15:25:52,907 [INFO] TC_ID-258 - Received: 62F1A0312E3030
2026-07-30 15:25:52,908 [WARNING] TC_ID-258 - PreCondition: PC_ID-030  Testcase:Software_Version_for_HKMC_Vehicle_Manufacture_F1_A0_Read(Extendedsession) -> ❌ FAIL - Expected 0762F1A0312E3030
2026-07-30 15:25:52,909 [DEBUG] Stopping CanStack
2026-07-30 15:25:52,910 [DEBUG] Main thread is exiting
2026-07-30 15:25:52,959 [DEBUG] CanStack Stopped
2026-07-30 15:25:52,960 [INFO] Connection closed
2026-07-30 15:25:52,961 [INFO] Running Test Case: TC_ID-259
2026-07-30 15:25:52,961 [DEBUG] Starting CanStack
2026-07-30 15:25:52,962 [DEBUG] Main thread has started
2026-07-30 15:25:52,963 [DEBUG] Relay thread has started
2026-07-30 15:25:52,964 [INFO] Connection opened
2026-07-30 15:25:52,965 [INFO] Switched to physical mode for TC: TC_ID-259 Step: PreCondition: PC_ID-030  Testcase:ECU_Supplier_Code_F1_A1_Read(Extendedsession)
2026-07-30 15:25:52,965 [INFO] TC_ID-259 - PreCondition: PC_ID-030  Testcase:ECU_Supplier_Code_F1_A1_Read(Extendedsession): SID=0x22, Sub=0xF1A1, Expected=[7, 98, 241, 161, 83, 49, 49, 48]
2026-07-30 15:25:53,054 [INFO] TC_ID-259 - PreCondition: PC_ID-030  Testcase:ECU_Supplier_Code_F1_A1_Read(Extendedsession): Sending request 22F1A1
2026-07-30 15:25:53,055 [INFO] TC_ID-259 - PreCondition: PC_ID-030  Testcase:ECU_Supplier_Code_F1_A1_Read(Extendedsession): Sending request 22F1A1
2026-07-30 15:25:53,056 [DEBUG] Sending 3 bytes : [22f1a1]
2026-07-30 15:25:53,056 [DEBUG] Enqueuing a SendRequest for 3 bytes and TAT=Physical
2026-07-30 15:25:53,058 [DEBUG] Tx: <7A6> (08) [ ]	 0322f1a100000000
2026-07-30 15:25:53,060 [DEBUG] We've been asked to write a message to the bus
2026-07-30 15:25:53,060 [DEBUG] sending: Timestamp:        0.000000    ID:      7a6    S Rx       BS       DL:  8    03 22 f1 a1 00 00 00 00
2026-07-30 15:25:53,071 [DEBUG] Rx: <7AE> (08) [p]	 0762f1a153313130
2026-07-30 15:25:53,119 [INFO] TC_ID-259 - Received: 62F1A153313130
2026-07-30 15:25:53,120 [WARNING] TC_ID-259 - PreCondition: PC_ID-030  Testcase:ECU_Supplier_Code_F1_A1_Read(Extendedsession) -> ❌ FAIL - Expected 0762F1A153313130
2026-07-30 15:25:53,120 [DEBUG] Stopping CanStack
2026-07-30 15:25:53,121 [DEBUG] Main thread is exiting
2026-07-30 15:25:53,123 [DEBUG] CanStack Stopped
2026-07-30 15:25:53,123 [INFO] Connection closed
2026-07-30 15:25:53,124 [INFO] Running Test Case: TC_ID-260
2026-07-30 15:25:53,124 [DEBUG] Starting CanStack
2026-07-30 15:25:53,125 [DEBUG] Main thread has started
2026-07-30 15:25:53,126 [DEBUG] Relay thread has started
2026-07-30 15:25:53,127 [INFO] Connection opened
2026-07-30 15:25:53,128 [INFO] Switched to physical mode for TC: TC_ID-260 Step: PreCondition: PC_ID-030  Testcase:ECU_Software_UNIT_number_F1_B0_Read(Extendedsession)
2026-07-30 15:25:53,128 [INFO] TC_ID-260 - PreCondition: PC_ID-030  Testcase:ECU_Software_UNIT_number_F1_B0_Read(Extendedsession): SID=0x22, Sub=0xF1B0, Expected=[4, 98, 241, 176, 1, 170, 170, 170]
2026-07-30 15:25:53,219 [INFO] TC_ID-260 - PreCondition: PC_ID-030  Testcase:ECU_Software_UNIT_number_F1_B0_Read(Extendedsession): Sending request 22F1B0
2026-07-30 15:25:53,220 [INFO] TC_ID-260 - PreCondition: PC_ID-030  Testcase:ECU_Software_UNIT_number_F1_B0_Read(Extendedsession): Sending request 22F1B0
2026-07-30 15:25:53,221 [DEBUG] Sending 3 bytes : [22f1b0]
2026-07-30 15:25:53,222 [DEBUG] Enqueuing a SendRequest for 3 bytes and TAT=Physical
2026-07-30 15:25:53,224 [DEBUG] Tx: <7A6> (08) [ ]	 0322f1b000000000
2026-07-30 15:25:53,225 [DEBUG] We've been asked to write a message to the bus
2026-07-30 15:25:53,226 [DEBUG] sending: Timestamp:        0.000000    ID:      7a6    S Rx       BS       DL:  8    03 22 f1 b0 00 00 00 00
2026-07-30 15:25:53,240 [DEBUG] Rx: <7AE> (08) [p]	 0462f1b001aaaaaa
2026-07-30 15:25:53,289 [INFO] TC_ID-260 - Received: 62F1B001
2026-07-30 15:25:53,290 [WARNING] TC_ID-260 - PreCondition: PC_ID-030  Testcase:ECU_Software_UNIT_number_F1_B0_Read(Extendedsession) -> ❌ FAIL - Expected 0462F1B001AAAAAA
2026-07-30 15:25:53,291 [DEBUG] Stopping CanStack
2026-07-30 15:25:53,292 [DEBUG] Main thread is exiting
2026-07-30 15:25:53,341 [DEBUG] CanStack Stopped
2026-07-30 15:25:53,342 [INFO] Connection closed
2026-07-30 15:25:53,343 [INFO] Running Test Case: TC_ID-261
2026-07-30 15:25:53,343 [DEBUG] Starting CanStack
2026-07-30 15:25:53,344 [DEBUG] Main thread has started
2026-07-30 15:25:53,345 [DEBUG] Relay thread has started
2026-07-30 15:25:53,346 [INFO] Connection opened
2026-07-30 15:25:53,347 [INFO] Switched to physical mode for TC: TC_ID-261 Step: PreCondition: PC_ID-030  Testcase:ECU_Software_UNIT1_Version_F1_B1_Read(Extendedsession)
2026-07-30 15:25:53,348 [INFO] TC_ID-261 - PreCondition: PC_ID-030  Testcase:ECU_Software_UNIT1_Version_F1_B1_Read(Extendedsession): SID=0x22, Sub=0xF1B1, Expected=[7, 98, 241, 177, 49, 46, 48, 48]
2026-07-30 15:25:53,439 [INFO] TC_ID-261 - PreCondition: PC_ID-030  Testcase:ECU_Software_UNIT1_Version_F1_B1_Read(Extendedsession): Sending request 22F1B1
2026-07-30 15:25:53,440 [INFO] TC_ID-261 - PreCondition: PC_ID-030  Testcase:ECU_Software_UNIT1_Version_F1_B1_Read(Extendedsession): Sending request 22F1B1
2026-07-30 15:25:53,441 [DEBUG] Sending 3 bytes : [22f1b1]
2026-07-30 15:25:53,442 [DEBUG] Enqueuing a SendRequest for 3 bytes and TAT=Physical
2026-07-30 15:25:53,444 [DEBUG] Tx: <7A6> (08) [ ]	 0322f1b100000000
2026-07-30 15:25:53,445 [DEBUG] We've been asked to write a message to the bus
2026-07-30 15:25:53,446 [DEBUG] sending: Timestamp:        0.000000    ID:      7a6    S Rx       BS       DL:  8    03 22 f1 b1 00 00 00 00
2026-07-30 15:25:53,460 [DEBUG] Rx: <7AE> (08) [p]	 0762f1b1312e3030
2026-07-30 15:25:53,509 [INFO] TC_ID-261 - Received: 62F1B1312E3030
2026-07-30 15:25:53,510 [WARNING] TC_ID-261 - PreCondition: PC_ID-030  Testcase:ECU_Software_UNIT1_Version_F1_B1_Read(Extendedsession) -> ❌ FAIL - Expected 0762F1B1312E3030
2026-07-30 15:25:53,511 [DEBUG] Stopping CanStack
2026-07-30 15:25:53,511 [DEBUG] Main thread is exiting
2026-07-30 15:25:53,561 [DEBUG] CanStack Stopped
2026-07-30 15:25:53,562 [INFO] Connection closed
2026-07-30 15:25:53,563 [INFO] Running Test Case: TC_ID-262
2026-07-30 15:25:53,563 [DEBUG] Starting CanStack
2026-07-30 15:25:53,564 [DEBUG] Main thread has started
2026-07-30 15:25:53,565 [DEBUG] Relay thread has started
2026-07-30 15:25:53,566 [INFO] Connection opened
2026-07-30 15:25:53,567 [INFO] Switched to physical mode for TC: TC_ID-262 Step: PreCondition: PC_ID-030  Testcase:S_W_Version_Dataidentifier_F1_DD_Read(Extendedsession)
2026-07-30 15:25:53,567 [INFO] TC_ID-262 - PreCondition: PC_ID-030  Testcase:S_W_Version_Dataidentifier_F1_DD_Read(Extendedsession): SID=0x22, Sub=0xF1DD, Expected=[16, 16, 98, 241, 221, 49, 48, 48, 48, 48, 0, 0, 0, 0, 0, 0, 0, 0, 170, 170, 170, 170]
2026-07-30 15:25:53,661 [INFO] TC_ID-262 - PreCondition: PC_ID-030  Testcase:S_W_Version_Dataidentifier_F1_DD_Read(Extendedsession): Sending request 22F1DD
2026-07-30 15:25:53,662 [INFO] TC_ID-262 - PreCondition: PC_ID-030  Testcase:S_W_Version_Dataidentifier_F1_DD_Read(Extendedsession): Sending request 22F1DD
2026-07-30 15:25:53,663 [DEBUG] Sending 3 bytes : [22f1dd]
2026-07-30 15:25:53,663 [DEBUG] Enqueuing a SendRequest for 3 bytes and TAT=Physical
2026-07-30 15:25:53,665 [DEBUG] Tx: <7A6> (08) [ ]	 0322f1dd00000000
2026-07-30 15:25:53,666 [DEBUG] We've been asked to write a message to the bus
2026-07-30 15:25:53,667 [DEBUG] sending: Timestamp:        0.000000    ID:      7a6    S Rx       BS       DL:  8    03 22 f1 dd 00 00 00 00
2026-07-30 15:25:53,681 [DEBUG] We've been asked to write a message to the bus
2026-07-30 15:25:53,683 [DEBUG] Rx: <7AE> (08) [p]	 101062f1dd313030
2026-07-30 15:25:53,684 [DEBUG] sending: Timestamp:        0.000000    ID:      7a6    S Rx       BS       DL:  8    30 08 0a 00 00 00 00 00
2026-07-30 15:25:53,686 [DEBUG] Tx: <7A6> (08) [ ]	 30080a0000000000
2026-07-30 15:25:53,687 [DEBUG] We've been asked to write a message to the bus
2026-07-30 15:25:53,688 [DEBUG] sending: Timestamp:        0.000000    ID:      7a6    S Rx       BS       DL:  8    30 08 0a 00 00 00 00 00
2026-07-30 15:25:53,692 [DEBUG] TxState=IDLE - RxState=WAIT_CF
2026-07-30 15:25:53,712 [DEBUG] Rx: <7AE> (08) [p]	 2130300000000000
2026-07-30 15:25:53,727 [DEBUG] Rx: <7AE> (08) [p]	 22000000aaaaaaaa
2026-07-30 15:25:53,779 [INFO] TC_ID-262 - Received: 62F1DD31303030300000000000000000
2026-07-30 15:25:53,782 [DEBUG] TxState=IDLE - RxState=IDLE
2026-07-30 15:25:53,784 [WARNING] TC_ID-262 - PreCondition: PC_ID-030  Testcase:S_W_Version_Dataidentifier_F1_DD_Read(Extendedsession) -> ❌ FAIL - Expected 101062F1DD31303030300000000000000000AAAAAAAA
2026-07-30 15:25:53,786 [DEBUG] Stopping CanStack
2026-07-30 15:25:53,787 [DEBUG] Main thread is exiting
2026-07-30 15:25:53,828 [DEBUG] CanStack Stopped
2026-07-30 15:25:53,829 [INFO] Connection closed
2026-07-30 15:25:53,830 [INFO] Running Test Case: TC_ID-263
2026-07-30 15:25:53,831 [DEBUG] Starting CanStack
2026-07-30 15:25:53,833 [DEBUG] Main thread has started
2026-07-30 15:25:53,834 [DEBUG] Relay thread has started
2026-07-30 15:25:53,836 [INFO] Connection opened
2026-07-30 15:25:53,837 [INFO] Switched to physical mode for TC: TC_ID-263 Step: PreCondition: PC_ID-030  Testcase:SystemNameOrEngineTypeDataIdentifier_Read(Extendedsession)
2026-07-30 15:25:53,838 [INFO] TC_ID-263 - PreCondition: PC_ID-030  Testcase:SystemNameOrEngineTypeDataIdentifier_Read(Extendedsession): SID=0x22, Sub=0xF197, Expected=[7, 98, 241, 151, 77, 70, 83, 87]
2026-07-30 15:25:53,943 [INFO] TC_ID-263 - PreCondition: PC_ID-030  Testcase:SystemNameOrEngineTypeDataIdentifier_Read(Extendedsession): Sending request 22F197
2026-07-30 15:25:53,944 [INFO] TC_ID-263 - PreCondition: PC_ID-030  Testcase:SystemNameOrEngineTypeDataIdentifier_Read(Extendedsession): Sending request 22F197
2026-07-30 15:25:53,944 [DEBUG] Sending 3 bytes : [22f197]
2026-07-30 15:25:53,945 [DEBUG] Enqueuing a SendRequest for 3 bytes and TAT=Physical
2026-07-30 15:25:53,947 [DEBUG] Tx: <7A6> (08) [ ]	 0322f19700000000
2026-07-30 15:25:53,948 [DEBUG] We've been asked to write a message to the bus
2026-07-30 15:25:53,950 [DEBUG] sending: Timestamp:        0.000000    ID:      7a6    S Rx       BS       DL:  8    03 22 f1 97 00 00 00 00
2026-07-30 15:25:53,961 [DEBUG] Rx: <7AE> (08) [p]	 0762f1974d465357
2026-07-30 15:25:54,007 [INFO] TC_ID-263 - Received: 62F1974D465357
2026-07-30 15:25:54,008 [WARNING] TC_ID-263 - PreCondition: PC_ID-030  Testcase:SystemNameOrEngineTypeDataIdentifier_Read(Extendedsession) -> ❌ FAIL - Expected 0762F1974D465357
2026-07-30 15:25:54,009 [DEBUG] Stopping CanStack
2026-07-30 15:25:54,010 [DEBUG] Main thread is exiting
2026-07-30 15:25:54,060 [DEBUG] CanStack Stopped
2026-07-30 15:25:54,061 [INFO] Connection closed
2026-07-30 15:25:54,061 [INFO] Running Test Case: TC_ID-264
2026-07-30 15:25:54,062 [DEBUG] Starting CanStack
2026-07-30 15:25:54,063 [DEBUG] Main thread has started
2026-07-30 15:25:54,064 [DEBUG] Relay thread has started
2026-07-30 15:25:54,065 [INFO] Connection opened
2026-07-30 15:25:54,066 [INFO] Switched to physical mode for TC: TC_ID-264 Step: sub function not correct(invalid identifier))(22 F1 FF)
2026-07-30 15:25:54,066 [INFO] TC_ID-264 - sub function not correct(invalid identifier))(22 F1 FF): SID=0x22, Sub=0xF1FF, Expected=[3, 127, 34, 18, 170, 170, 170, 170]
2026-07-30 15:25:54,141 [INFO] TC_ID-264 - sub function not correct(invalid identifier))(22 F1 FF): Sending request 22F1FF
2026-07-30 15:25:54,142 [INFO] TC_ID-264 - sub function not correct(invalid identifier))(22 F1 FF): Sending request 22F1FF
2026-07-30 15:25:54,142 [DEBUG] Sending 3 bytes : [22f1ff]
2026-07-30 15:25:54,144 [DEBUG] Enqueuing a SendRequest for 3 bytes and TAT=Physical
2026-07-30 15:25:54,145 [DEBUG] Tx: <7A6> (08) [ ]	 0322f1ff00000000
2026-07-30 15:25:54,147 [DEBUG] We've been asked to write a message to the bus
2026-07-30 15:25:54,148 [DEBUG] sending: Timestamp:        0.000000    ID:      7a6    S Rx       BS       DL:  8    03 22 f1 ff 00 00 00 00
2026-07-30 15:25:54,161 [DEBUG] Rx: <7AE> (08) [p]	 037f2212aaaaaaaa
2026-07-30 15:25:54,207 [INFO] TC_ID-264 - Received: 7F2212
2026-07-30 15:25:54,208 [WARNING] TC_ID-264 - sub function not correct(invalid identifier))(22 F1 FF) -> ❌ FAIL - Expected 037F2212AAAAAAAA
2026-07-30 15:25:54,209 [DEBUG] Stopping CanStack
2026-07-30 15:25:54,210 [DEBUG] Main thread is exiting
2026-07-30 15:25:54,211 [DEBUG] CanStack Stopped
2026-07-30 15:25:54,212 [INFO] Connection closed
2026-07-30 15:25:54,212 [INFO] Running Test Case: TC_ID-268
2026-07-30 15:25:54,213 [DEBUG] Starting CanStack
2026-07-30 15:25:54,214 [DEBUG] Main thread has started
2026-07-30 15:25:54,215 [DEBUG] Relay thread has started
2026-07-30 15:25:54,216 [INFO] Connection opened
2026-07-30 15:25:54,217 [INFO] Switched to physical mode for TC: TC_ID-268 Step: PreCondition: PC_ID-030  Testcase:Incorrect message length(22)
2026-07-30 15:25:54,217 [INFO] TC_ID-268 - PreCondition: PC_ID-030  Testcase:Incorrect message length(22): SID=0x22, Sub=, Expected=[3, 127, 34, 19, 170, 170, 170, 170]
2026-07-30 15:25:54,298 [WARNING] TC_ID-268 - Subfunction empty: Sending only service byte
2026-07-30 15:25:54,299 [INFO] TC_ID-268 - PreCondition: PC_ID-030  Testcase:Incorrect message length(22): Sending request 22
2026-07-30 15:25:54,300 [INFO] TC_ID-268 - PreCondition: PC_ID-030  Testcase:Incorrect message length(22): Sending request 22
2026-07-30 15:25:54,300 [DEBUG] Sending 1 bytes : [22]
2026-07-30 15:25:54,302 [DEBUG] Enqueuing a SendRequest for 1 bytes and TAT=Physical
2026-07-30 15:25:54,304 [DEBUG] Tx: <7A6> (08) [ ]	 0122000000000000
2026-07-30 15:25:54,305 [DEBUG] We've been asked to write a message to the bus
2026-07-30 15:25:54,306 [DEBUG] sending: Timestamp:        0.000000    ID:      7a6    S Rx       BS       DL:  8    01 22 00 00 00 00 00 00
2026-07-30 15:25:54,320 [DEBUG] Rx: <7AE> (08) [p]	 037f2213aaaaaaaa
2026-07-30 15:25:54,367 [INFO] TC_ID-268 - Received: 7F2213
2026-07-30 15:25:54,368 [WARNING] TC_ID-268 - PreCondition: PC_ID-030  Testcase:Incorrect message length(22) -> ❌ FAIL - Expected 037F2213AAAAAAAA
2026-07-30 15:25:54,368 [DEBUG] Stopping CanStack
2026-07-30 15:25:54,369 [DEBUG] Main thread is exiting
2026-07-30 15:25:54,370 [DEBUG] CanStack Stopped
2026-07-30 15:25:54,371 [INFO] Connection closed
2026-07-30 15:25:54,372 [INFO] Running Test Case: TC_ID-269
2026-07-30 15:25:54,372 [DEBUG] Starting CanStack
2026-07-30 15:25:54,373 [DEBUG] Main thread has started
2026-07-30 15:25:54,374 [DEBUG] Relay thread has started
2026-07-30 15:25:54,375 [INFO] Connection opened
2026-07-30 15:25:54,376 [INFO] Switched to physical mode for TC: TC_ID-269 Step: PreCondition: PC_ID-030  Testcase:Request out of range(22D100)
2026-07-30 15:25:54,376 [INFO] TC_ID-269 - PreCondition: PC_ID-030  Testcase:Request out of range(22D100): SID=0x22, Sub=0xD100, Expected=[3, 127, 34, 49, 170, 170, 170, 170]
2026-07-30 15:25:54,461 [INFO] TC_ID-269 - PreCondition: PC_ID-030  Testcase:Request out of range(22D100): Sending request 22D100
2026-07-30 15:25:54,462 [INFO] TC_ID-269 - PreCondition: PC_ID-030  Testcase:Request out of range(22D100): Sending request 22D100
2026-07-30 15:25:54,463 [DEBUG] Sending 3 bytes : [22d100]
2026-07-30 15:25:54,463 [DEBUG] Enqueuing a SendRequest for 3 bytes and TAT=Physical
2026-07-30 15:25:54,465 [DEBUG] Tx: <7A6> (08) [ ]	 0322d10000000000
2026-07-30 15:25:54,466 [DEBUG] We've been asked to write a message to the bus
2026-07-30 15:25:54,467 [DEBUG] sending: Timestamp:        0.000000    ID:      7a6    S Rx       BS       DL:  8    03 22 d1 00 00 00 00 00
2026-07-30 15:25:54,482 [DEBUG] Rx: <7AE> (08) [p]	 037f2231aaaaaaaa
2026-07-30 15:25:54,527 [INFO] TC_ID-269 - Received: 7F2231
2026-07-30 15:25:54,528 [WARNING] TC_ID-269 - PreCondition: PC_ID-030  Testcase:Request out of range(22D100) -> ❌ FAIL - Expected 037F2231AAAAAAAA
2026-07-30 15:25:54,529 [DEBUG] Stopping CanStack
2026-07-30 15:25:54,530 [DEBUG] Main thread is exiting
2026-07-30 15:25:54,531 [DEBUG] CanStack Stopped
2026-07-30 15:25:54,532 [INFO] Connection closed
2026-07-30 15:25:54,532 [INFO] Running Test Case: TC_ID-270
2026-07-30 15:25:54,533 [DEBUG] Starting CanStack
2026-07-30 15:25:54,534 [DEBUG] Main thread has started
2026-07-30 15:25:54,535 [DEBUG] Relay thread has started
2026-07-30 15:25:54,536 [INFO] Connection opened
2026-07-30 15:25:54,537 [INFO] Switched to physical mode for TC: TC_ID-270 Step: PreCondition: PC_ID-030  Testcase:Request out of range(2250DD)
2026-07-30 15:25:54,537 [INFO] TC_ID-270 - PreCondition: PC_ID-030  Testcase:Request out of range(2250DD): SID=0x22, Sub=0x50DD, Expected=[3, 127, 34, 49, 170, 170, 170, 170]
2026-07-30 15:25:54,619 [INFO] TC_ID-270 - PreCondition: PC_ID-030  Testcase:Request out of range(2250DD): Sending request 2250DD
2026-07-30 15:25:54,621 [INFO] TC_ID-270 - PreCondition: PC_ID-030  Testcase:Request out of range(2250DD): Sending request 2250DD
2026-07-30 15:25:54,624 [DEBUG] Sending 3 bytes : [2250dd]
2026-07-30 15:25:54,626 [DEBUG] Enqueuing a SendRequest for 3 bytes and TAT=Physical
2026-07-30 15:25:54,628 [DEBUG] Tx: <7A6> (08) [ ]	 032250dd00000000
2026-07-30 15:25:54,629 [DEBUG] We've been asked to write a message to the bus
2026-07-30 15:25:54,630 [DEBUG] sending: Timestamp:        0.000000    ID:      7a6    S Rx       BS       DL:  8    03 22 50 dd 00 00 00 00
2026-07-30 15:25:54,648 [DEBUG] Rx: <7AE> (08) [p]	 037f2231aaaaaaaa
2026-07-30 15:25:54,697 [INFO] TC_ID-270 - Received: 7F2231
2026-07-30 15:25:54,699 [WARNING] TC_ID-270 - PreCondition: PC_ID-030  Testcase:Request out of range(2250DD) -> ❌ FAIL - Expected 037F2231AAAAAAAA
2026-07-30 15:25:54,699 [DEBUG] Stopping CanStack
2026-07-30 15:25:54,700 [DEBUG] Main thread is exiting
2026-07-30 15:25:54,749 [DEBUG] CanStack Stopped
2026-07-30 15:25:54,750 [INFO] Connection closed
2026-07-30 15:25:54,751 [INFO] Running Test Case: PC_ID-031
2026-07-30 15:25:54,751 [DEBUG] Starting CanStack
2026-07-30 15:25:54,753 [DEBUG] Main thread has started
2026-07-30 15:25:54,754 [DEBUG] Relay thread has started
2026-07-30 15:25:54,755 [INFO] Connection opened
2026-07-30 15:25:54,756 [INFO] Switched to physical mode for TC: PC_ID-031 Step: Start programming session
2026-07-30 15:25:54,756 [INFO] PC_ID-031 - Start programming session: SID=0x10, Sub=0x02, Expected=[6, 80, 2, 0, 50, 0, 200, 0]
2026-07-30 15:25:54,833 [INFO] PC_ID-031 - Start programming session: Sending 1002
2026-07-30 15:25:54,890 [INFO] PC_ID-031 - Start programming session: Sending request 1002
2026-07-30 15:25:54,891 [DEBUG] Sending 2 bytes : [1002]
2026-07-30 15:25:54,892 [DEBUG] Enqueuing a SendRequest for 2 bytes and TAT=Physical
2026-07-30 15:25:54,894 [DEBUG] Tx: <7A6> (08) [ ]	 0210020000000000
2026-07-30 15:25:54,895 [DEBUG] We've been asked to write a message to the bus
2026-07-30 15:25:54,897 [DEBUG] sending: Timestamp:        0.000000    ID:      7a6    S Rx       BS       DL:  8    02 10 02 00 00 00 00 00
2026-07-30 15:25:54,938 [INFO] PC_ID-031 - Received: 5002003200C8
2026-07-30 15:25:54,939 [WARNING] PC_ID-031 - Start programming session -> FAIL - Unexpected response
2026-07-30 15:25:54,940 [DEBUG] Stopping CanStack
2026-07-30 15:25:54,947 [DEBUG] Rx: <7AE> (08) [p]	 065002003200c800
2026-07-30 15:25:54,956 [DEBUG] Main thread is exiting
2026-07-30 15:25:54,997 [DEBUG] CanStack Stopped
2026-07-30 15:25:54,998 [INFO] Connection closed
2026-07-30 15:25:54,998 [INFO] Running Test Case: TC_ID-271
2026-07-30 15:25:54,999 [DEBUG] Starting CanStack
2026-07-30 15:25:55,000 [DEBUG] Main thread has started
2026-07-30 15:25:55,001 [DEBUG] Relay thread has started
2026-07-30 15:25:55,002 [INFO] Connection opened
2026-07-30 15:25:55,003 [INFO] Switched to physical mode for TC: TC_ID-271 Step: PreCondition: PC_ID-031  Testcase:Read DTC with Programming session(19 02)
2026-07-30 15:25:55,003 [INFO] TC_ID-271 - PreCondition: PC_ID-031  Testcase:Read DTC with Programming session(19 02): SID=0x19, Sub=0x02, Expected=[3, 89, 2, 8, 170, 170, 170, 170]
2026-07-30 15:25:55,088 [INFO] TC_ID-271 - PreCondition: PC_ID-031  Testcase:Read DTC with Programming session(19 02): Sending 190208
2026-07-30 15:25:55,090 [INFO] TC_ID-271 - PreCondition: PC_ID-031  Testcase:Read DTC with Programming session(19 02): Sending request 190208
2026-07-30 15:25:55,091 [DEBUG] Sending 3 bytes : [190208]
2026-07-30 15:25:55,092 [DEBUG] Enqueuing a SendRequest for 3 bytes and TAT=Physical
2026-07-30 15:25:55,094 [DEBUG] Tx: <7A6> (08) [ ]	 0319020800000000
2026-07-30 15:25:55,095 [DEBUG] We've been asked to write a message to the bus
2026-07-30 15:25:55,096 [DEBUG] sending: Timestamp:        0.000000    ID:      7a6    S Rx       BS       DL:  8    03 19 02 08 00 00 00 00
2026-07-30 15:25:55,243 [INFO] TC_ID-271 PreCondition: PC_ID-031  Testcase:Read DTC with Programming session(19 02) -> Waiting for response (P2=0.15s, P2*=5.0s)
2026-07-30 15:25:55,394 [DEBUG] No data received: [TimeoutException] - Did not receive IsoTP frame from the Transport layer in time (timeout=0.15 sec) 
2026-07-30 15:25:55,445 [WARNING] TC_ID-271 - No response received
2026-07-30 15:25:55,446 [DEBUG] Stopping CanStack
2026-07-30 15:25:55,447 [DEBUG] Main thread is exiting
2026-07-30 15:25:55,468 [DEBUG] CanStack Stopped
2026-07-30 15:25:55,469 [INFO] Connection closed
2026-07-30 15:25:55,469 [INFO] Running Test Case: TC_ID-272
2026-07-30 15:25:55,470 [DEBUG] Starting CanStack
2026-07-30 15:25:55,472 [DEBUG] Main thread has started
2026-07-30 15:25:55,473 [DEBUG] Relay thread has started
2026-07-30 15:25:55,474 [INFO] Connection opened
2026-07-30 15:25:55,475 [INFO] Switched to physical mode for TC: TC_ID-272 Step: PreCondition: PC_ID-031  Testcase:Fault memory clear Extended session(14 FFFFFF)
2026-07-30 15:25:55,476 [INFO] TC_ID-272 - PreCondition: PC_ID-031  Testcase:Fault memory clear Extended session(14 FFFFFF): SID=0x14, Sub=0xFFFFFF, Expected=[1, 84, 170, 170, 170, 170, 170, 170]
2026-07-30 15:25:55,564 [INFO] TC_ID-272 - PreCondition: PC_ID-031  Testcase:Fault memory clear Extended session(14 FFFFFF): Sending 14FFFFFF
2026-07-30 15:25:55,565 [INFO] TC_ID-272 - PreCondition: PC_ID-031  Testcase:Fault memory clear Extended session(14 FFFFFF): Sending request 14FFFFFF
2026-07-30 15:25:55,566 [DEBUG] Sending 4 bytes : [14ffffff]
2026-07-30 15:25:55,567 [DEBUG] Enqueuing a SendRequest for 4 bytes and TAT=Physical
2026-07-30 15:25:55,569 [DEBUG] Tx: <7A6> (08) [ ]	 0414ffffff000000
2026-07-30 15:25:55,570 [DEBUG] We've been asked to write a message to the bus
2026-07-30 15:25:55,571 [DEBUG] sending: Timestamp:        0.000000    ID:      7a6    S Rx       BS       DL:  8    04 14 ff ff ff 00 00 00
2026-07-30 15:25:55,718 [INFO] TC_ID-272 PreCondition: PC_ID-031  Testcase:Fault memory clear Extended session(14 FFFFFF) -> Waiting for response (P2=0.15s, P2*=5.0s)
2026-07-30 15:25:55,869 [DEBUG] No data received: [TimeoutException] - Did not receive IsoTP frame from the Transport layer in time (timeout=0.15 sec) 
2026-07-30 15:25:55,921 [WARNING] TC_ID-272 - No response received
2026-07-30 15:25:55,921 [DEBUG] Stopping CanStack
2026-07-30 15:25:55,922 [DEBUG] Main thread is exiting
2026-07-30 15:25:55,939 [DEBUG] CanStack Stopped
2026-07-30 15:25:55,942 [INFO] Connection closed
2026-07-30 15:25:55,943 [INFO] Running Test Case: TC_ID-273
2026-07-30 15:25:55,944 [DEBUG] Starting CanStack
2026-07-30 15:25:55,945 [DEBUG] Main thread has started
2026-07-30 15:25:55,946 [DEBUG] Relay thread has started
2026-07-30 15:25:55,948 [INFO] Connection opened
2026-07-30 15:25:55,949 [INFO] Switched to physical mode for TC: TC_ID-273 Step: PreCondition: PC_ID-031  Testcase:Start default session(10 01)
2026-07-30 15:25:55,950 [INFO] TC_ID-273 - PreCondition: PC_ID-031  Testcase:Start default session(10 01): SID=0x10, Sub=0x01, Expected=[6, 80, 1, 0, 50, 1, 244, 170]
2026-07-30 15:25:56,030 [INFO] TC_ID-273 - PreCondition: PC_ID-031  Testcase:Start default session(10 01): Sending 1001
2026-07-30 15:25:56,085 [INFO] TC_ID-273 - PreCondition: PC_ID-031  Testcase:Start default session(10 01): Sending request 1001
2026-07-30 15:25:56,087 [DEBUG] Sending 2 bytes : [1001]
2026-07-30 15:25:56,088 [DEBUG] Enqueuing a SendRequest for 2 bytes and TAT=Physical
2026-07-30 15:25:56,090 [DEBUG] Tx: <7A6> (08) [ ]	 0210010000000000
2026-07-30 15:25:56,090 [DEBUG] We've been asked to write a message to the bus
2026-07-30 15:25:56,091 [DEBUG] sending: Timestamp:        0.000000    ID:      7a6    S Rx       BS       DL:  8    02 10 01 00 00 00 00 00
2026-07-30 15:25:56,097 [WARNING] TC_ID-273 - No response received
2026-07-30 15:25:56,161 [DEBUG] Stopping CanStack
2026-07-30 15:25:56,162 [DEBUG] Main thread is exiting
2026-07-30 15:25:56,198 [DEBUG] CanStack Stopped
2026-07-30 15:25:56,199 [INFO] Connection closed
2026-07-30 15:25:56,200 [INFO] Running Test Case: TC_ID-274
2026-07-30 15:25:56,201 [DEBUG] Starting CanStack
2026-07-30 15:25:56,202 [DEBUG] Main thread has started
2026-07-30 15:25:56,203 [DEBUG] Relay thread has started
2026-07-30 15:25:56,204 [INFO] Connection opened
2026-07-30 15:25:56,205 [INFO] Switched to physical mode for TC: TC_ID-274 Step: PreCondition: PC_ID-031  Testcase:Start programming session(10 02)
2026-07-30 15:25:56,205 [INFO] TC_ID-274 - PreCondition: PC_ID-031  Testcase:Start programming session(10 02): SID=0x10, Sub=0x02, Expected=[6, 80, 2, 0, 50, 0, 200, 0]
2026-07-30 15:25:56,287 [INFO] TC_ID-274 - PreCondition: PC_ID-031  Testcase:Start programming session(10 02): Sending 1002
2026-07-30 15:25:56,342 [INFO] TC_ID-274 - PreCondition: PC_ID-031  Testcase:Start programming session(10 02): Sending request 1002
2026-07-30 15:25:56,344 [DEBUG] Sending 2 bytes : [1002]
2026-07-30 15:25:56,345 [DEBUG] Enqueuing a SendRequest for 2 bytes and TAT=Physical
2026-07-30 15:25:56,346 [DEBUG] Tx: <7A6> (08) [ ]	 0210020000000000
2026-07-30 15:25:56,347 [DEBUG] We've been asked to write a message to the bus
2026-07-30 15:25:56,348 [DEBUG] sending: Timestamp:        0.000000    ID:      7a6    S Rx       BS       DL:  8    02 10 02 00 00 00 00 00
2026-07-30 15:25:56,392 [INFO] TC_ID-274 - Received: 5002003200C8
2026-07-30 15:25:56,394 [DEBUG] Rx: <7AE> (08) [p]	 065002003200c800
2026-07-30 15:25:56,397 [WARNING] TC_ID-274 - PreCondition: PC_ID-031  Testcase:Start programming session(10 02) -> FAIL - Unexpected response
2026-07-30 15:25:56,399 [DEBUG] Stopping CanStack
2026-07-30 15:25:56,400 [DEBUG] Main thread is exiting
2026-07-30 15:25:56,441 [DEBUG] CanStack Stopped
2026-07-30 15:25:56,442 [INFO] Connection closed
2026-07-30 15:25:56,443 [INFO] Running Test Case: TC_ID-275
2026-07-30 15:25:56,443 [DEBUG] Starting CanStack
2026-07-30 15:25:56,444 [DEBUG] Main thread has started
2026-07-30 15:25:56,445 [DEBUG] Relay thread has started
2026-07-30 15:25:56,446 [INFO] Connection opened
2026-07-30 15:25:56,447 [INFO] Switched to physical mode for TC: TC_ID-275 Step: PreCondition: PC_ID-031  Testcase:Start Extended session(10 03)
2026-07-30 15:25:56,447 [INFO] TC_ID-275 - PreCondition: PC_ID-031  Testcase:Start Extended session(10 03): SID=0x10, Sub=0x03, Expected=[3, 127, 34, 126, 170, 170, 170, 170]
2026-07-30 15:25:56,527 [INFO] TC_ID-275 - PreCondition: PC_ID-031  Testcase:Start Extended session(10 03): Sending 1003
2026-07-30 15:25:56,581 [INFO] TC_ID-275 - PreCondition: PC_ID-031  Testcase:Start Extended session(10 03): Sending request 1003
2026-07-30 15:25:56,582 [DEBUG] Sending 2 bytes : [1003]
2026-07-30 15:25:56,583 [DEBUG] Enqueuing a SendRequest for 2 bytes and TAT=Physical
2026-07-30 15:25:56,585 [DEBUG] Tx: <7A6> (08) [ ]	 0210030000000000
2026-07-30 15:25:56,586 [DEBUG] We've been asked to write a message to the bus
2026-07-30 15:25:56,587 [DEBUG] sending: Timestamp:        0.000000    ID:      7a6    S Rx       BS       DL:  8    02 10 03 00 00 00 00 00
2026-07-30 15:25:56,601 [INFO] TC_ID-275 - Received: 5003003200C8
2026-07-30 15:25:56,606 [DEBUG] Rx: <7AE> (08) [p]	 065003003200c800
2026-07-30 15:25:56,606 [WARNING] TC_ID-275 - PreCondition: PC_ID-031  Testcase:Start Extended session(10 03) -> FAIL - Unexpected response
2026-07-30 15:25:56,608 [DEBUG] Stopping CanStack
2026-07-30 15:25:56,609 [DEBUG] Main thread is exiting
2026-07-30 15:25:56,656 [DEBUG] CanStack Stopped
2026-07-30 15:25:56,656 [INFO] Connection closed
2026-07-30 15:25:56,657 [INFO] Running Test Case: TC_ID-276
2026-07-30 15:25:56,658 [DEBUG] Starting CanStack
2026-07-30 15:25:56,659 [DEBUG] Main thread has started
2026-07-30 15:25:56,660 [DEBUG] Relay thread has started
2026-07-30 15:25:56,661 [INFO] Connection opened
2026-07-30 15:25:56,662 [INFO] Switched to physical mode for TC: TC_ID-276 Step: PreCondition: PC_ID-031  Testcase:Start programming session(10 02)
2026-07-30 15:25:56,662 [INFO] TC_ID-276 - PreCondition: PC_ID-031  Testcase:Start programming session(10 02): SID=0x10, Sub=0x02, Expected=[6, 80, 2, 0, 50, 0, 200, 0]
2026-07-30 15:25:56,745 [INFO] TC_ID-276 - PreCondition: PC_ID-031  Testcase:Start programming session(10 02): Sending 1002
2026-07-30 15:25:56,800 [INFO] TC_ID-276 - PreCondition: PC_ID-031  Testcase:Start programming session(10 02): Sending request 1002
2026-07-30 15:25:56,802 [DEBUG] Sending 2 bytes : [1002]
2026-07-30 15:25:56,803 [DEBUG] Enqueuing a SendRequest for 2 bytes and TAT=Physical
2026-07-30 15:25:56,804 [DEBUG] Tx: <7A6> (08) [ ]	 0210020000000000
2026-07-30 15:25:56,805 [DEBUG] We've been asked to write a message to the bus
2026-07-30 15:25:56,806 [DEBUG] sending: Timestamp:        0.000000    ID:      7a6    S Rx       BS       DL:  8    02 10 02 00 00 00 00 00
2026-07-30 15:25:56,810 [INFO] TC_ID-276 - Received: 5002003200C8
2026-07-30 15:25:56,814 [WARNING] TC_ID-276 - PreCondition: PC_ID-031  Testcase:Start programming session(10 02) -> FAIL - Unexpected response
2026-07-30 15:25:56,816 [DEBUG] Rx: <7AE> (08) [p]	 065002003200c800
2026-07-30 15:25:56,820 [DEBUG] Stopping CanStack
2026-07-30 15:25:56,825 [DEBUG] Main thread is exiting
2026-07-30 15:25:56,864 [DEBUG] CanStack Stopped
2026-07-30 15:25:56,865 [INFO] Connection closed
2026-07-30 15:25:56,866 [INFO] Running Test Case: TC_ID-277
2026-07-30 15:25:56,867 [DEBUG] Starting CanStack
2026-07-30 15:25:56,868 [DEBUG] Main thread has started
2026-07-30 15:25:56,869 [DEBUG] Relay thread has started
2026-07-30 15:25:56,870 [INFO] Connection opened
2026-07-30 15:25:56,871 [INFO] Switched to physical mode for TC: TC_ID-277 Step: PreCondition: PC_ID-031  Testcase:Start default session(10 01)
2026-07-30 15:25:56,871 [INFO] TC_ID-277 - PreCondition: PC_ID-031  Testcase:Start default session(10 01): SID=0x10, Sub=0x01, Expected=[6, 80, 1, 0, 50, 1, 244, 170]
2026-07-30 15:25:56,949 [INFO] TC_ID-277 - PreCondition: PC_ID-031  Testcase:Start default session(10 01): Sending 1001
2026-07-30 15:25:57,004 [INFO] TC_ID-277 - PreCondition: PC_ID-031  Testcase:Start default session(10 01): Sending request 1001
2026-07-30 15:25:57,006 [DEBUG] Sending 2 bytes : [1001]
2026-07-30 15:25:57,007 [DEBUG] Enqueuing a SendRequest for 2 bytes and TAT=Physical
2026-07-30 15:25:57,008 [DEBUG] Tx: <7A6> (08) [ ]	 0210010000000000
2026-07-30 15:25:57,009 [DEBUG] We've been asked to write a message to the bus
2026-07-30 15:25:57,010 [DEBUG] sending: Timestamp:        0.000000    ID:      7a6    S Rx       BS       DL:  8    02 10 01 00 00 00 00 00
2026-07-30 15:25:57,021 [WARNING] TC_ID-277 - No response received
2026-07-30 15:25:57,082 [DEBUG] Stopping CanStack
2026-07-30 15:25:57,084 [DEBUG] Main thread is exiting
2026-07-30 15:25:57,128 [DEBUG] CanStack Stopped
2026-07-30 15:25:57,129 [INFO] Connection closed
2026-07-30 15:25:57,129 [INFO] Running Test Case: TC_ID-278
2026-07-30 15:25:57,130 [DEBUG] Starting CanStack
2026-07-30 15:25:57,131 [DEBUG] Main thread has started
2026-07-30 15:25:57,132 [DEBUG] Relay thread has started
2026-07-30 15:25:57,133 [INFO] Connection opened
2026-07-30 15:25:57,134 [INFO] Switched to physical mode for TC: TC_ID-278 Step: PreCondition: PC_ID-031  Testcase:Start Extended session(10 03)
2026-07-30 15:25:57,134 [INFO] TC_ID-278 - PreCondition: PC_ID-031  Testcase:Start Extended session(10 03): SID=0x10, Sub=0x03, Expected=[6, 80, 3, 0, 50, 1, 244, 170]
2026-07-30 15:25:57,220 [INFO] TC_ID-278 - PreCondition: PC_ID-031  Testcase:Start Extended session(10 03): Sending 1003
2026-07-30 15:25:57,276 [INFO] TC_ID-278 - PreCondition: PC_ID-031  Testcase:Start Extended session(10 03): Sending request 1003
2026-07-30 15:25:57,277 [DEBUG] Sending 2 bytes : [1003]
2026-07-30 15:25:57,278 [DEBUG] Enqueuing a SendRequest for 2 bytes and TAT=Physical
2026-07-30 15:25:57,280 [DEBUG] Tx: <7A6> (08) [ ]	 0210030000000000
2026-07-30 15:25:57,281 [DEBUG] We've been asked to write a message to the bus
2026-07-30 15:25:57,282 [DEBUG] sending: Timestamp:        0.000000    ID:      7a6    S Rx       BS       DL:  8    02 10 03 00 00 00 00 00
2026-07-30 15:25:57,294 [INFO] TC_ID-278 - Received: 5003003201F4
2026-07-30 15:25:57,299 [WARNING] TC_ID-278 - PreCondition: PC_ID-031  Testcase:Start Extended session(10 03) -> FAIL - Unexpected response
2026-07-30 15:25:57,300 [DEBUG] Stopping CanStack
2026-07-30 15:25:57,301 [DEBUG] Rx: <7AE> (08) [p]	 065003003201f4aa
2026-07-30 15:25:57,303 [DEBUG] Main thread is exiting
2026-07-30 15:25:57,351 [DEBUG] CanStack Stopped
2026-07-30 15:25:57,352 [INFO] Connection closed
2026-07-30 15:25:57,352 [INFO] Running Test Case: PC_ID-032
2026-07-30 15:25:57,353 [DEBUG] Starting CanStack
2026-07-30 15:25:57,354 [DEBUG] Main thread has started
2026-07-30 15:25:57,355 [DEBUG] Relay thread has started
2026-07-30 15:25:57,356 [INFO] Connection opened
2026-07-30 15:25:57,357 [INFO] Switched to physical mode for TC: PC_ID-032 Step: Start default session
2026-07-30 15:25:57,358 [INFO] PC_ID-032 - Start default session: SID=0x10, Sub=0x01, Expected=[6, 80, 1, 0, 50, 1, 244, 170]
2026-07-30 15:25:57,419 [INFO] PC_ID-032 - Start default session: Sending 1001
2026-07-30 15:25:57,475 [INFO] PC_ID-032 - Start default session: Sending request 1001
2026-07-30 15:25:57,476 [DEBUG] Sending 2 bytes : [1001]
2026-07-30 15:25:57,477 [DEBUG] Enqueuing a SendRequest for 2 bytes and TAT=Physical
2026-07-30 15:25:57,478 [DEBUG] Tx: <7A6> (08) [ ]	 0210010000000000
2026-07-30 15:25:57,479 [DEBUG] We've been asked to write a message to the bus
2026-07-30 15:25:57,480 [DEBUG] sending: Timestamp:        0.000000    ID:      7a6    S Rx       BS       DL:  8    02 10 01 00 00 00 00 00
2026-07-30 15:25:57,494 [INFO] PC_ID-032 - Received: 5001003201F4
2026-07-30 15:25:57,499 [WARNING] PC_ID-032 - Start default session -> FAIL - Unexpected response
2026-07-30 15:25:57,499 [DEBUG] Rx: <7AE> (08) [p]	 065001003201f4aa
2026-07-30 15:25:57,500 [DEBUG] Stopping CanStack
2026-07-30 15:25:57,503 [DEBUG] Main thread is exiting
2026-07-30 15:25:57,548 [DEBUG] CanStack Stopped
2026-07-30 15:25:57,549 [INFO] Connection closed
2026-07-30 15:25:57,549 [INFO] Running Test Case: TC_ID-279
2026-07-30 15:25:57,550 [DEBUG] Starting CanStack
2026-07-30 15:25:57,551 [DEBUG] Main thread has started
2026-07-30 15:25:57,552 [DEBUG] Relay thread has started
2026-07-30 15:25:57,553 [INFO] Connection opened
2026-07-30 15:25:57,554 [INFO] Switched to physical mode for TC: TC_ID-279 Step: PreCondition: PC_ID-032  Testcase:Service not supported in Active session(27 11)
2026-07-30 15:25:57,554 [INFO] TC_ID-279 - PreCondition: PC_ID-032  Testcase:Service not supported in Active session(27 11): SID=0x27, Sub=0x11, Expected=[3, 127, 39, 127, 170, 170, 170, 170]
2026-07-30 15:25:57,640 [INFO] TC_ID-279 - PreCondition: PC_ID-032  Testcase:Service not supported in Active session(27 11): Sending request 2711
2026-07-30 15:25:57,642 [DEBUG] Sending 2 bytes : [2711]
2026-07-30 15:25:57,643 [DEBUG] Enqueuing a SendRequest for 2 bytes and TAT=Physical
2026-07-30 15:25:57,645 [DEBUG] Tx: <7A6> (08) [ ]	 0227110000000000
2026-07-30 15:25:57,646 [DEBUG] We've been asked to write a message to the bus
2026-07-30 15:25:57,647 [DEBUG] sending: Timestamp:        0.000000    ID:      7a6    S Rx       BS       DL:  8    02 27 11 00 00 00 00 00
2026-07-30 15:25:57,656 [DEBUG] TC_ID-279 PreCondition: PC_ID-032  Testcase:Service not supported in Active session(27 11) -> Received payload: [127, 39, 127]
2026-07-30 15:25:57,660 [WARNING] TC_ID-279 PreCondition: PC_ID-032  Testcase:Service not supported in Active session(27 11) -> FAIL - NRC (key): [127, 39, 127]
2026-07-30 15:25:57,662 [DEBUG] Stopping CanStack
2026-07-30 15:25:57,662 [DEBUG] Rx: <7AE> (08) [p]	 037f277faaaaaaaa
2026-07-30 15:25:57,664 [DEBUG] Main thread is exiting
2026-07-30 15:25:57,712 [DEBUG] CanStack Stopped
2026-07-30 15:25:57,713 [INFO] Connection closed
2026-07-30 15:25:57,714 [ERROR] ----------------------------------TC_ID-279 PreCondition: PC_ID-032  Testcase:Service not supported in Active session(27 11) -> EXCEPTION - NRC (key): [127, 39, 127]----------------------------------
2026-07-30 15:25:57,714 [INFO] Running Test Case: TC_ID-280
2026-07-30 15:25:57,715 [DEBUG] Starting CanStack
2026-07-30 15:25:57,716 [DEBUG] Main thread has started
2026-07-30 15:25:57,717 [DEBUG] Relay thread has started
2026-07-30 15:25:57,718 [INFO] Connection opened
2026-07-30 15:25:57,719 [INFO] Switched to physical mode for TC: TC_ID-280 Step: PreCondition: PC_ID-032  Testcase:Start Extended session(10 03)
2026-07-30 15:25:57,719 [INFO] TC_ID-280 - PreCondition: PC_ID-032  Testcase:Start Extended session(10 03): SID=0x10, Sub=0x03, Expected=[6, 80, 3, 0, 50, 1, 244, 170]
2026-07-30 15:25:57,803 [INFO] TC_ID-280 - PreCondition: PC_ID-032  Testcase:Start Extended session(10 03): Sending 1003
2026-07-30 15:25:57,857 [INFO] TC_ID-280 - PreCondition: PC_ID-032  Testcase:Start Extended session(10 03): Sending request 1003
2026-07-30 15:25:57,858 [DEBUG] Sending 2 bytes : [1003]
2026-07-30 15:25:57,859 [DEBUG] Enqueuing a SendRequest for 2 bytes and TAT=Physical
2026-07-30 15:25:57,861 [DEBUG] Tx: <7A6> (08) [ ]	 0210030000000000
2026-07-30 15:25:57,862 [DEBUG] We've been asked to write a message to the bus
2026-07-30 15:25:57,863 [DEBUG] sending: Timestamp:        0.000000    ID:      7a6    S Rx       BS       DL:  8    02 10 03 00 00 00 00 00
2026-07-30 15:25:57,874 [INFO] TC_ID-280 - Received: 5003003201F4
2026-07-30 15:25:57,878 [DEBUG] Rx: <7AE> (08) [p]	 065003003201f4aa
2026-07-30 15:25:57,879 [WARNING] TC_ID-280 - PreCondition: PC_ID-032  Testcase:Start Extended session(10 03) -> FAIL - Unexpected response
2026-07-30 15:25:57,880 [DEBUG] Stopping CanStack
2026-07-30 15:25:57,882 [DEBUG] Main thread is exiting
2026-07-30 15:25:57,928 [DEBUG] CanStack Stopped
2026-07-30 15:25:57,929 [INFO] Connection closed
2026-07-30 15:25:57,930 [INFO] Running Test Case: TC_ID-281
2026-07-30 15:25:57,930 [DEBUG] Starting CanStack
2026-07-30 15:25:57,931 [DEBUG] Main thread has started
2026-07-30 15:25:57,932 [DEBUG] Relay thread has started
2026-07-30 15:25:57,933 [INFO] Connection opened
2026-07-30 15:25:57,934 [INFO] Switched to physical mode for TC: TC_ID-281 Step: PreCondition: PC_ID-032  Testcase:sub function not support(27 22)
2026-07-30 15:25:57,935 [INFO] TC_ID-281 - PreCondition: PC_ID-032  Testcase:sub function not support(27 22): SID=0x27, Sub=0x22, Expected=[3, 127, 39, 18, 170, 170, 170, 170]
2026-07-30 15:25:58,018 [INFO] No key available for subfunction 0x22. Ensure seed request precedes key send. aaaaaaa
2026-07-30 15:25:58,019 [INFO] TC_ID-281 - PreCondition: PC_ID-032  Testcase:sub function not support(27 22): Sending request 2722
2026-07-30 15:25:58,020 [DEBUG] Sending 2 bytes : [2722]
2026-07-30 15:25:58,021 [DEBUG] Enqueuing a SendRequest for 2 bytes and TAT=Physical
2026-07-30 15:25:58,023 [DEBUG] Tx: <7A6> (08) [ ]	 0227220000000000
2026-07-30 15:25:58,024 [DEBUG] We've been asked to write a message to the bus
2026-07-30 15:25:58,025 [DEBUG] sending: Timestamp:        0.000000    ID:      7a6    S Rx       BS       DL:  8    02 27 22 00 00 00 00 00
2026-07-30 15:25:58,036 [DEBUG] TC_ID-281 PreCondition: PC_ID-032  Testcase:sub function not support(27 22) -> Received payload: [127, 39, 18]
2026-07-30 15:25:58,039 [WARNING] TC_ID-281 PreCondition: PC_ID-032  Testcase:sub function not support(27 22) -> FAIL - NRC (key): [127, 39, 18]
2026-07-30 15:25:58,040 [DEBUG] Rx: <7AE> (08) [p]	 037f2712aaaaaaaa
2026-07-30 15:25:58,041 [DEBUG] Stopping CanStack
2026-07-30 15:25:58,043 [DEBUG] Main thread is exiting
2026-07-30 15:25:58,090 [DEBUG] CanStack Stopped
2026-07-30 15:25:58,090 [INFO] Connection closed
2026-07-30 15:25:58,091 [ERROR] ----------------------------------TC_ID-281 PreCondition: PC_ID-032  Testcase:sub function not support(27 22) -> EXCEPTION - NRC (key): [127, 39, 18]----------------------------------
2026-07-30 15:25:58,092 [INFO] Running Test Case: TC_ID-282
2026-07-30 15:25:58,092 [DEBUG] Starting CanStack
2026-07-30 15:25:58,093 [DEBUG] Main thread has started
2026-07-30 15:25:58,094 [DEBUG] Relay thread has started
2026-07-30 15:25:58,095 [INFO] Connection opened
2026-07-30 15:25:58,096 [INFO] Switched to physical mode for TC: TC_ID-282 Step: PreCondition: PC_ID-032  Testcase:SubFunctionNotSupported(0x12)
2026-07-30 15:25:58,096 [INFO] TC_ID-282 - PreCondition: PC_ID-032  Testcase:SubFunctionNotSupported(0x12): SID=0x27, Sub=, Expected=[3, 127, 39, 18, 170, 170, 170, 170]
2026-07-30 15:25:58,178 [INFO] TC_ID-282 - PreCondition: PC_ID-032  Testcase:SubFunctionNotSupported(0x12): Sending request 27
2026-07-30 15:25:58,179 [DEBUG] Sending 1 bytes : [27]
2026-07-30 15:25:58,180 [DEBUG] Enqueuing a SendRequest for 1 bytes and TAT=Physical
2026-07-30 15:25:58,181 [DEBUG] Tx: <7A6> (08) [ ]	 0127000000000000
2026-07-30 15:25:58,183 [DEBUG] We've been asked to write a message to the bus
2026-07-30 15:25:58,184 [DEBUG] sending: Timestamp:        0.000000    ID:      7a6    S Rx       BS       DL:  8    01 27 00 00 00 00 00 00
2026-07-30 15:25:58,195 [DEBUG] Stopping CanStack
2026-07-30 15:25:58,199 [DEBUG] Rx: <7AE> (08) [p]	 037f2712aaaaaaaa
2026-07-30 15:25:58,201 [DEBUG] Main thread is exiting
2026-07-30 15:25:58,250 [DEBUG] CanStack Stopped
2026-07-30 15:25:58,250 [INFO] Connection closed
2026-07-30 15:25:58,251 [INFO] Running Test Case: TC_ID-283
2026-07-30 15:25:58,252 [DEBUG] Starting CanStack
2026-07-30 15:25:58,253 [DEBUG] Main thread has started
2026-07-30 15:25:58,254 [DEBUG] Relay thread has started
2026-07-30 15:25:58,255 [INFO] Connection opened
2026-07-30 15:25:58,255 [INFO] Switched to physical mode for TC: TC_ID-283 Step: PreCondition: PC_ID-032  Testcase:Seed request in extended session(27 11)
2026-07-30 15:25:58,256 [INFO] TC_ID-283 - PreCondition: PC_ID-032  Testcase:Seed request in extended session(27 11): SID=0x27, Sub=0x11, Expected=[10, 103, 17, 167, 14, 132, 124, 156, 192, 57, 101]
2026-07-30 15:25:58,342 [INFO] TC_ID-283 - PreCondition: PC_ID-032  Testcase:Seed request in extended session(27 11): Sending request 2711
2026-07-30 15:25:58,343 [DEBUG] Sending 2 bytes : [2711]
2026-07-30 15:25:58,344 [DEBUG] Enqueuing a SendRequest for 2 bytes and TAT=Physical
2026-07-30 15:25:58,345 [DEBUG] Tx: <7A6> (08) [ ]	 0227110000000000
2026-07-30 15:25:58,347 [DEBUG] We've been asked to write a message to the bus
2026-07-30 15:25:58,348 [DEBUG] sending: Timestamp:        0.000000    ID:      7a6    S Rx       BS       DL:  8    02 27 11 00 00 00 00 00
2026-07-30 15:25:58,364 [DEBUG] We've been asked to write a message to the bus
2026-07-30 15:25:58,366 [DEBUG] sending: Timestamp:        0.000000    ID:      7a6    S Rx       BS       DL:  8    30 08 0a 00 00 00 00 00
2026-07-30 15:25:58,368 [DEBUG] Rx: <7AE> (08) [p]	 100a6711fb58c968
2026-07-30 15:25:58,371 [DEBUG] Tx: <7A6> (08) [ ]	 30080a0000000000
2026-07-30 15:25:58,372 [DEBUG] We've been asked to write a message to the bus
2026-07-30 15:25:58,373 [DEBUG] sending: Timestamp:        0.000000    ID:      7a6    S Rx       BS       DL:  8    30 08 0a 00 00 00 00 00
2026-07-30 15:25:58,375 [DEBUG] TxState=IDLE - RxState=WAIT_CF
2026-07-30 15:25:58,390 [DEBUG] TC_ID-283 PreCondition: PC_ID-032  Testcase:Seed request in extended session(27 11) -> Received payload: [103, 17, 251, 88, 201, 104, 233, 202, 85, 21]
2026-07-30 15:25:58,392 [DEBUG] Rx: <7AE> (08) [p]	 21e9ca5515aaaaaa
2026-07-30 15:25:58,394 [INFO] Received Seed (subfunc 0x11): fb58c968e9ca5515
2026-07-30 15:25:58,445 [DEBUG] TxState=IDLE - RxState=IDLE
2026-07-30 15:25:58,895 [INFO] Attempt 1: Sending seed to PC...
2026-07-30 15:25:59,055 [INFO] Received Key (for subfunc 0x12): b'\xd9$\xa5\xba\xcb\xc2i3'
2026-07-30 15:25:59,056 [DEBUG] Stopping CanStack
2026-07-30 15:25:59,057 [DEBUG] Main thread is exiting
2026-07-30 15:25:59,091 [DEBUG] CanStack Stopped
2026-07-30 15:25:59,092 [INFO] Connection closed
2026-07-30 15:25:59,093 [INFO] Running Test Case: TC_ID-284
2026-07-30 15:25:59,094 [DEBUG] Starting CanStack
2026-07-30 15:25:59,096 [DEBUG] Main thread has started
2026-07-30 15:25:59,098 [DEBUG] Relay thread has started
2026-07-30 15:25:59,100 [INFO] Connection opened
2026-07-30 15:25:59,101 [INFO] Switched to physical mode for TC: TC_ID-284 Step: PreCondition: PC_ID-032  Testcase:Start default session(10 01)
2026-07-30 15:25:59,105 [INFO] TC_ID-284 - PreCondition: PC_ID-032  Testcase:Start default session(10 01): SID=0x10, Sub=0x01, Expected=[6, 80, 1, 0, 50, 1, 244, 170]
2026-07-30 15:25:59,191 [INFO] TC_ID-284 - PreCondition: PC_ID-032  Testcase:Start default session(10 01): Sending 1001
2026-07-30 15:25:59,246 [INFO] TC_ID-284 - PreCondition: PC_ID-032  Testcase:Start default session(10 01): Sending request 1001
2026-07-30 15:25:59,248 [DEBUG] Sending 2 bytes : [1001]
2026-07-30 15:25:59,249 [DEBUG] Enqueuing a SendRequest for 2 bytes and TAT=Physical
2026-07-30 15:25:59,250 [DEBUG] Tx: <7A6> (08) [ ]	 0210010000000000
2026-07-30 15:25:59,251 [DEBUG] We've been asked to write a message to the bus
2026-07-30 15:25:59,252 [DEBUG] sending: Timestamp:        0.000000    ID:      7a6    S Rx       BS       DL:  8    02 10 01 00 00 00 00 00
2026-07-30 15:25:59,266 [INFO] TC_ID-284 - Received: 5001003201F4
2026-07-30 15:25:59,271 [DEBUG] Rx: <7AE> (08) [p]	 065001003201f4aa
2026-07-30 15:25:59,272 [WARNING] TC_ID-284 - PreCondition: PC_ID-032  Testcase:Start default session(10 01) -> FAIL - Unexpected response
2026-07-30 15:25:59,273 [DEBUG] Stopping CanStack
2026-07-30 15:25:59,275 [DEBUG] Main thread is exiting
2026-07-30 15:25:59,321 [DEBUG] CanStack Stopped
2026-07-30 15:25:59,322 [INFO] Connection closed
2026-07-30 15:25:59,323 [INFO] Running Test Case: TC_ID-285
2026-07-30 15:25:59,323 [DEBUG] Starting CanStack
2026-07-30 15:25:59,324 [DEBUG] Main thread has started
2026-07-30 15:25:59,325 [DEBUG] Relay thread has started
2026-07-30 15:25:59,326 [INFO] Connection opened
2026-07-30 15:25:59,327 [INFO] Switched to physical mode for TC: TC_ID-285 Step: PreCondition: PC_ID-032  Testcase:Service not supported in Active session in default session(27 11)
2026-07-30 15:25:59,328 [INFO] TC_ID-285 - PreCondition: PC_ID-032  Testcase:Service not supported in Active session in default session(27 11): SID=0x27, Sub=0x11, Expected=[3, 127, 39, 127, 170, 170, 170, 170]
2026-07-30 15:25:59,423 [INFO] TC_ID-285 - PreCondition: PC_ID-032  Testcase:Service not supported in Active session in default session(27 11): Sending request 2711
2026-07-30 15:25:59,424 [DEBUG] Sending 2 bytes : [2711]
2026-07-30 15:25:59,425 [DEBUG] Enqueuing a SendRequest for 2 bytes and TAT=Physical
2026-07-30 15:25:59,427 [DEBUG] Tx: <7A6> (08) [ ]	 0227110000000000
2026-07-30 15:25:59,428 [DEBUG] We've been asked to write a message to the bus
2026-07-30 15:25:59,429 [DEBUG] sending: Timestamp:        0.000000    ID:      7a6    S Rx       BS       DL:  8    02 27 11 00 00 00 00 00
2026-07-30 15:25:59,439 [DEBUG] TC_ID-285 PreCondition: PC_ID-032  Testcase:Service not supported in Active session in default session(27 11) -> Received payload: [127, 39, 127]
2026-07-30 15:25:59,442 [DEBUG] Rx: <7AE> (08) [p]	 037f277faaaaaaaa
2026-07-30 15:25:59,443 [WARNING] TC_ID-285 PreCondition: PC_ID-032  Testcase:Service not supported in Active session in default session(27 11) -> FAIL - NRC (key): [127, 39, 127]
2026-07-30 15:25:59,445 [DEBUG] Stopping CanStack
2026-07-30 15:25:59,446 [DEBUG] Main thread is exiting
2026-07-30 15:25:59,486 [DEBUG] CanStack Stopped
2026-07-30 15:25:59,487 [INFO] Connection closed
2026-07-30 15:25:59,488 [ERROR] ----------------------------------TC_ID-285 PreCondition: PC_ID-032  Testcase:Service not supported in Active session in default session(27 11) -> EXCEPTION - NRC (key): [127, 39, 127]----------------------------------
2026-07-30 15:25:59,489 [INFO] Running Test Case: PC_ID-034
2026-07-30 15:25:59,489 [DEBUG] Starting CanStack
2026-07-30 15:25:59,490 [DEBUG] Main thread has started
2026-07-30 15:25:59,491 [DEBUG] Relay thread has started
2026-07-30 15:25:59,492 [INFO] Connection opened
2026-07-30 15:25:59,493 [INFO] Switched to physical mode for TC: PC_ID-034 Step: Start Extended session(10 03)
2026-07-30 15:25:59,494 [INFO] PC_ID-034 - Start Extended session(10 03): SID=0x10, Sub=0x03, Expected=[6, 80, 3, 0, 50, 1, 244, 170]
2026-07-30 15:25:59,557 [INFO] PC_ID-034 - Start Extended session(10 03): Sending 1003
2026-07-30 15:25:59,612 [INFO] PC_ID-034 - Start Extended session(10 03): Sending request 1003
2026-07-30 15:25:59,614 [DEBUG] Sending 2 bytes : [1003]
2026-07-30 15:25:59,615 [DEBUG] Enqueuing a SendRequest for 2 bytes and TAT=Physical
2026-07-30 15:25:59,620 [DEBUG] Tx: <7A6> (08) [ ]	 0210030000000000
2026-07-30 15:25:59,622 [DEBUG] We've been asked to write a message to the bus
2026-07-30 15:25:59,623 [DEBUG] sending: Timestamp:        0.000000    ID:      7a6    S Rx       BS       DL:  8    02 10 03 00 00 00 00 00
2026-07-30 15:25:59,635 [INFO] PC_ID-034 - Received: 5003003201F4
2026-07-30 15:25:59,639 [DEBUG] Rx: <7AE> (08) [p]	 065003003201f4aa
2026-07-30 15:25:59,640 [WARNING] PC_ID-034 - Start Extended session(10 03) -> FAIL - Unexpected response
2026-07-30 15:25:59,642 [DEBUG] Stopping CanStack
2026-07-30 15:25:59,643 [DEBUG] Main thread is exiting
2026-07-30 15:25:59,690 [DEBUG] CanStack Stopped
2026-07-30 15:25:59,691 [INFO] Connection closed
2026-07-30 15:25:59,691 [INFO] Running Test Case: TC_ID-286
2026-07-30 15:25:59,692 [DEBUG] Starting CanStack
2026-07-30 15:25:59,693 [DEBUG] Main thread has started
2026-07-30 15:25:59,694 [DEBUG] Relay thread has started
2026-07-30 15:25:59,695 [INFO] Connection opened
2026-07-30 15:25:59,695 [INFO] Switched to physical mode for TC: TC_ID-286 Step: PreCondition: PC_ID-034  Testcase:Start programming session(10 02)
2026-07-30 15:25:59,696 [INFO] TC_ID-286 - PreCondition: PC_ID-034  Testcase:Start programming session(10 02): SID=0x10, Sub=0x02, Expected=[6, 80, 2, 0, 50, 0, 200, 0]
2026-07-30 15:25:59,779 [INFO] TC_ID-286 - PreCondition: PC_ID-034  Testcase:Start programming session(10 02): Sending 1002
2026-07-30 15:25:59,845 [INFO] TC_ID-286 - PreCondition: PC_ID-034  Testcase:Start programming session(10 02): Sending request 1002
2026-07-30 15:25:59,846 [DEBUG] Sending 2 bytes : [1002]
2026-07-30 15:25:59,847 [DEBUG] Enqueuing a SendRequest for 2 bytes and TAT=Physical
2026-07-30 15:25:59,849 [DEBUG] Tx: <7A6> (08) [ ]	 0210020000000000
2026-07-30 15:25:59,850 [DEBUG] We've been asked to write a message to the bus
2026-07-30 15:25:59,850 [DEBUG] sending: Timestamp:        0.000000    ID:      7a6    S Rx       BS       DL:  8    02 10 02 00 00 00 00 00
2026-07-30 15:25:59,885 [INFO] TC_ID-286 - Received: 5002003200C8
2026-07-30 15:25:59,888 [WARNING] TC_ID-286 - PreCondition: PC_ID-034  Testcase:Start programming session(10 02) -> FAIL - Unexpected response
2026-07-30 15:25:59,889 [DEBUG] Rx: <7AE> (08) [p]	 065002003200c800
2026-07-30 15:25:59,890 [DEBUG] Stopping CanStack
2026-07-30 15:25:59,892 [DEBUG] Main thread is exiting
2026-07-30 15:25:59,938 [DEBUG] CanStack Stopped
2026-07-30 15:25:59,939 [INFO] Connection closed
2026-07-30 15:25:59,940 [INFO] Running Test Case: PC_ID-035
2026-07-30 15:25:59,940 [DEBUG] Starting CanStack
2026-07-30 15:25:59,942 [DEBUG] Main thread has started
2026-07-30 15:25:59,942 [DEBUG] Relay thread has started
2026-07-30 15:25:59,944 [INFO] Connection opened
2026-07-30 15:25:59,944 [INFO] Switched to physical mode for TC: PC_ID-035 Step: Start Extended session(10 03)
2026-07-30 15:25:59,945 [INFO] PC_ID-035 - Start Extended session(10 03): SID=0x10, Sub=0x03, Expected=[6, 80, 3, 0, 50, 0, 200, 170]
2026-07-30 15:26:00,010 [INFO] PC_ID-035 - Start Extended session(10 03): Sending 1003
2026-07-30 15:26:00,066 [INFO] PC_ID-035 - Start Extended session(10 03): Sending request 1003
2026-07-30 15:26:00,067 [DEBUG] Sending 2 bytes : [1003]
2026-07-30 15:26:00,068 [DEBUG] Enqueuing a SendRequest for 2 bytes and TAT=Physical
2026-07-30 15:26:00,069 [DEBUG] Tx: <7A6> (08) [ ]	 0210030000000000
2026-07-30 15:26:00,071 [DEBUG] We've been asked to write a message to the bus
2026-07-30 15:26:00,072 [DEBUG] sending: Timestamp:        0.000000    ID:      7a6    S Rx       BS       DL:  8    02 10 03 00 00 00 00 00
2026-07-30 15:26:00,089 [INFO] PC_ID-035 - Received: 5003003200C8
2026-07-30 15:26:00,090 [DEBUG] Rx: <7AE> (08) [p]	 065003003200c800
2026-07-30 15:26:00,090 [WARNING] PC_ID-035 - Start Extended session(10 03) -> FAIL - Unexpected response
2026-07-30 15:26:00,092 [DEBUG] Stopping CanStack
2026-07-30 15:26:00,094 [DEBUG] Main thread is exiting
2026-07-30 15:26:00,139 [DEBUG] CanStack Stopped
2026-07-30 15:26:00,139 [INFO] Connection closed
2026-07-30 15:26:00,140 [INFO] Running Test Case: TC_ID-287
2026-07-30 15:26:00,140 [DEBUG] Starting CanStack
2026-07-30 15:26:00,142 [DEBUG] Main thread has started
2026-07-30 15:26:00,142 [DEBUG] Relay thread has started
2026-07-30 15:26:00,144 [INFO] Connection opened
2026-07-30 15:26:00,144 [INFO] Switched to physical mode for TC: TC_ID-287 Step: PreCondition: PC_ID-035  Testcase:Start Extended session(10 03)
2026-07-30 15:26:00,145 [INFO] TC_ID-287 - PreCondition: PC_ID-035  Testcase:Start Extended session(10 03): SID=0x10, Sub=0x03, Expected=[6, 80, 3, 0, 50, 0, 200, 170]
2026-07-30 15:26:00,225 [INFO] TC_ID-287 - PreCondition: PC_ID-035  Testcase:Start Extended session(10 03): Sending 1003
2026-07-30 15:26:00,281 [INFO] TC_ID-287 - PreCondition: PC_ID-035  Testcase:Start Extended session(10 03): Sending request 1003
2026-07-30 15:26:00,282 [DEBUG] Sending 2 bytes : [1003]
2026-07-30 15:26:00,283 [DEBUG] Enqueuing a SendRequest for 2 bytes and TAT=Physical
2026-07-30 15:26:00,285 [DEBUG] Tx: <7A6> (08) [ ]	 0210030000000000
2026-07-30 15:26:00,286 [DEBUG] We've been asked to write a message to the bus
2026-07-30 15:26:00,287 [DEBUG] sending: Timestamp:        0.000000    ID:      7a6    S Rx       BS       DL:  8    02 10 03 00 00 00 00 00
2026-07-30 15:26:00,296 [INFO] TC_ID-287 - Received: 5003003200C8
2026-07-30 15:26:00,301 [WARNING] TC_ID-287 - PreCondition: PC_ID-035  Testcase:Start Extended session(10 03) -> FAIL - Unexpected response
2026-07-30 15:26:00,304 [DEBUG] Rx: <7AE> (08) [p]	 065003003200c800
2026-07-30 15:26:00,305 [DEBUG] Stopping CanStack
2026-07-30 15:26:00,307 [DEBUG] Main thread is exiting
2026-07-30 15:26:00,350 [DEBUG] CanStack Stopped
2026-07-30 15:26:00,351 [INFO] Connection closed
2026-07-30 15:26:00,352 [INFO] Running Test Case: TC_ID-288
2026-07-30 15:26:00,352 [DEBUG] Starting CanStack
2026-07-30 15:26:00,353 [DEBUG] Main thread has started
2026-07-30 15:26:00,354 [DEBUG] Relay thread has started
2026-07-30 15:26:00,355 [INFO] Connection opened
2026-07-30 15:26:00,356 [INFO] Switched to physical mode for TC: TC_ID-288 Step: PreCondition: PC_ID-035  Testcase:Start default session(10 01)
2026-07-30 15:26:00,356 [INFO] TC_ID-288 - PreCondition: PC_ID-035  Testcase:Start default session(10 01): SID=0x10, Sub=0x01, Expected=[6, 80, 1, 0, 50, 1, 244, 170]
2026-07-30 15:26:00,436 [INFO] TC_ID-288 - PreCondition: PC_ID-035  Testcase:Start default session(10 01): Sending 1001
2026-07-30 15:26:00,493 [INFO] TC_ID-288 - PreCondition: PC_ID-035  Testcase:Start default session(10 01): Sending request 1001
2026-07-30 15:26:00,494 [DEBUG] Sending 2 bytes : [1001]
2026-07-30 15:26:00,495 [DEBUG] Enqueuing a SendRequest for 2 bytes and TAT=Physical
2026-07-30 15:26:00,497 [DEBUG] Tx: <7A6> (08) [ ]	 0210010000000000
2026-07-30 15:26:00,498 [DEBUG] We've been asked to write a message to the bus
2026-07-30 15:26:00,499 [DEBUG] sending: Timestamp:        0.000000    ID:      7a6    S Rx       BS       DL:  8    02 10 01 00 00 00 00 00
2026-07-30 15:26:00,506 [WARNING] TC_ID-288 - No response received
2026-07-30 15:26:00,569 [DEBUG] Stopping CanStack
2026-07-30 15:26:00,570 [DEBUG] Main thread is exiting
2026-07-30 15:26:00,605 [DEBUG] CanStack Stopped
2026-07-30 15:26:00,606 [INFO] Connection closed
2026-07-30 15:26:00,607 [INFO] Running Test Case: PC_ID-036
2026-07-30 15:26:00,607 [DEBUG] Starting CanStack
2026-07-30 15:26:00,609 [DEBUG] Main thread has started
2026-07-30 15:26:00,609 [DEBUG] Relay thread has started
2026-07-30 15:26:00,611 [INFO] Connection opened
2026-07-30 15:26:00,611 [INFO] Switched to physical mode for TC: PC_ID-036 Step: Start Extended session(10 03)
2026-07-30 15:26:00,612 [INFO] PC_ID-036 - Start Extended session(10 03): SID=0x10, Sub=0x03, Expected=[6, 80, 3, 0, 50, 1, 244, 0]
2026-07-30 15:26:00,677 [INFO] PC_ID-036 - Start Extended session(10 03): Sending 1003
2026-07-30 15:26:00,733 [INFO] PC_ID-036 - Start Extended session(10 03): Sending request 1003
2026-07-30 15:26:00,734 [DEBUG] Sending 2 bytes : [1003]
2026-07-30 15:26:00,735 [DEBUG] Enqueuing a SendRequest for 2 bytes and TAT=Physical
2026-07-30 15:26:00,737 [DEBUG] Tx: <7A6> (08) [ ]	 0210030000000000
2026-07-30 15:26:00,738 [DEBUG] We've been asked to write a message to the bus
2026-07-30 15:26:00,739 [DEBUG] sending: Timestamp:        0.000000    ID:      7a6    S Rx       BS       DL:  8    02 10 03 00 00 00 00 00
2026-07-30 15:26:00,748 [INFO] PC_ID-036 - Received: 5003003201F4
2026-07-30 15:26:00,755 [WARNING] PC_ID-036 - Start Extended session(10 03) -> FAIL - Unexpected response
2026-07-30 15:26:00,756 [DEBUG] Rx: <7AE> (08) [p]	 065003003201f4aa
2026-07-30 15:26:00,756 [DEBUG] Stopping CanStack
2026-07-30 15:26:00,759 [DEBUG] Main thread is exiting
2026-07-30 15:26:00,804 [DEBUG] CanStack Stopped
2026-07-30 15:26:00,805 [INFO] Connection closed
2026-07-30 15:26:00,806 [INFO] Running Test Case: TC_ID-289
2026-07-30 15:26:00,806 [DEBUG] Starting CanStack
2026-07-30 15:26:00,807 [DEBUG] Main thread has started
2026-07-30 15:26:00,808 [DEBUG] Relay thread has started
2026-07-30 15:26:00,810 [INFO] Connection opened
2026-07-30 15:26:00,810 [INFO] Switched to physical mode for TC: TC_ID-289 Step: PreCondition: PC_ID-036  Testcase:Start default session(10 01)
2026-07-30 15:26:00,811 [INFO] TC_ID-289 - PreCondition: PC_ID-036  Testcase:Start default session(10 01): SID=0x10, Sub=0x01, Expected=[6, 80, 1, 0, 50, 1, 244, 170]
2026-07-30 15:26:00,891 [INFO] TC_ID-289 - PreCondition: PC_ID-036  Testcase:Start default session(10 01): Sending 1001
2026-07-30 15:26:00,947 [INFO] TC_ID-289 - PreCondition: PC_ID-036  Testcase:Start default session(10 01): Sending request 1001
2026-07-30 15:26:00,971 [DEBUG] Sending 2 bytes : [1001]
2026-07-30 15:26:00,972 [DEBUG] Enqueuing a SendRequest for 2 bytes and TAT=Physical
2026-07-30 15:26:00,974 [DEBUG] Tx: <7A6> (08) [ ]	 0210010000000000
2026-07-30 15:26:00,976 [DEBUG] We've been asked to write a message to the bus
2026-07-30 15:26:00,977 [DEBUG] sending: Timestamp:        0.000000    ID:      7a6    S Rx       BS       DL:  8    02 10 01 00 00 00 00 00
2026-07-30 15:26:00,996 [INFO] TC_ID-289 - Received: 5001003201F4
2026-07-30 15:26:00,999 [DEBUG] Rx: <7AE> (08) [p]	 065001003201f4aa
2026-07-30 15:26:01,000 [WARNING] TC_ID-289 - PreCondition: PC_ID-036  Testcase:Start default session(10 01) -> FAIL - Unexpected response
2026-07-30 15:26:01,002 [DEBUG] Stopping CanStack
2026-07-30 15:26:01,003 [DEBUG] Main thread is exiting
2026-07-30 15:26:01,043 [DEBUG] CanStack Stopped
2026-07-30 15:26:01,044 [INFO] Connection closed
2026-07-30 15:26:01,045 [INFO] Running Test Case: PC_ID-037
2026-07-30 15:26:01,045 [DEBUG] Starting CanStack
2026-07-30 15:26:01,047 [DEBUG] Main thread has started
2026-07-30 15:26:01,047 [DEBUG] Relay thread has started
2026-07-30 15:26:01,048 [INFO] Connection opened
2026-07-30 15:26:01,049 [INFO] Switched to physical mode for TC: PC_ID-037 Step: Start Programming session(10 02)
2026-07-30 15:26:01,050 [INFO] PC_ID-037 - Start Programming session(10 02): SID=0x10, Sub=0x02, Expected=[6, 80, 2, 0, 50, 0, 200, 0]
2026-07-30 15:26:01,115 [INFO] PC_ID-037 - Start Programming session(10 02): Sending 1002
2026-07-30 15:26:01,170 [INFO] PC_ID-037 - Start Programming session(10 02): Sending request 1002
2026-07-30 15:26:01,171 [DEBUG] Sending 2 bytes : [1002]
2026-07-30 15:26:01,172 [DEBUG] Enqueuing a SendRequest for 2 bytes and TAT=Physical
2026-07-30 15:26:01,173 [DEBUG] Tx: <7A6> (08) [ ]	 0210020000000000
2026-07-30 15:26:01,175 [DEBUG] We've been asked to write a message to the bus
2026-07-30 15:26:01,176 [DEBUG] sending: Timestamp:        0.000000    ID:      7a6    S Rx       BS       DL:  8    02 10 02 00 00 00 00 00
2026-07-30 15:26:01,218 [INFO] PC_ID-037 - Received: 5002003200C8
2026-07-30 15:26:01,223 [DEBUG] Rx: <7AE> (08) [p]	 065002003200c800
2026-07-30 15:26:01,224 [WARNING] PC_ID-037 - Start Programming session(10 02) -> FAIL - Unexpected response
2026-07-30 15:26:01,225 [DEBUG] Stopping CanStack
2026-07-30 15:26:01,226 [DEBUG] Main thread is exiting
2026-07-30 15:26:01,272 [DEBUG] CanStack Stopped
2026-07-30 15:26:01,273 [INFO] Connection closed
2026-07-30 15:26:01,274 [INFO] Running Test Case: TC_ID-290
2026-07-30 15:26:01,275 [DEBUG] Starting CanStack
2026-07-30 15:26:01,276 [DEBUG] Main thread has started
2026-07-30 15:26:01,276 [DEBUG] Relay thread has started
2026-07-30 15:26:01,278 [INFO] Connection opened
2026-07-30 15:26:01,278 [INFO] Switched to physical mode for TC: TC_ID-290 Step: PreCondition: PC_ID-037  Testcase:Start Extended session(10 03)
2026-07-30 15:26:01,279 [INFO] TC_ID-290 - PreCondition: PC_ID-037  Testcase:Start Extended session(10 03): SID=0x10, Sub=0x03, Expected=[6, 80, 3, 0, 50, 0, 200, 170]
2026-07-30 15:26:01,358 [INFO] TC_ID-290 - PreCondition: PC_ID-037  Testcase:Start Extended session(10 03): Sending 1003
2026-07-30 15:26:01,414 [INFO] TC_ID-290 - PreCondition: PC_ID-037  Testcase:Start Extended session(10 03): Sending request 1003
2026-07-30 15:26:01,416 [DEBUG] Sending 2 bytes : [1003]
2026-07-30 15:26:01,417 [DEBUG] Enqueuing a SendRequest for 2 bytes and TAT=Physical
2026-07-30 15:26:01,418 [DEBUG] Tx: <7A6> (08) [ ]	 0210030000000000
2026-07-30 15:26:01,419 [DEBUG] We've been asked to write a message to the bus
2026-07-30 15:26:01,420 [DEBUG] sending: Timestamp:        0.000000    ID:      7a6    S Rx       BS       DL:  8    02 10 03 00 00 00 00 00
2026-07-30 15:26:01,428 [INFO] TC_ID-290 - Received: 5003003200C8
2026-07-30 15:26:01,435 [DEBUG] Rx: <7AE> (08) [p]	 065003003200c800
2026-07-30 15:26:01,438 [WARNING] TC_ID-290 - PreCondition: PC_ID-037  Testcase:Start Extended session(10 03) -> FAIL - Unexpected response
2026-07-30 15:26:01,439 [DEBUG] Stopping CanStack
2026-07-30 15:26:01,440 [DEBUG] Main thread is exiting
2026-07-30 15:26:01,484 [DEBUG] CanStack Stopped
2026-07-30 15:26:01,485 [INFO] Connection closed
2026-07-30 15:26:01,486 [INFO] Running Test Case: PC_ID-038
2026-07-30 15:26:01,486 [DEBUG] Starting CanStack
2026-07-30 15:26:01,487 [DEBUG] Main thread has started
2026-07-30 15:26:01,488 [DEBUG] Relay thread has started
2026-07-30 15:26:01,489 [INFO] Connection opened
2026-07-30 15:26:01,490 [INFO] Switched to physical mode for TC: PC_ID-038 Step: Start default session(10 01)
2026-07-30 15:26:01,490 [INFO] PC_ID-038 - Start default session(10 01): SID=0x10, Sub=0x01, Expected=[6, 80, 1, 0, 50, 1, 244, 170]
2026-07-30 15:26:01,554 [INFO] PC_ID-038 - Start default session(10 01): Sending 1001
2026-07-30 15:26:01,608 [INFO] PC_ID-038 - Start default session(10 01): Sending request 1001
2026-07-30 15:26:01,609 [DEBUG] Sending 2 bytes : [1001]
2026-07-30 15:26:01,611 [DEBUG] Enqueuing a SendRequest for 2 bytes and TAT=Physical
2026-07-30 15:26:01,612 [DEBUG] Tx: <7A6> (08) [ ]	 0210010000000000
2026-07-30 15:26:01,613 [DEBUG] We've been asked to write a message to the bus
2026-07-30 15:26:01,615 [DEBUG] sending: Timestamp:        0.000000    ID:      7a6    S Rx       BS       DL:  8    02 10 01 00 00 00 00 00
2026-07-30 15:26:01,629 [WARNING] PC_ID-038 - No response received
2026-07-30 15:26:01,695 [DEBUG] Stopping CanStack
2026-07-30 15:26:01,696 [DEBUG] Main thread is exiting
2026-07-30 15:26:01,735 [DEBUG] CanStack Stopped
2026-07-30 15:26:01,739 [INFO] Connection closed
2026-07-30 15:26:01,742 [INFO] Running Test Case: TC_ID-291
2026-07-30 15:26:01,745 [DEBUG] Starting CanStack
2026-07-30 15:26:01,747 [DEBUG] Main thread has started
2026-07-30 15:26:01,749 [DEBUG] Relay thread has started
2026-07-30 15:26:01,751 [INFO] Connection opened
2026-07-30 15:26:01,752 [INFO] Switched to physical mode for TC: TC_ID-291 Step: PreCondition: PC_ID-038  Testcase:Incorrect message length(10 03 01)
2026-07-30 15:26:01,754 [INFO] TC_ID-291 - PreCondition: PC_ID-038  Testcase:Incorrect message length(10 03 01): SID=0x10, Sub=0x0102, Expected=[3, 127, 16, 19, 170, 170, 170, 170]
2026-07-30 15:26:01,842 [INFO] TC_ID-291 - PreCondition: PC_ID-038  Testcase:Incorrect message length(10 03 01): Sending 100102
2026-07-30 15:26:01,898 [INFO] TC_ID-291 - PreCondition: PC_ID-038  Testcase:Incorrect message length(10 03 01): Sending request 100102
2026-07-30 15:26:01,899 [DEBUG] Sending 3 bytes : [100102]
2026-07-30 15:26:01,900 [DEBUG] Enqueuing a SendRequest for 3 bytes and TAT=Physical
2026-07-30 15:26:01,902 [DEBUG] Tx: <7A6> (08) [ ]	 0310010200000000
2026-07-30 15:26:01,903 [DEBUG] We've been asked to write a message to the bus
2026-07-30 15:26:01,904 [DEBUG] sending: Timestamp:        0.000000    ID:      7a6    S Rx       BS       DL:  8    03 10 01 02 00 00 00 00
2026-07-30 15:26:01,911 [INFO] TC_ID-291 - Received: 7F1013
2026-07-30 15:26:01,913 [DEBUG] Rx: <7AE> (08) [p]	 037f1013aaaaaaaa
2026-07-30 15:26:01,915 [WARNING] TC_ID-291 - PreCondition: PC_ID-038  Testcase:Incorrect message length(10 03 01) -> FAIL - Unexpected response
2026-07-30 15:26:01,922 [DEBUG] Stopping CanStack
2026-07-30 15:26:01,923 [DEBUG] Main thread is exiting
2026-07-30 15:26:01,961 [DEBUG] CanStack Stopped
2026-07-30 15:26:01,962 [INFO] Connection closed
2026-07-30 15:26:01,963 [INFO] Running Test Case: TC_ID-292
2026-07-30 15:26:01,964 [DEBUG] Starting CanStack
2026-07-30 15:26:01,965 [DEBUG] Main thread has started
2026-07-30 15:26:01,966 [DEBUG] Relay thread has started
2026-07-30 15:26:01,967 [INFO] Connection opened
2026-07-30 15:26:01,968 [INFO] Switched to physical mode for TC: TC_ID-292 Step: PreCondition: PC_ID-038  Testcase:Incorrect message length(10 01 01)
2026-07-30 15:26:01,968 [INFO] TC_ID-292 - PreCondition: PC_ID-038  Testcase:Incorrect message length(10 01 01): SID=0x10, Sub=0x0101, Expected=[3, 127, 16, 19, 170, 170, 170, 170]
2026-07-30 15:26:02,049 [INFO] TC_ID-292 - PreCondition: PC_ID-038  Testcase:Incorrect message length(10 01 01): Sending 100101
2026-07-30 15:26:02,106 [INFO] TC_ID-292 - PreCondition: PC_ID-038  Testcase:Incorrect message length(10 01 01): Sending request 100101
2026-07-30 15:26:02,107 [DEBUG] Sending 3 bytes : [100101]
2026-07-30 15:26:02,108 [DEBUG] Enqueuing a SendRequest for 3 bytes and TAT=Physical
2026-07-30 15:26:02,109 [DEBUG] Tx: <7A6> (08) [ ]	 0310010100000000
2026-07-30 15:26:02,110 [DEBUG] We've been asked to write a message to the bus
2026-07-30 15:26:02,111 [DEBUG] sending: Timestamp:        0.000000    ID:      7a6    S Rx       BS       DL:  8    03 10 01 01 00 00 00 00
2026-07-30 15:26:02,123 [INFO] TC_ID-292 - Received: 7F1013
2026-07-30 15:26:02,128 [WARNING] TC_ID-292 - PreCondition: PC_ID-038  Testcase:Incorrect message length(10 01 01) -> FAIL - Unexpected response
2026-07-30 15:26:02,129 [DEBUG] Rx: <7AE> (08) [p]	 037f1013aaaaaaaa
2026-07-30 15:26:02,130 [DEBUG] Stopping CanStack
2026-07-30 15:26:02,132 [DEBUG] Main thread is exiting
2026-07-30 15:26:02,177 [DEBUG] CanStack Stopped
2026-07-30 15:26:02,178 [INFO] Connection closed
2026-07-30 15:26:02,178 [INFO] Running Test Case: TC_ID-293
2026-07-30 15:26:02,179 [DEBUG] Starting CanStack
2026-07-30 15:26:02,180 [DEBUG] Main thread has started
2026-07-30 15:26:02,181 [DEBUG] Relay thread has started
2026-07-30 15:26:02,182 [INFO] Connection opened
2026-07-30 15:26:02,183 [INFO] Switched to physical mode for TC: TC_ID-293 Step: PreCondition: PC_ID-038  Testcase:Sub function not supported(14FFFFF1)
2026-07-30 15:26:02,183 [INFO] TC_ID-293 - PreCondition: PC_ID-038  Testcase:Sub function not supported(14FFFFF1): SID=0x14, Sub=0xFFFFF1, Expected=[3, 127, 20, 18, 170, 170, 170, 170]
2026-07-30 15:26:02,265 [INFO] TC_ID-293 - PreCondition: PC_ID-038  Testcase:Sub function not supported(14FFFFF1): Sending 14FFFFF1
2026-07-30 15:26:02,266 [INFO] TC_ID-293 - PreCondition: PC_ID-038  Testcase:Sub function not supported(14FFFFF1): Sending request 14FFFFF1
2026-07-30 15:26:02,267 [DEBUG] Sending 4 bytes : [14fffff1]
2026-07-30 15:26:02,268 [DEBUG] Enqueuing a SendRequest for 4 bytes and TAT=Physical
2026-07-30 15:26:02,270 [DEBUG] Tx: <7A6> (08) [ ]	 0414fffff1000000
2026-07-30 15:26:02,271 [DEBUG] We've been asked to write a message to the bus
2026-07-30 15:26:02,272 [DEBUG] sending: Timestamp:        0.000000    ID:      7a6    S Rx       BS       DL:  8    04 14 ff ff f1 00 00 00
2026-07-30 15:26:02,282 [WARNING] -----------------------------------------------TC_ID-293 PreCondition: PC_ID-038  Testcase:Sub function not supported(14FFFFF1) -> FAIL - Expected Positive Response, but got NRC: 0x12-----------------------------------------------
2026-07-30 15:26:02,286 [DEBUG] Stopping CanStack
2026-07-30 15:26:02,287 [DEBUG] Rx: <7AE> (08) [p]	 037f1412aaaaaaaa
2026-07-30 15:26:02,289 [DEBUG] Main thread is exiting
2026-07-30 15:26:02,337 [DEBUG] CanStack Stopped
2026-07-30 15:26:02,338 [INFO] Connection closed
2026-07-30 15:26:02,338 [INFO] Running Test Case: TC_ID-294
2026-07-30 15:26:02,339 [DEBUG] Starting CanStack
2026-07-30 15:26:02,340 [DEBUG] Main thread has started
2026-07-30 15:26:02,341 [DEBUG] Relay thread has started
2026-07-30 15:26:02,342 [INFO] Connection opened
2026-07-30 15:26:02,343 [INFO] Switched to physical mode for TC: TC_ID-294 Step: PreCondition: PC_ID-038  Testcase:Incorrect message length(14FFFFFFFF)
2026-07-30 15:26:02,343 [INFO] TC_ID-294 - PreCondition: PC_ID-038  Testcase:Incorrect message length(14FFFFFFFF): SID=0x14, Sub=0xFFFFFFFF, Expected=[3, 127, 20, 19, 170, 170, 170, 170]
2026-07-30 15:26:02,428 [INFO] TC_ID-294 - PreCondition: PC_ID-038  Testcase:Incorrect message length(14FFFFFFFF): Sending 14FFFFFFFF
2026-07-30 15:26:02,428 [INFO] TC_ID-294 - PreCondition: PC_ID-038  Testcase:Incorrect message length(14FFFFFFFF): Sending request 14FFFFFFFF
2026-07-30 15:26:02,429 [DEBUG] Sending 5 bytes : [14ffffffff]
2026-07-30 15:26:02,431 [DEBUG] Enqueuing a SendRequest for 5 bytes and TAT=Physical
2026-07-30 15:26:02,432 [DEBUG] Tx: <7A6> (08) [ ]	 0514ffffffff0000
2026-07-30 15:26:02,434 [DEBUG] We've been asked to write a message to the bus
2026-07-30 15:26:02,435 [DEBUG] sending: Timestamp:        0.000000    ID:      7a6    S Rx       BS       DL:  8    05 14 ff ff ff ff 00 00
2026-07-30 15:26:02,445 [DEBUG] Rx: <7AE> (08) [p]	 037f1413aaaaaaaa
2026-07-30 15:26:02,448 [WARNING] -----------------------------------------------TC_ID-294 PreCondition: PC_ID-038  Testcase:Incorrect message length(14FFFFFFFF) -> FAIL - Expected Positive Response, but got NRC: 0x13-----------------------------------------------
2026-07-30 15:26:02,449 [DEBUG] Stopping CanStack
2026-07-30 15:26:02,450 [DEBUG] Main thread is exiting
2026-07-30 15:26:02,494 [DEBUG] CanStack Stopped
2026-07-30 15:26:02,495 [INFO] Connection closed
2026-07-30 15:26:02,496 [INFO] Running Test Case: TC_ID-295
2026-07-30 15:26:02,496 [DEBUG] Starting CanStack
2026-07-30 15:26:02,498 [DEBUG] Main thread has started
2026-07-30 15:26:02,498 [DEBUG] Relay thread has started
2026-07-30 15:26:02,500 [INFO] Connection opened
2026-07-30 15:26:02,500 [INFO] Switched to physical mode for TC: TC_ID-295 Step: PreCondition: PC_ID-038  Testcase:Incorrect message length(22F18B02)
2026-07-30 15:26:02,501 [INFO] TC_ID-295 - PreCondition: PC_ID-038  Testcase:Incorrect message length(22F18B02): SID=0x22, Sub=0xF18B02, Expected=[3, 127, 34, 19, 170, 170, 170, 170]
2026-07-30 15:26:02,585 [INFO] TC_ID-295 - PreCondition: PC_ID-038  Testcase:Incorrect message length(22F18B02): Sending request 22F18B02
2026-07-30 15:26:02,586 [INFO] TC_ID-295 - PreCondition: PC_ID-038  Testcase:Incorrect message length(22F18B02): Sending request 22F18B02
2026-07-30 15:26:02,587 [DEBUG] Sending 4 bytes : [22f18b02]
2026-07-30 15:26:02,588 [DEBUG] Enqueuing a SendRequest for 4 bytes and TAT=Physical
2026-07-30 15:26:02,590 [DEBUG] Tx: <7A6> (08) [ ]	 0422f18b02000000
2026-07-30 15:26:02,591 [DEBUG] We've been asked to write a message to the bus
2026-07-30 15:26:02,592 [DEBUG] sending: Timestamp:        0.000000    ID:      7a6    S Rx       BS       DL:  8    04 22 f1 8b 02 00 00 00
2026-07-30 15:26:02,605 [DEBUG] Rx: <7AE> (08) [p]	 037f2213aaaaaaaa
2026-07-30 15:26:02,652 [INFO] TC_ID-295 - Received: 7F2213
2026-07-30 15:26:02,653 [WARNING] TC_ID-295 - PreCondition: PC_ID-038  Testcase:Incorrect message length(22F18B02) -> ❌ FAIL - Expected 037F2213AAAAAAAA
2026-07-30 15:26:02,654 [DEBUG] Stopping CanStack
2026-07-30 15:26:02,655 [DEBUG] Main thread is exiting
2026-07-30 15:26:02,702 [DEBUG] CanStack Stopped
2026-07-30 15:26:02,703 [INFO] Connection closed
2026-07-30 15:26:02,704 [INFO] Running Test Case: TC_ID-296
2026-07-30 15:26:02,704 [DEBUG] Starting CanStack
2026-07-30 15:26:02,705 [DEBUG] Main thread has started
2026-07-30 15:26:02,706 [DEBUG] Relay thread has started
2026-07-30 15:26:02,707 [INFO] Connection opened
2026-07-30 15:26:02,708 [INFO] Switched to physical mode for TC: TC_ID-296 Step: PreCondition: PC_ID-038  Testcase:Incorrect message length(22F18701)
2026-07-30 15:26:02,708 [INFO] TC_ID-296 - PreCondition: PC_ID-038  Testcase:Incorrect message length(22F18701): SID=0x22, Sub=0xF18701, Expected=[3, 127, 34, 19, 170, 170, 170, 170]
2026-07-30 15:26:02,792 [INFO] TC_ID-296 - PreCondition: PC_ID-038  Testcase:Incorrect message length(22F18701): Sending request 22F18701
2026-07-30 15:26:02,793 [INFO] TC_ID-296 - PreCondition: PC_ID-038  Testcase:Incorrect message length(22F18701): Sending request 22F18701
2026-07-30 15:26:02,794 [DEBUG] Sending 4 bytes : [22f18701]
2026-07-30 15:26:02,795 [DEBUG] Enqueuing a SendRequest for 4 bytes and TAT=Physical
2026-07-30 15:26:02,797 [DEBUG] Tx: <7A6> (08) [ ]	 0422f18701000000
2026-07-30 15:26:02,798 [DEBUG] We've been asked to write a message to the bus
2026-07-30 15:26:02,799 [DEBUG] sending: Timestamp:        0.000000    ID:      7a6    S Rx       BS       DL:  8    04 22 f1 87 01 00 00 00
2026-07-30 15:26:02,813 [DEBUG] Rx: <7AE> (08) [p]	 037f2213aaaaaaaa
2026-07-30 15:26:02,865 [INFO] TC_ID-296 - Received: 7F2213
2026-07-30 15:26:02,866 [WARNING] TC_ID-296 - PreCondition: PC_ID-038  Testcase:Incorrect message length(22F18701) -> ❌ FAIL - Expected 037F2213AAAAAAAA
2026-07-30 15:26:02,866 [DEBUG] Stopping CanStack
2026-07-30 15:26:02,867 [DEBUG] Main thread is exiting
2026-07-30 15:26:02,914 [DEBUG] CanStack Stopped
2026-07-30 15:26:02,915 [INFO] Connection closed
2026-07-30 15:26:02,916 [INFO] Running Test Case: TC_ID-297
2026-07-30 15:26:02,916 [DEBUG] Starting CanStack
2026-07-30 15:26:02,917 [DEBUG] Main thread has started
2026-07-30 15:26:02,918 [DEBUG] Relay thread has started
2026-07-30 15:26:02,919 [INFO] Connection opened
2026-07-30 15:26:02,920 [INFO] Switched to physical mode for TC: TC_ID-297 Step: PreCondition: PC_ID-038  Testcase:Incorrect message length(22F1A001)
2026-07-30 15:26:02,920 [INFO] TC_ID-297 - PreCondition: PC_ID-038  Testcase:Incorrect message length(22F1A001): SID=0x22, Sub=0xF1A001, Expected=[3, 127, 34, 19, 170, 170, 170, 170]
2026-07-30 15:26:03,008 [INFO] TC_ID-297 - PreCondition: PC_ID-038  Testcase:Incorrect message length(22F1A001): Sending request 22F1A001
2026-07-30 15:26:03,009 [INFO] TC_ID-297 - PreCondition: PC_ID-038  Testcase:Incorrect message length(22F1A001): Sending request 22F1A001
2026-07-30 15:26:03,010 [DEBUG] Sending 4 bytes : [22f1a001]
2026-07-30 15:26:03,011 [DEBUG] Enqueuing a SendRequest for 4 bytes and TAT=Physical
2026-07-30 15:26:03,013 [DEBUG] Tx: <7A6> (08) [ ]	 0422f1a001000000
2026-07-30 15:26:03,014 [DEBUG] We've been asked to write a message to the bus
2026-07-30 15:26:03,015 [DEBUG] sending: Timestamp:        0.000000    ID:      7a6    S Rx       BS       DL:  8    04 22 f1 a0 01 00 00 00
2026-07-30 15:26:03,026 [DEBUG] Rx: <7AE> (08) [p]	 037f2213aaaaaaaa
2026-07-30 15:26:03,072 [INFO] TC_ID-297 - Received: 7F2213
2026-07-30 15:26:03,073 [WARNING] TC_ID-297 - PreCondition: PC_ID-038  Testcase:Incorrect message length(22F1A001) -> ❌ FAIL - Expected 037F2213AAAAAAAA
2026-07-30 15:26:03,073 [DEBUG] Stopping CanStack
2026-07-30 15:26:03,074 [DEBUG] Main thread is exiting
2026-07-30 15:26:03,076 [DEBUG] CanStack Stopped
2026-07-30 15:26:03,076 [INFO] Connection closed
2026-07-30 15:26:03,077 [INFO] Running Test Case: TC_ID-298
2026-07-30 15:26:03,078 [DEBUG] Starting CanStack
2026-07-30 15:26:03,079 [DEBUG] Main thread has started
2026-07-30 15:26:03,080 [DEBUG] Relay thread has started
2026-07-30 15:26:03,081 [INFO] Connection opened
2026-07-30 15:26:03,081 [INFO] Switched to physical mode for TC: TC_ID-298 Step: PreCondition: PC_ID-038  Testcase:Incorrect message length(22F19504)
2026-07-30 15:26:03,082 [INFO] TC_ID-298 - PreCondition: PC_ID-038  Testcase:Incorrect message length(22F19504): SID=0x22, Sub=0xF19504, Expected=[3, 127, 34, 19, 170, 170, 170, 170]
2026-07-30 15:26:03,166 [INFO] TC_ID-298 - PreCondition: PC_ID-038  Testcase:Incorrect message length(22F19504): Sending request 22F19504
2026-07-30 15:26:03,167 [INFO] TC_ID-298 - PreCondition: PC_ID-038  Testcase:Incorrect message length(22F19504): Sending request 22F19504
2026-07-30 15:26:03,168 [DEBUG] Sending 4 bytes : [22f19504]
2026-07-30 15:26:03,169 [DEBUG] Enqueuing a SendRequest for 4 bytes and TAT=Physical
2026-07-30 15:26:03,171 [DEBUG] Tx: <7A6> (08) [ ]	 0422f19504000000
2026-07-30 15:26:03,172 [DEBUG] We've been asked to write a message to the bus
2026-07-30 15:26:03,173 [DEBUG] sending: Timestamp:        0.000000    ID:      7a6    S Rx       BS       DL:  8    04 22 f1 95 04 00 00 00
2026-07-30 15:26:03,186 [DEBUG] Rx: <7AE> (08) [p]	 037f2213aaaaaaaa
2026-07-30 15:26:03,234 [INFO] TC_ID-298 - Received: 7F2213
2026-07-30 15:26:03,234 [WARNING] TC_ID-298 - PreCondition: PC_ID-038  Testcase:Incorrect message length(22F19504) -> ❌ FAIL - Expected 037F2213AAAAAAAA
2026-07-30 15:26:03,235 [DEBUG] Stopping CanStack
2026-07-30 15:26:03,236 [DEBUG] Main thread is exiting
2026-07-30 15:26:03,237 [DEBUG] CanStack Stopped
2026-07-30 15:26:03,238 [INFO] Connection closed
2026-07-30 15:26:03,238 [INFO] Running Test Case: TC_ID-299
2026-07-30 15:26:03,239 [DEBUG] Starting CanStack
2026-07-30 15:26:03,240 [DEBUG] Main thread has started
2026-07-30 15:26:03,241 [DEBUG] Relay thread has started
2026-07-30 15:26:03,242 [INFO] Connection opened
2026-07-30 15:26:03,243 [INFO] Switched to physical mode for TC: TC_ID-299 Step: PreCondition: PC_ID-038  Testcase:Incorrect message length(22F1B001)
2026-07-30 15:26:03,243 [INFO] TC_ID-299 - PreCondition: PC_ID-038  Testcase:Incorrect message length(22F1B001): SID=0x22, Sub=0xF1B001, Expected=[3, 127, 34, 19, 170, 170, 170, 170]
2026-07-30 15:26:03,327 [INFO] TC_ID-299 - PreCondition: PC_ID-038  Testcase:Incorrect message length(22F1B001): Sending request 22F1B001
2026-07-30 15:26:03,328 [INFO] TC_ID-299 - PreCondition: PC_ID-038  Testcase:Incorrect message length(22F1B001): Sending request 22F1B001
2026-07-30 15:26:03,328 [DEBUG] Sending 4 bytes : [22f1b001]
2026-07-30 15:26:03,329 [DEBUG] Enqueuing a SendRequest for 4 bytes and TAT=Physical
2026-07-30 15:26:03,330 [DEBUG] Tx: <7A6> (08) [ ]	 0422f1b001000000
2026-07-30 15:26:03,331 [DEBUG] We've been asked to write a message to the bus
2026-07-30 15:26:03,331 [DEBUG] sending: Timestamp:        0.000000    ID:      7a6    S Rx       BS       DL:  8    04 22 f1 b0 01 00 00 00
2026-07-30 15:26:03,344 [DEBUG] Rx: <7AE> (08) [p]	 037f2213aaaaaaaa
2026-07-30 15:26:03,391 [INFO] TC_ID-299 - Received: 7F2213
2026-07-30 15:26:03,392 [WARNING] TC_ID-299 - PreCondition: PC_ID-038  Testcase:Incorrect message length(22F1B001) -> ❌ FAIL - Expected 037F2213AAAAAAAA
2026-07-30 15:26:03,393 [DEBUG] Stopping CanStack
2026-07-30 15:26:03,394 [DEBUG] Main thread is exiting
2026-07-30 15:26:03,444 [DEBUG] CanStack Stopped
2026-07-30 15:26:03,445 [INFO] Connection closed
2026-07-30 15:26:03,446 [INFO] Running Test Case: TC_ID-300
2026-07-30 15:26:03,447 [DEBUG] Starting CanStack
2026-07-30 15:26:03,448 [DEBUG] Main thread has started
2026-07-30 15:26:03,448 [DEBUG] Relay thread has started
2026-07-30 15:26:03,450 [INFO] Connection opened
2026-07-30 15:26:03,450 [INFO] Switched to physical mode for TC: TC_ID-300 Step: PreCondition: PC_ID-038  Testcase:Incorrect message length(22F19101)
2026-07-30 15:26:03,451 [INFO] TC_ID-300 - PreCondition: PC_ID-038  Testcase:Incorrect message length(22F19101): SID=0x22, Sub=0xF19101, Expected=[3, 127, 34, 19, 170, 170, 170, 170]
2026-07-30 15:26:03,534 [INFO] TC_ID-300 - PreCondition: PC_ID-038  Testcase:Incorrect message length(22F19101): Sending request 22F19101
2026-07-30 15:26:03,535 [INFO] TC_ID-300 - PreCondition: PC_ID-038  Testcase:Incorrect message length(22F19101): Sending request 22F19101
2026-07-30 15:26:03,536 [DEBUG] Sending 4 bytes : [22f19101]
2026-07-30 15:26:03,537 [DEBUG] Enqueuing a SendRequest for 4 bytes and TAT=Physical
2026-07-30 15:26:03,539 [DEBUG] Tx: <7A6> (08) [ ]	 0422f19101000000
2026-07-30 15:26:03,540 [DEBUG] We've been asked to write a message to the bus
2026-07-30 15:26:03,541 [DEBUG] sending: Timestamp:        0.000000    ID:      7a6    S Rx       BS       DL:  8    04 22 f1 91 01 00 00 00
2026-07-30 15:26:03,555 [DEBUG] Rx: <7AE> (08) [p]	 037f2213aaaaaaaa
2026-07-30 15:26:03,604 [INFO] TC_ID-300 - Received: 7F2213
2026-07-30 15:26:03,605 [WARNING] TC_ID-300 - PreCondition: PC_ID-038  Testcase:Incorrect message length(22F19101) -> ❌ FAIL - Expected 037F2213AAAAAAAA
2026-07-30 15:26:03,606 [DEBUG] Stopping CanStack
2026-07-30 15:26:03,607 [DEBUG] Main thread is exiting
2026-07-30 15:26:03,656 [DEBUG] CanStack Stopped
2026-07-30 15:26:03,657 [INFO] Connection closed
2026-07-30 15:26:03,658 [INFO] Running Test Case: TC_ID-301
2026-07-30 15:26:03,658 [DEBUG] Starting CanStack
2026-07-30 15:26:03,660 [DEBUG] Main thread has started
2026-07-30 15:26:03,660 [DEBUG] Relay thread has started
2026-07-30 15:26:03,662 [INFO] Connection opened
2026-07-30 15:26:03,662 [INFO] Switched to physical mode for TC: TC_ID-301 Step: PreCondition: PC_ID-038  Testcase:Incorrect message length(22F1EF02)
2026-07-30 15:26:03,663 [INFO] TC_ID-301 - PreCondition: PC_ID-038  Testcase:Incorrect message length(22F1EF02): SID=0x22, Sub=0xF1EF02, Expected=[3, 127, 34, 19, 170, 170, 170, 170]
2026-07-30 15:26:03,752 [INFO] TC_ID-301 - PreCondition: PC_ID-038  Testcase:Incorrect message length(22F1EF02): Sending request 22F1EF02
2026-07-30 15:26:03,753 [INFO] TC_ID-301 - PreCondition: PC_ID-038  Testcase:Incorrect message length(22F1EF02): Sending request 22F1EF02
2026-07-30 15:26:03,754 [DEBUG] Sending 4 bytes : [22f1ef02]
2026-07-30 15:26:03,755 [DEBUG] Enqueuing a SendRequest for 4 bytes and TAT=Physical
2026-07-30 15:26:03,757 [DEBUG] Tx: <7A6> (08) [ ]	 0422f1ef02000000
2026-07-30 15:26:03,758 [DEBUG] We've been asked to write a message to the bus
2026-07-30 15:26:03,759 [DEBUG] sending: Timestamp:        0.000000    ID:      7a6    S Rx       BS       DL:  8    04 22 f1 ef 02 00 00 00
2026-07-30 15:26:03,774 [DEBUG] Rx: <7AE> (08) [p]	 037f2213aaaaaaaa
2026-07-30 15:26:03,822 [INFO] TC_ID-301 - Received: 7F2213
2026-07-30 15:26:03,823 [WARNING] TC_ID-301 - PreCondition: PC_ID-038  Testcase:Incorrect message length(22F1EF02) -> ❌ FAIL - Expected 037F2213AAAAAAAA
2026-07-30 15:26:03,824 [DEBUG] Stopping CanStack
2026-07-30 15:26:03,825 [DEBUG] Main thread is exiting
2026-07-30 15:26:03,875 [DEBUG] CanStack Stopped
2026-07-30 15:26:03,875 [INFO] Connection closed
2026-07-30 15:26:03,876 [INFO] Running Test Case: TC_ID-302
2026-07-30 15:26:03,877 [DEBUG] Starting CanStack
2026-07-30 15:26:03,878 [DEBUG] Main thread has started
2026-07-30 15:26:03,878 [DEBUG] Relay thread has started
2026-07-30 15:26:03,880 [INFO] Connection opened
2026-07-30 15:26:03,880 [INFO] Switched to physical mode for TC: TC_ID-302 Step: PreCondition: PC_ID-038  Testcase:Incorrect message length(22F10001)
2026-07-30 15:26:03,881 [INFO] TC_ID-302 - PreCondition: PC_ID-038  Testcase:Incorrect message length(22F10001): SID=0x22, Sub=0xF10001, Expected=[3, 127, 34, 19, 170, 170, 170, 170]
2026-07-30 15:26:03,970 [INFO] TC_ID-302 - PreCondition: PC_ID-038  Testcase:Incorrect message length(22F10001): Sending request 22F10001
2026-07-30 15:26:03,970 [INFO] TC_ID-302 - PreCondition: PC_ID-038  Testcase:Incorrect message length(22F10001): Sending request 22F10001
2026-07-30 15:26:03,971 [DEBUG] Sending 4 bytes : [22f10001]
2026-07-30 15:26:03,972 [DEBUG] Enqueuing a SendRequest for 4 bytes and TAT=Physical
2026-07-30 15:26:03,975 [DEBUG] Tx: <7A6> (08) [ ]	 0422f10001000000
2026-07-30 15:26:03,976 [DEBUG] We've been asked to write a message to the bus
2026-07-30 15:26:03,977 [DEBUG] sending: Timestamp:        0.000000    ID:      7a6    S Rx       BS       DL:  8    04 22 f1 00 01 00 00 00
2026-07-30 15:26:03,992 [DEBUG] Rx: <7AE> (08) [p]	 037f2213aaaaaaaa
2026-07-30 15:26:04,041 [INFO] TC_ID-302 - Received: 7F2213
2026-07-30 15:26:04,042 [WARNING] TC_ID-302 - PreCondition: PC_ID-038  Testcase:Incorrect message length(22F10001) -> ❌ FAIL - Expected 037F2213AAAAAAAA
2026-07-30 15:26:04,043 [DEBUG] Stopping CanStack
2026-07-30 15:26:04,043 [DEBUG] Main thread is exiting
2026-07-30 15:26:04,092 [DEBUG] CanStack Stopped
2026-07-30 15:26:04,093 [INFO] Connection closed
2026-07-30 15:26:04,094 [INFO] Running Test Case: TC_ID-303
2026-07-30 15:26:04,095 [DEBUG] Starting CanStack
2026-07-30 15:26:04,096 [DEBUG] Main thread has started
2026-07-30 15:26:04,096 [DEBUG] Relay thread has started
2026-07-30 15:26:04,098 [INFO] Connection opened
2026-07-30 15:26:04,098 [INFO] Switched to physical mode for TC: TC_ID-303 Step: PreCondition: PC_ID-038  Testcase:Read DTC with Extended session(19 02)
2026-07-30 15:26:04,099 [INFO] TC_ID-303 - PreCondition: PC_ID-038  Testcase:Read DTC with Extended session(19 02): SID=0x19, Sub=0x02, Expected=[7, 89, 2, 8, 150, 3, 0, 8]
2026-07-30 15:26:04,189 [INFO] TC_ID-303 - PreCondition: PC_ID-038  Testcase:Read DTC with Extended session(19 02): Sending 190208
2026-07-30 15:26:04,190 [INFO] TC_ID-303 - PreCondition: PC_ID-038  Testcase:Read DTC with Extended session(19 02): Sending request 190208
2026-07-30 15:26:04,191 [DEBUG] Sending 3 bytes : [190208]
2026-07-30 15:26:04,192 [DEBUG] Enqueuing a SendRequest for 3 bytes and TAT=Physical
2026-07-30 15:26:04,194 [DEBUG] Tx: <7A6> (08) [ ]	 0319020800000000
2026-07-30 15:26:04,195 [DEBUG] We've been asked to write a message to the bus
2026-07-30 15:26:04,196 [DEBUG] sending: Timestamp:        0.000000    ID:      7a6    S Rx       BS       DL:  8    03 19 02 08 00 00 00 00
2026-07-30 15:26:04,202 [INFO] TC_ID-303 PreCondition: PC_ID-038  Testcase:Read DTC with Extended session(19 02) -> Response shorter than expected (3/7). Waiting for remaining payload.
2026-07-30 15:26:04,208 [DEBUG] Rx: <7AE> (08) [p]	 03590200aaaaaaaa
2026-07-30 15:26:04,210 [DEBUG] Received 3 bytes : [590200]
2026-07-30 15:26:09,212 [DEBUG] No data received: [TimeoutException] - Did not receive IsoTP frame from the Transport layer in time (timeout=5.0 sec) 
2026-07-30 15:26:09,212 [WARNING] TC_ID-303 PreCondition: PC_ID-038  Testcase:Read DTC with Extended session(19 02) -> Timed out while extending response (6/7)
2026-07-30 15:26:09,213 [WARNING] -----------------------------------------------TC_ID-303 PreCondition: PC_ID-038  Testcase:Read DTC with Extended session(19 02) -> FAIL - Expected [7, 89, 2, 8, 150, 3, 0, 8], got [89, 2, 0, 89, 2, 0]-----------------------------------------------
2026-07-30 15:26:09,214 [DEBUG] Stopping CanStack
2026-07-30 15:26:09,215 [DEBUG] Main thread is exiting
2026-07-30 15:26:09,222 [DEBUG] CanStack Stopped
2026-07-30 15:26:09,225 [INFO] Connection closed
2026-07-30 15:26:09,229 [INFO] Running Test Case: PC_ID-039
2026-07-30 15:26:09,232 [DEBUG] Starting CanStack
2026-07-30 15:26:09,234 [DEBUG] Main thread has started
2026-07-30 15:26:09,235 [DEBUG] Relay thread has started
2026-07-30 15:26:09,237 [INFO] Connection opened
2026-07-30 15:26:09,238 [INFO] Switched to physical mode for TC: PC_ID-039 Step: Start Extended session(10 03)
2026-07-30 15:26:09,239 [INFO] PC_ID-039 - Start Extended session(10 03): SID=0x10, Sub=0x03, Expected=[6, 80, 3, 0, 50, 1, 244, 170]
2026-07-30 15:26:09,304 [INFO] PC_ID-039 - Start Extended session(10 03): Sending 1003
2026-07-30 15:26:09,360 [INFO] PC_ID-039 - Start Extended session(10 03): Sending request 1003
2026-07-30 15:26:09,361 [DEBUG] Sending 2 bytes : [1003]
2026-07-30 15:26:09,362 [DEBUG] Enqueuing a SendRequest for 2 bytes and TAT=Physical
2026-07-30 15:26:09,363 [DEBUG] Tx: <7A6> (08) [ ]	 0210030000000000
2026-07-30 15:26:09,365 [DEBUG] We've been asked to write a message to the bus
2026-07-30 15:26:09,366 [DEBUG] sending: Timestamp:        0.000000    ID:      7a6    S Rx       BS       DL:  8    02 10 03 00 00 00 00 00
2026-07-30 15:26:09,371 [INFO] PC_ID-039 - Received: 5003003201F4
2026-07-30 15:26:09,378 [WARNING] PC_ID-039 - Start Extended session(10 03) -> FAIL - Unexpected response
2026-07-30 15:26:09,380 [DEBUG] Rx: <7AE> (08) [p]	 065003003201f4aa
2026-07-30 15:26:09,383 [DEBUG] Stopping CanStack
2026-07-30 15:26:09,384 [DEBUG] Main thread is exiting
2026-07-30 15:26:09,426 [DEBUG] CanStack Stopped
2026-07-30 15:26:09,427 [INFO] Connection closed
2026-07-30 15:26:09,428 [INFO] Running Test Case: TC_ID-304
2026-07-30 15:26:09,428 [DEBUG] Starting CanStack
2026-07-30 15:26:09,429 [DEBUG] Main thread has started
2026-07-30 15:26:09,430 [DEBUG] Relay thread has started
2026-07-30 15:26:09,431 [INFO] Connection opened
2026-07-30 15:26:09,432 [INFO] Switched to physical mode for TC: TC_ID-304 Step: PreCondition: PC_ID-039  Testcase:Incorrect message length(10 03 01)
2026-07-30 15:26:09,432 [INFO] TC_ID-304 - PreCondition: PC_ID-039  Testcase:Incorrect message length(10 03 01): SID=0x10, Sub=0x0301, Expected=[3, 127, 16, 19, 170, 170, 170, 170]
2026-07-30 15:26:09,515 [INFO] TC_ID-304 - PreCondition: PC_ID-039  Testcase:Incorrect message length(10 03 01): Sending 100301
2026-07-30 15:26:09,570 [INFO] TC_ID-304 - PreCondition: PC_ID-039  Testcase:Incorrect message length(10 03 01): Sending request 100301
2026-07-30 15:26:09,572 [DEBUG] Sending 3 bytes : [100301]
2026-07-30 15:26:09,573 [DEBUG] Enqueuing a SendRequest for 3 bytes and TAT=Physical
2026-07-30 15:26:09,574 [DEBUG] Tx: <7A6> (08) [ ]	 0310030100000000
2026-07-30 15:26:09,575 [DEBUG] We've been asked to write a message to the bus
2026-07-30 15:26:09,576 [DEBUG] sending: Timestamp:        0.000000    ID:      7a6    S Rx       BS       DL:  8    03 10 03 01 00 00 00 00
2026-07-30 15:26:09,581 [INFO] TC_ID-304 - Received: 7F1013
2026-07-30 15:26:09,586 [WARNING] TC_ID-304 - PreCondition: PC_ID-039  Testcase:Incorrect message length(10 03 01) -> FAIL - Unexpected response
2026-07-30 15:26:09,588 [DEBUG] Rx: <7AE> (08) [p]	 037f1013aaaaaaaa
2026-07-30 15:26:09,591 [DEBUG] Stopping CanStack
2026-07-30 15:26:09,595 [DEBUG] Main thread is exiting
2026-07-30 15:26:09,636 [DEBUG] CanStack Stopped
2026-07-30 15:26:09,636 [INFO] Connection closed
2026-07-30 15:26:09,637 [INFO] Running Test Case: TC_ID-305
2026-07-30 15:26:09,638 [DEBUG] Starting CanStack
2026-07-30 15:26:09,639 [DEBUG] Main thread has started
2026-07-30 15:26:09,640 [DEBUG] Relay thread has started
2026-07-30 15:26:09,641 [INFO] Connection opened
2026-07-30 15:26:09,641 [INFO] Switched to physical mode for TC: TC_ID-305 Step: PreCondition: PC_ID-039  Testcase:Incorrect message length(22F18701)
2026-07-30 15:26:09,642 [INFO] TC_ID-305 - PreCondition: PC_ID-039  Testcase:Incorrect message length(22F18701): SID=0x22, Sub=0xF18701, Expected=[3, 127, 34, 19, 170, 170, 170, 170]
2026-07-30 15:26:09,726 [INFO] TC_ID-305 - PreCondition: PC_ID-039  Testcase:Incorrect message length(22F18701): Sending request 22F18701
2026-07-30 15:26:09,727 [INFO] TC_ID-305 - PreCondition: PC_ID-039  Testcase:Incorrect message length(22F18701): Sending request 22F18701
2026-07-30 15:26:09,728 [DEBUG] Sending 4 bytes : [22f18701]
2026-07-30 15:26:09,729 [DEBUG] Enqueuing a SendRequest for 4 bytes and TAT=Physical
2026-07-30 15:26:09,731 [DEBUG] Tx: <7A6> (08) [ ]	 0422f18701000000
2026-07-30 15:26:09,732 [DEBUG] We've been asked to write a message to the bus
2026-07-30 15:26:09,733 [DEBUG] sending: Timestamp:        0.000000    ID:      7a6    S Rx       BS       DL:  8    04 22 f1 87 01 00 00 00
2026-07-30 15:26:09,747 [DEBUG] Rx: <7AE> (08) [p]	 037f2213aaaaaaaa
2026-07-30 15:26:09,794 [INFO] TC_ID-305 - Received: 7F2213
2026-07-30 15:26:09,795 [WARNING] TC_ID-305 - PreCondition: PC_ID-039  Testcase:Incorrect message length(22F18701) -> ❌ FAIL - Expected 037F2213AAAAAAAA
2026-07-30 15:26:09,796 [DEBUG] Stopping CanStack
2026-07-30 15:26:09,797 [DEBUG] Main thread is exiting
2026-07-30 15:26:09,798 [DEBUG] CanStack Stopped
2026-07-30 15:26:09,799 [INFO] Connection closed
2026-07-30 15:26:09,799 [INFO] Running Test Case: TC_ID-306
2026-07-30 15:26:09,800 [DEBUG] Starting CanStack
2026-07-30 15:26:09,801 [DEBUG] Main thread has started
2026-07-30 15:26:09,802 [DEBUG] Relay thread has started
2026-07-30 15:26:09,803 [INFO] Connection opened
2026-07-30 15:26:09,803 [INFO] Switched to physical mode for TC: TC_ID-306 Step: PreCondition: PC_ID-039  Testcase:Incorrect message length(22F19703)
2026-07-30 15:26:09,804 [INFO] TC_ID-306 - PreCondition: PC_ID-039  Testcase:Incorrect message length(22F19703): SID=0x22, Sub=0xF19703, Expected=[3, 127, 34, 19, 170, 170, 170, 170]
2026-07-30 15:26:09,888 [INFO] TC_ID-306 - PreCondition: PC_ID-039  Testcase:Incorrect message length(22F19703): Sending request 22F19703
2026-07-30 15:26:09,889 [INFO] TC_ID-306 - PreCondition: PC_ID-039  Testcase:Incorrect message length(22F19703): Sending request 22F19703
2026-07-30 15:26:09,889 [DEBUG] Sending 4 bytes : [22f19703]
2026-07-30 15:26:09,891 [DEBUG] Enqueuing a SendRequest for 4 bytes and TAT=Physical
2026-07-30 15:26:09,893 [DEBUG] Tx: <7A6> (08) [ ]	 0422f19703000000
2026-07-30 15:26:09,894 [DEBUG] We've been asked to write a message to the bus
2026-07-30 15:26:09,895 [DEBUG] sending: Timestamp:        0.000000    ID:      7a6    S Rx       BS       DL:  8    04 22 f1 97 03 00 00 00
2026-07-30 15:26:09,907 [DEBUG] Rx: <7AE> (08) [p]	 037f2213aaaaaaaa
2026-07-30 15:26:09,953 [INFO] TC_ID-306 - Received: 7F2213
2026-07-30 15:26:09,954 [WARNING] TC_ID-306 - PreCondition: PC_ID-039  Testcase:Incorrect message length(22F19703) -> ❌ FAIL - Expected 037F2213AAAAAAAA
2026-07-30 15:26:09,954 [DEBUG] Stopping CanStack
2026-07-30 15:26:09,955 [DEBUG] Main thread is exiting
2026-07-30 15:26:09,957 [DEBUG] CanStack Stopped
2026-07-30 15:26:09,958 [INFO] Connection closed
2026-07-30 15:26:09,958 [INFO] Running Test Case: TC_ID-307
2026-07-30 15:26:09,959 [DEBUG] Starting CanStack
2026-07-30 15:26:09,960 [DEBUG] Main thread has started
2026-07-30 15:26:09,961 [DEBUG] Relay thread has started
2026-07-30 15:26:09,962 [INFO] Connection opened
2026-07-30 15:26:09,963 [INFO] Switched to physical mode for TC: TC_ID-307 Step: PreCondition: PC_ID-039  Testcase:Incorrect message length(22F1A101)
2026-07-30 15:26:09,963 [INFO] TC_ID-307 - PreCondition: PC_ID-039  Testcase:Incorrect message length(22F1A101): SID=0x22, Sub=0xF1A101, Expected=[3, 127, 34, 19, 170, 170, 170, 170]
2026-07-30 15:26:10,046 [INFO] TC_ID-307 - PreCondition: PC_ID-039  Testcase:Incorrect message length(22F1A101): Sending request 22F1A101
2026-07-30 15:26:10,047 [INFO] TC_ID-307 - PreCondition: PC_ID-039  Testcase:Incorrect message length(22F1A101): Sending request 22F1A101
2026-07-30 15:26:10,048 [DEBUG] Sending 4 bytes : [22f1a101]
2026-07-30 15:26:10,049 [DEBUG] Enqueuing a SendRequest for 4 bytes and TAT=Physical
2026-07-30 15:26:10,051 [DEBUG] Tx: <7A6> (08) [ ]	 0422f1a101000000
2026-07-30 15:26:10,052 [DEBUG] We've been asked to write a message to the bus
2026-07-30 15:26:10,053 [DEBUG] sending: Timestamp:        0.000000    ID:      7a6    S Rx       BS       DL:  8    04 22 f1 a1 01 00 00 00
2026-07-30 15:26:10,066 [DEBUG] Rx: <7AE> (08) [p]	 037f2213aaaaaaaa
2026-07-30 15:26:10,113 [INFO] TC_ID-307 - Received: 7F2213
2026-07-30 15:26:10,114 [WARNING] TC_ID-307 - PreCondition: PC_ID-039  Testcase:Incorrect message length(22F1A101) -> ❌ FAIL - Expected 037F2213AAAAAAAA
2026-07-30 15:26:10,115 [DEBUG] Stopping CanStack
2026-07-30 15:26:10,116 [DEBUG] Main thread is exiting
2026-07-30 15:26:10,118 [DEBUG] CanStack Stopped
2026-07-30 15:26:10,119 [INFO] Connection closed
2026-07-30 15:26:10,119 [INFO] Running Test Case: TC_ID-308
2026-07-30 15:26:10,120 [DEBUG] Starting CanStack
2026-07-30 15:26:10,122 [DEBUG] Main thread has started
2026-07-30 15:26:10,123 [DEBUG] Relay thread has started
2026-07-30 15:26:10,124 [INFO] Connection opened
2026-07-30 15:26:10,125 [INFO] Switched to physical mode for TC: TC_ID-308 Step: PreCondition: PC_ID-039  Testcase:Incorrect message length(22F1B104)
2026-07-30 15:26:10,126 [INFO] TC_ID-308 - PreCondition: PC_ID-039  Testcase:Incorrect message length(22F1B104): SID=0x22, Sub=0xF1B104, Expected=[3, 127, 34, 19, 170, 170, 170, 170]
2026-07-30 15:26:10,239 [INFO] TC_ID-308 - PreCondition: PC_ID-039  Testcase:Incorrect message length(22F1B104): Sending request 22F1B104
2026-07-30 15:26:10,240 [INFO] TC_ID-308 - PreCondition: PC_ID-039  Testcase:Incorrect message length(22F1B104): Sending request 22F1B104
2026-07-30 15:26:10,240 [DEBUG] Sending 4 bytes : [22f1b104]
2026-07-30 15:26:10,242 [DEBUG] Enqueuing a SendRequest for 4 bytes and TAT=Physical
2026-07-30 15:26:10,244 [DEBUG] Tx: <7A6> (08) [ ]	 0422f1b104000000
2026-07-30 15:26:10,245 [DEBUG] We've been asked to write a message to the bus
2026-07-30 15:26:10,246 [DEBUG] sending: Timestamp:        0.000000    ID:      7a6    S Rx       BS       DL:  8    04 22 f1 b1 04 00 00 00
2026-07-30 15:26:10,257 [DEBUG] Rx: <7AE> (08) [p]	 037f2213aaaaaaaa
2026-07-30 15:26:10,303 [INFO] TC_ID-308 - Received: 7F2213
2026-07-30 15:26:10,304 [WARNING] TC_ID-308 - PreCondition: PC_ID-039  Testcase:Incorrect message length(22F1B104) -> ❌ FAIL - Expected 037F2213AAAAAAAA
2026-07-30 15:26:10,304 [DEBUG] Stopping CanStack
2026-07-30 15:26:10,305 [DEBUG] Main thread is exiting
2026-07-30 15:26:10,306 [DEBUG] CanStack Stopped
2026-07-30 15:26:10,307 [INFO] Connection closed
2026-07-30 15:26:10,308 [INFO] Running Test Case: TC_ID-309
2026-07-30 15:26:10,308 [DEBUG] Starting CanStack
2026-07-30 15:26:10,309 [DEBUG] Main thread has started
2026-07-30 15:26:10,310 [DEBUG] Relay thread has started
2026-07-30 15:26:10,311 [INFO] Connection opened
2026-07-30 15:26:10,312 [INFO] Switched to physical mode for TC: TC_ID-309 Step: PreCondition: PC_ID-039  Testcase:Incorrect message length(22F13101)
2026-07-30 15:26:10,312 [INFO] TC_ID-309 - PreCondition: PC_ID-039  Testcase:Incorrect message length(22F13101): SID=0x22, Sub=0xF13101, Expected=[3, 127, 34, 19, 170, 170, 170, 170]
2026-07-30 15:26:10,396 [INFO] TC_ID-309 - PreCondition: PC_ID-039  Testcase:Incorrect message length(22F13101): Sending request 22F13101
2026-07-30 15:26:10,397 [INFO] TC_ID-309 - PreCondition: PC_ID-039  Testcase:Incorrect message length(22F13101): Sending request 22F13101
2026-07-30 15:26:10,398 [DEBUG] Sending 4 bytes : [22f13101]
2026-07-30 15:26:10,399 [DEBUG] Enqueuing a SendRequest for 4 bytes and TAT=Physical
2026-07-30 15:26:10,401 [DEBUG] Tx: <7A6> (08) [ ]	 0422f13101000000
2026-07-30 15:26:10,402 [DEBUG] We've been asked to write a message to the bus
2026-07-30 15:26:10,403 [DEBUG] sending: Timestamp:        0.000000    ID:      7a6    S Rx       BS       DL:  8    04 22 f1 31 01 00 00 00
2026-07-30 15:26:10,416 [DEBUG] Rx: <7AE> (08) [p]	 037f2213aaaaaaaa
2026-07-30 15:26:10,467 [INFO] TC_ID-309 - Received: 7F2213
2026-07-30 15:26:10,468 [WARNING] TC_ID-309 - PreCondition: PC_ID-039  Testcase:Incorrect message length(22F13101) -> ❌ FAIL - Expected 037F2213AAAAAAAA
2026-07-30 15:26:10,469 [DEBUG] Stopping CanStack
2026-07-30 15:26:10,470 [DEBUG] Main thread is exiting
2026-07-30 15:26:10,514 [DEBUG] CanStack Stopped
2026-07-30 15:26:10,515 [INFO] Connection closed
2026-07-30 15:26:10,515 [INFO] Running Test Case: TC_ID-310
2026-07-30 15:26:10,516 [DEBUG] Starting CanStack
2026-07-30 15:26:10,517 [DEBUG] Main thread has started
2026-07-30 15:26:10,518 [DEBUG] Relay thread has started
2026-07-30 15:26:10,519 [INFO] Connection opened
2026-07-30 15:26:10,520 [INFO] Switched to physical mode for TC: TC_ID-310 Step: PreCondition: PC_ID-039  Testcase:Incorrect message length(22F1C101)
2026-07-30 15:26:10,520 [INFO] TC_ID-310 - PreCondition: PC_ID-039  Testcase:Incorrect message length(22F1C101): SID=0x22, Sub=0xF1C101, Expected=[3, 127, 34, 19, 170, 170, 170, 170]
2026-07-30 15:26:10,602 [INFO] TC_ID-310 - PreCondition: PC_ID-039  Testcase:Incorrect message length(22F1C101): Sending request 22F1C101
2026-07-30 15:26:10,603 [INFO] TC_ID-310 - PreCondition: PC_ID-039  Testcase:Incorrect message length(22F1C101): Sending request 22F1C101
2026-07-30 15:26:10,604 [DEBUG] Sending 4 bytes : [22f1c101]
2026-07-30 15:26:10,605 [DEBUG] Enqueuing a SendRequest for 4 bytes and TAT=Physical
2026-07-30 15:26:10,607 [DEBUG] Tx: <7A6> (08) [ ]	 0422f1c101000000
2026-07-30 15:26:10,608 [DEBUG] We've been asked to write a message to the bus
2026-07-30 15:26:10,609 [DEBUG] sending: Timestamp:        0.000000    ID:      7a6    S Rx       BS       DL:  8    04 22 f1 c1 01 00 00 00
2026-07-30 15:26:10,625 [DEBUG] Rx: <7AE> (08) [p]	 037f2213aaaaaaaa
2026-07-30 15:26:10,678 [INFO] TC_ID-310 - Received: 7F2213
2026-07-30 15:26:10,680 [WARNING] TC_ID-310 - PreCondition: PC_ID-039  Testcase:Incorrect message length(22F1C101) -> ❌ FAIL - Expected 037F2213AAAAAAAA
2026-07-30 15:26:10,680 [DEBUG] Stopping CanStack
2026-07-30 15:26:10,681 [DEBUG] Main thread is exiting
2026-07-30 15:26:10,725 [DEBUG] CanStack Stopped
2026-07-30 15:26:10,726 [INFO] Connection closed
2026-07-30 15:26:10,727 [INFO] Running Test Case: TC_ID-311
2026-07-30 15:26:10,728 [DEBUG] Starting CanStack
2026-07-30 15:26:10,730 [DEBUG] Main thread has started
2026-07-30 15:26:10,731 [DEBUG] Relay thread has started
2026-07-30 15:26:10,733 [INFO] Connection opened
2026-07-30 15:26:10,734 [INFO] Switched to physical mode for TC: TC_ID-311 Step: PreCondition: PC_ID-039  Testcase:Read DTC with Extended session(19 02)
2026-07-30 15:26:10,735 [INFO] TC_ID-311 - PreCondition: PC_ID-039  Testcase:Read DTC with Extended session(19 02): SID=0x19, Sub=0x02, Expected=[7, 89, 2, 8, 150, 3, 0, 8]
2026-07-30 15:26:10,826 [INFO] TC_ID-311 - PreCondition: PC_ID-039  Testcase:Read DTC with Extended session(19 02): Sending 190208
2026-07-30 15:26:10,826 [INFO] TC_ID-311 - PreCondition: PC_ID-039  Testcase:Read DTC with Extended session(19 02): Sending request 190208
2026-07-30 15:26:10,827 [DEBUG] Sending 3 bytes : [190208]
2026-07-30 15:26:10,828 [DEBUG] Enqueuing a SendRequest for 3 bytes and TAT=Physical
2026-07-30 15:26:10,830 [DEBUG] Tx: <7A6> (08) [ ]	 0319020800000000
2026-07-30 15:26:10,831 [DEBUG] We've been asked to write a message to the bus
2026-07-30 15:26:10,832 [DEBUG] sending: Timestamp:        0.000000    ID:      7a6    S Rx       BS       DL:  8    03 19 02 08 00 00 00 00
2026-07-30 15:26:10,844 [INFO] TC_ID-311 PreCondition: PC_ID-039  Testcase:Read DTC with Extended session(19 02) -> Response shorter than expected (3/7). Waiting for remaining payload.
2026-07-30 15:26:10,847 [DEBUG] Rx: <7AE> (08) [p]	 03590200aaaaaaaa
2026-07-30 15:26:10,849 [DEBUG] Received 3 bytes : [590200]
2026-07-30 15:26:15,850 [DEBUG] No data received: [TimeoutException] - Did not receive IsoTP frame from the Transport layer in time (timeout=5.0 sec) 
2026-07-30 15:26:15,851 [WARNING] TC_ID-311 PreCondition: PC_ID-039  Testcase:Read DTC with Extended session(19 02) -> Timed out while extending response (6/7)
2026-07-30 15:26:15,852 [WARNING] -----------------------------------------------TC_ID-311 PreCondition: PC_ID-039  Testcase:Read DTC with Extended session(19 02) -> FAIL - Expected [7, 89, 2, 8, 150, 3, 0, 8], got [89, 2, 0, 89, 2, 0]-----------------------------------------------
2026-07-30 15:26:15,853 [DEBUG] Stopping CanStack
2026-07-30 15:26:15,855 [DEBUG] Main thread is exiting
2026-07-30 15:26:15,862 [DEBUG] CanStack Stopped
2026-07-30 15:26:15,864 [INFO] Connection closed
2026-07-30 15:26:15,865 [INFO] Running Test Case: PC_ID-040
2026-07-30 15:26:15,869 [DEBUG] Starting CanStack
2026-07-30 15:26:15,876 [DEBUG] Main thread has started
2026-07-30 15:26:15,878 [DEBUG] Relay thread has started
2026-07-30 15:26:15,880 [INFO] Connection opened
2026-07-30 15:26:15,881 [INFO] Switched to physical mode for TC: PC_ID-040 Step: Seed Request
2026-07-30 15:26:15,882 [INFO] PC_ID-040 - Seed Request: SID=0x27, Sub=0x11, Expected=[16, 10, 103, 17, 167, 14, 132, 124, 156, 192, 57, 101]
2026-07-30 15:26:15,960 [INFO] PC_ID-040 - Seed Request: Sending request 2711
2026-07-30 15:26:15,961 [DEBUG] Sending 2 bytes : [2711]
2026-07-30 15:26:15,962 [DEBUG] Enqueuing a SendRequest for 2 bytes and TAT=Physical
2026-07-30 15:26:15,964 [DEBUG] Tx: <7A6> (08) [ ]	 0227110000000000
2026-07-30 15:26:15,965 [DEBUG] We've been asked to write a message to the bus
2026-07-30 15:26:15,966 [DEBUG] sending: Timestamp:        0.000000    ID:      7a6    S Rx       BS       DL:  8    02 27 11 00 00 00 00 00
2026-07-30 15:26:15,974 [DEBUG] PC_ID-040 Seed Request -> Received payload: [127, 39, 127]
2026-07-30 15:26:15,977 [WARNING] PC_ID-040 Seed Request -> FAIL - NRC (key): [127, 39, 127]
2026-07-30 15:26:15,982 [DEBUG] Rx: <7AE> (08) [p]	 037f277faaaaaaaa
2026-07-30 15:26:15,985 [DEBUG] Stopping CanStack
2026-07-30 15:26:15,989 [DEBUG] Main thread is exiting
2026-07-30 15:26:16,030 [DEBUG] CanStack Stopped
2026-07-30 15:26:16,031 [INFO] Connection closed
2026-07-30 15:26:16,032 [ERROR] ----------------------------------PC_ID-040 Seed Request -> EXCEPTION - NRC (key): [127, 39, 127]----------------------------------
2026-07-30 15:26:16,034 [INFO] Running Test Case: TC_ID-312
2026-07-30 15:26:16,036 [DEBUG] Starting CanStack
2026-07-30 15:26:16,039 [DEBUG] Main thread has started
2026-07-30 15:26:16,041 [DEBUG] Relay thread has started
2026-07-30 15:26:16,043 [INFO] Connection opened
2026-07-30 15:26:16,044 [INFO] Switched to physical mode for TC: TC_ID-312 Step: PreCondition: PC_ID-040  Testcase:Exceed number of attempts
2026-07-30 15:26:16,045 [INFO] TC_ID-312 - PreCondition: PC_ID-040  Testcase:Exceed number of attempts: SID=0x27, Sub=0x12, Expected=[3, 127, 39, 54, 170, 170, 170, 170]
2026-07-30 15:26:16,136 [INFO] TC_ID-312 - PreCondition: PC_ID-040  Testcase:Exceed number of attempts: Sending request 2712D924A5BACBC26933
2026-07-30 15:26:16,137 [DEBUG] Sending 10 bytes : [2712d924a5bacbc26933]
2026-07-30 15:26:16,138 [DEBUG] Enqueuing a SendRequest for 10 bytes and TAT=Physical
2026-07-30 15:26:16,139 [DEBUG] Tx: <7A6> (08) [ ]	 100a2712d924a5ba
2026-07-30 15:26:16,140 [DEBUG] We've been asked to write a message to the bus
2026-07-30 15:26:16,141 [DEBUG] sending: Timestamp:        0.000000    ID:      7a6    S Rx       BS       DL:  8    10 0a 27 12 d9 24 a5 ba
2026-07-30 15:26:16,143 [DEBUG] TxState=WAIT_FC - RxState=IDLE
2026-07-30 15:26:16,149 [DEBUG] Rx: <7AE> (08) [p]	 30080aaaaaaaaaaa
2026-07-30 15:26:16,154 [DEBUG] TxState=TRANSMIT_CF - RxState=IDLE
2026-07-30 15:26:16,164 [DEBUG] Tx: <7A6> (08) [ ]	 21cbc26933000000
2026-07-30 15:26:16,165 [DEBUG] We've been asked to write a message to the bus
2026-07-30 15:26:16,166 [DEBUG] sending: Timestamp:        0.000000    ID:      7a6    S Rx       BS       DL:  8    21 cb c2 69 33 00 00 00
2026-07-30 15:26:16,168 [DEBUG] TxState=IDLE - RxState=IDLE
2026-07-30 15:26:16,173 [DEBUG] TC_ID-312 PreCondition: PC_ID-040  Testcase:Exceed number of attempts -> Received payload: [127, 39, 127]
2026-07-30 15:26:16,176 [WARNING] TC_ID-312 PreCondition: PC_ID-040  Testcase:Exceed number of attempts -> FAIL - NRC (key): [127, 39, 127]
2026-07-30 15:26:16,177 [DEBUG] Rx: <7AE> (08) [p]	 037f277faaaaaaaa
2026-07-30 15:26:16,180 [DEBUG] Stopping CanStack
2026-07-30 15:26:16,187 [DEBUG] Main thread is exiting
2026-07-30 15:26:16,226 [DEBUG] CanStack Stopped
2026-07-30 15:26:16,227 [INFO] Connection closed
2026-07-30 15:26:16,228 [ERROR] ----------------------------------TC_ID-312 PreCondition: PC_ID-040  Testcase:Exceed number of attempts -> EXCEPTION - NRC (key): [127, 39, 127]----------------------------------
2026-07-30 15:26:16,229 [INFO] Running Test Case: PC_ID-041
2026-07-30 15:26:16,230 [DEBUG] Starting CanStack
2026-07-30 15:26:16,232 [DEBUG] Main thread has started
2026-07-30 15:26:16,233 [DEBUG] Relay thread has started
2026-07-30 15:26:16,235 [INFO] Connection opened
2026-07-30 15:26:16,236 [INFO] Switched to physical mode for TC: PC_ID-041 Step: Seed Request
2026-07-30 15:26:16,237 [INFO] PC_ID-041 - Seed Request: SID=0x27, Sub=0x11, Expected=[16, 10, 103, 17, 167, 14, 132, 124, 156, 192, 57, 101]
2026-07-30 15:26:16,296 [INFO] PC_ID-041 - Seed Request: Sending request 2711
2026-07-30 15:26:16,297 [DEBUG] Sending 2 bytes : [2711]
2026-07-30 15:26:16,298 [DEBUG] Enqueuing a SendRequest for 2 bytes and TAT=Physical
2026-07-30 15:26:16,299 [DEBUG] Tx: <7A6> (08) [ ]	 0227110000000000
2026-07-30 15:26:16,300 [DEBUG] We've been asked to write a message to the bus
2026-07-30 15:26:16,300 [DEBUG] sending: Timestamp:        0.000000    ID:      7a6    S Rx       BS       DL:  8    02 27 11 00 00 00 00 00
2026-07-30 15:26:16,314 [DEBUG] Rx: <7AE> (08) [p]	 037f277faaaaaaaa
2026-07-30 15:26:16,316 [DEBUG] PC_ID-041 Seed Request -> Received payload: [127, 39, 127]
2026-07-30 15:26:16,317 [WARNING] PC_ID-041 Seed Request -> FAIL - NRC (key): [127, 39, 127]
2026-07-30 15:26:16,319 [DEBUG] Stopping CanStack
2026-07-30 15:26:16,320 [DEBUG] Main thread is exiting
2026-07-30 15:26:16,364 [DEBUG] CanStack Stopped
2026-07-30 15:26:16,365 [INFO] Connection closed
2026-07-30 15:26:16,366 [ERROR] ----------------------------------PC_ID-041 Seed Request -> EXCEPTION - NRC (key): [127, 39, 127]----------------------------------
2026-07-30 15:26:16,367 [INFO] Running Test Case: TC_ID-313
2026-07-30 15:26:16,368 [DEBUG] Starting CanStack
2026-07-30 15:26:16,370 [DEBUG] Main thread has started
2026-07-30 15:26:16,371 [DEBUG] Relay thread has started
2026-07-30 15:26:16,374 [INFO] Connection opened
2026-07-30 15:26:16,374 [INFO] Switched to physical mode for TC: TC_ID-313 Step: PreCondition: PC_ID-041  Testcase:Required time delay
2026-07-30 15:26:16,375 [INFO] TC_ID-313 - PreCondition: PC_ID-041  Testcase:Required time delay: SID=0x27, Sub=0x12, Expected=[3, 127, 39, 55, 170, 170, 170, 170]
2026-07-30 15:26:16,456 [INFO] TC_ID-313 - PreCondition: PC_ID-041  Testcase:Required time delay: Sending request 2712D924A5BACBC26933
2026-07-30 15:26:16,457 [DEBUG] Sending 10 bytes : [2712d924a5bacbc26933]
2026-07-30 15:26:16,457 [DEBUG] Enqueuing a SendRequest for 10 bytes and TAT=Physical
2026-07-30 15:26:16,458 [DEBUG] Tx: <7A6> (08) [ ]	 100a2712d924a5ba
2026-07-30 15:26:16,459 [DEBUG] We've been asked to write a message to the bus
2026-07-30 15:26:16,459 [DEBUG] sending: Timestamp:        0.000000    ID:      7a6    S Rx       BS       DL:  8    10 0a 27 12 d9 24 a5 ba
2026-07-30 15:26:16,460 [DEBUG] TxState=WAIT_FC - RxState=IDLE
2026-07-30 15:26:16,463 [DEBUG] Rx: <7AE> (08) [p]	 30080aaaaaaaaaaa
2026-07-30 15:26:16,464 [DEBUG] TxState=TRANSMIT_CF - RxState=IDLE
2026-07-30 15:26:16,476 [DEBUG] Tx: <7A6> (08) [ ]	 21cbc26933000000
2026-07-30 15:26:16,479 [DEBUG] We've been asked to write a message to the bus
2026-07-30 15:26:16,482 [DEBUG] sending: Timestamp:        0.000000    ID:      7a6    S Rx       BS       DL:  8    21 cb c2 69 33 00 00 00
2026-07-30 15:26:16,484 [DEBUG] TxState=IDLE - RxState=IDLE
2026-07-30 15:26:16,493 [DEBUG] TC_ID-313 PreCondition: PC_ID-041  Testcase:Required time delay -> Received payload: [127, 39, 127]
2026-07-30 15:26:16,495 [WARNING] TC_ID-313 PreCondition: PC_ID-041  Testcase:Required time delay -> FAIL - NRC (key): [127, 39, 127]
2026-07-30 15:26:16,496 [DEBUG] Rx: <7AE> (08) [p]	 037f277faaaaaaaa
2026-07-30 15:26:16,497 [DEBUG] Stopping CanStack
2026-07-30 15:26:16,500 [DEBUG] Main thread is exiting
2026-07-30 15:26:16,547 [DEBUG] CanStack Stopped
2026-07-30 15:26:16,549 [INFO] Connection closed
2026-07-30 15:26:16,549 [ERROR] ----------------------------------TC_ID-313 PreCondition: PC_ID-041  Testcase:Required time delay -> EXCEPTION - NRC (key): [127, 39, 127]----------------------------------
2026-07-30 15:26:16,550 [INFO] Running Test Case: TC_ID-314
2026-07-30 15:26:16,551 [DEBUG] Starting CanStack
2026-07-30 15:26:16,552 [DEBUG] Main thread has started
2026-07-30 15:26:16,553 [DEBUG] Relay thread has started
2026-07-30 15:26:16,555 [INFO] Connection opened
2026-07-30 15:26:16,555 [INFO] Switched to physical mode for TC: TC_ID-314 Step: PreCondition: PC_ID-041  Testcase:Request Sequence error
2026-07-30 15:26:16,556 [INFO] TC_ID-314 - PreCondition: PC_ID-041  Testcase:Request Sequence error: SID=0x27, Sub=0x12, Expected=[3, 127, 39, 36, 170, 170, 170, 170]
2026-07-30 15:26:16,635 [INFO] TC_ID-314 - PreCondition: PC_ID-041  Testcase:Request Sequence error: Sending request 2712D924A5BACBC26933
2026-07-30 15:26:16,636 [DEBUG] Sending 10 bytes : [2712d924a5bacbc26933]
2026-07-30 15:26:16,637 [DEBUG] Enqueuing a SendRequest for 10 bytes and TAT=Physical
2026-07-30 15:26:16,639 [DEBUG] Tx: <7A6> (08) [ ]	 100a2712d924a5ba
2026-07-30 15:26:16,640 [DEBUG] We've been asked to write a message to the bus
2026-07-30 15:26:16,641 [DEBUG] sending: Timestamp:        0.000000    ID:      7a6    S Rx       BS       DL:  8    10 0a 27 12 d9 24 a5 ba
2026-07-30 15:26:16,643 [DEBUG] TxState=WAIT_FC - RxState=IDLE
2026-07-30 15:26:16,654 [DEBUG] Rx: <7AE> (08) [p]	 30080aaaaaaaaaaa
2026-07-30 15:26:16,656 [DEBUG] TxState=TRANSMIT_CF - RxState=IDLE
2026-07-30 15:26:16,667 [DEBUG] Tx: <7A6> (08) [ ]	 21cbc26933000000
2026-07-30 15:26:16,668 [DEBUG] We've been asked to write a message to the bus
2026-07-30 15:26:16,669 [DEBUG] sending: Timestamp:        0.000000    ID:      7a6    S Rx       BS       DL:  8    21 cb c2 69 33 00 00 00
2026-07-30 15:26:16,671 [DEBUG] TxState=IDLE - RxState=IDLE
2026-07-30 15:26:16,686 [DEBUG] Rx: <7AE> (08) [p]	 037f277faaaaaaaa
2026-07-30 15:26:16,687 [DEBUG] TC_ID-314 PreCondition: PC_ID-041  Testcase:Request Sequence error -> Received payload: [127, 39, 127]
2026-07-30 15:26:16,690 [WARNING] TC_ID-314 PreCondition: PC_ID-041  Testcase:Request Sequence error -> FAIL - NRC (key): [127, 39, 127]
2026-07-30 15:26:16,691 [DEBUG] Stopping CanStack
2026-07-30 15:26:16,692 [DEBUG] Main thread is exiting
2026-07-30 15:26:16,737 [DEBUG] CanStack Stopped
2026-07-30 15:26:16,738 [INFO] Connection closed
2026-07-30 15:26:16,738 [ERROR] ----------------------------------TC_ID-314 PreCondition: PC_ID-041  Testcase:Request Sequence error -> EXCEPTION - NRC (key): [127, 39, 127]----------------------------------
2026-07-30 15:26:16,739 [INFO] Running Test Case: PC_ID-042
2026-07-30 15:26:16,739 [DEBUG] Starting CanStack
2026-07-30 15:26:16,740 [DEBUG] Main thread has started
2026-07-30 15:26:16,741 [DEBUG] Relay thread has started
2026-07-30 15:26:16,742 [INFO] Connection opened
2026-07-30 15:26:16,743 [INFO] Switched to physical mode for TC: PC_ID-042 Step: Start Programming session(10 02)
2026-07-30 15:26:16,743 [INFO] PC_ID-042 - Start Programming session(10 02): SID=0x10, Sub=0x02, Expected=[6, 80, 2, 0, 50, 0, 200, 0]
2026-07-30 15:26:16,811 [INFO] PC_ID-042 - Start Programming session(10 02): Sending 1002
2026-07-30 15:26:17,037 [INFO] PC_ID-042 - Start Programming session(10 02): Sending request 1002
2026-07-30 15:26:17,038 [DEBUG] Sending 2 bytes : [1002]
2026-07-30 15:26:17,039 [DEBUG] Enqueuing a SendRequest for 2 bytes and TAT=Physical
2026-07-30 15:26:17,041 [DEBUG] Tx: <7A6> (08) [ ]	 0210020000000000
2026-07-30 15:26:17,043 [DEBUG] We've been asked to write a message to the bus
2026-07-30 15:26:17,044 [DEBUG] sending: Timestamp:        0.000000    ID:      7a6    S Rx       BS       DL:  8    02 10 02 00 00 00 00 00
2026-07-30 15:26:17,086 [INFO] PC_ID-042 - Received: 5002003200C8
2026-07-30 15:26:17,088 [WARNING] PC_ID-042 - Start Programming session(10 02) -> FAIL - Unexpected response
2026-07-30 15:26:17,089 [DEBUG] Rx: <7AE> (08) [p]	 065002003200c800
2026-07-30 15:26:17,089 [DEBUG] Stopping CanStack
2026-07-30 15:26:17,091 [DEBUG] Main thread is exiting
2026-07-30 15:26:17,138 [DEBUG] CanStack Stopped
2026-07-30 15:26:17,139 [INFO] Connection closed
2026-07-30 15:26:17,140 [INFO] Running Test Case: TC_ID-315
2026-07-30 15:26:17,141 [DEBUG] Starting CanStack
2026-07-30 15:26:17,142 [DEBUG] Main thread has started
2026-07-30 15:26:17,143 [DEBUG] Relay thread has started
2026-07-30 15:26:17,144 [INFO] Connection opened
2026-07-30 15:26:17,144 [INFO] Switched to physical mode for TC: TC_ID-315 Step: PreCondition: PC_ID-042  Testcase:Incorrect message length(10 02 01)
2026-07-30 15:26:17,145 [INFO] TC_ID-315 - PreCondition: PC_ID-042  Testcase:Incorrect message length(10 02 01): SID=0x10, Sub=0x0201, Expected=[3, 127, 16, 19, 170, 170, 170, 170]
2026-07-30 15:26:17,227 [INFO] TC_ID-315 - PreCondition: PC_ID-042  Testcase:Incorrect message length(10 02 01): Sending 100201
2026-07-30 15:26:17,282 [INFO] TC_ID-315 - PreCondition: PC_ID-042  Testcase:Incorrect message length(10 02 01): Sending request 100201
2026-07-30 15:26:17,284 [DEBUG] Sending 3 bytes : [100201]
2026-07-30 15:26:17,284 [DEBUG] Enqueuing a SendRequest for 3 bytes and TAT=Physical
2026-07-30 15:26:17,286 [DEBUG] Tx: <7A6> (08) [ ]	 0310020100000000
2026-07-30 15:26:17,287 [DEBUG] We've been asked to write a message to the bus
2026-07-30 15:26:17,288 [DEBUG] sending: Timestamp:        0.000000    ID:      7a6    S Rx       BS       DL:  8    03 10 02 01 00 00 00 00
2026-07-30 15:26:17,293 [INFO] TC_ID-315 - Received: 7F1013
2026-07-30 15:26:17,298 [WARNING] TC_ID-315 - PreCondition: PC_ID-042  Testcase:Incorrect message length(10 02 01) -> FAIL - Unexpected response
2026-07-30 15:26:17,300 [DEBUG] Rx: <7AE> (08) [p]	 037f10133200c800
2026-07-30 15:26:17,302 [DEBUG] Stopping CanStack
2026-07-30 15:26:17,307 [DEBUG] Main thread is exiting
2026-07-30 15:26:17,348 [DEBUG] CanStack Stopped
2026-07-30 15:26:17,349 [INFO] Connection closed
2026-07-30 15:26:17,349 [INFO] Running Test Case: TC_ID-316
2026-07-30 15:26:17,350 [DEBUG] Starting CanStack
2026-07-30 15:26:17,351 [DEBUG] Main thread has started
2026-07-30 15:26:17,352 [DEBUG] Relay thread has started
2026-07-30 15:26:17,353 [INFO] Connection opened
2026-07-30 15:26:17,354 [INFO] Switched to physical mode for TC: TC_ID-316 Step: PreCondition: PC_ID-042  Testcase:Read DTC with Extended session(19 02)
2026-07-30 15:26:17,354 [INFO] TC_ID-316 - PreCondition: PC_ID-042  Testcase:Read DTC with Extended session(19 02): SID=0x19, Sub=0x02, Expected=[7, 89, 2, 8, 150, 3, 0, 8]
2026-07-30 15:26:17,437 [INFO] TC_ID-316 - PreCondition: PC_ID-042  Testcase:Read DTC with Extended session(19 02): Sending 190208
2026-07-30 15:26:17,438 [INFO] TC_ID-316 - PreCondition: PC_ID-042  Testcase:Read DTC with Extended session(19 02): Sending request 190208
2026-07-30 15:26:17,439 [DEBUG] Sending 3 bytes : [190208]
2026-07-30 15:26:17,440 [DEBUG] Enqueuing a SendRequest for 3 bytes and TAT=Physical
2026-07-30 15:26:17,442 [DEBUG] Tx: <7A6> (08) [ ]	 0319020800000000
2026-07-30 15:26:17,443 [DEBUG] We've been asked to write a message to the bus
2026-07-30 15:26:17,444 [DEBUG] sending: Timestamp:        0.000000    ID:      7a6    S Rx       BS       DL:  8    03 19 02 08 00 00 00 00
2026-07-30 15:26:17,592 [INFO] TC_ID-316 PreCondition: PC_ID-042  Testcase:Read DTC with Extended session(19 02) -> Waiting for response (P2=0.15s, P2*=5.0s)
2026-07-30 15:26:17,743 [DEBUG] No data received: [TimeoutException] - Did not receive IsoTP frame from the Transport layer in time (timeout=0.15 sec) 
2026-07-30 15:26:17,794 [WARNING] TC_ID-316 - No response received
2026-07-30 15:26:17,794 [DEBUG] Stopping CanStack
2026-07-30 15:26:17,795 [DEBUG] Main thread is exiting
2026-07-30 15:26:17,812 [DEBUG] CanStack Stopped
2026-07-30 15:26:17,816 [INFO] Connection closed
2026-07-30 15:26:17,816 [INFO] Running Test Case: PC_ID-70
2026-07-30 15:26:17,817 [DEBUG] Starting CanStack
2026-07-30 15:26:17,818 [DEBUG] Main thread has started
2026-07-30 15:26:17,820 [DEBUG] Relay thread has started
2026-07-30 15:26:17,821 [INFO] Connection opened
2026-07-30 15:26:17,822 [INFO] Switched to physical mode for TC: PC_ID-70 Step: Start Extended session(10 03)
2026-07-30 15:26:17,823 [INFO] PC_ID-70 - Start Extended session(10 03): SID=0x10, Sub=0x03, Expected=[6, 80, 3, 0, 50, 0, 200, 170]
2026-07-30 15:26:17,888 [INFO] PC_ID-70 - Start Extended session(10 03): Sending 1003
2026-07-30 15:26:17,941 [INFO] PC_ID-70 - Start Extended session(10 03): Sending request 1003
2026-07-30 15:26:17,943 [DEBUG] Sending 2 bytes : [1003]
2026-07-30 15:26:17,944 [DEBUG] Enqueuing a SendRequest for 2 bytes and TAT=Physical
2026-07-30 15:26:17,946 [DEBUG] Tx: <7A6> (08) [ ]	 0210030000000000
2026-07-30 15:26:17,947 [DEBUG] We've been asked to write a message to the bus
2026-07-30 15:26:17,947 [DEBUG] sending: Timestamp:        0.000000    ID:      7a6    S Rx       BS       DL:  8    02 10 03 00 00 00 00 00
2026-07-30 15:26:17,955 [DEBUG] Rx: <7AE> (08) [p]	 065003003200c800
2026-07-30 15:26:17,957 [INFO] PC_ID-70 - Received: 5003003200C8
2026-07-30 15:26:17,962 [WARNING] PC_ID-70 - Start Extended session(10 03) -> FAIL - Unexpected response
2026-07-30 15:26:17,964 [DEBUG] Stopping CanStack
2026-07-30 15:26:17,967 [DEBUG] Main thread is exiting
2026-07-30 15:26:18,005 [DEBUG] CanStack Stopped
2026-07-30 15:26:18,006 [INFO] Connection closed
2026-07-30 15:26:18,007 [INFO] Running Test Case: TC_ID-648
2026-07-30 15:26:18,008 [DEBUG] Starting CanStack
2026-07-30 15:26:18,010 [DEBUG] Main thread has started
2026-07-30 15:26:18,012 [DEBUG] Relay thread has started
2026-07-30 15:26:18,014 [INFO] Connection opened
2026-07-30 15:26:18,015 [INFO] Switched to physical mode for TC: TC_ID-648 Step: PreCondition: PC_ID-70  Testcase:Seed request in extended session(27 11)
2026-07-30 15:26:18,016 [INFO] TC_ID-648 - PreCondition: PC_ID-70  Testcase:Seed request in extended session(27 11): SID=0x27, Sub=0x11, Expected=[16, 10, 103, 17, 167, 14, 132, 124, 156, 192, 57, 101]
2026-07-30 15:26:18,107 [INFO] TC_ID-648 - PreCondition: PC_ID-70  Testcase:Seed request in extended session(27 11): Sending request 2711
2026-07-30 15:26:18,108 [DEBUG] Sending 2 bytes : [2711]
2026-07-30 15:26:18,109 [DEBUG] Enqueuing a SendRequest for 2 bytes and TAT=Physical
2026-07-30 15:26:18,111 [DEBUG] Tx: <7A6> (08) [ ]	 0227110000000000
2026-07-30 15:26:18,112 [DEBUG] We've been asked to write a message to the bus
2026-07-30 15:26:18,113 [DEBUG] sending: Timestamp:        0.000000    ID:      7a6    S Rx       BS       DL:  8    02 27 11 00 00 00 00 00
2026-07-30 15:26:18,129 [DEBUG] We've been asked to write a message to the bus
2026-07-30 15:26:18,129 [DEBUG] Rx: <7AE> (08) [p]	 100a6711406aa18e
2026-07-30 15:26:18,130 [DEBUG] sending: Timestamp:        0.000000    ID:      7a6    S Rx       BS       DL:  8    30 08 0a 00 00 00 00 00
2026-07-30 15:26:18,132 [DEBUG] Tx: <7A6> (08) [ ]	 30080a0000000000
2026-07-30 15:26:18,134 [DEBUG] We've been asked to write a message to the bus
2026-07-30 15:26:18,136 [DEBUG] sending: Timestamp:        0.000000    ID:      7a6    S Rx       BS       DL:  8    30 08 0a 00 00 00 00 00
2026-07-30 15:26:18,138 [DEBUG] TxState=IDLE - RxState=WAIT_CF
2026-07-30 15:26:18,146 [DEBUG] TC_ID-648 PreCondition: PC_ID-70  Testcase:Seed request in extended session(27 11) -> Received payload: [103, 17, 64, 106, 161, 142, 179, 122, 91, 190]
2026-07-30 15:26:18,149 [INFO] Received Seed (subfunc 0x11): 406aa18eb37a5bbe
2026-07-30 15:26:18,151 [DEBUG] Rx: <7AE> (08) [p]	 21b37a5bbe6aa18e
2026-07-30 15:26:18,207 [DEBUG] TxState=IDLE - RxState=IDLE
2026-07-30 15:26:18,655 [INFO] Attempt 1: Sending seed to PC...
2026-07-30 15:26:23,661 [WARNING] Attempt 1 - Timeout waiting for key.
2026-07-30 15:26:24,663 [INFO] Attempt 2: Sending seed to PC...
2026-07-30 15:26:24,741 [INFO] Received Key (for subfunc 0x12): b'\xb6\x9c\xb4?\x03\x10\xf3n'
2026-07-30 15:26:24,742 [DEBUG] Stopping CanStack
2026-07-30 15:26:24,743 [DEBUG] Main thread is exiting
2026-07-30 15:26:24,773 [DEBUG] CanStack Stopped
2026-07-30 15:26:24,774 [INFO] Connection closed
2026-07-30 15:26:24,775 [INFO] Running Test Case: TC_ID-649
2026-07-30 15:26:24,775 [DEBUG] Starting CanStack
2026-07-30 15:26:24,777 [DEBUG] Main thread has started
2026-07-30 15:26:24,778 [DEBUG] Relay thread has started
2026-07-30 15:26:24,780 [INFO] Connection opened
2026-07-30 15:26:24,781 [INFO] Switched to physical mode for TC: TC_ID-649 Step: PreCondition: PC_ID-70  Testcase:Key send in extended session(27 12)
2026-07-30 15:26:24,782 [INFO] TC_ID-649 - PreCondition: PC_ID-70  Testcase:Key send in extended session(27 12): SID=0x27, Sub=0x12, Expected=[10, 103, 18, 253, 8, 178, 103, 50, 8, 135, 201]
2026-07-30 15:26:24,865 [INFO] TC_ID-649 - PreCondition: PC_ID-70  Testcase:Key send in extended session(27 12): Sending request 2712B69CB43F0310F36E
2026-07-30 15:26:24,866 [DEBUG] Sending 10 bytes : [2712b69cb43f0310f36e]
2026-07-30 15:26:24,867 [DEBUG] Enqueuing a SendRequest for 10 bytes and TAT=Physical
2026-07-30 15:26:24,869 [DEBUG] Tx: <7A6> (08) [ ]	 100a2712b69cb43f
2026-07-30 15:26:24,870 [DEBUG] We've been asked to write a message to the bus
2026-07-30 15:26:24,871 [DEBUG] sending: Timestamp:        0.000000    ID:      7a6    S Rx       BS       DL:  8    10 0a 27 12 b6 9c b4 3f
2026-07-30 15:26:24,873 [DEBUG] TxState=WAIT_FC - RxState=IDLE
2026-07-30 15:26:24,885 [DEBUG] Rx: <7AE> (08) [p]	 30080aaaaaaaaaaa
2026-07-30 15:26:24,886 [DEBUG] TxState=TRANSMIT_CF - RxState=IDLE
2026-07-30 15:26:24,898 [DEBUG] Tx: <7A6> (08) [ ]	 210310f36e000000
2026-07-30 15:26:24,899 [DEBUG] We've been asked to write a message to the bus
2026-07-30 15:26:24,900 [DEBUG] sending: Timestamp:        0.000000    ID:      7a6    S Rx       BS       DL:  8    21 03 10 f3 6e 00 00 00
2026-07-30 15:26:24,902 [DEBUG] TxState=IDLE - RxState=IDLE
2026-07-30 15:26:24,914 [DEBUG] Rx: <7AE> (08) [p]	 037f277faaaaaaaa
2026-07-30 15:26:24,916 [DEBUG] TC_ID-649 PreCondition: PC_ID-70  Testcase:Key send in extended session(27 12) -> Received payload: [127, 39, 127]
2026-07-30 15:26:24,917 [WARNING] TC_ID-649 PreCondition: PC_ID-70  Testcase:Key send in extended session(27 12) -> FAIL - NRC (key): [127, 39, 127]
2026-07-30 15:26:24,918 [DEBUG] Stopping CanStack
2026-07-30 15:26:24,919 [DEBUG] Main thread is exiting
2026-07-30 15:26:24,962 [DEBUG] CanStack Stopped
2026-07-30 15:26:24,963 [INFO] Connection closed
2026-07-30 15:26:24,963 [ERROR] ----------------------------------TC_ID-649 PreCondition: PC_ID-70  Testcase:Key send in extended session(27 12) -> EXCEPTION - NRC (key): [127, 39, 127]----------------------------------
2026-07-30 15:26:25,917 [ERROR] [CANLogger] Error during stop: I/O operation on closed file.
2026-07-30 15:26:25,918 [WARNING] SocketcanBus was not properly shut down
2026-07-30 15:26:25,918 [DEBUG] Closing raw can socket
2026-07-30 15:26:27,419 [INFO] ----------------------------------Log Generated!----------------------------------
2026-07-30 15:26:29,807 [INFO] ----------------------------------Report Generated----------------------------------
2026-07-30 15:26:31,808 [INFO] ----------------------------------Done-----------------------------------------------
2026-07-30 15:26:36,936 [INFO] Uploading...
