2026-07-30 09:50:19,127 [INFO] Checking openssh-client...
2026-07-30 09:50:19,147 [INFO] openssh-client already installed
2026-07-30 09:50:19,148 [INFO] Checking ssh-agent...
2026-07-30 09:50:19,149 [INFO] ssh-agent already running
2026-07-30 09:50:19,150 [INFO] Private key already exists
2026-07-30 09:50:19,150 [INFO] Public key already exists
2026-07-30 09:50:19,151 [INFO] Adding key to ssh-agent...
2026-07-30 09:50:19,214 [INFO] Key added successfully
2026-07-30 09:50:19,215 [INFO] SSH setup completed ✔
2026-07-30 09:50:19,306 [INFO] ------------- Wifi Setup -------------
2026-07-30 09:51:28,176 [DEBUG] can config: {'fd': True, 'can_filters': [{'can_id': 1806, 'can_mask': 2047, 'extended': False}], 'interface': 'socketcan', 'channel': 'can0'}
2026-07-30 09:51:28,409 [INFO] Created a socket
2026-07-30 09:51:28,410 [DEBUG] Binding socket to channel=can0
2026-07-30 09:51:28,412 [DEBUG] Bound socket.
2026-07-30 09:51:28,420 [DEBUG] can config: {'fd': True, 'can_filters': [{'can_id': 1806, 'can_mask': 2047, 'extended': False}], 'interface': 'socketcan', 'channel': 'can0'}
2026-07-30 09:51:28,421 [INFO] Created a socket
2026-07-30 09:51:28,422 [DEBUG] Binding socket to channel=can0
2026-07-30 09:51:28,423 [DEBUG] Bound socket.
2026-07-30 09:51:28,429 [DEBUG] Given rxfn is considered blocking
2026-07-30 09:51:28,434 [INFO] CANLogger: Logging only UDS traffic (tx/rx physical+functional)
2026-07-30 09:51:28,495 [INFO] ----------------------------------Checking UDP Server (1/3)----------------------------------
2026-07-30 09:51:28,496 [INFO] Checking UDP Seed-Key server...
2026-07-30 09:51:28,565 [INFO] UDP Server Connected. Key received: 4b65792067656e65726174696f6e206661696c6564
2026-07-30 09:51:28,619 [INFO] ----------------------------------UDP Server Connected----------------------------------
2026-07-30 09:51:30,621 [INFO] ----------------------------------Welcome to Diagnostics-----------------------------------------------
2026-07-30 09:51:32,622 [INFO] ----------------------------------Initializing-----------------------------------------------
2026-07-30 09:51:34,123 [INFO] ----------------------------------Waiting for CAN-----------------------------------------------
2026-07-30 09:51:34,186 [INFO] Bringing up CAN interface can0...
2026-07-30 09:51:34,645 [INFO] CAN interface can0 successfully brought up.
2026-07-30 09:51:35,646 [INFO] Creating temporary UDS client...
2026-07-30 09:51:35,651 [DEBUG] can config: {'fd': True, 'can_filters': [{'can_id': 1806, 'can_mask': 2047, 'extended': False}], 'interface': 'socketcan', 'channel': 'can0'}
2026-07-30 09:51:35,654 [INFO] Created a socket
2026-07-30 09:51:35,656 [DEBUG] Binding socket to channel=can0
2026-07-30 09:51:35,657 [DEBUG] Bound socket.
2026-07-30 09:51:35,662 [DEBUG] can config: {'fd': True, 'can_filters': [{'can_id': 1806, 'can_mask': 2047, 'extended': False}], 'interface': 'socketcan', 'channel': 'can0'}
2026-07-30 09:51:35,663 [INFO] Created a socket
2026-07-30 09:51:35,664 [DEBUG] Binding socket to channel=can0
2026-07-30 09:51:35,665 [DEBUG] Bound socket.
2026-07-30 09:51:35,670 [DEBUG] Given rxfn is considered blocking
2026-07-30 09:51:35,675 [INFO] CANLogger: Logging only UDS traffic (tx/rx physical+functional)
2026-07-30 09:51:35,676 [INFO] Trying basic communication with ECU...
2026-07-30 09:51:35,677 [DEBUG] Starting CanStack
2026-07-30 09:51:35,679 [DEBUG] Main thread has started
2026-07-30 09:51:35,681 [DEBUG] Relay thread has started
2026-07-30 09:51:35,683 [INFO] Connection opened
2026-07-30 09:51:35,685 [INFO] TesterPresent<0x3e> - Sending TesterPresent request
2026-07-30 09:51:35,687 [DEBUG] Sending request to server
2026-07-30 09:51:35,688 [DEBUG] Sending 2 bytes : [3e00]
2026-07-30 09:51:35,693 [DEBUG] Enqueuing a SendRequest for 2 bytes and TAT=Physical
2026-07-30 09:51:35,694 [DEBUG] Waiting for server response
2026-07-30 09:51:35,695 [DEBUG] Tx: <706> (08) [ ]	 023e000000000000
2026-07-30 09:51:35,696 [DEBUG] We've been asked to write a message to the bus
2026-07-30 09:51:35,697 [DEBUG] sending: Timestamp:        0.000000    ID:      706    S Rx     F BS       DL:  8    02 3e 00 00 00 00 00 00
2026-07-30 09:51:35,846 [DEBUG] No data received: [TimeoutException] - Did not receive IsoTP frame from the Transport layer in time (timeout=0.15 sec) 
2026-07-30 09:51:35,847 [ERROR] [TimeoutException] : Did not receive response in time. P2 timeout time has expired (timeout=0.150 sec)
2026-07-30 09:51:35,848 [DEBUG] Stopping CanStack
2026-07-30 09:51:35,849 [DEBUG] Main thread is exiting
2026-07-30 09:51:35,868 [DEBUG] CanStack Stopped
2026-07-30 09:51:35,869 [INFO] Connection closed
2026-07-30 09:51:35,870 [WARNING] Tester Present failed: Did not receive response in time. P2 timeout time has expired (timeout=0.150 sec)
2026-07-30 09:51:35,871 [WARNING] No response from ECU.
2026-07-30 09:51:35,872 [INFO] ----------------------------------Waiting for ECU-----------------------------------------------
2026-07-30 09:51:37,936 [INFO] Bringing up CAN interface can0...
2026-07-30 09:51:38,138 [INFO] CAN interface can0 successfully brought up.
2026-07-30 09:51:39,139 [INFO] Creating temporary UDS client...
2026-07-30 09:51:39,145 [DEBUG] can config: {'fd': True, 'can_filters': [{'can_id': 1806, 'can_mask': 2047, 'extended': False}], 'interface': 'socketcan', 'channel': 'can0'}
2026-07-30 09:51:39,148 [INFO] Created a socket
2026-07-30 09:51:39,150 [DEBUG] Binding socket to channel=can0
2026-07-30 09:51:39,150 [DEBUG] Bound socket.
2026-07-30 09:51:39,155 [DEBUG] can config: {'fd': True, 'can_filters': [{'can_id': 1806, 'can_mask': 2047, 'extended': False}], 'interface': 'socketcan', 'channel': 'can0'}
2026-07-30 09:51:39,156 [INFO] Created a socket
2026-07-30 09:51:39,157 [DEBUG] Binding socket to channel=can0
2026-07-30 09:51:39,159 [DEBUG] Bound socket.
2026-07-30 09:51:39,165 [DEBUG] Given rxfn is considered blocking
2026-07-30 09:51:39,167 [INFO] CANLogger: Logging only UDS traffic (tx/rx physical+functional)
2026-07-30 09:51:39,168 [WARNING] SocketcanBus was not properly shut down
2026-07-30 09:51:39,170 [DEBUG] Closing raw can socket
2026-07-30 09:51:39,171 [INFO] Trying basic communication with ECU...
2026-07-30 09:51:39,172 [DEBUG] Starting CanStack
2026-07-30 09:51:39,174 [DEBUG] Main thread has started
2026-07-30 09:51:39,176 [DEBUG] Relay thread has started
2026-07-30 09:51:39,178 [INFO] Connection opened
2026-07-30 09:51:39,181 [INFO] TesterPresent<0x3e> - Sending TesterPresent request
2026-07-30 09:51:39,183 [DEBUG] Sending request to server
2026-07-30 09:51:39,184 [DEBUG] Sending 2 bytes : [3e00]
2026-07-30 09:51:39,185 [DEBUG] Enqueuing a SendRequest for 2 bytes and TAT=Physical
2026-07-30 09:51:39,186 [DEBUG] Waiting for server response
2026-07-30 09:51:39,187 [DEBUG] Tx: <706> (08) [ ]	 023e000000000000
2026-07-30 09:51:39,188 [DEBUG] We've been asked to write a message to the bus
2026-07-30 09:51:39,189 [DEBUG] sending: Timestamp:        0.000000    ID:      706    S Rx     F BS       DL:  8    02 3e 00 00 00 00 00 00
2026-07-30 09:51:39,205 [DEBUG] Rx: <70E> (08) [p]	 027e00aaaaaaaaaa
2026-07-30 09:51:39,207 [DEBUG] Received 2 bytes : [7e00]
2026-07-30 09:51:39,209 [DEBUG] Received response from server
2026-07-30 09:51:39,210 [INFO] Received positive response for service TesterPresent (0x3e) from server.
2026-07-30 09:51:39,212 [DEBUG] Stopping CanStack
2026-07-30 09:51:39,213 [DEBUG] Main thread is exiting
2026-07-30 09:51:39,256 [DEBUG] CanStack Stopped
2026-07-30 09:51:39,257 [INFO] Connection closed
2026-07-30 09:51:39,257 [INFO] UDS communication successful.
2026-07-30 09:51:39,258 [INFO] ----------------------------------ECU Ready-----------------------------------------------
2026-07-30 09:51:39,258 [INFO] USBTransfer initialized
2026-07-30 09:51:39,259 [WARNING] SocketcanBus was not properly shut down
2026-07-30 09:51:39,259 [DEBUG] Closing raw can socket
2026-07-30 09:51:39,260 [INFO] Checking openssh-client...
2026-07-30 09:51:39,280 [INFO] openssh-client already installed
2026-07-30 09:51:39,281 [INFO] Checking ssh-agent...
2026-07-30 09:51:39,282 [INFO] ssh-agent already running
2026-07-30 09:51:39,283 [INFO] Private key already exists
2026-07-30 09:51:39,284 [INFO] Public key already exists
2026-07-30 09:51:39,285 [INFO] Adding key to ssh-agent...
2026-07-30 09:51:39,360 [INFO] Key added successfully
2026-07-30 09:51:39,361 [INFO] SSH setup completed ✔
2026-07-30 09:51:39,390 [INFO] uds.service already up-to-date.
2026-07-30 09:51:39,614 [INFO] User lingering enabled.
2026-07-30 09:51:45,536 [INFO] ----------------------------------Run Test Cases-----------------------------------------------
2026-07-30 09:51:45,538 [INFO] ----------------------------------Storage OK Free: 4433 MB-----------------------------------------------
2026-07-30 09:51:47,539 [INFO] Preparing ECU and CAN/ISO-TP connections before logged run
2026-07-30 09:51:47,540 [DEBUG] Stopping CanStack
2026-07-30 09:51:47,541 [DEBUG] Closing raw can socket
2026-07-30 09:51:47,542 [DEBUG] Closing raw can socket
2026-07-30 09:51:47,549 [DEBUG] can config: {'fd': True, 'can_filters': [{'can_id': 1806, 'can_mask': 2047, 'extended': False}], 'interface': 'socketcan', 'channel': 'can0'}
2026-07-30 09:51:47,550 [INFO] Created a socket
2026-07-30 09:51:47,551 [DEBUG] Binding socket to channel=can0
2026-07-30 09:51:47,552 [DEBUG] Bound socket.
2026-07-30 09:51:47,557 [DEBUG] can config: {'fd': True, 'can_filters': [{'can_id': 1806, 'can_mask': 2047, 'extended': False}], 'interface': 'socketcan', 'channel': 'can0'}
2026-07-30 09:51:47,558 [INFO] Created a socket
2026-07-30 09:51:47,559 [DEBUG] Binding socket to channel=can0
2026-07-30 09:51:47,560 [DEBUG] Bound socket.
2026-07-30 09:51:47,566 [DEBUG] Given rxfn is considered blocking
2026-07-30 09:51:47,569 [INFO] Execution startup settle delay: 0.250s before first testcase
2026-07-30 09:51:47,820 [INFO] Drained stale CAN frames on physical sniffer bus
2026-07-30 09:51:47,821 [INFO] Drained stale CAN frames on active sniffer bus
2026-07-30 09:51:47,822 [DEBUG] Starting CanStack
2026-07-30 09:51:47,823 [DEBUG] Main thread has started
2026-07-30 09:51:47,825 [DEBUG] Relay thread has started
2026-07-30 09:51:47,827 [INFO] Connection opened
2026-07-30 09:51:47,830 [INFO] PRE_RUN - Start default session before logged execution: Sending request 1001
2026-07-30 09:51:47,831 [DEBUG] Sending 2 bytes : [1001]
2026-07-30 09:51:47,832 [DEBUG] Enqueuing a SendRequest for 2 bytes and TAT=Physical
2026-07-30 09:51:47,834 [DEBUG] Tx: <706> (08) [ ]	 0210010000000000
2026-07-30 09:51:47,834 [DEBUG] We've been asked to write a message to the bus
2026-07-30 09:51:47,835 [DEBUG] sending: Timestamp:        0.000000    ID:      706    S Rx     F BS       DL:  8    02 10 01 00 00 00 00 00
2026-07-30 09:51:47,855 [DEBUG] Rx: <70E> (08) [p]	 065001003201f4aa
2026-07-30 09:51:48,055 [INFO] Pre-run default session response: 5001003201F4
2026-07-30 09:51:48,056 [DEBUG] Stopping CanStack
2026-07-30 09:51:48,057 [DEBUG] Main thread is exiting
2026-07-30 09:51:48,106 [DEBUG] CanStack Stopped
2026-07-30 09:51:48,107 [INFO] Connection closed
2026-07-30 09:51:48,108 [DEBUG] Stopping CanStack
2026-07-30 09:51:48,108 [DEBUG] CanStack Stopped
2026-07-30 09:51:48,109 [INFO] Connection closed
2026-07-30 09:51:48,109 [DEBUG] Closing raw can socket
2026-07-30 09:51:48,110 [DEBUG] Closing raw can socket
2026-07-30 09:51:48,114 [DEBUG] can config: {'fd': True, 'can_filters': [{'can_id': 1806, 'can_mask': 2047, 'extended': False}], 'interface': 'socketcan', 'channel': 'can0'}
2026-07-30 09:51:48,118 [INFO] Created a socket
2026-07-30 09:51:48,120 [DEBUG] Binding socket to channel=can0
2026-07-30 09:51:48,121 [DEBUG] Bound socket.
2026-07-30 09:51:48,128 [WARNING] SocketcanBus was not properly shut down
2026-07-30 09:51:48,129 [DEBUG] Closing raw can socket
2026-07-30 09:51:48,130 [WARNING] SocketcanBus was not properly shut down
2026-07-30 09:51:48,131 [DEBUG] Closing raw can socket
2026-07-30 09:51:48,133 [DEBUG] can config: {'fd': True, 'can_filters': [{'can_id': 1806, 'can_mask': 2047, 'extended': False}], 'interface': 'socketcan', 'channel': 'can0'}
2026-07-30 09:51:48,135 [INFO] Created a socket
2026-07-30 09:51:48,136 [DEBUG] Binding socket to channel=can0
2026-07-30 09:51:48,139 [DEBUG] Bound socket.
2026-07-30 09:51:48,143 [DEBUG] Given rxfn is considered blocking
2026-07-30 09:51:48,146 [INFO] Execution startup settle delay: 0.250s before first testcase
2026-07-30 09:51:48,397 [INFO] Drained stale CAN frames on physical sniffer bus
2026-07-30 09:51:48,398 [INFO] Drained stale CAN frames on active sniffer bus
2026-07-30 09:51:48,404 [DEBUG] can config: {'can_filters': [{'can_id': 1798, 'can_mask': 2047, 'extended': False}, {'can_id': 1806, 'can_mask': 2047, 'extended': False}, {'can_id': 2015, 'can_mask': 2047, 'extended': False}, {'can_id': 1822, 'can_mask': 2047, 'extended': False}], 'fd': True, 'receive_own_messages': True, 'interface': 'socketcan', 'channel': 'can0'}
2026-07-30 09:51:48,408 [INFO] Created a socket
2026-07-30 09:51:48,409 [DEBUG] Binding socket to channel=can0
2026-07-30 09:51:48,410 [DEBUG] Bound socket.
2026-07-30 09:51:48,412 [INFO] CAN logging started: /home/mobase/Git/Raja/New_5/dist/output/can_logs/SHVU_30th_July_20260730_095147.asc
2026-07-30 09:51:48,413 [INFO] Execution startup settle delay: 0.250s before first testcase
2026-07-30 09:51:48,664 [INFO] Drained stale CAN frames on physical sniffer bus
2026-07-30 09:51:48,665 [INFO] Drained stale CAN frames on active sniffer bus
2026-07-30 09:51:48,678 [INFO] Running Test Case: ECU_INFO-21
2026-07-30 09:51:48,679 [INFO] Final CAN drain completed before first testcase ECU_INFO-21
2026-07-30 09:51:48,680 [DEBUG] Starting CanStack
2026-07-30 09:51:48,681 [DEBUG] Main thread has started
2026-07-30 09:51:48,683 [DEBUG] Relay thread has started
2026-07-30 09:51:48,685 [INFO] Connection opened
2026-07-30 09:51:48,686 [INFO] Switched to physical mode for TC: ECU_INFO-21 Step: S/W Version
2026-07-30 09:51:48,687 [INFO] ECU_INFO-21 - S/W Version: SID=0x22, Sub=0xF1B1, Expected=[16, 8, 98, 241, 177, 50, 53, 65, 49, 48, 170, 170, 170, 170, 170, 170]
2026-07-30 09:51:48,741 [INFO] ECU_INFO-21 - S/W Version: Sending request 22F1B1
2026-07-30 09:51:48,742 [INFO] ECU_INFO-21 - S/W Version: Sending request 22F1B1
2026-07-30 09:51:48,743 [DEBUG] Sending 3 bytes : [22f1b1]
2026-07-30 09:51:48,744 [DEBUG] Enqueuing a SendRequest for 3 bytes and TAT=Physical
2026-07-30 09:51:48,747 [DEBUG] Tx: <706> (08) [ ]	 0322f1b100000000
2026-07-30 09:51:48,750 [DEBUG] We've been asked to write a message to the bus
2026-07-30 09:51:48,751 [DEBUG] sending: Timestamp:        0.000000    ID:      706    S Rx     F BS       DL:  8    03 22 f1 b1 00 00 00 00
2026-07-30 09:51:48,775 [DEBUG] We've been asked to write a message to the bus
2026-07-30 09:51:48,776 [DEBUG] Rx: <70E> (08) [p]	 100862f1b1323541
2026-07-30 09:51:48,777 [DEBUG] sending: Timestamp:        0.000000    ID:      706    S Rx     F BS       DL:  8    30 08 0a 00 00 00 00 00
2026-07-30 09:51:48,778 [DEBUG] Tx: <706> (08) [ ]	 30080a0000000000
2026-07-30 09:51:48,779 [DEBUG] We've been asked to write a message to the bus
2026-07-30 09:51:48,780 [DEBUG] sending: Timestamp:        0.000000    ID:      706    S Rx     F BS       DL:  8    30 08 0a 00 00 00 00 00
2026-07-30 09:51:48,781 [DEBUG] TxState=IDLE - RxState=WAIT_CF
2026-07-30 09:51:48,785 [DEBUG] Rx: <70E> (08) [p]	 213130aaaaaaaaaa
2026-07-30 09:51:48,835 [INFO] ECU_INFO-21 - Received: 62F1B13235413130
2026-07-30 09:51:48,836 [WARNING] ECU_INFO-21 - S/W Version -> ❌ FAIL - Expected 100862F1B13235413130AAAAAAAAAAAA
2026-07-30 09:51:48,836 [DEBUG] Stopping CanStack
2026-07-30 09:51:48,837 [DEBUG] TxState=IDLE - RxState=IDLE
2026-07-30 09:51:48,838 [DEBUG] Main thread is exiting
2026-07-30 09:51:48,886 [DEBUG] CanStack Stopped
2026-07-30 09:51:48,887 [INFO] Connection closed
2026-07-30 09:51:48,887 [INFO] Running Test Case: ECU_INFO-22
2026-07-30 09:51:48,888 [DEBUG] Starting CanStack
2026-07-30 09:51:48,889 [DEBUG] Main thread has started
2026-07-30 09:51:48,890 [DEBUG] Relay thread has started
2026-07-30 09:51:48,891 [INFO] Connection opened
2026-07-30 09:51:48,892 [INFO] Switched to physical mode for TC: ECU_INFO-22 Step: Part Number
2026-07-30 09:51:48,892 [INFO] ECU_INFO-22 - Part Number: SID=0x22, Sub=0xF187, Expected=[16, 13, 98, 241, 135, 56, 56, 53, 52, 48, 71, 74, 48, 48, 48, 170, 170]
2026-07-30 09:51:48,946 [INFO] ECU_INFO-22 - Part Number: Sending request 22F187
2026-07-30 09:51:48,947 [INFO] ECU_INFO-22 - Part Number: Sending request 22F187
2026-07-30 09:51:48,947 [DEBUG] Sending 3 bytes : [22f187]
2026-07-30 09:51:48,949 [DEBUG] Enqueuing a SendRequest for 3 bytes and TAT=Physical
2026-07-30 09:51:48,951 [DEBUG] Tx: <706> (08) [ ]	 0322f18700000000
2026-07-30 09:51:48,954 [DEBUG] We've been asked to write a message to the bus
2026-07-30 09:51:48,955 [DEBUG] sending: Timestamp:        0.000000    ID:      706    S Rx     F BS       DL:  8    03 22 f1 87 00 00 00 00
2026-07-30 09:51:48,975 [DEBUG] We've been asked to write a message to the bus
2026-07-30 09:51:48,977 [DEBUG] sending: Timestamp:        0.000000    ID:      706    S Rx     F BS       DL:  8    30 08 0a 00 00 00 00 00
2026-07-30 09:51:48,978 [DEBUG] Rx: <70E> (08) [p]	 100d62f187383835
2026-07-30 09:51:48,980 [DEBUG] Tx: <706> (08) [ ]	 30080a0000000000
2026-07-30 09:51:48,981 [DEBUG] We've been asked to write a message to the bus
2026-07-30 09:51:48,982 [DEBUG] sending: Timestamp:        0.000000    ID:      706    S Rx     F BS       DL:  8    30 08 0a 00 00 00 00 00
2026-07-30 09:51:48,983 [DEBUG] TxState=IDLE - RxState=WAIT_CF
2026-07-30 09:51:48,985 [DEBUG] Rx: <70E> (08) [p]	 213430474a303030
2026-07-30 09:51:49,036 [INFO] ECU_INFO-22 - Received: 62F1873838353430474A303030
2026-07-30 09:51:49,037 [DEBUG] TxState=IDLE - RxState=IDLE
2026-07-30 09:51:49,038 [WARNING] ECU_INFO-22 - Part Number -> ❌ FAIL - Expected 100D62F1873838353430474A303030AAAA
2026-07-30 09:51:49,039 [DEBUG] Stopping CanStack
2026-07-30 09:51:49,040 [DEBUG] Main thread is exiting
2026-07-30 09:51:49,085 [DEBUG] CanStack Stopped
2026-07-30 09:51:49,086 [INFO] Connection closed
2026-07-30 09:51:49,087 [INFO] Running Test Case: ECU_INFO-23
2026-07-30 09:51:49,087 [DEBUG] Starting CanStack
2026-07-30 09:51:49,089 [DEBUG] Main thread has started
2026-07-30 09:51:49,090 [DEBUG] Relay thread has started
2026-07-30 09:51:49,091 [INFO] Connection opened
2026-07-30 09:51:49,091 [INFO] Switched to physical mode for TC: ECU_INFO-23 Step: Manufacturing Date
2026-07-30 09:51:49,092 [INFO] ECU_INFO-23 - Manufacturing Date: SID=0x22, Sub=0xF18B, Expected=[16, 8, 98, 241, 139, 32, 37, 16, 21, 170, 170, 170, 170, 170]
2026-07-30 09:51:49,153 [INFO] ECU_INFO-23 - Manufacturing Date: Sending request 22F18B
2026-07-30 09:51:49,154 [INFO] ECU_INFO-23 - Manufacturing Date: Sending request 22F18B
2026-07-30 09:51:49,155 [DEBUG] Sending 3 bytes : [22f18b]
2026-07-30 09:51:49,156 [DEBUG] Enqueuing a SendRequest for 3 bytes and TAT=Physical
2026-07-30 09:51:49,158 [DEBUG] Tx: <706> (08) [ ]	 0322f18b00000000
2026-07-30 09:51:49,161 [DEBUG] We've been asked to write a message to the bus
2026-07-30 09:51:49,162 [DEBUG] sending: Timestamp:        0.000000    ID:      706    S Rx     F BS       DL:  8    03 22 f1 8b 00 00 00 00
2026-07-30 09:51:49,186 [DEBUG] Rx: <70E> (08) [p]	 0762f18b20251015
2026-07-30 09:51:49,235 [INFO] ECU_INFO-23 - Received: 62F18B20251015
2026-07-30 09:51:49,236 [WARNING] ECU_INFO-23 - Manufacturing Date -> ❌ FAIL - Expected 100862F18B20251015AAAAAAAAAA
2026-07-30 09:51:49,237 [DEBUG] Stopping CanStack
2026-07-30 09:51:49,239 [DEBUG] Main thread is exiting
2026-07-30 09:51:49,286 [DEBUG] CanStack Stopped
2026-07-30 09:51:49,287 [INFO] Connection closed
2026-07-30 09:51:49,288 [INFO] Running Test Case: ECU_INFO-24
2026-07-30 09:51:49,289 [DEBUG] Starting CanStack
2026-07-30 09:51:49,291 [DEBUG] Main thread has started
2026-07-30 09:51:49,293 [DEBUG] Relay thread has started
2026-07-30 09:51:49,297 [INFO] Connection opened
2026-07-30 09:51:49,298 [INFO] Switched to physical mode for TC: ECU_INFO-24 Step: ECU_Serial Number
2026-07-30 09:51:49,299 [INFO] ECU_INFO-24 - ECU_Serial Number: SID=0x22, Sub=0xF18C, Expected=[16, 13, 98, 241, 140, 48, 48, 48, 48, 48, 48, 48, 48, 53, 48, 170, 170]
2026-07-30 09:51:49,360 [INFO] ECU_INFO-24 - ECU_Serial Number: Sending request 22F18C
2026-07-30 09:51:49,361 [INFO] ECU_INFO-24 - ECU_Serial Number: Sending request 22F18C
2026-07-30 09:51:49,362 [DEBUG] Sending 3 bytes : [22f18c]
2026-07-30 09:51:49,364 [DEBUG] Enqueuing a SendRequest for 3 bytes and TAT=Physical
2026-07-30 09:51:49,366 [DEBUG] Tx: <706> (08) [ ]	 0322f18c00000000
2026-07-30 09:51:49,369 [DEBUG] We've been asked to write a message to the bus
2026-07-30 09:51:49,370 [DEBUG] sending: Timestamp:        0.000000    ID:      706    S Rx     F BS       DL:  8    03 22 f1 8c 00 00 00 00
2026-07-30 09:51:49,395 [DEBUG] We've been asked to write a message to the bus
2026-07-30 09:51:49,395 [DEBUG] Rx: <70E> (08) [p]	 100d62f18c303030
2026-07-30 09:51:49,397 [DEBUG] sending: Timestamp:        0.000000    ID:      706    S Rx     F BS       DL:  8    30 08 0a 00 00 00 00 00
2026-07-30 09:51:49,398 [DEBUG] Tx: <706> (08) [ ]	 30080a0000000000
2026-07-30 09:51:49,399 [DEBUG] We've been asked to write a message to the bus
2026-07-30 09:51:49,400 [DEBUG] sending: Timestamp:        0.000000    ID:      706    S Rx     F BS       DL:  8    30 08 0a 00 00 00 00 00
2026-07-30 09:51:49,401 [DEBUG] TxState=IDLE - RxState=WAIT_CF
2026-07-30 09:51:49,405 [DEBUG] Rx: <70E> (08) [p]	 2130303030303530
2026-07-30 09:51:49,455 [INFO] ECU_INFO-24 - Received: 62F18C30303030303030303530
2026-07-30 09:51:49,456 [WARNING] ECU_INFO-24 - ECU_Serial Number -> ❌ FAIL - Expected 100D62F18C30303030303030303530AAAA
2026-07-30 09:51:49,457 [DEBUG] TxState=IDLE - RxState=IDLE
2026-07-30 09:51:49,458 [DEBUG] Stopping CanStack
2026-07-30 09:51:49,459 [DEBUG] Main thread is exiting
2026-07-30 09:51:49,505 [DEBUG] CanStack Stopped
2026-07-30 09:51:49,506 [INFO] Connection closed
2026-07-30 09:51:49,507 [INFO] Running Test Case: ECU_INFO-25
2026-07-30 09:51:49,507 [DEBUG] Starting CanStack
2026-07-30 09:51:49,508 [DEBUG] Main thread has started
2026-07-30 09:51:49,509 [DEBUG] Relay thread has started
2026-07-30 09:51:49,511 [INFO] Connection opened
2026-07-30 09:51:49,511 [INFO] Switched to physical mode for TC: ECU_INFO-25 Step: H/W Version
2026-07-30 09:51:49,512 [INFO] ECU_INFO-25 - H/W Version: SID=0x22, Sub=0xF193, Expected=[16, 8, 98, 241, 147, 67, 46, 48, 48, 170, 170, 170, 170, 170]
2026-07-30 09:51:49,567 [INFO] ECU_INFO-25 - H/W Version: Sending request 22F193
2026-07-30 09:51:49,568 [INFO] ECU_INFO-25 - H/W Version: Sending request 22F193
2026-07-30 09:51:49,569 [DEBUG] Sending 3 bytes : [22f193]
2026-07-30 09:51:49,571 [DEBUG] Enqueuing a SendRequest for 3 bytes and TAT=Physical
2026-07-30 09:51:49,573 [DEBUG] Tx: <706> (08) [ ]	 0322f19300000000
2026-07-30 09:51:49,576 [DEBUG] We've been asked to write a message to the bus
2026-07-30 09:51:49,577 [DEBUG] sending: Timestamp:        0.000000    ID:      706    S Rx     F BS       DL:  8    03 22 f1 93 00 00 00 00
2026-07-30 09:51:49,596 [DEBUG] Rx: <70E> (08) [p]	 0762f193432e3030
2026-07-30 09:51:49,645 [INFO] ECU_INFO-25 - Received: 62F193432E3030
2026-07-30 09:51:49,646 [WARNING] ECU_INFO-25 - H/W Version -> ❌ FAIL - Expected 100862F193432E3030AAAAAAAAAA
2026-07-30 09:51:49,647 [DEBUG] Stopping CanStack
2026-07-30 09:51:49,648 [DEBUG] Main thread is exiting
2026-07-30 09:51:49,697 [DEBUG] CanStack Stopped
2026-07-30 09:51:49,698 [INFO] Connection closed
2026-07-30 09:51:49,698 [INFO] Running Test Case: PC_ID-023
2026-07-30 09:51:49,699 [DEBUG] Starting CanStack
2026-07-30 09:51:49,701 [DEBUG] Main thread has started
2026-07-30 09:51:49,703 [DEBUG] Relay thread has started
2026-07-30 09:51:49,707 [INFO] Connection opened
2026-07-30 09:51:49,708 [INFO] Switched to physical mode for TC: PC_ID-023 Step: Start default session
2026-07-30 09:51:49,709 [INFO] PC_ID-023 - Start default session: SID=0x10, Sub=0x01, Expected=[6, 80, 1, 0, 50, 1, 244, 170]
2026-07-30 09:51:49,768 [INFO] PC_ID-023 - Start default session: Sending 1001
2026-07-30 09:51:49,822 [INFO] PC_ID-023 - Start default session: Sending request 1001
2026-07-30 09:51:49,823 [DEBUG] Sending 2 bytes : [1001]
2026-07-30 09:51:49,824 [DEBUG] Enqueuing a SendRequest for 2 bytes and TAT=Physical
2026-07-30 09:51:49,826 [DEBUG] Tx: <706> (08) [ ]	 0210010000000000
2026-07-30 09:51:49,828 [DEBUG] We've been asked to write a message to the bus
2026-07-30 09:51:49,831 [DEBUG] sending: Timestamp:        0.000000    ID:      706    S Rx     F BS       DL:  8    02 10 01 00 00 00 00 00
2026-07-30 09:51:49,854 [INFO] PC_ID-023 - Received: 5001003201F4
2026-07-30 09:51:49,856 [WARNING] PC_ID-023 - Start default session -> FAIL - Unexpected response
2026-07-30 09:51:49,857 [DEBUG] Rx: <70E> (08) [p]	 065001003201f4aa
2026-07-30 09:51:49,857 [DEBUG] Stopping CanStack
2026-07-30 09:51:49,859 [DEBUG] Main thread is exiting
2026-07-30 09:51:49,907 [DEBUG] CanStack Stopped
2026-07-30 09:51:49,908 [INFO] Connection closed
2026-07-30 09:51:49,908 [INFO] Running Test Case: TC_ID-740
2026-07-30 09:51:49,909 [DEBUG] Starting CanStack
2026-07-30 09:51:49,911 [DEBUG] Main thread has started
2026-07-30 09:51:49,914 [DEBUG] Relay thread has started
2026-07-30 09:51:49,917 [INFO] Connection opened
2026-07-30 09:51:49,918 [INFO] Switched to physical mode for TC: TC_ID-740 Step: PreCondition: PC_ID-023  Testcase:RX_SWIN_F1_EF_Read(Defaultsession)
2026-07-30 09:51:49,919 [INFO] TC_ID-740 - PreCondition: PC_ID-023  Testcase:RX_SWIN_F1_EF_Read(Defaultsession): SID=0x22, Sub=0xF1EF, Expected=[16, 43, 98, 241, 239, 7, 6, 11, 82, 49, 48, 32, 66, 74, 49, 47, 49, 47, 48, 12, 82, 49, 53, 53, 32, 66, 74, 49, 47, 49, 47, 48, 12, 82, 49, 53, 54, 32, 66, 74, 49, 47, 49, 47, 48, 170, 170, 170, 170, 170]
2026-07-30 09:51:49,999 [INFO] TC_ID-740 - PreCondition: PC_ID-023  Testcase:RX_SWIN_F1_EF_Read(Defaultsession): Sending request 22F1EF
2026-07-30 09:51:49,999 [INFO] TC_ID-740 - PreCondition: PC_ID-023  Testcase:RX_SWIN_F1_EF_Read(Defaultsession): Sending request 22F1EF
2026-07-30 09:51:50,000 [DEBUG] Sending 3 bytes : [22f1ef]
2026-07-30 09:51:50,002 [DEBUG] Enqueuing a SendRequest for 3 bytes and TAT=Physical
2026-07-30 09:51:50,004 [DEBUG] Tx: <706> (08) [ ]	 0322f1ef00000000
2026-07-30 09:51:50,007 [DEBUG] We've been asked to write a message to the bus
2026-07-30 09:51:50,008 [DEBUG] sending: Timestamp:        0.000000    ID:      706    S Rx     F BS       DL:  8    03 22 f1 ef 00 00 00 00
2026-07-30 09:51:50,035 [DEBUG] We've been asked to write a message to the bus
2026-07-30 09:51:50,036 [DEBUG] sending: Timestamp:        0.000000    ID:      706    S Rx     F BS       DL:  8    30 08 0a 00 00 00 00 00
2026-07-30 09:51:50,037 [DEBUG] Rx: <70E> (08) [p]	 102b62f1ef07060b
2026-07-30 09:51:50,038 [DEBUG] Tx: <706> (08) [ ]	 30080a0000000000
2026-07-30 09:51:50,040 [DEBUG] We've been asked to write a message to the bus
2026-07-30 09:51:50,042 [DEBUG] sending: Timestamp:        0.000000    ID:      706    S Rx     F BS       DL:  8    30 08 0a 00 00 00 00 00
2026-07-30 09:51:50,043 [DEBUG] TxState=IDLE - RxState=WAIT_CF
2026-07-30 09:51:50,044 [DEBUG] Rx: <70E> (08) [p]	 2152313020424a31
2026-07-30 09:51:50,058 [DEBUG] Rx: <70E> (08) [p]	 222f312f300c5231
2026-07-30 09:51:50,071 [DEBUG] Rx: <70E> (08) [p]	 23353520424a312f
2026-07-30 09:51:50,086 [DEBUG] Rx: <70E> (08) [p]	 24312f300c523135
2026-07-30 09:51:50,100 [DEBUG] Rx: <70E> (08) [p]	 253620424a312f31
2026-07-30 09:51:50,118 [DEBUG] Rx: <70E> (08) [p]	 262f30aaaaaaaaaa
2026-07-30 09:51:50,170 [INFO] TC_ID-740 - Received: 62F1EF07060B52313020424A312F312F300C5231353520424A312F312F300C5231353620424A312F312F30
2026-07-30 09:51:50,171 [DEBUG] TxState=IDLE - RxState=IDLE
2026-07-30 09:51:50,171 [WARNING] TC_ID-740 - PreCondition: PC_ID-023  Testcase:RX_SWIN_F1_EF_Read(Defaultsession) -> ❌ FAIL - Expected 102B62F1EF07060B52313020424A312F312F300C5231353520424A312F312F300C5231353620424A312F312F30AAAAAAAAAA
2026-07-30 09:51:50,173 [DEBUG] Stopping CanStack
2026-07-30 09:51:50,174 [DEBUG] Main thread is exiting
2026-07-30 09:51:50,217 [DEBUG] CanStack Stopped
2026-07-30 09:51:50,218 [INFO] Connection closed
2026-07-30 09:51:50,218 [INFO] Running Test Case: TC_ID-741
2026-07-30 09:51:50,219 [DEBUG] Starting CanStack
2026-07-30 09:51:50,220 [DEBUG] Main thread has started
2026-07-30 09:51:50,221 [DEBUG] Relay thread has started
2026-07-30 09:51:50,222 [INFO] Connection opened
2026-07-30 09:51:50,222 [INFO] Switched to physical mode for TC: TC_ID-741 Step: PreCondition: PC_ID-023  Testcase:Verify incorrect msg length NRC for RXSWIN version information (22 F1 EF 02)
2026-07-30 09:51:50,223 [INFO] TC_ID-741 - PreCondition: PC_ID-023  Testcase:Verify incorrect msg length NRC for RXSWIN version information (22 F1 EF 02): SID=0x22, Sub=0xF1EF02, Expected=[3, 127, 34, 19, 170, 170, 170, 170]
2026-07-30 09:51:50,317 [INFO] TC_ID-741 - PreCondition: PC_ID-023  Testcase:Verify incorrect msg length NRC for RXSWIN version information (22 F1 EF 02): Sending request 22F1EF02
2026-07-30 09:51:50,318 [INFO] TC_ID-741 - PreCondition: PC_ID-023  Testcase:Verify incorrect msg length NRC for RXSWIN version information (22 F1 EF 02): Sending request 22F1EF02
2026-07-30 09:51:50,319 [DEBUG] Sending 4 bytes : [22f1ef02]
2026-07-30 09:51:50,320 [DEBUG] Enqueuing a SendRequest for 4 bytes and TAT=Physical
2026-07-30 09:51:50,322 [DEBUG] Tx: <706> (08) [ ]	 0422f1ef02000000
2026-07-30 09:51:50,325 [DEBUG] We've been asked to write a message to the bus
2026-07-30 09:51:50,327 [DEBUG] sending: Timestamp:        0.000000    ID:      706    S Rx     F BS       DL:  8    04 22 f1 ef 02 00 00 00
2026-07-30 09:51:50,346 [DEBUG] Rx: <70E> (08) [p]	 037f2213aaaaaaaa
2026-07-30 09:51:50,396 [INFO] TC_ID-741 - Received: 7F2213
2026-07-30 09:51:50,397 [WARNING] TC_ID-741 - PreCondition: PC_ID-023  Testcase:Verify incorrect msg length NRC for RXSWIN version information (22 F1 EF 02) -> ❌ FAIL - Expected 037F2213AAAAAAAA
2026-07-30 09:51:50,398 [DEBUG] Stopping CanStack
2026-07-30 09:51:50,399 [DEBUG] Main thread is exiting
2026-07-30 09:51:50,447 [DEBUG] CanStack Stopped
2026-07-30 09:51:50,448 [INFO] Connection closed
2026-07-30 09:51:50,448 [INFO] Running Test Case: TC_ID-742
2026-07-30 09:51:50,449 [DEBUG] Starting CanStack
2026-07-30 09:51:50,450 [DEBUG] Main thread has started
2026-07-30 09:51:50,452 [DEBUG] Relay thread has started
2026-07-30 09:51:50,454 [INFO] Connection opened
2026-07-30 09:51:50,457 [INFO] Switched to physical mode for TC: TC_ID-742 Step: PreCondition: PC_ID-023  Testcase:Vehicle_Manufacturer_Spare_Part_Number_F1_87_Read(Defaultsession)
2026-07-30 09:51:50,459 [INFO] TC_ID-742 - PreCondition: PC_ID-023  Testcase:Vehicle_Manufacturer_Spare_Part_Number_F1_87_Read(Defaultsession): SID=0x22, Sub=0xF187, Expected=[16, 13, 98, 241, 135, 56, 56, 53, 52, 48, 71, 74, 48, 48, 48, 170, 170]
2026-07-30 09:51:50,555 [INFO] TC_ID-742 - PreCondition: PC_ID-023  Testcase:Vehicle_Manufacturer_Spare_Part_Number_F1_87_Read(Defaultsession): Sending request 22F187
2026-07-30 09:51:50,556 [INFO] TC_ID-742 - PreCondition: PC_ID-023  Testcase:Vehicle_Manufacturer_Spare_Part_Number_F1_87_Read(Defaultsession): Sending request 22F187
2026-07-30 09:51:50,557 [DEBUG] Sending 3 bytes : [22f187]
2026-07-30 09:51:50,562 [DEBUG] Enqueuing a SendRequest for 3 bytes and TAT=Physical
2026-07-30 09:51:50,565 [DEBUG] Tx: <706> (08) [ ]	 0322f18700000000
2026-07-30 09:51:50,566 [DEBUG] We've been asked to write a message to the bus
2026-07-30 09:51:50,567 [DEBUG] sending: Timestamp:        0.000000    ID:      706    S Rx     F BS       DL:  8    03 22 f1 87 00 00 00 00
2026-07-30 09:51:50,595 [DEBUG] We've been asked to write a message to the bus
2026-07-30 09:51:50,596 [DEBUG] sending: Timestamp:        0.000000    ID:      706    S Rx     F BS       DL:  8    30 08 0a 00 00 00 00 00
2026-07-30 09:51:50,597 [DEBUG] Rx: <70E> (08) [p]	 100d62f187383835
2026-07-30 09:51:50,598 [DEBUG] Tx: <706> (08) [ ]	 30080a0000000000
2026-07-30 09:51:50,600 [DEBUG] We've been asked to write a message to the bus
2026-07-30 09:51:50,602 [DEBUG] sending: Timestamp:        0.000000    ID:      706    S Rx     F BS       DL:  8    30 08 0a 00 00 00 00 00
2026-07-30 09:51:50,603 [DEBUG] TxState=IDLE - RxState=WAIT_CF
2026-07-30 09:51:50,604 [DEBUG] Rx: <70E> (08) [p]	 213430474a303030
2026-07-30 09:51:50,650 [INFO] TC_ID-742 - Received: 62F1873838353430474A303030
2026-07-30 09:51:50,651 [WARNING] TC_ID-742 - PreCondition: PC_ID-023  Testcase:Vehicle_Manufacturer_Spare_Part_Number_F1_87_Read(Defaultsession) -> ❌ FAIL - Expected 100D62F1873838353430474A303030AAAA
2026-07-30 09:51:50,652 [DEBUG] Stopping CanStack
2026-07-30 09:51:50,653 [DEBUG] TxState=IDLE - RxState=IDLE
2026-07-30 09:51:50,654 [DEBUG] Main thread is exiting
2026-07-30 09:51:50,702 [DEBUG] CanStack Stopped
2026-07-30 09:51:50,703 [INFO] Connection closed
2026-07-30 09:51:50,704 [INFO] Running Test Case: TC_ID-743
2026-07-30 09:51:50,705 [DEBUG] Starting CanStack
2026-07-30 09:51:50,706 [DEBUG] Main thread has started
2026-07-30 09:51:50,707 [DEBUG] Relay thread has started
2026-07-30 09:51:50,708 [INFO] Connection opened
2026-07-30 09:51:50,710 [INFO] Switched to physical mode for TC: TC_ID-743 Step: PreCondition: PC_ID-023  Testcase:Verify incorrect msg length NRC for Part number information (22 F1 87 01)
2026-07-30 09:51:50,711 [INFO] TC_ID-743 - PreCondition: PC_ID-023  Testcase:Verify incorrect msg length NRC for Part number information (22 F1 87 01): SID=0x22, Sub=0xF18701, Expected=[3, 127, 34, 19, 170, 170, 170, 170]
2026-07-30 09:51:50,809 [INFO] TC_ID-743 - PreCondition: PC_ID-023  Testcase:Verify incorrect msg length NRC for Part number information (22 F1 87 01): Sending request 22F18701
2026-07-30 09:51:50,810 [INFO] TC_ID-743 - PreCondition: PC_ID-023  Testcase:Verify incorrect msg length NRC for Part number information (22 F1 87 01): Sending request 22F18701
2026-07-30 09:51:50,811 [DEBUG] Sending 4 bytes : [22f18701]
2026-07-30 09:51:50,812 [DEBUG] Enqueuing a SendRequest for 4 bytes and TAT=Physical
2026-07-30 09:51:50,814 [DEBUG] Tx: <706> (08) [ ]	 0422f18701000000
2026-07-30 09:51:50,816 [DEBUG] We've been asked to write a message to the bus
2026-07-30 09:51:50,818 [DEBUG] sending: Timestamp:        0.000000    ID:      706    S Rx     F BS       DL:  8    04 22 f1 87 01 00 00 00
2026-07-30 09:51:50,845 [DEBUG] Rx: <70E> (08) [p]	 037f2213aaaaaaaa
2026-07-30 09:51:50,895 [INFO] TC_ID-743 - Received: 7F2213
2026-07-30 09:51:50,896 [WARNING] TC_ID-743 - PreCondition: PC_ID-023  Testcase:Verify incorrect msg length NRC for Part number information (22 F1 87 01) -> ❌ FAIL - Expected 037F2213AAAAAAAA
2026-07-30 09:51:50,897 [DEBUG] Stopping CanStack
2026-07-30 09:51:50,898 [DEBUG] Main thread is exiting
2026-07-30 09:51:50,946 [DEBUG] CanStack Stopped
2026-07-30 09:51:50,947 [INFO] Connection closed
2026-07-30 09:51:50,948 [INFO] Running Test Case: TC_ID-744
2026-07-30 09:51:50,948 [DEBUG] Starting CanStack
2026-07-30 09:51:50,950 [DEBUG] Main thread has started
2026-07-30 09:51:50,951 [DEBUG] Relay thread has started
2026-07-30 09:51:50,955 [INFO] Connection opened
2026-07-30 09:51:50,957 [INFO] Switched to physical mode for TC: TC_ID-744 Step: PreCondition: PC_ID-023  Testcase:Manufacturing_F1_8B_Read(Defaultsession)
2026-07-30 09:51:50,958 [INFO] TC_ID-744 - PreCondition: PC_ID-023  Testcase:Manufacturing_F1_8B_Read(Defaultsession): SID=0x22, Sub=0xF18B, Expected=[7, 98, 241, 139, 32, 37, 16, 21]
2026-07-30 09:51:51,044 [INFO] TC_ID-744 - PreCondition: PC_ID-023  Testcase:Manufacturing_F1_8B_Read(Defaultsession): Sending request 22F18B
2026-07-30 09:51:51,045 [INFO] TC_ID-744 - PreCondition: PC_ID-023  Testcase:Manufacturing_F1_8B_Read(Defaultsession): Sending request 22F18B
2026-07-30 09:51:51,046 [DEBUG] Sending 3 bytes : [22f18b]
2026-07-30 09:51:51,047 [DEBUG] Enqueuing a SendRequest for 3 bytes and TAT=Physical
2026-07-30 09:51:51,049 [DEBUG] Tx: <706> (08) [ ]	 0322f18b00000000
2026-07-30 09:51:51,051 [DEBUG] We've been asked to write a message to the bus
2026-07-30 09:51:51,053 [DEBUG] sending: Timestamp:        0.000000    ID:      706    S Rx     F BS       DL:  8    03 22 f1 8b 00 00 00 00
2026-07-30 09:51:51,076 [DEBUG] Rx: <70E> (08) [p]	 0762f18b20251015
2026-07-30 09:51:51,126 [INFO] TC_ID-744 - Received: 62F18B20251015
2026-07-30 09:51:51,127 [WARNING] TC_ID-744 - PreCondition: PC_ID-023  Testcase:Manufacturing_F1_8B_Read(Defaultsession) -> ❌ FAIL - Expected 0762F18B20251015
2026-07-30 09:51:51,128 [DEBUG] Stopping CanStack
2026-07-30 09:51:51,130 [DEBUG] Main thread is exiting
2026-07-30 09:51:51,176 [DEBUG] CanStack Stopped
2026-07-30 09:51:51,177 [INFO] Connection closed
2026-07-30 09:51:51,177 [INFO] Running Test Case: TC_ID-745
2026-07-30 09:51:51,178 [DEBUG] Starting CanStack
2026-07-30 09:51:51,179 [DEBUG] Main thread has started
2026-07-30 09:51:51,180 [DEBUG] Relay thread has started
2026-07-30 09:51:51,182 [INFO] Connection opened
2026-07-30 09:51:51,183 [INFO] Switched to physical mode for TC: TC_ID-745 Step: PreCondition: PC_ID-023  Testcase:Verify incorrect msg length NRC for Manufacturing date information (22 F1 8B 02)
2026-07-30 09:51:51,184 [INFO] TC_ID-745 - PreCondition: PC_ID-023  Testcase:Verify incorrect msg length NRC for Manufacturing date information (22 F1 8B 02): SID=0x22, Sub=0xF18B02, Expected=[3, 127, 34, 19, 170, 170, 170, 170]
2026-07-30 09:51:51,287 [INFO] TC_ID-745 - PreCondition: PC_ID-023  Testcase:Verify incorrect msg length NRC for Manufacturing date information (22 F1 8B 02): Sending request 22F18B02
2026-07-30 09:51:51,288 [INFO] TC_ID-745 - PreCondition: PC_ID-023  Testcase:Verify incorrect msg length NRC for Manufacturing date information (22 F1 8B 02): Sending request 22F18B02
2026-07-30 09:51:51,289 [DEBUG] Sending 4 bytes : [22f18b02]
2026-07-30 09:51:51,290 [DEBUG] Enqueuing a SendRequest for 4 bytes and TAT=Physical
2026-07-30 09:51:51,292 [DEBUG] Tx: <706> (08) [ ]	 0422f18b02000000
2026-07-30 09:51:51,295 [DEBUG] We've been asked to write a message to the bus
2026-07-30 09:51:51,297 [DEBUG] sending: Timestamp:        0.000000    ID:      706    S Rx     F BS       DL:  8    04 22 f1 8b 02 00 00 00
2026-07-30 09:51:51,317 [DEBUG] Rx: <70E> (08) [p]	 037f2213aaaaaaaa
2026-07-30 09:51:51,368 [INFO] TC_ID-745 - Received: 7F2213
2026-07-30 09:51:51,370 [WARNING] TC_ID-745 - PreCondition: PC_ID-023  Testcase:Verify incorrect msg length NRC for Manufacturing date information (22 F1 8B 02) -> ❌ FAIL - Expected 037F2213AAAAAAAA
2026-07-30 09:51:51,370 [DEBUG] Stopping CanStack
2026-07-30 09:51:51,372 [DEBUG] Main thread is exiting
2026-07-30 09:51:51,417 [DEBUG] CanStack Stopped
2026-07-30 09:51:51,418 [INFO] Connection closed
2026-07-30 09:51:51,419 [INFO] Running Test Case: TC_ID-746
2026-07-30 09:51:51,420 [DEBUG] Starting CanStack
2026-07-30 09:51:51,422 [DEBUG] Main thread has started
2026-07-30 09:51:51,423 [DEBUG] Relay thread has started
2026-07-30 09:51:51,424 [INFO] Connection opened
2026-07-30 09:51:51,425 [INFO] Switched to physical mode for TC: TC_ID-746 Step: PreCondition: PC_ID-023  Testcase:ECU_Serial_Number_F1_8C_Read(Defaultsession)
2026-07-30 09:51:51,426 [INFO] TC_ID-746 - PreCondition: PC_ID-023  Testcase:ECU_Serial_Number_F1_8C_Read(Defaultsession): SID=0x22, Sub=0xF18C, Expected=[16, 13, 98, 241, 140, 48, 48, 48, 48, 48, 48, 48, 48, 53, 48, 170, 170]
2026-07-30 09:51:51,520 [INFO] TC_ID-746 - PreCondition: PC_ID-023  Testcase:ECU_Serial_Number_F1_8C_Read(Defaultsession): Sending request 22F18C
2026-07-30 09:51:51,521 [INFO] TC_ID-746 - PreCondition: PC_ID-023  Testcase:ECU_Serial_Number_F1_8C_Read(Defaultsession): Sending request 22F18C
2026-07-30 09:51:51,522 [DEBUG] Sending 3 bytes : [22f18c]
2026-07-30 09:51:51,523 [DEBUG] Enqueuing a SendRequest for 3 bytes and TAT=Physical
2026-07-30 09:51:51,525 [DEBUG] Tx: <706> (08) [ ]	 0322f18c00000000
2026-07-30 09:51:51,528 [DEBUG] We've been asked to write a message to the bus
2026-07-30 09:51:51,530 [DEBUG] sending: Timestamp:        0.000000    ID:      706    S Rx     F BS       DL:  8    03 22 f1 8c 00 00 00 00
2026-07-30 09:51:51,555 [DEBUG] We've been asked to write a message to the bus
2026-07-30 09:51:51,556 [DEBUG] Rx: <70E> (08) [p]	 100d62f18c303030
2026-07-30 09:51:51,556 [DEBUG] sending: Timestamp:        0.000000    ID:      706    S Rx     F BS       DL:  8    30 08 0a 00 00 00 00 00
2026-07-30 09:51:51,558 [DEBUG] Tx: <706> (08) [ ]	 30080a0000000000
2026-07-30 09:51:51,559 [DEBUG] We've been asked to write a message to the bus
2026-07-30 09:51:51,560 [DEBUG] sending: Timestamp:        0.000000    ID:      706    S Rx     F BS       DL:  8    30 08 0a 00 00 00 00 00
2026-07-30 09:51:51,561 [DEBUG] TxState=IDLE - RxState=WAIT_CF
2026-07-30 09:51:51,565 [DEBUG] Rx: <70E> (08) [p]	 2130303030303530
2026-07-30 09:51:51,615 [INFO] TC_ID-746 - Received: 62F18C30303030303030303530
2026-07-30 09:51:51,616 [WARNING] TC_ID-746 - PreCondition: PC_ID-023  Testcase:ECU_Serial_Number_F1_8C_Read(Defaultsession) -> ❌ FAIL - Expected 100D62F18C30303030303030303530AAAA
2026-07-30 09:51:51,616 [DEBUG] Stopping CanStack
2026-07-30 09:51:51,617 [DEBUG] TxState=IDLE - RxState=IDLE
2026-07-30 09:51:51,618 [DEBUG] Main thread is exiting
2026-07-30 09:51:51,665 [DEBUG] CanStack Stopped
2026-07-30 09:51:51,666 [INFO] Connection closed
2026-07-30 09:51:51,667 [INFO] Running Test Case: TC_ID-747
2026-07-30 09:51:51,667 [DEBUG] Starting CanStack
2026-07-30 09:51:51,668 [DEBUG] Main thread has started
2026-07-30 09:51:51,669 [DEBUG] Relay thread has started
2026-07-30 09:51:51,670 [INFO] Connection opened
2026-07-30 09:51:51,671 [INFO] Switched to physical mode for TC: TC_ID-747 Step: PreCondition: PC_ID-023  Testcase:Vehicle_Manufacturer_ECU_HW_Number_F1_91_Read(Defaultsession)
2026-07-30 09:51:51,671 [INFO] TC_ID-747 - PreCondition: PC_ID-023  Testcase:Vehicle_Manufacturer_ECU_HW_Number_F1_91_Read(Defaultsession): SID=0x22, Sub=0xF191, Expected=[16, 8, 98, 241, 145, 67, 46, 48, 48, 170, 170, 170, 170, 170]
2026-07-30 09:51:51,766 [INFO] TC_ID-747 - PreCondition: PC_ID-023  Testcase:Vehicle_Manufacturer_ECU_HW_Number_F1_91_Read(Defaultsession): Sending request 22F191
2026-07-30 09:51:51,767 [INFO] TC_ID-747 - PreCondition: PC_ID-023  Testcase:Vehicle_Manufacturer_ECU_HW_Number_F1_91_Read(Defaultsession): Sending request 22F191
2026-07-30 09:51:51,768 [DEBUG] Sending 3 bytes : [22f191]
2026-07-30 09:51:51,769 [DEBUG] Enqueuing a SendRequest for 3 bytes and TAT=Physical
2026-07-30 09:51:51,772 [DEBUG] Tx: <706> (08) [ ]	 0322f19100000000
2026-07-30 09:51:51,775 [DEBUG] We've been asked to write a message to the bus
2026-07-30 09:51:51,776 [DEBUG] sending: Timestamp:        0.000000    ID:      706    S Rx     F BS       DL:  8    03 22 f1 91 00 00 00 00
2026-07-30 09:51:51,796 [DEBUG] Rx: <70E> (08) [p]	 0762f191432e3030
2026-07-30 09:51:51,845 [INFO] TC_ID-747 - Received: 62F191432E3030
2026-07-30 09:51:51,846 [WARNING] TC_ID-747 - PreCondition: PC_ID-023  Testcase:Vehicle_Manufacturer_ECU_HW_Number_F1_91_Read(Defaultsession) -> ❌ FAIL - Expected 100862F191432E3030AAAAAAAAAA
2026-07-30 09:51:51,847 [DEBUG] Stopping CanStack
2026-07-30 09:51:51,849 [DEBUG] Main thread is exiting
2026-07-30 09:51:51,897 [DEBUG] CanStack Stopped
2026-07-30 09:51:51,898 [INFO] Connection closed
2026-07-30 09:51:51,898 [INFO] Running Test Case: TC_ID-748
2026-07-30 09:51:51,899 [DEBUG] Starting CanStack
2026-07-30 09:51:51,900 [DEBUG] Main thread has started
2026-07-30 09:51:51,902 [DEBUG] Relay thread has started
2026-07-30 09:51:51,906 [INFO] Connection opened
2026-07-30 09:51:51,908 [INFO] Switched to physical mode for TC: TC_ID-748 Step: PreCondition: PC_ID-023  Testcase:Verify incorrect msg length NRC for Vehicle Manufacturer ECU Hardware Number information information (22 F1 91 01)
2026-07-30 09:51:51,909 [INFO] TC_ID-748 - PreCondition: PC_ID-023  Testcase:Verify incorrect msg length NRC for Vehicle Manufacturer ECU Hardware Number information information (22 F1 91 01): SID=0x22, Sub=0xF19101, Expected=[3, 127, 34, 19, 170, 170, 170, 170]
2026-07-30 09:51:52,023 [INFO] TC_ID-748 - PreCondition: PC_ID-023  Testcase:Verify incorrect msg length NRC for Vehicle Manufacturer ECU Hardware Number information information (22 F1 91 01): Sending request 22F19101
2026-07-30 09:51:52,023 [INFO] TC_ID-748 - PreCondition: PC_ID-023  Testcase:Verify incorrect msg length NRC for Vehicle Manufacturer ECU Hardware Number information information (22 F1 91 01): Sending request 22F19101
2026-07-30 09:51:52,024 [DEBUG] Sending 4 bytes : [22f19101]
2026-07-30 09:51:52,026 [DEBUG] Enqueuing a SendRequest for 4 bytes and TAT=Physical
2026-07-30 09:51:52,027 [DEBUG] Tx: <706> (08) [ ]	 0422f19101000000
2026-07-30 09:51:52,030 [DEBUG] We've been asked to write a message to the bus
2026-07-30 09:51:52,032 [DEBUG] sending: Timestamp:        0.000000    ID:      706    S Rx     F BS       DL:  8    04 22 f1 91 01 00 00 00
2026-07-30 09:51:52,056 [DEBUG] Rx: <70E> (08) [p]	 037f2213aaaaaaaa
2026-07-30 09:51:52,106 [INFO] TC_ID-748 - Received: 7F2213
2026-07-30 09:51:52,107 [WARNING] TC_ID-748 - PreCondition: PC_ID-023  Testcase:Verify incorrect msg length NRC for Vehicle Manufacturer ECU Hardware Number information information (22 F1 91 01) -> ❌ FAIL - Expected 037F2213AAAAAAAA
2026-07-30 09:51:52,108 [DEBUG] Stopping CanStack
2026-07-30 09:51:52,110 [DEBUG] Main thread is exiting
2026-07-30 09:51:52,156 [DEBUG] CanStack Stopped
2026-07-30 09:51:52,157 [INFO] Connection closed
2026-07-30 09:51:52,157 [INFO] Running Test Case: TC_ID-749
2026-07-30 09:51:52,158 [DEBUG] Starting CanStack
2026-07-30 09:51:52,159 [DEBUG] Main thread has started
2026-07-30 09:51:52,160 [DEBUG] Relay thread has started
2026-07-30 09:51:52,161 [INFO] Connection opened
2026-07-30 09:51:52,162 [INFO] Switched to physical mode for TC: TC_ID-749 Step: PreCondition: PC_ID-023  Testcase:HardwareVersionNumber_F1_93_Read(Defaultsession)
2026-07-30 09:51:52,163 [INFO] TC_ID-749 - PreCondition: PC_ID-023  Testcase:HardwareVersionNumber_F1_93_Read(Defaultsession): SID=0x22, Sub=0xF193, Expected=[16, 8, 98, 241, 147, 67, 46, 48, 48, 170, 170, 170, 170, 170]
2026-07-30 09:51:52,254 [INFO] TC_ID-749 - PreCondition: PC_ID-023  Testcase:HardwareVersionNumber_F1_93_Read(Defaultsession): Sending request 22F193
2026-07-30 09:51:52,255 [INFO] TC_ID-749 - PreCondition: PC_ID-023  Testcase:HardwareVersionNumber_F1_93_Read(Defaultsession): Sending request 22F193
2026-07-30 09:51:52,256 [DEBUG] Sending 3 bytes : [22f193]
2026-07-30 09:51:52,257 [DEBUG] Enqueuing a SendRequest for 3 bytes and TAT=Physical
2026-07-30 09:51:52,259 [DEBUG] Tx: <706> (08) [ ]	 0322f19300000000
2026-07-30 09:51:52,262 [DEBUG] We've been asked to write a message to the bus
2026-07-30 09:51:52,264 [DEBUG] sending: Timestamp:        0.000000    ID:      706    S Rx     F BS       DL:  8    03 22 f1 93 00 00 00 00
2026-07-30 09:51:52,286 [DEBUG] Rx: <70E> (08) [p]	 0762f193432e3030
2026-07-30 09:51:52,335 [INFO] TC_ID-749 - Received: 62F193432E3030
2026-07-30 09:51:52,336 [WARNING] TC_ID-749 - PreCondition: PC_ID-023  Testcase:HardwareVersionNumber_F1_93_Read(Defaultsession) -> ❌ FAIL - Expected 100862F193432E3030AAAAAAAAAA
2026-07-30 09:51:52,337 [DEBUG] Stopping CanStack
2026-07-30 09:51:52,338 [DEBUG] Main thread is exiting
2026-07-30 09:51:52,386 [DEBUG] CanStack Stopped
2026-07-30 09:51:52,386 [INFO] Connection closed
2026-07-30 09:51:52,387 [INFO] Running Test Case: TC_ID-750
2026-07-30 09:51:52,388 [DEBUG] Starting CanStack
2026-07-30 09:51:52,389 [DEBUG] Main thread has started
2026-07-30 09:51:52,391 [DEBUG] Relay thread has started
2026-07-30 09:51:52,395 [INFO] Connection opened
2026-07-30 09:51:52,397 [INFO] Switched to physical mode for TC: TC_ID-750 Step: PreCondition: PC_ID-023  Testcase:ECUSoftwareUnit1IVDDataIdentifier_F1_C1_Read(Defaultsession)
2026-07-30 09:51:52,398 [INFO] TC_ID-750 - PreCondition: PC_ID-023  Testcase:ECUSoftwareUnit1IVDDataIdentifier_F1_C1_Read(Defaultsession): SID=0x22, Sub=0xF1C1, Expected=[16, 35, 98, 241, 193, 89, 132, 149, 115, 208, 147, 255, 45, 174, 165, 181, 19, 158, 8, 114, 225, 168, 238, 34, 156, 199, 240, 147, 54, 118, 206, 209, 76, 62, 181, 253, 217, 170, 170, 170, 170, 170, 170]
2026-07-30 09:51:52,492 [INFO] TC_ID-750 - PreCondition: PC_ID-023  Testcase:ECUSoftwareUnit1IVDDataIdentifier_F1_C1_Read(Defaultsession): Sending request 22F1C1
2026-07-30 09:51:52,492 [INFO] TC_ID-750 - PreCondition: PC_ID-023  Testcase:ECUSoftwareUnit1IVDDataIdentifier_F1_C1_Read(Defaultsession): Sending request 22F1C1
2026-07-30 09:51:52,493 [DEBUG] Sending 3 bytes : [22f1c1]
2026-07-30 09:51:52,494 [DEBUG] Enqueuing a SendRequest for 3 bytes and TAT=Physical
2026-07-30 09:51:52,497 [DEBUG] Tx: <706> (08) [ ]	 0322f1c100000000
2026-07-30 09:51:52,499 [DEBUG] We've been asked to write a message to the bus
2026-07-30 09:51:52,501 [DEBUG] sending: Timestamp:        0.000000    ID:      706    S Rx     F BS       DL:  8    03 22 f1 c1 00 00 00 00
2026-07-30 09:51:52,525 [INFO] TC_ID-750 PreCondition: PC_ID-023  Testcase:ECUSoftwareUnit1IVDDataIdentifier_F1_C1_Read(Defaultsession) -> Response shorter than expected (3/35). Waiting for remaining payload.
2026-07-30 09:51:52,527 [DEBUG] Rx: <70E> (08) [p]	 037f2222aaaaaaaa
2026-07-30 09:51:52,528 [DEBUG] Received 3 bytes : [7f2222]
2026-07-30 09:51:57,529 [DEBUG] No data received: [TimeoutException] - Did not receive IsoTP frame from the Transport layer in time (timeout=5.0 sec) 
2026-07-30 09:51:57,530 [WARNING] TC_ID-750 PreCondition: PC_ID-023  Testcase:ECUSoftwareUnit1IVDDataIdentifier_F1_C1_Read(Defaultsession) -> Timed out while extending response (6/35)
2026-07-30 09:51:57,580 [INFO] TC_ID-750 - Received: 7F22227F2222
2026-07-30 09:51:57,581 [WARNING] TC_ID-750 - PreCondition: PC_ID-023  Testcase:ECUSoftwareUnit1IVDDataIdentifier_F1_C1_Read(Defaultsession) -> ❌ FAIL - Expected 102362F1C159849573D093FF2DAEA5B5139E0872E1A8EE229CC7F0933676CED14C3EB5FDD9AAAAAAAAAAAA
2026-07-30 09:51:57,582 [DEBUG] Stopping CanStack
2026-07-30 09:51:57,583 [DEBUG] Main thread is exiting
2026-07-30 09:51:57,594 [DEBUG] CanStack Stopped
2026-07-30 09:51:57,595 [INFO] Connection closed
2026-07-30 09:51:57,595 [INFO] Running Test Case: TC_ID-751
2026-07-30 09:51:57,596 [DEBUG] Starting CanStack
2026-07-30 09:51:57,597 [DEBUG] Main thread has started
2026-07-30 09:51:57,598 [DEBUG] Relay thread has started
2026-07-30 09:51:57,600 [INFO] Connection opened
2026-07-30 09:51:57,601 [INFO] Switched to physical mode for TC: TC_ID-751 Step: PreCondition: PC_ID-023  Testcase:Verify incorrect msg length NRC for ECU S/W Unit 1 IVD Response (22 F1 C1 01)
2026-07-30 09:51:57,602 [INFO] TC_ID-751 - PreCondition: PC_ID-023  Testcase:Verify incorrect msg length NRC for ECU S/W Unit 1 IVD Response (22 F1 C1 01): SID=0x22, Sub=0xF1C101, Expected=[3, 127, 34, 19, 170, 170, 170, 170]
2026-07-30 09:51:57,697 [INFO] TC_ID-751 - PreCondition: PC_ID-023  Testcase:Verify incorrect msg length NRC for ECU S/W Unit 1 IVD Response (22 F1 C1 01): Sending request 22F1C101
2026-07-30 09:51:57,698 [INFO] TC_ID-751 - PreCondition: PC_ID-023  Testcase:Verify incorrect msg length NRC for ECU S/W Unit 1 IVD Response (22 F1 C1 01): Sending request 22F1C101
2026-07-30 09:51:57,698 [DEBUG] Sending 4 bytes : [22f1c101]
2026-07-30 09:51:57,699 [DEBUG] Enqueuing a SendRequest for 4 bytes and TAT=Physical
2026-07-30 09:51:57,701 [DEBUG] Tx: <706> (08) [ ]	 0422f1c101000000
2026-07-30 09:51:57,704 [DEBUG] We've been asked to write a message to the bus
2026-07-30 09:51:57,706 [DEBUG] sending: Timestamp:        0.000000    ID:      706    S Rx     F BS       DL:  8    04 22 f1 c1 01 00 00 00
2026-07-30 09:51:57,765 [WARNING] TC_ID-751 - No response received
2026-07-30 09:51:57,765 [DEBUG] Stopping CanStack
2026-07-30 09:51:57,769 [DEBUG] Main thread is exiting
2026-07-30 09:51:57,778 [DEBUG] CanStack Stopped
2026-07-30 09:51:57,779 [INFO] Connection closed
2026-07-30 09:51:57,781 [INFO] Running Test Case: TC_ID-752
2026-07-30 09:51:57,783 [DEBUG] Starting CanStack
2026-07-30 09:51:57,786 [DEBUG] Main thread has started
2026-07-30 09:51:57,789 [DEBUG] Relay thread has started
2026-07-30 09:51:57,793 [INFO] Connection opened
2026-07-30 09:51:57,798 [INFO] Switched to physical mode for TC: TC_ID-752 Step: PreCondition: PC_ID-023  Testcase:ECU_Supplier_Code_F1_A1_Read(Defaultsession)
2026-07-30 09:51:57,800 [INFO] TC_ID-752 - PreCondition: PC_ID-023  Testcase:ECU_Supplier_Code_F1_A1_Read(Defaultsession): SID=0x22, Sub=0xF1A1, Expected=[7, 98, 241, 161, 83, 49, 49, 48]
2026-07-30 09:51:57,892 [INFO] TC_ID-752 - PreCondition: PC_ID-023  Testcase:ECU_Supplier_Code_F1_A1_Read(Defaultsession): Sending request 22F1A1
2026-07-30 09:51:57,894 [INFO] TC_ID-752 - PreCondition: PC_ID-023  Testcase:ECU_Supplier_Code_F1_A1_Read(Defaultsession): Sending request 22F1A1
2026-07-30 09:51:57,961 [DEBUG] Sending 3 bytes : [22f1a1]
2026-07-30 09:51:57,963 [DEBUG] Enqueuing a SendRequest for 3 bytes and TAT=Physical
2026-07-30 09:51:57,966 [DEBUG] Tx: <706> (08) [ ]	 0322f1a100000000
2026-07-30 09:51:57,967 [DEBUG] We've been asked to write a message to the bus
2026-07-30 09:51:57,972 [DEBUG] sending: Timestamp:        0.000000    ID:      706    S Rx     F BS       DL:  8    03 22 f1 a1 00 00 00 00
2026-07-30 09:51:58,044 [INFO] TC_ID-752 - Received: 62F1A153313130
2026-07-30 09:51:58,045 [WARNING] TC_ID-752 - PreCondition: PC_ID-023  Testcase:ECU_Supplier_Code_F1_A1_Read(Defaultsession) -> ❌ FAIL - Expected 0762F1A153313130
2026-07-30 09:51:58,045 [DEBUG] Stopping CanStack
2026-07-30 09:51:58,046 [DEBUG] Main thread is exiting
2026-07-30 09:51:58,061 [DEBUG] CanStack Stopped
2026-07-30 09:51:58,062 [INFO] Connection closed
2026-07-30 09:51:58,063 [INFO] Running Test Case: TC_ID-753
2026-07-30 09:51:58,064 [DEBUG] Starting CanStack
2026-07-30 09:51:58,065 [DEBUG] Main thread has started
2026-07-30 09:51:58,067 [DEBUG] Relay thread has started
2026-07-30 09:51:58,072 [INFO] Connection opened
2026-07-30 09:51:58,073 [INFO] Switched to physical mode for TC: TC_ID-753 Step: PreCondition: PC_ID-023  Testcase:ECU_Software_UNIT_number_F1_B0_Read(Defaultsession)
2026-07-30 09:51:58,074 [INFO] TC_ID-753 - PreCondition: PC_ID-023  Testcase:ECU_Software_UNIT_number_F1_B0_Read(Defaultsession): SID=0x22, Sub=0xF1B0, Expected=[4, 98, 241, 176, 1, 170, 170, 170]
2026-07-30 09:51:58,163 [INFO] TC_ID-753 - PreCondition: PC_ID-023  Testcase:ECU_Software_UNIT_number_F1_B0_Read(Defaultsession): Sending request 22F1B0
2026-07-30 09:51:58,164 [INFO] TC_ID-753 - PreCondition: PC_ID-023  Testcase:ECU_Software_UNIT_number_F1_B0_Read(Defaultsession): Sending request 22F1B0
2026-07-30 09:51:58,165 [DEBUG] Sending 3 bytes : [22f1b0]
2026-07-30 09:51:58,167 [DEBUG] Enqueuing a SendRequest for 3 bytes and TAT=Physical
2026-07-30 09:51:58,170 [DEBUG] Tx: <706> (08) [ ]	 0322f1b000000000
2026-07-30 09:51:58,173 [DEBUG] We've been asked to write a message to the bus
2026-07-30 09:51:58,174 [DEBUG] sending: Timestamp:        0.000000    ID:      706    S Rx     F BS       DL:  8    03 22 f1 b0 00 00 00 00
2026-07-30 09:51:58,243 [INFO] TC_ID-753 - Received: 62F1B001
2026-07-30 09:51:58,244 [WARNING] TC_ID-753 - PreCondition: PC_ID-023  Testcase:ECU_Software_UNIT_number_F1_B0_Read(Defaultsession) -> ❌ FAIL - Expected 0462F1B001AAAAAA
2026-07-30 09:51:58,245 [DEBUG] Stopping CanStack
2026-07-30 09:51:58,246 [DEBUG] Main thread is exiting
2026-07-30 09:51:58,251 [DEBUG] CanStack Stopped
2026-07-30 09:51:58,253 [INFO] Connection closed
2026-07-30 09:51:58,254 [INFO] Running Test Case: TC_ID-754
2026-07-30 09:51:58,255 [DEBUG] Starting CanStack
2026-07-30 09:51:58,257 [DEBUG] Main thread has started
2026-07-30 09:51:58,258 [DEBUG] Relay thread has started
2026-07-30 09:51:58,259 [INFO] Connection opened
2026-07-30 09:51:58,261 [INFO] Switched to physical mode for TC: TC_ID-754 Step: PreCondition: PC_ID-023  Testcase:Verify incorrect msg length NRC for ECU S/W Unit number information message (22 F1 B0 01)
2026-07-30 09:51:58,262 [INFO] TC_ID-754 - PreCondition: PC_ID-023  Testcase:Verify incorrect msg length NRC for ECU S/W Unit number information message (22 F1 B0 01): SID=0x22, Sub=0xF1B001, Expected=[3, 127, 34, 19, 170, 170, 170, 170]
2026-07-30 09:51:58,369 [INFO] TC_ID-754 - PreCondition: PC_ID-023  Testcase:Verify incorrect msg length NRC for ECU S/W Unit number information message (22 F1 B0 01): Sending request 22F1B001
2026-07-30 09:51:58,370 [INFO] TC_ID-754 - PreCondition: PC_ID-023  Testcase:Verify incorrect msg length NRC for ECU S/W Unit number information message (22 F1 B0 01): Sending request 22F1B001
2026-07-30 09:51:58,371 [DEBUG] Sending 4 bytes : [22f1b001]
2026-07-30 09:51:58,372 [DEBUG] Enqueuing a SendRequest for 4 bytes and TAT=Physical
2026-07-30 09:51:58,374 [DEBUG] Tx: <706> (08) [ ]	 0422f1b001000000
2026-07-30 09:51:58,377 [DEBUG] We've been asked to write a message to the bus
2026-07-30 09:51:58,379 [DEBUG] sending: Timestamp:        0.000000    ID:      706    S Rx     F BS       DL:  8    04 22 f1 b0 01 00 00 00
2026-07-30 09:51:58,454 [INFO] TC_ID-754 - Received: 7F2213
2026-07-30 09:51:58,454 [WARNING] TC_ID-754 - PreCondition: PC_ID-023  Testcase:Verify incorrect msg length NRC for ECU S/W Unit number information message (22 F1 B0 01) -> ❌ FAIL - Expected 037F2213AAAAAAAA
2026-07-30 09:51:58,455 [DEBUG] Stopping CanStack
2026-07-30 09:51:58,456 [DEBUG] Main thread is exiting
2026-07-30 09:51:58,464 [DEBUG] CanStack Stopped
2026-07-30 09:51:58,465 [INFO] Connection closed
2026-07-30 09:51:58,466 [INFO] Running Test Case: TC_ID-755
2026-07-30 09:51:58,467 [DEBUG] Starting CanStack
2026-07-30 09:51:58,468 [DEBUG] Main thread has started
2026-07-30 09:51:58,469 [DEBUG] Relay thread has started
2026-07-30 09:51:58,471 [INFO] Connection opened
2026-07-30 09:51:58,473 [INFO] Switched to physical mode for TC: TC_ID-755 Step: PreCondition: PC_ID-023  Testcase:ECU_Software_UNIT1_Version_F1_B1_Read(Defaultsession)
2026-07-30 09:51:58,474 [INFO] TC_ID-755 - PreCondition: PC_ID-023  Testcase:ECU_Software_UNIT1_Version_F1_B1_Read(Defaultsession): SID=0x22, Sub=0xF1B1, Expected=[16, 8, 98, 241, 177, 50, 53, 65, 49, 48, 170, 170, 170, 170, 170, 170]
2026-07-30 09:51:58,565 [INFO] TC_ID-755 - PreCondition: PC_ID-023  Testcase:ECU_Software_UNIT1_Version_F1_B1_Read(Defaultsession): Sending request 22F1B1
2026-07-30 09:51:58,566 [INFO] TC_ID-755 - PreCondition: PC_ID-023  Testcase:ECU_Software_UNIT1_Version_F1_B1_Read(Defaultsession): Sending request 22F1B1
2026-07-30 09:51:58,567 [DEBUG] Sending 3 bytes : [22f1b1]
2026-07-30 09:51:58,568 [DEBUG] Enqueuing a SendRequest for 3 bytes and TAT=Physical
2026-07-30 09:51:58,570 [DEBUG] Tx: <706> (08) [ ]	 0322f1b100000000
2026-07-30 09:51:58,573 [DEBUG] We've been asked to write a message to the bus
2026-07-30 09:51:58,575 [DEBUG] sending: Timestamp:        0.000000    ID:      706    S Rx     F BS       DL:  8    03 22 f1 b1 00 00 00 00
2026-07-30 09:51:58,593 [DEBUG] We've been asked to write a message to the bus
2026-07-30 09:51:58,595 [DEBUG] sending: Timestamp:        0.000000    ID:      706    S Rx     F BS       DL:  8    30 08 0a 00 00 00 00 00
2026-07-30 09:51:58,649 [INFO] TC_ID-755 - Received: 62F1B13235413130
2026-07-30 09:51:58,650 [WARNING] TC_ID-755 - PreCondition: PC_ID-023  Testcase:ECU_Software_UNIT1_Version_F1_B1_Read(Defaultsession) -> ❌ FAIL - Expected 100862F1B13235413130AAAAAAAAAAAA
2026-07-30 09:51:58,650 [DEBUG] Stopping CanStack
2026-07-30 09:51:58,651 [DEBUG] Main thread is exiting
2026-07-30 09:51:58,665 [DEBUG] CanStack Stopped
2026-07-30 09:51:58,666 [INFO] Connection closed
2026-07-30 09:51:58,667 [INFO] Running Test Case: TC_ID-756
2026-07-30 09:51:58,668 [DEBUG] Starting CanStack
2026-07-30 09:51:58,670 [DEBUG] Main thread has started
2026-07-30 09:51:58,671 [DEBUG] Relay thread has started
2026-07-30 09:51:58,673 [INFO] Connection opened
2026-07-30 09:51:58,676 [INFO] Switched to physical mode for TC: TC_ID-756 Step: PreCondition: PC_ID-023  Testcase:SystemNameOrEngineTypeDataIdentifier_Read(Defaultsession)
2026-07-30 09:51:58,679 [INFO] TC_ID-756 - PreCondition: PC_ID-023  Testcase:SystemNameOrEngineTypeDataIdentifier_Read(Defaultsession): SID=0x22, Sub=0xF197, Expected=[16, 14, 98, 241, 151, 83, 72, 86, 85, 95, 70, 82, 32, 32, 32, 32, 170]
2026-07-30 09:51:58,776 [INFO] TC_ID-756 - PreCondition: PC_ID-023  Testcase:SystemNameOrEngineTypeDataIdentifier_Read(Defaultsession): Sending request 22F197
2026-07-30 09:51:58,777 [INFO] TC_ID-756 - PreCondition: PC_ID-023  Testcase:SystemNameOrEngineTypeDataIdentifier_Read(Defaultsession): Sending request 22F197
2026-07-30 09:51:58,778 [DEBUG] Sending 3 bytes : [22f197]
2026-07-30 09:51:58,779 [DEBUG] Enqueuing a SendRequest for 3 bytes and TAT=Physical
2026-07-30 09:51:58,781 [DEBUG] Tx: <706> (08) [ ]	 0322f19700000000
2026-07-30 09:51:58,785 [DEBUG] We've been asked to write a message to the bus
2026-07-30 09:51:58,786 [DEBUG] sending: Timestamp:        0.000000    ID:      706    S Rx     F BS       DL:  8    03 22 f1 97 00 00 00 00
2026-07-30 09:51:58,813 [DEBUG] We've been asked to write a message to the bus
2026-07-30 09:51:58,815 [DEBUG] sending: Timestamp:        0.000000    ID:      706    S Rx     F BS       DL:  8    30 08 0a 00 00 00 00 00
2026-07-30 09:51:58,885 [INFO] TC_ID-756 - Received: 62F197534856555F465220202020
2026-07-30 09:51:58,886 [WARNING] TC_ID-756 - PreCondition: PC_ID-023  Testcase:SystemNameOrEngineTypeDataIdentifier_Read(Defaultsession) -> ❌ FAIL - Expected 100E62F197534856555F465220202020AA
2026-07-30 09:51:58,886 [DEBUG] Stopping CanStack
2026-07-30 09:51:58,888 [DEBUG] Main thread is exiting
2026-07-30 09:51:58,890 [DEBUG] CanStack Stopped
2026-07-30 09:51:58,893 [INFO] Connection closed
2026-07-30 09:51:58,895 [INFO] Running Test Case: TC_ID-757
2026-07-30 09:51:58,896 [DEBUG] Starting CanStack
2026-07-30 09:51:58,898 [DEBUG] Main thread has started
2026-07-30 09:51:58,899 [DEBUG] Relay thread has started
2026-07-30 09:51:58,900 [INFO] Connection opened
2026-07-30 09:51:58,902 [INFO] Switched to physical mode for TC: TC_ID-757 Step: PreCondition: PC_ID-023  Testcase:ECU S/W Unit 1 IVD Response_Read(Defaultsession)
2026-07-30 09:51:58,903 [INFO] TC_ID-757 - PreCondition: PC_ID-023  Testcase:ECU S/W Unit 1 IVD Response_Read(Defaultsession): SID=0x22, Sub=0xF1C1, Expected=[16, 35, 98, 241, 193, 89, 132, 149, 115, 208, 147, 255, 45, 174, 165, 181, 19, 158, 8, 114, 225, 168, 238, 34, 156, 199, 240, 147, 54, 118, 206, 209, 76, 62, 181, 253, 217, 170, 170, 170, 170, 170, 170]
2026-07-30 09:51:58,989 [INFO] TC_ID-757 - PreCondition: PC_ID-023  Testcase:ECU S/W Unit 1 IVD Response_Read(Defaultsession): Sending request 22F1C1
2026-07-30 09:51:58,990 [INFO] TC_ID-757 - PreCondition: PC_ID-023  Testcase:ECU S/W Unit 1 IVD Response_Read(Defaultsession): Sending request 22F1C1
2026-07-30 09:51:58,991 [DEBUG] Sending 3 bytes : [22f1c1]
2026-07-30 09:51:58,991 [DEBUG] Enqueuing a SendRequest for 3 bytes and TAT=Physical
2026-07-30 09:51:58,992 [DEBUG] Tx: <706> (08) [ ]	 0322f1c100000000
2026-07-30 09:51:58,993 [DEBUG] We've been asked to write a message to the bus
2026-07-30 09:51:58,994 [DEBUG] sending: Timestamp:        0.000000    ID:      706    S Rx     F BS       DL:  8    03 22 f1 c1 00 00 00 00
2026-07-30 09:51:59,015 [INFO] TC_ID-757 PreCondition: PC_ID-023  Testcase:ECU S/W Unit 1 IVD Response_Read(Defaultsession) -> Response shorter than expected (3/35). Waiting for remaining payload.
2026-07-30 09:52:02,576 [DEBUG] Rx: <70E> (08) [p]	 037f2213aaaaaaaa
2026-07-30 09:52:02,579 [DEBUG] Rx: <70E> (08) [p]	 0762f1a153313130
2026-07-30 09:52:02,581 [DEBUG] Received 3 bytes : [7f2213]
2026-07-30 09:52:02,583 [DEBUG] Rx: <70E> (08) [p]	 0462f1b001aaaaaa
2026-07-30 09:52:02,588 [DEBUG] Received 7 bytes : [62f1a153313130]
2026-07-30 09:52:02,592 [DEBUG] Rx: <70E> (08) [p]	 037f2213aaaaaaaa
2026-07-30 09:52:02,594 [DEBUG] Received 4 bytes : [62f1b001]
2026-07-30 09:52:02,595 [DEBUG] Rx: <70E> (08) [p]	 100862f1b1323541
2026-07-30 09:52:02,597 [DEBUG] Received 3 bytes : [7f2213]
2026-07-30 09:52:02,598 [DEBUG] Tx: <706> (08) [ ]	 30080a0000000000
2026-07-30 09:52:02,600 [DEBUG] We've been asked to write a message to the bus
2026-07-30 09:52:02,602 [DEBUG] sending: Timestamp:        0.000000    ID:      706    S Rx     F BS       DL:  8    30 08 0a 00 00 00 00 00
2026-07-30 09:52:02,604 [DEBUG] TxState=IDLE - RxState=WAIT_CF
2026-07-30 09:52:02,606 [DEBUG] Rx: <70E> (08) [p]	 213130aaaaaaaaaa
2026-07-30 09:52:02,608 [DEBUG] Rx: <70E> (08) [p]	 100e62f197534856
2026-07-30 09:52:02,609 [DEBUG] Received 8 bytes : [62f1b13235413130]
2026-07-30 09:52:02,611 [DEBUG] Tx: <706> (08) [ ]	 30080a0000000000
2026-07-30 09:52:02,616 [DEBUG] We've been asked to write a message to the bus
2026-07-30 09:52:02,618 [DEBUG] sending: Timestamp:        0.000000    ID:      706    S Rx     F BS       DL:  8    30 08 0a 00 00 00 00 00
2026-07-30 09:52:02,620 [DEBUG] Rx: <70E> (08) [p]	 21555f4652202020
2026-07-30 09:52:02,622 [DEBUG] Rx: <70E> (08) [p]	 2220aaaaaaaaaaaa
2026-07-30 09:52:02,624 [DEBUG] Rx: <70E> (08) [p]	 037f2222aaaaaaaa
2026-07-30 09:52:02,624 [DEBUG] Received 14 bytes : [62f197534856555f465220202020]
2026-07-30 09:52:02,676 [DEBUG] TxState=IDLE - RxState=IDLE
2026-07-30 09:52:02,677 [INFO] TC_ID-757 - Received: 7F22227F221362F1A15331313062F1B0017F221362F1B1323541313062F19753485655
2026-07-30 09:52:02,679 [WARNING] TC_ID-757 - PreCondition: PC_ID-023  Testcase:ECU S/W Unit 1 IVD Response_Read(Defaultsession) -> ❌ FAIL - Expected 102362F1C159849573D093FF2DAEA5B5139E0872E1A8EE229CC7F0933676CED14C3EB5FDD9AAAAAAAAAAAA
2026-07-30 09:52:02,679 [DEBUG] Stopping CanStack
2026-07-30 09:52:02,681 [DEBUG] Main thread is exiting
2026-07-30 09:52:02,695 [DEBUG] CanStack Stopped
2026-07-30 09:52:02,696 [INFO] Connection closed
2026-07-30 09:52:02,697 [INFO] Running Test Case: TC_ID-758
2026-07-30 09:52:02,698 [DEBUG] Starting CanStack
2026-07-30 09:52:02,700 [DEBUG] Main thread has started
2026-07-30 09:52:02,702 [DEBUG] Relay thread has started
2026-07-30 09:52:02,705 [INFO] Connection opened
2026-07-30 09:52:02,706 [INFO] Switched to physical mode for TC: TC_ID-758 Step: PreCondition: PC_ID-023  Testcase:Type Option read information_Read(Default session)
2026-07-30 09:52:02,707 [INFO] TC_ID-758 - PreCondition: PC_ID-023  Testcase:Type Option read information_Read(Default session): SID=0x22, Sub=0xC100, Expected=[16, 11, 98, 193, 0, 238, 248, 0, 0, 54, 54, 0, 32, 170, 170, 170]
2026-07-30 09:52:02,801 [INFO] TC_ID-758 - PreCondition: PC_ID-023  Testcase:Type Option read information_Read(Default session): Sending request 22C100
2026-07-30 09:52:02,801 [INFO] TC_ID-758 - PreCondition: PC_ID-023  Testcase:Type Option read information_Read(Default session): Sending request 22C100
2026-07-30 09:52:02,802 [DEBUG] Sending 3 bytes : [22c100]
2026-07-30 09:52:02,803 [DEBUG] Enqueuing a SendRequest for 3 bytes and TAT=Physical
2026-07-30 09:52:02,805 [DEBUG] Tx: <706> (08) [ ]	 0322c10000000000
2026-07-30 09:52:02,808 [DEBUG] We've been asked to write a message to the bus
2026-07-30 09:52:02,810 [DEBUG] sending: Timestamp:        0.000000    ID:      706    S Rx     F BS       DL:  8    03 22 c1 00 00 00 00 00
2026-07-30 09:52:02,834 [DEBUG] We've been asked to write a message to the bus
2026-07-30 09:52:02,835 [DEBUG] Rx: <70E> (08) [p]	 100b62c100eef800
2026-07-30 09:52:02,836 [DEBUG] sending: Timestamp:        0.000000    ID:      706    S Rx     F BS       DL:  8    30 08 0a 00 00 00 00 00
2026-07-30 09:52:02,837 [DEBUG] Tx: <706> (08) [ ]	 30080a0000000000
2026-07-30 09:52:02,838 [DEBUG] We've been asked to write a message to the bus
2026-07-30 09:52:02,839 [DEBUG] sending: Timestamp:        0.000000    ID:      706    S Rx     F BS       DL:  8    30 08 0a 00 00 00 00 00
2026-07-30 09:52:02,840 [DEBUG] TxState=IDLE - RxState=WAIT_CF
2026-07-30 09:52:02,843 [DEBUG] Rx: <70E> (08) [p]	 210036360020aaaa
2026-07-30 09:52:02,893 [INFO] TC_ID-758 - Received: 62C100EEF8000036360020
2026-07-30 09:52:02,894 [WARNING] TC_ID-758 - PreCondition: PC_ID-023  Testcase:Type Option read information_Read(Default session) -> ❌ FAIL - Expected 100B62C100EEF8000036360020AAAAAA
2026-07-30 09:52:02,895 [DEBUG] TxState=IDLE - RxState=IDLE
2026-07-30 09:52:02,896 [DEBUG] Stopping CanStack
2026-07-30 09:52:02,897 [DEBUG] Main thread is exiting
2026-07-30 09:52:02,945 [DEBUG] CanStack Stopped
2026-07-30 09:52:02,945 [INFO] Connection closed
2026-07-30 09:52:02,946 [INFO] Running Test Case: TC_ID-759
2026-07-30 09:52:02,947 [DEBUG] Starting CanStack
2026-07-30 09:52:02,948 [DEBUG] Main thread has started
2026-07-30 09:52:02,948 [DEBUG] Relay thread has started
2026-07-30 09:52:02,950 [INFO] Connection opened
2026-07-30 09:52:02,951 [INFO] Switched to physical mode for TC: TC_ID-759 Step: PreCondition: PC_ID-023  Testcase:Output read information_Read(Default session)
2026-07-30 09:52:02,951 [INFO] TC_ID-759 - PreCondition: PC_ID-023  Testcase:Output read information_Read(Default session): SID=0x22, Sub=0xC101, Expected=[16, 11, 98, 193, 1, 136, 228, 64, 32, 0, 0, 0, 0, 170, 170, 170]
2026-07-30 09:52:03,041 [INFO] TC_ID-759 - PreCondition: PC_ID-023  Testcase:Output read information_Read(Default session): Sending request 22C101
2026-07-30 09:52:03,042 [INFO] TC_ID-759 - PreCondition: PC_ID-023  Testcase:Output read information_Read(Default session): Sending request 22C101
2026-07-30 09:52:03,043 [DEBUG] Sending 3 bytes : [22c101]
2026-07-30 09:52:03,044 [DEBUG] Enqueuing a SendRequest for 3 bytes and TAT=Physical
2026-07-30 09:52:03,046 [DEBUG] Tx: <706> (08) [ ]	 0322c10100000000
2026-07-30 09:52:03,049 [DEBUG] We've been asked to write a message to the bus
2026-07-30 09:52:03,050 [DEBUG] sending: Timestamp:        0.000000    ID:      706    S Rx     F BS       DL:  8    03 22 c1 01 00 00 00 00
2026-07-30 09:52:03,073 [DEBUG] We've been asked to write a message to the bus
2026-07-30 09:52:03,075 [DEBUG] Rx: <70E> (08) [p]	 100b62c101b0074c
2026-07-30 09:52:03,076 [DEBUG] sending: Timestamp:        0.000000    ID:      706    S Rx     F BS       DL:  8    30 08 0a 00 00 00 00 00
2026-07-30 09:52:03,077 [DEBUG] Tx: <706> (08) [ ]	 30080a0000000000
2026-07-30 09:52:03,078 [DEBUG] We've been asked to write a message to the bus
2026-07-30 09:52:03,079 [DEBUG] sending: Timestamp:        0.000000    ID:      706    S Rx     F BS       DL:  8    30 08 0a 00 00 00 00 00
2026-07-30 09:52:03,080 [DEBUG] TxState=IDLE - RxState=WAIT_CF
2026-07-30 09:52:03,083 [DEBUG] Rx: <70E> (08) [p]	 210000000000aaaa
2026-07-30 09:52:03,133 [INFO] TC_ID-759 - Received: 62C101B0074C0000000000
2026-07-30 09:52:03,134 [WARNING] TC_ID-759 - PreCondition: PC_ID-023  Testcase:Output read information_Read(Default session) -> ❌ FAIL - Expected 100B62C10188E4402000000000AAAAAA
2026-07-30 09:52:03,135 [DEBUG] TxState=IDLE - RxState=IDLE
2026-07-30 09:52:03,136 [DEBUG] Stopping CanStack
2026-07-30 09:52:03,137 [DEBUG] Main thread is exiting
2026-07-30 09:52:03,185 [DEBUG] CanStack Stopped
2026-07-30 09:52:03,185 [INFO] Connection closed
2026-07-30 09:52:03,186 [INFO] Running Test Case: TC_ID-760
2026-07-30 09:52:03,187 [DEBUG] Starting CanStack
2026-07-30 09:52:03,188 [DEBUG] Main thread has started
2026-07-30 09:52:03,188 [DEBUG] Relay thread has started
2026-07-30 09:52:03,190 [INFO] Connection opened
2026-07-30 09:52:03,190 [INFO] Switched to physical mode for TC: TC_ID-760 Step: PreCondition: PC_ID-023  Testcase:Communication read information_Read(Default session)
2026-07-30 09:52:03,191 [INFO] TC_ID-760 - PreCondition: PC_ID-023  Testcase:Communication read information_Read(Default session): SID=0x22, Sub=0xC102, Expected=[16, 12, 98, 193, 2, 0, 0, 0, 0, 0, 0, 0, 0, 0, 170, 170]
2026-07-30 09:52:03,284 [INFO] TC_ID-760 - PreCondition: PC_ID-023  Testcase:Communication read information_Read(Default session): Sending request 22C102
2026-07-30 09:52:03,285 [INFO] TC_ID-760 - PreCondition: PC_ID-023  Testcase:Communication read information_Read(Default session): Sending request 22C102
2026-07-30 09:52:03,286 [DEBUG] Sending 3 bytes : [22c102]
2026-07-30 09:52:03,287 [DEBUG] Enqueuing a SendRequest for 3 bytes and TAT=Physical
2026-07-30 09:52:03,289 [DEBUG] Tx: <706> (08) [ ]	 0322c10200000000
2026-07-30 09:52:03,292 [DEBUG] We've been asked to write a message to the bus
2026-07-30 09:52:03,294 [DEBUG] sending: Timestamp:        0.000000    ID:      706    S Rx     F BS       DL:  8    03 22 c1 02 00 00 00 00
2026-07-30 09:52:03,314 [DEBUG] We've been asked to write a message to the bus
2026-07-30 09:52:03,316 [DEBUG] Rx: <70E> (08) [p]	 100c62c10280e440
2026-07-30 09:52:03,317 [DEBUG] sending: Timestamp:        0.000000    ID:      706    S Rx     F BS       DL:  8    30 08 0a 00 00 00 00 00
2026-07-30 09:52:03,318 [DEBUG] Tx: <706> (08) [ ]	 30080a0000000000
2026-07-30 09:52:03,320 [DEBUG] We've been asked to write a message to the bus
2026-07-30 09:52:03,321 [DEBUG] sending: Timestamp:        0.000000    ID:      706    S Rx     F BS       DL:  8    30 08 0a 00 00 00 00 00
2026-07-30 09:52:03,322 [DEBUG] TxState=IDLE - RxState=WAIT_CF
2026-07-30 09:52:03,324 [DEBUG] Rx: <70E> (08) [p]	 21200000000000aa
2026-07-30 09:52:03,373 [INFO] TC_ID-760 - Received: 62C10280E440200000000000
2026-07-30 09:52:03,374 [WARNING] TC_ID-760 - PreCondition: PC_ID-023  Testcase:Communication read information_Read(Default session) -> ❌ FAIL - Expected 100C62C102000000000000000000AAAA
2026-07-30 09:52:03,375 [DEBUG] Stopping CanStack
2026-07-30 09:52:03,376 [DEBUG] TxState=IDLE - RxState=IDLE
2026-07-30 09:52:03,377 [DEBUG] Main thread is exiting
2026-07-30 09:52:03,425 [DEBUG] CanStack Stopped
2026-07-30 09:52:03,426 [INFO] Connection closed
2026-07-30 09:52:03,427 [INFO] Running Test Case: TC_ID-761
2026-07-30 09:52:03,427 [DEBUG] Starting CanStack
2026-07-30 09:52:03,428 [DEBUG] Main thread has started
2026-07-30 09:52:03,430 [DEBUG] Relay thread has started
2026-07-30 09:52:03,431 [INFO] Connection opened
2026-07-30 09:52:03,432 [INFO] Switched to physical mode for TC: TC_ID-761 Step: PreCondition: PC_ID-023  Testcase:LH seat heat fail detection read  information_Read(Default session)
2026-07-30 09:52:03,433 [INFO] TC_ID-761 - PreCondition: PC_ID-023  Testcase:LH seat heat fail detection read  information_Read(Default session): SID=0x22, Sub=0xC103, Expected=[16, 26, 98, 193, 3, 192, 0, 234, 160, 0, 0, 0, 0, 0, 0, 0, 0, 0]
2026-07-30 09:52:03,532 [INFO] TC_ID-761 - PreCondition: PC_ID-023  Testcase:LH seat heat fail detection read  information_Read(Default session): Sending request 22C103
2026-07-30 09:52:03,533 [INFO] TC_ID-761 - PreCondition: PC_ID-023  Testcase:LH seat heat fail detection read  information_Read(Default session): Sending request 22C103
2026-07-30 09:52:03,534 [DEBUG] Sending 3 bytes : [22c103]
2026-07-30 09:52:03,535 [DEBUG] Enqueuing a SendRequest for 3 bytes and TAT=Physical
2026-07-30 09:52:03,537 [DEBUG] Tx: <706> (08) [ ]	 0322c10300000000
2026-07-30 09:52:03,540 [DEBUG] We've been asked to write a message to the bus
2026-07-30 09:52:03,542 [DEBUG] sending: Timestamp:        0.000000    ID:      706    S Rx     F BS       DL:  8    03 22 c1 03 00 00 00 00
2026-07-30 09:52:03,564 [DEBUG] We've been asked to write a message to the bus
2026-07-30 09:52:03,565 [DEBUG] Rx: <70E> (08) [p]	 101062c103c000ea
2026-07-30 09:52:03,566 [DEBUG] sending: Timestamp:        0.000000    ID:      706    S Rx     F BS       DL:  8    30 08 0a 00 00 00 00 00
2026-07-30 09:52:03,568 [DEBUG] Tx: <706> (08) [ ]	 30080a0000000000
2026-07-30 09:52:03,569 [DEBUG] We've been asked to write a message to the bus
2026-07-30 09:52:03,570 [DEBUG] sending: Timestamp:        0.000000    ID:      706    S Rx     F BS       DL:  8    30 08 0a 00 00 00 00 00
2026-07-30 09:52:03,571 [DEBUG] TxState=IDLE - RxState=WAIT_CF
2026-07-30 09:52:03,573 [DEBUG] Rx: <70E> (08) [p]	 21a0000000000020
2026-07-30 09:52:03,592 [DEBUG] Rx: <70E> (08) [p]	 22200000aaaaaaaa
2026-07-30 09:52:03,642 [INFO] TC_ID-761 - Received: 62C103C000EAA0000000000020200000
2026-07-30 09:52:03,643 [WARNING] TC_ID-761 - PreCondition: PC_ID-023  Testcase:LH seat heat fail detection read  information_Read(Default session) -> ❌ FAIL - Expected 101A62C103C000EAA0000000000000000000
2026-07-30 09:52:03,644 [DEBUG] TxState=IDLE - RxState=IDLE
2026-07-30 09:52:03,644 [DEBUG] Stopping CanStack
2026-07-30 09:52:03,646 [DEBUG] Main thread is exiting
2026-07-30 09:52:03,690 [DEBUG] CanStack Stopped
2026-07-30 09:52:03,691 [INFO] Connection closed
2026-07-30 09:52:03,692 [INFO] Running Test Case: TC_ID-762
2026-07-30 09:52:03,692 [DEBUG] Starting CanStack
2026-07-30 09:52:03,693 [DEBUG] Main thread has started
2026-07-30 09:52:03,694 [DEBUG] Relay thread has started
2026-07-30 09:52:03,695 [INFO] Connection opened
2026-07-30 09:52:03,696 [INFO] Switched to physical mode for TC: TC_ID-762 Step: PreCondition: PC_ID-023  Testcase:LH seat vent fail detection read   information_Read(Default session)
2026-07-30 09:52:03,697 [INFO] TC_ID-762 - PreCondition: PC_ID-023  Testcase:LH seat vent fail detection read   information_Read(Default session): SID=0x22, Sub=0xC104, Expected=[16, 10, 98, 193, 4, 250, 0, 0, 0, 0, 0, 0, 170, 170, 170, 170]
2026-07-30 09:52:03,792 [INFO] TC_ID-762 - PreCondition: PC_ID-023  Testcase:LH seat vent fail detection read   information_Read(Default session): Sending request 22C104
2026-07-30 09:52:03,793 [INFO] TC_ID-762 - PreCondition: PC_ID-023  Testcase:LH seat vent fail detection read   information_Read(Default session): Sending request 22C104
2026-07-30 09:52:03,794 [DEBUG] Sending 3 bytes : [22c104]
2026-07-30 09:52:03,795 [DEBUG] Enqueuing a SendRequest for 3 bytes and TAT=Physical
2026-07-30 09:52:03,797 [DEBUG] Tx: <706> (08) [ ]	 0322c10400000000
2026-07-30 09:52:03,799 [DEBUG] We've been asked to write a message to the bus
2026-07-30 09:52:03,801 [DEBUG] sending: Timestamp:        0.000000    ID:      706    S Rx     F BS       DL:  8    03 22 c1 04 00 00 00 00
2026-07-30 09:52:03,823 [DEBUG] We've been asked to write a message to the bus
2026-07-30 09:52:03,826 [DEBUG] sending: Timestamp:        0.000000    ID:      706    S Rx     F BS       DL:  8    30 08 0a 00 00 00 00 00
2026-07-30 09:52:03,827 [DEBUG] Rx: <70E> (08) [p]	 100a62c104fa0000
2026-07-30 09:52:03,830 [DEBUG] Tx: <706> (08) [ ]	 30080a0000000000
2026-07-30 09:52:03,835 [DEBUG] We've been asked to write a message to the bus
2026-07-30 09:52:03,837 [DEBUG] sending: Timestamp:        0.000000    ID:      706    S Rx     F BS       DL:  8    30 08 0a 00 00 00 00 00
2026-07-30 09:52:03,839 [DEBUG] TxState=IDLE - RxState=WAIT_CF
2026-07-30 09:52:03,840 [DEBUG] Rx: <70E> (08) [p]	 2100000000aaaaaa
2026-07-30 09:52:03,887 [INFO] TC_ID-762 - Received: 62C104FA000000000000
2026-07-30 09:52:03,888 [WARNING] TC_ID-762 - PreCondition: PC_ID-023  Testcase:LH seat vent fail detection read   information_Read(Default session) -> ❌ FAIL - Expected 100A62C104FA000000000000AAAAAAAA
2026-07-30 09:52:03,889 [DEBUG] Stopping CanStack
2026-07-30 09:52:03,890 [DEBUG] TxState=IDLE - RxState=IDLE
2026-07-30 09:52:03,891 [DEBUG] Main thread is exiting
2026-07-30 09:52:03,935 [DEBUG] CanStack Stopped
2026-07-30 09:52:03,936 [INFO] Connection closed
2026-07-30 09:52:03,937 [INFO] Running Test Case: TC_ID-763
2026-07-30 09:52:03,937 [DEBUG] Starting CanStack
2026-07-30 09:52:03,938 [DEBUG] Main thread has started
2026-07-30 09:52:03,939 [DEBUG] Relay thread has started
2026-07-30 09:52:03,940 [INFO] Connection opened
2026-07-30 09:52:03,941 [INFO] Switched to physical mode for TC: TC_ID-763 Step: PreCondition: PC_ID-023  Testcase:RH seat heat fail detection read   information_Read(Default session)
2026-07-30 09:52:03,942 [INFO] TC_ID-763 - PreCondition: PC_ID-023  Testcase:RH seat heat fail detection read   information_Read(Default session): SID=0x22, Sub=0xC105, Expected=[16, 26, 98, 193, 5, 192, 0, 234, 160, 0, 0, 0, 0, 0, 0, 0, 0, 0]
2026-07-30 09:52:04,039 [INFO] TC_ID-763 - PreCondition: PC_ID-023  Testcase:RH seat heat fail detection read   information_Read(Default session): Sending request 22C105
2026-07-30 09:52:04,040 [INFO] TC_ID-763 - PreCondition: PC_ID-023  Testcase:RH seat heat fail detection read   information_Read(Default session): Sending request 22C105
2026-07-30 09:52:04,041 [DEBUG] Sending 3 bytes : [22c105]
2026-07-30 09:52:04,042 [DEBUG] Enqueuing a SendRequest for 3 bytes and TAT=Physical
2026-07-30 09:52:04,044 [DEBUG] Tx: <706> (08) [ ]	 0322c10500000000
2026-07-30 09:52:04,047 [DEBUG] We've been asked to write a message to the bus
2026-07-30 09:52:04,049 [DEBUG] sending: Timestamp:        0.000000    ID:      706    S Rx     F BS       DL:  8    03 22 c1 05 00 00 00 00
2026-07-30 09:52:04,073 [DEBUG] We've been asked to write a message to the bus
2026-07-30 09:52:04,075 [DEBUG] sending: Timestamp:        0.000000    ID:      706    S Rx     F BS       DL:  8    30 08 0a 00 00 00 00 00
2026-07-30 09:52:04,075 [DEBUG] Rx: <70E> (08) [p]	 101062c105c000ea
2026-07-30 09:52:04,077 [DEBUG] Tx: <706> (08) [ ]	 30080a0000000000
2026-07-30 09:52:04,079 [DEBUG] We've been asked to write a message to the bus
2026-07-30 09:52:04,080 [DEBUG] sending: Timestamp:        0.000000    ID:      706    S Rx     F BS       DL:  8    30 08 0a 00 00 00 00 00
2026-07-30 09:52:04,081 [DEBUG] TxState=IDLE - RxState=WAIT_CF
2026-07-30 09:52:04,082 [DEBUG] Rx: <70E> (08) [p]	 21a0000000000020
2026-07-30 09:52:04,098 [DEBUG] Rx: <70E> (08) [p]	 22200000aaaaaaaa
2026-07-30 09:52:04,147 [INFO] TC_ID-763 - Received: 62C105C000EAA0000000000020200000
2026-07-30 09:52:04,148 [WARNING] TC_ID-763 - PreCondition: PC_ID-023  Testcase:RH seat heat fail detection read   information_Read(Default session) -> ❌ FAIL - Expected 101A62C105C000EAA0000000000000000000
2026-07-30 09:52:04,149 [DEBUG] Stopping CanStack
2026-07-30 09:52:04,149 [DEBUG] TxState=IDLE - RxState=IDLE
2026-07-30 09:52:04,151 [DEBUG] Main thread is exiting
2026-07-30 09:52:04,195 [DEBUG] CanStack Stopped
2026-07-30 09:52:04,196 [INFO] Connection closed
2026-07-30 09:52:04,196 [INFO] Running Test Case: TC_ID-764
2026-07-30 09:52:04,197 [DEBUG] Starting CanStack
2026-07-30 09:52:04,198 [DEBUG] Main thread has started
2026-07-30 09:52:04,199 [DEBUG] Relay thread has started
2026-07-30 09:52:04,200 [INFO] Connection opened
2026-07-30 09:52:04,201 [INFO] Switched to physical mode for TC: TC_ID-764 Step: PreCondition: PC_ID-023  Testcase:RH seat vent fail detection read   information_Read(Default session)
2026-07-30 09:52:04,201 [INFO] TC_ID-764 - PreCondition: PC_ID-023  Testcase:RH seat vent fail detection read   information_Read(Default session): SID=0x22, Sub=0xC106, Expected=[16, 10, 98, 193, 6, 250, 0, 0, 0, 0, 0, 0, 170, 170, 170, 170]
2026-07-30 09:52:04,297 [INFO] TC_ID-764 - PreCondition: PC_ID-023  Testcase:RH seat vent fail detection read   information_Read(Default session): Sending request 22C106
2026-07-30 09:52:04,298 [INFO] TC_ID-764 - PreCondition: PC_ID-023  Testcase:RH seat vent fail detection read   information_Read(Default session): Sending request 22C106
2026-07-30 09:52:04,298 [DEBUG] Sending 3 bytes : [22c106]
2026-07-30 09:52:04,299 [DEBUG] Enqueuing a SendRequest for 3 bytes and TAT=Physical
2026-07-30 09:52:04,301 [DEBUG] Tx: <706> (08) [ ]	 0322c10600000000
2026-07-30 09:52:04,304 [DEBUG] We've been asked to write a message to the bus
2026-07-30 09:52:04,306 [DEBUG] sending: Timestamp:        0.000000    ID:      706    S Rx     F BS       DL:  8    03 22 c1 06 00 00 00 00
2026-07-30 09:52:04,334 [DEBUG] We've been asked to write a message to the bus
2026-07-30 09:52:04,335 [DEBUG] sending: Timestamp:        0.000000    ID:      706    S Rx     F BS       DL:  8    30 08 0a 00 00 00 00 00
2026-07-30 09:52:04,336 [DEBUG] Rx: <70E> (08) [p]	 100a62c106fa0000
2026-07-30 09:52:04,337 [DEBUG] Tx: <706> (08) [ ]	 30080a0000000000
2026-07-30 09:52:04,338 [DEBUG] We've been asked to write a message to the bus
2026-07-30 09:52:04,340 [DEBUG] sending: Timestamp:        0.000000    ID:      706    S Rx     F BS       DL:  8    30 08 0a 00 00 00 00 00
2026-07-30 09:52:04,341 [DEBUG] TxState=IDLE - RxState=WAIT_CF
2026-07-30 09:52:04,343 [DEBUG] Rx: <70E> (08) [p]	 2100000000aaaaaa
2026-07-30 09:52:04,390 [INFO] TC_ID-764 - Received: 62C106FA000000000000
2026-07-30 09:52:04,391 [WARNING] TC_ID-764 - PreCondition: PC_ID-023  Testcase:RH seat vent fail detection read   information_Read(Default session) -> ❌ FAIL - Expected 100A62C106FA000000000000AAAAAAAA
2026-07-30 09:52:04,391 [DEBUG] Stopping CanStack
2026-07-30 09:52:04,392 [DEBUG] TxState=IDLE - RxState=IDLE
2026-07-30 09:52:04,393 [DEBUG] Main thread is exiting
2026-07-30 09:52:04,440 [DEBUG] CanStack Stopped
2026-07-30 09:52:04,441 [INFO] Connection closed
2026-07-30 09:52:04,442 [INFO] Running Test Case: TC_ID-765
2026-07-30 09:52:04,442 [DEBUG] Starting CanStack
2026-07-30 09:52:04,443 [DEBUG] Main thread has started
2026-07-30 09:52:04,444 [DEBUG] Relay thread has started
2026-07-30 09:52:04,445 [INFO] Connection opened
2026-07-30 09:52:04,446 [INFO] Switched to physical mode for TC: TC_ID-765 Step: PreCondition: PC_ID-023  Testcase:Log frame data read  information_Read(Default session)
2026-07-30 09:52:04,447 [INFO] TC_ID-765 - PreCondition: PC_ID-023  Testcase:Log frame data read  information_Read(Default session): SID=0x22, Sub=0xCF10, Expected=[16, 50, 98, 207, 16, 239, 199, 126, 0, 4, 10, 4, 4, 9, 4, 239, 192, 0, 0, 4, 9, 4, 170, 170, 170]
2026-07-30 09:52:04,536 [INFO] TC_ID-765 - PreCondition: PC_ID-023  Testcase:Log frame data read  information_Read(Default session): Sending request 22CF10
2026-07-30 09:52:04,537 [INFO] TC_ID-765 - PreCondition: PC_ID-023  Testcase:Log frame data read  information_Read(Default session): Sending request 22CF10
2026-07-30 09:52:04,538 [DEBUG] Sending 3 bytes : [22cf10]
2026-07-30 09:52:04,539 [DEBUG] Enqueuing a SendRequest for 3 bytes and TAT=Physical
2026-07-30 09:52:04,541 [DEBUG] Tx: <706> (08) [ ]	 0322cf1000000000
2026-07-30 09:52:04,544 [DEBUG] We've been asked to write a message to the bus
2026-07-30 09:52:04,546 [DEBUG] sending: Timestamp:        0.000000    ID:      706    S Rx     F BS       DL:  8    03 22 cf 10 00 00 00 00
2026-07-30 09:52:04,573 [DEBUG] Rx: <70E> (08) [p]	 101462cf10efc77e
2026-07-30 09:52:04,575 [DEBUG] Tx: <706> (08) [ ]	 30080a0000000000
2026-07-30 09:52:04,575 [DEBUG] We've been asked to write a message to the bus
2026-07-30 09:52:04,575 [DEBUG] sending: Timestamp:        0.000000    ID:      706    S Rx     F BS       DL:  8    30 08 0a 00 00 00 00 00
2026-07-30 09:52:04,576 [DEBUG] TxState=IDLE - RxState=WAIT_CF
2026-07-30 09:52:04,579 [DEBUG] Rx: <70E> (08) [p]	 2100040a04040904
2026-07-30 09:52:04,595 [DEBUG] Rx: <70E> (08) [p]	 22efc00000040904
2026-07-30 09:52:04,598 [WARNING] TC_ID-765 - No response received
2026-07-30 09:52:04,599 [DEBUG] Stopping CanStack
2026-07-30 09:52:04,600 [DEBUG] TxState=IDLE - RxState=IDLE
2026-07-30 09:52:04,601 [DEBUG] Main thread is exiting
2026-07-30 09:52:04,645 [DEBUG] CanStack Stopped
2026-07-30 09:52:04,646 [INFO] Connection closed
2026-07-30 09:52:04,646 [INFO] Running Test Case: TC_ID-766
2026-07-30 09:52:04,647 [DEBUG] Starting CanStack
2026-07-30 09:52:04,648 [DEBUG] Main thread has started
2026-07-30 09:52:04,650 [DEBUG] Relay thread has started
2026-07-30 09:52:04,653 [INFO] Connection opened
2026-07-30 09:52:04,656 [INFO] Switched to physical mode for TC: TC_ID-766 Step: PreCondition: PC_ID-023  Testcase:Non-Sleep ECU data Identifier_Read(Default session)
2026-07-30 09:52:04,657 [INFO] TC_ID-766 - PreCondition: PC_ID-023  Testcase:Non-Sleep ECU data Identifier_Read(Default session): SID=0x22, Sub=0xED90, Expected=[16, 9, 98, 237, 144, 240, 0, 0, 0, 0, 0, 170, 170, 170, 170, 170]
2026-07-30 09:52:04,746 [INFO] TC_ID-766 - PreCondition: PC_ID-023  Testcase:Non-Sleep ECU data Identifier_Read(Default session): Sending request 22ED90
2026-07-30 09:52:04,747 [INFO] TC_ID-766 - PreCondition: PC_ID-023  Testcase:Non-Sleep ECU data Identifier_Read(Default session): Sending request 22ED90
2026-07-30 09:52:04,748 [DEBUG] Sending 3 bytes : [22ed90]
2026-07-30 09:52:04,750 [DEBUG] Enqueuing a SendRequest for 3 bytes and TAT=Physical
2026-07-30 09:52:04,753 [DEBUG] Tx: <706> (08) [ ]	 0322ed9000000000
2026-07-30 09:52:04,755 [DEBUG] We've been asked to write a message to the bus
2026-07-30 09:52:04,756 [DEBUG] sending: Timestamp:        0.000000    ID:      706    S Rx     F BS       DL:  8    03 22 ed 90 00 00 00 00
2026-07-30 09:52:04,783 [DEBUG] Rx: <70E> (08) [p]	 100962ed90f00000
2026-07-30 09:52:04,784 [DEBUG] We've been asked to write a message to the bus
2026-07-30 09:52:04,785 [DEBUG] Tx: <706> (08) [ ]	 30080a0000000000
2026-07-30 09:52:04,786 [DEBUG] sending: Timestamp:        0.000000    ID:      706    S Rx     F BS       DL:  8    30 08 0a 00 00 00 00 00
2026-07-30 09:52:04,786 [DEBUG] We've been asked to write a message to the bus
2026-07-30 09:52:04,787 [DEBUG] sending: Timestamp:        0.000000    ID:      706    S Rx     F BS       DL:  8    30 08 0a 00 00 00 00 00
2026-07-30 09:52:04,789 [DEBUG] TxState=IDLE - RxState=WAIT_CF
2026-07-30 09:52:04,794 [DEBUG] Rx: <70E> (08) [p]	 21000800aaaaaaaa
2026-07-30 09:52:04,843 [INFO] TC_ID-766 - Received: 62ED90F00000000800
2026-07-30 09:52:04,844 [WARNING] TC_ID-766 - PreCondition: PC_ID-023  Testcase:Non-Sleep ECU data Identifier_Read(Default session) -> ❌ FAIL - Expected 100962ED90F00000000000AAAAAAAAAA
2026-07-30 09:52:04,845 [DEBUG] TxState=IDLE - RxState=IDLE
2026-07-30 09:52:04,846 [DEBUG] Stopping CanStack
2026-07-30 09:52:04,847 [DEBUG] Main thread is exiting
2026-07-30 09:52:04,894 [DEBUG] CanStack Stopped
2026-07-30 09:52:04,895 [INFO] Connection closed
2026-07-30 09:52:04,896 [INFO] Running Test Case: PC_ID-024
2026-07-30 09:52:04,897 [DEBUG] Starting CanStack
2026-07-30 09:52:04,898 [DEBUG] Main thread has started
2026-07-30 09:52:04,899 [DEBUG] Relay thread has started
2026-07-30 09:52:04,900 [INFO] Connection opened
2026-07-30 09:52:04,901 [INFO] Switched to physical mode for TC: PC_ID-024 Step: Start Extended session
2026-07-30 09:52:04,902 [INFO] PC_ID-024 - Start Extended session: SID=0x10, Sub=0x03, Expected=[6, 80, 3, 0, 50, 1, 244, 170]
2026-07-30 09:52:04,964 [INFO] PC_ID-024 - Start Extended session: Sending 1003
2026-07-30 09:52:05,017 [INFO] PC_ID-024 - Start Extended session: Sending request 1003
2026-07-30 09:52:05,018 [DEBUG] Sending 2 bytes : [1003]
2026-07-30 09:52:05,019 [DEBUG] Enqueuing a SendRequest for 2 bytes and TAT=Physical
2026-07-30 09:52:05,021 [DEBUG] Tx: <706> (08) [ ]	 0210030000000000
2026-07-30 09:52:05,023 [DEBUG] We've been asked to write a message to the bus
2026-07-30 09:52:05,026 [DEBUG] sending: Timestamp:        0.000000    ID:      706    S Rx     F BS       DL:  8    02 10 03 00 00 00 00 00
2026-07-30 09:52:05,053 [INFO] PC_ID-024 - Received: 5003003201F4
2026-07-30 09:52:05,054 [DEBUG] Rx: <70E> (08) [p]	 065003003201f4aa
2026-07-30 09:52:05,055 [WARNING] PC_ID-024 - Start Extended session -> FAIL - Unexpected response
2026-07-30 09:52:05,056 [DEBUG] Stopping CanStack
2026-07-30 09:52:05,057 [DEBUG] Main thread is exiting
2026-07-30 09:52:05,103 [DEBUG] CanStack Stopped
2026-07-30 09:52:05,104 [INFO] Connection closed
2026-07-30 09:52:05,105 [INFO] Running Test Case: TC_ID-767
2026-07-30 09:52:05,106 [DEBUG] Starting CanStack
2026-07-30 09:52:05,108 [DEBUG] Main thread has started
2026-07-30 09:52:05,109 [DEBUG] Relay thread has started
2026-07-30 09:52:05,114 [INFO] Connection opened
2026-07-30 09:52:05,115 [INFO] Switched to physical mode for TC: TC_ID-767 Step: PreCondition: PC_ID-024  Testcase:RX_SWIN_F1_EF_Read(Defaultsession)
2026-07-30 09:52:05,116 [INFO] TC_ID-767 - PreCondition: PC_ID-024  Testcase:RX_SWIN_F1_EF_Read(Defaultsession): SID=0x22, Sub=0xF1EF, Expected=[16, 43, 98, 241, 239, 7, 6, 11, 82, 49, 48, 32, 66, 74, 49, 47, 49, 47, 48, 12, 82, 49, 53, 53, 32, 66, 74, 49, 47, 49, 47, 48, 12, 82, 49, 53, 54, 32, 66, 74, 49, 47, 49, 47, 48, 170, 170, 170, 170, 170]
2026-07-30 09:52:05,196 [INFO] TC_ID-767 - PreCondition: PC_ID-024  Testcase:RX_SWIN_F1_EF_Read(Defaultsession): Sending request 22F1EF
2026-07-30 09:52:05,197 [INFO] TC_ID-767 - PreCondition: PC_ID-024  Testcase:RX_SWIN_F1_EF_Read(Defaultsession): Sending request 22F1EF
2026-07-30 09:52:05,198 [DEBUG] Sending 3 bytes : [22f1ef]
2026-07-30 09:52:05,199 [DEBUG] Enqueuing a SendRequest for 3 bytes and TAT=Physical
2026-07-30 09:52:05,201 [DEBUG] Tx: <706> (08) [ ]	 0322f1ef00000000
2026-07-30 09:52:05,204 [DEBUG] We've been asked to write a message to the bus
2026-07-30 09:52:05,205 [DEBUG] sending: Timestamp:        0.000000    ID:      706    S Rx     F BS       DL:  8    03 22 f1 ef 00 00 00 00
2026-07-30 09:52:05,224 [DEBUG] Rx: <70E> (08) [p]	 102b62f1ef07060b
2026-07-30 09:52:05,225 [DEBUG] We've been asked to write a message to the bus
2026-07-30 09:52:05,227 [DEBUG] Tx: <706> (08) [ ]	 30080a0000000000
2026-07-30 09:52:05,228 [DEBUG] sending: Timestamp:        0.000000    ID:      706    S Rx     F BS       DL:  8    30 08 0a 00 00 00 00 00
2026-07-30 09:52:05,229 [DEBUG] We've been asked to write a message to the bus
2026-07-30 09:52:05,231 [DEBUG] sending: Timestamp:        0.000000    ID:      706    S Rx     F BS       DL:  8    30 08 0a 00 00 00 00 00
2026-07-30 09:52:05,239 [DEBUG] TxState=IDLE - RxState=WAIT_CF
2026-07-30 09:52:05,241 [DEBUG] Rx: <70E> (08) [p]	 2152313020424a31
2026-07-30 09:52:05,249 [DEBUG] Rx: <70E> (08) [p]	 222f312f300c5231
2026-07-30 09:52:05,264 [DEBUG] Rx: <70E> (08) [p]	 23353520424a312f
2026-07-30 09:52:05,279 [DEBUG] Rx: <70E> (08) [p]	 24312f300c523135
2026-07-30 09:52:05,297 [DEBUG] Rx: <70E> (08) [p]	 253620424a312f31
2026-07-30 09:52:05,310 [DEBUG] Rx: <70E> (08) [p]	 262f30aaaaaaaaaa
2026-07-30 09:52:05,359 [INFO] TC_ID-767 - Received: 62F1EF07060B52313020424A312F312F300C5231353520424A312F312F300C5231353620424A312F312F30
2026-07-30 09:52:05,360 [WARNING] TC_ID-767 - PreCondition: PC_ID-024  Testcase:RX_SWIN_F1_EF_Read(Defaultsession) -> ❌ FAIL - Expected 102B62F1EF07060B52313020424A312F312F300C5231353520424A312F312F300C5231353620424A312F312F30AAAAAAAAAA
2026-07-30 09:52:05,361 [DEBUG] Stopping CanStack
2026-07-30 09:52:05,362 [DEBUG] TxState=IDLE - RxState=IDLE
2026-07-30 09:52:05,363 [DEBUG] Main thread is exiting
2026-07-30 09:52:05,411 [DEBUG] CanStack Stopped
2026-07-30 09:52:05,412 [INFO] Connection closed
2026-07-30 09:52:05,412 [INFO] Running Test Case: TC_ID-768
2026-07-30 09:52:05,413 [DEBUG] Starting CanStack
2026-07-30 09:52:05,414 [DEBUG] Main thread has started
2026-07-30 09:52:05,416 [DEBUG] Relay thread has started
2026-07-30 09:52:05,418 [INFO] Connection opened
2026-07-30 09:52:05,421 [INFO] Switched to physical mode for TC: TC_ID-768 Step: PreCondition: PC_ID-024  Testcase:Vehicle_Manufacturer_Spare_Part_Number_F1_87_Read(Defaultsession)
2026-07-30 09:52:05,423 [INFO] TC_ID-768 - PreCondition: PC_ID-024  Testcase:Vehicle_Manufacturer_Spare_Part_Number_F1_87_Read(Defaultsession): SID=0x22, Sub=0xF187, Expected=[16, 13, 98, 241, 135, 56, 56, 53, 52, 48, 71, 74, 48, 48, 48, 170, 170]
2026-07-30 09:52:05,519 [INFO] TC_ID-768 - PreCondition: PC_ID-024  Testcase:Vehicle_Manufacturer_Spare_Part_Number_F1_87_Read(Defaultsession): Sending request 22F187
2026-07-30 09:52:05,520 [INFO] TC_ID-768 - PreCondition: PC_ID-024  Testcase:Vehicle_Manufacturer_Spare_Part_Number_F1_87_Read(Defaultsession): Sending request 22F187
2026-07-30 09:52:05,521 [DEBUG] Sending 3 bytes : [22f187]
2026-07-30 09:52:05,522 [DEBUG] Enqueuing a SendRequest for 3 bytes and TAT=Physical
2026-07-30 09:52:05,524 [DEBUG] Tx: <706> (08) [ ]	 0322f18700000000
2026-07-30 09:52:05,527 [DEBUG] We've been asked to write a message to the bus
2026-07-30 09:52:05,529 [DEBUG] sending: Timestamp:        0.000000    ID:      706    S Rx     F BS       DL:  8    03 22 f1 87 00 00 00 00
2026-07-30 09:52:05,553 [DEBUG] We've been asked to write a message to the bus
2026-07-30 09:52:05,555 [DEBUG] sending: Timestamp:        0.000000    ID:      706    S Rx     F BS       DL:  8    30 08 0a 00 00 00 00 00
2026-07-30 09:52:05,556 [DEBUG] Rx: <70E> (08) [p]	 100d62f187383835
2026-07-30 09:52:05,557 [DEBUG] Tx: <706> (08) [ ]	 30080a0000000000
2026-07-30 09:52:05,559 [DEBUG] We've been asked to write a message to the bus
2026-07-30 09:52:05,560 [DEBUG] sending: Timestamp:        0.000000    ID:      706    S Rx     F BS       DL:  8    30 08 0a 00 00 00 00 00
2026-07-30 09:52:05,561 [DEBUG] TxState=IDLE - RxState=WAIT_CF
2026-07-30 09:52:05,562 [DEBUG] Rx: <70E> (08) [p]	 213430474a303030
2026-07-30 09:52:05,609 [INFO] TC_ID-768 - Received: 62F1873838353430474A303030
2026-07-30 09:52:05,610 [WARNING] TC_ID-768 - PreCondition: PC_ID-024  Testcase:Vehicle_Manufacturer_Spare_Part_Number_F1_87_Read(Defaultsession) -> ❌ FAIL - Expected 100D62F1873838353430474A303030AAAA
2026-07-30 09:52:05,610 [DEBUG] Stopping CanStack
2026-07-30 09:52:05,611 [DEBUG] TxState=IDLE - RxState=IDLE
2026-07-30 09:52:05,612 [DEBUG] Main thread is exiting
2026-07-30 09:52:05,659 [DEBUG] CanStack Stopped
2026-07-30 09:52:05,660 [INFO] Connection closed
2026-07-30 09:52:05,661 [INFO] Running Test Case: TC_ID-769
2026-07-30 09:52:05,661 [DEBUG] Starting CanStack
2026-07-30 09:52:05,662 [DEBUG] Main thread has started
2026-07-30 09:52:05,663 [DEBUG] Relay thread has started
2026-07-30 09:52:05,664 [INFO] Connection opened
2026-07-30 09:52:05,665 [INFO] Switched to physical mode for TC: TC_ID-769 Step: PreCondition: PC_ID-024  Testcase:Verify incorrect msg length NRC for Part number information (22 F1 87 01)
2026-07-30 09:52:05,666 [INFO] TC_ID-769 - PreCondition: PC_ID-024  Testcase:Verify incorrect msg length NRC for Part number information (22 F1 87 01): SID=0x22, Sub=0xF18701, Expected=[3, 127, 34, 19, 170, 170, 170, 170]
2026-07-30 09:52:05,764 [INFO] TC_ID-769 - PreCondition: PC_ID-024  Testcase:Verify incorrect msg length NRC for Part number information (22 F1 87 01): Sending request 22F18701
2026-07-30 09:52:05,764 [INFO] TC_ID-769 - PreCondition: PC_ID-024  Testcase:Verify incorrect msg length NRC for Part number information (22 F1 87 01): Sending request 22F18701
2026-07-30 09:52:05,765 [DEBUG] Sending 4 bytes : [22f18701]
2026-07-30 09:52:05,767 [DEBUG] Enqueuing a SendRequest for 4 bytes and TAT=Physical
2026-07-30 09:52:05,769 [DEBUG] Tx: <706> (08) [ ]	 0422f18701000000
2026-07-30 09:52:05,772 [DEBUG] We've been asked to write a message to the bus
2026-07-30 09:52:05,773 [DEBUG] sending: Timestamp:        0.000000    ID:      706    S Rx     F BS       DL:  8    04 22 f1 87 01 00 00 00
2026-07-30 09:52:05,794 [DEBUG] Rx: <70E> (08) [p]	 037f2213aaaaaaaa
2026-07-30 09:52:05,844 [INFO] TC_ID-769 - Received: 7F2213
2026-07-30 09:52:05,845 [WARNING] TC_ID-769 - PreCondition: PC_ID-024  Testcase:Verify incorrect msg length NRC for Part number information (22 F1 87 01) -> ❌ FAIL - Expected 037F2213AAAAAAAA
2026-07-30 09:52:05,845 [DEBUG] Stopping CanStack
2026-07-30 09:52:05,846 [DEBUG] Main thread is exiting
2026-07-30 09:52:05,894 [DEBUG] CanStack Stopped
2026-07-30 09:52:05,895 [INFO] Connection closed
2026-07-30 09:52:05,896 [INFO] Running Test Case: TC_ID-770
2026-07-30 09:52:05,896 [DEBUG] Starting CanStack
2026-07-30 09:52:05,897 [DEBUG] Main thread has started
2026-07-30 09:52:05,898 [DEBUG] Relay thread has started
2026-07-30 09:52:05,900 [INFO] Connection opened
2026-07-30 09:52:05,901 [INFO] Switched to physical mode for TC: TC_ID-770 Step: PreCondition: PC_ID-024  Testcase:Manufacturing_F1_8B_Read(Defaultsession)
2026-07-30 09:52:05,902 [INFO] TC_ID-770 - PreCondition: PC_ID-024  Testcase:Manufacturing_F1_8B_Read(Defaultsession): SID=0x22, Sub=0xF18B, Expected=[7, 98, 241, 139, 32, 37, 16, 21]
2026-07-30 09:52:05,990 [INFO] TC_ID-770 - PreCondition: PC_ID-024  Testcase:Manufacturing_F1_8B_Read(Defaultsession): Sending request 22F18B
2026-07-30 09:52:05,991 [INFO] TC_ID-770 - PreCondition: PC_ID-024  Testcase:Manufacturing_F1_8B_Read(Defaultsession): Sending request 22F18B
2026-07-30 09:52:05,992 [DEBUG] Sending 3 bytes : [22f18b]
2026-07-30 09:52:05,993 [DEBUG] Enqueuing a SendRequest for 3 bytes and TAT=Physical
2026-07-30 09:52:05,995 [DEBUG] Tx: <706> (08) [ ]	 0322f18b00000000
2026-07-30 09:52:05,998 [DEBUG] We've been asked to write a message to the bus
2026-07-30 09:52:05,999 [DEBUG] sending: Timestamp:        0.000000    ID:      706    S Rx     F BS       DL:  8    03 22 f1 8b 00 00 00 00
2026-07-30 09:52:06,024 [DEBUG] Rx: <70E> (08) [p]	 0762f18b20251015
2026-07-30 09:52:06,073 [INFO] TC_ID-770 - Received: 62F18B20251015
2026-07-30 09:52:06,074 [WARNING] TC_ID-770 - PreCondition: PC_ID-024  Testcase:Manufacturing_F1_8B_Read(Defaultsession) -> ❌ FAIL - Expected 0762F18B20251015
2026-07-30 09:52:06,075 [DEBUG] Stopping CanStack
2026-07-30 09:52:06,077 [DEBUG] Main thread is exiting
2026-07-30 09:52:06,125 [DEBUG] CanStack Stopped
2026-07-30 09:52:06,126 [INFO] Connection closed
2026-07-30 09:52:06,126 [INFO] Running Test Case: TC_ID-771
2026-07-30 09:52:06,127 [DEBUG] Starting CanStack
2026-07-30 09:52:06,129 [DEBUG] Main thread has started
2026-07-30 09:52:06,130 [DEBUG] Relay thread has started
2026-07-30 09:52:06,135 [INFO] Connection opened
2026-07-30 09:52:06,136 [INFO] Switched to physical mode for TC: TC_ID-771 Step: PreCondition: PC_ID-024  Testcase:ECU_Serial_Number_F1_8C_Read(Extended session)
2026-07-30 09:52:06,137 [INFO] TC_ID-771 - PreCondition: PC_ID-024  Testcase:ECU_Serial_Number_F1_8C_Read(Extended session): SID=0x22, Sub=0xF18C, Expected=[16, 13, 98, 241, 140, 48, 48, 48, 48, 48, 48, 48, 48, 53, 48, 170, 170]
2026-07-30 09:52:06,223 [INFO] TC_ID-771 - PreCondition: PC_ID-024  Testcase:ECU_Serial_Number_F1_8C_Read(Extended session): Sending request 22F18C
2026-07-30 09:52:06,224 [INFO] TC_ID-771 - PreCondition: PC_ID-024  Testcase:ECU_Serial_Number_F1_8C_Read(Extended session): Sending request 22F18C
2026-07-30 09:52:06,225 [DEBUG] Sending 3 bytes : [22f18c]
2026-07-30 09:52:06,226 [DEBUG] Enqueuing a SendRequest for 3 bytes and TAT=Physical
2026-07-30 09:52:06,228 [DEBUG] Tx: <706> (08) [ ]	 0322f18c00000000
2026-07-30 09:52:06,231 [DEBUG] We've been asked to write a message to the bus
2026-07-30 09:52:06,232 [DEBUG] sending: Timestamp:        0.000000    ID:      706    S Rx     F BS       DL:  8    03 22 f1 8c 00 00 00 00
2026-07-30 09:52:06,253 [DEBUG] We've been asked to write a message to the bus
2026-07-30 09:52:06,255 [DEBUG] Rx: <70E> (08) [p]	 100d62f18c303030
2026-07-30 09:52:06,256 [DEBUG] sending: Timestamp:        0.000000    ID:      706    S Rx     F BS       DL:  8    30 08 0a 00 00 00 00 00
2026-07-30 09:52:06,258 [DEBUG] Tx: <706> (08) [ ]	 30080a0000000000
2026-07-30 09:52:06,260 [DEBUG] We've been asked to write a message to the bus
2026-07-30 09:52:06,264 [DEBUG] sending: Timestamp:        0.000000    ID:      706    S Rx     F BS       DL:  8    30 08 0a 00 00 00 00 00
2026-07-30 09:52:06,269 [DEBUG] TxState=IDLE - RxState=WAIT_CF
2026-07-30 09:52:06,270 [DEBUG] Rx: <70E> (08) [p]	 2130303030303530
2026-07-30 09:52:06,317 [INFO] TC_ID-771 - Received: 62F18C30303030303030303530
2026-07-30 09:52:06,318 [WARNING] TC_ID-771 - PreCondition: PC_ID-024  Testcase:ECU_Serial_Number_F1_8C_Read(Extended session) -> ❌ FAIL - Expected 100D62F18C30303030303030303530AAAA
2026-07-30 09:52:06,319 [DEBUG] Stopping CanStack
2026-07-30 09:52:06,320 [DEBUG] TxState=IDLE - RxState=IDLE
2026-07-30 09:52:06,321 [DEBUG] Main thread is exiting
2026-07-30 09:52:06,367 [DEBUG] CanStack Stopped
2026-07-30 09:52:06,368 [INFO] Connection closed
2026-07-30 09:52:06,369 [INFO] Running Test Case: TC_ID-772
2026-07-30 09:52:06,370 [DEBUG] Starting CanStack
2026-07-30 09:52:06,371 [DEBUG] Main thread has started
2026-07-30 09:52:06,371 [DEBUG] Relay thread has started
2026-07-30 09:52:06,373 [INFO] Connection opened
2026-07-30 09:52:06,373 [INFO] Switched to physical mode for TC: TC_ID-772 Step: PreCondition: PC_ID-024  Testcase:Verify incorrect msg length NRC for ECU Serial no. (22 F1 8C 01)
2026-07-30 09:52:06,374 [INFO] TC_ID-772 - PreCondition: PC_ID-024  Testcase:Verify incorrect msg length NRC for ECU Serial no. (22 F1 8C 01): SID=0x22, Sub=0xF18C01, Expected=[3, 127, 34, 19, 170, 170, 170, 170]
2026-07-30 09:52:06,466 [INFO] TC_ID-772 - PreCondition: PC_ID-024  Testcase:Verify incorrect msg length NRC for ECU Serial no. (22 F1 8C 01): Sending request 22F18C01
2026-07-30 09:52:06,467 [INFO] TC_ID-772 - PreCondition: PC_ID-024  Testcase:Verify incorrect msg length NRC for ECU Serial no. (22 F1 8C 01): Sending request 22F18C01
2026-07-30 09:52:06,468 [DEBUG] Sending 4 bytes : [22f18c01]
2026-07-30 09:52:06,469 [DEBUG] Enqueuing a SendRequest for 4 bytes and TAT=Physical
2026-07-30 09:52:06,471 [DEBUG] Tx: <706> (08) [ ]	 0422f18c01000000
2026-07-30 09:52:06,474 [DEBUG] We've been asked to write a message to the bus
2026-07-30 09:52:06,476 [DEBUG] sending: Timestamp:        0.000000    ID:      706    S Rx     F BS       DL:  8    04 22 f1 8c 01 00 00 00
2026-07-30 09:52:06,504 [DEBUG] Rx: <70E> (08) [p]	 037f2213aaaaaaaa
2026-07-30 09:52:06,553 [INFO] TC_ID-772 - Received: 7F2213
2026-07-30 09:52:06,554 [WARNING] TC_ID-772 - PreCondition: PC_ID-024  Testcase:Verify incorrect msg length NRC for ECU Serial no. (22 F1 8C 01) -> ❌ FAIL - Expected 037F2213AAAAAAAA
2026-07-30 09:52:06,555 [DEBUG] Stopping CanStack
2026-07-30 09:52:06,556 [DEBUG] Main thread is exiting
2026-07-30 09:52:06,604 [DEBUG] CanStack Stopped
2026-07-30 09:52:06,605 [INFO] Connection closed
2026-07-30 09:52:06,606 [INFO] Running Test Case: TC_ID-773
2026-07-30 09:52:06,606 [DEBUG] Starting CanStack
2026-07-30 09:52:06,608 [DEBUG] Main thread has started
2026-07-30 09:52:06,609 [DEBUG] Relay thread has started
2026-07-30 09:52:06,611 [INFO] Connection opened
2026-07-30 09:52:06,613 [INFO] Switched to physical mode for TC: TC_ID-773 Step: PreCondition: PC_ID-024  Testcase:Vehicle_Manufacturer_ECU_HW_Number_F1_91_Read(Defaultsession)
2026-07-30 09:52:06,615 [INFO] TC_ID-773 - PreCondition: PC_ID-024  Testcase:Vehicle_Manufacturer_ECU_HW_Number_F1_91_Read(Defaultsession): SID=0x22, Sub=0xF191, Expected=[16, 8, 98, 241, 145, 67, 46, 48, 48, 170, 170, 170, 170, 170]
2026-07-30 09:52:06,709 [INFO] TC_ID-773 - PreCondition: PC_ID-024  Testcase:Vehicle_Manufacturer_ECU_HW_Number_F1_91_Read(Defaultsession): Sending request 22F191
2026-07-30 09:52:06,710 [INFO] TC_ID-773 - PreCondition: PC_ID-024  Testcase:Vehicle_Manufacturer_ECU_HW_Number_F1_91_Read(Defaultsession): Sending request 22F191
2026-07-30 09:52:06,711 [DEBUG] Sending 3 bytes : [22f191]
2026-07-30 09:52:06,712 [DEBUG] Enqueuing a SendRequest for 3 bytes and TAT=Physical
2026-07-30 09:52:06,714 [DEBUG] Tx: <706> (08) [ ]	 0322f19100000000
2026-07-30 09:52:06,717 [DEBUG] We've been asked to write a message to the bus
2026-07-30 09:52:06,719 [DEBUG] sending: Timestamp:        0.000000    ID:      706    S Rx     F BS       DL:  8    03 22 f1 91 00 00 00 00
2026-07-30 09:52:06,744 [DEBUG] Rx: <70E> (08) [p]	 0762f191432e3030
2026-07-30 09:52:06,794 [INFO] TC_ID-773 - Received: 62F191432E3030
2026-07-30 09:52:06,795 [WARNING] TC_ID-773 - PreCondition: PC_ID-024  Testcase:Vehicle_Manufacturer_ECU_HW_Number_F1_91_Read(Defaultsession) -> ❌ FAIL - Expected 100862F191432E3030AAAAAAAAAA
2026-07-30 09:52:06,796 [DEBUG] Stopping CanStack
2026-07-30 09:52:06,798 [DEBUG] Main thread is exiting
2026-07-30 09:52:06,844 [DEBUG] CanStack Stopped
2026-07-30 09:52:06,845 [INFO] Connection closed
2026-07-30 09:52:06,845 [INFO] Running Test Case: TC_ID-774
2026-07-30 09:52:06,846 [DEBUG] Starting CanStack
2026-07-30 09:52:06,847 [DEBUG] Main thread has started
2026-07-30 09:52:06,848 [DEBUG] Relay thread has started
2026-07-30 09:52:06,850 [INFO] Connection opened
2026-07-30 09:52:06,851 [INFO] Switched to physical mode for TC: TC_ID-774 Step: PreCondition: PC_ID-024  Testcase:HardwareVersionNumber_F1_93_Read(Defaultsession)
2026-07-30 09:52:06,852 [INFO] TC_ID-774 - PreCondition: PC_ID-024  Testcase:HardwareVersionNumber_F1_93_Read(Defaultsession): SID=0x22, Sub=0xF193, Expected=[16, 8, 98, 241, 147, 67, 46, 48, 48, 170, 170, 170, 170, 170]
2026-07-30 09:52:06,943 [INFO] TC_ID-774 - PreCondition: PC_ID-024  Testcase:HardwareVersionNumber_F1_93_Read(Defaultsession): Sending request 22F193
2026-07-30 09:52:06,944 [INFO] TC_ID-774 - PreCondition: PC_ID-024  Testcase:HardwareVersionNumber_F1_93_Read(Defaultsession): Sending request 22F193
2026-07-30 09:52:06,945 [DEBUG] Sending 3 bytes : [22f193]
2026-07-30 09:52:06,946 [DEBUG] Enqueuing a SendRequest for 3 bytes and TAT=Physical
2026-07-30 09:52:06,948 [DEBUG] Tx: <706> (08) [ ]	 0322f19300000000
2026-07-30 09:52:06,951 [DEBUG] We've been asked to write a message to the bus
2026-07-30 09:52:06,952 [DEBUG] sending: Timestamp:        0.000000    ID:      706    S Rx     F BS       DL:  8    03 22 f1 93 00 00 00 00
2026-07-30 09:52:06,975 [DEBUG] Rx: <70E> (08) [p]	 0762f193432e3030
2026-07-30 09:52:07,023 [INFO] TC_ID-774 - Received: 62F193432E3030
2026-07-30 09:52:07,024 [WARNING] TC_ID-774 - PreCondition: PC_ID-024  Testcase:HardwareVersionNumber_F1_93_Read(Defaultsession) -> ❌ FAIL - Expected 100862F193432E3030AAAAAAAAAA
2026-07-30 09:52:07,025 [DEBUG] Stopping CanStack
2026-07-30 09:52:07,026 [DEBUG] Main thread is exiting
2026-07-30 09:52:07,075 [DEBUG] CanStack Stopped
2026-07-30 09:52:07,076 [INFO] Connection closed
2026-07-30 09:52:07,077 [INFO] Running Test Case: TC_ID-775
2026-07-30 09:52:07,078 [DEBUG] Starting CanStack
2026-07-30 09:52:07,079 [DEBUG] Main thread has started
2026-07-30 09:52:07,081 [DEBUG] Relay thread has started
2026-07-30 09:52:07,082 [INFO] Connection opened
2026-07-30 09:52:07,085 [INFO] Switched to physical mode for TC: TC_ID-775 Step: PreCondition: PC_ID-024  Testcase:Verify incorrect msg length NRC for System Supplier ECU H/W version information (22 F1 93 01)
2026-07-30 09:52:07,087 [INFO] TC_ID-775 - PreCondition: PC_ID-024  Testcase:Verify incorrect msg length NRC for System Supplier ECU H/W version information (22 F1 93 01): SID=0x22, Sub=0xF19301, Expected=[3, 127, 34, 19, 170, 170, 170, 170]
2026-07-30 09:52:07,191 [INFO] TC_ID-775 - PreCondition: PC_ID-024  Testcase:Verify incorrect msg length NRC for System Supplier ECU H/W version information (22 F1 93 01): Sending request 22F19301
2026-07-30 09:52:07,192 [INFO] TC_ID-775 - PreCondition: PC_ID-024  Testcase:Verify incorrect msg length NRC for System Supplier ECU H/W version information (22 F1 93 01): Sending request 22F19301
2026-07-30 09:52:07,193 [DEBUG] Sending 4 bytes : [22f19301]
2026-07-30 09:52:07,194 [DEBUG] Enqueuing a SendRequest for 4 bytes and TAT=Physical
2026-07-30 09:52:07,196 [DEBUG] Tx: <706> (08) [ ]	 0422f19301000000
2026-07-30 09:52:07,198 [DEBUG] We've been asked to write a message to the bus
2026-07-30 09:52:07,200 [DEBUG] sending: Timestamp:        0.000000    ID:      706    S Rx     F BS       DL:  8    04 22 f1 93 01 00 00 00
2026-07-30 09:52:07,224 [DEBUG] Rx: <70E> (08) [p]	 037f2213aaaaaaaa
2026-07-30 09:52:07,276 [INFO] TC_ID-775 - Received: 7F2213
2026-07-30 09:52:07,277 [WARNING] TC_ID-775 - PreCondition: PC_ID-024  Testcase:Verify incorrect msg length NRC for System Supplier ECU H/W version information (22 F1 93 01) -> ❌ FAIL - Expected 037F2213AAAAAAAA
2026-07-30 09:52:07,278 [DEBUG] Stopping CanStack
2026-07-30 09:52:07,279 [DEBUG] Main thread is exiting
2026-07-30 09:52:07,324 [DEBUG] CanStack Stopped
2026-07-30 09:52:07,325 [INFO] Connection closed
2026-07-30 09:52:07,326 [INFO] Running Test Case: TC_ID-776
2026-07-30 09:52:07,326 [DEBUG] Starting CanStack
2026-07-30 09:52:07,327 [DEBUG] Main thread has started
2026-07-30 09:52:07,329 [DEBUG] Relay thread has started
2026-07-30 09:52:07,330 [INFO] Connection opened
2026-07-30 09:52:07,330 [INFO] Switched to physical mode for TC: TC_ID-776 Step: PreCondition: PC_ID-024  Testcase:ECUSoftwareUnit1IVDDataIdentifier_F1_C1_Read(Extended )
2026-07-30 09:52:07,331 [INFO] TC_ID-776 - PreCondition: PC_ID-024  Testcase:ECUSoftwareUnit1IVDDataIdentifier_F1_C1_Read(Extended ): SID=0x22, Sub=0xF1C1, Expected=[16, 35, 98, 241, 193, 89, 132, 149, 115, 208, 147, 255, 45, 174, 165, 181, 19, 158, 8, 114, 225, 168, 238, 34, 156, 199, 240, 147, 54, 118, 206, 209, 76, 62, 181, 253, 217, 170, 170, 170, 170, 170, 170]
2026-07-30 09:52:07,427 [INFO] TC_ID-776 - PreCondition: PC_ID-024  Testcase:ECUSoftwareUnit1IVDDataIdentifier_F1_C1_Read(Extended ): Sending request 22F1C1
2026-07-30 09:52:07,429 [INFO] TC_ID-776 - PreCondition: PC_ID-024  Testcase:ECUSoftwareUnit1IVDDataIdentifier_F1_C1_Read(Extended ): Sending request 22F1C1
2026-07-30 09:52:07,430 [DEBUG] Sending 3 bytes : [22f1c1]
2026-07-30 09:52:07,434 [DEBUG] Enqueuing a SendRequest for 3 bytes and TAT=Physical
2026-07-30 09:52:07,438 [DEBUG] Tx: <706> (08) [ ]	 0322f1c100000000
2026-07-30 09:52:07,440 [DEBUG] We've been asked to write a message to the bus
2026-07-30 09:52:07,441 [DEBUG] sending: Timestamp:        0.000000    ID:      706    S Rx     F BS       DL:  8    03 22 f1 c1 00 00 00 00
2026-07-30 09:52:07,464 [INFO] TC_ID-776 PreCondition: PC_ID-024  Testcase:ECUSoftwareUnit1IVDDataIdentifier_F1_C1_Read(Extended ) -> Response shorter than expected (3/35). Waiting for remaining payload.
2026-07-30 09:52:07,466 [DEBUG] Rx: <70E> (08) [p]	 037f2222aaaaaaaa
2026-07-30 09:52:07,467 [DEBUG] Received 3 bytes : [7f2222]
2026-07-30 09:52:12,468 [DEBUG] No data received: [TimeoutException] - Did not receive IsoTP frame from the Transport layer in time (timeout=5.0 sec) 
2026-07-30 09:52:12,469 [WARNING] TC_ID-776 PreCondition: PC_ID-024  Testcase:ECUSoftwareUnit1IVDDataIdentifier_F1_C1_Read(Extended ) -> Timed out while extending response (6/35)
2026-07-30 09:52:12,521 [INFO] TC_ID-776 - Received: 7F22227F2222
2026-07-30 09:52:12,523 [WARNING] TC_ID-776 - PreCondition: PC_ID-024  Testcase:ECUSoftwareUnit1IVDDataIdentifier_F1_C1_Read(Extended ) -> ❌ FAIL - Expected 102362F1C159849573D093FF2DAEA5B5139E0872E1A8EE229CC7F0933676CED14C3EB5FDD9AAAAAAAAAAAA
2026-07-30 09:52:12,525 [DEBUG] Stopping CanStack
2026-07-30 09:52:12,526 [DEBUG] Main thread is exiting
2026-07-30 09:52:12,539 [DEBUG] CanStack Stopped
2026-07-30 09:52:12,540 [INFO] Connection closed
2026-07-30 09:52:12,540 [INFO] Running Test Case: TC_ID-777
2026-07-30 09:52:12,541 [DEBUG] Starting CanStack
2026-07-30 09:52:12,543 [DEBUG] Main thread has started
2026-07-30 09:52:12,544 [DEBUG] Relay thread has started
2026-07-30 09:52:12,545 [INFO] Connection opened
2026-07-30 09:52:12,546 [INFO] Switched to physical mode for TC: TC_ID-777 Step: PreCondition: PC_ID-024  Testcase:Verify incorrect msg length NRC for ECU S/W Unit 1 IVD Response (22 F1 C1 01)
2026-07-30 09:52:12,547 [INFO] TC_ID-777 - PreCondition: PC_ID-024  Testcase:Verify incorrect msg length NRC for ECU S/W Unit 1 IVD Response (22 F1 C1 01): SID=0x22, Sub=0xF1C101, Expected=[3, 127, 34, 19, 170, 170, 170, 170]
2026-07-30 09:52:12,641 [INFO] TC_ID-777 - PreCondition: PC_ID-024  Testcase:Verify incorrect msg length NRC for ECU S/W Unit 1 IVD Response (22 F1 C1 01): Sending request 22F1C101
2026-07-30 09:52:12,642 [INFO] TC_ID-777 - PreCondition: PC_ID-024  Testcase:Verify incorrect msg length NRC for ECU S/W Unit 1 IVD Response (22 F1 C1 01): Sending request 22F1C101
2026-07-30 09:52:12,643 [DEBUG] Sending 4 bytes : [22f1c101]
2026-07-30 09:52:12,644 [DEBUG] Enqueuing a SendRequest for 4 bytes and TAT=Physical
2026-07-30 09:52:12,646 [DEBUG] Tx: <706> (08) [ ]	 0422f1c101000000
2026-07-30 09:52:12,649 [DEBUG] We've been asked to write a message to the bus
2026-07-30 09:52:12,651 [DEBUG] sending: Timestamp:        0.000000    ID:      706    S Rx     F BS       DL:  8    04 22 f1 c1 01 00 00 00
2026-07-30 09:52:12,674 [DEBUG] Rx: <70E> (08) [p]	 037f2213aaaaaaaa
2026-07-30 09:52:12,723 [INFO] TC_ID-777 - Received: 7F2213
2026-07-30 09:52:12,724 [WARNING] TC_ID-777 - PreCondition: PC_ID-024  Testcase:Verify incorrect msg length NRC for ECU S/W Unit 1 IVD Response (22 F1 C1 01) -> ❌ FAIL - Expected 037F2213AAAAAAAA
2026-07-30 09:52:12,725 [DEBUG] Stopping CanStack
2026-07-30 09:52:12,727 [DEBUG] Main thread is exiting
2026-07-30 09:52:12,776 [DEBUG] CanStack Stopped
2026-07-30 09:52:12,777 [INFO] Connection closed
2026-07-30 09:52:12,777 [INFO] Running Test Case: TC_ID-778
2026-07-30 09:52:12,778 [DEBUG] Starting CanStack
2026-07-30 09:52:12,779 [DEBUG] Main thread has started
2026-07-30 09:52:12,781 [DEBUG] Relay thread has started
2026-07-30 09:52:12,784 [INFO] Connection opened
2026-07-30 09:52:12,787 [INFO] Switched to physical mode for TC: TC_ID-778 Step: PreCondition: PC_ID-024  Testcase:ECU_Supplier_Code_F1_A1_Read(Defaultsession)
2026-07-30 09:52:12,787 [INFO] TC_ID-778 - PreCondition: PC_ID-024  Testcase:ECU_Supplier_Code_F1_A1_Read(Defaultsession): SID=0x22, Sub=0xF1A1, Expected=[7, 98, 241, 161, 83, 49, 49, 48]
2026-07-30 09:52:12,873 [INFO] TC_ID-778 - PreCondition: PC_ID-024  Testcase:ECU_Supplier_Code_F1_A1_Read(Defaultsession): Sending request 22F1A1
2026-07-30 09:52:12,874 [INFO] TC_ID-778 - PreCondition: PC_ID-024  Testcase:ECU_Supplier_Code_F1_A1_Read(Defaultsession): Sending request 22F1A1
2026-07-30 09:52:12,874 [DEBUG] Sending 3 bytes : [22f1a1]
2026-07-30 09:52:12,875 [DEBUG] Enqueuing a SendRequest for 3 bytes and TAT=Physical
2026-07-30 09:52:12,876 [DEBUG] Tx: <706> (08) [ ]	 0322f1a100000000
2026-07-30 09:52:12,877 [DEBUG] We've been asked to write a message to the bus
2026-07-30 09:52:12,878 [DEBUG] sending: Timestamp:        0.000000    ID:      706    S Rx     F BS       DL:  8    03 22 f1 a1 00 00 00 00
2026-07-30 09:52:12,904 [DEBUG] Rx: <70E> (08) [p]	 0762f1a153313130
2026-07-30 09:52:12,954 [INFO] TC_ID-778 - Received: 62F1A153313130
2026-07-30 09:52:12,955 [WARNING] TC_ID-778 - PreCondition: PC_ID-024  Testcase:ECU_Supplier_Code_F1_A1_Read(Defaultsession) -> ❌ FAIL - Expected 0762F1A153313130
2026-07-30 09:52:12,956 [DEBUG] Stopping CanStack
2026-07-30 09:52:12,957 [DEBUG] Main thread is exiting
2026-07-30 09:52:13,005 [DEBUG] CanStack Stopped
2026-07-30 09:52:13,006 [INFO] Connection closed
2026-07-30 09:52:13,007 [INFO] Running Test Case: TC_ID-779
2026-07-30 09:52:13,007 [DEBUG] Starting CanStack
2026-07-30 09:52:13,009 [DEBUG] Main thread has started
2026-07-30 09:52:13,011 [DEBUG] Relay thread has started
2026-07-30 09:52:13,015 [INFO] Connection opened
2026-07-30 09:52:13,017 [INFO] Switched to physical mode for TC: TC_ID-779 Step: PreCondition: PC_ID-024  Testcase:ECU_Software_UNIT_number_F1_B0_Read(Defaultsession)
2026-07-30 09:52:13,017 [INFO] TC_ID-779 - PreCondition: PC_ID-024  Testcase:ECU_Software_UNIT_number_F1_B0_Read(Defaultsession): SID=0x22, Sub=0xF1B0, Expected=[4, 98, 241, 176, 1, 170, 170, 170]
2026-07-30 09:52:13,105 [INFO] TC_ID-779 - PreCondition: PC_ID-024  Testcase:ECU_Software_UNIT_number_F1_B0_Read(Defaultsession): Sending request 22F1B0
2026-07-30 09:52:13,106 [INFO] TC_ID-779 - PreCondition: PC_ID-024  Testcase:ECU_Software_UNIT_number_F1_B0_Read(Defaultsession): Sending request 22F1B0
2026-07-30 09:52:13,107 [DEBUG] Sending 3 bytes : [22f1b0]
2026-07-30 09:52:13,108 [DEBUG] Enqueuing a SendRequest for 3 bytes and TAT=Physical
2026-07-30 09:52:13,110 [DEBUG] Tx: <706> (08) [ ]	 0322f1b000000000
2026-07-30 09:52:13,113 [DEBUG] We've been asked to write a message to the bus
2026-07-30 09:52:13,115 [DEBUG] sending: Timestamp:        0.000000    ID:      706    S Rx     F BS       DL:  8    03 22 f1 b0 00 00 00 00
2026-07-30 09:52:13,134 [DEBUG] Rx: <70E> (08) [p]	 0462f1b001aaaaaa
2026-07-30 09:52:13,183 [INFO] TC_ID-779 - Received: 62F1B001
2026-07-30 09:52:13,184 [WARNING] TC_ID-779 - PreCondition: PC_ID-024  Testcase:ECU_Software_UNIT_number_F1_B0_Read(Defaultsession) -> ❌ FAIL - Expected 0462F1B001AAAAAA
2026-07-30 09:52:13,185 [DEBUG] Stopping CanStack
2026-07-30 09:52:13,187 [DEBUG] Main thread is exiting
2026-07-30 09:52:13,235 [DEBUG] CanStack Stopped
2026-07-30 09:52:13,236 [INFO] Connection closed
2026-07-30 09:52:13,237 [INFO] Running Test Case: TC_ID-780
2026-07-30 09:52:13,238 [DEBUG] Starting CanStack
2026-07-30 09:52:13,239 [DEBUG] Main thread has started
2026-07-30 09:52:13,241 [DEBUG] Relay thread has started
2026-07-30 09:52:13,244 [INFO] Connection opened
2026-07-30 09:52:13,247 [INFO] Switched to physical mode for TC: TC_ID-780 Step: PreCondition: PC_ID-024  Testcase:ECU_Software_UNIT1_Version_F1_B1_Read(Defaultsession)
2026-07-30 09:52:13,247 [INFO] TC_ID-780 - PreCondition: PC_ID-024  Testcase:ECU_Software_UNIT1_Version_F1_B1_Read(Defaultsession): SID=0x22, Sub=0xF1B1, Expected=[16, 8, 98, 241, 177, 50, 53, 65, 49, 48, 170, 170, 170, 170, 170, 170]
2026-07-30 09:52:13,336 [INFO] TC_ID-780 - PreCondition: PC_ID-024  Testcase:ECU_Software_UNIT1_Version_F1_B1_Read(Defaultsession): Sending request 22F1B1
2026-07-30 09:52:13,337 [INFO] TC_ID-780 - PreCondition: PC_ID-024  Testcase:ECU_Software_UNIT1_Version_F1_B1_Read(Defaultsession): Sending request 22F1B1
2026-07-30 09:52:13,338 [DEBUG] Sending 3 bytes : [22f1b1]
2026-07-30 09:52:13,339 [DEBUG] Enqueuing a SendRequest for 3 bytes and TAT=Physical
2026-07-30 09:52:13,341 [DEBUG] Tx: <706> (08) [ ]	 0322f1b100000000
2026-07-30 09:52:13,344 [DEBUG] We've been asked to write a message to the bus
2026-07-30 09:52:13,346 [DEBUG] sending: Timestamp:        0.000000    ID:      706    S Rx     F BS       DL:  8    03 22 f1 b1 00 00 00 00
2026-07-30 09:52:13,373 [DEBUG] We've been asked to write a message to the bus
2026-07-30 09:52:13,375 [DEBUG] sending: Timestamp:        0.000000    ID:      706    S Rx     F BS       DL:  8    30 08 0a 00 00 00 00 00
2026-07-30 09:52:13,376 [DEBUG] Rx: <70E> (08) [p]	 100862f1b1323541
2026-07-30 09:52:13,377 [DEBUG] Tx: <706> (08) [ ]	 30080a0000000000
2026-07-30 09:52:13,379 [DEBUG] We've been asked to write a message to the bus
2026-07-30 09:52:13,379 [DEBUG] sending: Timestamp:        0.000000    ID:      706    S Rx     F BS       DL:  8    30 08 0a 00 00 00 00 00
2026-07-30 09:52:13,380 [DEBUG] TxState=IDLE - RxState=WAIT_CF
2026-07-30 09:52:13,383 [DEBUG] Rx: <70E> (08) [p]	 213130aaaaaaaaaa
2026-07-30 09:52:13,433 [INFO] TC_ID-780 - Received: 62F1B13235413130
2026-07-30 09:52:13,434 [WARNING] TC_ID-780 - PreCondition: PC_ID-024  Testcase:ECU_Software_UNIT1_Version_F1_B1_Read(Defaultsession) -> ❌ FAIL - Expected 100862F1B13235413130AAAAAAAAAAAA
2026-07-30 09:52:13,435 [DEBUG] TxState=IDLE - RxState=IDLE
2026-07-30 09:52:13,435 [DEBUG] Stopping CanStack
2026-07-30 09:52:13,437 [DEBUG] Main thread is exiting
2026-07-30 09:52:13,484 [DEBUG] CanStack Stopped
2026-07-30 09:52:13,485 [INFO] Connection closed
2026-07-30 09:52:13,486 [INFO] Running Test Case: TC_ID-781
2026-07-30 09:52:13,486 [DEBUG] Starting CanStack
2026-07-30 09:52:13,487 [DEBUG] Main thread has started
2026-07-30 09:52:13,488 [DEBUG] Relay thread has started
2026-07-30 09:52:13,490 [INFO] Connection opened
2026-07-30 09:52:13,490 [INFO] Switched to physical mode for TC: TC_ID-781 Step: PreCondition: PC_ID-024  Testcase:Verify incorrect msg length NRC for ECU S/W Unit 1 version information (22 F1 B1 04)
2026-07-30 09:52:13,491 [INFO] TC_ID-781 - PreCondition: PC_ID-024  Testcase:Verify incorrect msg length NRC for ECU S/W Unit 1 version information (22 F1 B1 04): SID=0x22, Sub=0xF1B104, Expected=[3, 127, 34, 19, 170, 170, 170, 170]
2026-07-30 09:52:13,592 [INFO] TC_ID-781 - PreCondition: PC_ID-024  Testcase:Verify incorrect msg length NRC for ECU S/W Unit 1 version information (22 F1 B1 04): Sending request 22F1B104
2026-07-30 09:52:13,593 [INFO] TC_ID-781 - PreCondition: PC_ID-024  Testcase:Verify incorrect msg length NRC for ECU S/W Unit 1 version information (22 F1 B1 04): Sending request 22F1B104
2026-07-30 09:52:13,594 [DEBUG] Sending 4 bytes : [22f1b104]
2026-07-30 09:52:13,595 [DEBUG] Enqueuing a SendRequest for 4 bytes and TAT=Physical
2026-07-30 09:52:13,597 [DEBUG] Tx: <706> (08) [ ]	 0422f1b104000000
2026-07-30 09:52:13,599 [DEBUG] We've been asked to write a message to the bus
2026-07-30 09:52:13,601 [DEBUG] sending: Timestamp:        0.000000    ID:      706    S Rx     F BS       DL:  8    04 22 f1 b1 04 00 00 00
2026-07-30 09:52:13,625 [DEBUG] Rx: <70E> (08) [p]	 037f2213aaaaaaaa
2026-07-30 09:52:13,673 [INFO] TC_ID-781 - Received: 7F2213
2026-07-30 09:52:13,674 [WARNING] TC_ID-781 - PreCondition: PC_ID-024  Testcase:Verify incorrect msg length NRC for ECU S/W Unit 1 version information (22 F1 B1 04) -> ❌ FAIL - Expected 037F2213AAAAAAAA
2026-07-30 09:52:13,675 [DEBUG] Stopping CanStack
2026-07-30 09:52:13,676 [DEBUG] Main thread is exiting
2026-07-30 09:52:13,726 [DEBUG] CanStack Stopped
2026-07-30 09:52:13,727 [INFO] Connection closed
2026-07-30 09:52:13,727 [INFO] Running Test Case: TC_ID-782
2026-07-30 09:52:13,728 [DEBUG] Starting CanStack
2026-07-30 09:52:13,729 [DEBUG] Main thread has started
2026-07-30 09:52:13,730 [DEBUG] Relay thread has started
2026-07-30 09:52:13,731 [INFO] Connection opened
2026-07-30 09:52:13,732 [INFO] Switched to physical mode for TC: TC_ID-782 Step: PreCondition: PC_ID-024  Testcase:SystemNameOrEngineTypeDataIdentifier_Read(Defaultsession)
2026-07-30 09:52:13,733 [INFO] TC_ID-782 - PreCondition: PC_ID-024  Testcase:SystemNameOrEngineTypeDataIdentifier_Read(Defaultsession): SID=0x22, Sub=0xF197, Expected=[16, 14, 98, 241, 151, 83, 72, 86, 85, 95, 70, 82, 32, 32, 32, 32, 170]
2026-07-30 09:52:13,831 [INFO] TC_ID-782 - PreCondition: PC_ID-024  Testcase:SystemNameOrEngineTypeDataIdentifier_Read(Defaultsession): Sending request 22F197
2026-07-30 09:52:13,832 [INFO] TC_ID-782 - PreCondition: PC_ID-024  Testcase:SystemNameOrEngineTypeDataIdentifier_Read(Defaultsession): Sending request 22F197
2026-07-30 09:52:13,833 [DEBUG] Sending 3 bytes : [22f197]
2026-07-30 09:52:13,834 [DEBUG] Enqueuing a SendRequest for 3 bytes and TAT=Physical
2026-07-30 09:52:13,837 [DEBUG] Tx: <706> (08) [ ]	 0322f19700000000
2026-07-30 09:52:13,839 [DEBUG] We've been asked to write a message to the bus
2026-07-30 09:52:13,841 [DEBUG] sending: Timestamp:        0.000000    ID:      706    S Rx     F BS       DL:  8    03 22 f1 97 00 00 00 00
2026-07-30 09:52:13,863 [DEBUG] We've been asked to write a message to the bus
2026-07-30 09:52:13,865 [DEBUG] Rx: <70E> (08) [p]	 100e62f197534856
2026-07-30 09:52:13,866 [DEBUG] sending: Timestamp:        0.000000    ID:      706    S Rx     F BS       DL:  8    30 08 0a 00 00 00 00 00
2026-07-30 09:52:13,867 [DEBUG] Tx: <706> (08) [ ]	 30080a0000000000
2026-07-30 09:52:13,868 [DEBUG] We've been asked to write a message to the bus
2026-07-30 09:52:13,869 [DEBUG] sending: Timestamp:        0.000000    ID:      706    S Rx     F BS       DL:  8    30 08 0a 00 00 00 00 00
2026-07-30 09:52:13,871 [DEBUG] TxState=IDLE - RxState=WAIT_CF
2026-07-30 09:52:13,873 [DEBUG] Rx: <70E> (08) [p]	 21555f4652202020
2026-07-30 09:52:13,891 [DEBUG] Rx: <70E> (08) [p]	 2220aaaaaaaaaaaa
2026-07-30 09:52:13,942 [INFO] TC_ID-782 - Received: 62F197534856555F465220202020
2026-07-30 09:52:13,943 [DEBUG] TxState=IDLE - RxState=IDLE
2026-07-30 09:52:13,944 [WARNING] TC_ID-782 - PreCondition: PC_ID-024  Testcase:SystemNameOrEngineTypeDataIdentifier_Read(Defaultsession) -> ❌ FAIL - Expected 100E62F197534856555F465220202020AA
2026-07-30 09:52:13,945 [DEBUG] Stopping CanStack
2026-07-30 09:52:13,946 [DEBUG] Main thread is exiting
2026-07-30 09:52:13,990 [DEBUG] CanStack Stopped
2026-07-30 09:52:13,991 [INFO] Connection closed
2026-07-30 09:52:13,992 [INFO] Running Test Case: TC_ID-783
2026-07-30 09:52:13,992 [DEBUG] Starting CanStack
2026-07-30 09:52:13,993 [DEBUG] Main thread has started
2026-07-30 09:52:13,994 [DEBUG] Relay thread has started
2026-07-30 09:52:13,995 [INFO] Connection opened
2026-07-30 09:52:13,996 [INFO] Switched to physical mode for TC: TC_ID-783 Step: PreCondition: PC_ID-024  Testcase:Verify incorrect msg length NRC for system name information (22 F1 97 03)
2026-07-30 09:52:13,996 [INFO] TC_ID-783 - PreCondition: PC_ID-024  Testcase:Verify incorrect msg length NRC for system name information (22 F1 97 03): SID=0x22, Sub=0xF19703, Expected=[3, 127, 34, 19, 170, 170, 170, 170]
2026-07-30 09:52:14,093 [INFO] TC_ID-783 - PreCondition: PC_ID-024  Testcase:Verify incorrect msg length NRC for system name information (22 F1 97 03): Sending request 22F19703
2026-07-30 09:52:14,094 [INFO] TC_ID-783 - PreCondition: PC_ID-024  Testcase:Verify incorrect msg length NRC for system name information (22 F1 97 03): Sending request 22F19703
2026-07-30 09:52:14,095 [DEBUG] Sending 4 bytes : [22f19703]
2026-07-30 09:52:14,096 [DEBUG] Enqueuing a SendRequest for 4 bytes and TAT=Physical
2026-07-30 09:52:14,098 [DEBUG] Tx: <706> (08) [ ]	 0422f19703000000
2026-07-30 09:52:14,101 [DEBUG] We've been asked to write a message to the bus
2026-07-30 09:52:14,103 [DEBUG] sending: Timestamp:        0.000000    ID:      706    S Rx     F BS       DL:  8    04 22 f1 97 03 00 00 00
2026-07-30 09:52:14,125 [DEBUG] Rx: <70E> (08) [p]	 037f2213aaaaaaaa
2026-07-30 09:52:14,173 [INFO] TC_ID-783 - Received: 7F2213
2026-07-30 09:52:14,174 [WARNING] TC_ID-783 - PreCondition: PC_ID-024  Testcase:Verify incorrect msg length NRC for system name information (22 F1 97 03) -> ❌ FAIL - Expected 037F2213AAAAAAAA
2026-07-30 09:52:14,175 [DEBUG] Stopping CanStack
2026-07-30 09:52:14,176 [DEBUG] Main thread is exiting
2026-07-30 09:52:14,225 [DEBUG] CanStack Stopped
2026-07-30 09:52:14,226 [INFO] Connection closed
2026-07-30 09:52:14,227 [INFO] Running Test Case: TC_ID-784
2026-07-30 09:52:14,227 [DEBUG] Starting CanStack
2026-07-30 09:52:14,229 [DEBUG] Main thread has started
2026-07-30 09:52:14,230 [DEBUG] Relay thread has started
2026-07-30 09:52:14,232 [INFO] Connection opened
2026-07-30 09:52:14,235 [INFO] Switched to physical mode for TC: TC_ID-784 Step: PreCondition: PC_ID-024  Testcase:ECU S/W Unit 1 IVD Response_Read (Extended Session )
2026-07-30 09:52:14,237 [INFO] TC_ID-784 - PreCondition: PC_ID-024  Testcase:ECU S/W Unit 1 IVD Response_Read (Extended Session ): SID=0x22, Sub=0xF1C1, Expected=[16, 35, 98, 241, 193, 89, 132, 149, 115, 208, 147, 255, 45, 174, 165, 181, 19, 158, 8, 114, 225, 168, 238, 34, 156, 199, 240, 147, 54, 118, 206, 209, 76, 62, 181, 253, 217, 170, 170, 170, 170, 170, 170]
2026-07-30 09:52:14,324 [INFO] TC_ID-784 - PreCondition: PC_ID-024  Testcase:ECU S/W Unit 1 IVD Response_Read (Extended Session ): Sending request 22F1C1
2026-07-30 09:52:14,325 [INFO] TC_ID-784 - PreCondition: PC_ID-024  Testcase:ECU S/W Unit 1 IVD Response_Read (Extended Session ): Sending request 22F1C1
2026-07-30 09:52:14,326 [DEBUG] Sending 3 bytes : [22f1c1]
2026-07-30 09:52:14,327 [DEBUG] Enqueuing a SendRequest for 3 bytes and TAT=Physical
2026-07-30 09:52:14,329 [DEBUG] Tx: <706> (08) [ ]	 0322f1c100000000
2026-07-30 09:52:14,332 [DEBUG] We've been asked to write a message to the bus
2026-07-30 09:52:14,334 [DEBUG] sending: Timestamp:        0.000000    ID:      706    S Rx     F BS       DL:  8    03 22 f1 c1 00 00 00 00
2026-07-30 09:52:14,354 [INFO] TC_ID-784 PreCondition: PC_ID-024  Testcase:ECU S/W Unit 1 IVD Response_Read (Extended Session ) -> Response shorter than expected (3/35). Waiting for remaining payload.
2026-07-30 09:52:14,356 [DEBUG] Rx: <70E> (08) [p]	 037f2222aaaaaaaa
2026-07-30 09:52:14,357 [DEBUG] Received 3 bytes : [7f2222]
2026-07-30 09:52:19,358 [DEBUG] No data received: [TimeoutException] - Did not receive IsoTP frame from the Transport layer in time (timeout=5.0 sec) 
2026-07-30 09:52:19,359 [WARNING] TC_ID-784 PreCondition: PC_ID-024  Testcase:ECU S/W Unit 1 IVD Response_Read (Extended Session ) -> Timed out while extending response (6/35)
2026-07-30 09:52:19,410 [INFO] TC_ID-784 - Received: 7F22227F2222
2026-07-30 09:52:19,411 [WARNING] TC_ID-784 - PreCondition: PC_ID-024  Testcase:ECU S/W Unit 1 IVD Response_Read (Extended Session ) -> ❌ FAIL - Expected 102362F1C159849573D093FF2DAEA5B5139E0872E1A8EE229CC7F0933676CED14C3EB5FDD9AAAAAAAAAAAA
2026-07-30 09:52:19,412 [DEBUG] Stopping CanStack
2026-07-30 09:52:19,413 [DEBUG] Main thread is exiting
2026-07-30 09:52:19,422 [DEBUG] CanStack Stopped
2026-07-30 09:52:19,425 [INFO] Connection closed
2026-07-30 09:52:19,425 [INFO] Running Test Case: TC_ID-785
2026-07-30 09:52:19,426 [DEBUG] Starting CanStack
2026-07-30 09:52:19,427 [DEBUG] Main thread has started
2026-07-30 09:52:19,429 [DEBUG] Relay thread has started
2026-07-30 09:52:19,430 [INFO] Connection opened
2026-07-30 09:52:19,431 [INFO] Switched to physical mode for TC: TC_ID-785 Step: PreCondition: PC_ID-024  Testcase:Verify subfunction not correct NRC for alterated ECU S/W Unit 1 IVD Response (22 F1 C2)
2026-07-30 09:52:19,432 [INFO] TC_ID-785 - PreCondition: PC_ID-024  Testcase:Verify subfunction not correct NRC for alterated ECU S/W Unit 1 IVD Response (22 F1 C2): SID=0x22, Sub=0xF1C2, Expected=[3, 127, 34, 49, 170, 170, 170, 170]
2026-07-30 09:52:19,532 [INFO] TC_ID-785 - PreCondition: PC_ID-024  Testcase:Verify subfunction not correct NRC for alterated ECU S/W Unit 1 IVD Response (22 F1 C2): Sending request 22F1C2
2026-07-30 09:52:19,533 [INFO] TC_ID-785 - PreCondition: PC_ID-024  Testcase:Verify subfunction not correct NRC for alterated ECU S/W Unit 1 IVD Response (22 F1 C2): Sending request 22F1C2
2026-07-30 09:52:19,534 [DEBUG] Sending 3 bytes : [22f1c2]
2026-07-30 09:52:19,535 [DEBUG] Enqueuing a SendRequest for 3 bytes and TAT=Physical
2026-07-30 09:52:19,537 [DEBUG] Tx: <706> (08) [ ]	 0322f1c200000000
2026-07-30 09:52:19,539 [DEBUG] We've been asked to write a message to the bus
2026-07-30 09:52:19,541 [DEBUG] sending: Timestamp:        0.000000    ID:      706    S Rx     F BS       DL:  8    03 22 f1 c2 00 00 00 00
2026-07-30 09:52:19,564 [DEBUG] Rx: <70E> (08) [p]	 037f2231aaaaaaaa
2026-07-30 09:52:19,613 [INFO] TC_ID-785 - Received: 7F2231
2026-07-30 09:52:19,614 [WARNING] TC_ID-785 - PreCondition: PC_ID-024  Testcase:Verify subfunction not correct NRC for alterated ECU S/W Unit 1 IVD Response (22 F1 C2) -> ❌ FAIL - Expected 037F2231AAAAAAAA
2026-07-30 09:52:19,615 [DEBUG] Stopping CanStack
2026-07-30 09:52:19,616 [DEBUG] Main thread is exiting
2026-07-30 09:52:19,665 [DEBUG] CanStack Stopped
2026-07-30 09:52:19,666 [INFO] Connection closed
2026-07-30 09:52:19,667 [INFO] Running Test Case: TC_ID-786
2026-07-30 09:52:19,667 [DEBUG] Starting CanStack
2026-07-30 09:52:19,669 [DEBUG] Main thread has started
2026-07-30 09:52:19,671 [DEBUG] Relay thread has started
2026-07-30 09:52:19,674 [INFO] Connection opened
2026-07-30 09:52:19,676 [INFO] Switched to physical mode for TC: TC_ID-786 Step: PreCondition: PC_ID-024  Testcase:Type Option read information_Read(Default session)
2026-07-30 09:52:19,677 [INFO] TC_ID-786 - PreCondition: PC_ID-024  Testcase:Type Option read information_Read(Default session): SID=0x22, Sub=0xC100, Expected=[16, 11, 98, 193, 0, 238, 248, 0, 0, 54, 54, 0, 32, 170, 170, 170]
2026-07-30 09:52:19,766 [INFO] TC_ID-786 - PreCondition: PC_ID-024  Testcase:Type Option read information_Read(Default session): Sending request 22C100
2026-07-30 09:52:19,767 [INFO] TC_ID-786 - PreCondition: PC_ID-024  Testcase:Type Option read information_Read(Default session): Sending request 22C100
2026-07-30 09:52:19,768 [DEBUG] Sending 3 bytes : [22c100]
2026-07-30 09:52:19,769 [DEBUG] Enqueuing a SendRequest for 3 bytes and TAT=Physical
2026-07-30 09:52:19,771 [DEBUG] Tx: <706> (08) [ ]	 0322c10000000000
2026-07-30 09:52:19,774 [DEBUG] We've been asked to write a message to the bus
2026-07-30 09:52:19,776 [DEBUG] sending: Timestamp:        0.000000    ID:      706    S Rx     F BS       DL:  8    03 22 c1 00 00 00 00 00
2026-07-30 09:52:19,803 [DEBUG] We've been asked to write a message to the bus
2026-07-30 09:52:19,804 [DEBUG] Rx: <70E> (08) [p]	 100b62c100eef800
2026-07-30 09:52:19,805 [DEBUG] sending: Timestamp:        0.000000    ID:      706    S Rx     F BS       DL:  8    30 08 0a 00 00 00 00 00
2026-07-30 09:52:19,806 [DEBUG] Tx: <706> (08) [ ]	 30080a0000000000
2026-07-30 09:52:19,807 [DEBUG] We've been asked to write a message to the bus
2026-07-30 09:52:19,808 [DEBUG] sending: Timestamp:        0.000000    ID:      706    S Rx     F BS       DL:  8    30 08 0a 00 00 00 00 00
2026-07-30 09:52:19,810 [DEBUG] TxState=IDLE - RxState=WAIT_CF
2026-07-30 09:52:19,813 [DEBUG] Rx: <70E> (08) [p]	 210036360020aaaa
2026-07-30 09:52:19,864 [INFO] TC_ID-786 - Received: 62C100EEF8000036360020
2026-07-30 09:52:19,865 [DEBUG] TxState=IDLE - RxState=IDLE
2026-07-30 09:52:19,866 [WARNING] TC_ID-786 - PreCondition: PC_ID-024  Testcase:Type Option read information_Read(Default session) -> ❌ FAIL - Expected 100B62C100EEF8000036360020AAAAAA
2026-07-30 09:52:19,867 [DEBUG] Stopping CanStack
2026-07-30 09:52:19,868 [DEBUG] Main thread is exiting
2026-07-30 09:52:19,914 [DEBUG] CanStack Stopped
2026-07-30 09:52:19,914 [INFO] Connection closed
2026-07-30 09:52:19,915 [INFO] Running Test Case: TC_ID-787
2026-07-30 09:52:19,916 [DEBUG] Starting CanStack
2026-07-30 09:52:19,917 [DEBUG] Main thread has started
2026-07-30 09:52:19,918 [DEBUG] Relay thread has started
2026-07-30 09:52:19,919 [INFO] Connection opened
2026-07-30 09:52:19,919 [INFO] Switched to physical mode for TC: TC_ID-787 Step: PreCondition: PC_ID-024  Testcase:Verify incorrect msg length NRC for Type Option read information (22 C1 00 01)
2026-07-30 09:52:19,920 [INFO] TC_ID-787 - PreCondition: PC_ID-024  Testcase:Verify incorrect msg length NRC for Type Option read information (22 C1 00 01): SID=0x22, Sub=0xC10001, Expected=[3, 127, 34, 19, 170, 170, 170, 170]
2026-07-30 09:52:20,019 [INFO] TC_ID-787 - PreCondition: PC_ID-024  Testcase:Verify incorrect msg length NRC for Type Option read information (22 C1 00 01): Sending request 22C10001
2026-07-30 09:52:20,020 [INFO] TC_ID-787 - PreCondition: PC_ID-024  Testcase:Verify incorrect msg length NRC for Type Option read information (22 C1 00 01): Sending request 22C10001
2026-07-30 09:52:20,021 [DEBUG] Sending 4 bytes : [22c10001]
2026-07-30 09:52:20,022 [DEBUG] Enqueuing a SendRequest for 4 bytes and TAT=Physical
2026-07-30 09:52:20,024 [DEBUG] Tx: <706> (08) [ ]	 0422c10001000000
2026-07-30 09:52:20,027 [DEBUG] We've been asked to write a message to the bus
2026-07-30 09:52:20,029 [DEBUG] sending: Timestamp:        0.000000    ID:      706    S Rx     F BS       DL:  8    04 22 c1 00 01 00 00 00
2026-07-30 09:52:20,054 [DEBUG] Rx: <70E> (08) [p]	 037f2213aaaaaaaa
2026-07-30 09:52:20,104 [INFO] TC_ID-787 - Received: 7F2213
2026-07-30 09:52:20,105 [WARNING] TC_ID-787 - PreCondition: PC_ID-024  Testcase:Verify incorrect msg length NRC for Type Option read information (22 C1 00 01) -> ❌ FAIL - Expected 037F2213AAAAAAAA
2026-07-30 09:52:20,106 [DEBUG] Stopping CanStack
2026-07-30 09:52:20,107 [DEBUG] Main thread is exiting
2026-07-30 09:52:20,155 [DEBUG] CanStack Stopped
2026-07-30 09:52:20,156 [INFO] Connection closed
2026-07-30 09:52:20,156 [INFO] Running Test Case: TC_ID-788
2026-07-30 09:52:20,157 [DEBUG] Starting CanStack
2026-07-30 09:52:20,158 [DEBUG] Main thread has started
2026-07-30 09:52:20,160 [DEBUG] Relay thread has started
2026-07-30 09:52:20,162 [INFO] Connection opened
2026-07-30 09:52:20,164 [INFO] Switched to physical mode for TC: TC_ID-788 Step: PreCondition: PC_ID-024  Testcase:Output read information_Read(Extended session)
2026-07-30 09:52:20,167 [INFO] TC_ID-788 - PreCondition: PC_ID-024  Testcase:Output read information_Read(Extended session): SID=0x22, Sub=0xC101, Expected=[16, 11, 98, 193, 1, 0, 0, 0, 0, 0, 0, 0, 0, 170, 170, 170]
2026-07-30 09:52:20,255 [INFO] TC_ID-788 - PreCondition: PC_ID-024  Testcase:Output read information_Read(Extended session): Sending request 22C101
2026-07-30 09:52:20,256 [INFO] TC_ID-788 - PreCondition: PC_ID-024  Testcase:Output read information_Read(Extended session): Sending request 22C101
2026-07-30 09:52:20,257 [DEBUG] Sending 3 bytes : [22c101]
2026-07-30 09:52:20,258 [DEBUG] Enqueuing a SendRequest for 3 bytes and TAT=Physical
2026-07-30 09:52:20,260 [DEBUG] Tx: <706> (08) [ ]	 0322c10100000000
2026-07-30 09:52:20,263 [DEBUG] We've been asked to write a message to the bus
2026-07-30 09:52:20,264 [DEBUG] sending: Timestamp:        0.000000    ID:      706    S Rx     F BS       DL:  8    03 22 c1 01 00 00 00 00
2026-07-30 09:52:20,283 [DEBUG] We've been asked to write a message to the bus
2026-07-30 09:52:20,286 [DEBUG] Rx: <70E> (08) [p]	 100b62c101040000
2026-07-30 09:52:20,287 [DEBUG] sending: Timestamp:        0.000000    ID:      706    S Rx     F BS       DL:  8    30 08 0a 00 00 00 00 00
2026-07-30 09:52:20,288 [DEBUG] Tx: <706> (08) [ ]	 30080a0000000000
2026-07-30 09:52:20,290 [DEBUG] We've been asked to write a message to the bus
2026-07-30 09:52:20,292 [DEBUG] sending: Timestamp:        0.000000    ID:      706    S Rx     F BS       DL:  8    30 08 0a 00 00 00 00 00
2026-07-30 09:52:20,299 [DEBUG] TxState=IDLE - RxState=WAIT_CF
2026-07-30 09:52:20,301 [DEBUG] Rx: <70E> (08) [p]	 210000000000aaaa
2026-07-30 09:52:20,348 [INFO] TC_ID-788 - Received: 62C1010400000000000000
2026-07-30 09:52:20,349 [WARNING] TC_ID-788 - PreCondition: PC_ID-024  Testcase:Output read information_Read(Extended session) -> ❌ FAIL - Expected 100B62C1010000000000000000AAAAAA
2026-07-30 09:52:20,350 [DEBUG] Stopping CanStack
2026-07-30 09:52:20,350 [DEBUG] TxState=IDLE - RxState=IDLE
2026-07-30 09:52:20,351 [DEBUG] Main thread is exiting
2026-07-30 09:52:20,395 [DEBUG] CanStack Stopped
2026-07-30 09:52:20,396 [INFO] Connection closed
2026-07-30 09:52:20,397 [INFO] Running Test Case: TC_ID-789
2026-07-30 09:52:20,397 [DEBUG] Starting CanStack
2026-07-30 09:52:20,399 [DEBUG] Main thread has started
2026-07-30 09:52:20,401 [DEBUG] Relay thread has started
2026-07-30 09:52:20,406 [INFO] Connection opened
2026-07-30 09:52:20,407 [INFO] Switched to physical mode for TC: TC_ID-789 Step: PreCondition: PC_ID-024  Testcase:Verify incorrect msg length NRC for Output read information (22 C1 01 01)
2026-07-30 09:52:20,407 [INFO] TC_ID-789 - PreCondition: PC_ID-024  Testcase:Verify incorrect msg length NRC for Output read information (22 C1 01 01): SID=0x22, Sub=0xC10101, Expected=[3, 127, 34, 19, 170, 170, 170, 170]
2026-07-30 09:52:20,502 [INFO] TC_ID-789 - PreCondition: PC_ID-024  Testcase:Verify incorrect msg length NRC for Output read information (22 C1 01 01): Sending request 22C10101
2026-07-30 09:52:20,503 [INFO] TC_ID-789 - PreCondition: PC_ID-024  Testcase:Verify incorrect msg length NRC for Output read information (22 C1 01 01): Sending request 22C10101
2026-07-30 09:52:20,504 [DEBUG] Sending 4 bytes : [22c10101]
2026-07-30 09:52:20,505 [DEBUG] Enqueuing a SendRequest for 4 bytes and TAT=Physical
2026-07-30 09:52:20,507 [DEBUG] Tx: <706> (08) [ ]	 0422c10101000000
2026-07-30 09:52:20,510 [DEBUG] We've been asked to write a message to the bus
2026-07-30 09:52:20,512 [DEBUG] sending: Timestamp:        0.000000    ID:      706    S Rx     F BS       DL:  8    04 22 c1 01 01 00 00 00
2026-07-30 09:52:20,535 [DEBUG] Rx: <70E> (08) [p]	 037f2213aaaaaaaa
2026-07-30 09:52:20,583 [INFO] TC_ID-789 - Received: 7F2213
2026-07-30 09:52:20,584 [WARNING] TC_ID-789 - PreCondition: PC_ID-024  Testcase:Verify incorrect msg length NRC for Output read information (22 C1 01 01) -> ❌ FAIL - Expected 037F2213AAAAAAAA
2026-07-30 09:52:20,585 [DEBUG] Stopping CanStack
2026-07-30 09:52:20,586 [DEBUG] Main thread is exiting
2026-07-30 09:52:20,635 [DEBUG] CanStack Stopped
2026-07-30 09:52:20,636 [INFO] Connection closed
2026-07-30 09:52:20,637 [INFO] Running Test Case: TC_ID-790
2026-07-30 09:52:20,638 [DEBUG] Starting CanStack
2026-07-30 09:52:20,639 [DEBUG] Main thread has started
2026-07-30 09:52:20,641 [DEBUG] Relay thread has started
2026-07-30 09:52:20,645 [INFO] Connection opened
2026-07-30 09:52:20,647 [INFO] Switched to physical mode for TC: TC_ID-790 Step: PreCondition: PC_ID-024  Testcase:Communication read information_Read(Extended session)
2026-07-30 09:52:20,648 [INFO] TC_ID-790 - PreCondition: PC_ID-024  Testcase:Communication read information_Read(Extended session): SID=0x22, Sub=0xC102, Expected=[16, 12, 98, 193, 2, 149, 171, 74, 0, 0, 0, 0, 0, 0, 170, 170]
2026-07-30 09:52:20,738 [INFO] TC_ID-790 - PreCondition: PC_ID-024  Testcase:Communication read information_Read(Extended session): Sending request 22C102
2026-07-30 09:52:20,739 [INFO] TC_ID-790 - PreCondition: PC_ID-024  Testcase:Communication read information_Read(Extended session): Sending request 22C102
2026-07-30 09:52:20,739 [DEBUG] Sending 3 bytes : [22c102]
2026-07-30 09:52:20,741 [DEBUG] Enqueuing a SendRequest for 3 bytes and TAT=Physical
2026-07-30 09:52:20,743 [DEBUG] Tx: <706> (08) [ ]	 0322c10200000000
2026-07-30 09:52:20,745 [DEBUG] We've been asked to write a message to the bus
2026-07-30 09:52:20,747 [DEBUG] sending: Timestamp:        0.000000    ID:      706    S Rx     F BS       DL:  8    03 22 c1 02 00 00 00 00
2026-07-30 09:52:20,773 [DEBUG] We've been asked to write a message to the bus
2026-07-30 09:52:20,774 [DEBUG] sending: Timestamp:        0.000000    ID:      706    S Rx     F BS       DL:  8    30 08 0a 00 00 00 00 00
2026-07-30 09:52:20,775 [DEBUG] Rx: <70E> (08) [p]	 100c62c1026c7a41
2026-07-30 09:52:20,777 [DEBUG] Tx: <706> (08) [ ]	 30080a0000000000
2026-07-30 09:52:20,778 [DEBUG] We've been asked to write a message to the bus
2026-07-30 09:52:20,780 [DEBUG] sending: Timestamp:        0.000000    ID:      706    S Rx     F BS       DL:  8    30 08 0a 00 00 00 00 00
2026-07-30 09:52:20,781 [DEBUG] TxState=IDLE - RxState=WAIT_CF
2026-07-30 09:52:20,783 [DEBUG] Rx: <70E> (08) [p]	 21200000000000aa
2026-07-30 09:52:20,829 [INFO] TC_ID-790 - Received: 62C1026C7A41200000000000
2026-07-30 09:52:20,830 [WARNING] TC_ID-790 - PreCondition: PC_ID-024  Testcase:Communication read information_Read(Extended session) -> ❌ FAIL - Expected 100C62C10295AB4A000000000000AAAA
2026-07-30 09:52:20,831 [DEBUG] Stopping CanStack
2026-07-30 09:52:20,832 [DEBUG] TxState=IDLE - RxState=IDLE
2026-07-30 09:52:20,833 [DEBUG] Main thread is exiting
2026-07-30 09:52:20,879 [DEBUG] CanStack Stopped
2026-07-30 09:52:20,880 [INFO] Connection closed
2026-07-30 09:52:20,881 [INFO] Running Test Case: TC_ID-791
2026-07-30 09:52:20,882 [DEBUG] Starting CanStack
2026-07-30 09:52:20,883 [DEBUG] Main thread has started
2026-07-30 09:52:20,884 [DEBUG] Relay thread has started
2026-07-30 09:52:20,885 [INFO] Connection opened
2026-07-30 09:52:20,885 [INFO] Switched to physical mode for TC: TC_ID-791 Step: PreCondition: PC_ID-024  Testcase:Verify incorrect msg length NRC for Communication read information (22 C1 02 01)
2026-07-30 09:52:20,886 [INFO] TC_ID-791 - PreCondition: PC_ID-024  Testcase:Verify incorrect msg length NRC for Communication read information (22 C1 02 01): SID=0x22, Sub=0xC10201, Expected=[3, 127, 34, 19, 170, 170, 170, 170]
2026-07-30 09:52:20,988 [INFO] TC_ID-791 - PreCondition: PC_ID-024  Testcase:Verify incorrect msg length NRC for Communication read information (22 C1 02 01): Sending request 22C10201
2026-07-30 09:52:20,989 [INFO] TC_ID-791 - PreCondition: PC_ID-024  Testcase:Verify incorrect msg length NRC for Communication read information (22 C1 02 01): Sending request 22C10201
2026-07-30 09:52:20,990 [DEBUG] Sending 4 bytes : [22c10201]
2026-07-30 09:52:20,991 [DEBUG] Enqueuing a SendRequest for 4 bytes and TAT=Physical
2026-07-30 09:52:20,994 [DEBUG] Tx: <706> (08) [ ]	 0422c10201000000
2026-07-30 09:52:20,996 [DEBUG] We've been asked to write a message to the bus
2026-07-30 09:52:20,998 [DEBUG] sending: Timestamp:        0.000000    ID:      706    S Rx     F BS       DL:  8    04 22 c1 02 01 00 00 00
2026-07-30 09:52:21,024 [DEBUG] Rx: <70E> (08) [p]	 037f2213aaaaaaaa
2026-07-30 09:52:21,074 [INFO] TC_ID-791 - Received: 7F2213
2026-07-30 09:52:21,075 [WARNING] TC_ID-791 - PreCondition: PC_ID-024  Testcase:Verify incorrect msg length NRC for Communication read information (22 C1 02 01) -> ❌ FAIL - Expected 037F2213AAAAAAAA
2026-07-30 09:52:21,076 [DEBUG] Stopping CanStack
2026-07-30 09:52:21,077 [DEBUG] Main thread is exiting
2026-07-30 09:52:21,124 [DEBUG] CanStack Stopped
2026-07-30 09:52:21,125 [INFO] Connection closed
2026-07-30 09:52:21,125 [INFO] Running Test Case: TC_ID-792
2026-07-30 09:52:21,126 [DEBUG] Starting CanStack
2026-07-30 09:52:21,127 [DEBUG] Main thread has started
2026-07-30 09:52:21,128 [DEBUG] Relay thread has started
2026-07-30 09:52:21,130 [INFO] Connection opened
2026-07-30 09:52:21,131 [INFO] Switched to physical mode for TC: TC_ID-792 Step: PreCondition: PC_ID-024  Testcase:LH seat heat fail detection read  information_Read(Extended session)
2026-07-30 09:52:21,132 [INFO] TC_ID-792 - PreCondition: PC_ID-024  Testcase:LH seat heat fail detection read  information_Read(Extended session): SID=0x22, Sub=0xC103, Expected=[16, 30, 98, 192, 0, 234, 160, 0, 0, 0, 0, 0, 0, 0, 0, 0, 170, 170]
2026-07-30 09:52:21,232 [INFO] TC_ID-792 - PreCondition: PC_ID-024  Testcase:LH seat heat fail detection read  information_Read(Extended session): Sending request 22C103
2026-07-30 09:52:21,232 [INFO] TC_ID-792 - PreCondition: PC_ID-024  Testcase:LH seat heat fail detection read  information_Read(Extended session): Sending request 22C103
2026-07-30 09:52:21,233 [DEBUG] Sending 3 bytes : [22c103]
2026-07-30 09:52:21,235 [DEBUG] Enqueuing a SendRequest for 3 bytes and TAT=Physical
2026-07-30 09:52:21,237 [DEBUG] Tx: <706> (08) [ ]	 0322c10300000000
2026-07-30 09:52:21,239 [DEBUG] We've been asked to write a message to the bus
2026-07-30 09:52:21,241 [DEBUG] sending: Timestamp:        0.000000    ID:      706    S Rx     F BS       DL:  8    03 22 c1 03 00 00 00 00
2026-07-30 09:52:21,264 [DEBUG] We've been asked to write a message to the bus
2026-07-30 09:52:21,266 [DEBUG] sending: Timestamp:        0.000000    ID:      706    S Rx     F BS       DL:  8    30 08 0a 00 00 00 00 00
2026-07-30 09:52:21,267 [DEBUG] Rx: <70E> (08) [p]	 101062c103c000ea
2026-07-30 09:52:21,268 [DEBUG] Tx: <706> (08) [ ]	 30080a0000000000
2026-07-30 09:52:21,269 [DEBUG] We've been asked to write a message to the bus
2026-07-30 09:52:21,270 [DEBUG] sending: Timestamp:        0.000000    ID:      706    S Rx     F BS       DL:  8    30 08 0a 00 00 00 00 00
2026-07-30 09:52:21,271 [DEBUG] TxState=IDLE - RxState=WAIT_CF
2026-07-30 09:52:21,273 [DEBUG] Rx: <70E> (08) [p]	 21a0000000000020
2026-07-30 09:52:21,291 [DEBUG] Rx: <70E> (08) [p]	 22200000aaaaaaaa
2026-07-30 09:52:21,342 [INFO] TC_ID-792 - Received: 62C103C000EAA0000000000020200000
2026-07-30 09:52:21,343 [DEBUG] TxState=IDLE - RxState=IDLE
2026-07-30 09:52:21,344 [WARNING] TC_ID-792 - PreCondition: PC_ID-024  Testcase:LH seat heat fail detection read  information_Read(Extended session) -> ❌ FAIL - Expected 101E62C000EAA0000000000000000000AAAA
2026-07-30 09:52:21,345 [DEBUG] Stopping CanStack
2026-07-30 09:52:21,346 [DEBUG] Main thread is exiting
2026-07-30 09:52:21,390 [DEBUG] CanStack Stopped
2026-07-30 09:52:21,391 [INFO] Connection closed
2026-07-30 09:52:21,392 [INFO] Running Test Case: TC_ID-793
2026-07-30 09:52:21,392 [DEBUG] Starting CanStack
2026-07-30 09:52:21,394 [DEBUG] Main thread has started
2026-07-30 09:52:21,396 [DEBUG] Relay thread has started
2026-07-30 09:52:21,399 [INFO] Connection opened
2026-07-30 09:52:21,401 [INFO] Switched to physical mode for TC: TC_ID-793 Step: PreCondition: PC_ID-024  Testcase:Verify incorrect msg length NRC for LH seat heat fail detection read information (22 C1 03 01)
2026-07-30 09:52:21,402 [INFO] TC_ID-793 - PreCondition: PC_ID-024  Testcase:Verify incorrect msg length NRC for LH seat heat fail detection read information (22 C1 03 01): SID=0x22, Sub=0xC10301, Expected=[3, 127, 34, 19, 170, 170, 170, 170]
2026-07-30 09:52:21,507 [INFO] TC_ID-793 - PreCondition: PC_ID-024  Testcase:Verify incorrect msg length NRC for LH seat heat fail detection read information (22 C1 03 01): Sending request 22C10301
2026-07-30 09:52:21,508 [INFO] TC_ID-793 - PreCondition: PC_ID-024  Testcase:Verify incorrect msg length NRC for LH seat heat fail detection read information (22 C1 03 01): Sending request 22C10301
2026-07-30 09:52:21,509 [DEBUG] Sending 4 bytes : [22c10301]
2026-07-30 09:52:21,510 [DEBUG] Enqueuing a SendRequest for 4 bytes and TAT=Physical
2026-07-30 09:52:21,512 [DEBUG] Tx: <706> (08) [ ]	 0422c10301000000
2026-07-30 09:52:21,514 [DEBUG] We've been asked to write a message to the bus
2026-07-30 09:52:21,516 [DEBUG] sending: Timestamp:        0.000000    ID:      706    S Rx     F BS       DL:  8    04 22 c1 03 01 00 00 00
2026-07-30 09:52:21,543 [DEBUG] Rx: <70E> (08) [p]	 037f2213aaaaaaaa
2026-07-30 09:52:21,594 [INFO] TC_ID-793 - Received: 7F2213
2026-07-30 09:52:21,596 [WARNING] TC_ID-793 - PreCondition: PC_ID-024  Testcase:Verify incorrect msg length NRC for LH seat heat fail detection read information (22 C1 03 01) -> ❌ FAIL - Expected 037F2213AAAAAAAA
2026-07-30 09:52:21,596 [DEBUG] Stopping CanStack
2026-07-30 09:52:21,597 [DEBUG] Main thread is exiting
2026-07-30 09:52:21,644 [DEBUG] CanStack Stopped
2026-07-30 09:52:21,645 [INFO] Connection closed
2026-07-30 09:52:21,646 [INFO] Running Test Case: TC_ID-794
2026-07-30 09:52:21,646 [DEBUG] Starting CanStack
2026-07-30 09:52:21,647 [DEBUG] Main thread has started
2026-07-30 09:52:21,648 [DEBUG] Relay thread has started
2026-07-30 09:52:21,650 [INFO] Connection opened
2026-07-30 09:52:21,650 [INFO] Switched to physical mode for TC: TC_ID-794 Step: PreCondition: PC_ID-024  Testcase:LH seat vent fail detection read   information_Read(Default session)
2026-07-30 09:52:21,651 [INFO] TC_ID-794 - PreCondition: PC_ID-024  Testcase:LH seat vent fail detection read   information_Read(Default session): SID=0x22, Sub=0xC104, Expected=[16, 10, 98, 193, 4, 250, 0, 0, 0, 0, 0, 0, 170, 170, 170, 170]
2026-07-30 09:52:21,750 [INFO] TC_ID-794 - PreCondition: PC_ID-024  Testcase:LH seat vent fail detection read   information_Read(Default session): Sending request 22C104
2026-07-30 09:52:21,751 [INFO] TC_ID-794 - PreCondition: PC_ID-024  Testcase:LH seat vent fail detection read   information_Read(Default session): Sending request 22C104
2026-07-30 09:52:21,751 [DEBUG] Sending 3 bytes : [22c104]
2026-07-30 09:52:21,753 [DEBUG] Enqueuing a SendRequest for 3 bytes and TAT=Physical
2026-07-30 09:52:21,755 [DEBUG] Tx: <706> (08) [ ]	 0322c10400000000
2026-07-30 09:52:21,757 [DEBUG] We've been asked to write a message to the bus
2026-07-30 09:52:21,759 [DEBUG] sending: Timestamp:        0.000000    ID:      706    S Rx     F BS       DL:  8    03 22 c1 04 00 00 00 00
2026-07-30 09:52:21,784 [DEBUG] We've been asked to write a message to the bus
2026-07-30 09:52:21,785 [DEBUG] sending: Timestamp:        0.000000    ID:      706    S Rx     F BS       DL:  8    30 08 0a 00 00 00 00 00
2026-07-30 09:52:21,786 [DEBUG] Rx: <70E> (08) [p]	 100a62c104fa0000
2026-07-30 09:52:21,787 [DEBUG] Tx: <706> (08) [ ]	 30080a0000000000
2026-07-30 09:52:21,789 [DEBUG] We've been asked to write a message to the bus
2026-07-30 09:52:21,789 [DEBUG] sending: Timestamp:        0.000000    ID:      706    S Rx     F BS       DL:  8    30 08 0a 00 00 00 00 00
2026-07-30 09:52:21,790 [DEBUG] TxState=IDLE - RxState=WAIT_CF
2026-07-30 09:52:21,793 [DEBUG] Rx: <70E> (08) [p]	 2100000000aaaaaa
2026-07-30 09:52:21,843 [INFO] TC_ID-794 - Received: 62C104FA000000000000
2026-07-30 09:52:21,844 [WARNING] TC_ID-794 - PreCondition: PC_ID-024  Testcase:LH seat vent fail detection read   information_Read(Default session) -> ❌ FAIL - Expected 100A62C104FA000000000000AAAAAAAA
2026-07-30 09:52:21,845 [DEBUG] TxState=IDLE - RxState=IDLE
2026-07-30 09:52:21,845 [DEBUG] Stopping CanStack
2026-07-30 09:52:21,847 [DEBUG] Main thread is exiting
2026-07-30 09:52:21,894 [DEBUG] CanStack Stopped
2026-07-30 09:52:21,895 [INFO] Connection closed
2026-07-30 09:52:21,896 [INFO] Running Test Case: TC_ID-795
2026-07-30 09:52:21,896 [DEBUG] Starting CanStack
2026-07-30 09:52:21,898 [DEBUG] Main thread has started
2026-07-30 09:52:21,899 [DEBUG] Relay thread has started
2026-07-30 09:52:21,900 [INFO] Connection opened
2026-07-30 09:52:21,902 [INFO] Switched to physical mode for TC: TC_ID-795 Step: PreCondition: PC_ID-024  Testcase:Verify incorrect msg length NRC for LH seat vent fail detection read information (22 C1 04 01)
2026-07-30 09:52:21,903 [INFO] TC_ID-795 - PreCondition: PC_ID-024  Testcase:Verify incorrect msg length NRC for LH seat vent fail detection read information (22 C1 04 01): SID=0x22, Sub=0xC10401, Expected=[3, 127, 34, 19, 170, 170, 170, 170]
2026-07-30 09:52:22,010 [INFO] TC_ID-795 - PreCondition: PC_ID-024  Testcase:Verify incorrect msg length NRC for LH seat vent fail detection read information (22 C1 04 01): Sending request 22C10401
2026-07-30 09:52:22,010 [INFO] TC_ID-795 - PreCondition: PC_ID-024  Testcase:Verify incorrect msg length NRC for LH seat vent fail detection read information (22 C1 04 01): Sending request 22C10401
2026-07-30 09:52:22,011 [DEBUG] Sending 4 bytes : [22c10401]
2026-07-30 09:52:22,012 [DEBUG] Enqueuing a SendRequest for 4 bytes and TAT=Physical
2026-07-30 09:52:22,014 [DEBUG] Tx: <706> (08) [ ]	 0422c10401000000
2026-07-30 09:52:22,017 [DEBUG] We've been asked to write a message to the bus
2026-07-30 09:52:22,019 [DEBUG] sending: Timestamp:        0.000000    ID:      706    S Rx     F BS       DL:  8    04 22 c1 04 01 00 00 00
2026-07-30 09:52:22,043 [DEBUG] Rx: <70E> (08) [p]	 037f2213aaaaaaaa
2026-07-30 09:52:22,093 [INFO] TC_ID-795 - Received: 7F2213
2026-07-30 09:52:22,094 [WARNING] TC_ID-795 - PreCondition: PC_ID-024  Testcase:Verify incorrect msg length NRC for LH seat vent fail detection read information (22 C1 04 01) -> ❌ FAIL - Expected 037F2213AAAAAAAA
2026-07-30 09:52:22,095 [DEBUG] Stopping CanStack
2026-07-30 09:52:22,096 [DEBUG] Main thread is exiting
2026-07-30 09:52:22,144 [DEBUG] CanStack Stopped
2026-07-30 09:52:22,145 [INFO] Connection closed
2026-07-30 09:52:22,145 [INFO] Running Test Case: TC_ID-796
2026-07-30 09:52:22,146 [DEBUG] Starting CanStack
2026-07-30 09:52:22,147 [DEBUG] Main thread has started
2026-07-30 09:52:22,148 [DEBUG] Relay thread has started
2026-07-30 09:52:22,150 [INFO] Connection opened
2026-07-30 09:52:22,151 [INFO] Switched to physical mode for TC: TC_ID-796 Step: PreCondition: PC_ID-024  Testcase:RH seat heat fail detection read   information_Read(Extended  session)
2026-07-30 09:52:22,152 [INFO] TC_ID-796 - PreCondition: PC_ID-024  Testcase:RH seat heat fail detection read   information_Read(Extended  session): SID=0x22, Sub=0xC105, Expected=[16, 10, 98, 193, 5, 192, 0, 234, 160, 0, 0, 0, 0, 0, 0, 0, 0, 0]
2026-07-30 09:52:22,252 [INFO] TC_ID-796 - PreCondition: PC_ID-024  Testcase:RH seat heat fail detection read   information_Read(Extended  session): Sending request 22C105
2026-07-30 09:52:22,253 [INFO] TC_ID-796 - PreCondition: PC_ID-024  Testcase:RH seat heat fail detection read   information_Read(Extended  session): Sending request 22C105
2026-07-30 09:52:22,254 [DEBUG] Sending 3 bytes : [22c105]
2026-07-30 09:52:22,255 [DEBUG] Enqueuing a SendRequest for 3 bytes and TAT=Physical
2026-07-30 09:52:22,257 [DEBUG] Tx: <706> (08) [ ]	 0322c10500000000
2026-07-30 09:52:22,260 [DEBUG] We've been asked to write a message to the bus
2026-07-30 09:52:22,262 [DEBUG] sending: Timestamp:        0.000000    ID:      706    S Rx     F BS       DL:  8    03 22 c1 05 00 00 00 00
2026-07-30 09:52:22,284 [DEBUG] Rx: <70E> (08) [p]	 101062c105c000ea
2026-07-30 09:52:22,285 [DEBUG] We've been asked to write a message to the bus
2026-07-30 09:52:22,287 [DEBUG] Tx: <706> (08) [ ]	 30080a0000000000
2026-07-30 09:52:22,287 [DEBUG] sending: Timestamp:        0.000000    ID:      706    S Rx     F BS       DL:  8    30 08 0a 00 00 00 00 00
2026-07-30 09:52:22,288 [DEBUG] We've been asked to write a message to the bus
2026-07-30 09:52:22,289 [DEBUG] sending: Timestamp:        0.000000    ID:      706    S Rx     F BS       DL:  8    30 08 0a 00 00 00 00 00
2026-07-30 09:52:22,291 [DEBUG] TxState=IDLE - RxState=WAIT_CF
2026-07-30 09:52:22,293 [DEBUG] Rx: <70E> (08) [p]	 21a0000000000020
2026-07-30 09:52:22,312 [DEBUG] Rx: <70E> (08) [p]	 22200000aaaaaaaa
2026-07-30 09:52:22,364 [INFO] TC_ID-796 - Received: 62C105C000EAA0000000000020200000
2026-07-30 09:52:22,365 [WARNING] TC_ID-796 - PreCondition: PC_ID-024  Testcase:RH seat heat fail detection read   information_Read(Extended  session) -> ❌ FAIL - Expected 100A62C105C000EAA0000000000000000000
2026-07-30 09:52:22,366 [DEBUG] TxState=IDLE - RxState=IDLE
2026-07-30 09:52:22,366 [DEBUG] Stopping CanStack
2026-07-30 09:52:22,367 [DEBUG] Main thread is exiting
2026-07-30 09:52:22,411 [DEBUG] CanStack Stopped
2026-07-30 09:52:22,412 [INFO] Connection closed
2026-07-30 09:52:22,412 [INFO] Running Test Case: TC_ID-797
2026-07-30 09:52:22,413 [DEBUG] Starting CanStack
2026-07-30 09:52:22,414 [DEBUG] Main thread has started
2026-07-30 09:52:22,415 [DEBUG] Relay thread has started
2026-07-30 09:52:22,416 [INFO] Connection opened
2026-07-30 09:52:22,417 [INFO] Switched to physical mode for TC: TC_ID-797 Step: PreCondition: PC_ID-024  Testcase:Verify incorrect msg length NRC for RH seat heat fail detection read information (22 C1 05 01)
2026-07-30 09:52:22,417 [INFO] TC_ID-797 - PreCondition: PC_ID-024  Testcase:Verify incorrect msg length NRC for RH seat heat fail detection read information (22 C1 05 01): SID=0x22, Sub=0xC10501, Expected=[3, 127, 34, 19, 170, 170, 170, 170]
2026-07-30 09:52:22,521 [INFO] TC_ID-797 - PreCondition: PC_ID-024  Testcase:Verify incorrect msg length NRC for RH seat heat fail detection read information (22 C1 05 01): Sending request 22C10501
2026-07-30 09:52:22,522 [INFO] TC_ID-797 - PreCondition: PC_ID-024  Testcase:Verify incorrect msg length NRC for RH seat heat fail detection read information (22 C1 05 01): Sending request 22C10501
2026-07-30 09:52:22,522 [DEBUG] Sending 4 bytes : [22c10501]
2026-07-30 09:52:22,524 [DEBUG] Enqueuing a SendRequest for 4 bytes and TAT=Physical
2026-07-30 09:52:22,525 [DEBUG] Tx: <706> (08) [ ]	 0422c10501000000
2026-07-30 09:52:22,528 [DEBUG] We've been asked to write a message to the bus
2026-07-30 09:52:22,530 [DEBUG] sending: Timestamp:        0.000000    ID:      706    S Rx     F BS       DL:  8    04 22 c1 05 01 00 00 00
2026-07-30 09:52:22,554 [DEBUG] Rx: <70E> (08) [p]	 037f2213aaaaaaaa
2026-07-30 09:52:22,604 [INFO] TC_ID-797 - Received: 7F2213
2026-07-30 09:52:22,605 [WARNING] TC_ID-797 - PreCondition: PC_ID-024  Testcase:Verify incorrect msg length NRC for RH seat heat fail detection read information (22 C1 05 01) -> ❌ FAIL - Expected 037F2213AAAAAAAA
2026-07-30 09:52:22,605 [DEBUG] Stopping CanStack
2026-07-30 09:52:22,607 [DEBUG] Main thread is exiting
2026-07-30 09:52:22,654 [DEBUG] CanStack Stopped
2026-07-30 09:52:22,655 [INFO] Connection closed
2026-07-30 09:52:22,656 [INFO] Running Test Case: TC_ID-798
2026-07-30 09:52:22,657 [DEBUG] Starting CanStack
2026-07-30 09:52:22,659 [DEBUG] Main thread has started
2026-07-30 09:52:22,660 [DEBUG] Relay thread has started
2026-07-30 09:52:22,662 [INFO] Connection opened
2026-07-30 09:52:22,664 [INFO] Switched to physical mode for TC: TC_ID-798 Step: PreCondition: PC_ID-024  Testcase:RH seat vent fail detection read   information_Read(Default session)
2026-07-30 09:52:22,665 [INFO] TC_ID-798 - PreCondition: PC_ID-024  Testcase:RH seat vent fail detection read   information_Read(Default session): SID=0x22, Sub=0xC106, Expected=[16, 10, 98, 193, 6, 250, 0, 0, 0, 0, 0, 0, 170, 170, 170, 170]
2026-07-30 09:52:22,787 [INFO] TC_ID-798 - PreCondition: PC_ID-024  Testcase:RH seat vent fail detection read   information_Read(Default session): Sending request 22C106
2026-07-30 09:52:22,788 [INFO] TC_ID-798 - PreCondition: PC_ID-024  Testcase:RH seat vent fail detection read   information_Read(Default session): Sending request 22C106
2026-07-30 09:52:22,788 [DEBUG] Sending 3 bytes : [22c106]
2026-07-30 09:52:22,790 [DEBUG] Enqueuing a SendRequest for 3 bytes and TAT=Physical
2026-07-30 09:52:22,791 [DEBUG] Tx: <706> (08) [ ]	 0322c10600000000
2026-07-30 09:52:22,794 [DEBUG] We've been asked to write a message to the bus
2026-07-30 09:52:22,796 [DEBUG] sending: Timestamp:        0.000000    ID:      706    S Rx     F BS       DL:  8    03 22 c1 06 00 00 00 00
2026-07-30 09:52:22,823 [DEBUG] We've been asked to write a message to the bus
2026-07-30 09:52:22,824 [DEBUG] Rx: <70E> (08) [p]	 100a62c106fa0000
2026-07-30 09:52:22,825 [DEBUG] sending: Timestamp:        0.000000    ID:      706    S Rx     F BS       DL:  8    30 08 0a 00 00 00 00 00
2026-07-30 09:52:22,826 [DEBUG] Tx: <706> (08) [ ]	 30080a0000000000
2026-07-30 09:52:22,827 [DEBUG] We've been asked to write a message to the bus
2026-07-30 09:52:22,828 [DEBUG] sending: Timestamp:        0.000000    ID:      706    S Rx     F BS       DL:  8    30 08 0a 00 00 00 00 00
2026-07-30 09:52:22,829 [DEBUG] TxState=IDLE - RxState=WAIT_CF
2026-07-30 09:52:22,834 [DEBUG] Rx: <70E> (08) [p]	 2100000000aaaaaa
2026-07-30 09:52:22,883 [INFO] TC_ID-798 - Received: 62C106FA000000000000
2026-07-30 09:52:22,884 [WARNING] TC_ID-798 - PreCondition: PC_ID-024  Testcase:RH seat vent fail detection read   information_Read(Default session) -> ❌ FAIL - Expected 100A62C106FA000000000000AAAAAAAA
2026-07-30 09:52:22,885 [DEBUG] TxState=IDLE - RxState=IDLE
2026-07-30 09:52:22,886 [DEBUG] Stopping CanStack
2026-07-30 09:52:22,887 [DEBUG] Main thread is exiting
2026-07-30 09:52:22,934 [DEBUG] CanStack Stopped
2026-07-30 09:52:22,935 [INFO] Connection closed
2026-07-30 09:52:22,936 [INFO] Running Test Case: TC_ID-799
2026-07-30 09:52:22,936 [DEBUG] Starting CanStack
2026-07-30 09:52:22,938 [DEBUG] Main thread has started
2026-07-30 09:52:22,939 [DEBUG] Relay thread has started
2026-07-30 09:52:22,940 [INFO] Connection opened
2026-07-30 09:52:22,941 [INFO] Switched to physical mode for TC: TC_ID-799 Step: PreCondition: PC_ID-024  Testcase:Verify incorrect msg length NRC for LH seat vent fail detection read information (22 C1 06 01)
2026-07-30 09:52:22,943 [INFO] TC_ID-799 - PreCondition: PC_ID-024  Testcase:Verify incorrect msg length NRC for LH seat vent fail detection read information (22 C1 06 01): SID=0x22, Sub=0xC10601, Expected=[3, 127, 34, 19, 170, 170, 170, 170]
2026-07-30 09:52:23,050 [INFO] TC_ID-799 - PreCondition: PC_ID-024  Testcase:Verify incorrect msg length NRC for LH seat vent fail detection read information (22 C1 06 01): Sending request 22C10601
2026-07-30 09:52:23,051 [INFO] TC_ID-799 - PreCondition: PC_ID-024  Testcase:Verify incorrect msg length NRC for LH seat vent fail detection read information (22 C1 06 01): Sending request 22C10601
2026-07-30 09:52:23,052 [DEBUG] Sending 4 bytes : [22c10601]
2026-07-30 09:52:23,053 [DEBUG] Enqueuing a SendRequest for 4 bytes and TAT=Physical
2026-07-30 09:52:23,055 [DEBUG] Tx: <706> (08) [ ]	 0422c10601000000
2026-07-30 09:52:23,058 [DEBUG] We've been asked to write a message to the bus
2026-07-30 09:52:23,060 [DEBUG] sending: Timestamp:        0.000000    ID:      706    S Rx     F BS       DL:  8    04 22 c1 06 01 00 00 00
2026-07-30 09:52:23,084 [DEBUG] Rx: <70E> (08) [p]	 037f2213aaaaaaaa
2026-07-30 09:52:23,133 [INFO] TC_ID-799 - Received: 7F2213
2026-07-30 09:52:23,134 [WARNING] TC_ID-799 - PreCondition: PC_ID-024  Testcase:Verify incorrect msg length NRC for LH seat vent fail detection read information (22 C1 06 01) -> ❌ FAIL - Expected 037F2213AAAAAAAA
2026-07-30 09:52:23,135 [DEBUG] Stopping CanStack
2026-07-30 09:52:23,137 [DEBUG] Main thread is exiting
2026-07-30 09:52:23,185 [DEBUG] CanStack Stopped
2026-07-30 09:52:23,186 [INFO] Connection closed
2026-07-30 09:52:23,187 [INFO] Running Test Case: TC_ID-800
2026-07-30 09:52:23,187 [DEBUG] Starting CanStack
2026-07-30 09:52:23,189 [DEBUG] Main thread has started
2026-07-30 09:52:23,190 [DEBUG] Relay thread has started
2026-07-30 09:52:23,194 [INFO] Connection opened
2026-07-30 09:52:23,196 [INFO] Switched to physical mode for TC: TC_ID-800 Step: PreCondition: PC_ID-024  Testcase:Log frame data read  information_Read(Default session)
2026-07-30 09:52:23,197 [INFO] TC_ID-800 - PreCondition: PC_ID-024  Testcase:Log frame data read  information_Read(Default session): SID=0x22, Sub=0xCF10, Expected=[16, 50, 98, 207, 16, 239, 199, 126, 0, 4, 10, 4, 4, 9, 4, 239, 192, 0, 0, 4, 9, 4, 170, 170, 170]
2026-07-30 09:52:23,289 [INFO] TC_ID-800 - PreCondition: PC_ID-024  Testcase:Log frame data read  information_Read(Default session): Sending request 22CF10
2026-07-30 09:52:23,290 [INFO] TC_ID-800 - PreCondition: PC_ID-024  Testcase:Log frame data read  information_Read(Default session): Sending request 22CF10
2026-07-30 09:52:23,290 [DEBUG] Sending 3 bytes : [22cf10]
2026-07-30 09:52:23,292 [DEBUG] Enqueuing a SendRequest for 3 bytes and TAT=Physical
2026-07-30 09:52:23,293 [DEBUG] Tx: <706> (08) [ ]	 0322cf1000000000
2026-07-30 09:52:23,296 [DEBUG] We've been asked to write a message to the bus
2026-07-30 09:52:23,298 [DEBUG] sending: Timestamp:        0.000000    ID:      706    S Rx     F BS       DL:  8    03 22 cf 10 00 00 00 00
2026-07-30 09:52:23,323 [DEBUG] We've been asked to write a message to the bus
2026-07-30 09:52:23,324 [DEBUG] Rx: <70E> (08) [p]	 101462cf10efc77e
2026-07-30 09:52:23,325 [DEBUG] sending: Timestamp:        0.000000    ID:      706    S Rx     F BS       DL:  8    30 08 0a 00 00 00 00 00
2026-07-30 09:52:23,326 [DEBUG] Tx: <706> (08) [ ]	 30080a0000000000
2026-07-30 09:52:23,327 [DEBUG] We've been asked to write a message to the bus
2026-07-30 09:52:23,328 [DEBUG] sending: Timestamp:        0.000000    ID:      706    S Rx     F BS       DL:  8    30 08 0a 00 00 00 00 00
2026-07-30 09:52:23,329 [DEBUG] TxState=IDLE - RxState=WAIT_CF
2026-07-30 09:52:23,334 [DEBUG] Rx: <70E> (08) [p]	 2100040a04040904
2026-07-30 09:52:23,349 [DEBUG] Rx: <70E> (08) [p]	 22efc00000040904
2026-07-30 09:52:23,400 [INFO] TC_ID-800 - Received: 62CF10EFC77E00040A04040904EFC00000040904
2026-07-30 09:52:23,401 [DEBUG] TxState=IDLE - RxState=IDLE
2026-07-30 09:52:23,402 [WARNING] TC_ID-800 - PreCondition: PC_ID-024  Testcase:Log frame data read  information_Read(Default session) -> ❌ FAIL - Expected 103262CF10EFC77E00040A04040904EFC00000040904AAAAAA
2026-07-30 09:52:23,403 [DEBUG] Stopping CanStack
2026-07-30 09:52:23,404 [DEBUG] Main thread is exiting
2026-07-30 09:52:23,449 [DEBUG] CanStack Stopped
2026-07-30 09:52:23,450 [INFO] Connection closed
2026-07-30 09:52:23,450 [INFO] Running Test Case: TC_ID-801
2026-07-30 09:52:23,451 [DEBUG] Starting CanStack
2026-07-30 09:52:23,452 [DEBUG] Main thread has started
2026-07-30 09:52:23,453 [DEBUG] Relay thread has started
2026-07-30 09:52:23,454 [INFO] Connection opened
2026-07-30 09:52:23,455 [INFO] Switched to physical mode for TC: TC_ID-801 Step: PreCondition: PC_ID-024  Testcase:Verify incorrect msg length NRC for Log frame data read information (22 CF 10 01)
2026-07-30 09:52:23,455 [INFO] TC_ID-801 - PreCondition: PC_ID-024  Testcase:Verify incorrect msg length NRC for Log frame data read information (22 CF 10 01): SID=0x22, Sub=0xCF1001, Expected=[3, 127, 34, 19, 170, 170, 170, 170]
2026-07-30 09:52:23,557 [INFO] TC_ID-801 - PreCondition: PC_ID-024  Testcase:Verify incorrect msg length NRC for Log frame data read information (22 CF 10 01): Sending request 22CF1001
2026-07-30 09:52:23,558 [INFO] TC_ID-801 - PreCondition: PC_ID-024  Testcase:Verify incorrect msg length NRC for Log frame data read information (22 CF 10 01): Sending request 22CF1001
2026-07-30 09:52:23,558 [DEBUG] Sending 4 bytes : [22cf1001]
2026-07-30 09:52:23,560 [DEBUG] Enqueuing a SendRequest for 4 bytes and TAT=Physical
2026-07-30 09:52:23,561 [DEBUG] Tx: <706> (08) [ ]	 0422cf1001000000
2026-07-30 09:52:23,564 [DEBUG] We've been asked to write a message to the bus
2026-07-30 09:52:23,566 [DEBUG] sending: Timestamp:        0.000000    ID:      706    S Rx     F BS       DL:  8    04 22 cf 10 01 00 00 00
2026-07-30 09:52:23,594 [DEBUG] Rx: <70E> (08) [p]	 037f2213aaaaaaaa
2026-07-30 09:52:23,644 [INFO] TC_ID-801 - Received: 7F2213
2026-07-30 09:52:23,645 [WARNING] TC_ID-801 - PreCondition: PC_ID-024  Testcase:Verify incorrect msg length NRC for Log frame data read information (22 CF 10 01) -> ❌ FAIL - Expected 037F2213AAAAAAAA
2026-07-30 09:52:23,646 [DEBUG] Stopping CanStack
2026-07-30 09:52:23,647 [DEBUG] Main thread is exiting
2026-07-30 09:52:23,694 [DEBUG] CanStack Stopped
2026-07-30 09:52:23,695 [INFO] Connection closed
2026-07-30 09:52:23,695 [INFO] Running Test Case: TC_ID-802
2026-07-30 09:52:23,696 [DEBUG] Starting CanStack
2026-07-30 09:52:23,697 [DEBUG] Main thread has started
2026-07-30 09:52:23,698 [DEBUG] Relay thread has started
2026-07-30 09:52:23,700 [INFO] Connection opened
2026-07-30 09:52:23,701 [INFO] Switched to physical mode for TC: TC_ID-802 Step: PreCondition: PC_ID-024  Testcase:Non-Sleep ECU data Identifier_Read(Default session)
2026-07-30 09:52:23,702 [INFO] TC_ID-802 - PreCondition: PC_ID-024  Testcase:Non-Sleep ECU data Identifier_Read(Default session): SID=0x22, Sub=0xED90, Expected=[16, 9, 98, 237, 144, 240, 0, 0, 0, 0, 0, 170, 170, 170, 170]
2026-07-30 09:52:23,795 [INFO] TC_ID-802 - PreCondition: PC_ID-024  Testcase:Non-Sleep ECU data Identifier_Read(Default session): Sending request 22ED90
2026-07-30 09:52:23,796 [INFO] TC_ID-802 - PreCondition: PC_ID-024  Testcase:Non-Sleep ECU data Identifier_Read(Default session): Sending request 22ED90
2026-07-30 09:52:23,796 [DEBUG] Sending 3 bytes : [22ed90]
2026-07-30 09:52:23,798 [DEBUG] Enqueuing a SendRequest for 3 bytes and TAT=Physical
2026-07-30 09:52:23,800 [DEBUG] Tx: <706> (08) [ ]	 0322ed9000000000
2026-07-30 09:52:23,803 [DEBUG] We've been asked to write a message to the bus
2026-07-30 09:52:23,804 [DEBUG] sending: Timestamp:        0.000000    ID:      706    S Rx     F BS       DL:  8    03 22 ed 90 00 00 00 00
2026-07-30 09:52:23,823 [DEBUG] We've been asked to write a message to the bus
2026-07-30 09:52:23,825 [DEBUG] sending: Timestamp:        0.000000    ID:      706    S Rx     F BS       DL:  8    30 08 0a 00 00 00 00 00
2026-07-30 09:52:23,827 [DEBUG] Rx: <70E> (08) [p]	 100962ed90f00000
2026-07-30 09:52:23,829 [DEBUG] Tx: <706> (08) [ ]	 30080a0000000000
2026-07-30 09:52:23,831 [DEBUG] We've been asked to write a message to the bus
2026-07-30 09:52:23,832 [DEBUG] sending: Timestamp:        0.000000    ID:      706    S Rx     F BS       DL:  8    30 08 0a 00 00 00 00 00
2026-07-30 09:52:23,839 [DEBUG] TxState=IDLE - RxState=WAIT_CF
2026-07-30 09:52:23,841 [DEBUG] Rx: <70E> (08) [p]	 21000000aaaaaaaa
2026-07-30 09:52:23,885 [INFO] TC_ID-802 - Received: 62ED90F00000000000
2026-07-30 09:52:23,886 [WARNING] TC_ID-802 - PreCondition: PC_ID-024  Testcase:Non-Sleep ECU data Identifier_Read(Default session) -> ❌ FAIL - Expected 100962ED90F00000000000AAAAAAAA
2026-07-30 09:52:23,886 [DEBUG] Stopping CanStack
2026-07-30 09:52:23,887 [DEBUG] TxState=IDLE - RxState=IDLE
2026-07-30 09:52:23,888 [DEBUG] Main thread is exiting
2026-07-30 09:52:23,890 [DEBUG] CanStack Stopped
2026-07-30 09:52:23,891 [INFO] Connection closed
2026-07-30 09:52:23,894 [INFO] Running Test Case: TC_ID-803
2026-07-30 09:52:23,897 [DEBUG] Starting CanStack
2026-07-30 09:52:23,898 [DEBUG] Main thread has started
2026-07-30 09:52:23,899 [DEBUG] Relay thread has started
2026-07-30 09:52:23,901 [INFO] Connection opened
2026-07-30 09:52:23,901 [INFO] Switched to physical mode for TC: TC_ID-803 Step: PreCondition: PC_ID-024  Testcase:Verify incorrect msg length NRC for Non-Sleep ECU data Identifier (22 ED 90 01)
2026-07-30 09:52:23,902 [INFO] TC_ID-803 - PreCondition: PC_ID-024  Testcase:Verify incorrect msg length NRC for Non-Sleep ECU data Identifier (22 ED 90 01): SID=0x22, Sub=0xED9001, Expected=[3, 127, 34, 19, 170, 170, 170, 170]
2026-07-30 09:52:24,001 [INFO] TC_ID-803 - PreCondition: PC_ID-024  Testcase:Verify incorrect msg length NRC for Non-Sleep ECU data Identifier (22 ED 90 01): Sending request 22ED9001
2026-07-30 09:52:24,002 [INFO] TC_ID-803 - PreCondition: PC_ID-024  Testcase:Verify incorrect msg length NRC for Non-Sleep ECU data Identifier (22 ED 90 01): Sending request 22ED9001
2026-07-30 09:52:24,002 [DEBUG] Sending 4 bytes : [22ed9001]
2026-07-30 09:52:24,003 [DEBUG] Enqueuing a SendRequest for 4 bytes and TAT=Physical
2026-07-30 09:52:24,005 [DEBUG] Tx: <706> (08) [ ]	 0422ed9001000000
2026-07-30 09:52:24,008 [DEBUG] We've been asked to write a message to the bus
2026-07-30 09:52:24,010 [DEBUG] sending: Timestamp:        0.000000    ID:      706    S Rx     F BS       DL:  8    04 22 ed 90 01 00 00 00
2026-07-30 09:52:24,034 [DEBUG] Rx: <70E> (08) [p]	 037f2213aaaaaaaa
2026-07-30 09:52:24,083 [INFO] TC_ID-803 - Received: 7F2213
2026-07-30 09:52:24,084 [WARNING] TC_ID-803 - PreCondition: PC_ID-024  Testcase:Verify incorrect msg length NRC for Non-Sleep ECU data Identifier (22 ED 90 01) -> ❌ FAIL - Expected 037F2213AAAAAAAA
2026-07-30 09:52:24,085 [DEBUG] Stopping CanStack
2026-07-30 09:52:24,087 [DEBUG] Main thread is exiting
2026-07-30 09:52:24,136 [DEBUG] CanStack Stopped
2026-07-30 09:52:24,137 [INFO] Connection closed
2026-07-30 09:52:24,137 [INFO] Running Test Case: TC_ID-804
2026-07-30 09:52:24,138 [DEBUG] Starting CanStack
2026-07-30 09:52:24,139 [DEBUG] Main thread has started
2026-07-30 09:52:24,141 [DEBUG] Relay thread has started
2026-07-30 09:52:24,144 [INFO] Connection opened
2026-07-30 09:52:24,147 [INFO] Switched to physical mode for TC: TC_ID-804 Step: PreCondition: PC_ID-024,PC_ID-023  Testcase:RX_SWIN_F1_EF_Read(Extended session)
2026-07-30 09:52:24,148 [INFO] TC_ID-804 - PreCondition: PC_ID-024,PC_ID-023  Testcase:RX_SWIN_F1_EF_Read(Extended session): SID=0x22, Sub=0xF1EF, Expected=[16, 43, 98, 241, 239, 7, 22, 11, 82, 49, 48, 32, 65, 89, 49, 47, 49, 47, 48, 12, 82, 49, 53, 53, 32, 65, 89, 49, 47, 49, 47, 48, 12, 82, 49, 53, 54, 32, 65, 89, 49, 47, 49, 47, 48, 170, 170, 170, 170, 170]
2026-07-30 09:52:24,233 [INFO] TC_ID-804 - PreCondition: PC_ID-024,PC_ID-023  Testcase:RX_SWIN_F1_EF_Read(Extended session): Sending request 22F1EF
2026-07-30 09:52:24,234 [INFO] TC_ID-804 - PreCondition: PC_ID-024,PC_ID-023  Testcase:RX_SWIN_F1_EF_Read(Extended session): Sending request 22F1EF
2026-07-30 09:52:24,235 [DEBUG] Sending 3 bytes : [22f1ef]
2026-07-30 09:52:24,236 [DEBUG] Enqueuing a SendRequest for 3 bytes and TAT=Physical
2026-07-30 09:52:24,238 [DEBUG] Tx: <706> (08) [ ]	 0322f1ef00000000
2026-07-30 09:52:24,241 [DEBUG] We've been asked to write a message to the bus
2026-07-30 09:52:24,243 [DEBUG] sending: Timestamp:        0.000000    ID:      706    S Rx     F BS       DL:  8    03 22 f1 ef 00 00 00 00
2026-07-30 09:52:24,264 [DEBUG] We've been asked to write a message to the bus
2026-07-30 09:52:24,265 [DEBUG] sending: Timestamp:        0.000000    ID:      706    S Rx     F BS       DL:  8    30 08 0a 00 00 00 00 00
2026-07-30 09:52:24,266 [DEBUG] Rx: <70E> (08) [p]	 102b62f1ef07060b
2026-07-30 09:52:24,268 [DEBUG] Tx: <706> (08) [ ]	 30080a0000000000
2026-07-30 09:52:24,270 [DEBUG] We've been asked to write a message to the bus
2026-07-30 09:52:24,271 [DEBUG] sending: Timestamp:        0.000000    ID:      706    S Rx     F BS       DL:  8    30 08 0a 00 00 00 00 00
2026-07-30 09:52:24,278 [DEBUG] TxState=IDLE - RxState=WAIT_CF
2026-07-30 09:52:24,280 [DEBUG] Rx: <70E> (08) [p]	 2152313020424a31
2026-07-30 09:52:24,289 [DEBUG] Rx: <70E> (08) [p]	 222f312f300c5231
2026-07-30 09:52:24,304 [DEBUG] Rx: <70E> (08) [p]	 23353520424a312f
2026-07-30 09:52:24,321 [DEBUG] Rx: <70E> (08) [p]	 24312f300c523135
2026-07-30 09:52:24,334 [DEBUG] Rx: <70E> (08) [p]	 253620424a312f31
2026-07-30 09:52:24,349 [DEBUG] Rx: <70E> (08) [p]	 262f30aaaaaaaaaa
2026-07-30 09:52:24,398 [INFO] TC_ID-804 - Received: 62F1EF07060B52313020424A312F312F300C5231353520424A312F312F300C5231353620424A312F312F30
2026-07-30 09:52:24,400 [WARNING] TC_ID-804 - PreCondition: PC_ID-024,PC_ID-023  Testcase:RX_SWIN_F1_EF_Read(Extended session) -> ❌ FAIL - Expected 102B62F1EF07160B523130204159312F312F300C52313535204159312F312F300C52313536204159312F312F30AAAAAAAAAA
2026-07-30 09:52:24,400 [DEBUG] Stopping CanStack
2026-07-30 09:52:24,401 [DEBUG] TxState=IDLE - RxState=IDLE
2026-07-30 09:52:24,405 [DEBUG] Main thread is exiting
2026-07-30 09:52:24,449 [DEBUG] CanStack Stopped
2026-07-30 09:52:24,450 [INFO] Connection closed
2026-07-30 09:52:24,450 [INFO] Running Test Case: TC_ID-805
2026-07-30 09:52:24,451 [DEBUG] Starting CanStack
2026-07-30 09:52:24,452 [DEBUG] Main thread has started
2026-07-30 09:52:24,453 [DEBUG] Relay thread has started
2026-07-30 09:52:24,454 [INFO] Connection opened
2026-07-30 09:52:24,455 [INFO] Switched to physical mode for TC: TC_ID-805 Step: PreCondition: PC_ID-024,PC_ID-023  Testcase:Vehicle_Manufacturer_Spare_Part_Number_F1_87_Read(Extendedsession)
2026-07-30 09:52:24,455 [INFO] TC_ID-805 - PreCondition: PC_ID-024,PC_ID-023  Testcase:Vehicle_Manufacturer_Spare_Part_Number_F1_87_Read(Extendedsession): SID=0x22, Sub=0xF187, Expected=[16, 13, 98, 241, 135, 57, 54, 53, 52, 48, 83, 66, 48, 48, 48]
2026-07-30 09:52:24,562 [INFO] TC_ID-805 - PreCondition: PC_ID-024,PC_ID-023  Testcase:Vehicle_Manufacturer_Spare_Part_Number_F1_87_Read(Extendedsession): Sending request 22F187
2026-07-30 09:52:24,563 [INFO] TC_ID-805 - PreCondition: PC_ID-024,PC_ID-023  Testcase:Vehicle_Manufacturer_Spare_Part_Number_F1_87_Read(Extendedsession): Sending request 22F187
2026-07-30 09:52:24,564 [DEBUG] Sending 3 bytes : [22f187]
2026-07-30 09:52:24,565 [DEBUG] Enqueuing a SendRequest for 3 bytes and TAT=Physical
2026-07-30 09:52:24,567 [DEBUG] Tx: <706> (08) [ ]	 0322f18700000000
2026-07-30 09:52:24,570 [DEBUG] We've been asked to write a message to the bus
2026-07-30 09:52:24,572 [DEBUG] sending: Timestamp:        0.000000    ID:      706    S Rx     F BS       DL:  8    03 22 f1 87 00 00 00 00
2026-07-30 09:52:24,594 [DEBUG] Rx: <70E> (08) [p]	 100d62f187383835
2026-07-30 09:52:24,595 [DEBUG] We've been asked to write a message to the bus
2026-07-30 09:52:24,597 [DEBUG] Tx: <706> (08) [ ]	 30080a0000000000
2026-07-30 09:52:24,598 [DEBUG] sending: Timestamp:        0.000000    ID:      706    S Rx     F BS       DL:  8    30 08 0a 00 00 00 00 00
2026-07-30 09:52:24,598 [DEBUG] We've been asked to write a message to the bus
2026-07-30 09:52:24,599 [DEBUG] sending: Timestamp:        0.000000    ID:      706    S Rx     F BS       DL:  8    30 08 0a 00 00 00 00 00
2026-07-30 09:52:24,601 [DEBUG] TxState=IDLE - RxState=WAIT_CF
2026-07-30 09:52:24,603 [DEBUG] Rx: <70E> (08) [p]	 213430474a303030
2026-07-30 09:52:24,654 [INFO] TC_ID-805 - Received: 62F1873838353430474A303030
2026-07-30 09:52:24,655 [WARNING] TC_ID-805 - PreCondition: PC_ID-024,PC_ID-023  Testcase:Vehicle_Manufacturer_Spare_Part_Number_F1_87_Read(Extendedsession) -> ❌ FAIL - Expected 100D62F18739363534305342303030
2026-07-30 09:52:24,655 [DEBUG] TxState=IDLE - RxState=IDLE
2026-07-30 09:52:24,656 [DEBUG] Stopping CanStack
2026-07-30 09:52:24,658 [DEBUG] Main thread is exiting
2026-07-30 09:52:24,704 [DEBUG] CanStack Stopped
2026-07-30 09:52:24,705 [INFO] Connection closed
2026-07-30 09:52:24,705 [INFO] Running Test Case: TC_ID-806
2026-07-30 09:52:24,706 [DEBUG] Starting CanStack
2026-07-30 09:52:24,707 [DEBUG] Main thread has started
2026-07-30 09:52:24,708 [DEBUG] Relay thread has started
2026-07-30 09:52:24,709 [INFO] Connection opened
2026-07-30 09:52:24,710 [INFO] Switched to physical mode for TC: TC_ID-806 Step: PreCondition: PC_ID-024,PC_ID-023  Testcase:Manufacturing_F1_8B_Read(Extendedsession)
2026-07-30 09:52:24,710 [INFO] TC_ID-806 - PreCondition: PC_ID-024,PC_ID-023  Testcase:Manufacturing_F1_8B_Read(Extendedsession): SID=0x22, Sub=0xF18B, Expected=[16, 8, 98, 241, 139, 32, 37, 16, 21, 170, 170, 170, 170, 170]
2026-07-30 09:52:24,803 [INFO] TC_ID-806 - PreCondition: PC_ID-024,PC_ID-023  Testcase:Manufacturing_F1_8B_Read(Extendedsession): Sending request 22F18B
2026-07-30 09:52:24,803 [INFO] TC_ID-806 - PreCondition: PC_ID-024,PC_ID-023  Testcase:Manufacturing_F1_8B_Read(Extendedsession): Sending request 22F18B
2026-07-30 09:52:24,804 [DEBUG] Sending 3 bytes : [22f18b]
2026-07-30 09:52:24,806 [DEBUG] Enqueuing a SendRequest for 3 bytes and TAT=Physical
2026-07-30 09:52:24,808 [DEBUG] Tx: <706> (08) [ ]	 0322f18b00000000
2026-07-30 09:52:24,811 [DEBUG] We've been asked to write a message to the bus
2026-07-30 09:52:24,812 [DEBUG] sending: Timestamp:        0.000000    ID:      706    S Rx     F BS       DL:  8    03 22 f1 8b 00 00 00 00
2026-07-30 09:52:24,834 [DEBUG] Rx: <70E> (08) [p]	 0762f18b20251015
2026-07-30 09:52:24,885 [INFO] TC_ID-806 - Received: 62F18B20251015
2026-07-30 09:52:24,887 [WARNING] TC_ID-806 - PreCondition: PC_ID-024,PC_ID-023  Testcase:Manufacturing_F1_8B_Read(Extendedsession) -> ❌ FAIL - Expected 100862F18B20251015AAAAAAAAAA
2026-07-30 09:52:24,887 [DEBUG] Stopping CanStack
2026-07-30 09:52:24,888 [DEBUG] Main thread is exiting
2026-07-30 09:52:24,934 [DEBUG] CanStack Stopped
2026-07-30 09:52:24,935 [INFO] Connection closed
2026-07-30 09:52:24,935 [INFO] Running Test Case: TC_ID-807
2026-07-30 09:52:24,936 [DEBUG] Starting CanStack
2026-07-30 09:52:24,937 [DEBUG] Main thread has started
2026-07-30 09:52:24,938 [DEBUG] Relay thread has started
2026-07-30 09:52:24,939 [INFO] Connection opened
2026-07-30 09:52:24,940 [INFO] Switched to physical mode for TC: TC_ID-807 Step: PreCondition: PC_ID-024,PC_ID-023  Testcase:ECU_Serial_Number_F1_8C_Read(Extendedsession)
2026-07-30 09:52:24,940 [INFO] TC_ID-807 - PreCondition: PC_ID-024,PC_ID-023  Testcase:ECU_Serial_Number_F1_8C_Read(Extendedsession): SID=0x22, Sub=0xF18C, Expected=[16, 13, 98, 241, 140, 48, 48, 48, 48, 48, 48, 48, 48, 53, 48, 170, 170]
2026-07-30 09:52:25,030 [INFO] TC_ID-807 - PreCondition: PC_ID-024,PC_ID-023  Testcase:ECU_Serial_Number_F1_8C_Read(Extendedsession): Sending request 22F18C
2026-07-30 09:52:25,031 [INFO] TC_ID-807 - PreCondition: PC_ID-024,PC_ID-023  Testcase:ECU_Serial_Number_F1_8C_Read(Extendedsession): Sending request 22F18C
2026-07-30 09:52:25,031 [DEBUG] Sending 3 bytes : [22f18c]
2026-07-30 09:52:25,033 [DEBUG] Enqueuing a SendRequest for 3 bytes and TAT=Physical
2026-07-30 09:52:25,035 [DEBUG] Tx: <706> (08) [ ]	 0322f18c00000000
2026-07-30 09:52:25,037 [DEBUG] We've been asked to write a message to the bus
2026-07-30 09:52:25,039 [DEBUG] sending: Timestamp:        0.000000    ID:      706    S Rx     F BS       DL:  8    03 22 f1 8c 00 00 00 00
2026-07-30 09:52:25,064 [DEBUG] We've been asked to write a message to the bus
2026-07-30 09:52:25,065 [DEBUG] sending: Timestamp:        0.000000    ID:      706    S Rx     F BS       DL:  8    30 08 0a 00 00 00 00 00
2026-07-30 09:52:25,066 [DEBUG] Rx: <70E> (08) [p]	 100d62f18c303030
2026-07-30 09:52:25,067 [DEBUG] Tx: <706> (08) [ ]	 30080a0000000000
2026-07-30 09:52:25,069 [DEBUG] We've been asked to write a message to the bus
2026-07-30 09:52:25,070 [DEBUG] sending: Timestamp:        0.000000    ID:      706    S Rx     F BS       DL:  8    30 08 0a 00 00 00 00 00
2026-07-30 09:52:25,071 [DEBUG] TxState=IDLE - RxState=WAIT_CF
2026-07-30 09:52:25,073 [DEBUG] Rx: <70E> (08) [p]	 2130303030303530
2026-07-30 09:52:25,118 [INFO] TC_ID-807 - Received: 62F18C30303030303030303530
2026-07-30 09:52:25,119 [WARNING] TC_ID-807 - PreCondition: PC_ID-024,PC_ID-023  Testcase:ECU_Serial_Number_F1_8C_Read(Extendedsession) -> ❌ FAIL - Expected 100D62F18C30303030303030303530AAAA
2026-07-30 09:52:25,120 [DEBUG] Stopping CanStack
2026-07-30 09:52:25,121 [DEBUG] TxState=IDLE - RxState=IDLE
2026-07-30 09:52:25,122 [DEBUG] Main thread is exiting
2026-07-30 09:52:25,170 [DEBUG] CanStack Stopped
2026-07-30 09:52:25,171 [INFO] Connection closed
2026-07-30 09:52:25,172 [INFO] Running Test Case: TC_ID-808
2026-07-30 09:52:25,172 [DEBUG] Starting CanStack
2026-07-30 09:52:25,174 [DEBUG] Main thread has started
2026-07-30 09:52:25,175 [DEBUG] Relay thread has started
2026-07-30 09:52:25,176 [INFO] Connection opened
2026-07-30 09:52:25,178 [INFO] Switched to physical mode for TC: TC_ID-808 Step: PreCondition: PC_ID-024,PC_ID-023  Testcase:Vehicle_Manufacturer_ECU_HW_Number_F1_91_Read(Extendedsession)
2026-07-30 09:52:25,179 [INFO] TC_ID-808 - PreCondition: PC_ID-024,PC_ID-023  Testcase:Vehicle_Manufacturer_ECU_HW_Number_F1_91_Read(Extendedsession): SID=0x22, Sub=0xF191, Expected=[16, 8, 98, 241, 145, 48, 49, 46, 48, 48, 170, 170, 170, 170, 170]
2026-07-30 09:52:25,280 [INFO] TC_ID-808 - PreCondition: PC_ID-024,PC_ID-023  Testcase:Vehicle_Manufacturer_ECU_HW_Number_F1_91_Read(Extendedsession): Sending request 22F191
2026-07-30 09:52:25,281 [INFO] TC_ID-808 - PreCondition: PC_ID-024,PC_ID-023  Testcase:Vehicle_Manufacturer_ECU_HW_Number_F1_91_Read(Extendedsession): Sending request 22F191
2026-07-30 09:52:25,282 [DEBUG] Sending 3 bytes : [22f191]
2026-07-30 09:52:25,283 [DEBUG] Enqueuing a SendRequest for 3 bytes and TAT=Physical
2026-07-30 09:52:25,285 [DEBUG] Tx: <706> (08) [ ]	 0322f19100000000
2026-07-30 09:52:25,288 [DEBUG] We've been asked to write a message to the bus
2026-07-30 09:52:25,290 [DEBUG] sending: Timestamp:        0.000000    ID:      706    S Rx     F BS       DL:  8    03 22 f1 91 00 00 00 00
2026-07-30 09:52:25,313 [INFO] TC_ID-808 PreCondition: PC_ID-024,PC_ID-023  Testcase:Vehicle_Manufacturer_ECU_HW_Number_F1_91_Read(Extendedsession) -> Response shorter than expected (7/8). Waiting for remaining payload.
2026-07-30 09:52:25,315 [DEBUG] Rx: <70E> (08) [p]	 0762f191432e3030
2026-07-30 09:52:25,317 [DEBUG] Received 7 bytes : [62f191432e3030]
2026-07-30 09:52:25,368 [INFO] TC_ID-808 - Received: 62F191432E303062
2026-07-30 09:52:25,369 [WARNING] TC_ID-808 - PreCondition: PC_ID-024,PC_ID-023  Testcase:Vehicle_Manufacturer_ECU_HW_Number_F1_91_Read(Extendedsession) -> ❌ FAIL - Expected 100862F19130312E3030AAAAAAAAAA
2026-07-30 09:52:25,370 [DEBUG] Stopping CanStack
2026-07-30 09:52:25,371 [DEBUG] Main thread is exiting
2026-07-30 09:52:25,415 [DEBUG] CanStack Stopped
2026-07-30 09:52:25,416 [INFO] Connection closed
2026-07-30 09:52:25,416 [INFO] Running Test Case: TC_ID-809
2026-07-30 09:52:25,417 [DEBUG] Starting CanStack
2026-07-30 09:52:25,418 [DEBUG] Main thread has started
2026-07-30 09:52:25,419 [DEBUG] Relay thread has started
2026-07-30 09:52:25,420 [INFO] Connection opened
2026-07-30 09:52:25,421 [INFO] Switched to physical mode for TC: TC_ID-809 Step: PreCondition: PC_ID-024,PC_ID-023  Testcase:HardwareVersionNumber_F1_93_Read(Extendedsession)
2026-07-30 09:52:25,421 [INFO] TC_ID-809 - PreCondition: PC_ID-024,PC_ID-023  Testcase:HardwareVersionNumber_F1_93_Read(Extendedsession): SID=0x22, Sub=0xF193, Expected=[16, 8, 98, 241, 147, 48, 49, 46, 48, 48, 170, 170, 170, 170, 170]
2026-07-30 09:52:25,515 [INFO] TC_ID-809 - PreCondition: PC_ID-024,PC_ID-023  Testcase:HardwareVersionNumber_F1_93_Read(Extendedsession): Sending request 22F193
2026-07-30 09:52:25,516 [INFO] TC_ID-809 - PreCondition: PC_ID-024,PC_ID-023  Testcase:HardwareVersionNumber_F1_93_Read(Extendedsession): Sending request 22F193
2026-07-30 09:52:25,517 [DEBUG] Sending 3 bytes : [22f193]
2026-07-30 09:52:25,518 [DEBUG] Enqueuing a SendRequest for 3 bytes and TAT=Physical
2026-07-30 09:52:25,520 [DEBUG] Tx: <706> (08) [ ]	 0322f19300000000
2026-07-30 09:52:25,523 [DEBUG] We've been asked to write a message to the bus
2026-07-30 09:52:25,525 [DEBUG] sending: Timestamp:        0.000000    ID:      706    S Rx     F BS       DL:  8    03 22 f1 93 00 00 00 00
2026-07-30 09:52:25,543 [INFO] TC_ID-809 PreCondition: PC_ID-024,PC_ID-023  Testcase:HardwareVersionNumber_F1_93_Read(Extendedsession) -> Response shorter than expected (7/8). Waiting for remaining payload.
2026-07-30 09:52:25,546 [DEBUG] Rx: <70E> (08) [p]	 0762f193432e3030
2026-07-30 09:52:25,547 [DEBUG] Received 7 bytes : [62f193432e3030]
2026-07-30 09:52:25,598 [INFO] TC_ID-809 - Received: 62F193432E303062
2026-07-30 09:52:25,599 [WARNING] TC_ID-809 - PreCondition: PC_ID-024,PC_ID-023  Testcase:HardwareVersionNumber_F1_93_Read(Extendedsession) -> ❌ FAIL - Expected 100862F19330312E3030AAAAAAAAAA
2026-07-30 09:52:25,600 [DEBUG] Stopping CanStack
2026-07-30 09:52:25,601 [DEBUG] Main thread is exiting
2026-07-30 09:52:25,646 [DEBUG] CanStack Stopped
2026-07-30 09:52:25,647 [INFO] Connection closed
2026-07-30 09:52:25,648 [INFO] Running Test Case: TC_ID-810
2026-07-30 09:52:25,648 [DEBUG] Starting CanStack
2026-07-30 09:52:25,649 [DEBUG] Main thread has started
2026-07-30 09:52:25,650 [DEBUG] Relay thread has started
2026-07-30 09:52:25,651 [INFO] Connection opened
2026-07-30 09:52:25,652 [INFO] Switched to physical mode for TC: TC_ID-810 Step: PreCondition: PC_ID-024,PC_ID-023  Testcase:ECU_Supplier_Code_F1_A1_Read(Extendedsession)
2026-07-30 09:52:25,653 [INFO] TC_ID-810 - PreCondition: PC_ID-024,PC_ID-023  Testcase:ECU_Supplier_Code_F1_A1_Read(Extendedsession): SID=0x22, Sub=0xF1A1, Expected=[16, 8, 98, 241, 147, 67, 46, 48, 48, 170, 170, 170, 170, 170]
2026-07-30 09:52:25,742 [INFO] TC_ID-810 - PreCondition: PC_ID-024,PC_ID-023  Testcase:ECU_Supplier_Code_F1_A1_Read(Extendedsession): Sending request 22F1A1
2026-07-30 09:52:25,743 [INFO] TC_ID-810 - PreCondition: PC_ID-024,PC_ID-023  Testcase:ECU_Supplier_Code_F1_A1_Read(Extendedsession): Sending request 22F1A1
2026-07-30 09:52:25,744 [DEBUG] Sending 3 bytes : [22f1a1]
2026-07-30 09:52:25,745 [DEBUG] Enqueuing a SendRequest for 3 bytes and TAT=Physical
2026-07-30 09:52:25,747 [DEBUG] Tx: <706> (08) [ ]	 0322f1a100000000
2026-07-30 09:52:25,750 [DEBUG] We've been asked to write a message to the bus
2026-07-30 09:52:25,752 [DEBUG] sending: Timestamp:        0.000000    ID:      706    S Rx     F BS       DL:  8    03 22 f1 a1 00 00 00 00
2026-07-30 09:52:25,775 [DEBUG] Rx: <70E> (08) [p]	 0762f1a153313130
2026-07-30 09:52:25,823 [INFO] TC_ID-810 - Received: 62F1A153313130
2026-07-30 09:52:25,824 [WARNING] TC_ID-810 - PreCondition: PC_ID-024,PC_ID-023  Testcase:ECU_Supplier_Code_F1_A1_Read(Extendedsession) -> ❌ FAIL - Expected 100862F193432E3030AAAAAAAAAA
2026-07-30 09:52:25,825 [DEBUG] Stopping CanStack
2026-07-30 09:52:25,826 [DEBUG] Main thread is exiting
2026-07-30 09:52:25,875 [DEBUG] CanStack Stopped
2026-07-30 09:52:25,876 [INFO] Connection closed
2026-07-30 09:52:25,877 [INFO] Running Test Case: TC_ID-811
2026-07-30 09:52:25,878 [DEBUG] Starting CanStack
2026-07-30 09:52:25,879 [DEBUG] Main thread has started
2026-07-30 09:52:25,880 [DEBUG] Relay thread has started
2026-07-30 09:52:25,882 [INFO] Connection opened
2026-07-30 09:52:25,885 [INFO] Switched to physical mode for TC: TC_ID-811 Step: PreCondition: PC_ID-024,PC_ID-023  Testcase:ECU_Software_UNIT_number_F1_B0_Read(Extendedsession)
2026-07-30 09:52:25,887 [INFO] TC_ID-811 - PreCondition: PC_ID-024,PC_ID-023  Testcase:ECU_Software_UNIT_number_F1_B0_Read(Extendedsession): SID=0x22, Sub=0xF1B0, Expected=[4, 98, 241, 176, 1, 170, 170, 170]
2026-07-30 09:52:25,980 [INFO] TC_ID-811 - PreCondition: PC_ID-024,PC_ID-023  Testcase:ECU_Software_UNIT_number_F1_B0_Read(Extendedsession): Sending request 22F1B0
2026-07-30 09:52:25,981 [INFO] TC_ID-811 - PreCondition: PC_ID-024,PC_ID-023  Testcase:ECU_Software_UNIT_number_F1_B0_Read(Extendedsession): Sending request 22F1B0
2026-07-30 09:52:25,982 [DEBUG] Sending 3 bytes : [22f1b0]
2026-07-30 09:52:25,983 [DEBUG] Enqueuing a SendRequest for 3 bytes and TAT=Physical
2026-07-30 09:52:25,985 [DEBUG] Tx: <706> (08) [ ]	 0322f1b000000000
2026-07-30 09:52:25,988 [DEBUG] We've been asked to write a message to the bus
2026-07-30 09:52:25,990 [DEBUG] sending: Timestamp:        0.000000    ID:      706    S Rx     F BS       DL:  8    03 22 f1 b0 00 00 00 00
2026-07-30 09:52:26,014 [DEBUG] Rx: <70E> (08) [p]	 0462f1b001aaaaaa
2026-07-30 09:52:26,063 [INFO] TC_ID-811 - Received: 62F1B001
2026-07-30 09:52:26,064 [WARNING] TC_ID-811 - PreCondition: PC_ID-024,PC_ID-023  Testcase:ECU_Software_UNIT_number_F1_B0_Read(Extendedsession) -> ❌ FAIL - Expected 0462F1B001AAAAAA
2026-07-30 09:52:26,065 [DEBUG] Stopping CanStack
2026-07-30 09:52:26,067 [DEBUG] Main thread is exiting
2026-07-30 09:52:26,114 [DEBUG] CanStack Stopped
2026-07-30 09:52:26,115 [INFO] Connection closed
2026-07-30 09:52:26,115 [INFO] Running Test Case: TC_ID-812
2026-07-30 09:52:26,116 [DEBUG] Starting CanStack
2026-07-30 09:52:26,117 [DEBUG] Main thread has started
2026-07-30 09:52:26,119 [DEBUG] Relay thread has started
2026-07-30 09:52:26,121 [INFO] Connection opened
2026-07-30 09:52:26,123 [INFO] Switched to physical mode for TC: TC_ID-812 Step: PreCondition: PC_ID-024,PC_ID-023  Testcase:ECU_Software_UNIT1_Version_F1_B1_Read(Extendedsession)
2026-07-30 09:52:26,126 [INFO] TC_ID-812 - PreCondition: PC_ID-024,PC_ID-023  Testcase:ECU_Software_UNIT1_Version_F1_B1_Read(Extendedsession): SID=0x22, Sub=0xF1B1, Expected=[16, 8, 98, 241, 177, 50, 53, 65, 49, 48, 170, 170, 170, 170, 170, 170]
2026-07-30 09:52:26,220 [INFO] TC_ID-812 - PreCondition: PC_ID-024,PC_ID-023  Testcase:ECU_Software_UNIT1_Version_F1_B1_Read(Extendedsession): Sending request 22F1B1
2026-07-30 09:52:26,220 [INFO] TC_ID-812 - PreCondition: PC_ID-024,PC_ID-023  Testcase:ECU_Software_UNIT1_Version_F1_B1_Read(Extendedsession): Sending request 22F1B1
2026-07-30 09:52:26,221 [DEBUG] Sending 3 bytes : [22f1b1]
2026-07-30 09:52:26,222 [DEBUG] Enqueuing a SendRequest for 3 bytes and TAT=Physical
2026-07-30 09:52:26,223 [DEBUG] Tx: <706> (08) [ ]	 0322f1b100000000
2026-07-30 09:52:26,224 [DEBUG] We've been asked to write a message to the bus
2026-07-30 09:52:26,224 [DEBUG] sending: Timestamp:        0.000000    ID:      706    S Rx     F BS       DL:  8    03 22 f1 b1 00 00 00 00
2026-07-30 09:52:26,245 [DEBUG] We've been asked to write a message to the bus
2026-07-30 09:52:26,247 [DEBUG] Rx: <70E> (08) [p]	 100862f1b1323541
2026-07-30 09:52:26,249 [DEBUG] sending: Timestamp:        0.000000    ID:      706    S Rx     F BS       DL:  8    30 08 0a 00 00 00 00 00
2026-07-30 09:52:26,250 [DEBUG] Tx: <706> (08) [ ]	 30080a0000000000
2026-07-30 09:52:26,251 [DEBUG] We've been asked to write a message to the bus
2026-07-30 09:52:26,255 [DEBUG] sending: Timestamp:        0.000000    ID:      706    S Rx     F BS       DL:  8    30 08 0a 00 00 00 00 00
2026-07-30 09:52:26,258 [DEBUG] TxState=IDLE - RxState=WAIT_CF
2026-07-30 09:52:26,260 [DEBUG] Rx: <70E> (08) [p]	 213130aaaaaaaaaa
2026-07-30 09:52:26,305 [INFO] TC_ID-812 - Received: 62F1B13235413130
2026-07-30 09:52:26,306 [WARNING] TC_ID-812 - PreCondition: PC_ID-024,PC_ID-023  Testcase:ECU_Software_UNIT1_Version_F1_B1_Read(Extendedsession) -> ❌ FAIL - Expected 100862F1B13235413130AAAAAAAAAAAA
2026-07-30 09:52:26,307 [DEBUG] Stopping CanStack
2026-07-30 09:52:26,308 [DEBUG] TxState=IDLE - RxState=IDLE
2026-07-30 09:52:26,310 [DEBUG] Main thread is exiting
2026-07-30 09:52:26,354 [DEBUG] CanStack Stopped
2026-07-30 09:52:26,355 [INFO] Connection closed
2026-07-30 09:52:26,355 [INFO] Running Test Case: TC_ID-813
2026-07-30 09:52:26,356 [DEBUG] Starting CanStack
2026-07-30 09:52:26,357 [DEBUG] Main thread has started
2026-07-30 09:52:26,358 [DEBUG] Relay thread has started
2026-07-30 09:52:26,359 [INFO] Connection opened
2026-07-30 09:52:26,360 [INFO] Switched to physical mode for TC: TC_ID-813 Step: PreCondition: PC_ID-024,PC_ID-023  Testcase:SystemNameOrEngineTypeDataIdentifier_Read(Defaultsession)
2026-07-30 09:52:26,360 [INFO] TC_ID-813 - PreCondition: PC_ID-024,PC_ID-023  Testcase:SystemNameOrEngineTypeDataIdentifier_Read(Defaultsession): SID=0x22, Sub=0xF197, Expected=[16, 14, 98, 241, 151, 83, 72, 86, 85, 95, 70, 82, 32, 32, 32, 32, 170]
2026-07-30 09:52:26,458 [INFO] TC_ID-813 - PreCondition: PC_ID-024,PC_ID-023  Testcase:SystemNameOrEngineTypeDataIdentifier_Read(Defaultsession): Sending request 22F197
2026-07-30 09:52:26,459 [INFO] TC_ID-813 - PreCondition: PC_ID-024,PC_ID-023  Testcase:SystemNameOrEngineTypeDataIdentifier_Read(Defaultsession): Sending request 22F197
2026-07-30 09:52:26,460 [DEBUG] Sending 3 bytes : [22f197]
2026-07-30 09:52:26,461 [DEBUG] Enqueuing a SendRequest for 3 bytes and TAT=Physical
2026-07-30 09:52:26,463 [DEBUG] Tx: <706> (08) [ ]	 0322f19700000000
2026-07-30 09:52:26,466 [DEBUG] We've been asked to write a message to the bus
2026-07-30 09:52:26,468 [DEBUG] sending: Timestamp:        0.000000    ID:      706    S Rx     F BS       DL:  8    03 22 f1 97 00 00 00 00
2026-07-30 09:52:26,494 [DEBUG] We've been asked to write a message to the bus
2026-07-30 09:52:26,494 [DEBUG] Rx: <70E> (08) [p]	 100e62f197534856
2026-07-30 09:52:26,495 [DEBUG] sending: Timestamp:        0.000000    ID:      706    S Rx     F BS       DL:  8    30 08 0a 00 00 00 00 00
2026-07-30 09:52:26,496 [DEBUG] Tx: <706> (08) [ ]	 30080a0000000000
2026-07-30 09:52:26,497 [DEBUG] We've been asked to write a message to the bus
2026-07-30 09:52:26,498 [DEBUG] sending: Timestamp:        0.000000    ID:      706    S Rx     F BS       DL:  8    30 08 0a 00 00 00 00 00
2026-07-30 09:52:26,499 [DEBUG] TxState=IDLE - RxState=WAIT_CF
2026-07-30 09:52:26,503 [DEBUG] Rx: <70E> (08) [p]	 21555f4652202020
2026-07-30 09:52:26,519 [DEBUG] Rx: <70E> (08) [p]	 2220aaaaaaaaaaaa
2026-07-30 09:52:26,568 [INFO] TC_ID-813 - Received: 62F197534856555F465220202020
2026-07-30 09:52:26,569 [WARNING] TC_ID-813 - PreCondition: PC_ID-024,PC_ID-023  Testcase:SystemNameOrEngineTypeDataIdentifier_Read(Defaultsession) -> ❌ FAIL - Expected 100E62F197534856555F465220202020AA
2026-07-30 09:52:26,570 [DEBUG] Stopping CanStack
2026-07-30 09:52:26,571 [DEBUG] TxState=IDLE - RxState=IDLE
2026-07-30 09:52:26,572 [DEBUG] Main thread is exiting
2026-07-30 09:52:26,620 [DEBUG] CanStack Stopped
2026-07-30 09:52:26,621 [INFO] Connection closed
2026-07-30 09:52:26,621 [INFO] Running Test Case: TC_ID-814
2026-07-30 09:52:26,622 [DEBUG] Starting CanStack
2026-07-30 09:52:26,623 [DEBUG] Main thread has started
2026-07-30 09:52:26,624 [DEBUG] Relay thread has started
2026-07-30 09:52:26,626 [INFO] Connection opened
2026-07-30 09:52:26,627 [INFO] Switched to physical mode for TC: TC_ID-814 Step: PreCondition: PC_ID-024,PC_ID-023  Testcase:Type Option read information_Read(Default session)
2026-07-30 09:52:26,628 [INFO] TC_ID-814 - PreCondition: PC_ID-024,PC_ID-023  Testcase:Type Option read information_Read(Default session): SID=0x22, Sub=0xC100, Expected=[16, 11, 98, 193, 0, 238, 248, 0, 0, 54, 54, 0, 32, 170, 170, 170]
2026-07-30 09:52:26,724 [INFO] TC_ID-814 - PreCondition: PC_ID-024,PC_ID-023  Testcase:Type Option read information_Read(Default session): Sending request 22C100
2026-07-30 09:52:26,725 [INFO] TC_ID-814 - PreCondition: PC_ID-024,PC_ID-023  Testcase:Type Option read information_Read(Default session): Sending request 22C100
2026-07-30 09:52:26,725 [DEBUG] Sending 3 bytes : [22c100]
2026-07-30 09:52:26,726 [DEBUG] Enqueuing a SendRequest for 3 bytes and TAT=Physical
2026-07-30 09:52:26,727 [DEBUG] Tx: <706> (08) [ ]	 0322c10000000000
2026-07-30 09:52:26,728 [DEBUG] We've been asked to write a message to the bus
2026-07-30 09:52:26,729 [DEBUG] sending: Timestamp:        0.000000    ID:      706    S Rx     F BS       DL:  8    03 22 c1 00 00 00 00 00
2026-07-30 09:52:26,754 [DEBUG] We've been asked to write a message to the bus
2026-07-30 09:52:26,755 [DEBUG] sending: Timestamp:        0.000000    ID:      706    S Rx     F BS       DL:  8    30 08 0a 00 00 00 00 00
2026-07-30 09:52:26,756 [DEBUG] Rx: <70E> (08) [p]	 100b62c100eef800
2026-07-30 09:52:26,759 [DEBUG] Tx: <706> (08) [ ]	 30080a0000000000
2026-07-30 09:52:26,761 [DEBUG] We've been asked to write a message to the bus
2026-07-30 09:52:26,762 [DEBUG] sending: Timestamp:        0.000000    ID:      706    S Rx     F BS       DL:  8    30 08 0a 00 00 00 00 00
2026-07-30 09:52:26,768 [DEBUG] TxState=IDLE - RxState=WAIT_CF
2026-07-30 09:52:26,771 [DEBUG] Rx: <70E> (08) [p]	 210036360020aaaa
2026-07-30 09:52:26,815 [INFO] TC_ID-814 - Received: 62C100EEF8000036360020
2026-07-30 09:52:26,816 [WARNING] TC_ID-814 - PreCondition: PC_ID-024,PC_ID-023  Testcase:Type Option read information_Read(Default session) -> ❌ FAIL - Expected 100B62C100EEF8000036360020AAAAAA
2026-07-30 09:52:26,817 [DEBUG] Stopping CanStack
2026-07-30 09:52:26,818 [DEBUG] TxState=IDLE - RxState=IDLE
2026-07-30 09:52:26,819 [DEBUG] Main thread is exiting
2026-07-30 09:52:26,868 [DEBUG] CanStack Stopped
2026-07-30 09:52:26,869 [INFO] Connection closed
2026-07-30 09:52:26,869 [INFO] Running Test Case: TC_ID-815
2026-07-30 09:52:26,870 [DEBUG] Starting CanStack
2026-07-30 09:52:26,871 [DEBUG] Main thread has started
2026-07-30 09:52:26,872 [DEBUG] Relay thread has started
2026-07-30 09:52:26,875 [INFO] Connection opened
2026-07-30 09:52:26,876 [INFO] Switched to physical mode for TC: TC_ID-815 Step: PreCondition: PC_ID-024,PC_ID-023  Testcase:Output read information_Read(Default session)
2026-07-30 09:52:26,879 [INFO] TC_ID-815 - PreCondition: PC_ID-024,PC_ID-023  Testcase:Output read information_Read(Default session): SID=0x22, Sub=0xC101, Expected=[16, 11, 98, 193, 1, 6, 7, 0, 64, 0, 0, 0, 0, 170, 170, 170]
2026-07-30 09:52:26,970 [INFO] TC_ID-815 - PreCondition: PC_ID-024,PC_ID-023  Testcase:Output read information_Read(Default session): Sending request 22C101
2026-07-30 09:52:26,971 [INFO] TC_ID-815 - PreCondition: PC_ID-024,PC_ID-023  Testcase:Output read information_Read(Default session): Sending request 22C101
2026-07-30 09:52:26,972 [DEBUG] Sending 3 bytes : [22c101]
2026-07-30 09:52:26,973 [DEBUG] Enqueuing a SendRequest for 3 bytes and TAT=Physical
2026-07-30 09:52:26,975 [DEBUG] Tx: <706> (08) [ ]	 0322c10100000000
2026-07-30 09:52:26,978 [DEBUG] We've been asked to write a message to the bus
2026-07-30 09:52:26,980 [DEBUG] sending: Timestamp:        0.000000    ID:      706    S Rx     F BS       DL:  8    03 22 c1 01 00 00 00 00
2026-07-30 09:52:27,003 [DEBUG] We've been asked to write a message to the bus
2026-07-30 09:52:27,005 [DEBUG] sending: Timestamp:        0.000000    ID:      706    S Rx     F BS       DL:  8    30 08 0a 00 00 00 00 00
2026-07-30 09:52:27,006 [DEBUG] Rx: <70E> (08) [p]	 100b62c10148e440
2026-07-30 09:52:27,007 [DEBUG] Tx: <706> (08) [ ]	 30080a0000000000
2026-07-30 09:52:27,009 [DEBUG] We've been asked to write a message to the bus
2026-07-30 09:52:27,009 [DEBUG] sending: Timestamp:        0.000000    ID:      706    S Rx     F BS       DL:  8    30 08 0a 00 00 00 00 00
2026-07-30 09:52:27,010 [DEBUG] TxState=IDLE - RxState=WAIT_CF
2026-07-30 09:52:27,013 [DEBUG] Rx: <70E> (08) [p]	 212000000000aaaa
2026-07-30 09:52:27,063 [INFO] TC_ID-815 - Received: 62C10148E4402000000000
2026-07-30 09:52:27,064 [WARNING] TC_ID-815 - PreCondition: PC_ID-024,PC_ID-023  Testcase:Output read information_Read(Default session) -> ❌ FAIL - Expected 100B62C1010607004000000000AAAAAA
2026-07-30 09:52:27,065 [DEBUG] TxState=IDLE - RxState=IDLE
2026-07-30 09:52:27,066 [DEBUG] Stopping CanStack
2026-07-30 09:52:27,067 [DEBUG] Main thread is exiting
2026-07-30 09:52:27,114 [DEBUG] CanStack Stopped
2026-07-30 09:52:27,115 [INFO] Connection closed
2026-07-30 09:52:27,115 [INFO] Running Test Case: TC_ID-816
2026-07-30 09:52:27,116 [DEBUG] Starting CanStack
2026-07-30 09:52:27,117 [DEBUG] Main thread has started
2026-07-30 09:52:27,118 [DEBUG] Relay thread has started
2026-07-30 09:52:27,119 [INFO] Connection opened
2026-07-30 09:52:27,120 [INFO] Switched to physical mode for TC: TC_ID-816 Step: PreCondition: PC_ID-024,PC_ID-023  Testcase:Communication read information_Read(Default session)
2026-07-30 09:52:27,121 [INFO] TC_ID-816 - PreCondition: PC_ID-024,PC_ID-023  Testcase:Communication read information_Read(Default session): SID=0x22, Sub=0xC102, Expected=[16, 12, 98, 193, 2, 136, 228, 64, 32, 0, 0, 0, 0, 0, 170, 170]
2026-07-30 09:52:27,218 [INFO] TC_ID-816 - PreCondition: PC_ID-024,PC_ID-023  Testcase:Communication read information_Read(Default session): Sending request 22C102
2026-07-30 09:52:27,219 [INFO] TC_ID-816 - PreCondition: PC_ID-024,PC_ID-023  Testcase:Communication read information_Read(Default session): Sending request 22C102
2026-07-30 09:52:27,220 [DEBUG] Sending 3 bytes : [22c102]
2026-07-30 09:52:27,221 [DEBUG] Enqueuing a SendRequest for 3 bytes and TAT=Physical
2026-07-30 09:52:27,223 [DEBUG] Tx: <706> (08) [ ]	 0322c10200000000
2026-07-30 09:52:27,226 [DEBUG] We've been asked to write a message to the bus
2026-07-30 09:52:27,228 [DEBUG] sending: Timestamp:        0.000000    ID:      706    S Rx     F BS       DL:  8    03 22 c1 02 00 00 00 00
2026-07-30 09:52:27,253 [DEBUG] We've been asked to write a message to the bus
2026-07-30 09:52:27,254 [DEBUG] Rx: <70E> (08) [p]	 100c62c102b0074c
2026-07-30 09:52:27,255 [DEBUG] sending: Timestamp:        0.000000    ID:      706    S Rx     F BS       DL:  8    30 08 0a 00 00 00 00 00
2026-07-30 09:52:27,256 [DEBUG] Tx: <706> (08) [ ]	 30080a0000000000
2026-07-30 09:52:27,257 [DEBUG] We've been asked to write a message to the bus
2026-07-30 09:52:27,258 [DEBUG] sending: Timestamp:        0.000000    ID:      706    S Rx     F BS       DL:  8    30 08 0a 00 00 00 00 00
2026-07-30 09:52:27,259 [DEBUG] TxState=IDLE - RxState=WAIT_CF
2026-07-30 09:52:27,263 [DEBUG] Rx: <70E> (08) [p]	 21000000000000aa
2026-07-30 09:52:27,313 [INFO] TC_ID-816 - Received: 62C102B0074C000000000000
2026-07-30 09:52:27,314 [WARNING] TC_ID-816 - PreCondition: PC_ID-024,PC_ID-023  Testcase:Communication read information_Read(Default session) -> ❌ FAIL - Expected 100C62C10288E440200000000000AAAA
2026-07-30 09:52:27,314 [DEBUG] Stopping CanStack
2026-07-30 09:52:27,317 [DEBUG] TxState=IDLE - RxState=IDLE
2026-07-30 09:52:27,318 [DEBUG] Main thread is exiting
2026-07-30 09:52:27,364 [DEBUG] CanStack Stopped
2026-07-30 09:52:27,365 [INFO] Connection closed
2026-07-30 09:52:27,366 [INFO] Running Test Case: TC_ID-817
2026-07-30 09:52:27,366 [DEBUG] Starting CanStack
2026-07-30 09:52:27,367 [DEBUG] Main thread has started
2026-07-30 09:52:27,368 [DEBUG] Relay thread has started
2026-07-30 09:52:27,369 [INFO] Connection opened
2026-07-30 09:52:27,370 [INFO] Switched to physical mode for TC: TC_ID-817 Step: PreCondition: PC_ID-024,PC_ID-023  Testcase:LH seat heat fail detection read  information_Read(Default session)
2026-07-30 09:52:27,371 [INFO] TC_ID-817 - PreCondition: PC_ID-024,PC_ID-023  Testcase:LH seat heat fail detection read  information_Read(Default session): SID=0x22, Sub=0xC103, Expected=[16, 26, 98, 193, 3, 192, 0, 234, 160, 0, 0, 0, 0, 0, 0, 0, 0, 0]
2026-07-30 09:52:27,472 [INFO] TC_ID-817 - PreCondition: PC_ID-024,PC_ID-023  Testcase:LH seat heat fail detection read  information_Read(Default session): Sending request 22C103
2026-07-30 09:52:27,473 [INFO] TC_ID-817 - PreCondition: PC_ID-024,PC_ID-023  Testcase:LH seat heat fail detection read  information_Read(Default session): Sending request 22C103
2026-07-30 09:52:27,474 [DEBUG] Sending 3 bytes : [22c103]
2026-07-30 09:52:27,475 [DEBUG] Enqueuing a SendRequest for 3 bytes and TAT=Physical
2026-07-30 09:52:27,477 [DEBUG] Tx: <706> (08) [ ]	 0322c10300000000
2026-07-30 09:52:27,480 [DEBUG] We've been asked to write a message to the bus
2026-07-30 09:52:27,482 [DEBUG] sending: Timestamp:        0.000000    ID:      706    S Rx     F BS       DL:  8    03 22 c1 03 00 00 00 00
2026-07-30 09:52:27,503 [DEBUG] We've been asked to write a message to the bus
2026-07-30 09:52:27,506 [DEBUG] sending: Timestamp:        0.000000    ID:      706    S Rx     F BS       DL:  8    30 08 0a 00 00 00 00 00
2026-07-30 09:52:27,507 [DEBUG] Rx: <70E> (08) [p]	 101062c103c000ea
2026-07-30 09:52:27,509 [DEBUG] Tx: <706> (08) [ ]	 30080a0000000000
2026-07-30 09:52:27,511 [DEBUG] We've been asked to write a message to the bus
2026-07-30 09:52:27,513 [DEBUG] sending: Timestamp:        0.000000    ID:      706    S Rx     F BS       DL:  8    30 08 0a 00 00 00 00 00
2026-07-30 09:52:27,518 [DEBUG] TxState=IDLE - RxState=WAIT_CF
2026-07-30 09:52:27,520 [DEBUG] Rx: <70E> (08) [p]	 21a0000000000020
2026-07-30 09:52:27,529 [DEBUG] Rx: <70E> (08) [p]	 22200000aaaaaaaa
2026-07-30 09:52:27,578 [INFO] TC_ID-817 - Received: 62C103C000EAA0000000000020200000
2026-07-30 09:52:27,579 [WARNING] TC_ID-817 - PreCondition: PC_ID-024,PC_ID-023  Testcase:LH seat heat fail detection read  information_Read(Default session) -> ❌ FAIL - Expected 101A62C103C000EAA0000000000000000000
2026-07-30 09:52:27,580 [DEBUG] Stopping CanStack
2026-07-30 09:52:27,581 [DEBUG] TxState=IDLE - RxState=IDLE
2026-07-30 09:52:27,582 [DEBUG] Main thread is exiting
2026-07-30 09:52:27,630 [DEBUG] CanStack Stopped
2026-07-30 09:52:27,631 [INFO] Connection closed
2026-07-30 09:52:27,632 [INFO] Running Test Case: TC_ID-818
2026-07-30 09:52:27,632 [DEBUG] Starting CanStack
2026-07-30 09:52:27,634 [DEBUG] Main thread has started
2026-07-30 09:52:27,635 [DEBUG] Relay thread has started
2026-07-30 09:52:27,637 [INFO] Connection opened
2026-07-30 09:52:27,638 [INFO] Switched to physical mode for TC: TC_ID-818 Step: PreCondition: PC_ID-024,PC_ID-023  Testcase:LH seat vent fail detection read   information_Read(Default session)
2026-07-30 09:52:27,639 [INFO] TC_ID-818 - PreCondition: PC_ID-024,PC_ID-023  Testcase:LH seat vent fail detection read   information_Read(Default session): SID=0x22, Sub=0xC104, Expected=[16, 10, 98, 193, 4, 250, 0, 0, 0, 0, 0, 0, 170, 170, 170, 170]
2026-07-30 09:52:27,744 [INFO] TC_ID-818 - PreCondition: PC_ID-024,PC_ID-023  Testcase:LH seat vent fail detection read   information_Read(Default session): Sending request 22C104
2026-07-30 09:52:27,745 [INFO] TC_ID-818 - PreCondition: PC_ID-024,PC_ID-023  Testcase:LH seat vent fail detection read   information_Read(Default session): Sending request 22C104
2026-07-30 09:52:27,747 [DEBUG] Sending 3 bytes : [22c104]
2026-07-30 09:52:27,749 [DEBUG] Enqueuing a SendRequest for 3 bytes and TAT=Physical
2026-07-30 09:52:27,753 [DEBUG] Tx: <706> (08) [ ]	 0322c10400000000
2026-07-30 09:52:27,756 [DEBUG] We've been asked to write a message to the bus
2026-07-30 09:52:27,757 [DEBUG] sending: Timestamp:        0.000000    ID:      706    S Rx     F BS       DL:  8    03 22 c1 04 00 00 00 00
2026-07-30 09:52:27,785 [DEBUG] We've been asked to write a message to the bus
2026-07-30 09:52:27,788 [DEBUG] sending: Timestamp:        0.000000    ID:      706    S Rx     F BS       DL:  8    30 08 0a 00 00 00 00 00
2026-07-30 09:52:27,795 [DEBUG] Rx: <70E> (08) [p]	 100a62c104fa0000
2026-07-30 09:52:27,797 [DEBUG] Tx: <706> (08) [ ]	 30080a0000000000
2026-07-30 09:52:27,801 [DEBUG] We've been asked to write a message to the bus
2026-07-30 09:52:27,805 [DEBUG] sending: Timestamp:        0.000000    ID:      706    S Rx     F BS       DL:  8    30 08 0a 00 00 00 00 00
2026-07-30 09:52:27,806 [DEBUG] TxState=IDLE - RxState=WAIT_CF
2026-07-30 09:52:27,809 [DEBUG] Rx: <70E> (08) [p]	 2100000000aaaaaa
2026-07-30 09:52:27,850 [INFO] TC_ID-818 - Received: 62C104FA000000000000
2026-07-30 09:52:27,851 [WARNING] TC_ID-818 - PreCondition: PC_ID-024,PC_ID-023  Testcase:LH seat vent fail detection read   information_Read(Default session) -> ❌ FAIL - Expected 100A62C104FA000000000000AAAAAAAA
2026-07-30 09:52:27,852 [DEBUG] Stopping CanStack
2026-07-30 09:52:27,854 [DEBUG] TxState=IDLE - RxState=IDLE
2026-07-30 09:52:27,855 [DEBUG] Main thread is exiting
2026-07-30 09:52:27,901 [DEBUG] CanStack Stopped
2026-07-30 09:52:27,902 [INFO] Connection closed
2026-07-30 09:52:27,902 [INFO] Running Test Case: TC_ID-819
2026-07-30 09:52:27,903 [DEBUG] Starting CanStack
2026-07-30 09:52:27,904 [DEBUG] Main thread has started
2026-07-30 09:52:27,906 [DEBUG] Relay thread has started
2026-07-30 09:52:27,907 [INFO] Connection opened
2026-07-30 09:52:27,907 [INFO] Switched to physical mode for TC: TC_ID-819 Step: PreCondition: PC_ID-024,PC_ID-023  Testcase:RH seat heat fail detection read   information_Read(Default session)
2026-07-30 09:52:27,908 [INFO] TC_ID-819 - PreCondition: PC_ID-024,PC_ID-023  Testcase:RH seat heat fail detection read   information_Read(Default session): SID=0x22, Sub=0xC105, Expected=[16, 16, 98, 193, 5, 192, 0, 234, 160, 0, 0, 0, 0, 0, 0, 0, 0, 0]
2026-07-30 09:52:28,008 [INFO] TC_ID-819 - PreCondition: PC_ID-024,PC_ID-023  Testcase:RH seat heat fail detection read   information_Read(Default session): Sending request 22C105
2026-07-30 09:52:28,009 [INFO] TC_ID-819 - PreCondition: PC_ID-024,PC_ID-023  Testcase:RH seat heat fail detection read   information_Read(Default session): Sending request 22C105
2026-07-30 09:52:28,010 [DEBUG] Sending 3 bytes : [22c105]
2026-07-30 09:52:28,011 [DEBUG] Enqueuing a SendRequest for 3 bytes and TAT=Physical
2026-07-30 09:52:28,013 [DEBUG] Tx: <706> (08) [ ]	 0322c10500000000
2026-07-30 09:52:28,016 [DEBUG] We've been asked to write a message to the bus
2026-07-30 09:52:28,018 [DEBUG] sending: Timestamp:        0.000000    ID:      706    S Rx     F BS       DL:  8    03 22 c1 05 00 00 00 00
2026-07-30 09:52:28,043 [DEBUG] We've been asked to write a message to the bus
2026-07-30 09:52:28,044 [DEBUG] Rx: <70E> (08) [p]	 101062c105c000ea
2026-07-30 09:52:28,045 [DEBUG] sending: Timestamp:        0.000000    ID:      706    S Rx     F BS       DL:  8    30 08 0a 00 00 00 00 00
2026-07-30 09:52:28,046 [DEBUG] Tx: <706> (08) [ ]	 30080a0000000000
2026-07-30 09:52:28,047 [DEBUG] We've been asked to write a message to the bus
2026-07-30 09:52:28,049 [DEBUG] sending: Timestamp:        0.000000    ID:      706    S Rx     F BS       DL:  8    30 08 0a 00 00 00 00 00
2026-07-30 09:52:28,050 [DEBUG] TxState=IDLE - RxState=WAIT_CF
2026-07-30 09:52:28,053 [DEBUG] Rx: <70E> (08) [p]	 21a0000000000020
2026-07-30 09:52:28,069 [DEBUG] Rx: <70E> (08) [p]	 22200000aaaaaaaa
2026-07-30 09:52:28,119 [INFO] TC_ID-819 - Received: 62C105C000EAA0000000000020200000
2026-07-30 09:52:28,120 [WARNING] TC_ID-819 - PreCondition: PC_ID-024,PC_ID-023  Testcase:RH seat heat fail detection read   information_Read(Default session) -> ❌ FAIL - Expected 101062C105C000EAA0000000000000000000
2026-07-30 09:52:28,121 [DEBUG] TxState=IDLE - RxState=IDLE
2026-07-30 09:52:28,122 [DEBUG] Stopping CanStack
2026-07-30 09:52:28,123 [DEBUG] Main thread is exiting
2026-07-30 09:52:28,170 [DEBUG] CanStack Stopped
2026-07-30 09:52:28,171 [INFO] Connection closed
2026-07-30 09:52:28,172 [INFO] Running Test Case: TC_ID-820
2026-07-30 09:52:28,172 [DEBUG] Starting CanStack
2026-07-30 09:52:28,174 [DEBUG] Main thread has started
2026-07-30 09:52:28,175 [DEBUG] Relay thread has started
2026-07-30 09:52:28,176 [INFO] Connection opened
2026-07-30 09:52:28,177 [INFO] Switched to physical mode for TC: TC_ID-820 Step: PreCondition: PC_ID-024,PC_ID-023  Testcase:RH seat vent fail detection read   information_Read(Default session)
2026-07-30 09:52:28,178 [INFO] TC_ID-820 - PreCondition: PC_ID-024,PC_ID-023  Testcase:RH seat vent fail detection read   information_Read(Default session): SID=0x22, Sub=0xC106, Expected=[16, 10, 98, 193, 6, 250, 0, 0, 0, 0, 0, 0, 170, 170, 170, 170]
2026-07-30 09:52:28,283 [INFO] TC_ID-820 - PreCondition: PC_ID-024,PC_ID-023  Testcase:RH seat vent fail detection read   information_Read(Default session): Sending request 22C106
2026-07-30 09:52:28,284 [INFO] TC_ID-820 - PreCondition: PC_ID-024,PC_ID-023  Testcase:RH seat vent fail detection read   information_Read(Default session): Sending request 22C106
2026-07-30 09:52:28,285 [DEBUG] Sending 3 bytes : [22c106]
2026-07-30 09:52:28,286 [DEBUG] Enqueuing a SendRequest for 3 bytes and TAT=Physical
2026-07-30 09:52:28,288 [DEBUG] Tx: <706> (08) [ ]	 0322c10600000000
2026-07-30 09:52:28,291 [DEBUG] We've been asked to write a message to the bus
2026-07-30 09:52:28,292 [DEBUG] sending: Timestamp:        0.000000    ID:      706    S Rx     F BS       DL:  8    03 22 c1 06 00 00 00 00
2026-07-30 09:52:28,314 [DEBUG] We've been asked to write a message to the bus
2026-07-30 09:52:28,315 [DEBUG] Rx: <70E> (08) [p]	 100a62c106fa0000
2026-07-30 09:52:28,317 [DEBUG] sending: Timestamp:        0.000000    ID:      706    S Rx     F BS       DL:  8    30 08 0a 00 00 00 00 00
2026-07-30 09:52:28,319 [DEBUG] Tx: <706> (08) [ ]	 30080a0000000000
2026-07-30 09:52:28,321 [DEBUG] We've been asked to write a message to the bus
2026-07-30 09:52:28,322 [DEBUG] sending: Timestamp:        0.000000    ID:      706    S Rx     F BS       DL:  8    30 08 0a 00 00 00 00 00
2026-07-30 09:52:28,329 [DEBUG] TxState=IDLE - RxState=WAIT_CF
2026-07-30 09:52:28,331 [DEBUG] Rx: <70E> (08) [p]	 2100000000aaaaaa
2026-07-30 09:52:28,378 [INFO] TC_ID-820 - Received: 62C106FA000000000000
2026-07-30 09:52:28,379 [WARNING] TC_ID-820 - PreCondition: PC_ID-024,PC_ID-023  Testcase:RH seat vent fail detection read   information_Read(Default session) -> ❌ FAIL - Expected 100A62C106FA000000000000AAAAAAAA
2026-07-30 09:52:28,380 [DEBUG] Stopping CanStack
2026-07-30 09:52:28,381 [DEBUG] TxState=IDLE - RxState=IDLE
2026-07-30 09:52:28,382 [DEBUG] Main thread is exiting
2026-07-30 09:52:28,425 [DEBUG] CanStack Stopped
2026-07-30 09:52:28,426 [INFO] Connection closed
2026-07-30 09:52:28,426 [INFO] Running Test Case: TC_ID-821
2026-07-30 09:52:28,427 [DEBUG] Starting CanStack
2026-07-30 09:52:28,428 [DEBUG] Main thread has started
2026-07-30 09:52:28,429 [DEBUG] Relay thread has started
2026-07-30 09:52:28,430 [INFO] Connection opened
2026-07-30 09:52:28,431 [INFO] Switched to physical mode for TC: TC_ID-821 Step: PreCondition: PC_ID-024,PC_ID-023  Testcase:Log frame data read  information_Read(Default session)
2026-07-30 09:52:28,431 [INFO] TC_ID-821 - PreCondition: PC_ID-024,PC_ID-023  Testcase:Log frame data read  information_Read(Default session): SID=0x22, Sub=0xCF10, Expected=[16, 50, 98, 207, 16, 239, 199, 126, 0, 4, 10, 4, 4, 9, 4, 239, 192, 0, 0, 4, 9, 4, 170, 170, 170]
2026-07-30 09:52:28,526 [INFO] TC_ID-821 - PreCondition: PC_ID-024,PC_ID-023  Testcase:Log frame data read  information_Read(Default session): Sending request 22CF10
2026-07-30 09:52:28,526 [INFO] TC_ID-821 - PreCondition: PC_ID-024,PC_ID-023  Testcase:Log frame data read  information_Read(Default session): Sending request 22CF10
2026-07-30 09:52:28,527 [DEBUG] Sending 3 bytes : [22cf10]
2026-07-30 09:52:28,528 [DEBUG] Enqueuing a SendRequest for 3 bytes and TAT=Physical
2026-07-30 09:52:28,531 [DEBUG] Tx: <706> (08) [ ]	 0322cf1000000000
2026-07-30 09:52:28,534 [DEBUG] We've been asked to write a message to the bus
2026-07-30 09:52:28,535 [DEBUG] sending: Timestamp:        0.000000    ID:      706    S Rx     F BS       DL:  8    03 22 cf 10 00 00 00 00
2026-07-30 09:52:28,553 [DEBUG] We've been asked to write a message to the bus
2026-07-30 09:52:28,554 [DEBUG] Rx: <70E> (08) [p]	 101462cf10efc77e
2026-07-30 09:52:28,556 [DEBUG] sending: Timestamp:        0.000000    ID:      706    S Rx     F BS       DL:  8    30 08 0a 00 00 00 00 00
2026-07-30 09:52:28,558 [DEBUG] Tx: <706> (08) [ ]	 30080a0000000000
2026-07-30 09:52:28,560 [DEBUG] We've been asked to write a message to the bus
2026-07-30 09:52:28,561 [DEBUG] sending: Timestamp:        0.000000    ID:      706    S Rx     F BS       DL:  8    30 08 0a 00 00 00 00 00
2026-07-30 09:52:28,564 [DEBUG] TxState=IDLE - RxState=WAIT_CF
2026-07-30 09:52:28,569 [DEBUG] Rx: <70E> (08) [p]	 2100040a04040904
2026-07-30 09:52:28,579 [DEBUG] Rx: <70E> (08) [p]	 22efc00000040904
2026-07-30 09:52:28,629 [INFO] TC_ID-821 - Received: 62CF10EFC77E00040A04040904EFC00000040904
2026-07-30 09:52:28,630 [WARNING] TC_ID-821 - PreCondition: PC_ID-024,PC_ID-023  Testcase:Log frame data read  information_Read(Default session) -> ❌ FAIL - Expected 103262CF10EFC77E00040A04040904EFC00000040904AAAAAA
2026-07-30 09:52:28,632 [DEBUG] Stopping CanStack
2026-07-30 09:52:28,633 [DEBUG] TxState=IDLE - RxState=IDLE
2026-07-30 09:52:28,635 [DEBUG] Main thread is exiting
2026-07-30 09:52:28,682 [DEBUG] CanStack Stopped
2026-07-30 09:52:28,683 [INFO] Connection closed
2026-07-30 09:52:28,683 [INFO] Running Test Case: TC_ID-822
2026-07-30 09:52:28,684 [DEBUG] Starting CanStack
2026-07-30 09:52:28,685 [DEBUG] Main thread has started
2026-07-30 09:52:28,686 [DEBUG] Relay thread has started
2026-07-30 09:52:28,687 [INFO] Connection opened
2026-07-30 09:52:28,688 [INFO] Switched to physical mode for TC: TC_ID-822 Step: PreCondition: PC_ID-024,PC_ID-023  Testcase:Non-Sleep ECU data Identifier_Read(Default session)
2026-07-30 09:52:28,688 [INFO] TC_ID-822 - PreCondition: PC_ID-024,PC_ID-023  Testcase:Non-Sleep ECU data Identifier_Read(Default session): SID=0x22, Sub=0xED90, Expected=[16, 9, 98, 237, 144, 240, 0, 0, 0, 8, 0, 170, 170, 170, 170, 170]
2026-07-30 09:52:28,780 [INFO] TC_ID-822 - PreCondition: PC_ID-024,PC_ID-023  Testcase:Non-Sleep ECU data Identifier_Read(Default session): Sending request 22ED90
2026-07-30 09:52:28,781 [INFO] TC_ID-822 - PreCondition: PC_ID-024,PC_ID-023  Testcase:Non-Sleep ECU data Identifier_Read(Default session): Sending request 22ED90
2026-07-30 09:52:28,782 [DEBUG] Sending 3 bytes : [22ed90]
2026-07-30 09:52:28,783 [DEBUG] Enqueuing a SendRequest for 3 bytes and TAT=Physical
2026-07-30 09:52:28,785 [DEBUG] Tx: <706> (08) [ ]	 0322ed9000000000
2026-07-30 09:52:28,788 [DEBUG] We've been asked to write a message to the bus
2026-07-30 09:52:28,790 [DEBUG] sending: Timestamp:        0.000000    ID:      706    S Rx     F BS       DL:  8    03 22 ed 90 00 00 00 00
2026-07-30 09:52:28,814 [DEBUG] Rx: <70E> (08) [p]	 100962ed90f00000
2026-07-30 09:52:28,815 [DEBUG] We've been asked to write a message to the bus
2026-07-30 09:52:28,816 [DEBUG] Tx: <706> (08) [ ]	 30080a0000000000
2026-07-30 09:52:28,816 [DEBUG] sending: Timestamp:        0.000000    ID:      706    S Rx     F BS       DL:  8    30 08 0a 00 00 00 00 00
2026-07-30 09:52:28,817 [DEBUG] We've been asked to write a message to the bus
2026-07-30 09:52:28,818 [DEBUG] sending: Timestamp:        0.000000    ID:      706    S Rx     F BS       DL:  8    30 08 0a 00 00 00 00 00
2026-07-30 09:52:28,820 [DEBUG] TxState=IDLE - RxState=WAIT_CF
2026-07-30 09:52:28,823 [DEBUG] Rx: <70E> (08) [p]	 21000000aaaaaaaa
2026-07-30 09:52:28,873 [INFO] TC_ID-822 - Received: 62ED90F00000000000
2026-07-30 09:52:28,874 [WARNING] TC_ID-822 - PreCondition: PC_ID-024,PC_ID-023  Testcase:Non-Sleep ECU data Identifier_Read(Default session) -> ❌ FAIL - Expected 100962ED90F00000000800AAAAAAAAAA
2026-07-30 09:52:28,875 [DEBUG] TxState=IDLE - RxState=IDLE
2026-07-30 09:52:28,875 [DEBUG] Stopping CanStack
2026-07-30 09:52:28,877 [DEBUG] Main thread is exiting
2026-07-30 09:52:28,924 [DEBUG] CanStack Stopped
2026-07-30 09:52:28,925 [INFO] Connection closed
2026-07-30 09:52:28,926 [INFO] Running Test Case: TC_ID-823
2026-07-30 09:52:28,926 [DEBUG] Starting CanStack
2026-07-30 09:52:28,927 [DEBUG] Main thread has started
2026-07-30 09:52:28,928 [DEBUG] Relay thread has started
2026-07-30 09:52:28,930 [INFO] Connection opened
2026-07-30 09:52:28,931 [INFO] Switched to physical mode for TC: TC_ID-823 Step: PreCondition: PC_ID-023  Testcase:Verify SHVU Front Diagnostics CAN request and response ID's
2026-07-30 09:52:28,932 [INFO] TC_ID-823 - PreCondition: PC_ID-023  Testcase:Verify SHVU Front Diagnostics CAN request and response ID's: SID=0x10, Sub=0x01, Expected=[6, 80, 1, 0, 50, 1, 244, 170]
2026-07-30 09:52:29,027 [INFO] TC_ID-823 - PreCondition: PC_ID-023  Testcase:Verify SHVU Front Diagnostics CAN request and response ID's: Sending 1001
2026-07-30 09:52:29,081 [INFO] TC_ID-823 - PreCondition: PC_ID-023  Testcase:Verify SHVU Front Diagnostics CAN request and response ID's: Sending request 1001
2026-07-30 09:52:29,082 [DEBUG] Sending 2 bytes : [1001]
2026-07-30 09:52:29,084 [DEBUG] Enqueuing a SendRequest for 2 bytes and TAT=Physical
2026-07-30 09:52:29,085 [DEBUG] Tx: <706> (08) [ ]	 0210010000000000
2026-07-30 09:52:29,088 [DEBUG] We've been asked to write a message to the bus
2026-07-30 09:52:29,090 [DEBUG] sending: Timestamp:        0.000000    ID:      706    S Rx     F BS       DL:  8    02 10 01 00 00 00 00 00
2026-07-30 09:52:29,113 [INFO] TC_ID-823 - Received: 5001003201F4
2026-07-30 09:52:29,114 [WARNING] TC_ID-823 - PreCondition: PC_ID-023  Testcase:Verify SHVU Front Diagnostics CAN request and response ID's -> FAIL - Unexpected response
2026-07-30 09:52:29,115 [DEBUG] Rx: <70E> (08) [p]	 065001003201f4aa
2026-07-30 09:52:29,116 [DEBUG] Stopping CanStack
2026-07-30 09:52:29,117 [DEBUG] Main thread is exiting
2026-07-30 09:52:29,166 [DEBUG] CanStack Stopped
2026-07-30 09:52:29,167 [INFO] Connection closed
2026-07-30 09:52:29,167 [INFO] Running Test Case: TC_ID-824
2026-07-30 09:52:29,168 [DEBUG] Starting CanStack
2026-07-30 09:52:29,170 [DEBUG] Main thread has started
2026-07-30 09:52:29,171 [DEBUG] Relay thread has started
2026-07-30 09:52:29,177 [INFO] Connection opened
2026-07-30 09:52:29,177 [INFO] Switched to physical mode for TC: TC_ID-824 Step: PreCondition: PC_ID-023  Testcase:Start Default session
2026-07-30 09:52:29,178 [INFO] TC_ID-824 - PreCondition: PC_ID-023  Testcase:Start Default session: SID=0x10, Sub=0x01, Expected=[6, 80, 1, 0, 50, 1, 244, 170]
2026-07-30 09:52:29,254 [INFO] TC_ID-824 - PreCondition: PC_ID-023  Testcase:Start Default session: Sending 1001
2026-07-30 09:52:29,308 [INFO] TC_ID-824 - PreCondition: PC_ID-023  Testcase:Start Default session: Sending request 1001
2026-07-30 09:52:29,310 [DEBUG] Sending 2 bytes : [1001]
2026-07-30 09:52:29,313 [DEBUG] Enqueuing a SendRequest for 2 bytes and TAT=Physical
2026-07-30 09:52:29,317 [DEBUG] Tx: <706> (08) [ ]	 0210010000000000
2026-07-30 09:52:29,319 [DEBUG] We've been asked to write a message to the bus
2026-07-30 09:52:29,319 [DEBUG] sending: Timestamp:        0.000000    ID:      706    S Rx     F BS       DL:  8    02 10 01 00 00 00 00 00
2026-07-30 09:52:29,343 [INFO] TC_ID-824 - Received: 5001003201F4
2026-07-30 09:52:29,344 [DEBUG] Rx: <70E> (08) [p]	 065001003201f4aa
2026-07-30 09:52:29,345 [WARNING] TC_ID-824 - PreCondition: PC_ID-023  Testcase:Start Default session -> FAIL - Unexpected response
2026-07-30 09:52:29,346 [DEBUG] Stopping CanStack
2026-07-30 09:52:29,347 [DEBUG] Main thread is exiting
2026-07-30 09:52:29,393 [DEBUG] CanStack Stopped
2026-07-30 09:52:29,394 [INFO] Connection closed
2026-07-30 09:52:29,395 [INFO] Running Test Case: TC_ID-825
2026-07-30 09:52:29,395 [DEBUG] Starting CanStack
2026-07-30 09:52:29,397 [DEBUG] Main thread has started
2026-07-30 09:52:29,399 [DEBUG] Relay thread has started
2026-07-30 09:52:29,404 [INFO] Connection opened
2026-07-30 09:52:29,405 [INFO] Switched to physical mode for TC: TC_ID-825 Step: PreCondition: PC_ID-023  Testcase:Read DTC Past(19 02 09)
2026-07-30 09:52:29,441 [INFO] TC_ID-825 - PreCondition: PC_ID-023  Testcase:Read DTC Past(19 02 09): SID=0x19, Sub=0x02, Expected=[7, 89, 2, 9, 167, 19, 0, 8]
2026-07-30 09:52:29,516 [INFO] TC_ID-825 - PreCondition: PC_ID-023  Testcase:Read DTC Past(19 02 09): Sending 190209
2026-07-30 09:52:29,517 [INFO] TC_ID-825 - PreCondition: PC_ID-023  Testcase:Read DTC Past(19 02 09): Sending request 190209
2026-07-30 09:52:29,518 [DEBUG] Sending 3 bytes : [190209]
2026-07-30 09:52:29,519 [DEBUG] Enqueuing a SendRequest for 3 bytes and TAT=Physical
2026-07-30 09:52:29,522 [DEBUG] Tx: <706> (08) [ ]	 0319020900000000
2026-07-30 09:52:29,524 [DEBUG] We've been asked to write a message to the bus
2026-07-30 09:52:29,526 [DEBUG] sending: Timestamp:        0.000000    ID:      706    S Rx     F BS       DL:  8    03 19 02 09 00 00 00 00
2026-07-30 09:52:29,543 [DEBUG] Stopping CanStack
2026-07-30 09:52:29,545 [DEBUG] Rx: <70E> (08) [p]	 07590209a7130008
2026-07-30 09:52:29,547 [DEBUG] Main thread is exiting
2026-07-30 09:52:29,595 [DEBUG] CanStack Stopped
2026-07-30 09:52:29,596 [INFO] Connection closed
2026-07-30 09:52:29,597 [INFO] Running Test Case: TC_ID-826
2026-07-30 09:52:29,598 [DEBUG] Starting CanStack
2026-07-30 09:52:29,600 [DEBUG] Main thread has started
2026-07-30 09:52:29,601 [DEBUG] Relay thread has started
2026-07-30 09:52:29,606 [INFO] Connection opened
2026-07-30 09:52:29,607 [INFO] Switched to physical mode for TC: TC_ID-826 Step: PreCondition: PC_ID-024  Testcase:Verify CAN bus off error (19 02 09)
2026-07-30 09:52:29,608 [INFO] TC_ID-826 - PreCondition: PC_ID-024  Testcase:Verify CAN bus off error (19 02 09): SID=0x19, Sub=0x02, Expected=[7, 89, 2, 9, 167, 19, 0, 8]
2026-07-30 09:52:29,686 [INFO] TC_ID-826 - PreCondition: PC_ID-024  Testcase:Verify CAN bus off error (19 02 09): Sending 190209
2026-07-30 09:52:29,687 [INFO] TC_ID-826 - PreCondition: PC_ID-024  Testcase:Verify CAN bus off error (19 02 09): Sending request 190209
2026-07-30 09:52:29,688 [DEBUG] Sending 3 bytes : [190209]
2026-07-30 09:52:29,689 [DEBUG] Enqueuing a SendRequest for 3 bytes and TAT=Physical
2026-07-30 09:52:29,691 [DEBUG] Tx: <706> (08) [ ]	 0319020900000000
2026-07-30 09:52:29,694 [DEBUG] We've been asked to write a message to the bus
2026-07-30 09:52:29,696 [DEBUG] sending: Timestamp:        0.000000    ID:      706    S Rx     F BS       DL:  8    03 19 02 09 00 00 00 00
2026-07-30 09:52:29,713 [DEBUG] Stopping CanStack
2026-07-30 09:52:29,716 [DEBUG] Main thread is exiting
2026-07-30 09:52:29,718 [DEBUG] CanStack Stopped
2026-07-30 09:52:29,719 [INFO] Connection closed
2026-07-30 09:52:29,719 [INFO] Running Test Case: PC_ID-028
2026-07-30 09:52:29,720 [DEBUG] Starting CanStack
2026-07-30 09:52:29,722 [DEBUG] Main thread has started
2026-07-30 09:52:29,724 [DEBUG] Relay thread has started
2026-07-30 09:52:29,729 [INFO] Connection opened
2026-07-30 09:52:29,730 [INFO] Switched to physical mode for TC: PC_ID-028 Step: Start Programming  session
2026-07-30 09:52:29,731 [INFO] PC_ID-028 - Start Programming  session: SID=0x10, Sub=0x02, Expected=[6, 80, 2, 0, 50, 1, 244, 170]
2026-07-30 09:52:29,794 [INFO] PC_ID-028 - Start Programming  session: Sending 1002
2026-07-30 09:52:29,847 [INFO] PC_ID-028 - Start Programming  session: Sending request 1002
2026-07-30 09:52:29,848 [DEBUG] Sending 2 bytes : [1002]
2026-07-30 09:52:29,850 [DEBUG] Enqueuing a SendRequest for 2 bytes and TAT=Physical
2026-07-30 09:52:29,851 [DEBUG] Tx: <706> (08) [ ]	 0210020000000000
2026-07-30 09:52:29,854 [DEBUG] We've been asked to write a message to the bus
2026-07-30 09:52:29,856 [DEBUG] sending: Timestamp:        0.000000    ID:      706    S Rx     F BS       DL:  8    02 10 02 00 00 00 00 00
2026-07-30 09:52:29,883 [DEBUG] Rx: <70E> (08) [p]	 037f1078aaaaaaaa
2026-07-30 09:52:30,153 [DEBUG] Rx: <70E> (08) [p]	 065002003201f4aa
2026-07-30 09:52:30,153 [INFO] PC_ID-028 - Received: 5002003201F4
2026-07-30 09:52:30,155 [WARNING] PC_ID-028 - Start Programming  session -> FAIL - Unexpected response
2026-07-30 09:52:30,155 [DEBUG] Stopping CanStack
2026-07-30 09:52:30,157 [DEBUG] Main thread is exiting
2026-07-30 09:52:30,203 [DEBUG] CanStack Stopped
2026-07-30 09:52:30,204 [INFO] Connection closed
2026-07-30 09:52:30,205 [INFO] Running Test Case: TC_ID-827
2026-07-30 09:52:30,206 [DEBUG] Starting CanStack
2026-07-30 09:52:30,207 [DEBUG] Main thread has started
2026-07-30 09:52:30,211 [DEBUG] Relay thread has started
2026-07-30 09:52:30,214 [INFO] Connection opened
2026-07-30 09:52:30,215 [INFO] Switched to physical mode for TC: TC_ID-827 Step: PreCondition: PC_ID-028  Testcase:Verify CAN bus off error (19 02 09)
2026-07-30 09:52:30,215 [INFO] TC_ID-827 - PreCondition: PC_ID-028  Testcase:Verify CAN bus off error (19 02 09): SID=0x19, Sub=0x02, Expected=[3, 127, 25, 17, 170, 170, 170]
2026-07-30 09:52:30,294 [INFO] TC_ID-827 - PreCondition: PC_ID-028  Testcase:Verify CAN bus off error (19 02 09): Sending 190209
2026-07-30 09:52:30,295 [INFO] TC_ID-827 - PreCondition: PC_ID-028  Testcase:Verify CAN bus off error (19 02 09): Sending request 190209
2026-07-30 09:52:30,296 [DEBUG] Sending 3 bytes : [190209]
2026-07-30 09:52:30,298 [DEBUG] Enqueuing a SendRequest for 3 bytes and TAT=Physical
2026-07-30 09:52:30,300 [DEBUG] Tx: <706> (08) [ ]	 0319020900000000
2026-07-30 09:52:30,302 [DEBUG] We've been asked to write a message to the bus
2026-07-30 09:52:30,304 [DEBUG] sending: Timestamp:        0.000000    ID:      706    S Rx     F BS       DL:  8    03 19 02 09 00 00 00 00
2026-07-30 09:52:30,314 [DEBUG] Stopping CanStack
2026-07-30 09:52:30,315 [DEBUG] Rx: <70E> (08) [p]	 037f1911aaaaaaaa
2026-07-30 09:52:30,322 [DEBUG] Main thread is exiting
2026-07-30 09:52:30,363 [DEBUG] CanStack Stopped
2026-07-30 09:52:30,364 [INFO] Connection closed
2026-07-30 09:52:30,365 [INFO] Running Test Case: TC_ID-828
2026-07-30 09:52:30,366 [DEBUG] Starting CanStack
2026-07-30 09:52:30,368 [DEBUG] Main thread has started
2026-07-30 09:52:30,370 [DEBUG] Relay thread has started
2026-07-30 09:52:30,374 [INFO] Connection opened
2026-07-30 09:52:30,375 [INFO] Switched to physical mode for TC: TC_ID-828 Step: PreCondition: PC_ID-023  Testcase:Verify report Read DTC in past (19 02 08)
2026-07-30 09:52:30,376 [INFO] TC_ID-828 - PreCondition: PC_ID-023  Testcase:Verify report Read DTC in past (19 02 08): SID=0x19, Sub=0x02, Expected=[3, 89, 2, 8, 170, 170, 170, 170]
2026-07-30 09:52:30,458 [INFO] TC_ID-828 - PreCondition: PC_ID-023  Testcase:Verify report Read DTC in past (19 02 08): Sending 190208
2026-07-30 09:52:30,459 [INFO] TC_ID-828 - PreCondition: PC_ID-023  Testcase:Verify report Read DTC in past (19 02 08): Sending request 190208
2026-07-30 09:52:30,461 [DEBUG] Sending 3 bytes : [190208]
2026-07-30 09:52:30,462 [DEBUG] Enqueuing a SendRequest for 3 bytes and TAT=Physical
2026-07-30 09:52:30,464 [DEBUG] Tx: <706> (08) [ ]	 0319020800000000
2026-07-30 09:52:30,467 [DEBUG] We've been asked to write a message to the bus
2026-07-30 09:52:30,468 [DEBUG] sending: Timestamp:        0.000000    ID:      706    S Rx     F BS       DL:  8    03 19 02 08 00 00 00 00
2026-07-30 09:52:30,484 [DEBUG] Stopping CanStack
2026-07-30 09:52:30,485 [DEBUG] Rx: <70E> (08) [p]	 037f1911aaaaaaaa
2026-07-30 09:52:30,486 [DEBUG] Main thread is exiting
2026-07-30 09:52:30,535 [DEBUG] CanStack Stopped
2026-07-30 09:52:30,536 [INFO] Connection closed
2026-07-30 09:52:30,537 [INFO] Running Test Case: TC_ID-829
2026-07-30 09:52:30,538 [DEBUG] Starting CanStack
2026-07-30 09:52:30,539 [DEBUG] Main thread has started
2026-07-30 09:52:30,542 [DEBUG] Relay thread has started
2026-07-30 09:52:30,546 [INFO] Connection opened
2026-07-30 09:52:30,547 [INFO] Switched to physical mode for TC: TC_ID-829 Step: PreCondition: PC_ID-024  Testcase:Verify report Read DTC in past (19 02 08)
2026-07-30 09:52:30,547 [INFO] TC_ID-829 - PreCondition: PC_ID-024  Testcase:Verify report Read DTC in past (19 02 08): SID=0x19, Sub=0x02, Expected=[3, 89, 2, 8, 170, 170, 170, 170]
2026-07-30 09:52:30,629 [INFO] TC_ID-829 - PreCondition: PC_ID-024  Testcase:Verify report Read DTC in past (19 02 08): Sending 190208
2026-07-30 09:52:30,630 [INFO] TC_ID-829 - PreCondition: PC_ID-024  Testcase:Verify report Read DTC in past (19 02 08): Sending request 190208
2026-07-30 09:52:30,631 [DEBUG] Sending 3 bytes : [190208]
2026-07-30 09:52:30,632 [DEBUG] Enqueuing a SendRequest for 3 bytes and TAT=Physical
2026-07-30 09:52:30,634 [DEBUG] Tx: <706> (08) [ ]	 0319020800000000
2026-07-30 09:52:30,637 [DEBUG] We've been asked to write a message to the bus
2026-07-30 09:52:30,639 [DEBUG] sending: Timestamp:        0.000000    ID:      706    S Rx     F BS       DL:  8    03 19 02 08 00 00 00 00
2026-07-30 09:52:30,653 [DEBUG] Stopping CanStack
2026-07-30 09:52:30,656 [DEBUG] Rx: <70E> (08) [p]	 037f1911aaaaaaaa
2026-07-30 09:52:30,657 [DEBUG] Main thread is exiting
2026-07-30 09:52:30,706 [DEBUG] CanStack Stopped
2026-07-30 09:52:30,707 [INFO] Connection closed
2026-07-30 09:52:30,708 [INFO] Running Test Case: TC_ID-830
2026-07-30 09:52:30,708 [DEBUG] Starting CanStack
2026-07-30 09:52:30,710 [DEBUG] Main thread has started
2026-07-30 09:52:30,713 [DEBUG] Relay thread has started
2026-07-30 09:52:30,717 [INFO] Connection opened
2026-07-30 09:52:30,718 [INFO] Switched to physical mode for TC: TC_ID-830 Step: PreCondition: PC_ID-023  Testcase:Verify NRC-sub function not supported in fault memory (19 05 01)
2026-07-30 09:52:30,718 [INFO] TC_ID-830 - PreCondition: PC_ID-023  Testcase:Verify NRC-sub function not supported in fault memory (19 05 01): SID=0x19, Sub=0x06, Expected=[3, 127, 25, 18, 170, 170, 170, 170]
2026-07-30 09:52:30,810 [INFO] TC_ID-830 - PreCondition: PC_ID-023  Testcase:Verify NRC-sub function not supported in fault memory (19 05 01): Sending 1906
2026-07-30 09:52:30,811 [INFO] TC_ID-830 - PreCondition: PC_ID-023  Testcase:Verify NRC-sub function not supported in fault memory (19 05 01): Sending request 1906
2026-07-30 09:52:30,812 [DEBUG] Sending 2 bytes : [1906]
2026-07-30 09:52:30,813 [DEBUG] Enqueuing a SendRequest for 2 bytes and TAT=Physical
2026-07-30 09:52:30,815 [DEBUG] Tx: <706> (08) [ ]	 0219060000000000
2026-07-30 09:52:30,818 [DEBUG] We've been asked to write a message to the bus
2026-07-30 09:52:30,820 [DEBUG] sending: Timestamp:        0.000000    ID:      706    S Rx     F BS       DL:  8    02 19 06 00 00 00 00 00
2026-07-30 09:52:30,835 [DEBUG] Stopping CanStack
2026-07-30 09:52:30,836 [DEBUG] Rx: <70E> (08) [p]	 037f1911aaaaaaaa
2026-07-30 09:52:30,838 [DEBUG] Main thread is exiting
2026-07-30 09:52:30,887 [DEBUG] CanStack Stopped
2026-07-30 09:52:30,888 [INFO] Connection closed
2026-07-30 09:52:30,888 [INFO] Running Test Case: TC_ID-831
2026-07-30 09:52:30,889 [DEBUG] Starting CanStack
2026-07-30 09:52:30,891 [DEBUG] Main thread has started
2026-07-30 09:52:30,895 [DEBUG] Relay thread has started
2026-07-30 09:52:30,898 [INFO] Connection opened
2026-07-30 09:52:30,898 [INFO] Switched to physical mode for TC: TC_ID-831 Step: PreCondition: PC_ID-023  Testcase:Verify NRC-Incorrect message length in fault memory (19 02 08 01)
2026-07-30 09:52:30,899 [INFO] TC_ID-831 - PreCondition: PC_ID-023  Testcase:Verify NRC-Incorrect message length in fault memory (19 02 08 01): SID=0x19, Sub=0x02, Expected=[3, 127, 25, 19, 170, 170, 170, 170]
2026-07-30 09:52:30,992 [INFO] TC_ID-831 - PreCondition: PC_ID-023  Testcase:Verify NRC-Incorrect message length in fault memory (19 02 08 01): Sending 19020801
2026-07-30 09:52:30,993 [INFO] TC_ID-831 - PreCondition: PC_ID-023  Testcase:Verify NRC-Incorrect message length in fault memory (19 02 08 01): Sending request 19020801
2026-07-30 09:52:30,994 [DEBUG] Sending 4 bytes : [19020801]
2026-07-30 09:52:30,995 [DEBUG] Enqueuing a SendRequest for 4 bytes and TAT=Physical
2026-07-30 09:52:30,997 [DEBUG] Tx: <706> (08) [ ]	 0419020801000000
2026-07-30 09:52:31,000 [DEBUG] We've been asked to write a message to the bus
2026-07-30 09:52:31,001 [DEBUG] sending: Timestamp:        0.000000    ID:      706    S Rx     F BS       DL:  8    04 19 02 08 01 00 00 00
2026-07-30 09:52:31,016 [DEBUG] Stopping CanStack
2026-07-30 09:52:31,017 [DEBUG] Rx: <70E> (08) [p]	 037f1911aaaaaaaa
2026-07-30 09:52:31,019 [DEBUG] Main thread is exiting
2026-07-30 09:52:31,064 [DEBUG] CanStack Stopped
2026-07-30 09:52:31,065 [INFO] Connection closed
2026-07-30 09:52:31,066 [INFO] Running Test Case: TC_ID-832
2026-07-30 09:52:31,066 [DEBUG] Starting CanStack
2026-07-30 09:52:31,068 [DEBUG] Main thread has started
2026-07-30 09:52:31,070 [DEBUG] Relay thread has started
2026-07-30 09:52:31,075 [INFO] Connection opened
2026-07-30 09:52:31,075 [INFO] Switched to physical mode for TC: TC_ID-832 Step: PreCondition: PC_ID-023  Testcase:Verify Clear DTC positive response for all group (14 FF FF FF)
2026-07-30 09:52:31,076 [INFO] TC_ID-832 - PreCondition: PC_ID-023  Testcase:Verify Clear DTC positive response for all group (14 FF FF FF): SID=0x14, Sub=0xFFFFFF, Expected=[1, 84, 170, 170, 170, 170, 170, 170]
2026-07-30 09:52:31,165 [INFO] TC_ID-832 - PreCondition: PC_ID-023  Testcase:Verify Clear DTC positive response for all group (14 FF FF FF): Sending 14FFFFFF
2026-07-30 09:52:31,166 [INFO] TC_ID-832 - PreCondition: PC_ID-023  Testcase:Verify Clear DTC positive response for all group (14 FF FF FF): Sending request 14FFFFFF
2026-07-30 09:52:31,167 [DEBUG] Sending 4 bytes : [14ffffff]
2026-07-30 09:52:31,168 [DEBUG] Enqueuing a SendRequest for 4 bytes and TAT=Physical
2026-07-30 09:52:31,170 [DEBUG] Tx: <706> (08) [ ]	 0414ffffff000000
2026-07-30 09:52:31,173 [DEBUG] We've been asked to write a message to the bus
2026-07-30 09:52:31,175 [DEBUG] sending: Timestamp:        0.000000    ID:      706    S Rx     F BS       DL:  8    04 14 ff ff ff 00 00 00
2026-07-30 09:52:31,183 [DEBUG] Stopping CanStack
2026-07-30 09:52:31,184 [DEBUG] Rx: <70E> (08) [p]	 037f1411aaaaaaaa
2026-07-30 09:52:31,190 [DEBUG] Main thread is exiting
2026-07-30 09:52:31,233 [DEBUG] CanStack Stopped
2026-07-30 09:52:31,234 [INFO] Connection closed
2026-07-30 09:52:31,235 [INFO] Running Test Case: TC_ID-833
2026-07-30 09:52:31,235 [DEBUG] Starting CanStack
2026-07-30 09:52:31,237 [DEBUG] Main thread has started
2026-07-30 09:52:31,239 [DEBUG] Relay thread has started
2026-07-30 09:52:31,244 [INFO] Connection opened
2026-07-30 09:52:31,245 [INFO] Switched to physical mode for TC: TC_ID-833 Step: PreCondition: PC_ID-024  Testcase:Verify Clear DTC positive response for all group (14 FF FF FF)
2026-07-30 09:52:31,245 [INFO] TC_ID-833 - PreCondition: PC_ID-024  Testcase:Verify Clear DTC positive response for all group (14 FF FF FF): SID=0x14, Sub=0xFFFFFF, Expected=[1, 84, 170, 170, 170, 170, 170, 170]
2026-07-30 09:52:31,335 [INFO] TC_ID-833 - PreCondition: PC_ID-024  Testcase:Verify Clear DTC positive response for all group (14 FF FF FF): Sending 14FFFFFF
2026-07-30 09:52:31,336 [INFO] TC_ID-833 - PreCondition: PC_ID-024  Testcase:Verify Clear DTC positive response for all group (14 FF FF FF): Sending request 14FFFFFF
2026-07-30 09:52:31,337 [DEBUG] Sending 4 bytes : [14ffffff]
2026-07-30 09:52:31,339 [DEBUG] Enqueuing a SendRequest for 4 bytes and TAT=Physical
2026-07-30 09:52:31,341 [DEBUG] Tx: <706> (08) [ ]	 0414ffffff000000
2026-07-30 09:52:31,344 [DEBUG] We've been asked to write a message to the bus
2026-07-30 09:52:31,345 [DEBUG] sending: Timestamp:        0.000000    ID:      706    S Rx     F BS       DL:  8    04 14 ff ff ff 00 00 00
2026-07-30 09:52:31,352 [DEBUG] Stopping CanStack
2026-07-30 09:52:31,356 [DEBUG] Rx: <70E> (08) [p]	 037f1411aaaaaaaa
2026-07-30 09:52:31,360 [DEBUG] Main thread is exiting
2026-07-30 09:52:31,406 [DEBUG] CanStack Stopped
2026-07-30 09:52:31,407 [INFO] Connection closed
2026-07-30 09:52:31,407 [INFO] Running Test Case: TC_ID-834
2026-07-30 09:52:31,408 [DEBUG] Starting CanStack
2026-07-30 09:52:31,410 [DEBUG] Main thread has started
2026-07-30 09:52:31,411 [DEBUG] Relay thread has started
2026-07-30 09:52:31,416 [INFO] Connection opened
2026-07-30 09:52:31,417 [INFO] Switched to physical mode for TC: TC_ID-834 Step: PreCondition: PC_ID-023  Testcase:Verify NRC- incorrect message length in Clear Diagnostic information (14 FF FF FF FF)
2026-07-30 09:52:31,418 [INFO] TC_ID-834 - PreCondition: PC_ID-023  Testcase:Verify NRC- incorrect message length in Clear Diagnostic information (14 FF FF FF FF): SID=0x14, Sub=0xFFFFFFFF, Expected=[3, 127, 20, 19, 170, 170, 170, 170]
2026-07-30 09:52:31,519 [INFO] TC_ID-834 - PreCondition: PC_ID-023  Testcase:Verify NRC- incorrect message length in Clear Diagnostic information (14 FF FF FF FF): Sending 14FFFFFFFF
2026-07-30 09:52:31,520 [INFO] TC_ID-834 - PreCondition: PC_ID-023  Testcase:Verify NRC- incorrect message length in Clear Diagnostic information (14 FF FF FF FF): Sending request 14FFFFFFFF
2026-07-30 09:52:31,520 [DEBUG] Sending 5 bytes : [14ffffffff]
2026-07-30 09:52:31,522 [DEBUG] Enqueuing a SendRequest for 5 bytes and TAT=Physical
2026-07-30 09:52:31,524 [DEBUG] Tx: <706> (08) [ ]	 0514ffffffff0000
2026-07-30 09:52:31,526 [DEBUG] We've been asked to write a message to the bus
2026-07-30 09:52:31,528 [DEBUG] sending: Timestamp:        0.000000    ID:      706    S Rx     F BS       DL:  8    05 14 ff ff ff ff 00 00
2026-07-30 09:52:31,544 [DEBUG] Stopping CanStack
2026-07-30 09:52:31,545 [DEBUG] Rx: <70E> (08) [p]	 037f1411aaaaaaaa
2026-07-30 09:52:31,547 [DEBUG] Main thread is exiting
2026-07-30 09:52:31,594 [DEBUG] CanStack Stopped
2026-07-30 09:52:31,595 [INFO] Connection closed
2026-07-30 09:52:31,596 [INFO] Running Test Case: TC_ID-835
2026-07-30 09:52:31,597 [DEBUG] Starting CanStack
2026-07-30 09:52:31,598 [DEBUG] Main thread has started
2026-07-30 09:52:31,600 [DEBUG] Relay thread has started
2026-07-30 09:52:31,604 [INFO] Connection opened
2026-07-30 09:52:31,606 [INFO] Switched to physical mode for TC: TC_ID-835 Step: PreCondition: PC_ID-024  Testcase:Verify positive response for Security Seed Request (27 11)
2026-07-30 09:52:31,606 [INFO] TC_ID-835 - PreCondition: PC_ID-024  Testcase:Verify positive response for Security Seed Request (27 11): SID=0x27, Sub=0x11, Expected=[16, 10, 103, 17, 16, 38, 67, 122, 19, 110, 83, 10]
2026-07-30 09:52:31,697 [INFO] TC_ID-835 - PreCondition: PC_ID-024  Testcase:Verify positive response for Security Seed Request (27 11): Sending request 2711
2026-07-30 09:52:31,698 [DEBUG] Sending 2 bytes : [2711]
2026-07-30 09:52:31,698 [DEBUG] Enqueuing a SendRequest for 2 bytes and TAT=Physical
2026-07-30 09:52:31,700 [DEBUG] Tx: <706> (08) [ ]	 0227110000000000
2026-07-30 09:52:31,701 [DEBUG] We've been asked to write a message to the bus
2026-07-30 09:52:31,704 [DEBUG] sending: Timestamp:        0.000000    ID:      706    S Rx     F BS       DL:  8    02 27 11 00 00 00 00 00
2026-07-30 09:52:31,722 [DEBUG] We've been asked to write a message to the bus
2026-07-30 09:52:31,725 [DEBUG] Rx: <70E> (08) [p]	 100a67117ad9df76
2026-07-30 09:52:31,725 [DEBUG] sending: Timestamp:        0.000000    ID:      706    S Rx     F BS       DL:  8    30 08 0a 00 00 00 00 00
2026-07-30 09:52:31,727 [DEBUG] Tx: <706> (08) [ ]	 30080a0000000000
2026-07-30 09:52:31,729 [DEBUG] We've been asked to write a message to the bus
2026-07-30 09:52:31,730 [DEBUG] sending: Timestamp:        0.000000    ID:      706    S Rx     F BS       DL:  8    30 08 0a 00 00 00 00 00
2026-07-30 09:52:31,734 [DEBUG] TC_ID-835 PreCondition: PC_ID-024  Testcase:Verify positive response for Security Seed Request (27 11) -> Received payload: [103, 17, 122, 217, 223, 118, 75, 153, 156, 125]
2026-07-30 09:52:31,735 [DEBUG] TxState=IDLE - RxState=WAIT_CF
2026-07-30 09:52:31,739 [INFO] Received Seed (subfunc 0x11): 7ad9df764b999c7d
2026-07-30 09:52:31,741 [DEBUG] Rx: <70E> (08) [p]	 214b999c7daaaaaa
2026-07-30 09:52:31,793 [DEBUG] TxState=IDLE - RxState=IDLE
2026-07-30 09:52:32,243 [INFO] Attempt 1: Sending seed to PC...
2026-07-30 09:52:32,321 [INFO] Received Key (for subfunc 0x12): b'\x1b\xebB\x97\x1a\xc8G8'
2026-07-30 09:52:32,322 [DEBUG] Stopping CanStack
2026-07-30 09:52:32,323 [DEBUG] Main thread is exiting
2026-07-30 09:52:32,335 [DEBUG] CanStack Stopped
2026-07-30 09:52:32,336 [INFO] Connection closed
2026-07-30 09:52:32,337 [INFO] Running Test Case: TC_ID-836
2026-07-30 09:52:32,338 [DEBUG] Starting CanStack
2026-07-30 09:52:32,339 [DEBUG] Main thread has started
2026-07-30 09:52:32,340 [DEBUG] Relay thread has started
2026-07-30 09:52:32,343 [INFO] Connection opened
2026-07-30 09:52:32,343 [INFO] Switched to physical mode for TC: TC_ID-836 Step: PreCondition: PC_ID-023,PC_ID-024  Testcase:Verify positive response for Security Seed Request (27 11)
2026-07-30 09:52:32,344 [INFO] TC_ID-836 - PreCondition: PC_ID-023,PC_ID-024  Testcase:Verify positive response for Security Seed Request (27 11): SID=0x27, Sub=0x11, Expected=[16, 10, 103, 17, 18, 95, 123, 140, 97, 250, 222, 3]
2026-07-30 09:52:32,441 [INFO] TC_ID-836 - PreCondition: PC_ID-023,PC_ID-024  Testcase:Verify positive response for Security Seed Request (27 11): Sending request 2711
2026-07-30 09:52:32,442 [DEBUG] Sending 2 bytes : [2711]
2026-07-30 09:52:32,443 [DEBUG] Enqueuing a SendRequest for 2 bytes and TAT=Physical
2026-07-30 09:52:32,445 [DEBUG] Tx: <706> (08) [ ]	 0227110000000000
2026-07-30 09:52:32,446 [DEBUG] We've been asked to write a message to the bus
2026-07-30 09:52:32,449 [DEBUG] sending: Timestamp:        0.000000    ID:      706    S Rx     F BS       DL:  8    02 27 11 00 00 00 00 00
2026-07-30 09:52:32,473 [DEBUG] We've been asked to write a message to the bus
2026-07-30 09:52:32,474 [DEBUG] Rx: <70E> (08) [p]	 100a6711bfec80e1
2026-07-30 09:52:32,475 [DEBUG] sending: Timestamp:        0.000000    ID:      706    S Rx     F BS       DL:  8    30 08 0a 00 00 00 00 00
2026-07-30 09:52:32,477 [DEBUG] Tx: <706> (08) [ ]	 30080a0000000000
2026-07-30 09:52:32,478 [DEBUG] We've been asked to write a message to the bus
2026-07-30 09:52:32,479 [DEBUG] sending: Timestamp:        0.000000    ID:      706    S Rx     F BS       DL:  8    30 08 0a 00 00 00 00 00
2026-07-30 09:52:32,480 [DEBUG] TxState=IDLE - RxState=WAIT_CF
2026-07-30 09:52:32,483 [DEBUG] TC_ID-836 PreCondition: PC_ID-023,PC_ID-024  Testcase:Verify positive response for Security Seed Request (27 11) -> Received payload: [103, 17, 191, 236, 128, 225, 187, 159, 44, 228]
2026-07-30 09:52:32,483 [DEBUG] Rx: <70E> (08) [p]	 21bb9f2ce4aaaaaa
2026-07-30 09:52:32,484 [INFO] Received Seed (subfunc 0x11): bfec80e1bb9f2ce4
2026-07-30 09:52:32,535 [DEBUG] TxState=IDLE - RxState=IDLE
2026-07-30 09:52:32,986 [INFO] Attempt 1: Sending seed to PC...
2026-07-30 09:52:33,026 [INFO] Received Key (for subfunc 0x12): b'\x1e\x86\x03\x02\xe0\xe8E7'
2026-07-30 09:52:33,027 [DEBUG] Stopping CanStack
2026-07-30 09:52:33,028 [DEBUG] Main thread is exiting
2026-07-30 09:52:33,034 [DEBUG] CanStack Stopped
2026-07-30 09:52:33,036 [INFO] Connection closed
2026-07-30 09:52:33,038 [INFO] Running Test Case: TC_ID-837
2026-07-30 09:52:33,039 [DEBUG] Starting CanStack
2026-07-30 09:52:33,044 [DEBUG] Main thread has started
2026-07-30 09:52:33,046 [DEBUG] Relay thread has started
2026-07-30 09:52:33,048 [INFO] Connection opened
2026-07-30 09:52:33,049 [INFO] Switched to physical mode for TC: TC_ID-837 Step: PreCondition: PC_ID-024,PC_ID-023  Testcase:Verify the 7F negative response code Service not supported in active session (27 11)
2026-07-30 09:52:33,050 [INFO] TC_ID-837 - PreCondition: PC_ID-024,PC_ID-023  Testcase:Verify the 7F negative response code Service not supported in active session (27 11): SID=0x27, Sub=0x11, Expected=[3, 127, 39, 127, 170, 170, 170, 170]
2026-07-30 09:52:33,168 [INFO] TC_ID-837 - PreCondition: PC_ID-024,PC_ID-023  Testcase:Verify the 7F negative response code Service not supported in active session (27 11): Sending request 2711
2026-07-30 09:52:33,169 [DEBUG] Sending 2 bytes : [2711]
2026-07-30 09:52:33,170 [DEBUG] Enqueuing a SendRequest for 2 bytes and TAT=Physical
2026-07-30 09:52:33,172 [DEBUG] Tx: <706> (08) [ ]	 0227110000000000
2026-07-30 09:52:33,173 [DEBUG] We've been asked to write a message to the bus
2026-07-30 09:52:33,176 [DEBUG] sending: Timestamp:        0.000000    ID:      706    S Rx     F BS       DL:  8    02 27 11 00 00 00 00 00
2026-07-30 09:52:33,194 [DEBUG] We've been asked to write a message to the bus
2026-07-30 09:52:33,195 [DEBUG] Rx: <70E> (08) [p]	 100a6711371abeb9
2026-07-30 09:52:33,196 [DEBUG] sending: Timestamp:        0.000000    ID:      706    S Rx     F BS       DL:  8    30 08 0a 00 00 00 00 00
2026-07-30 09:52:33,197 [DEBUG] Tx: <706> (08) [ ]	 30080a0000000000
2026-07-30 09:52:33,200 [DEBUG] We've been asked to write a message to the bus
2026-07-30 09:52:33,203 [DEBUG] sending: Timestamp:        0.000000    ID:      706    S Rx     F BS       DL:  8    30 08 0a 00 00 00 00 00
2026-07-30 09:52:33,205 [DEBUG] TC_ID-837 PreCondition: PC_ID-024,PC_ID-023  Testcase:Verify the 7F negative response code Service not supported in active session (27 11) -> Received payload: [103, 17, 55, 26, 190, 185, 143, 250, 185, 67]
2026-07-30 09:52:33,207 [DEBUG] TxState=IDLE - RxState=WAIT_CF
2026-07-30 09:52:33,208 [INFO] Received Seed (subfunc 0x11): 371abeb98ffab943
2026-07-30 09:52:33,211 [DEBUG] Rx: <70E> (08) [p]	 218ffab943aaaaaa
2026-07-30 09:52:33,265 [DEBUG] TxState=IDLE - RxState=IDLE
2026-07-30 09:52:33,714 [INFO] Attempt 1: Sending seed to PC...
2026-07-30 09:52:33,754 [INFO] Received Key (for subfunc 0x12): b'-\x9b\x17\xe2%\x96R/'
2026-07-30 09:52:33,755 [DEBUG] Stopping CanStack
2026-07-30 09:52:33,757 [DEBUG] Main thread is exiting
2026-07-30 09:52:33,807 [DEBUG] CanStack Stopped
2026-07-30 09:52:33,807 [INFO] Connection closed
2026-07-30 09:52:33,808 [INFO] Running Test Case: TC_ID-838
2026-07-30 09:52:33,809 [DEBUG] Starting CanStack
2026-07-30 09:52:33,810 [DEBUG] Main thread has started
2026-07-30 09:52:33,811 [DEBUG] Relay thread has started
2026-07-30 09:52:33,813 [INFO] Connection opened
2026-07-30 09:52:33,814 [INFO] Switched to physical mode for TC: TC_ID-838 Step: PreCondition: PC_ID-023,PC_ID-024  Testcase:Verify the 12 negative response code request sequence error (27 22)
2026-07-30 09:52:33,815 [INFO] TC_ID-838 - PreCondition: PC_ID-023,PC_ID-024  Testcase:Verify the 12 negative response code request sequence error (27 22): SID=0x27, Sub=0x22, Expected=[3, 127, 39, 18, 170, 170, 170, 170]
2026-07-30 09:52:33,917 [INFO] No key available for subfunction 0x22. Ensure seed request precedes key send. aaaaaaa
2026-07-30 09:52:33,918 [INFO] TC_ID-838 - PreCondition: PC_ID-023,PC_ID-024  Testcase:Verify the 12 negative response code request sequence error (27 22): Sending request 2722
2026-07-30 09:52:33,919 [DEBUG] Sending 2 bytes : [2722]
2026-07-30 09:52:33,920 [DEBUG] Enqueuing a SendRequest for 2 bytes and TAT=Physical
2026-07-30 09:52:33,922 [DEBUG] Tx: <706> (08) [ ]	 0227220000000000
2026-07-30 09:52:33,925 [DEBUG] We've been asked to write a message to the bus
2026-07-30 09:52:33,927 [DEBUG] sending: Timestamp:        0.000000    ID:      706    S Rx     F BS       DL:  8    02 27 22 00 00 00 00 00
2026-07-30 09:52:33,932 [DEBUG] TC_ID-838 PreCondition: PC_ID-023,PC_ID-024  Testcase:Verify the 12 negative response code request sequence error (27 22) -> Received payload: [127, 39, 18]
2026-07-30 09:52:33,935 [DEBUG] Rx: <70E> (08) [p]	 037f2712aaaaaaaa
2026-07-30 09:52:33,936 [WARNING] TC_ID-838 PreCondition: PC_ID-023,PC_ID-024  Testcase:Verify the 12 negative response code request sequence error (27 22) -> FAIL - NRC (key): [127, 39, 18]
2026-07-30 09:52:33,939 [DEBUG] Stopping CanStack
2026-07-30 09:52:33,942 [DEBUG] Main thread is exiting
2026-07-30 09:52:33,985 [DEBUG] CanStack Stopped
2026-07-30 09:52:33,986 [INFO] Connection closed
2026-07-30 09:52:33,987 [ERROR] ----------------------------------TC_ID-838 PreCondition: PC_ID-023,PC_ID-024  Testcase:Verify the 12 negative response code request sequence error (27 22) -> EXCEPTION - NRC (key): [127, 39, 18]----------------------------------
2026-07-30 09:52:33,987 [INFO] Running Test Case: TC_ID-839
2026-07-30 09:52:33,988 [DEBUG] Starting CanStack
2026-07-30 09:52:33,990 [DEBUG] Main thread has started
2026-07-30 09:52:33,991 [DEBUG] Relay thread has started
2026-07-30 09:52:33,996 [INFO] Connection opened
2026-07-30 09:52:33,997 [INFO] Switched to physical mode for TC: TC_ID-839 Step: PreCondition: PC_ID-023,PC_ID-024  Testcase:Verify the 13 negative response code Incorrect message length (27 11 11)
2026-07-30 09:52:33,998 [INFO] TC_ID-839 - PreCondition: PC_ID-023,PC_ID-024  Testcase:Verify the 13 negative response code Incorrect message length (27 11 11): SID=0x27, Sub=0x1111, Expected=[3, 127, 39, 19, 170, 170, 170, 170]
2026-07-30 09:52:34,099 [DEBUG] Stopping CanStack
2026-07-30 09:52:34,100 [DEBUG] Main thread is exiting
2026-07-30 09:52:34,111 [DEBUG] CanStack Stopped
2026-07-30 09:52:34,112 [INFO] Connection closed
2026-07-30 09:52:34,113 [ERROR] ----------------------------------TC_ID-839 PreCondition: PC_ID-023,PC_ID-024  Testcase:Verify the 13 negative response code Incorrect message length (27 11 11) -> EXCEPTION - bytes must be in range(0, 256)----------------------------------
2026-07-30 09:52:34,114 [INFO] Running Test Case: TC_ID-840
2026-07-30 09:52:34,115 [DEBUG] Starting CanStack
2026-07-30 09:52:34,117 [DEBUG] Main thread has started
2026-07-30 09:52:34,119 [DEBUG] Relay thread has started
2026-07-30 09:52:34,123 [INFO] Connection opened
2026-07-30 09:52:34,125 [INFO] Switched to physical mode for TC: TC_ID-840 Step: PreCondition: PC_ID-023,PC_ID-024  Testcase:Verify the 35 negative response code Invalid key (27 12)
2026-07-30 09:52:34,125 [INFO] TC_ID-840 - PreCondition: PC_ID-023,PC_ID-024  Testcase:Verify the 35 negative response code Invalid key (27 12): SID=0x27, Sub=0x12, Expected=[3, 127, 39, 53, 170, 170, 170, 170]
2026-07-30 09:52:34,218 [INFO] TC_ID-840 - PreCondition: PC_ID-023,PC_ID-024  Testcase:Verify the 35 negative response code Invalid key (27 12): Sending request 27122D9B17E22596522F
2026-07-30 09:52:34,219 [DEBUG] Sending 10 bytes : [27122d9b17e22596522f]
2026-07-30 09:52:34,220 [DEBUG] Enqueuing a SendRequest for 10 bytes and TAT=Physical
2026-07-30 09:52:34,222 [DEBUG] Tx: <706> (08) [ ]	 100a27122d9b17e2
2026-07-30 09:52:34,223 [DEBUG] We've been asked to write a message to the bus
2026-07-30 09:52:34,226 [DEBUG] sending: Timestamp:        0.000000    ID:      706    S Rx     F BS       DL:  8    10 0a 27 12 2d 9b 17 e2
2026-07-30 09:52:34,228 [DEBUG] TxState=WAIT_FC - RxState=IDLE
2026-07-30 09:52:34,231 [DEBUG] Rx: <70E> (08) [p]	 300005aaaaaaaaaa
2026-07-30 09:52:34,233 [DEBUG] TxState=TRANSMIT_CF - RxState=IDLE
2026-07-30 09:52:34,239 [DEBUG] Tx: <706> (08) [ ]	 212596522f000000
2026-07-30 09:52:34,241 [DEBUG] We've been asked to write a message to the bus
2026-07-30 09:52:34,244 [DEBUG] sending: Timestamp:        0.000000    ID:      706    S Rx     F BS       DL:  8    21 25 96 52 2f 00 00 00
2026-07-30 09:52:34,246 [DEBUG] TxState=IDLE - RxState=IDLE
2026-07-30 09:52:34,263 [DEBUG] TC_ID-840 PreCondition: PC_ID-023,PC_ID-024  Testcase:Verify the 35 negative response code Invalid key (27 12) -> Received payload: [103, 18]
2026-07-30 09:52:34,265 [DEBUG] Rx: <70E> (08) [p]	 026712aaaaaaaaaa
2026-07-30 09:52:34,266 [DEBUG] Stopping CanStack
2026-07-30 09:52:34,267 [DEBUG] Main thread is exiting
2026-07-30 09:52:34,316 [DEBUG] CanStack Stopped
2026-07-30 09:52:34,317 [INFO] Connection closed
2026-07-30 09:52:34,317 [INFO] Running Test Case: TC_ID-841
2026-07-30 09:52:34,318 [DEBUG] Starting CanStack
2026-07-30 09:52:34,319 [DEBUG] Main thread has started
2026-07-30 09:52:34,321 [DEBUG] Relay thread has started
2026-07-30 09:52:34,324 [INFO] Connection opened
2026-07-30 09:52:34,327 [INFO] Switched to physical mode for TC: TC_ID-841 Step: PreCondition: PC_ID-023,PC_ID-024  Testcase:Verify the 36 negative response code Exceed no of attempts (27 12)
2026-07-30 09:52:34,328 [INFO] TC_ID-841 - PreCondition: PC_ID-023,PC_ID-024  Testcase:Verify the 36 negative response code Exceed no of attempts (27 12): SID=0x27, Sub=0x12, Expected=[3, 127, 39, 54, 170, 170, 170, 170]
2026-07-30 09:52:34,425 [INFO] TC_ID-841 - PreCondition: PC_ID-023,PC_ID-024  Testcase:Verify the 36 negative response code Exceed no of attempts (27 12): Sending request 27122D9B17E22596522F
2026-07-30 09:52:34,426 [DEBUG] Sending 10 bytes : [27122d9b17e22596522f]
2026-07-30 09:52:34,427 [DEBUG] Enqueuing a SendRequest for 10 bytes and TAT=Physical
2026-07-30 09:52:34,430 [DEBUG] Tx: <706> (08) [ ]	 100a27122d9b17e2
2026-07-30 09:52:34,433 [DEBUG] We've been asked to write a message to the bus
2026-07-30 09:52:34,435 [DEBUG] sending: Timestamp:        0.000000    ID:      706    S Rx     F BS       DL:  8    10 0a 27 12 2d 9b 17 e2
2026-07-30 09:52:34,437 [DEBUG] TxState=WAIT_FC - RxState=IDLE
2026-07-30 09:52:34,441 [DEBUG] Rx: <70E> (08) [p]	 300005aaaaaaaaaa
2026-07-30 09:52:34,443 [DEBUG] TxState=TRANSMIT_CF - RxState=IDLE
2026-07-30 09:52:34,450 [DEBUG] Tx: <706> (08) [ ]	 212596522f000000
2026-07-30 09:52:34,451 [DEBUG] We've been asked to write a message to the bus
2026-07-30 09:52:34,452 [DEBUG] sending: Timestamp:        0.000000    ID:      706    S Rx     F BS       DL:  8    21 25 96 52 2f 00 00 00
2026-07-30 09:52:34,453 [DEBUG] TxState=IDLE - RxState=IDLE
2026-07-30 09:52:34,473 [DEBUG] TC_ID-841 PreCondition: PC_ID-023,PC_ID-024  Testcase:Verify the 36 negative response code Exceed no of attempts (27 12) -> Received payload: [127, 39, 36]
2026-07-30 09:52:34,474 [DEBUG] Rx: <70E> (08) [p]	 037f2724aaaaaaaa
2026-07-30 09:52:34,475 [WARNING] TC_ID-841 PreCondition: PC_ID-023,PC_ID-024  Testcase:Verify the 36 negative response code Exceed no of attempts (27 12) -> FAIL - NRC (key): [127, 39, 36]
2026-07-30 09:52:34,477 [DEBUG] Stopping CanStack
2026-07-30 09:52:34,478 [DEBUG] Main thread is exiting
2026-07-30 09:52:34,523 [DEBUG] CanStack Stopped
2026-07-30 09:52:34,524 [INFO] Connection closed
2026-07-30 09:52:34,525 [ERROR] ----------------------------------TC_ID-841 PreCondition: PC_ID-023,PC_ID-024  Testcase:Verify the 36 negative response code Exceed no of attempts (27 12) -> EXCEPTION - NRC (key): [127, 39, 36]----------------------------------
2026-07-30 09:52:34,525 [INFO] Running Test Case: TC_ID-842
2026-07-30 09:52:34,526 [DEBUG] Starting CanStack
2026-07-30 09:52:34,528 [DEBUG] Main thread has started
2026-07-30 09:52:34,530 [DEBUG] Relay thread has started
2026-07-30 09:52:34,534 [INFO] Connection opened
2026-07-30 09:52:34,535 [INFO] Switched to physical mode for TC: TC_ID-842 Step: PreCondition: PC_ID-023,PC_ID-024  Testcase:Verify the 37 negative response code Required time delay (27 12)
2026-07-30 09:52:34,536 [INFO] TC_ID-842 - PreCondition: PC_ID-023,PC_ID-024  Testcase:Verify the 37 negative response code Required time delay (27 12): SID=0x27, Sub=0x12, Expected=[3, 127, 39, 55, 170, 170, 170, 170]
2026-07-30 09:52:34,633 [INFO] TC_ID-842 - PreCondition: PC_ID-023,PC_ID-024  Testcase:Verify the 37 negative response code Required time delay (27 12): Sending request 27122D9B17E22596522F
2026-07-30 09:52:34,634 [DEBUG] Sending 10 bytes : [27122d9b17e22596522f]
2026-07-30 09:52:34,635 [DEBUG] Enqueuing a SendRequest for 10 bytes and TAT=Physical
2026-07-30 09:52:34,636 [DEBUG] Tx: <706> (08) [ ]	 100a27122d9b17e2
2026-07-30 09:52:34,638 [DEBUG] We've been asked to write a message to the bus
2026-07-30 09:52:34,640 [DEBUG] sending: Timestamp:        0.000000    ID:      706    S Rx     F BS       DL:  8    10 0a 27 12 2d 9b 17 e2
2026-07-30 09:52:34,643 [DEBUG] TxState=WAIT_FC - RxState=IDLE
2026-07-30 09:52:34,647 [DEBUG] Rx: <70E> (08) [p]	 300005aaaaaaaaaa
2026-07-30 09:52:34,649 [DEBUG] TxState=TRANSMIT_CF - RxState=IDLE
2026-07-30 09:52:34,655 [DEBUG] Tx: <706> (08) [ ]	 212596522f000000
2026-07-30 09:52:34,658 [DEBUG] We've been asked to write a message to the bus
2026-07-30 09:52:34,659 [DEBUG] sending: Timestamp:        0.000000    ID:      706    S Rx     F BS       DL:  8    21 25 96 52 2f 00 00 00
2026-07-30 09:52:34,660 [DEBUG] TxState=IDLE - RxState=IDLE
2026-07-30 09:52:34,682 [DEBUG] TC_ID-842 PreCondition: PC_ID-023,PC_ID-024  Testcase:Verify the 37 negative response code Required time delay (27 12) -> Received payload: [127, 39, 36]
2026-07-30 09:52:34,685 [DEBUG] Rx: <70E> (08) [p]	 037f2724aaaaaaaa
2026-07-30 09:52:34,686 [WARNING] TC_ID-842 PreCondition: PC_ID-023,PC_ID-024  Testcase:Verify the 37 negative response code Required time delay (27 12) -> FAIL - NRC (key): [127, 39, 36]
2026-07-30 09:52:34,688 [DEBUG] Stopping CanStack
2026-07-30 09:52:34,688 [DEBUG] Main thread is exiting
2026-07-30 09:52:34,735 [DEBUG] CanStack Stopped
2026-07-30 09:52:34,735 [INFO] Connection closed
2026-07-30 09:52:34,736 [ERROR] ----------------------------------TC_ID-842 PreCondition: PC_ID-023,PC_ID-024  Testcase:Verify the 37 negative response code Required time delay (27 12) -> EXCEPTION - NRC (key): [127, 39, 36]----------------------------------
2026-07-30 09:52:34,737 [INFO] Running Test Case: TC_ID-843
2026-07-30 09:52:34,737 [DEBUG] Starting CanStack
2026-07-30 09:52:34,738 [DEBUG] Main thread has started
2026-07-30 09:52:34,739 [DEBUG] Relay thread has started
2026-07-30 09:52:34,740 [INFO] Connection opened
2026-07-30 09:52:34,741 [INFO] Switched to physical mode for TC: TC_ID-843 Step: PreCondition: PC_ID-023,PC_ID-024  Testcase:Verify the 24 negative response code Request Sequence error (27 12)
2026-07-30 09:52:34,742 [INFO] TC_ID-843 - PreCondition: PC_ID-023,PC_ID-024  Testcase:Verify the 24 negative response code Request Sequence error (27 12): SID=0x27, Sub=0x12, Expected=[3, 127, 39, 36, 170, 170, 170, 170]
2026-07-30 09:52:34,843 [INFO] TC_ID-843 - PreCondition: PC_ID-023,PC_ID-024  Testcase:Verify the 24 negative response code Request Sequence error (27 12): Sending request 27122D9B17E22596522F
2026-07-30 09:52:34,844 [DEBUG] Sending 10 bytes : [27122d9b17e22596522f]
2026-07-30 09:52:34,845 [DEBUG] Enqueuing a SendRequest for 10 bytes and TAT=Physical
2026-07-30 09:52:34,847 [DEBUG] Tx: <706> (08) [ ]	 100a27122d9b17e2
2026-07-30 09:52:34,848 [DEBUG] We've been asked to write a message to the bus
2026-07-30 09:52:34,851 [DEBUG] sending: Timestamp:        0.000000    ID:      706    S Rx     F BS       DL:  8    10 0a 27 12 2d 9b 17 e2
2026-07-30 09:52:34,854 [DEBUG] TxState=WAIT_FC - RxState=IDLE
2026-07-30 09:52:34,859 [DEBUG] Rx: <70E> (08) [p]	 300005aaaaaaaaaa
2026-07-30 09:52:34,860 [DEBUG] TxState=TRANSMIT_CF - RxState=IDLE
2026-07-30 09:52:34,866 [DEBUG] Tx: <706> (08) [ ]	 212596522f000000
2026-07-30 09:52:34,869 [DEBUG] We've been asked to write a message to the bus
2026-07-30 09:52:34,870 [DEBUG] sending: Timestamp:        0.000000    ID:      706    S Rx     F BS       DL:  8    21 25 96 52 2f 00 00 00
2026-07-30 09:52:34,871 [DEBUG] TxState=IDLE - RxState=IDLE
2026-07-30 09:52:34,893 [DEBUG] TC_ID-843 PreCondition: PC_ID-023,PC_ID-024  Testcase:Verify the 24 negative response code Request Sequence error (27 12) -> Received payload: [127, 39, 36]
2026-07-30 09:52:34,895 [WARNING] TC_ID-843 PreCondition: PC_ID-023,PC_ID-024  Testcase:Verify the 24 negative response code Request Sequence error (27 12) -> FAIL - NRC (key): [127, 39, 36]
2026-07-30 09:52:34,895 [DEBUG] Rx: <70E> (08) [p]	 037f2724aaaaaaaa
2026-07-30 09:52:34,897 [DEBUG] Stopping CanStack
2026-07-30 09:52:34,899 [DEBUG] Main thread is exiting
2026-07-30 09:52:34,945 [DEBUG] CanStack Stopped
2026-07-30 09:52:34,946 [INFO] Connection closed
2026-07-30 09:52:34,946 [ERROR] ----------------------------------TC_ID-843 PreCondition: PC_ID-023,PC_ID-024  Testcase:Verify the 24 negative response code Request Sequence error (27 12) -> EXCEPTION - NRC (key): [127, 39, 36]----------------------------------
2026-07-30 09:52:34,947 [INFO] Running Test Case: TC_ID-844
2026-07-30 09:52:34,947 [DEBUG] Starting CanStack
2026-07-30 09:52:34,949 [DEBUG] Main thread has started
2026-07-30 09:52:34,949 [DEBUG] Relay thread has started
2026-07-30 09:52:34,951 [INFO] Connection opened
2026-07-30 09:52:34,951 [INFO] Switched to physical mode for TC: TC_ID-844 Step: PreCondition: PC_ID-024,PC_ID-023  Testcase:Verify the 7F negative response code Service not supported in active session (27 11)
2026-07-30 09:52:34,952 [INFO] TC_ID-844 - PreCondition: PC_ID-024,PC_ID-023  Testcase:Verify the 7F negative response code Service not supported in active session (27 11): SID=0x27, Sub=0x11, Expected=[3, 127, 39, 127, 170, 170, 170, 170]
2026-07-30 09:52:35,060 [INFO] TC_ID-844 - PreCondition: PC_ID-024,PC_ID-023  Testcase:Verify the 7F negative response code Service not supported in active session (27 11): Sending request 2711
2026-07-30 09:52:35,061 [DEBUG] Sending 2 bytes : [2711]
2026-07-30 09:52:35,062 [DEBUG] Enqueuing a SendRequest for 2 bytes and TAT=Physical
2026-07-30 09:52:35,063 [DEBUG] Tx: <706> (08) [ ]	 0227110000000000
2026-07-30 09:52:35,065 [DEBUG] We've been asked to write a message to the bus
2026-07-30 09:52:35,067 [DEBUG] sending: Timestamp:        0.000000    ID:      706    S Rx     F BS       DL:  8    02 27 11 00 00 00 00 00
2026-07-30 09:52:35,093 [DEBUG] We've been asked to write a message to the bus
2026-07-30 09:52:35,094 [DEBUG] Rx: <70E> (08) [p]	 100a671100000000
2026-07-30 09:52:35,095 [DEBUG] sending: Timestamp:        0.000000    ID:      706    S Rx     F BS       DL:  8    30 08 0a 00 00 00 00 00
2026-07-30 09:52:35,096 [DEBUG] Tx: <706> (08) [ ]	 30080a0000000000
2026-07-30 09:52:35,097 [DEBUG] We've been asked to write a message to the bus
2026-07-30 09:52:35,098 [DEBUG] sending: Timestamp:        0.000000    ID:      706    S Rx     F BS       DL:  8    30 08 0a 00 00 00 00 00
2026-07-30 09:52:35,099 [DEBUG] TxState=IDLE - RxState=WAIT_CF
2026-07-30 09:52:35,102 [DEBUG] TC_ID-844 PreCondition: PC_ID-024,PC_ID-023  Testcase:Verify the 7F negative response code Service not supported in active session (27 11) -> Received payload: [103, 17, 0, 0, 0, 0, 0, 0, 0, 0]
2026-07-30 09:52:35,103 [DEBUG] Rx: <70E> (08) [p]	 2100000000aaaaaa
2026-07-30 09:52:35,104 [INFO] Received Seed (subfunc 0x11): 0000000000000000
2026-07-30 09:52:35,155 [DEBUG] TxState=IDLE - RxState=IDLE
2026-07-30 09:52:35,606 [INFO] Attempt 1: Sending seed to PC...
2026-07-30 09:52:35,676 [INFO] Received Key (for subfunc 0x12): b'@E$\x8c-_8G'
2026-07-30 09:52:35,677 [DEBUG] Stopping CanStack
2026-07-30 09:52:35,678 [DEBUG] Main thread is exiting
2026-07-30 09:52:35,707 [DEBUG] CanStack Stopped
2026-07-30 09:52:35,709 [INFO] Connection closed
2026-07-30 09:52:36,106 [ERROR] [CANLogger] Error during stop: I/O operation on closed file.
2026-07-30 09:52:36,106 [WARNING] SocketcanBus was not properly shut down
2026-07-30 09:52:36,107 [DEBUG] Closing raw can socket
2026-07-30 09:52:37,608 [INFO] ----------------------------------Log Generated!----------------------------------
2026-07-30 09:52:40,214 [INFO] ----------------------------------Report Generated----------------------------------
2026-07-30 09:52:42,215 [INFO] ----------------------------------Done-----------------------------------------------
2026-07-30 09:53:04,338 [INFO] ----------------------------------Run Test Cases-----------------------------------------------
2026-07-30 09:53:04,339 [INFO] ----------------------------------Storage OK Free: 4433 MB-----------------------------------------------
2026-07-30 09:53:06,342 [INFO] Preparing ECU and CAN/ISO-TP connections before logged run
2026-07-30 09:53:06,342 [DEBUG] Stopping CanStack
2026-07-30 09:53:06,344 [DEBUG] CanStack Stopped
2026-07-30 09:53:06,345 [INFO] Connection closed
2026-07-30 09:53:06,346 [DEBUG] Closing raw can socket
2026-07-30 09:53:06,347 [DEBUG] Closing raw can socket
2026-07-30 09:53:06,356 [DEBUG] can config: {'fd': True, 'can_filters': [{'can_id': 1806, 'can_mask': 2047, 'extended': False}], 'interface': 'socketcan', 'channel': 'can0'}
2026-07-30 09:53:06,358 [INFO] Created a socket
2026-07-30 09:53:06,359 [DEBUG] Binding socket to channel=can0
2026-07-30 09:53:06,361 [DEBUG] Bound socket.
2026-07-30 09:53:06,368 [DEBUG] can config: {'fd': True, 'can_filters': [{'can_id': 1806, 'can_mask': 2047, 'extended': False}], 'interface': 'socketcan', 'channel': 'can0'}
2026-07-30 09:53:06,370 [INFO] Created a socket
2026-07-30 09:53:06,374 [DEBUG] Binding socket to channel=can0
2026-07-30 09:53:06,376 [DEBUG] Bound socket.
2026-07-30 09:53:06,380 [DEBUG] Given rxfn is considered blocking
2026-07-30 09:53:06,384 [INFO] Execution startup settle delay: 0.250s before first testcase
2026-07-30 09:53:06,636 [INFO] Drained stale CAN frames on physical sniffer bus
2026-07-30 09:53:06,637 [INFO] Drained stale CAN frames on active sniffer bus
2026-07-30 09:53:06,637 [DEBUG] Starting CanStack
2026-07-30 09:53:06,639 [DEBUG] Main thread has started
2026-07-30 09:53:06,640 [DEBUG] Relay thread has started
2026-07-30 09:53:06,643 [INFO] Connection opened
2026-07-30 09:53:06,645 [INFO] PRE_RUN - Start default session before logged execution: Sending request 1001
2026-07-30 09:53:06,647 [DEBUG] Sending 2 bytes : [1001]
2026-07-30 09:53:06,648 [DEBUG] Enqueuing a SendRequest for 2 bytes and TAT=Physical
2026-07-30 09:53:06,649 [DEBUG] Tx: <706> (08) [ ]	 0210010000000000
2026-07-30 09:53:06,650 [DEBUG] We've been asked to write a message to the bus
2026-07-30 09:53:06,650 [DEBUG] sending: Timestamp:        0.000000    ID:      706    S Rx     F BS       DL:  8    02 10 01 00 00 00 00 00
2026-07-30 09:53:06,853 [INFO] Pre-run default session response: No response
2026-07-30 09:53:06,854 [DEBUG] Stopping CanStack
2026-07-30 09:53:06,855 [DEBUG] Main thread is exiting
2026-07-30 09:53:06,857 [DEBUG] CanStack Stopped
2026-07-30 09:53:06,858 [INFO] Connection closed
2026-07-30 09:53:06,859 [DEBUG] Stopping CanStack
2026-07-30 09:53:06,862 [DEBUG] CanStack Stopped
2026-07-30 09:53:06,864 [INFO] Connection closed
2026-07-30 09:53:06,865 [DEBUG] Closing raw can socket
2026-07-30 09:53:06,866 [DEBUG] Closing raw can socket
2026-07-30 09:53:06,869 [DEBUG] can config: {'fd': True, 'can_filters': [{'can_id': 1806, 'can_mask': 2047, 'extended': False}], 'interface': 'socketcan', 'channel': 'can0'}
2026-07-30 09:53:06,871 [INFO] Created a socket
2026-07-30 09:53:06,872 [DEBUG] Binding socket to channel=can0
2026-07-30 09:53:06,873 [DEBUG] Bound socket.
2026-07-30 09:53:06,878 [DEBUG] can config: {'fd': True, 'can_filters': [{'can_id': 1806, 'can_mask': 2047, 'extended': False}], 'interface': 'socketcan', 'channel': 'can0'}
2026-07-30 09:53:06,879 [INFO] Created a socket
2026-07-30 09:53:06,881 [DEBUG] Binding socket to channel=can0
2026-07-30 09:53:06,883 [DEBUG] Bound socket.
2026-07-30 09:53:06,888 [DEBUG] Given rxfn is considered blocking
2026-07-30 09:53:06,891 [INFO] Execution startup settle delay: 0.250s before first testcase
2026-07-30 09:53:07,142 [INFO] Drained stale CAN frames on physical sniffer bus
2026-07-30 09:53:07,143 [INFO] Drained stale CAN frames on active sniffer bus
2026-07-30 09:53:07,148 [DEBUG] can config: {'can_filters': [{'can_id': 1798, 'can_mask': 2047, 'extended': False}, {'can_id': 1806, 'can_mask': 2047, 'extended': False}, {'can_id': 2015, 'can_mask': 2047, 'extended': False}, {'can_id': 1822, 'can_mask': 2047, 'extended': False}], 'fd': True, 'receive_own_messages': True, 'interface': 'socketcan', 'channel': 'can0'}
2026-07-30 09:53:07,152 [INFO] Created a socket
2026-07-30 09:53:07,153 [DEBUG] Binding socket to channel=can0
2026-07-30 09:53:07,154 [DEBUG] Bound socket.
2026-07-30 09:53:07,156 [INFO] CAN logging started: /home/mobase/Git/Raja/New_5/dist/output/can_logs/SHVU_30th_July_20260730_095306.asc
2026-07-30 09:53:07,157 [INFO] Execution startup settle delay: 0.250s before first testcase
2026-07-30 09:53:07,408 [INFO] Drained stale CAN frames on physical sniffer bus
2026-07-30 09:53:07,409 [INFO] Drained stale CAN frames on active sniffer bus
2026-07-30 09:53:07,422 [INFO] Running Test Case: ECU_INFO-21
2026-07-30 09:53:07,423 [INFO] Final CAN drain completed before first testcase ECU_INFO-21
2026-07-30 09:53:07,424 [DEBUG] Starting CanStack
2026-07-30 09:53:07,426 [DEBUG] Main thread has started
2026-07-30 09:53:07,427 [DEBUG] Relay thread has started
2026-07-30 09:53:07,429 [INFO] Connection opened
2026-07-30 09:53:07,430 [INFO] Switched to physical mode for TC: ECU_INFO-21 Step: S/W Version
2026-07-30 09:53:07,431 [INFO] ECU_INFO-21 - S/W Version: SID=0x22, Sub=0xF1B1, Expected=[16, 8, 98, 241, 177, 50, 53, 65, 49, 48, 170, 170, 170, 170, 170, 170]
2026-07-30 09:53:07,486 [INFO] ECU_INFO-21 - S/W Version: Sending request 22F1B1
2026-07-30 09:53:07,487 [INFO] ECU_INFO-21 - S/W Version: Sending request 22F1B1
2026-07-30 09:53:07,488 [DEBUG] Sending 3 bytes : [22f1b1]
2026-07-30 09:53:07,489 [DEBUG] Enqueuing a SendRequest for 3 bytes and TAT=Physical
2026-07-30 09:53:07,491 [DEBUG] Tx: <706> (08) [ ]	 0322f1b100000000
2026-07-30 09:53:07,494 [DEBUG] We've been asked to write a message to the bus
2026-07-30 09:53:07,495 [DEBUG] sending: Timestamp:        0.000000    ID:      706    S Rx     F BS       DL:  8    03 22 f1 b1 00 00 00 00
2026-07-30 09:53:07,518 [DEBUG] Rx: <70E> (08) [p]	 100862f1b1323541
2026-07-30 09:53:07,519 [DEBUG] We've been asked to write a message to the bus
2026-07-30 09:53:07,520 [DEBUG] Tx: <706> (08) [ ]	 30080a0000000000
2026-07-30 09:53:07,520 [DEBUG] sending: Timestamp:        0.000000    ID:      706    S Rx     F BS       DL:  8    30 08 0a 00 00 00 00 00
2026-07-30 09:53:07,521 [DEBUG] We've been asked to write a message to the bus
2026-07-30 09:53:07,522 [DEBUG] sending: Timestamp:        0.000000    ID:      706    S Rx     F BS       DL:  8    30 08 0a 00 00 00 00 00
2026-07-30 09:53:07,524 [DEBUG] TxState=IDLE - RxState=WAIT_CF
2026-07-30 09:53:07,527 [DEBUG] Rx: <70E> (08) [p]	 213130aaaaaaaaaa
2026-07-30 09:53:07,577 [INFO] ECU_INFO-21 - Received: 62F1B13235413130
2026-07-30 09:53:07,578 [WARNING] ECU_INFO-21 - S/W Version -> ❌ FAIL - Expected 100862F1B13235413130AAAAAAAAAAAA
2026-07-30 09:53:07,579 [DEBUG] TxState=IDLE - RxState=IDLE
2026-07-30 09:53:07,579 [DEBUG] Stopping CanStack
2026-07-30 09:53:07,581 [DEBUG] Main thread is exiting
2026-07-30 09:53:07,628 [DEBUG] CanStack Stopped
2026-07-30 09:53:07,629 [INFO] Connection closed
2026-07-30 09:53:07,630 [INFO] Running Test Case: ECU_INFO-22
2026-07-30 09:53:07,630 [DEBUG] Starting CanStack
2026-07-30 09:53:07,631 [DEBUG] Main thread has started
2026-07-30 09:53:07,633 [DEBUG] Relay thread has started
2026-07-30 09:53:07,634 [INFO] Connection opened
2026-07-30 09:53:07,635 [INFO] Switched to physical mode for TC: ECU_INFO-22 Step: Part Number
2026-07-30 09:53:07,637 [INFO] ECU_INFO-22 - Part Number: SID=0x22, Sub=0xF187, Expected=[16, 13, 98, 241, 135, 56, 56, 53, 52, 48, 71, 74, 48, 48, 48, 170, 170]
2026-07-30 09:53:07,694 [INFO] ECU_INFO-22 - Part Number: Sending request 22F187
2026-07-30 09:53:07,695 [INFO] ECU_INFO-22 - Part Number: Sending request 22F187
2026-07-30 09:53:07,695 [DEBUG] Sending 3 bytes : [22f187]
2026-07-30 09:53:07,697 [DEBUG] Enqueuing a SendRequest for 3 bytes and TAT=Physical
2026-07-30 09:53:07,699 [DEBUG] Tx: <706> (08) [ ]	 0322f18700000000
2026-07-30 09:53:07,702 [DEBUG] We've been asked to write a message to the bus
2026-07-30 09:53:07,703 [DEBUG] sending: Timestamp:        0.000000    ID:      706    S Rx     F BS       DL:  8    03 22 f1 87 00 00 00 00
2026-07-30 09:53:07,727 [DEBUG] We've been asked to write a message to the bus
2026-07-30 09:53:07,728 [DEBUG] Rx: <70E> (08) [p]	 100d62f187383835
2026-07-30 09:53:07,729 [DEBUG] sending: Timestamp:        0.000000    ID:      706    S Rx     F BS       DL:  8    30 08 0a 00 00 00 00 00
2026-07-30 09:53:07,730 [DEBUG] Tx: <706> (08) [ ]	 30080a0000000000
2026-07-30 09:53:07,731 [DEBUG] We've been asked to write a message to the bus
2026-07-30 09:53:07,733 [DEBUG] sending: Timestamp:        0.000000    ID:      706    S Rx     F BS       DL:  8    30 08 0a 00 00 00 00 00
2026-07-30 09:53:07,734 [DEBUG] TxState=IDLE - RxState=WAIT_CF
2026-07-30 09:53:07,737 [DEBUG] Rx: <70E> (08) [p]	 213430474a303030
2026-07-30 09:53:07,788 [INFO] ECU_INFO-22 - Received: 62F1873838353430474A303030
2026-07-30 09:53:07,789 [DEBUG] TxState=IDLE - RxState=IDLE
2026-07-30 09:53:07,790 [WARNING] ECU_INFO-22 - Part Number -> ❌ FAIL - Expected 100D62F1873838353430474A303030AAAA
2026-07-30 09:53:07,791 [DEBUG] Stopping CanStack
2026-07-30 09:53:07,792 [DEBUG] Main thread is exiting
2026-07-30 09:53:07,838 [DEBUG] CanStack Stopped
2026-07-30 09:53:07,838 [INFO] Connection closed
2026-07-30 09:53:07,839 [INFO] Running Test Case: ECU_INFO-23
2026-07-30 09:53:07,840 [DEBUG] Starting CanStack
2026-07-30 09:53:07,841 [DEBUG] Main thread has started
2026-07-30 09:53:07,842 [DEBUG] Relay thread has started
2026-07-30 09:53:07,843 [INFO] Connection opened
2026-07-30 09:53:07,843 [INFO] Switched to physical mode for TC: ECU_INFO-23 Step: Manufacturing Date
2026-07-30 09:53:07,844 [INFO] ECU_INFO-23 - Manufacturing Date: SID=0x22, Sub=0xF18B, Expected=[16, 8, 98, 241, 139, 32, 37, 16, 21, 170, 170, 170, 170, 170]
2026-07-30 09:53:07,905 [INFO] ECU_INFO-23 - Manufacturing Date: Sending request 22F18B
2026-07-30 09:53:07,906 [INFO] ECU_INFO-23 - Manufacturing Date: Sending request 22F18B
2026-07-30 09:53:07,907 [DEBUG] Sending 3 bytes : [22f18b]
2026-07-30 09:53:07,909 [DEBUG] Enqueuing a SendRequest for 3 bytes and TAT=Physical
2026-07-30 09:53:07,912 [DEBUG] Tx: <706> (08) [ ]	 0322f18b00000000
2026-07-30 09:53:07,914 [DEBUG] We've been asked to write a message to the bus
2026-07-30 09:53:07,915 [DEBUG] sending: Timestamp:        0.000000    ID:      706    S Rx     F BS       DL:  8    03 22 f1 8b 00 00 00 00
2026-07-30 09:53:07,938 [DEBUG] Rx: <70E> (08) [p]	 0762f18b20251015
2026-07-30 09:53:07,987 [INFO] ECU_INFO-23 - Received: 62F18B20251015
2026-07-30 09:53:07,988 [WARNING] ECU_INFO-23 - Manufacturing Date -> ❌ FAIL - Expected 100862F18B20251015AAAAAAAAAA
2026-07-30 09:53:07,989 [DEBUG] Stopping CanStack
2026-07-30 09:53:07,991 [DEBUG] Main thread is exiting
2026-07-30 09:53:08,039 [DEBUG] CanStack Stopped
2026-07-30 09:53:08,040 [INFO] Connection closed
2026-07-30 09:53:08,041 [INFO] Running Test Case: ECU_INFO-24
2026-07-30 09:53:08,042 [DEBUG] Starting CanStack
2026-07-30 09:53:08,044 [DEBUG] Main thread has started
2026-07-30 09:53:08,045 [DEBUG] Relay thread has started
2026-07-30 09:53:08,050 [INFO] Connection opened
2026-07-30 09:53:08,051 [INFO] Switched to physical mode for TC: ECU_INFO-24 Step: ECU_Serial Number
2026-07-30 09:53:08,052 [INFO] ECU_INFO-24 - ECU_Serial Number: SID=0x22, Sub=0xF18C, Expected=[16, 13, 98, 241, 140, 48, 48, 48, 48, 48, 48, 48, 48, 53, 48, 170, 170]
2026-07-30 09:53:08,109 [INFO] ECU_INFO-24 - ECU_Serial Number: Sending request 22F18C
2026-07-30 09:53:08,110 [INFO] ECU_INFO-24 - ECU_Serial Number: Sending request 22F18C
2026-07-30 09:53:08,111 [DEBUG] Sending 3 bytes : [22f18c]
2026-07-30 09:53:08,112 [DEBUG] Enqueuing a SendRequest for 3 bytes and TAT=Physical
2026-07-30 09:53:08,115 [DEBUG] Tx: <706> (08) [ ]	 0322f18c00000000
2026-07-30 09:53:08,118 [DEBUG] We've been asked to write a message to the bus
2026-07-30 09:53:08,119 [DEBUG] sending: Timestamp:        0.000000    ID:      706    S Rx     F BS       DL:  8    03 22 f1 8c 00 00 00 00
2026-07-30 09:53:08,137 [DEBUG] We've been asked to write a message to the bus
2026-07-30 09:53:08,140 [DEBUG] Rx: <70E> (08) [p]	 100d62f18c303030
2026-07-30 09:53:08,143 [DEBUG] sending: Timestamp:        0.000000    ID:      706    S Rx     F BS       DL:  8    30 08 0a 00 00 00 00 00
2026-07-30 09:53:08,145 [DEBUG] Tx: <706> (08) [ ]	 30080a0000000000
2026-07-30 09:53:08,148 [DEBUG] We've been asked to write a message to the bus
2026-07-30 09:53:08,149 [DEBUG] sending: Timestamp:        0.000000    ID:      706    S Rx     F BS       DL:  8    30 08 0a 00 00 00 00 00
2026-07-30 09:53:08,150 [DEBUG] TxState=IDLE - RxState=WAIT_CF
2026-07-30 09:53:08,152 [DEBUG] Rx: <70E> (08) [p]	 2130303030303530
2026-07-30 09:53:08,198 [INFO] ECU_INFO-24 - Received: 62F18C30303030303030303530
2026-07-30 09:53:08,199 [WARNING] ECU_INFO-24 - ECU_Serial Number -> ❌ FAIL - Expected 100D62F18C30303030303030303530AAAA
2026-07-30 09:53:08,200 [DEBUG] Stopping CanStack
2026-07-30 09:53:08,200 [DEBUG] TxState=IDLE - RxState=IDLE
2026-07-30 09:53:08,201 [DEBUG] Main thread is exiting
2026-07-30 09:53:08,248 [DEBUG] CanStack Stopped
2026-07-30 09:53:08,249 [INFO] Connection closed
2026-07-30 09:53:08,250 [INFO] Running Test Case: ECU_INFO-25
2026-07-30 09:53:08,250 [DEBUG] Starting CanStack
2026-07-30 09:53:08,251 [DEBUG] Main thread has started
2026-07-30 09:53:08,252 [DEBUG] Relay thread has started
2026-07-30 09:53:08,253 [INFO] Connection opened
2026-07-30 09:53:08,254 [INFO] Switched to physical mode for TC: ECU_INFO-25 Step: H/W Version
2026-07-30 09:53:08,255 [INFO] ECU_INFO-25 - H/W Version: SID=0x22, Sub=0xF193, Expected=[16, 8, 98, 241, 147, 67, 46, 48, 48, 170, 170, 170, 170, 170]
2026-07-30 09:53:08,310 [INFO] ECU_INFO-25 - H/W Version: Sending request 22F193
2026-07-30 09:53:08,312 [INFO] ECU_INFO-25 - H/W Version: Sending request 22F193
2026-07-30 09:53:08,313 [DEBUG] Sending 3 bytes : [22f193]
2026-07-30 09:53:08,315 [DEBUG] Enqueuing a SendRequest for 3 bytes and TAT=Physical
2026-07-30 09:53:08,318 [DEBUG] Tx: <706> (08) [ ]	 0322f19300000000
2026-07-30 09:53:08,320 [DEBUG] We've been asked to write a message to the bus
2026-07-30 09:53:08,321 [DEBUG] sending: Timestamp:        0.000000    ID:      706    S Rx     F BS       DL:  8    03 22 f1 93 00 00 00 00
2026-07-30 09:53:08,348 [DEBUG] Rx: <70E> (08) [p]	 0762f193432e3030
2026-07-30 09:53:08,397 [INFO] ECU_INFO-25 - Received: 62F193432E3030
2026-07-30 09:53:08,398 [WARNING] ECU_INFO-25 - H/W Version -> ❌ FAIL - Expected 100862F193432E3030AAAAAAAAAA
2026-07-30 09:53:08,399 [DEBUG] Stopping CanStack
2026-07-30 09:53:08,401 [DEBUG] Main thread is exiting
2026-07-30 09:53:08,448 [DEBUG] CanStack Stopped
2026-07-30 09:53:08,449 [INFO] Connection closed
2026-07-30 09:53:08,449 [INFO] Running Test Case: PC_ID-023
2026-07-30 09:53:08,450 [DEBUG] Starting CanStack
2026-07-30 09:53:08,452 [DEBUG] Main thread has started
2026-07-30 09:53:08,455 [DEBUG] Relay thread has started
2026-07-30 09:53:08,459 [INFO] Connection opened
2026-07-30 09:53:08,459 [INFO] Switched to physical mode for TC: PC_ID-023 Step: Start default session
2026-07-30 09:53:08,460 [INFO] PC_ID-023 - Start default session: SID=0x10, Sub=0x01, Expected=[6, 80, 1, 0, 50, 1, 244, 170]
2026-07-30 09:53:08,521 [INFO] PC_ID-023 - Start default session: Sending 1001
2026-07-30 09:53:08,574 [INFO] PC_ID-023 - Start default session: Sending request 1001
2026-07-30 09:53:08,575 [DEBUG] Sending 2 bytes : [1001]
2026-07-30 09:53:08,577 [DEBUG] Enqueuing a SendRequest for 2 bytes and TAT=Physical
2026-07-30 09:53:08,579 [DEBUG] Tx: <706> (08) [ ]	 0210010000000000
2026-07-30 09:53:08,581 [DEBUG] We've been asked to write a message to the bus
2026-07-30 09:53:08,583 [DEBUG] sending: Timestamp:        0.000000    ID:      706    S Rx     F BS       DL:  8    02 10 01 00 00 00 00 00
2026-07-30 09:53:08,607 [INFO] PC_ID-023 - Received: 5001003201F4
2026-07-30 09:53:08,608 [DEBUG] Rx: <70E> (08) [p]	 065001003201f4aa
2026-07-30 09:53:08,609 [WARNING] PC_ID-023 - Start default session -> FAIL - Unexpected response
2026-07-30 09:53:08,610 [DEBUG] Stopping CanStack
2026-07-30 09:53:08,611 [DEBUG] Main thread is exiting
2026-07-30 09:53:08,658 [DEBUG] CanStack Stopped
2026-07-30 09:53:08,658 [INFO] Connection closed
2026-07-30 09:53:08,659 [INFO] Running Test Case: TC_ID-740
2026-07-30 09:53:08,660 [DEBUG] Starting CanStack
2026-07-30 09:53:08,662 [DEBUG] Main thread has started
2026-07-30 09:53:08,664 [DEBUG] Relay thread has started
2026-07-30 09:53:08,668 [INFO] Connection opened
2026-07-30 09:53:08,669 [INFO] Switched to physical mode for TC: TC_ID-740 Step: PreCondition: PC_ID-023  Testcase:RX_SWIN_F1_EF_Read(Defaultsession)
2026-07-30 09:53:08,670 [INFO] TC_ID-740 - PreCondition: PC_ID-023  Testcase:RX_SWIN_F1_EF_Read(Defaultsession): SID=0x22, Sub=0xF1EF, Expected=[16, 43, 98, 241, 239, 7, 6, 11, 82, 49, 48, 32, 66, 74, 49, 47, 49, 47, 48, 12, 82, 49, 53, 53, 32, 66, 74, 49, 47, 49, 47, 48, 12, 82, 49, 53, 54, 32, 66, 74, 49, 47, 49, 47, 48, 170, 170, 170, 170, 170]
2026-07-30 09:53:08,750 [INFO] TC_ID-740 - PreCondition: PC_ID-023  Testcase:RX_SWIN_F1_EF_Read(Defaultsession): Sending request 22F1EF
2026-07-30 09:53:08,751 [INFO] TC_ID-740 - PreCondition: PC_ID-023  Testcase:RX_SWIN_F1_EF_Read(Defaultsession): Sending request 22F1EF
2026-07-30 09:53:08,751 [DEBUG] Sending 3 bytes : [22f1ef]
2026-07-30 09:53:08,753 [DEBUG] Enqueuing a SendRequest for 3 bytes and TAT=Physical
2026-07-30 09:53:08,755 [DEBUG] Tx: <706> (08) [ ]	 0322f1ef00000000
2026-07-30 09:53:08,757 [DEBUG] We've been asked to write a message to the bus
2026-07-30 09:53:08,759 [DEBUG] sending: Timestamp:        0.000000    ID:      706    S Rx     F BS       DL:  8    03 22 f1 ef 00 00 00 00
2026-07-30 09:53:08,777 [DEBUG] We've been asked to write a message to the bus
2026-07-30 09:53:08,779 [DEBUG] sending: Timestamp:        0.000000    ID:      706    S Rx     F BS       DL:  8    30 08 0a 00 00 00 00 00
2026-07-30 09:53:08,782 [DEBUG] Rx: <70E> (08) [p]	 102b62f1ef07060b
2026-07-30 09:53:08,785 [DEBUG] Tx: <706> (08) [ ]	 30080a0000000000
2026-07-30 09:53:08,786 [DEBUG] We've been asked to write a message to the bus
2026-07-30 09:53:08,789 [DEBUG] sending: Timestamp:        0.000000    ID:      706    S Rx     F BS       DL:  8    30 08 0a 00 00 00 00 00
2026-07-30 09:53:08,795 [DEBUG] TxState=IDLE - RxState=WAIT_CF
2026-07-30 09:53:08,798 [DEBUG] Rx: <70E> (08) [p]	 2152313020424a31
2026-07-30 09:53:08,803 [DEBUG] Rx: <70E> (08) [p]	 222f312f300c5231
2026-07-30 09:53:08,821 [DEBUG] Rx: <70E> (08) [p]	 23353520424a312f
2026-07-30 09:53:08,834 [DEBUG] Rx: <70E> (08) [p]	 24312f300c523135
2026-07-30 09:53:08,848 [DEBUG] Rx: <70E> (08) [p]	 253620424a312f31
2026-07-30 09:53:08,863 [DEBUG] Rx: <70E> (08) [p]	 262f30aaaaaaaaaa
2026-07-30 09:53:08,913 [INFO] TC_ID-740 - Received: 62F1EF07060B52313020424A312F312F300C5231353520424A312F312F300C5231353620424A312F312F30
2026-07-30 09:53:08,914 [WARNING] TC_ID-740 - PreCondition: PC_ID-023  Testcase:RX_SWIN_F1_EF_Read(Defaultsession) -> ❌ FAIL - Expected 102B62F1EF07060B52313020424A312F312F300C5231353520424A312F312F300C5231353620424A312F312F30AAAAAAAAAA
2026-07-30 09:53:08,915 [DEBUG] Stopping CanStack
2026-07-30 09:53:08,915 [DEBUG] TxState=IDLE - RxState=IDLE
2026-07-30 09:53:08,916 [DEBUG] Main thread is exiting
2026-07-30 09:53:08,963 [DEBUG] CanStack Stopped
2026-07-30 09:53:08,964 [INFO] Connection closed
2026-07-30 09:53:08,965 [INFO] Running Test Case: TC_ID-741
2026-07-30 09:53:08,965 [DEBUG] Starting CanStack
2026-07-30 09:53:08,967 [DEBUG] Main thread has started
2026-07-30 09:53:08,967 [DEBUG] Relay thread has started
2026-07-30 09:53:08,969 [INFO] Connection opened
2026-07-30 09:53:08,970 [INFO] Switched to physical mode for TC: TC_ID-741 Step: PreCondition: PC_ID-023  Testcase:Verify incorrect msg length NRC for RXSWIN version information (22 F1 EF 02)
2026-07-30 09:53:08,970 [INFO] TC_ID-741 - PreCondition: PC_ID-023  Testcase:Verify incorrect msg length NRC for RXSWIN version information (22 F1 EF 02): SID=0x22, Sub=0xF1EF02, Expected=[3, 127, 34, 19, 170, 170, 170, 170]
2026-07-30 09:53:09,068 [INFO] TC_ID-741 - PreCondition: PC_ID-023  Testcase:Verify incorrect msg length NRC for RXSWIN version information (22 F1 EF 02): Sending request 22F1EF02
2026-07-30 09:53:09,068 [INFO] TC_ID-741 - PreCondition: PC_ID-023  Testcase:Verify incorrect msg length NRC for RXSWIN version information (22 F1 EF 02): Sending request 22F1EF02
2026-07-30 09:53:09,069 [DEBUG] Sending 4 bytes : [22f1ef02]
2026-07-30 09:53:09,071 [DEBUG] Enqueuing a SendRequest for 4 bytes and TAT=Physical
2026-07-30 09:53:09,072 [DEBUG] Tx: <706> (08) [ ]	 0422f1ef02000000
2026-07-30 09:53:09,075 [DEBUG] We've been asked to write a message to the bus
2026-07-30 09:53:09,077 [DEBUG] sending: Timestamp:        0.000000    ID:      706    S Rx     F BS       DL:  8    04 22 f1 ef 02 00 00 00
2026-07-30 09:53:09,098 [DEBUG] Rx: <70E> (08) [p]	 037f2213aaaaaaaa
2026-07-30 09:53:09,148 [INFO] TC_ID-741 - Received: 7F2213
2026-07-30 09:53:09,149 [WARNING] TC_ID-741 - PreCondition: PC_ID-023  Testcase:Verify incorrect msg length NRC for RXSWIN version information (22 F1 EF 02) -> ❌ FAIL - Expected 037F2213AAAAAAAA
2026-07-30 09:53:09,150 [DEBUG] Stopping CanStack
2026-07-30 09:53:09,151 [DEBUG] Main thread is exiting
2026-07-30 09:53:09,199 [DEBUG] CanStack Stopped
2026-07-30 09:53:09,200 [INFO] Connection closed
2026-07-30 09:53:09,201 [INFO] Running Test Case: TC_ID-742
2026-07-30 09:53:09,201 [DEBUG] Starting CanStack
2026-07-30 09:53:09,203 [DEBUG] Main thread has started
2026-07-30 09:53:09,204 [DEBUG] Relay thread has started
2026-07-30 09:53:09,207 [INFO] Connection opened
2026-07-30 09:53:09,209 [INFO] Switched to physical mode for TC: TC_ID-742 Step: PreCondition: PC_ID-023  Testcase:Vehicle_Manufacturer_Spare_Part_Number_F1_87_Read(Defaultsession)
2026-07-30 09:53:09,211 [INFO] TC_ID-742 - PreCondition: PC_ID-023  Testcase:Vehicle_Manufacturer_Spare_Part_Number_F1_87_Read(Defaultsession): SID=0x22, Sub=0xF187, Expected=[16, 13, 98, 241, 135, 56, 56, 53, 52, 48, 71, 74, 48, 48, 48, 170, 170]
2026-07-30 09:53:09,309 [INFO] TC_ID-742 - PreCondition: PC_ID-023  Testcase:Vehicle_Manufacturer_Spare_Part_Number_F1_87_Read(Defaultsession): Sending request 22F187
2026-07-30 09:53:09,311 [INFO] TC_ID-742 - PreCondition: PC_ID-023  Testcase:Vehicle_Manufacturer_Spare_Part_Number_F1_87_Read(Defaultsession): Sending request 22F187
2026-07-30 09:53:09,312 [DEBUG] Sending 3 bytes : [22f187]
2026-07-30 09:53:09,313 [DEBUG] Enqueuing a SendRequest for 3 bytes and TAT=Physical
2026-07-30 09:53:09,315 [DEBUG] Tx: <706> (08) [ ]	 0322f18700000000
2026-07-30 09:53:09,317 [DEBUG] We've been asked to write a message to the bus
2026-07-30 09:53:09,320 [DEBUG] sending: Timestamp:        0.000000    ID:      706    S Rx     F BS       DL:  8    03 22 f1 87 00 00 00 00
2026-07-30 09:53:09,347 [DEBUG] We've been asked to write a message to the bus
2026-07-30 09:53:09,348 [DEBUG] Rx: <70E> (08) [p]	 100d62f187383835
2026-07-30 09:53:09,353 [DEBUG] sending: Timestamp:        0.000000    ID:      706    S Rx     F BS       DL:  8    30 08 0a 00 00 00 00 00
2026-07-30 09:53:09,355 [DEBUG] Tx: <706> (08) [ ]	 30080a0000000000
2026-07-30 09:53:09,356 [DEBUG] We've been asked to write a message to the bus
2026-07-30 09:53:09,357 [DEBUG] sending: Timestamp:        0.000000    ID:      706    S Rx     F BS       DL:  8    30 08 0a 00 00 00 00 00
2026-07-30 09:53:09,358 [DEBUG] TxState=IDLE - RxState=WAIT_CF
2026-07-30 09:53:09,363 [DEBUG] Rx: <70E> (08) [p]	 213430474a303030
2026-07-30 09:53:09,412 [INFO] TC_ID-742 - Received: 62F1873838353430474A303030
2026-07-30 09:53:09,413 [WARNING] TC_ID-742 - PreCondition: PC_ID-023  Testcase:Vehicle_Manufacturer_Spare_Part_Number_F1_87_Read(Defaultsession) -> ❌ FAIL - Expected 100D62F1873838353430474A303030AAAA
2026-07-30 09:53:09,414 [DEBUG] Stopping CanStack
2026-07-30 09:53:09,415 [DEBUG] TxState=IDLE - RxState=IDLE
2026-07-30 09:53:09,416 [DEBUG] Main thread is exiting
2026-07-30 09:53:09,464 [DEBUG] CanStack Stopped
2026-07-30 09:53:09,465 [INFO] Connection closed
2026-07-30 09:53:09,466 [INFO] Running Test Case: TC_ID-743
2026-07-30 09:53:09,466 [DEBUG] Starting CanStack
2026-07-30 09:53:09,468 [DEBUG] Main thread has started
2026-07-30 09:53:09,468 [DEBUG] Relay thread has started
2026-07-30 09:53:09,470 [INFO] Connection opened
2026-07-30 09:53:09,471 [INFO] Switched to physical mode for TC: TC_ID-743 Step: PreCondition: PC_ID-023  Testcase:Verify incorrect msg length NRC for Part number information (22 F1 87 01)
2026-07-30 09:53:09,472 [INFO] TC_ID-743 - PreCondition: PC_ID-023  Testcase:Verify incorrect msg length NRC for Part number information (22 F1 87 01): SID=0x22, Sub=0xF18701, Expected=[3, 127, 34, 19, 170, 170, 170, 170]
2026-07-30 09:53:09,571 [INFO] TC_ID-743 - PreCondition: PC_ID-023  Testcase:Verify incorrect msg length NRC for Part number information (22 F1 87 01): Sending request 22F18701
2026-07-30 09:53:09,572 [INFO] TC_ID-743 - PreCondition: PC_ID-023  Testcase:Verify incorrect msg length NRC for Part number information (22 F1 87 01): Sending request 22F18701
2026-07-30 09:53:09,573 [DEBUG] Sending 4 bytes : [22f18701]
2026-07-30 09:53:09,574 [DEBUG] Enqueuing a SendRequest for 4 bytes and TAT=Physical
2026-07-30 09:53:09,576 [DEBUG] Tx: <706> (08) [ ]	 0422f18701000000
2026-07-30 09:53:09,579 [DEBUG] We've been asked to write a message to the bus
2026-07-30 09:53:09,581 [DEBUG] sending: Timestamp:        0.000000    ID:      706    S Rx     F BS       DL:  8    04 22 f1 87 01 00 00 00
2026-07-30 09:53:09,608 [DEBUG] Rx: <70E> (08) [p]	 037f2213aaaaaaaa
2026-07-30 09:53:09,657 [INFO] TC_ID-743 - Received: 7F2213
2026-07-30 09:53:09,658 [WARNING] TC_ID-743 - PreCondition: PC_ID-023  Testcase:Verify incorrect msg length NRC for Part number information (22 F1 87 01) -> ❌ FAIL - Expected 037F2213AAAAAAAA
2026-07-30 09:53:09,659 [DEBUG] Stopping CanStack
2026-07-30 09:53:09,661 [DEBUG] Main thread is exiting
2026-07-30 09:53:09,708 [DEBUG] CanStack Stopped
2026-07-30 09:53:09,709 [INFO] Connection closed
2026-07-30 09:53:09,709 [INFO] Running Test Case: TC_ID-744
2026-07-30 09:53:09,710 [DEBUG] Starting CanStack
2026-07-30 09:53:09,711 [DEBUG] Main thread has started
2026-07-30 09:53:09,713 [DEBUG] Relay thread has started
2026-07-30 09:53:09,715 [INFO] Connection opened
2026-07-30 09:53:09,717 [INFO] Switched to physical mode for TC: TC_ID-744 Step: PreCondition: PC_ID-023  Testcase:Manufacturing_F1_8B_Read(Defaultsession)
2026-07-30 09:53:09,720 [INFO] TC_ID-744 - PreCondition: PC_ID-023  Testcase:Manufacturing_F1_8B_Read(Defaultsession): SID=0x22, Sub=0xF18B, Expected=[7, 98, 241, 139, 32, 37, 16, 21]
2026-07-30 09:53:09,805 [INFO] TC_ID-744 - PreCondition: PC_ID-023  Testcase:Manufacturing_F1_8B_Read(Defaultsession): Sending request 22F18B
2026-07-30 09:53:09,806 [INFO] TC_ID-744 - PreCondition: PC_ID-023  Testcase:Manufacturing_F1_8B_Read(Defaultsession): Sending request 22F18B
2026-07-30 09:53:09,807 [DEBUG] Sending 3 bytes : [22f18b]
2026-07-30 09:53:09,808 [DEBUG] Enqueuing a SendRequest for 3 bytes and TAT=Physical
2026-07-30 09:53:09,810 [DEBUG] Tx: <706> (08) [ ]	 0322f18b00000000
2026-07-30 09:53:09,813 [DEBUG] We've been asked to write a message to the bus
2026-07-30 09:53:09,815 [DEBUG] sending: Timestamp:        0.000000    ID:      706    S Rx     F BS       DL:  8    03 22 f1 8b 00 00 00 00
2026-07-30 09:53:09,838 [DEBUG] Rx: <70E> (08) [p]	 0762f18b20251015
2026-07-30 09:53:09,889 [INFO] TC_ID-744 - Received: 62F18B20251015
2026-07-30 09:53:09,890 [WARNING] TC_ID-744 - PreCondition: PC_ID-023  Testcase:Manufacturing_F1_8B_Read(Defaultsession) -> ❌ FAIL - Expected 0762F18B20251015
2026-07-30 09:53:09,891 [DEBUG] Stopping CanStack
2026-07-30 09:53:09,893 [DEBUG] Main thread is exiting
2026-07-30 09:53:09,938 [DEBUG] CanStack Stopped
2026-07-30 09:53:09,939 [INFO] Connection closed
2026-07-30 09:53:09,940 [INFO] Running Test Case: TC_ID-745
2026-07-30 09:53:09,940 [DEBUG] Starting CanStack
2026-07-30 09:53:09,942 [DEBUG] Main thread has started
2026-07-30 09:53:09,943 [DEBUG] Relay thread has started
2026-07-30 09:53:09,945 [INFO] Connection opened
2026-07-30 09:53:09,946 [INFO] Switched to physical mode for TC: TC_ID-745 Step: PreCondition: PC_ID-023  Testcase:Verify incorrect msg length NRC for Manufacturing date information (22 F1 8B 02)
2026-07-30 09:53:09,947 [INFO] TC_ID-745 - PreCondition: PC_ID-023  Testcase:Verify incorrect msg length NRC for Manufacturing date information (22 F1 8B 02): SID=0x22, Sub=0xF18B02, Expected=[3, 127, 34, 19, 170, 170, 170, 170]
2026-07-30 09:53:10,057 [INFO] TC_ID-745 - PreCondition: PC_ID-023  Testcase:Verify incorrect msg length NRC for Manufacturing date information (22 F1 8B 02): Sending request 22F18B02
2026-07-30 09:53:10,057 [INFO] TC_ID-745 - PreCondition: PC_ID-023  Testcase:Verify incorrect msg length NRC for Manufacturing date information (22 F1 8B 02): Sending request 22F18B02
2026-07-30 09:53:10,058 [DEBUG] Sending 4 bytes : [22f18b02]
2026-07-30 09:53:10,059 [DEBUG] Enqueuing a SendRequest for 4 bytes and TAT=Physical
2026-07-30 09:53:10,061 [DEBUG] Tx: <706> (08) [ ]	 0422f18b02000000
2026-07-30 09:53:10,064 [DEBUG] We've been asked to write a message to the bus
2026-07-30 09:53:10,066 [DEBUG] sending: Timestamp:        0.000000    ID:      706    S Rx     F BS       DL:  8    04 22 f1 8b 02 00 00 00
2026-07-30 09:53:10,088 [DEBUG] Rx: <70E> (08) [p]	 037f2213aaaaaaaa
2026-07-30 09:53:10,138 [INFO] TC_ID-745 - Received: 7F2213
2026-07-30 09:53:10,138 [WARNING] TC_ID-745 - PreCondition: PC_ID-023  Testcase:Verify incorrect msg length NRC for Manufacturing date information (22 F1 8B 02) -> ❌ FAIL - Expected 037F2213AAAAAAAA
2026-07-30 09:53:10,139 [DEBUG] Stopping CanStack
2026-07-30 09:53:10,140 [DEBUG] Main thread is exiting
2026-07-30 09:53:10,188 [DEBUG] CanStack Stopped
2026-07-30 09:53:10,189 [INFO] Connection closed
2026-07-30 09:53:10,189 [INFO] Running Test Case: TC_ID-746
2026-07-30 09:53:10,190 [DEBUG] Starting CanStack
2026-07-30 09:53:10,191 [DEBUG] Main thread has started
2026-07-30 09:53:10,192 [DEBUG] Relay thread has started
2026-07-30 09:53:10,194 [INFO] Connection opened
2026-07-30 09:53:10,195 [INFO] Switched to physical mode for TC: TC_ID-746 Step: PreCondition: PC_ID-023  Testcase:ECU_Serial_Number_F1_8C_Read(Defaultsession)
2026-07-30 09:53:10,196 [INFO] TC_ID-746 - PreCondition: PC_ID-023  Testcase:ECU_Serial_Number_F1_8C_Read(Defaultsession): SID=0x22, Sub=0xF18C, Expected=[16, 13, 98, 241, 140, 48, 48, 48, 48, 48, 48, 48, 48, 53, 48, 170, 170]
2026-07-30 09:53:10,286 [INFO] TC_ID-746 - PreCondition: PC_ID-023  Testcase:ECU_Serial_Number_F1_8C_Read(Defaultsession): Sending request 22F18C
2026-07-30 09:53:10,287 [INFO] TC_ID-746 - PreCondition: PC_ID-023  Testcase:ECU_Serial_Number_F1_8C_Read(Defaultsession): Sending request 22F18C
2026-07-30 09:53:10,288 [DEBUG] Sending 3 bytes : [22f18c]
2026-07-30 09:53:10,289 [DEBUG] Enqueuing a SendRequest for 3 bytes and TAT=Physical
2026-07-30 09:53:10,291 [DEBUG] Tx: <706> (08) [ ]	 0322f18c00000000
2026-07-30 09:53:10,294 [DEBUG] We've been asked to write a message to the bus
2026-07-30 09:53:10,295 [DEBUG] sending: Timestamp:        0.000000    ID:      706    S Rx     F BS       DL:  8    03 22 f1 8c 00 00 00 00
2026-07-30 09:53:10,318 [DEBUG] Rx: <70E> (08) [p]	 100d62f18c303030
2026-07-30 09:53:10,319 [DEBUG] We've been asked to write a message to the bus
2026-07-30 09:53:10,320 [DEBUG] Tx: <706> (08) [ ]	 30080a0000000000
2026-07-30 09:53:10,320 [DEBUG] sending: Timestamp:        0.000000    ID:      706    S Rx     F BS       DL:  8    30 08 0a 00 00 00 00 00
2026-07-30 09:53:10,321 [DEBUG] We've been asked to write a message to the bus
2026-07-30 09:53:10,322 [DEBUG] sending: Timestamp:        0.000000    ID:      706    S Rx     F BS       DL:  8    30 08 0a 00 00 00 00 00
2026-07-30 09:53:10,324 [DEBUG] TxState=IDLE - RxState=WAIT_CF
2026-07-30 09:53:10,327 [DEBUG] Rx: <70E> (08) [p]	 2130303030303530
2026-07-30 09:53:10,377 [INFO] TC_ID-746 - Received: 62F18C30303030303030303530
2026-07-30 09:53:10,378 [WARNING] TC_ID-746 - PreCondition: PC_ID-023  Testcase:ECU_Serial_Number_F1_8C_Read(Defaultsession) -> ❌ FAIL - Expected 100D62F18C30303030303030303530AAAA
2026-07-30 09:53:10,379 [DEBUG] TxState=IDLE - RxState=IDLE
2026-07-30 09:53:10,379 [DEBUG] Stopping CanStack
2026-07-30 09:53:10,381 [DEBUG] Main thread is exiting
2026-07-30 09:53:10,428 [DEBUG] CanStack Stopped
2026-07-30 09:53:10,429 [INFO] Connection closed
2026-07-30 09:53:10,430 [INFO] Running Test Case: TC_ID-747
2026-07-30 09:53:10,430 [DEBUG] Starting CanStack
2026-07-30 09:53:10,431 [DEBUG] Main thread has started
2026-07-30 09:53:10,432 [DEBUG] Relay thread has started
2026-07-30 09:53:10,434 [INFO] Connection opened
2026-07-30 09:53:10,434 [INFO] Switched to physical mode for TC: TC_ID-747 Step: PreCondition: PC_ID-023  Testcase:Vehicle_Manufacturer_ECU_HW_Number_F1_91_Read(Defaultsession)
2026-07-30 09:53:10,435 [INFO] TC_ID-747 - PreCondition: PC_ID-023  Testcase:Vehicle_Manufacturer_ECU_HW_Number_F1_91_Read(Defaultsession): SID=0x22, Sub=0xF191, Expected=[16, 8, 98, 241, 145, 67, 46, 48, 48, 170, 170, 170, 170, 170]
2026-07-30 09:53:10,531 [INFO] TC_ID-747 - PreCondition: PC_ID-023  Testcase:Vehicle_Manufacturer_ECU_HW_Number_F1_91_Read(Defaultsession): Sending request 22F191
2026-07-30 09:53:10,532 [INFO] TC_ID-747 - PreCondition: PC_ID-023  Testcase:Vehicle_Manufacturer_ECU_HW_Number_F1_91_Read(Defaultsession): Sending request 22F191
2026-07-30 09:53:10,533 [DEBUG] Sending 3 bytes : [22f191]
2026-07-30 09:53:10,534 [DEBUG] Enqueuing a SendRequest for 3 bytes and TAT=Physical
2026-07-30 09:53:10,536 [DEBUG] Tx: <706> (08) [ ]	 0322f19100000000
2026-07-30 09:53:10,539 [DEBUG] We've been asked to write a message to the bus
2026-07-30 09:53:10,541 [DEBUG] sending: Timestamp:        0.000000    ID:      706    S Rx     F BS       DL:  8    03 22 f1 91 00 00 00 00
2026-07-30 09:53:10,568 [DEBUG] Rx: <70E> (08) [p]	 0762f191432e3030
2026-07-30 09:53:10,617 [INFO] TC_ID-747 - Received: 62F191432E3030
2026-07-30 09:53:10,618 [WARNING] TC_ID-747 - PreCondition: PC_ID-023  Testcase:Vehicle_Manufacturer_ECU_HW_Number_F1_91_Read(Defaultsession) -> ❌ FAIL - Expected 100862F191432E3030AAAAAAAAAA
2026-07-30 09:53:10,620 [DEBUG] Stopping CanStack
2026-07-30 09:53:10,621 [DEBUG] Main thread is exiting
2026-07-30 09:53:10,669 [DEBUG] CanStack Stopped
2026-07-30 09:53:10,670 [INFO] Connection closed
2026-07-30 09:53:10,670 [INFO] Running Test Case: TC_ID-748
2026-07-30 09:53:10,671 [DEBUG] Starting CanStack
2026-07-30 09:53:10,672 [DEBUG] Main thread has started
2026-07-30 09:53:10,674 [DEBUG] Relay thread has started
2026-07-30 09:53:10,676 [INFO] Connection opened
2026-07-30 09:53:10,677 [INFO] Switched to physical mode for TC: TC_ID-748 Step: PreCondition: PC_ID-023  Testcase:Verify incorrect msg length NRC for Vehicle Manufacturer ECU Hardware Number information information (22 F1 91 01)
2026-07-30 09:53:10,680 [INFO] TC_ID-748 - PreCondition: PC_ID-023  Testcase:Verify incorrect msg length NRC for Vehicle Manufacturer ECU Hardware Number information information (22 F1 91 01): SID=0x22, Sub=0xF19101, Expected=[3, 127, 34, 19, 170, 170, 170, 170]
2026-07-30 09:53:10,795 [INFO] TC_ID-748 - PreCondition: PC_ID-023  Testcase:Verify incorrect msg length NRC for Vehicle Manufacturer ECU Hardware Number information information (22 F1 91 01): Sending request 22F19101
2026-07-30 09:53:10,796 [INFO] TC_ID-748 - PreCondition: PC_ID-023  Testcase:Verify incorrect msg length NRC for Vehicle Manufacturer ECU Hardware Number information information (22 F1 91 01): Sending request 22F19101
2026-07-30 09:53:10,797 [DEBUG] Sending 4 bytes : [22f19101]
2026-07-30 09:53:10,798 [DEBUG] Enqueuing a SendRequest for 4 bytes and TAT=Physical
2026-07-30 09:53:10,800 [DEBUG] Tx: <706> (08) [ ]	 0422f19101000000
2026-07-30 09:53:10,802 [DEBUG] We've been asked to write a message to the bus
2026-07-30 09:53:10,804 [DEBUG] sending: Timestamp:        0.000000    ID:      706    S Rx     F BS       DL:  8    04 22 f1 91 01 00 00 00
2026-07-30 09:53:10,829 [DEBUG] Rx: <70E> (08) [p]	 037f2213aaaaaaaa
2026-07-30 09:53:10,878 [INFO] TC_ID-748 - Received: 7F2213
2026-07-30 09:53:10,879 [WARNING] TC_ID-748 - PreCondition: PC_ID-023  Testcase:Verify incorrect msg length NRC for Vehicle Manufacturer ECU Hardware Number information information (22 F1 91 01) -> ❌ FAIL - Expected 037F2213AAAAAAAA
2026-07-30 09:53:10,880 [DEBUG] Stopping CanStack
2026-07-30 09:53:10,882 [DEBUG] Main thread is exiting
2026-07-30 09:53:10,929 [DEBUG] CanStack Stopped
2026-07-30 09:53:10,930 [INFO] Connection closed
2026-07-30 09:53:10,931 [INFO] Running Test Case: TC_ID-749
2026-07-30 09:53:10,932 [DEBUG] Starting CanStack
2026-07-30 09:53:10,933 [DEBUG] Main thread has started
2026-07-30 09:53:10,934 [DEBUG] Relay thread has started
2026-07-30 09:53:10,936 [INFO] Connection opened
2026-07-30 09:53:10,938 [INFO] Switched to physical mode for TC: TC_ID-749 Step: PreCondition: PC_ID-023  Testcase:HardwareVersionNumber_F1_93_Read(Defaultsession)
2026-07-30 09:53:10,941 [INFO] TC_ID-749 - PreCondition: PC_ID-023  Testcase:HardwareVersionNumber_F1_93_Read(Defaultsession): SID=0x22, Sub=0xF193, Expected=[16, 8, 98, 241, 147, 67, 46, 48, 48, 170, 170, 170, 170, 170]
2026-07-30 09:53:11,031 [INFO] TC_ID-749 - PreCondition: PC_ID-023  Testcase:HardwareVersionNumber_F1_93_Read(Defaultsession): Sending request 22F193
2026-07-30 09:53:11,032 [INFO] TC_ID-749 - PreCondition: PC_ID-023  Testcase:HardwareVersionNumber_F1_93_Read(Defaultsession): Sending request 22F193
2026-07-30 09:53:11,032 [DEBUG] Sending 3 bytes : [22f193]
2026-07-30 09:53:11,034 [DEBUG] Enqueuing a SendRequest for 3 bytes and TAT=Physical
2026-07-30 09:53:11,036 [DEBUG] Tx: <706> (08) [ ]	 0322f19300000000
2026-07-30 09:53:11,039 [DEBUG] We've been asked to write a message to the bus
2026-07-30 09:53:11,040 [DEBUG] sending: Timestamp:        0.000000    ID:      706    S Rx     F BS       DL:  8    03 22 f1 93 00 00 00 00
2026-07-30 09:53:11,068 [DEBUG] Rx: <70E> (08) [p]	 0762f193432e3030
2026-07-30 09:53:11,117 [INFO] TC_ID-749 - Received: 62F193432E3030
2026-07-30 09:53:11,118 [WARNING] TC_ID-749 - PreCondition: PC_ID-023  Testcase:HardwareVersionNumber_F1_93_Read(Defaultsession) -> ❌ FAIL - Expected 100862F193432E3030AAAAAAAAAA
2026-07-30 09:53:11,120 [DEBUG] Stopping CanStack
2026-07-30 09:53:11,121 [DEBUG] Main thread is exiting
2026-07-30 09:53:11,169 [DEBUG] CanStack Stopped
2026-07-30 09:53:11,170 [INFO] Connection closed
2026-07-30 09:53:11,170 [INFO] Running Test Case: TC_ID-750
2026-07-30 09:53:11,171 [DEBUG] Starting CanStack
2026-07-30 09:53:11,172 [DEBUG] Main thread has started
2026-07-30 09:53:11,174 [DEBUG] Relay thread has started
2026-07-30 09:53:11,177 [INFO] Connection opened
2026-07-30 09:53:11,180 [INFO] Switched to physical mode for TC: TC_ID-750 Step: PreCondition: PC_ID-023  Testcase:ECUSoftwareUnit1IVDDataIdentifier_F1_C1_Read(Defaultsession)
2026-07-30 09:53:11,181 [INFO] TC_ID-750 - PreCondition: PC_ID-023  Testcase:ECUSoftwareUnit1IVDDataIdentifier_F1_C1_Read(Defaultsession): SID=0x22, Sub=0xF1C1, Expected=[16, 35, 98, 241, 193, 89, 132, 149, 115, 208, 147, 255, 45, 174, 165, 181, 19, 158, 8, 114, 225, 168, 238, 34, 156, 199, 240, 147, 54, 118, 206, 209, 76, 62, 181, 253, 217, 170, 170, 170, 170, 170, 170]
2026-07-30 09:53:11,274 [INFO] TC_ID-750 - PreCondition: PC_ID-023  Testcase:ECUSoftwareUnit1IVDDataIdentifier_F1_C1_Read(Defaultsession): Sending request 22F1C1
2026-07-30 09:53:11,275 [INFO] TC_ID-750 - PreCondition: PC_ID-023  Testcase:ECUSoftwareUnit1IVDDataIdentifier_F1_C1_Read(Defaultsession): Sending request 22F1C1
2026-07-30 09:53:11,276 [DEBUG] Sending 3 bytes : [22f1c1]
2026-07-30 09:53:11,277 [DEBUG] Enqueuing a SendRequest for 3 bytes and TAT=Physical
2026-07-30 09:53:11,280 [DEBUG] Tx: <706> (08) [ ]	 0322f1c100000000
2026-07-30 09:53:11,282 [DEBUG] We've been asked to write a message to the bus
2026-07-30 09:53:11,284 [DEBUG] sending: Timestamp:        0.000000    ID:      706    S Rx     F BS       DL:  8    03 22 f1 c1 00 00 00 00
2026-07-30 09:53:11,309 [DEBUG] Rx: <70E> (08) [p]	 037f2222aaaaaaaa
2026-07-30 09:53:11,310 [INFO] TC_ID-750 PreCondition: PC_ID-023  Testcase:ECUSoftwareUnit1IVDDataIdentifier_F1_C1_Read(Defaultsession) -> Response shorter than expected (3/35). Waiting for remaining payload.
2026-07-30 09:53:11,313 [DEBUG] Received 3 bytes : [7f2222]
2026-07-30 09:53:16,314 [DEBUG] No data received: [TimeoutException] - Did not receive IsoTP frame from the Transport layer in time (timeout=5.0 sec) 
2026-07-30 09:53:16,315 [WARNING] TC_ID-750 PreCondition: PC_ID-023  Testcase:ECUSoftwareUnit1IVDDataIdentifier_F1_C1_Read(Defaultsession) -> Timed out while extending response (6/35)
2026-07-30 09:53:16,366 [INFO] TC_ID-750 - Received: 7F22227F2222
2026-07-30 09:53:16,368 [WARNING] TC_ID-750 - PreCondition: PC_ID-023  Testcase:ECUSoftwareUnit1IVDDataIdentifier_F1_C1_Read(Defaultsession) -> ❌ FAIL - Expected 102362F1C159849573D093FF2DAEA5B5139E0872E1A8EE229CC7F0933676CED14C3EB5FDD9AAAAAAAAAAAA
2026-07-30 09:53:16,368 [DEBUG] Stopping CanStack
2026-07-30 09:53:16,370 [DEBUG] Main thread is exiting
2026-07-30 09:53:16,380 [DEBUG] CanStack Stopped
2026-07-30 09:53:16,381 [INFO] Connection closed
2026-07-30 09:53:16,382 [INFO] Running Test Case: TC_ID-751
2026-07-30 09:53:16,384 [DEBUG] Starting CanStack
2026-07-30 09:53:16,387 [DEBUG] Main thread has started
2026-07-30 09:53:16,390 [DEBUG] Relay thread has started
2026-07-30 09:53:16,392 [INFO] Connection opened
2026-07-30 09:53:16,393 [INFO] Switched to physical mode for TC: TC_ID-751 Step: PreCondition: PC_ID-023  Testcase:Verify incorrect msg length NRC for ECU S/W Unit 1 IVD Response (22 F1 C1 01)
2026-07-30 09:53:16,394 [INFO] TC_ID-751 - PreCondition: PC_ID-023  Testcase:Verify incorrect msg length NRC for ECU S/W Unit 1 IVD Response (22 F1 C1 01): SID=0x22, Sub=0xF1C101, Expected=[3, 127, 34, 19, 170, 170, 170, 170]
2026-07-30 09:53:16,499 [INFO] TC_ID-751 - PreCondition: PC_ID-023  Testcase:Verify incorrect msg length NRC for ECU S/W Unit 1 IVD Response (22 F1 C1 01): Sending request 22F1C101
2026-07-30 09:53:16,500 [INFO] TC_ID-751 - PreCondition: PC_ID-023  Testcase:Verify incorrect msg length NRC for ECU S/W Unit 1 IVD Response (22 F1 C1 01): Sending request 22F1C101
2026-07-30 09:53:16,501 [DEBUG] Sending 4 bytes : [22f1c101]
2026-07-30 09:53:16,502 [DEBUG] Enqueuing a SendRequest for 4 bytes and TAT=Physical
2026-07-30 09:53:16,504 [DEBUG] Tx: <706> (08) [ ]	 0422f1c101000000
2026-07-30 09:53:16,507 [DEBUG] We've been asked to write a message to the bus
2026-07-30 09:53:16,509 [DEBUG] sending: Timestamp:        0.000000    ID:      706    S Rx     F BS       DL:  8    04 22 f1 c1 01 00 00 00
2026-07-30 09:53:16,528 [DEBUG] Rx: <70E> (08) [p]	 037f2213aaaaaaaa
2026-07-30 09:53:16,578 [INFO] TC_ID-751 - Received: 7F2213
2026-07-30 09:53:16,579 [WARNING] TC_ID-751 - PreCondition: PC_ID-023  Testcase:Verify incorrect msg length NRC for ECU S/W Unit 1 IVD Response (22 F1 C1 01) -> ❌ FAIL - Expected 037F2213AAAAAAAA
2026-07-30 09:53:16,579 [DEBUG] Stopping CanStack
2026-07-30 09:53:16,581 [DEBUG] Main thread is exiting
2026-07-30 09:53:16,629 [DEBUG] CanStack Stopped
2026-07-30 09:53:16,630 [INFO] Connection closed
2026-07-30 09:53:16,630 [INFO] Running Test Case: TC_ID-752
2026-07-30 09:53:16,631 [DEBUG] Starting CanStack
2026-07-30 09:53:16,632 [DEBUG] Main thread has started
2026-07-30 09:53:16,634 [DEBUG] Relay thread has started
2026-07-30 09:53:16,636 [INFO] Connection opened
2026-07-30 09:53:16,638 [INFO] Switched to physical mode for TC: TC_ID-752 Step: PreCondition: PC_ID-023  Testcase:ECU_Supplier_Code_F1_A1_Read(Defaultsession)
2026-07-30 09:53:16,641 [INFO] TC_ID-752 - PreCondition: PC_ID-023  Testcase:ECU_Supplier_Code_F1_A1_Read(Defaultsession): SID=0x22, Sub=0xF1A1, Expected=[7, 98, 241, 161, 83, 49, 49, 48]
2026-07-30 09:53:16,727 [INFO] TC_ID-752 - PreCondition: PC_ID-023  Testcase:ECU_Supplier_Code_F1_A1_Read(Defaultsession): Sending request 22F1A1
2026-07-30 09:53:16,728 [INFO] TC_ID-752 - PreCondition: PC_ID-023  Testcase:ECU_Supplier_Code_F1_A1_Read(Defaultsession): Sending request 22F1A1
2026-07-30 09:53:16,729 [DEBUG] Sending 3 bytes : [22f1a1]
2026-07-30 09:53:16,730 [DEBUG] Enqueuing a SendRequest for 3 bytes and TAT=Physical
2026-07-30 09:53:16,732 [DEBUG] Tx: <706> (08) [ ]	 0322f1a100000000
2026-07-30 09:53:16,735 [DEBUG] We've been asked to write a message to the bus
2026-07-30 09:53:16,736 [DEBUG] sending: Timestamp:        0.000000    ID:      706    S Rx     F BS       DL:  8    03 22 f1 a1 00 00 00 00
2026-07-30 09:53:16,758 [DEBUG] Rx: <70E> (08) [p]	 0762f1a153313130
2026-07-30 09:53:16,808 [INFO] TC_ID-752 - Received: 62F1A153313130
2026-07-30 09:53:16,809 [WARNING] TC_ID-752 - PreCondition: PC_ID-023  Testcase:ECU_Supplier_Code_F1_A1_Read(Defaultsession) -> ❌ FAIL - Expected 0762F1A153313130
2026-07-30 09:53:16,810 [DEBUG] Stopping CanStack
2026-07-30 09:53:16,811 [DEBUG] Main thread is exiting
2026-07-30 09:53:16,858 [DEBUG] CanStack Stopped
2026-07-30 09:53:16,859 [INFO] Connection closed
2026-07-30 09:53:16,860 [INFO] Running Test Case: TC_ID-753
2026-07-30 09:53:16,860 [DEBUG] Starting CanStack
2026-07-30 09:53:16,862 [DEBUG] Main thread has started
2026-07-30 09:53:16,863 [DEBUG] Relay thread has started
2026-07-30 09:53:16,864 [INFO] Connection opened
2026-07-30 09:53:16,865 [INFO] Switched to physical mode for TC: TC_ID-753 Step: PreCondition: PC_ID-023  Testcase:ECU_Software_UNIT_number_F1_B0_Read(Defaultsession)
2026-07-30 09:53:16,866 [INFO] TC_ID-753 - PreCondition: PC_ID-023  Testcase:ECU_Software_UNIT_number_F1_B0_Read(Defaultsession): SID=0x22, Sub=0xF1B0, Expected=[4, 98, 241, 176, 1, 170, 170, 170]
2026-07-30 09:53:16,958 [INFO] TC_ID-753 - PreCondition: PC_ID-023  Testcase:ECU_Software_UNIT_number_F1_B0_Read(Defaultsession): Sending request 22F1B0
2026-07-30 09:53:16,959 [INFO] TC_ID-753 - PreCondition: PC_ID-023  Testcase:ECU_Software_UNIT_number_F1_B0_Read(Defaultsession): Sending request 22F1B0
2026-07-30 09:53:16,960 [DEBUG] Sending 3 bytes : [22f1b0]
2026-07-30 09:53:16,961 [DEBUG] Enqueuing a SendRequest for 3 bytes and TAT=Physical
2026-07-30 09:53:16,963 [DEBUG] Tx: <706> (08) [ ]	 0322f1b000000000
2026-07-30 09:53:16,966 [DEBUG] We've been asked to write a message to the bus
2026-07-30 09:53:16,968 [DEBUG] sending: Timestamp:        0.000000    ID:      706    S Rx     F BS       DL:  8    03 22 f1 b0 00 00 00 00
2026-07-30 09:53:16,991 [DEBUG] Rx: <70E> (08) [p]	 0462f1b001aaaaaa
2026-07-30 09:53:17,022 [WARNING] TC_ID-753 - No response received
2026-07-30 09:53:17,023 [DEBUG] Stopping CanStack
2026-07-30 09:53:17,024 [DEBUG] Main thread is exiting
2026-07-30 09:53:17,042 [DEBUG] CanStack Stopped
2026-07-30 09:53:17,043 [INFO] Connection closed
2026-07-30 09:53:17,044 [INFO] Running Test Case: TC_ID-754
2026-07-30 09:53:17,045 [DEBUG] Starting CanStack
2026-07-30 09:53:17,047 [DEBUG] Main thread has started
2026-07-30 09:53:17,048 [DEBUG] Relay thread has started
2026-07-30 09:53:17,053 [INFO] Connection opened
2026-07-30 09:53:17,054 [INFO] Switched to physical mode for TC: TC_ID-754 Step: PreCondition: PC_ID-023  Testcase:Verify incorrect msg length NRC for ECU S/W Unit number information message (22 F1 B0 01)
2026-07-30 09:53:17,055 [INFO] TC_ID-754 - PreCondition: PC_ID-023  Testcase:Verify incorrect msg length NRC for ECU S/W Unit number information message (22 F1 B0 01): SID=0x22, Sub=0xF1B001, Expected=[3, 127, 34, 19, 170, 170, 170, 170]
2026-07-30 09:53:17,157 [INFO] TC_ID-754 - PreCondition: PC_ID-023  Testcase:Verify incorrect msg length NRC for ECU S/W Unit number information message (22 F1 B0 01): Sending request 22F1B001
2026-07-30 09:53:17,158 [INFO] TC_ID-754 - PreCondition: PC_ID-023  Testcase:Verify incorrect msg length NRC for ECU S/W Unit number information message (22 F1 B0 01): Sending request 22F1B001
2026-07-30 09:53:17,159 [DEBUG] Sending 4 bytes : [22f1b001]
2026-07-30 09:53:17,161 [DEBUG] Enqueuing a SendRequest for 4 bytes and TAT=Physical
2026-07-30 09:53:17,163 [DEBUG] Tx: <706> (08) [ ]	 0422f1b001000000
2026-07-30 09:53:17,166 [DEBUG] We've been asked to write a message to the bus
2026-07-30 09:53:17,167 [DEBUG] sending: Timestamp:        0.000000    ID:      706    S Rx     F BS       DL:  8    04 22 f1 b0 01 00 00 00
2026-07-30 09:53:17,188 [DEBUG] Rx: <70E> (08) [p]	 037f2213aaaaaaaa
2026-07-30 09:53:17,237 [INFO] TC_ID-754 - Received: 7F2213
2026-07-30 09:53:17,238 [WARNING] TC_ID-754 - PreCondition: PC_ID-023  Testcase:Verify incorrect msg length NRC for ECU S/W Unit number information message (22 F1 B0 01) -> ❌ FAIL - Expected 037F2213AAAAAAAA
2026-07-30 09:53:17,239 [DEBUG] Stopping CanStack
2026-07-30 09:53:17,240 [DEBUG] Main thread is exiting
2026-07-30 09:53:17,289 [DEBUG] CanStack Stopped
2026-07-30 09:53:17,290 [INFO] Connection closed
2026-07-30 09:53:17,291 [INFO] Running Test Case: TC_ID-755
2026-07-30 09:53:17,291 [DEBUG] Starting CanStack
2026-07-30 09:53:17,293 [DEBUG] Main thread has started
2026-07-30 09:53:17,294 [DEBUG] Relay thread has started
2026-07-30 09:53:17,298 [INFO] Connection opened
2026-07-30 09:53:17,300 [INFO] Switched to physical mode for TC: TC_ID-755 Step: PreCondition: PC_ID-023  Testcase:ECU_Software_UNIT1_Version_F1_B1_Read(Defaultsession)
2026-07-30 09:53:17,301 [INFO] TC_ID-755 - PreCondition: PC_ID-023  Testcase:ECU_Software_UNIT1_Version_F1_B1_Read(Defaultsession): SID=0x22, Sub=0xF1B1, Expected=[16, 8, 98, 241, 177, 50, 53, 65, 49, 48, 170, 170, 170, 170, 170, 170]
2026-07-30 09:53:17,390 [INFO] TC_ID-755 - PreCondition: PC_ID-023  Testcase:ECU_Software_UNIT1_Version_F1_B1_Read(Defaultsession): Sending request 22F1B1
2026-07-30 09:53:17,391 [INFO] TC_ID-755 - PreCondition: PC_ID-023  Testcase:ECU_Software_UNIT1_Version_F1_B1_Read(Defaultsession): Sending request 22F1B1
2026-07-30 09:53:17,392 [DEBUG] Sending 3 bytes : [22f1b1]
2026-07-30 09:53:17,393 [DEBUG] Enqueuing a SendRequest for 3 bytes and TAT=Physical
2026-07-30 09:53:17,395 [DEBUG] Tx: <706> (08) [ ]	 0322f1b100000000
2026-07-30 09:53:17,398 [DEBUG] We've been asked to write a message to the bus
2026-07-30 09:53:17,400 [DEBUG] sending: Timestamp:        0.000000    ID:      706    S Rx     F BS       DL:  8    03 22 f1 b1 00 00 00 00
2026-07-30 09:53:17,427 [DEBUG] We've been asked to write a message to the bus
2026-07-30 09:53:17,428 [DEBUG] sending: Timestamp:        0.000000    ID:      706    S Rx     F BS       DL:  8    30 08 0a 00 00 00 00 00
2026-07-30 09:53:17,429 [DEBUG] Rx: <70E> (08) [p]	 100862f1b1323541
2026-07-30 09:53:17,430 [DEBUG] Tx: <706> (08) [ ]	 30080a0000000000
2026-07-30 09:53:17,432 [DEBUG] We've been asked to write a message to the bus
2026-07-30 09:53:17,433 [DEBUG] sending: Timestamp:        0.000000    ID:      706    S Rx     F BS       DL:  8    30 08 0a 00 00 00 00 00
2026-07-30 09:53:17,435 [DEBUG] TxState=IDLE - RxState=WAIT_CF
2026-07-30 09:53:17,436 [DEBUG] Rx: <70E> (08) [p]	 213130aaaaaaaaaa
2026-07-30 09:53:17,483 [INFO] TC_ID-755 - Received: 62F1B13235413130
2026-07-30 09:53:17,484 [WARNING] TC_ID-755 - PreCondition: PC_ID-023  Testcase:ECU_Software_UNIT1_Version_F1_B1_Read(Defaultsession) -> ❌ FAIL - Expected 100862F1B13235413130AAAAAAAAAAAA
2026-07-30 09:53:17,485 [DEBUG] Stopping CanStack
2026-07-30 09:53:17,486 [DEBUG] TxState=IDLE - RxState=IDLE
2026-07-30 09:53:17,487 [DEBUG] Main thread is exiting
2026-07-30 09:53:17,534 [DEBUG] CanStack Stopped
2026-07-30 09:53:17,534 [INFO] Connection closed
2026-07-30 09:53:17,535 [INFO] Running Test Case: TC_ID-756
2026-07-30 09:53:17,535 [DEBUG] Starting CanStack
2026-07-30 09:53:17,537 [DEBUG] Main thread has started
2026-07-30 09:53:17,538 [DEBUG] Relay thread has started
2026-07-30 09:53:17,539 [INFO] Connection opened
2026-07-30 09:53:17,539 [INFO] Switched to physical mode for TC: TC_ID-756 Step: PreCondition: PC_ID-023  Testcase:SystemNameOrEngineTypeDataIdentifier_Read(Defaultsession)
2026-07-30 09:53:17,540 [INFO] TC_ID-756 - PreCondition: PC_ID-023  Testcase:SystemNameOrEngineTypeDataIdentifier_Read(Defaultsession): SID=0x22, Sub=0xF197, Expected=[16, 14, 98, 241, 151, 83, 72, 86, 85, 95, 70, 82, 32, 32, 32, 32, 170]
2026-07-30 09:53:17,637 [INFO] TC_ID-756 - PreCondition: PC_ID-023  Testcase:SystemNameOrEngineTypeDataIdentifier_Read(Defaultsession): Sending request 22F197
2026-07-30 09:53:17,637 [INFO] TC_ID-756 - PreCondition: PC_ID-023  Testcase:SystemNameOrEngineTypeDataIdentifier_Read(Defaultsession): Sending request 22F197
2026-07-30 09:53:17,638 [DEBUG] Sending 3 bytes : [22f197]
2026-07-30 09:53:17,639 [DEBUG] Enqueuing a SendRequest for 3 bytes and TAT=Physical
2026-07-30 09:53:17,641 [DEBUG] Tx: <706> (08) [ ]	 0322f19700000000
2026-07-30 09:53:17,644 [DEBUG] We've been asked to write a message to the bus
2026-07-30 09:53:17,646 [DEBUG] sending: Timestamp:        0.000000    ID:      706    S Rx     F BS       DL:  8    03 22 f1 97 00 00 00 00
2026-07-30 09:53:17,667 [DEBUG] We've been asked to write a message to the bus
2026-07-30 09:53:17,670 [DEBUG] sending: Timestamp:        0.000000    ID:      706    S Rx     F BS       DL:  8    30 08 0a 00 00 00 00 00
2026-07-30 09:53:17,671 [DEBUG] Rx: <70E> (08) [p]	 100e62f197534856
2026-07-30 09:53:17,673 [DEBUG] Tx: <706> (08) [ ]	 30080a0000000000
2026-07-30 09:53:17,675 [DEBUG] We've been asked to write a message to the bus
2026-07-30 09:53:17,681 [DEBUG] sending: Timestamp:        0.000000    ID:      706    S Rx     F BS       DL:  8    30 08 0a 00 00 00 00 00
2026-07-30 09:53:17,683 [DEBUG] TxState=IDLE - RxState=WAIT_CF
2026-07-30 09:53:17,684 [DEBUG] Rx: <70E> (08) [p]	 21555f4652202020
2026-07-30 09:53:17,693 [DEBUG] Rx: <70E> (08) [p]	 2220aaaaaaaaaaaa
2026-07-30 09:53:17,745 [INFO] TC_ID-756 - Received: 62F197534856555F465220202020
2026-07-30 09:53:17,746 [WARNING] TC_ID-756 - PreCondition: PC_ID-023  Testcase:SystemNameOrEngineTypeDataIdentifier_Read(Defaultsession) -> ❌ FAIL - Expected 100E62F197534856555F465220202020AA
2026-07-30 09:53:17,746 [DEBUG] Stopping CanStack
2026-07-30 09:53:17,747 [DEBUG] TxState=IDLE - RxState=IDLE
2026-07-30 09:53:17,748 [DEBUG] Main thread is exiting
2026-07-30 09:53:17,793 [DEBUG] CanStack Stopped
2026-07-30 09:53:17,794 [INFO] Connection closed
2026-07-30 09:53:17,795 [INFO] Running Test Case: TC_ID-757
2026-07-30 09:53:17,795 [DEBUG] Starting CanStack
2026-07-30 09:53:17,796 [DEBUG] Main thread has started
2026-07-30 09:53:17,797 [DEBUG] Relay thread has started
2026-07-30 09:53:17,798 [INFO] Connection opened
2026-07-30 09:53:17,799 [INFO] Switched to physical mode for TC: TC_ID-757 Step: PreCondition: PC_ID-023  Testcase:ECU S/W Unit 1 IVD Response_Read(Defaultsession)
2026-07-30 09:53:17,799 [INFO] TC_ID-757 - PreCondition: PC_ID-023  Testcase:ECU S/W Unit 1 IVD Response_Read(Defaultsession): SID=0x22, Sub=0xF1C1, Expected=[16, 35, 98, 241, 193, 89, 132, 149, 115, 208, 147, 255, 45, 174, 165, 181, 19, 158, 8, 114, 225, 168, 238, 34, 156, 199, 240, 147, 54, 118, 206, 209, 76, 62, 181, 253, 217, 170, 170, 170, 170, 170, 170]
2026-07-30 09:53:17,885 [INFO] TC_ID-757 - PreCondition: PC_ID-023  Testcase:ECU S/W Unit 1 IVD Response_Read(Defaultsession): Sending request 22F1C1
2026-07-30 09:53:17,886 [INFO] TC_ID-757 - PreCondition: PC_ID-023  Testcase:ECU S/W Unit 1 IVD Response_Read(Defaultsession): Sending request 22F1C1
2026-07-30 09:53:17,887 [DEBUG] Sending 3 bytes : [22f1c1]
2026-07-30 09:53:17,888 [DEBUG] Enqueuing a SendRequest for 3 bytes and TAT=Physical
2026-07-30 09:53:17,890 [DEBUG] Tx: <706> (08) [ ]	 0322f1c100000000
2026-07-30 09:53:17,893 [DEBUG] We've been asked to write a message to the bus
2026-07-30 09:53:17,895 [DEBUG] sending: Timestamp:        0.000000    ID:      706    S Rx     F BS       DL:  8    03 22 f1 c1 00 00 00 00
2026-07-30 09:53:17,917 [INFO] TC_ID-757 PreCondition: PC_ID-023  Testcase:ECU S/W Unit 1 IVD Response_Read(Defaultsession) -> Response shorter than expected (3/35). Waiting for remaining payload.
2026-07-30 09:53:17,919 [DEBUG] Rx: <70E> (08) [p]	 037f2222aaaaaaaa
2026-07-30 09:53:17,920 [DEBUG] Received 3 bytes : [7f2222]
2026-07-30 09:53:22,921 [DEBUG] No data received: [TimeoutException] - Did not receive IsoTP frame from the Transport layer in time (timeout=5.0 sec) 
2026-07-30 09:53:22,923 [WARNING] TC_ID-757 PreCondition: PC_ID-023  Testcase:ECU S/W Unit 1 IVD Response_Read(Defaultsession) -> Timed out while extending response (6/35)
2026-07-30 09:53:22,974 [INFO] TC_ID-757 - Received: 7F22227F2222
2026-07-30 09:53:22,976 [WARNING] TC_ID-757 - PreCondition: PC_ID-023  Testcase:ECU S/W Unit 1 IVD Response_Read(Defaultsession) -> ❌ FAIL - Expected 102362F1C159849573D093FF2DAEA5B5139E0872E1A8EE229CC7F0933676CED14C3EB5FDD9AAAAAAAAAAAA
2026-07-30 09:53:22,977 [DEBUG] Stopping CanStack
2026-07-30 09:53:22,979 [DEBUG] Main thread is exiting
2026-07-30 09:53:22,986 [DEBUG] CanStack Stopped
2026-07-30 09:53:22,988 [INFO] Connection closed
2026-07-30 09:53:22,992 [INFO] Running Test Case: TC_ID-758
2026-07-30 09:53:22,993 [DEBUG] Starting CanStack
2026-07-30 09:53:22,995 [DEBUG] Main thread has started
2026-07-30 09:53:22,996 [DEBUG] Relay thread has started
2026-07-30 09:53:22,999 [INFO] Connection opened
2026-07-30 09:53:23,000 [INFO] Switched to physical mode for TC: TC_ID-758 Step: PreCondition: PC_ID-023  Testcase:Type Option read information_Read(Default session)
2026-07-30 09:53:23,001 [INFO] TC_ID-758 - PreCondition: PC_ID-023  Testcase:Type Option read information_Read(Default session): SID=0x22, Sub=0xC100, Expected=[16, 11, 98, 193, 0, 238, 248, 0, 0, 54, 54, 0, 32, 170, 170, 170]
2026-07-30 09:53:23,102 [INFO] TC_ID-758 - PreCondition: PC_ID-023  Testcase:Type Option read information_Read(Default session): Sending request 22C100
2026-07-30 09:53:23,103 [INFO] TC_ID-758 - PreCondition: PC_ID-023  Testcase:Type Option read information_Read(Default session): Sending request 22C100
2026-07-30 09:53:23,104 [DEBUG] Sending 3 bytes : [22c100]
2026-07-30 09:53:23,105 [DEBUG] Enqueuing a SendRequest for 3 bytes and TAT=Physical
2026-07-30 09:53:23,107 [DEBUG] Tx: <706> (08) [ ]	 0322c10000000000
2026-07-30 09:53:23,110 [DEBUG] We've been asked to write a message to the bus
2026-07-30 09:53:23,112 [DEBUG] sending: Timestamp:        0.000000    ID:      706    S Rx     F BS       DL:  8    03 22 c1 00 00 00 00 00
2026-07-30 09:53:23,165 [WARNING] TC_ID-758 - No response received
2026-07-30 09:53:23,166 [DEBUG] Stopping CanStack
2026-07-30 09:53:23,168 [DEBUG] Main thread is exiting
2026-07-30 09:53:23,182 [DEBUG] CanStack Stopped
2026-07-30 09:53:23,184 [INFO] Connection closed
2026-07-30 09:53:23,186 [INFO] Running Test Case: TC_ID-759
2026-07-30 09:53:23,188 [DEBUG] Starting CanStack
2026-07-30 09:53:23,193 [DEBUG] Main thread has started
2026-07-30 09:53:23,196 [DEBUG] Relay thread has started
2026-07-30 09:53:23,201 [INFO] Connection opened
2026-07-30 09:53:23,203 [INFO] Switched to physical mode for TC: TC_ID-759 Step: PreCondition: PC_ID-023  Testcase:Output read information_Read(Default session)
2026-07-30 09:53:23,205 [INFO] TC_ID-759 - PreCondition: PC_ID-023  Testcase:Output read information_Read(Default session): SID=0x22, Sub=0xC101, Expected=[16, 11, 98, 193, 1, 136, 228, 64, 32, 0, 0, 0, 0, 170, 170, 170]
2026-07-30 09:53:23,300 [INFO] TC_ID-759 - PreCondition: PC_ID-023  Testcase:Output read information_Read(Default session): Sending request 22C101
2026-07-30 09:53:23,301 [INFO] TC_ID-759 - PreCondition: PC_ID-023  Testcase:Output read information_Read(Default session): Sending request 22C101
2026-07-30 09:53:23,372 [DEBUG] Sending 3 bytes : [22c101]
2026-07-30 09:53:23,373 [DEBUG] Enqueuing a SendRequest for 3 bytes and TAT=Physical
2026-07-30 09:53:23,375 [DEBUG] Tx: <706> (08) [ ]	 0322c10100000000
2026-07-30 09:53:23,377 [DEBUG] We've been asked to write a message to the bus
2026-07-30 09:53:23,382 [DEBUG] sending: Timestamp:        0.000000    ID:      706    S Rx     F BS       DL:  8    03 22 c1 01 00 00 00 00
2026-07-30 09:53:23,525 [INFO] TC_ID-759 PreCondition: PC_ID-023  Testcase:Output read information_Read(Default session) -> Waiting for response (P2=0.15s, P2*=5.0s)
2026-07-30 09:53:23,676 [DEBUG] No data received: [TimeoutException] - Did not receive IsoTP frame from the Transport layer in time (timeout=0.15 sec) 
2026-07-30 09:53:23,777 [WARNING] TC_ID-759 - No response received
2026-07-30 09:53:23,778 [DEBUG] Stopping CanStack
2026-07-30 09:53:23,779 [DEBUG] Main thread is exiting
2026-07-30 09:53:23,789 [DEBUG] CanStack Stopped
2026-07-30 09:53:23,790 [INFO] Connection closed
2026-07-30 09:53:23,791 [INFO] Running Test Case: TC_ID-760
2026-07-30 09:53:23,792 [DEBUG] Starting CanStack
2026-07-30 09:53:23,793 [DEBUG] Main thread has started
2026-07-30 09:53:23,794 [DEBUG] Relay thread has started
2026-07-30 09:53:23,797 [INFO] Connection opened
2026-07-30 09:53:23,798 [INFO] Switched to physical mode for TC: TC_ID-760 Step: PreCondition: PC_ID-023  Testcase:Communication read information_Read(Default session)
2026-07-30 09:53:23,799 [INFO] TC_ID-760 - PreCondition: PC_ID-023  Testcase:Communication read information_Read(Default session): SID=0x22, Sub=0xC102, Expected=[16, 12, 98, 193, 2, 0, 0, 0, 0, 0, 0, 0, 0, 0, 170, 170]
2026-07-30 09:53:23,893 [INFO] TC_ID-760 - PreCondition: PC_ID-023  Testcase:Communication read information_Read(Default session): Sending request 22C102
2026-07-30 09:53:23,894 [INFO] TC_ID-760 - PreCondition: PC_ID-023  Testcase:Communication read information_Read(Default session): Sending request 22C102
2026-07-30 09:53:23,894 [DEBUG] Sending 3 bytes : [22c102]
2026-07-30 09:53:23,895 [DEBUG] Enqueuing a SendRequest for 3 bytes and TAT=Physical
2026-07-30 09:53:23,896 [DEBUG] Tx: <706> (08) [ ]	 0322c10200000000
2026-07-30 09:53:23,897 [DEBUG] We've been asked to write a message to the bus
2026-07-30 09:53:23,898 [DEBUG] sending: Timestamp:        0.000000    ID:      706    S Rx     F BS       DL:  8    03 22 c1 02 00 00 00 00
2026-07-30 09:53:24,046 [INFO] TC_ID-760 PreCondition: PC_ID-023  Testcase:Communication read information_Read(Default session) -> Waiting for response (P2=0.15s, P2*=5.0s)
2026-07-30 09:53:24,197 [DEBUG] No data received: [TimeoutException] - Did not receive IsoTP frame from the Transport layer in time (timeout=0.15 sec) 
2026-07-30 09:53:24,298 [WARNING] TC_ID-760 - No response received
2026-07-30 09:53:24,299 [DEBUG] Stopping CanStack
2026-07-30 09:53:24,299 [DEBUG] Main thread is exiting
2026-07-30 09:53:24,313 [DEBUG] CanStack Stopped
2026-07-30 09:53:24,314 [INFO] Connection closed
2026-07-30 09:53:24,315 [INFO] Running Test Case: TC_ID-761
2026-07-30 09:53:24,317 [DEBUG] Starting CanStack
2026-07-30 09:53:24,318 [DEBUG] Main thread has started
2026-07-30 09:53:24,319 [DEBUG] Relay thread has started
2026-07-30 09:53:24,320 [INFO] Connection opened
2026-07-30 09:53:24,321 [INFO] Switched to physical mode for TC: TC_ID-761 Step: PreCondition: PC_ID-023  Testcase:LH seat heat fail detection read  information_Read(Default session)
2026-07-30 09:53:24,322 [INFO] TC_ID-761 - PreCondition: PC_ID-023  Testcase:LH seat heat fail detection read  information_Read(Default session): SID=0x22, Sub=0xC103, Expected=[16, 26, 98, 193, 3, 192, 0, 234, 160, 0, 0, 0, 0, 0, 0, 0, 0, 0]
2026-07-30 09:53:24,418 [INFO] TC_ID-761 - PreCondition: PC_ID-023  Testcase:LH seat heat fail detection read  information_Read(Default session): Sending request 22C103
2026-07-30 09:53:24,419 [INFO] TC_ID-761 - PreCondition: PC_ID-023  Testcase:LH seat heat fail detection read  information_Read(Default session): Sending request 22C103
2026-07-30 09:53:24,420 [DEBUG] Sending 3 bytes : [22c103]
2026-07-30 09:53:24,421 [DEBUG] Enqueuing a SendRequest for 3 bytes and TAT=Physical
2026-07-30 09:53:24,423 [DEBUG] Tx: <706> (08) [ ]	 0322c10300000000
2026-07-30 09:53:24,426 [DEBUG] We've been asked to write a message to the bus
2026-07-30 09:53:24,428 [DEBUG] sending: Timestamp:        0.000000    ID:      706    S Rx     F BS       DL:  8    03 22 c1 03 00 00 00 00
2026-07-30 09:53:24,450 [DEBUG] We've been asked to write a message to the bus
2026-07-30 09:53:24,451 [DEBUG] sending: Timestamp:        0.000000    ID:      706    S Rx     F BS       DL:  8    30 08 0a 00 00 00 00 00
2026-07-30 09:53:24,519 [INFO] TC_ID-761 - Received: 62C103C000EAA0000000000000000000
2026-07-30 09:53:24,520 [WARNING] TC_ID-761 - PreCondition: PC_ID-023  Testcase:LH seat heat fail detection read  information_Read(Default session) -> ❌ FAIL - Expected 101A62C103C000EAA0000000000000000000
2026-07-30 09:53:24,521 [DEBUG] Stopping CanStack
2026-07-30 09:53:24,522 [DEBUG] Main thread is exiting
2026-07-30 09:53:24,539 [DEBUG] CanStack Stopped
2026-07-30 09:53:24,540 [INFO] Connection closed
2026-07-30 09:53:24,540 [INFO] Running Test Case: TC_ID-762
2026-07-30 09:53:24,541 [DEBUG] Starting CanStack
2026-07-30 09:53:24,543 [DEBUG] Main thread has started
2026-07-30 09:53:24,545 [DEBUG] Relay thread has started
2026-07-30 09:53:24,550 [INFO] Connection opened
2026-07-30 09:53:24,551 [INFO] Switched to physical mode for TC: TC_ID-762 Step: PreCondition: PC_ID-023  Testcase:LH seat vent fail detection read   information_Read(Default session)
2026-07-30 09:53:24,552 [INFO] TC_ID-762 - PreCondition: PC_ID-023  Testcase:LH seat vent fail detection read   information_Read(Default session): SID=0x22, Sub=0xC104, Expected=[16, 10, 98, 193, 4, 250, 0, 0, 0, 0, 0, 0, 170, 170, 170, 170]
2026-07-30 09:53:24,649 [INFO] TC_ID-762 - PreCondition: PC_ID-023  Testcase:LH seat vent fail detection read   information_Read(Default session): Sending request 22C104
2026-07-30 09:53:24,650 [INFO] TC_ID-762 - PreCondition: PC_ID-023  Testcase:LH seat vent fail detection read   information_Read(Default session): Sending request 22C104
2026-07-30 09:53:24,651 [DEBUG] Sending 3 bytes : [22c104]
2026-07-30 09:53:24,652 [DEBUG] Enqueuing a SendRequest for 3 bytes and TAT=Physical
2026-07-30 09:53:24,654 [DEBUG] Tx: <706> (08) [ ]	 0322c10400000000
2026-07-30 09:53:24,656 [DEBUG] We've been asked to write a message to the bus
2026-07-30 09:53:24,658 [DEBUG] sending: Timestamp:        0.000000    ID:      706    S Rx     F BS       DL:  8    03 22 c1 04 00 00 00 00
2026-07-30 09:53:24,678 [DEBUG] We've been asked to write a message to the bus
2026-07-30 09:53:24,681 [DEBUG] sending: Timestamp:        0.000000    ID:      706    S Rx     F BS       DL:  8    30 08 0a 00 00 00 00 00
2026-07-30 09:53:24,739 [INFO] TC_ID-762 - Received: 62C104FA000000000000
2026-07-30 09:53:24,740 [WARNING] TC_ID-762 - PreCondition: PC_ID-023  Testcase:LH seat vent fail detection read   information_Read(Default session) -> ❌ FAIL - Expected 100A62C104FA000000000000AAAAAAAA
2026-07-30 09:53:24,741 [DEBUG] Stopping CanStack
2026-07-30 09:53:24,741 [DEBUG] Main thread is exiting
2026-07-30 09:53:24,749 [DEBUG] CanStack Stopped
2026-07-30 09:53:24,751 [INFO] Connection closed
2026-07-30 09:53:24,751 [INFO] Running Test Case: TC_ID-763
2026-07-30 09:53:24,752 [DEBUG] Starting CanStack
2026-07-30 09:53:24,753 [DEBUG] Main thread has started
2026-07-30 09:53:24,754 [DEBUG] Relay thread has started
2026-07-30 09:53:24,756 [INFO] Connection opened
2026-07-30 09:53:24,757 [INFO] Switched to physical mode for TC: TC_ID-763 Step: PreCondition: PC_ID-023  Testcase:RH seat heat fail detection read   information_Read(Default session)
2026-07-30 09:53:24,758 [INFO] TC_ID-763 - PreCondition: PC_ID-023  Testcase:RH seat heat fail detection read   information_Read(Default session): SID=0x22, Sub=0xC105, Expected=[16, 26, 98, 193, 5, 192, 0, 234, 160, 0, 0, 0, 0, 0, 0, 0, 0, 0]
2026-07-30 09:53:24,857 [INFO] TC_ID-763 - PreCondition: PC_ID-023  Testcase:RH seat heat fail detection read   information_Read(Default session): Sending request 22C105
2026-07-30 09:53:24,858 [INFO] TC_ID-763 - PreCondition: PC_ID-023  Testcase:RH seat heat fail detection read   information_Read(Default session): Sending request 22C105
2026-07-30 09:53:24,858 [DEBUG] Sending 3 bytes : [22c105]
2026-07-30 09:53:24,860 [DEBUG] Enqueuing a SendRequest for 3 bytes and TAT=Physical
2026-07-30 09:53:24,861 [DEBUG] Tx: <706> (08) [ ]	 0322c10500000000
2026-07-30 09:53:24,864 [DEBUG] We've been asked to write a message to the bus
2026-07-30 09:53:24,866 [DEBUG] sending: Timestamp:        0.000000    ID:      706    S Rx     F BS       DL:  8    03 22 c1 05 00 00 00 00
2026-07-30 09:53:24,919 [WARNING] TC_ID-763 - No response received
2026-07-30 09:53:24,919 [DEBUG] Stopping CanStack
2026-07-30 09:53:24,920 [DEBUG] Main thread is exiting
2026-07-30 09:53:24,935 [DEBUG] CanStack Stopped
2026-07-30 09:53:24,937 [INFO] Connection closed
2026-07-30 09:53:24,938 [INFO] Running Test Case: TC_ID-764
2026-07-30 09:53:24,939 [DEBUG] Starting CanStack
2026-07-30 09:53:24,940 [DEBUG] Main thread has started
2026-07-30 09:53:24,942 [DEBUG] Relay thread has started
2026-07-30 09:53:24,944 [INFO] Connection opened
2026-07-30 09:53:24,949 [INFO] Switched to physical mode for TC: TC_ID-764 Step: PreCondition: PC_ID-023  Testcase:RH seat vent fail detection read   information_Read(Default session)
2026-07-30 09:53:24,949 [INFO] TC_ID-764 - PreCondition: PC_ID-023  Testcase:RH seat vent fail detection read   information_Read(Default session): SID=0x22, Sub=0xC106, Expected=[16, 10, 98, 193, 6, 250, 0, 0, 0, 0, 0, 0, 170, 170, 170, 170]
2026-07-30 09:53:25,046 [INFO] TC_ID-764 - PreCondition: PC_ID-023  Testcase:RH seat vent fail detection read   information_Read(Default session): Sending request 22C106
2026-07-30 09:53:25,047 [INFO] TC_ID-764 - PreCondition: PC_ID-023  Testcase:RH seat vent fail detection read   information_Read(Default session): Sending request 22C106
2026-07-30 09:53:25,048 [DEBUG] Sending 3 bytes : [22c106]
2026-07-30 09:53:25,050 [DEBUG] Enqueuing a SendRequest for 3 bytes and TAT=Physical
2026-07-30 09:53:25,052 [DEBUG] Tx: <706> (08) [ ]	 0322c10600000000
2026-07-30 09:53:25,055 [DEBUG] We've been asked to write a message to the bus
2026-07-30 09:53:25,056 [DEBUG] sending: Timestamp:        0.000000    ID:      706    S Rx     F BS       DL:  8    03 22 c1 06 00 00 00 00
2026-07-30 09:53:25,201 [INFO] TC_ID-764 PreCondition: PC_ID-023  Testcase:RH seat vent fail detection read   information_Read(Default session) -> Waiting for response (P2=0.15s, P2*=5.0s)
2026-07-30 09:53:25,352 [DEBUG] No data received: [TimeoutException] - Did not receive IsoTP frame from the Transport layer in time (timeout=0.15 sec) 
2026-07-30 09:53:25,454 [WARNING] TC_ID-764 - No response received
2026-07-30 09:53:25,454 [DEBUG] Stopping CanStack
2026-07-30 09:53:25,455 [DEBUG] Main thread is exiting
2026-07-30 09:53:25,473 [DEBUG] CanStack Stopped
2026-07-30 09:53:25,474 [INFO] Connection closed
2026-07-30 09:53:25,475 [INFO] Running Test Case: TC_ID-765
2026-07-30 09:53:25,476 [DEBUG] Starting CanStack
2026-07-30 09:53:25,477 [DEBUG] Main thread has started
2026-07-30 09:53:25,479 [DEBUG] Relay thread has started
2026-07-30 09:53:25,484 [INFO] Connection opened
2026-07-30 09:53:25,485 [INFO] Switched to physical mode for TC: TC_ID-765 Step: PreCondition: PC_ID-023  Testcase:Log frame data read  information_Read(Default session)
2026-07-30 09:53:25,486 [INFO] TC_ID-765 - PreCondition: PC_ID-023  Testcase:Log frame data read  information_Read(Default session): SID=0x22, Sub=0xCF10, Expected=[16, 50, 98, 207, 16, 239, 199, 126, 0, 4, 10, 4, 4, 9, 4, 239, 192, 0, 0, 4, 9, 4, 170, 170, 170]
2026-07-30 09:53:25,578 [INFO] TC_ID-765 - PreCondition: PC_ID-023  Testcase:Log frame data read  information_Read(Default session): Sending request 22CF10
2026-07-30 09:53:25,579 [INFO] TC_ID-765 - PreCondition: PC_ID-023  Testcase:Log frame data read  information_Read(Default session): Sending request 22CF10
2026-07-30 09:53:25,580 [DEBUG] Sending 3 bytes : [22cf10]
2026-07-30 09:53:25,581 [DEBUG] Enqueuing a SendRequest for 3 bytes and TAT=Physical
2026-07-30 09:53:25,583 [DEBUG] Tx: <706> (08) [ ]	 0322cf1000000000
2026-07-30 09:53:25,586 [DEBUG] We've been asked to write a message to the bus
2026-07-30 09:53:25,588 [DEBUG] sending: Timestamp:        0.000000    ID:      706    S Rx     F BS       DL:  8    03 22 cf 10 00 00 00 00
2026-07-30 09:53:25,732 [INFO] TC_ID-765 PreCondition: PC_ID-023  Testcase:Log frame data read  information_Read(Default session) -> Waiting for response (P2=0.15s, P2*=5.0s)
2026-07-30 09:53:25,883 [DEBUG] No data received: [TimeoutException] - Did not receive IsoTP frame from the Transport layer in time (timeout=0.15 sec) 
2026-07-30 09:53:25,985 [WARNING] TC_ID-765 - No response received
2026-07-30 09:53:25,985 [DEBUG] Stopping CanStack
2026-07-30 09:53:25,986 [DEBUG] Main thread is exiting
2026-07-30 09:53:25,997 [DEBUG] CanStack Stopped
2026-07-30 09:53:25,998 [INFO] Connection closed
2026-07-30 09:53:25,998 [INFO] Running Test Case: TC_ID-766
2026-07-30 09:53:25,999 [DEBUG] Starting CanStack
2026-07-30 09:53:26,000 [DEBUG] Main thread has started
2026-07-30 09:53:26,002 [DEBUG] Relay thread has started
2026-07-30 09:53:26,004 [INFO] Connection opened
2026-07-30 09:53:26,005 [INFO] Switched to physical mode for TC: TC_ID-766 Step: PreCondition: PC_ID-023  Testcase:Non-Sleep ECU data Identifier_Read(Default session)
2026-07-30 09:53:26,006 [INFO] TC_ID-766 - PreCondition: PC_ID-023  Testcase:Non-Sleep ECU data Identifier_Read(Default session): SID=0x22, Sub=0xED90, Expected=[16, 9, 98, 237, 144, 240, 0, 0, 0, 0, 0, 170, 170, 170, 170, 170]
2026-07-30 09:53:26,102 [INFO] TC_ID-766 - PreCondition: PC_ID-023  Testcase:Non-Sleep ECU data Identifier_Read(Default session): Sending request 22ED90
2026-07-30 09:53:26,102 [INFO] TC_ID-766 - PreCondition: PC_ID-023  Testcase:Non-Sleep ECU data Identifier_Read(Default session): Sending request 22ED90
2026-07-30 09:53:26,103 [DEBUG] Sending 3 bytes : [22ed90]
2026-07-30 09:53:26,104 [DEBUG] Enqueuing a SendRequest for 3 bytes and TAT=Physical
2026-07-30 09:53:26,106 [DEBUG] Tx: <706> (08) [ ]	 0322ed9000000000
2026-07-30 09:53:26,109 [DEBUG] We've been asked to write a message to the bus
2026-07-30 09:53:26,112 [DEBUG] sending: Timestamp:        0.000000    ID:      706    S Rx     F BS       DL:  8    03 22 ed 90 00 00 00 00
2026-07-30 09:53:26,138 [DEBUG] We've been asked to write a message to the bus
2026-07-30 09:53:26,140 [DEBUG] sending: Timestamp:        0.000000    ID:      706    S Rx     F BS       DL:  8    30 08 0a 00 00 00 00 00
2026-07-30 09:53:26,193 [INFO] TC_ID-766 - Received: 62ED90F00000000800
2026-07-30 09:53:26,194 [WARNING] TC_ID-766 - PreCondition: PC_ID-023  Testcase:Non-Sleep ECU data Identifier_Read(Default session) -> ❌ FAIL - Expected 100962ED90F00000000000AAAAAAAAAA
2026-07-30 09:53:26,196 [DEBUG] Stopping CanStack
2026-07-30 09:53:26,197 [DEBUG] Main thread is exiting
2026-07-30 09:53:26,217 [DEBUG] CanStack Stopped
2026-07-30 09:53:26,219 [INFO] Connection closed
2026-07-30 09:53:26,222 [INFO] Running Test Case: PC_ID-024
2026-07-30 09:53:26,223 [DEBUG] Starting CanStack
2026-07-30 09:53:26,225 [DEBUG] Main thread has started
2026-07-30 09:53:26,226 [DEBUG] Relay thread has started
2026-07-30 09:53:26,227 [INFO] Connection opened
2026-07-30 09:53:26,228 [INFO] Switched to physical mode for TC: PC_ID-024 Step: Start Extended session
2026-07-30 09:53:26,229 [INFO] PC_ID-024 - Start Extended session: SID=0x10, Sub=0x03, Expected=[6, 80, 3, 0, 50, 1, 244, 170]
2026-07-30 09:53:26,291 [INFO] PC_ID-024 - Start Extended session: Sending 1003
2026-07-30 09:53:26,346 [INFO] PC_ID-024 - Start Extended session: Sending request 1003
2026-07-30 09:53:26,347 [DEBUG] Sending 2 bytes : [1003]
2026-07-30 09:53:26,348 [DEBUG] Enqueuing a SendRequest for 2 bytes and TAT=Physical
2026-07-30 09:53:26,349 [DEBUG] Tx: <706> (08) [ ]	 0210030000000000
2026-07-30 09:53:26,350 [DEBUG] We've been asked to write a message to the bus
2026-07-30 09:53:26,350 [DEBUG] sending: Timestamp:        0.000000    ID:      706    S Rx     F BS       DL:  8    02 10 03 00 00 00 00 00
2026-07-30 09:53:26,369 [INFO] PC_ID-024 - Received: 5003003201F4
2026-07-30 09:53:26,370 [WARNING] PC_ID-024 - Start Extended session -> FAIL - Unexpected response
2026-07-30 09:53:26,371 [DEBUG] Stopping CanStack
2026-07-30 09:53:26,372 [DEBUG] Main thread is exiting
2026-07-30 09:53:26,379 [DEBUG] CanStack Stopped
2026-07-30 09:53:26,380 [INFO] Connection closed
2026-07-30 09:53:26,380 [INFO] Running Test Case: TC_ID-767
2026-07-30 09:53:26,381 [DEBUG] Starting CanStack
2026-07-30 09:53:26,382 [DEBUG] Main thread has started
2026-07-30 09:53:26,383 [DEBUG] Relay thread has started
2026-07-30 09:53:26,384 [INFO] Connection opened
2026-07-30 09:53:26,385 [INFO] Switched to physical mode for TC: TC_ID-767 Step: PreCondition: PC_ID-024  Testcase:RX_SWIN_F1_EF_Read(Defaultsession)
2026-07-30 09:53:26,386 [INFO] TC_ID-767 - PreCondition: PC_ID-024  Testcase:RX_SWIN_F1_EF_Read(Defaultsession): SID=0x22, Sub=0xF1EF, Expected=[16, 43, 98, 241, 239, 7, 6, 11, 82, 49, 48, 32, 66, 74, 49, 47, 49, 47, 48, 12, 82, 49, 53, 53, 32, 66, 74, 49, 47, 49, 47, 48, 12, 82, 49, 53, 54, 32, 66, 74, 49, 47, 49, 47, 48, 170, 170, 170, 170, 170]
2026-07-30 09:53:26,466 [INFO] TC_ID-767 - PreCondition: PC_ID-024  Testcase:RX_SWIN_F1_EF_Read(Defaultsession): Sending request 22F1EF
2026-07-30 09:53:26,467 [INFO] TC_ID-767 - PreCondition: PC_ID-024  Testcase:RX_SWIN_F1_EF_Read(Defaultsession): Sending request 22F1EF
2026-07-30 09:53:26,468 [DEBUG] Sending 3 bytes : [22f1ef]
2026-07-30 09:53:26,469 [DEBUG] Enqueuing a SendRequest for 3 bytes and TAT=Physical
2026-07-30 09:53:26,471 [DEBUG] Tx: <706> (08) [ ]	 0322f1ef00000000
2026-07-30 09:53:26,475 [DEBUG] We've been asked to write a message to the bus
2026-07-30 09:53:26,476 [DEBUG] sending: Timestamp:        0.000000    ID:      706    S Rx     F BS       DL:  8    03 22 f1 ef 00 00 00 00
2026-07-30 09:53:26,499 [DEBUG] We've been asked to write a message to the bus
2026-07-30 09:53:26,501 [DEBUG] sending: Timestamp:        0.000000    ID:      706    S Rx     F BS       DL:  8    30 08 0a 00 00 00 00 00
2026-07-30 09:53:26,629 [INFO] TC_ID-767 - Received: 62F1EF07060B52313020424A312F312F300C5231353520424A312F312F300C5231353620424A312F312F30
2026-07-30 09:53:26,630 [WARNING] TC_ID-767 - PreCondition: PC_ID-024  Testcase:RX_SWIN_F1_EF_Read(Defaultsession) -> ❌ FAIL - Expected 102B62F1EF07060B52313020424A312F312F300C5231353520424A312F312F300C5231353620424A312F312F30AAAAAAAAAA
2026-07-30 09:53:26,631 [DEBUG] Stopping CanStack
2026-07-30 09:53:26,632 [DEBUG] Main thread is exiting
2026-07-30 09:53:26,640 [DEBUG] CanStack Stopped
2026-07-30 09:53:26,641 [INFO] Connection closed
2026-07-30 09:53:26,642 [INFO] Running Test Case: TC_ID-768
2026-07-30 09:53:26,642 [DEBUG] Starting CanStack
2026-07-30 09:53:26,644 [DEBUG] Main thread has started
2026-07-30 09:53:26,645 [DEBUG] Relay thread has started
2026-07-30 09:53:26,647 [INFO] Connection opened
2026-07-30 09:53:26,648 [INFO] Switched to physical mode for TC: TC_ID-768 Step: PreCondition: PC_ID-024  Testcase:Vehicle_Manufacturer_Spare_Part_Number_F1_87_Read(Defaultsession)
2026-07-30 09:53:26,649 [INFO] TC_ID-768 - PreCondition: PC_ID-024  Testcase:Vehicle_Manufacturer_Spare_Part_Number_F1_87_Read(Defaultsession): SID=0x22, Sub=0xF187, Expected=[16, 13, 98, 241, 135, 56, 56, 53, 52, 48, 71, 74, 48, 48, 48, 170, 170]
2026-07-30 09:53:26,749 [INFO] TC_ID-768 - PreCondition: PC_ID-024  Testcase:Vehicle_Manufacturer_Spare_Part_Number_F1_87_Read(Defaultsession): Sending request 22F187
2026-07-30 09:53:26,750 [INFO] TC_ID-768 - PreCondition: PC_ID-024  Testcase:Vehicle_Manufacturer_Spare_Part_Number_F1_87_Read(Defaultsession): Sending request 22F187
2026-07-30 09:53:26,751 [DEBUG] Sending 3 bytes : [22f187]
2026-07-30 09:53:26,752 [DEBUG] Enqueuing a SendRequest for 3 bytes and TAT=Physical
2026-07-30 09:53:26,754 [DEBUG] Tx: <706> (08) [ ]	 0322f18700000000
2026-07-30 09:53:26,757 [DEBUG] We've been asked to write a message to the bus
2026-07-30 09:53:26,759 [DEBUG] sending: Timestamp:        0.000000    ID:      706    S Rx     F BS       DL:  8    03 22 f1 87 00 00 00 00
2026-07-30 09:53:26,778 [DEBUG] We've been asked to write a message to the bus
2026-07-30 09:53:26,780 [DEBUG] sending: Timestamp:        0.000000    ID:      706    S Rx     F BS       DL:  8    30 08 0a 00 00 00 00 00
2026-07-30 09:53:26,834 [INFO] TC_ID-768 - Received: 62F1873838353430474A303030
2026-07-30 09:53:26,835 [WARNING] TC_ID-768 - PreCondition: PC_ID-024  Testcase:Vehicle_Manufacturer_Spare_Part_Number_F1_87_Read(Defaultsession) -> ❌ FAIL - Expected 100D62F1873838353430474A303030AAAA
2026-07-30 09:53:26,835 [DEBUG] Stopping CanStack
2026-07-30 09:53:26,836 [DEBUG] Main thread is exiting
2026-07-30 09:53:26,848 [DEBUG] CanStack Stopped
2026-07-30 09:53:26,849 [INFO] Connection closed
2026-07-30 09:53:26,850 [INFO] Running Test Case: TC_ID-769
2026-07-30 09:53:26,851 [DEBUG] Starting CanStack
2026-07-30 09:53:26,853 [DEBUG] Main thread has started
2026-07-30 09:53:26,854 [DEBUG] Relay thread has started
2026-07-30 09:53:26,856 [INFO] Connection opened
2026-07-30 09:53:26,858 [INFO] Switched to physical mode for TC: TC_ID-769 Step: PreCondition: PC_ID-024  Testcase:Verify incorrect msg length NRC for Part number information (22 F1 87 01)
2026-07-30 09:53:26,859 [INFO] TC_ID-769 - PreCondition: PC_ID-024  Testcase:Verify incorrect msg length NRC for Part number information (22 F1 87 01): SID=0x22, Sub=0xF18701, Expected=[3, 127, 34, 19, 170, 170, 170, 170]
2026-07-30 09:53:26,959 [INFO] TC_ID-769 - PreCondition: PC_ID-024  Testcase:Verify incorrect msg length NRC for Part number information (22 F1 87 01): Sending request 22F18701
2026-07-30 09:53:26,960 [INFO] TC_ID-769 - PreCondition: PC_ID-024  Testcase:Verify incorrect msg length NRC for Part number information (22 F1 87 01): Sending request 22F18701
2026-07-30 09:53:26,960 [DEBUG] Sending 4 bytes : [22f18701]
2026-07-30 09:53:26,961 [DEBUG] Enqueuing a SendRequest for 4 bytes and TAT=Physical
2026-07-30 09:53:26,962 [DEBUG] Tx: <706> (08) [ ]	 0422f18701000000
2026-07-30 09:53:26,963 [DEBUG] We've been asked to write a message to the bus
2026-07-30 09:53:26,964 [DEBUG] sending: Timestamp:        0.000000    ID:      706    S Rx     F BS       DL:  8    04 22 f1 87 01 00 00 00
2026-07-30 09:53:27,039 [INFO] TC_ID-769 - Received: 7F2213
2026-07-30 09:53:27,040 [WARNING] TC_ID-769 - PreCondition: PC_ID-024  Testcase:Verify incorrect msg length NRC for Part number information (22 F1 87 01) -> ❌ FAIL - Expected 037F2213AAAAAAAA
2026-07-30 09:53:27,040 [DEBUG] Stopping CanStack
2026-07-30 09:53:27,041 [DEBUG] Main thread is exiting
2026-07-30 09:53:27,051 [DEBUG] CanStack Stopped
2026-07-30 09:53:27,052 [INFO] Connection closed
2026-07-30 09:53:27,053 [INFO] Running Test Case: TC_ID-770
2026-07-30 09:53:27,054 [DEBUG] Starting CanStack
2026-07-30 09:53:27,055 [DEBUG] Main thread has started
2026-07-30 09:53:27,057 [DEBUG] Relay thread has started
2026-07-30 09:53:27,059 [INFO] Connection opened
2026-07-30 09:53:27,060 [INFO] Switched to physical mode for TC: TC_ID-770 Step: PreCondition: PC_ID-024  Testcase:Manufacturing_F1_8B_Read(Defaultsession)
2026-07-30 09:53:27,061 [INFO] TC_ID-770 - PreCondition: PC_ID-024  Testcase:Manufacturing_F1_8B_Read(Defaultsession): SID=0x22, Sub=0xF18B, Expected=[7, 98, 241, 139, 32, 37, 16, 21]
2026-07-30 09:53:27,149 [INFO] TC_ID-770 - PreCondition: PC_ID-024  Testcase:Manufacturing_F1_8B_Read(Defaultsession): Sending request 22F18B
2026-07-30 09:53:27,150 [INFO] TC_ID-770 - PreCondition: PC_ID-024  Testcase:Manufacturing_F1_8B_Read(Defaultsession): Sending request 22F18B
2026-07-30 09:53:27,151 [DEBUG] Sending 3 bytes : [22f18b]
2026-07-30 09:53:27,152 [DEBUG] Enqueuing a SendRequest for 3 bytes and TAT=Physical
2026-07-30 09:53:27,154 [DEBUG] Tx: <706> (08) [ ]	 0322f18b00000000
2026-07-30 09:53:27,157 [DEBUG] We've been asked to write a message to the bus
2026-07-30 09:53:27,160 [DEBUG] sending: Timestamp:        0.000000    ID:      706    S Rx     F BS       DL:  8    03 22 f1 8b 00 00 00 00
2026-07-30 09:53:27,229 [INFO] TC_ID-770 - Received: 62F18B20251015
2026-07-30 09:53:27,229 [WARNING] TC_ID-770 - PreCondition: PC_ID-024  Testcase:Manufacturing_F1_8B_Read(Defaultsession) -> ❌ FAIL - Expected 0762F18B20251015
2026-07-30 09:53:27,230 [DEBUG] Stopping CanStack
2026-07-30 09:53:27,231 [DEBUG] Main thread is exiting
2026-07-30 09:53:27,242 [DEBUG] CanStack Stopped
2026-07-30 09:53:27,243 [INFO] Connection closed
2026-07-30 09:53:27,244 [INFO] Running Test Case: TC_ID-771
2026-07-30 09:53:27,245 [DEBUG] Starting CanStack
2026-07-30 09:53:27,247 [DEBUG] Main thread has started
2026-07-30 09:53:27,248 [DEBUG] Relay thread has started
2026-07-30 09:53:27,249 [INFO] Connection opened
2026-07-30 09:53:27,251 [INFO] Switched to physical mode for TC: TC_ID-771 Step: PreCondition: PC_ID-024  Testcase:ECU_Serial_Number_F1_8C_Read(Extended session)
2026-07-30 09:53:27,252 [INFO] TC_ID-771 - PreCondition: PC_ID-024  Testcase:ECU_Serial_Number_F1_8C_Read(Extended session): SID=0x22, Sub=0xF18C, Expected=[16, 13, 98, 241, 140, 48, 48, 48, 48, 48, 48, 48, 48, 53, 48, 170, 170]
2026-07-30 09:53:27,343 [INFO] TC_ID-771 - PreCondition: PC_ID-024  Testcase:ECU_Serial_Number_F1_8C_Read(Extended session): Sending request 22F18C
2026-07-30 09:53:27,343 [INFO] TC_ID-771 - PreCondition: PC_ID-024  Testcase:ECU_Serial_Number_F1_8C_Read(Extended session): Sending request 22F18C
2026-07-30 09:53:27,344 [DEBUG] Sending 3 bytes : [22f18c]
2026-07-30 09:53:27,345 [DEBUG] Enqueuing a SendRequest for 3 bytes and TAT=Physical
2026-07-30 09:53:27,348 [DEBUG] Tx: <706> (08) [ ]	 0322f18c00000000
2026-07-30 09:53:27,351 [DEBUG] We've been asked to write a message to the bus
2026-07-30 09:53:27,353 [DEBUG] sending: Timestamp:        0.000000    ID:      706    S Rx     F BS       DL:  8    03 22 f1 8c 00 00 00 00
2026-07-30 09:53:27,378 [DEBUG] We've been asked to write a message to the bus
2026-07-30 09:53:27,380 [DEBUG] sending: Timestamp:        0.000000    ID:      706    S Rx     F BS       DL:  8    30 08 0a 00 00 00 00 00
2026-07-30 09:53:27,434 [INFO] TC_ID-771 - Received: 62F18C30303030303030303530
2026-07-30 09:53:27,435 [WARNING] TC_ID-771 - PreCondition: PC_ID-024  Testcase:ECU_Serial_Number_F1_8C_Read(Extended session) -> ❌ FAIL - Expected 100D62F18C30303030303030303530AAAA
2026-07-30 09:53:27,435 [DEBUG] Stopping CanStack
2026-07-30 09:53:27,437 [DEBUG] Main thread is exiting
2026-07-30 09:53:27,457 [DEBUG] CanStack Stopped
2026-07-30 09:53:27,460 [INFO] Connection closed
2026-07-30 09:53:27,463 [INFO] Running Test Case: TC_ID-772
2026-07-30 09:53:27,464 [DEBUG] Starting CanStack
2026-07-30 09:53:27,465 [DEBUG] Main thread has started
2026-07-30 09:53:27,466 [DEBUG] Relay thread has started
2026-07-30 09:53:27,468 [INFO] Connection opened
2026-07-30 09:53:27,469 [INFO] Switched to physical mode for TC: TC_ID-772 Step: PreCondition: PC_ID-024  Testcase:Verify incorrect msg length NRC for ECU Serial no. (22 F1 8C 01)
2026-07-30 09:53:27,470 [INFO] TC_ID-772 - PreCondition: PC_ID-024  Testcase:Verify incorrect msg length NRC for ECU Serial no. (22 F1 8C 01): SID=0x22, Sub=0xF18C01, Expected=[3, 127, 34, 19, 170, 170, 170, 170]
2026-07-30 09:53:27,560 [INFO] TC_ID-772 - PreCondition: PC_ID-024  Testcase:Verify incorrect msg length NRC for ECU Serial no. (22 F1 8C 01): Sending request 22F18C01
2026-07-30 09:53:27,561 [INFO] TC_ID-772 - PreCondition: PC_ID-024  Testcase:Verify incorrect msg length NRC for ECU Serial no. (22 F1 8C 01): Sending request 22F18C01
2026-07-30 09:53:27,562 [DEBUG] Sending 4 bytes : [22f18c01]
2026-07-30 09:53:27,563 [DEBUG] Enqueuing a SendRequest for 4 bytes and TAT=Physical
2026-07-30 09:53:27,565 [DEBUG] Tx: <706> (08) [ ]	 0422f18c01000000
2026-07-30 09:53:27,568 [DEBUG] We've been asked to write a message to the bus
2026-07-30 09:53:27,570 [DEBUG] sending: Timestamp:        0.000000    ID:      706    S Rx     F BS       DL:  8    04 22 f1 8c 01 00 00 00
2026-07-30 09:53:27,639 [INFO] TC_ID-772 - Received: 7F2213
2026-07-30 09:53:27,640 [WARNING] TC_ID-772 - PreCondition: PC_ID-024  Testcase:Verify incorrect msg length NRC for ECU Serial no. (22 F1 8C 01) -> ❌ FAIL - Expected 037F2213AAAAAAAA
2026-07-30 09:53:27,640 [DEBUG] Stopping CanStack
2026-07-30 09:53:27,641 [DEBUG] Main thread is exiting
2026-07-30 09:53:27,653 [DEBUG] CanStack Stopped
2026-07-30 09:53:27,654 [INFO] Connection closed
2026-07-30 09:53:27,655 [INFO] Running Test Case: TC_ID-773
2026-07-30 09:53:27,656 [DEBUG] Starting CanStack
2026-07-30 09:53:27,658 [DEBUG] Main thread has started
2026-07-30 09:53:27,659 [DEBUG] Relay thread has started
2026-07-30 09:53:27,661 [INFO] Connection opened
2026-07-30 09:53:27,663 [INFO] Switched to physical mode for TC: TC_ID-773 Step: PreCondition: PC_ID-024  Testcase:Vehicle_Manufacturer_ECU_HW_Number_F1_91_Read(Defaultsession)
2026-07-30 09:53:27,664 [INFO] TC_ID-773 - PreCondition: PC_ID-024  Testcase:Vehicle_Manufacturer_ECU_HW_Number_F1_91_Read(Defaultsession): SID=0x22, Sub=0xF191, Expected=[16, 8, 98, 241, 145, 67, 46, 48, 48, 170, 170, 170, 170, 170]
2026-07-30 09:53:27,761 [INFO] TC_ID-773 - PreCondition: PC_ID-024  Testcase:Vehicle_Manufacturer_ECU_HW_Number_F1_91_Read(Defaultsession): Sending request 22F191
2026-07-30 09:53:27,761 [INFO] TC_ID-773 - PreCondition: PC_ID-024  Testcase:Vehicle_Manufacturer_ECU_HW_Number_F1_91_Read(Defaultsession): Sending request 22F191
2026-07-30 09:53:27,762 [DEBUG] Sending 3 bytes : [22f191]
2026-07-30 09:53:27,763 [DEBUG] Enqueuing a SendRequest for 3 bytes and TAT=Physical
2026-07-30 09:53:27,765 [DEBUG] Tx: <706> (08) [ ]	 0322f19100000000
2026-07-30 09:53:27,768 [DEBUG] We've been asked to write a message to the bus
2026-07-30 09:53:27,770 [DEBUG] sending: Timestamp:        0.000000    ID:      706    S Rx     F BS       DL:  8    03 22 f1 91 00 00 00 00
2026-07-30 09:53:27,839 [INFO] TC_ID-773 - Received: 62F191432E3030
2026-07-30 09:53:27,840 [WARNING] TC_ID-773 - PreCondition: PC_ID-024  Testcase:Vehicle_Manufacturer_ECU_HW_Number_F1_91_Read(Defaultsession) -> ❌ FAIL - Expected 100862F191432E3030AAAAAAAAAA
2026-07-30 09:53:27,840 [DEBUG] Stopping CanStack
2026-07-30 09:53:27,841 [DEBUG] Main thread is exiting
2026-07-30 09:53:27,859 [DEBUG] CanStack Stopped
2026-07-30 09:53:27,861 [INFO] Connection closed
2026-07-30 09:53:27,862 [INFO] Running Test Case: TC_ID-774
2026-07-30 09:53:27,863 [DEBUG] Starting CanStack
2026-07-30 09:53:27,868 [DEBUG] Main thread has started
2026-07-30 09:53:27,869 [DEBUG] Relay thread has started
2026-07-30 09:53:27,870 [INFO] Connection opened
2026-07-30 09:53:27,871 [INFO] Switched to physical mode for TC: TC_ID-774 Step: PreCondition: PC_ID-024  Testcase:HardwareVersionNumber_F1_93_Read(Defaultsession)
2026-07-30 09:53:27,872 [INFO] TC_ID-774 - PreCondition: PC_ID-024  Testcase:HardwareVersionNumber_F1_93_Read(Defaultsession): SID=0x22, Sub=0xF193, Expected=[16, 8, 98, 241, 147, 67, 46, 48, 48, 170, 170, 170, 170, 170]
2026-07-30 09:53:27,961 [INFO] TC_ID-774 - PreCondition: PC_ID-024  Testcase:HardwareVersionNumber_F1_93_Read(Defaultsession): Sending request 22F193
2026-07-30 09:53:27,962 [INFO] TC_ID-774 - PreCondition: PC_ID-024  Testcase:HardwareVersionNumber_F1_93_Read(Defaultsession): Sending request 22F193
2026-07-30 09:53:27,963 [DEBUG] Sending 3 bytes : [22f193]
2026-07-30 09:53:27,964 [DEBUG] Enqueuing a SendRequest for 3 bytes and TAT=Physical
2026-07-30 09:53:27,966 [DEBUG] Tx: <706> (08) [ ]	 0322f19300000000
2026-07-30 09:53:27,973 [DEBUG] We've been asked to write a message to the bus
2026-07-30 09:53:27,975 [DEBUG] sending: Timestamp:        0.000000    ID:      706    S Rx     F BS       DL:  8    03 22 f1 93 00 00 00 00
2026-07-30 09:53:28,049 [INFO] TC_ID-774 - Received: 62F193432E3030
2026-07-30 09:53:28,050 [WARNING] TC_ID-774 - PreCondition: PC_ID-024  Testcase:HardwareVersionNumber_F1_93_Read(Defaultsession) -> ❌ FAIL - Expected 100862F193432E3030AAAAAAAAAA
2026-07-30 09:53:28,051 [DEBUG] Stopping CanStack
2026-07-30 09:53:28,053 [DEBUG] Main thread is exiting
2026-07-30 09:53:28,073 [DEBUG] CanStack Stopped
2026-07-30 09:53:28,074 [INFO] Connection closed
2026-07-30 09:53:28,075 [INFO] Running Test Case: TC_ID-775
2026-07-30 09:53:28,077 [DEBUG] Starting CanStack
2026-07-30 09:53:28,079 [DEBUG] Main thread has started
2026-07-30 09:53:28,084 [DEBUG] Relay thread has started
2026-07-30 09:53:28,085 [INFO] Connection opened
2026-07-30 09:53:28,087 [INFO] Switched to physical mode for TC: TC_ID-775 Step: PreCondition: PC_ID-024  Testcase:Verify incorrect msg length NRC for System Supplier ECU H/W version information (22 F1 93 01)
2026-07-30 09:53:28,088 [INFO] TC_ID-775 - PreCondition: PC_ID-024  Testcase:Verify incorrect msg length NRC for System Supplier ECU H/W version information (22 F1 93 01): SID=0x22, Sub=0xF19301, Expected=[3, 127, 34, 19, 170, 170, 170, 170]
2026-07-30 09:53:28,207 [INFO] TC_ID-775 - PreCondition: PC_ID-024  Testcase:Verify incorrect msg length NRC for System Supplier ECU H/W version information (22 F1 93 01): Sending request 22F19301
2026-07-30 09:53:28,207 [INFO] TC_ID-775 - PreCondition: PC_ID-024  Testcase:Verify incorrect msg length NRC for System Supplier ECU H/W version information (22 F1 93 01): Sending request 22F19301
2026-07-30 09:53:28,208 [DEBUG] Sending 4 bytes : [22f19301]
2026-07-30 09:53:28,209 [DEBUG] Enqueuing a SendRequest for 4 bytes and TAT=Physical
2026-07-30 09:53:28,211 [DEBUG] Tx: <706> (08) [ ]	 0422f19301000000
2026-07-30 09:53:28,214 [DEBUG] We've been asked to write a message to the bus
2026-07-30 09:53:28,216 [DEBUG] sending: Timestamp:        0.000000    ID:      706    S Rx     F BS       DL:  8    04 22 f1 93 01 00 00 00
2026-07-30 09:53:28,289 [INFO] TC_ID-775 - Received: 7F2213
2026-07-30 09:53:28,290 [WARNING] TC_ID-775 - PreCondition: PC_ID-024  Testcase:Verify incorrect msg length NRC for System Supplier ECU H/W version information (22 F1 93 01) -> ❌ FAIL - Expected 037F2213AAAAAAAA
2026-07-30 09:53:28,290 [DEBUG] Stopping CanStack
2026-07-30 09:53:28,291 [DEBUG] Main thread is exiting
2026-07-30 09:53:28,301 [DEBUG] CanStack Stopped
2026-07-30 09:53:28,302 [INFO] Connection closed
2026-07-30 09:53:28,303 [INFO] Running Test Case: TC_ID-776
2026-07-30 09:53:28,304 [DEBUG] Starting CanStack
2026-07-30 09:53:28,305 [DEBUG] Main thread has started
2026-07-30 09:53:28,309 [DEBUG] Relay thread has started
2026-07-30 09:53:28,312 [INFO] Connection opened
2026-07-30 09:53:28,313 [INFO] Switched to physical mode for TC: TC_ID-776 Step: PreCondition: PC_ID-024  Testcase:ECUSoftwareUnit1IVDDataIdentifier_F1_C1_Read(Extended )
2026-07-30 09:53:28,315 [INFO] TC_ID-776 - PreCondition: PC_ID-024  Testcase:ECUSoftwareUnit1IVDDataIdentifier_F1_C1_Read(Extended ): SID=0x22, Sub=0xF1C1, Expected=[16, 35, 98, 241, 193, 89, 132, 149, 115, 208, 147, 255, 45, 174, 165, 181, 19, 158, 8, 114, 225, 168, 238, 34, 156, 199, 240, 147, 54, 118, 206, 209, 76, 62, 181, 253, 217, 170, 170, 170, 170, 170, 170]
2026-07-30 09:53:28,410 [INFO] TC_ID-776 - PreCondition: PC_ID-024  Testcase:ECUSoftwareUnit1IVDDataIdentifier_F1_C1_Read(Extended ): Sending request 22F1C1
2026-07-30 09:53:28,411 [INFO] TC_ID-776 - PreCondition: PC_ID-024  Testcase:ECUSoftwareUnit1IVDDataIdentifier_F1_C1_Read(Extended ): Sending request 22F1C1
2026-07-30 09:53:28,412 [DEBUG] Sending 3 bytes : [22f1c1]
2026-07-30 09:53:28,414 [DEBUG] Enqueuing a SendRequest for 3 bytes and TAT=Physical
2026-07-30 09:53:28,417 [DEBUG] Tx: <706> (08) [ ]	 0322f1c100000000
2026-07-30 09:53:28,419 [DEBUG] We've been asked to write a message to the bus
2026-07-30 09:53:28,420 [DEBUG] sending: Timestamp:        0.000000    ID:      706    S Rx     F BS       DL:  8    03 22 f1 c1 00 00 00 00
2026-07-30 09:53:28,439 [INFO] TC_ID-776 PreCondition: PC_ID-024  Testcase:ECUSoftwareUnit1IVDDataIdentifier_F1_C1_Read(Extended ) -> Response shorter than expected (3/35). Waiting for remaining payload.
2026-07-30 09:53:28,639 [DEBUG] Rx: <70E> (08) [p]	 101062c103c000ea
2026-07-30 09:53:28,640 [DEBUG] Tx: <706> (08) [ ]	 30080a0000000000
2026-07-30 09:53:28,642 [DEBUG] We've been asked to write a message to the bus
2026-07-30 09:53:28,644 [DEBUG] sending: Timestamp:        0.000000    ID:      706    S Rx     F BS       DL:  8    30 08 0a 00 00 00 00 00
2026-07-30 09:53:28,650 [DEBUG] TxState=IDLE - RxState=WAIT_CF
2026-07-30 09:53:28,652 [DEBUG] Rx: <70E> (08) [p]	 21a0000000000000
2026-07-30 09:53:28,654 [DEBUG] Rx: <70E> (08) [p]	 22000000aaaaaaaa
2026-07-30 09:53:28,657 [DEBUG] Rx: <70E> (08) [p]	 100a62c104fa0000
2026-07-30 09:53:28,659 [DEBUG] Received 16 bytes : [62c103c000eaa0000000000000000000]
2026-07-30 09:53:28,660 [DEBUG] Tx: <706> (08) [ ]	 30080a0000000000
2026-07-30 09:53:28,663 [DEBUG] We've been asked to write a message to the bus
2026-07-30 09:53:28,667 [DEBUG] sending: Timestamp:        0.000000    ID:      706    S Rx     F BS       DL:  8    30 08 0a 00 00 00 00 00
2026-07-30 09:53:28,672 [DEBUG] Rx: <70E> (08) [p]	 2100000000aaaaaa
2026-07-30 09:53:28,675 [DEBUG] Rx: <70E> (08) [p]	 101062c105c000ea
2026-07-30 09:53:28,676 [DEBUG] Received 10 bytes : [62c104fa000000000000]
2026-07-30 09:53:28,677 [DEBUG] Tx: <706> (08) [ ]	 30080a0000000000
2026-07-30 09:53:28,679 [DEBUG] We've been asked to write a message to the bus
2026-07-30 09:53:28,680 [DEBUG] sending: Timestamp:        0.000000    ID:      706    S Rx     F BS       DL:  8    30 08 0a 00 00 00 00 00
2026-07-30 09:53:28,682 [DEBUG] Rx: <70E> (08) [p]	 100962ed90f00000
2026-07-30 09:53:28,683 [WARNING] Reception of IsoTP frame interrupted with a new FirstFrame
2026-07-30 09:53:28,685 [DEBUG] Tx: <706> (08) [ ]	 30080a0000000000
2026-07-30 09:53:28,686 [DEBUG] We've been asked to write a message to the bus
2026-07-30 09:53:28,687 [DEBUG] sending: Timestamp:        0.000000    ID:      706    S Rx     F BS       DL:  8    30 08 0a 00 00 00 00 00
2026-07-30 09:53:28,691 [DEBUG] Rx: <70E> (08) [p]	 21000800aaaaaaaa
2026-07-30 09:53:28,693 [DEBUG] Rx: <70E> (08) [p]	 065003003201f4aa
2026-07-30 09:53:28,694 [DEBUG] Received 9 bytes : [62ed90f00000000800]
2026-07-30 09:53:28,695 [DEBUG] Rx: <70E> (08) [p]	 102b62f1ef07060b
2026-07-30 09:53:28,697 [DEBUG] Tx: <706> (08) [ ]	 30080a0000000000
2026-07-30 09:53:28,697 [DEBUG] We've been asked to write a message to the bus
2026-07-30 09:53:28,698 [DEBUG] sending: Timestamp:        0.000000    ID:      706    S Rx     F BS       DL:  8    30 08 0a 00 00 00 00 00
2026-07-30 09:53:28,699 [DEBUG] Rx: <70E> (08) [p]	 2152313020424a31
2026-07-30 09:53:28,702 [DEBUG] Rx: <70E> (08) [p]	 222f312f300c5231
2026-07-30 09:53:28,703 [DEBUG] Rx: <70E> (08) [p]	 23353520424a312f
2026-07-30 09:53:28,704 [DEBUG] Rx: <70E> (08) [p]	 24312f300c523135
2026-07-30 09:53:28,705 [DEBUG] Rx: <70E> (08) [p]	 253620424a312f31
2026-07-30 09:53:28,706 [DEBUG] Rx: <70E> (08) [p]	 262f30aaaaaaaaaa
2026-07-30 09:53:28,707 [DEBUG] Rx: <70E> (08) [p]	 100d62f187383835
2026-07-30 09:53:28,709 [DEBUG] Tx: <706> (08) [ ]	 30080a0000000000
2026-07-30 09:53:28,711 [DEBUG] We've been asked to write a message to the bus
2026-07-30 09:53:28,714 [DEBUG] sending: Timestamp:        0.000000    ID:      706    S Rx     F BS       DL:  8    30 08 0a 00 00 00 00 00
2026-07-30 09:53:28,715 [DEBUG] Rx: <70E> (08) [p]	 213430474a303030
2026-07-30 09:53:28,717 [DEBUG] Rx: <70E> (08) [p]	 037f2213aaaaaaaa
2026-07-30 09:53:28,718 [DEBUG] Rx: <70E> (08) [p]	 0762f18b20251015
2026-07-30 09:53:28,719 [DEBUG] Rx: <70E> (08) [p]	 100d62f18c303030
2026-07-30 09:53:28,720 [DEBUG] Tx: <706> (08) [ ]	 30080a0000000000
2026-07-30 09:53:28,721 [DEBUG] We've been asked to write a message to the bus
2026-07-30 09:53:28,721 [DEBUG] sending: Timestamp:        0.000000    ID:      706    S Rx     F BS       DL:  8    30 08 0a 00 00 00 00 00
2026-07-30 09:53:28,723 [DEBUG] Rx: <70E> (08) [p]	 2130303030303530
2026-07-30 09:53:28,725 [DEBUG] Rx: <70E> (08) [p]	 037f2213aaaaaaaa
2026-07-30 09:53:28,727 [DEBUG] Rx: <70E> (08) [p]	 0762f191432e3030
2026-07-30 09:53:28,728 [DEBUG] Rx: <70E> (08) [p]	 0762f193432e3030
2026-07-30 09:53:28,728 [DEBUG] Rx: <70E> (08) [p]	 037f2213aaaaaaaa
2026-07-30 09:53:28,730 [DEBUG] Rx: <70E> (08) [p]	 037f2222aaaaaaaa
2026-07-30 09:53:28,746 [INFO] TC_ID-776 - Received: 7F222262C103C000EAA000000000000000000062C104FA00000000000062ED90F00000
2026-07-30 09:53:28,747 [WARNING] TC_ID-776 - PreCondition: PC_ID-024  Testcase:ECUSoftwareUnit1IVDDataIdentifier_F1_C1_Read(Extended ) -> ❌ FAIL - Expected 102362F1C159849573D093FF2DAEA5B5139E0872E1A8EE229CC7F0933676CED14C3EB5FDD9AAAAAAAAAAAA
2026-07-30 09:53:28,748 [DEBUG] Stopping CanStack
2026-07-30 09:53:28,749 [DEBUG] TxState=IDLE - RxState=IDLE
2026-07-30 09:53:28,751 [DEBUG] Main thread is exiting
2026-07-30 09:53:28,778 [DEBUG] CanStack Stopped
2026-07-30 09:53:28,779 [INFO] Connection closed
2026-07-30 09:53:28,780 [INFO] Running Test Case: TC_ID-777
2026-07-30 09:53:28,780 [DEBUG] Starting CanStack
2026-07-30 09:53:28,782 [DEBUG] Main thread has started
2026-07-30 09:53:28,783 [DEBUG] Relay thread has started
2026-07-30 09:53:28,784 [INFO] Connection opened
2026-07-30 09:53:28,785 [INFO] Switched to physical mode for TC: TC_ID-777 Step: PreCondition: PC_ID-024  Testcase:Verify incorrect msg length NRC for ECU S/W Unit 1 IVD Response (22 F1 C1 01)
2026-07-30 09:53:28,786 [INFO] TC_ID-777 - PreCondition: PC_ID-024  Testcase:Verify incorrect msg length NRC for ECU S/W Unit 1 IVD Response (22 F1 C1 01): SID=0x22, Sub=0xF1C101, Expected=[3, 127, 34, 19, 170, 170, 170, 170]
2026-07-30 09:53:28,881 [INFO] TC_ID-777 - PreCondition: PC_ID-024  Testcase:Verify incorrect msg length NRC for ECU S/W Unit 1 IVD Response (22 F1 C1 01): Sending request 22F1C101
2026-07-30 09:53:28,882 [INFO] TC_ID-777 - PreCondition: PC_ID-024  Testcase:Verify incorrect msg length NRC for ECU S/W Unit 1 IVD Response (22 F1 C1 01): Sending request 22F1C101
2026-07-30 09:53:28,883 [DEBUG] Sending 4 bytes : [22f1c101]
2026-07-30 09:53:28,884 [DEBUG] Enqueuing a SendRequest for 4 bytes and TAT=Physical
2026-07-30 09:53:28,886 [DEBUG] Tx: <706> (08) [ ]	 0422f1c101000000
2026-07-30 09:53:28,889 [DEBUG] We've been asked to write a message to the bus
2026-07-30 09:53:28,891 [DEBUG] sending: Timestamp:        0.000000    ID:      706    S Rx     F BS       DL:  8    04 22 f1 c1 01 00 00 00
2026-07-30 09:53:28,910 [DEBUG] Rx: <70E> (08) [p]	 037f2213aaaaaaaa
2026-07-30 09:53:28,959 [INFO] TC_ID-777 - Received: 7F2213
2026-07-30 09:53:28,960 [WARNING] TC_ID-777 - PreCondition: PC_ID-024  Testcase:Verify incorrect msg length NRC for ECU S/W Unit 1 IVD Response (22 F1 C1 01) -> ❌ FAIL - Expected 037F2213AAAAAAAA
2026-07-30 09:53:28,961 [DEBUG] Stopping CanStack
2026-07-30 09:53:28,963 [DEBUG] Main thread is exiting
2026-07-30 09:53:29,011 [DEBUG] CanStack Stopped
2026-07-30 09:53:29,012 [INFO] Connection closed
2026-07-30 09:53:29,012 [INFO] Running Test Case: TC_ID-778
2026-07-30 09:53:29,013 [DEBUG] Starting CanStack
2026-07-30 09:53:29,015 [DEBUG] Main thread has started
2026-07-30 09:53:29,017 [DEBUG] Relay thread has started
2026-07-30 09:53:29,021 [INFO] Connection opened
2026-07-30 09:53:29,023 [INFO] Switched to physical mode for TC: TC_ID-778 Step: PreCondition: PC_ID-024  Testcase:ECU_Supplier_Code_F1_A1_Read(Defaultsession)
2026-07-30 09:53:29,023 [INFO] TC_ID-778 - PreCondition: PC_ID-024  Testcase:ECU_Supplier_Code_F1_A1_Read(Defaultsession): SID=0x22, Sub=0xF1A1, Expected=[7, 98, 241, 161, 83, 49, 49, 48]
2026-07-30 09:53:29,109 [INFO] TC_ID-778 - PreCondition: PC_ID-024  Testcase:ECU_Supplier_Code_F1_A1_Read(Defaultsession): Sending request 22F1A1
2026-07-30 09:53:29,110 [INFO] TC_ID-778 - PreCondition: PC_ID-024  Testcase:ECU_Supplier_Code_F1_A1_Read(Defaultsession): Sending request 22F1A1
2026-07-30 09:53:29,111 [DEBUG] Sending 3 bytes : [22f1a1]
2026-07-30 09:53:29,112 [DEBUG] Enqueuing a SendRequest for 3 bytes and TAT=Physical
2026-07-30 09:53:29,113 [DEBUG] Tx: <706> (08) [ ]	 0322f1a100000000
2026-07-30 09:53:29,116 [DEBUG] We've been asked to write a message to the bus
2026-07-30 09:53:29,118 [DEBUG] sending: Timestamp:        0.000000    ID:      706    S Rx     F BS       DL:  8    03 22 f1 a1 00 00 00 00
2026-07-30 09:53:29,140 [DEBUG] Rx: <70E> (08) [p]	 0762f1a153313130
2026-07-30 09:53:29,191 [INFO] TC_ID-778 - Received: 62F1A153313130
2026-07-30 09:53:29,192 [WARNING] TC_ID-778 - PreCondition: PC_ID-024  Testcase:ECU_Supplier_Code_F1_A1_Read(Defaultsession) -> ❌ FAIL - Expected 0762F1A153313130
2026-07-30 09:53:29,193 [DEBUG] Stopping CanStack
2026-07-30 09:53:29,194 [DEBUG] Main thread is exiting
2026-07-30 09:53:29,239 [DEBUG] CanStack Stopped
2026-07-30 09:53:29,240 [INFO] Connection closed
2026-07-30 09:53:29,241 [INFO] Running Test Case: TC_ID-779
2026-07-30 09:53:29,242 [DEBUG] Starting CanStack
2026-07-30 09:53:29,243 [DEBUG] Main thread has started
2026-07-30 09:53:29,243 [DEBUG] Relay thread has started
2026-07-30 09:53:29,245 [INFO] Connection opened
2026-07-30 09:53:29,246 [INFO] Switched to physical mode for TC: TC_ID-779 Step: PreCondition: PC_ID-024  Testcase:ECU_Software_UNIT_number_F1_B0_Read(Defaultsession)
2026-07-30 09:53:29,247 [INFO] TC_ID-779 - PreCondition: PC_ID-024  Testcase:ECU_Software_UNIT_number_F1_B0_Read(Defaultsession): SID=0x22, Sub=0xF1B0, Expected=[4, 98, 241, 176, 1, 170, 170, 170]
2026-07-30 09:53:29,338 [INFO] TC_ID-779 - PreCondition: PC_ID-024  Testcase:ECU_Software_UNIT_number_F1_B0_Read(Defaultsession): Sending request 22F1B0
2026-07-30 09:53:29,338 [INFO] TC_ID-779 - PreCondition: PC_ID-024  Testcase:ECU_Software_UNIT_number_F1_B0_Read(Defaultsession): Sending request 22F1B0
2026-07-30 09:53:29,339 [DEBUG] Sending 3 bytes : [22f1b0]
2026-07-30 09:53:29,341 [DEBUG] Enqueuing a SendRequest for 3 bytes and TAT=Physical
2026-07-30 09:53:29,343 [DEBUG] Tx: <706> (08) [ ]	 0322f1b000000000
2026-07-30 09:53:29,346 [DEBUG] We've been asked to write a message to the bus
2026-07-30 09:53:29,347 [DEBUG] sending: Timestamp:        0.000000    ID:      706    S Rx     F BS       DL:  8    03 22 f1 b0 00 00 00 00
2026-07-30 09:53:29,370 [DEBUG] Rx: <70E> (08) [p]	 0462f1b001aaaaaa
2026-07-30 09:53:29,419 [INFO] TC_ID-779 - Received: 62F1B001
2026-07-30 09:53:29,420 [WARNING] TC_ID-779 - PreCondition: PC_ID-024  Testcase:ECU_Software_UNIT_number_F1_B0_Read(Defaultsession) -> ❌ FAIL - Expected 0462F1B001AAAAAA
2026-07-30 09:53:29,421 [DEBUG] Stopping CanStack
2026-07-30 09:53:29,422 [DEBUG] Main thread is exiting
2026-07-30 09:53:29,471 [DEBUG] CanStack Stopped
2026-07-30 09:53:29,472 [INFO] Connection closed
2026-07-30 09:53:29,472 [INFO] Running Test Case: TC_ID-780
2026-07-30 09:53:29,473 [DEBUG] Starting CanStack
2026-07-30 09:53:29,474 [DEBUG] Main thread has started
2026-07-30 09:53:29,475 [DEBUG] Relay thread has started
2026-07-30 09:53:29,477 [INFO] Connection opened
2026-07-30 09:53:29,478 [INFO] Switched to physical mode for TC: TC_ID-780 Step: PreCondition: PC_ID-024  Testcase:ECU_Software_UNIT1_Version_F1_B1_Read(Defaultsession)
2026-07-30 09:53:29,479 [INFO] TC_ID-780 - PreCondition: PC_ID-024  Testcase:ECU_Software_UNIT1_Version_F1_B1_Read(Defaultsession): SID=0x22, Sub=0xF1B1, Expected=[16, 8, 98, 241, 177, 50, 53, 65, 49, 48, 170, 170, 170, 170, 170, 170]
2026-07-30 09:53:29,571 [INFO] TC_ID-780 - PreCondition: PC_ID-024  Testcase:ECU_Software_UNIT1_Version_F1_B1_Read(Defaultsession): Sending request 22F1B1
2026-07-30 09:53:29,572 [INFO] TC_ID-780 - PreCondition: PC_ID-024  Testcase:ECU_Software_UNIT1_Version_F1_B1_Read(Defaultsession): Sending request 22F1B1
2026-07-30 09:53:29,573 [DEBUG] Sending 3 bytes : [22f1b1]
2026-07-30 09:53:29,574 [DEBUG] Enqueuing a SendRequest for 3 bytes and TAT=Physical
2026-07-30 09:53:29,576 [DEBUG] Tx: <706> (08) [ ]	 0322f1b100000000
2026-07-30 09:53:29,579 [DEBUG] We've been asked to write a message to the bus
2026-07-30 09:53:29,581 [DEBUG] sending: Timestamp:        0.000000    ID:      706    S Rx     F BS       DL:  8    03 22 f1 b1 00 00 00 00
2026-07-30 09:53:29,599 [DEBUG] Rx: <70E> (08) [p]	 100862f1b1323541
2026-07-30 09:53:29,601 [DEBUG] We've been asked to write a message to the bus
2026-07-30 09:53:29,602 [DEBUG] Tx: <706> (08) [ ]	 30080a0000000000
2026-07-30 09:53:29,603 [DEBUG] sending: Timestamp:        0.000000    ID:      706    S Rx     F BS       DL:  8    30 08 0a 00 00 00 00 00
2026-07-30 09:53:29,604 [DEBUG] We've been asked to write a message to the bus
2026-07-30 09:53:29,606 [DEBUG] sending: Timestamp:        0.000000    ID:      706    S Rx     F BS       DL:  8    30 08 0a 00 00 00 00 00
2026-07-30 09:53:29,609 [DEBUG] TxState=IDLE - RxState=WAIT_CF
2026-07-30 09:53:29,613 [DEBUG] Rx: <70E> (08) [p]	 213130aaaaaaaaaa
2026-07-30 09:53:29,661 [INFO] TC_ID-780 - Received: 62F1B13235413130
2026-07-30 09:53:29,662 [WARNING] TC_ID-780 - PreCondition: PC_ID-024  Testcase:ECU_Software_UNIT1_Version_F1_B1_Read(Defaultsession) -> ❌ FAIL - Expected 100862F1B13235413130AAAAAAAAAAAA
2026-07-30 09:53:29,663 [DEBUG] Stopping CanStack
2026-07-30 09:53:29,664 [DEBUG] TxState=IDLE - RxState=IDLE
2026-07-30 09:53:29,664 [DEBUG] Main thread is exiting
2026-07-30 09:53:29,711 [DEBUG] CanStack Stopped
2026-07-30 09:53:29,712 [INFO] Connection closed
2026-07-30 09:53:29,713 [INFO] Running Test Case: TC_ID-781
2026-07-30 09:53:29,713 [DEBUG] Starting CanStack
2026-07-30 09:53:29,714 [DEBUG] Main thread has started
2026-07-30 09:53:29,715 [DEBUG] Relay thread has started
2026-07-30 09:53:29,716 [INFO] Connection opened
2026-07-30 09:53:29,717 [INFO] Switched to physical mode for TC: TC_ID-781 Step: PreCondition: PC_ID-024  Testcase:Verify incorrect msg length NRC for ECU S/W Unit 1 version information (22 F1 B1 04)
2026-07-30 09:53:29,718 [INFO] TC_ID-781 - PreCondition: PC_ID-024  Testcase:Verify incorrect msg length NRC for ECU S/W Unit 1 version information (22 F1 B1 04): SID=0x22, Sub=0xF1B104, Expected=[3, 127, 34, 19, 170, 170, 170, 170]
2026-07-30 09:53:29,819 [INFO] TC_ID-781 - PreCondition: PC_ID-024  Testcase:Verify incorrect msg length NRC for ECU S/W Unit 1 version information (22 F1 B1 04): Sending request 22F1B104
2026-07-30 09:53:29,819 [INFO] TC_ID-781 - PreCondition: PC_ID-024  Testcase:Verify incorrect msg length NRC for ECU S/W Unit 1 version information (22 F1 B1 04): Sending request 22F1B104
2026-07-30 09:53:29,820 [DEBUG] Sending 4 bytes : [22f1b104]
2026-07-30 09:53:29,822 [DEBUG] Enqueuing a SendRequest for 4 bytes and TAT=Physical
2026-07-30 09:53:29,824 [DEBUG] Tx: <706> (08) [ ]	 0422f1b104000000
2026-07-30 09:53:29,827 [DEBUG] We've been asked to write a message to the bus
2026-07-30 09:53:29,828 [DEBUG] sending: Timestamp:        0.000000    ID:      706    S Rx     F BS       DL:  8    04 22 f1 b1 04 00 00 00
2026-07-30 09:53:29,852 [DEBUG] Rx: <70E> (08) [p]	 037f2213aaaaaaaa
2026-07-30 09:53:29,882 [WARNING] TC_ID-781 - No response received
2026-07-30 09:53:29,883 [DEBUG] Stopping CanStack
2026-07-30 09:53:29,884 [DEBUG] Main thread is exiting
2026-07-30 09:53:29,903 [DEBUG] CanStack Stopped
2026-07-30 09:53:29,904 [INFO] Connection closed
2026-07-30 09:53:29,905 [INFO] Running Test Case: TC_ID-782
2026-07-30 09:53:29,906 [DEBUG] Starting CanStack
2026-07-30 09:53:29,908 [DEBUG] Main thread has started
2026-07-30 09:53:29,909 [DEBUG] Relay thread has started
2026-07-30 09:53:29,911 [INFO] Connection opened
2026-07-30 09:53:29,912 [INFO] Switched to physical mode for TC: TC_ID-782 Step: PreCondition: PC_ID-024  Testcase:SystemNameOrEngineTypeDataIdentifier_Read(Defaultsession)
2026-07-30 09:53:29,915 [INFO] TC_ID-782 - PreCondition: PC_ID-024  Testcase:SystemNameOrEngineTypeDataIdentifier_Read(Defaultsession): SID=0x22, Sub=0xF197, Expected=[16, 14, 98, 241, 151, 83, 72, 86, 85, 95, 70, 82, 32, 32, 32, 32, 170]
2026-07-30 09:53:30,011 [INFO] TC_ID-782 - PreCondition: PC_ID-024  Testcase:SystemNameOrEngineTypeDataIdentifier_Read(Defaultsession): Sending request 22F197
2026-07-30 09:53:30,012 [INFO] TC_ID-782 - PreCondition: PC_ID-024  Testcase:SystemNameOrEngineTypeDataIdentifier_Read(Defaultsession): Sending request 22F197
2026-07-30 09:53:30,014 [DEBUG] Sending 3 bytes : [22f197]
2026-07-30 09:53:30,015 [DEBUG] Enqueuing a SendRequest for 3 bytes and TAT=Physical
2026-07-30 09:53:30,018 [DEBUG] Tx: <706> (08) [ ]	 0322f19700000000
2026-07-30 09:53:30,021 [DEBUG] We've been asked to write a message to the bus
2026-07-30 09:53:30,022 [DEBUG] sending: Timestamp:        0.000000    ID:      706    S Rx     F BS       DL:  8    03 22 f1 97 00 00 00 00
2026-07-30 09:53:30,048 [DEBUG] We've been asked to write a message to the bus
2026-07-30 09:53:30,050 [DEBUG] Rx: <70E> (08) [p]	 100e62f197534856
2026-07-30 09:53:30,050 [DEBUG] sending: Timestamp:        0.000000    ID:      706    S Rx     F BS       DL:  8    30 08 0a 00 00 00 00 00
2026-07-30 09:53:30,051 [DEBUG] Tx: <706> (08) [ ]	 30080a0000000000
2026-07-30 09:53:30,053 [DEBUG] We've been asked to write a message to the bus
2026-07-30 09:53:30,054 [DEBUG] sending: Timestamp:        0.000000    ID:      706    S Rx     F BS       DL:  8    30 08 0a 00 00 00 00 00
2026-07-30 09:53:30,055 [DEBUG] TxState=IDLE - RxState=WAIT_CF
2026-07-30 09:53:30,059 [DEBUG] Rx: <70E> (08) [p]	 21555f4652202020
2026-07-30 09:53:30,077 [DEBUG] Rx: <70E> (08) [p]	 2220aaaaaaaaaaaa
2026-07-30 09:53:30,124 [INFO] TC_ID-782 - Received: 62F197534856555F465220202020
2026-07-30 09:53:30,125 [WARNING] TC_ID-782 - PreCondition: PC_ID-024  Testcase:SystemNameOrEngineTypeDataIdentifier_Read(Defaultsession) -> ❌ FAIL - Expected 100E62F197534856555F465220202020AA
2026-07-30 09:53:30,125 [DEBUG] Stopping CanStack
2026-07-30 09:53:30,126 [DEBUG] TxState=IDLE - RxState=IDLE
2026-07-30 09:53:30,127 [DEBUG] Main thread is exiting
2026-07-30 09:53:30,129 [DEBUG] CanStack Stopped
2026-07-30 09:53:30,131 [INFO] Connection closed
2026-07-30 09:53:30,134 [INFO] Running Test Case: TC_ID-783
2026-07-30 09:53:30,135 [DEBUG] Starting CanStack
2026-07-30 09:53:30,137 [DEBUG] Main thread has started
2026-07-30 09:53:30,138 [DEBUG] Relay thread has started
2026-07-30 09:53:30,139 [INFO] Connection opened
2026-07-30 09:53:30,140 [INFO] Switched to physical mode for TC: TC_ID-783 Step: PreCondition: PC_ID-024  Testcase:Verify incorrect msg length NRC for system name information (22 F1 97 03)
2026-07-30 09:53:30,141 [INFO] TC_ID-783 - PreCondition: PC_ID-024  Testcase:Verify incorrect msg length NRC for system name information (22 F1 97 03): SID=0x22, Sub=0xF19703, Expected=[3, 127, 34, 19, 170, 170, 170, 170]
2026-07-30 09:53:30,240 [INFO] TC_ID-783 - PreCondition: PC_ID-024  Testcase:Verify incorrect msg length NRC for system name information (22 F1 97 03): Sending request 22F19703
2026-07-30 09:53:30,241 [INFO] TC_ID-783 - PreCondition: PC_ID-024  Testcase:Verify incorrect msg length NRC for system name information (22 F1 97 03): Sending request 22F19703
2026-07-30 09:53:30,242 [DEBUG] Sending 4 bytes : [22f19703]
2026-07-30 09:53:30,244 [DEBUG] Enqueuing a SendRequest for 4 bytes and TAT=Physical
2026-07-30 09:53:30,248 [DEBUG] Tx: <706> (08) [ ]	 0422f19703000000
2026-07-30 09:53:30,250 [DEBUG] We've been asked to write a message to the bus
2026-07-30 09:53:30,251 [DEBUG] sending: Timestamp:        0.000000    ID:      706    S Rx     F BS       DL:  8    04 22 f1 97 03 00 00 00
2026-07-30 09:53:30,280 [DEBUG] Rx: <70E> (08) [p]	 037f2213aaaaaaaa
2026-07-30 09:53:30,330 [INFO] TC_ID-783 - Received: 7F2213
2026-07-30 09:53:30,331 [WARNING] TC_ID-783 - PreCondition: PC_ID-024  Testcase:Verify incorrect msg length NRC for system name information (22 F1 97 03) -> ❌ FAIL - Expected 037F2213AAAAAAAA
2026-07-30 09:53:30,332 [DEBUG] Stopping CanStack
2026-07-30 09:53:30,334 [DEBUG] Main thread is exiting
2026-07-30 09:53:30,379 [DEBUG] CanStack Stopped
2026-07-30 09:53:30,380 [INFO] Connection closed
2026-07-30 09:53:30,381 [INFO] Running Test Case: TC_ID-784
2026-07-30 09:53:30,382 [DEBUG] Starting CanStack
2026-07-30 09:53:30,383 [DEBUG] Main thread has started
2026-07-30 09:53:30,383 [DEBUG] Relay thread has started
2026-07-30 09:53:30,385 [INFO] Connection opened
2026-07-30 09:53:30,385 [INFO] Switched to physical mode for TC: TC_ID-784 Step: PreCondition: PC_ID-024  Testcase:ECU S/W Unit 1 IVD Response_Read (Extended Session )
2026-07-30 09:53:30,386 [INFO] TC_ID-784 - PreCondition: PC_ID-024  Testcase:ECU S/W Unit 1 IVD Response_Read (Extended Session ): SID=0x22, Sub=0xF1C1, Expected=[16, 35, 98, 241, 193, 89, 132, 149, 115, 208, 147, 255, 45, 174, 165, 181, 19, 158, 8, 114, 225, 168, 238, 34, 156, 199, 240, 147, 54, 118, 206, 209, 76, 62, 181, 253, 217, 170, 170, 170, 170, 170, 170]
2026-07-30 09:53:30,472 [INFO] TC_ID-784 - PreCondition: PC_ID-024  Testcase:ECU S/W Unit 1 IVD Response_Read (Extended Session ): Sending request 22F1C1
2026-07-30 09:53:30,473 [INFO] TC_ID-784 - PreCondition: PC_ID-024  Testcase:ECU S/W Unit 1 IVD Response_Read (Extended Session ): Sending request 22F1C1
2026-07-30 09:53:30,474 [DEBUG] Sending 3 bytes : [22f1c1]
2026-07-30 09:53:30,475 [DEBUG] Enqueuing a SendRequest for 3 bytes and TAT=Physical
2026-07-30 09:53:30,477 [DEBUG] Tx: <706> (08) [ ]	 0322f1c100000000
2026-07-30 09:53:30,480 [DEBUG] We've been asked to write a message to the bus
2026-07-30 09:53:30,481 [DEBUG] sending: Timestamp:        0.000000    ID:      706    S Rx     F BS       DL:  8    03 22 f1 c1 00 00 00 00
2026-07-30 09:53:30,509 [DEBUG] Rx: <70E> (08) [p]	 037f2222aaaaaaaa
2026-07-30 09:53:30,510 [INFO] TC_ID-784 PreCondition: PC_ID-024  Testcase:ECU S/W Unit 1 IVD Response_Read (Extended Session ) -> Response shorter than expected (3/35). Waiting for remaining payload.
2026-07-30 09:53:30,511 [DEBUG] Received 3 bytes : [7f2222]
2026-07-30 09:53:35,512 [DEBUG] No data received: [TimeoutException] - Did not receive IsoTP frame from the Transport layer in time (timeout=5.0 sec) 
2026-07-30 09:53:35,513 [WARNING] TC_ID-784 PreCondition: PC_ID-024  Testcase:ECU S/W Unit 1 IVD Response_Read (Extended Session ) -> Timed out while extending response (6/35)
2026-07-30 09:53:35,564 [INFO] TC_ID-784 - Received: 7F22227F2222
2026-07-30 09:53:35,566 [WARNING] TC_ID-784 - PreCondition: PC_ID-024  Testcase:ECU S/W Unit 1 IVD Response_Read (Extended Session ) -> ❌ FAIL - Expected 102362F1C159849573D093FF2DAEA5B5139E0872E1A8EE229CC7F0933676CED14C3EB5FDD9AAAAAAAAAAAA
2026-07-30 09:53:35,567 [DEBUG] Stopping CanStack
2026-07-30 09:53:35,569 [DEBUG] Main thread is exiting
2026-07-30 09:53:35,576 [DEBUG] CanStack Stopped
2026-07-30 09:53:35,580 [INFO] Connection closed
2026-07-30 09:53:35,582 [INFO] Running Test Case: TC_ID-785
2026-07-30 09:53:35,582 [DEBUG] Starting CanStack
2026-07-30 09:53:35,584 [DEBUG] Main thread has started
2026-07-30 09:53:35,585 [DEBUG] Relay thread has started
2026-07-30 09:53:35,587 [INFO] Connection opened
2026-07-30 09:53:35,588 [INFO] Switched to physical mode for TC: TC_ID-785 Step: PreCondition: PC_ID-024  Testcase:Verify subfunction not correct NRC for alterated ECU S/W Unit 1 IVD Response (22 F1 C2)
2026-07-30 09:53:35,589 [INFO] TC_ID-785 - PreCondition: PC_ID-024  Testcase:Verify subfunction not correct NRC for alterated ECU S/W Unit 1 IVD Response (22 F1 C2): SID=0x22, Sub=0xF1C2, Expected=[3, 127, 34, 49, 170, 170, 170, 170]
2026-07-30 09:53:35,707 [INFO] TC_ID-785 - PreCondition: PC_ID-024  Testcase:Verify subfunction not correct NRC for alterated ECU S/W Unit 1 IVD Response (22 F1 C2): Sending request 22F1C2
2026-07-30 09:53:35,708 [INFO] TC_ID-785 - PreCondition: PC_ID-024  Testcase:Verify subfunction not correct NRC for alterated ECU S/W Unit 1 IVD Response (22 F1 C2): Sending request 22F1C2
2026-07-30 09:53:35,708 [DEBUG] Sending 3 bytes : [22f1c2]
2026-07-30 09:53:35,710 [DEBUG] Enqueuing a SendRequest for 3 bytes and TAT=Physical
2026-07-30 09:53:35,712 [DEBUG] Tx: <706> (08) [ ]	 0322f1c200000000
2026-07-30 09:53:35,714 [DEBUG] We've been asked to write a message to the bus
2026-07-30 09:53:35,716 [DEBUG] sending: Timestamp:        0.000000    ID:      706    S Rx     F BS       DL:  8    03 22 f1 c2 00 00 00 00
2026-07-30 09:53:35,740 [DEBUG] Rx: <70E> (08) [p]	 037f2231aaaaaaaa
2026-07-30 09:53:35,790 [INFO] TC_ID-785 - Received: 7F2231
2026-07-30 09:53:35,791 [WARNING] TC_ID-785 - PreCondition: PC_ID-024  Testcase:Verify subfunction not correct NRC for alterated ECU S/W Unit 1 IVD Response (22 F1 C2) -> ❌ FAIL - Expected 037F2231AAAAAAAA
2026-07-30 09:53:35,791 [DEBUG] Stopping CanStack
2026-07-30 09:53:35,792 [DEBUG] Main thread is exiting
2026-07-30 09:53:35,841 [DEBUG] CanStack Stopped
2026-07-30 09:53:35,842 [INFO] Connection closed
2026-07-30 09:53:35,842 [INFO] Running Test Case: TC_ID-786
2026-07-30 09:53:35,843 [DEBUG] Starting CanStack
2026-07-30 09:53:35,844 [DEBUG] Main thread has started
2026-07-30 09:53:35,845 [DEBUG] Relay thread has started
2026-07-30 09:53:35,846 [INFO] Connection opened
2026-07-30 09:53:35,847 [INFO] Switched to physical mode for TC: TC_ID-786 Step: PreCondition: PC_ID-024  Testcase:Type Option read information_Read(Default session)
2026-07-30 09:53:35,848 [INFO] TC_ID-786 - PreCondition: PC_ID-024  Testcase:Type Option read information_Read(Default session): SID=0x22, Sub=0xC100, Expected=[16, 11, 98, 193, 0, 238, 248, 0, 0, 54, 54, 0, 32, 170, 170, 170]
2026-07-30 09:53:35,939 [INFO] TC_ID-786 - PreCondition: PC_ID-024  Testcase:Type Option read information_Read(Default session): Sending request 22C100
2026-07-30 09:53:35,940 [INFO] TC_ID-786 - PreCondition: PC_ID-024  Testcase:Type Option read information_Read(Default session): Sending request 22C100
2026-07-30 09:53:35,941 [DEBUG] Sending 3 bytes : [22c100]
2026-07-30 09:53:35,942 [DEBUG] Enqueuing a SendRequest for 3 bytes and TAT=Physical
2026-07-30 09:53:35,944 [DEBUG] Tx: <706> (08) [ ]	 0322c10000000000
2026-07-30 09:53:35,947 [DEBUG] We've been asked to write a message to the bus
2026-07-30 09:53:35,948 [DEBUG] sending: Timestamp:        0.000000    ID:      706    S Rx     F BS       DL:  8    03 22 c1 00 00 00 00 00
2026-07-30 09:53:35,969 [DEBUG] We've been asked to write a message to the bus
2026-07-30 09:53:35,971 [DEBUG] Rx: <70E> (08) [p]	 100b62c100eef800
2026-07-30 09:53:35,972 [DEBUG] sending: Timestamp:        0.000000    ID:      706    S Rx     F BS       DL:  8    30 08 0a 00 00 00 00 00
2026-07-30 09:53:35,973 [DEBUG] Tx: <706> (08) [ ]	 30080a0000000000
2026-07-30 09:53:35,976 [DEBUG] We've been asked to write a message to the bus
2026-07-30 09:53:35,982 [DEBUG] sending: Timestamp:        0.000000    ID:      706    S Rx     F BS       DL:  8    30 08 0a 00 00 00 00 00
2026-07-30 09:53:35,984 [DEBUG] TxState=IDLE - RxState=WAIT_CF
2026-07-30 09:53:35,986 [DEBUG] Rx: <70E> (08) [p]	 210036360020aaaa
2026-07-30 09:53:36,034 [INFO] TC_ID-786 - Received: 62C100EEF8000036360020
2026-07-30 09:53:36,035 [WARNING] TC_ID-786 - PreCondition: PC_ID-024  Testcase:Type Option read information_Read(Default session) -> ❌ FAIL - Expected 100B62C100EEF8000036360020AAAAAA
2026-07-30 09:53:36,035 [DEBUG] Stopping CanStack
2026-07-30 09:53:36,036 [DEBUG] TxState=IDLE - RxState=IDLE
2026-07-30 09:53:36,037 [DEBUG] Main thread is exiting
2026-07-30 09:53:36,080 [DEBUG] CanStack Stopped
2026-07-30 09:53:36,081 [INFO] Connection closed
2026-07-30 09:53:36,083 [INFO] Running Test Case: TC_ID-787
2026-07-30 09:53:36,083 [DEBUG] Starting CanStack
2026-07-30 09:53:36,085 [DEBUG] Main thread has started
2026-07-30 09:53:36,086 [DEBUG] Relay thread has started
2026-07-30 09:53:36,088 [INFO] Connection opened
2026-07-30 09:53:36,091 [INFO] Switched to physical mode for TC: TC_ID-787 Step: PreCondition: PC_ID-024  Testcase:Verify incorrect msg length NRC for Type Option read information (22 C1 00 01)
2026-07-30 09:53:36,093 [INFO] TC_ID-787 - PreCondition: PC_ID-024  Testcase:Verify incorrect msg length NRC for Type Option read information (22 C1 00 01): SID=0x22, Sub=0xC10001, Expected=[3, 127, 34, 19, 170, 170, 170, 170]
2026-07-30 09:53:36,194 [INFO] TC_ID-787 - PreCondition: PC_ID-024  Testcase:Verify incorrect msg length NRC for Type Option read information (22 C1 00 01): Sending request 22C10001
2026-07-30 09:53:36,195 [INFO] TC_ID-787 - PreCondition: PC_ID-024  Testcase:Verify incorrect msg length NRC for Type Option read information (22 C1 00 01): Sending request 22C10001
2026-07-30 09:53:36,196 [DEBUG] Sending 4 bytes : [22c10001]
2026-07-30 09:53:36,197 [DEBUG] Enqueuing a SendRequest for 4 bytes and TAT=Physical
2026-07-30 09:53:36,199 [DEBUG] Tx: <706> (08) [ ]	 0422c10001000000
2026-07-30 09:53:36,202 [DEBUG] We've been asked to write a message to the bus
2026-07-30 09:53:36,204 [DEBUG] sending: Timestamp:        0.000000    ID:      706    S Rx     F BS       DL:  8    04 22 c1 00 01 00 00 00
2026-07-30 09:53:36,229 [DEBUG] Rx: <70E> (08) [p]	 037f2213aaaaaaaa
2026-07-30 09:53:36,278 [INFO] TC_ID-787 - Received: 7F2213
2026-07-30 09:53:36,280 [WARNING] TC_ID-787 - PreCondition: PC_ID-024  Testcase:Verify incorrect msg length NRC for Type Option read information (22 C1 00 01) -> ❌ FAIL - Expected 037F2213AAAAAAAA
2026-07-30 09:53:36,280 [DEBUG] Stopping CanStack
2026-07-30 09:53:36,282 [DEBUG] Main thread is exiting
2026-07-30 09:53:36,330 [DEBUG] CanStack Stopped
2026-07-30 09:53:36,331 [INFO] Connection closed
2026-07-30 09:53:36,332 [INFO] Running Test Case: TC_ID-788
2026-07-30 09:53:36,333 [DEBUG] Starting CanStack
2026-07-30 09:53:36,335 [DEBUG] Main thread has started
2026-07-30 09:53:36,336 [DEBUG] Relay thread has started
2026-07-30 09:53:36,338 [INFO] Connection opened
2026-07-30 09:53:36,340 [INFO] Switched to physical mode for TC: TC_ID-788 Step: PreCondition: PC_ID-024  Testcase:Output read information_Read(Extended session)
2026-07-30 09:53:36,343 [INFO] TC_ID-788 - PreCondition: PC_ID-024  Testcase:Output read information_Read(Extended session): SID=0x22, Sub=0xC101, Expected=[16, 11, 98, 193, 1, 0, 0, 0, 0, 0, 0, 0, 0, 170, 170, 170]
2026-07-30 09:53:36,431 [INFO] TC_ID-788 - PreCondition: PC_ID-024  Testcase:Output read information_Read(Extended session): Sending request 22C101
2026-07-30 09:53:36,432 [INFO] TC_ID-788 - PreCondition: PC_ID-024  Testcase:Output read information_Read(Extended session): Sending request 22C101
2026-07-30 09:53:36,433 [DEBUG] Sending 3 bytes : [22c101]
2026-07-30 09:53:36,434 [DEBUG] Enqueuing a SendRequest for 3 bytes and TAT=Physical
2026-07-30 09:53:36,437 [DEBUG] Tx: <706> (08) [ ]	 0322c10100000000
2026-07-30 09:53:36,440 [DEBUG] We've been asked to write a message to the bus
2026-07-30 09:53:36,441 [DEBUG] sending: Timestamp:        0.000000    ID:      706    S Rx     F BS       DL:  8    03 22 c1 01 00 00 00 00
2026-07-30 09:53:36,459 [DEBUG] We've been asked to write a message to the bus
2026-07-30 09:53:36,460 [DEBUG] Rx: <70E> (08) [p]	 100b62c1016c7a41
2026-07-30 09:53:36,461 [DEBUG] sending: Timestamp:        0.000000    ID:      706    S Rx     F BS       DL:  8    30 08 0a 00 00 00 00 00
2026-07-30 09:53:36,463 [DEBUG] Tx: <706> (08) [ ]	 30080a0000000000
2026-07-30 09:53:36,465 [DEBUG] We've been asked to write a message to the bus
2026-07-30 09:53:36,466 [DEBUG] sending: Timestamp:        0.000000    ID:      706    S Rx     F BS       DL:  8    30 08 0a 00 00 00 00 00
2026-07-30 09:53:36,470 [DEBUG] TxState=IDLE - RxState=WAIT_CF
2026-07-30 09:53:36,475 [DEBUG] Rx: <70E> (08) [p]	 212000000000aaaa
2026-07-30 09:53:36,523 [INFO] TC_ID-788 - Received: 62C1016C7A412000000000
2026-07-30 09:53:36,524 [WARNING] TC_ID-788 - PreCondition: PC_ID-024  Testcase:Output read information_Read(Extended session) -> ❌ FAIL - Expected 100B62C1010000000000000000AAAAAA
2026-07-30 09:53:36,525 [DEBUG] Stopping CanStack
2026-07-30 09:53:36,526 [DEBUG] TxState=IDLE - RxState=IDLE
2026-07-30 09:53:36,527 [DEBUG] Main thread is exiting
2026-07-30 09:53:36,576 [DEBUG] CanStack Stopped
2026-07-30 09:53:36,577 [INFO] Connection closed
2026-07-30 09:53:36,577 [INFO] Running Test Case: TC_ID-789
2026-07-30 09:53:36,578 [DEBUG] Starting CanStack
2026-07-30 09:53:36,579 [DEBUG] Main thread has started
2026-07-30 09:53:36,580 [DEBUG] Relay thread has started
2026-07-30 09:53:36,582 [INFO] Connection opened
2026-07-30 09:53:36,583 [INFO] Switched to physical mode for TC: TC_ID-789 Step: PreCondition: PC_ID-024  Testcase:Verify incorrect msg length NRC for Output read information (22 C1 01 01)
2026-07-30 09:53:36,584 [INFO] TC_ID-789 - PreCondition: PC_ID-024  Testcase:Verify incorrect msg length NRC for Output read information (22 C1 01 01): SID=0x22, Sub=0xC10101, Expected=[3, 127, 34, 19, 170, 170, 170, 170]
2026-07-30 09:53:36,684 [INFO] TC_ID-789 - PreCondition: PC_ID-024  Testcase:Verify incorrect msg length NRC for Output read information (22 C1 01 01): Sending request 22C10101
2026-07-30 09:53:36,685 [INFO] TC_ID-789 - PreCondition: PC_ID-024  Testcase:Verify incorrect msg length NRC for Output read information (22 C1 01 01): Sending request 22C10101
2026-07-30 09:53:36,686 [DEBUG] Sending 4 bytes : [22c10101]
2026-07-30 09:53:36,687 [DEBUG] Enqueuing a SendRequest for 4 bytes and TAT=Physical
2026-07-30 09:53:36,689 [DEBUG] Tx: <706> (08) [ ]	 0422c10101000000
2026-07-30 09:53:36,692 [DEBUG] We've been asked to write a message to the bus
2026-07-30 09:53:36,693 [DEBUG] sending: Timestamp:        0.000000    ID:      706    S Rx     F BS       DL:  8    04 22 c1 01 01 00 00 00
2026-07-30 09:53:36,719 [DEBUG] Rx: <70E> (08) [p]	 037f2213aaaaaaaa
2026-07-30 09:53:36,768 [INFO] TC_ID-789 - Received: 7F2213
2026-07-30 09:53:36,769 [WARNING] TC_ID-789 - PreCondition: PC_ID-024  Testcase:Verify incorrect msg length NRC for Output read information (22 C1 01 01) -> ❌ FAIL - Expected 037F2213AAAAAAAA
2026-07-30 09:53:36,771 [DEBUG] Stopping CanStack
2026-07-30 09:53:36,772 [DEBUG] Main thread is exiting
2026-07-30 09:53:36,820 [DEBUG] CanStack Stopped
2026-07-30 09:53:36,821 [INFO] Connection closed
2026-07-30 09:53:36,821 [INFO] Running Test Case: TC_ID-790
2026-07-30 09:53:36,822 [DEBUG] Starting CanStack
2026-07-30 09:53:36,823 [DEBUG] Main thread has started
2026-07-30 09:53:36,825 [DEBUG] Relay thread has started
2026-07-30 09:53:36,827 [INFO] Connection opened
2026-07-30 09:53:36,829 [INFO] Switched to physical mode for TC: TC_ID-790 Step: PreCondition: PC_ID-024  Testcase:Communication read information_Read(Extended session)
2026-07-30 09:53:36,832 [INFO] TC_ID-790 - PreCondition: PC_ID-024  Testcase:Communication read information_Read(Extended session): SID=0x22, Sub=0xC102, Expected=[16, 12, 98, 193, 2, 149, 171, 74, 0, 0, 0, 0, 0, 0, 170, 170]
2026-07-30 09:53:36,922 [INFO] TC_ID-790 - PreCondition: PC_ID-024  Testcase:Communication read information_Read(Extended session): Sending request 22C102
2026-07-30 09:53:36,923 [INFO] TC_ID-790 - PreCondition: PC_ID-024  Testcase:Communication read information_Read(Extended session): Sending request 22C102
2026-07-30 09:53:36,924 [DEBUG] Sending 3 bytes : [22c102]
2026-07-30 09:53:36,925 [DEBUG] Enqueuing a SendRequest for 3 bytes and TAT=Physical
2026-07-30 09:53:36,927 [DEBUG] Tx: <706> (08) [ ]	 0322c10200000000
2026-07-30 09:53:36,930 [DEBUG] We've been asked to write a message to the bus
2026-07-30 09:53:36,932 [DEBUG] sending: Timestamp:        0.000000    ID:      706    S Rx     F BS       DL:  8    03 22 c1 02 00 00 00 00
2026-07-30 09:53:36,958 [DEBUG] We've been asked to write a message to the bus
2026-07-30 09:53:36,960 [DEBUG] Rx: <70E> (08) [p]	 100c62c102000000
2026-07-30 09:53:36,960 [DEBUG] sending: Timestamp:        0.000000    ID:      706    S Rx     F BS       DL:  8    30 08 0a 00 00 00 00 00
2026-07-30 09:53:36,961 [DEBUG] Tx: <706> (08) [ ]	 30080a0000000000
2026-07-30 09:53:36,962 [DEBUG] We've been asked to write a message to the bus
2026-07-30 09:53:36,964 [DEBUG] sending: Timestamp:        0.000000    ID:      706    S Rx     F BS       DL:  8    30 08 0a 00 00 00 00 00
2026-07-30 09:53:36,965 [DEBUG] TxState=IDLE - RxState=WAIT_CF
2026-07-30 09:53:36,969 [DEBUG] Rx: <70E> (08) [p]	 21000000000000aa
2026-07-30 09:53:37,018 [INFO] TC_ID-790 - Received: 62C102000000000000000000
2026-07-30 09:53:37,019 [WARNING] TC_ID-790 - PreCondition: PC_ID-024  Testcase:Communication read information_Read(Extended session) -> ❌ FAIL - Expected 100C62C10295AB4A000000000000AAAA
2026-07-30 09:53:37,020 [DEBUG] Stopping CanStack
2026-07-30 09:53:37,021 [DEBUG] TxState=IDLE - RxState=IDLE
2026-07-30 09:53:37,022 [DEBUG] Main thread is exiting
2026-07-30 09:53:37,070 [DEBUG] CanStack Stopped
2026-07-30 09:53:37,071 [INFO] Connection closed
2026-07-30 09:53:37,071 [INFO] Running Test Case: TC_ID-791
2026-07-30 09:53:37,072 [DEBUG] Starting CanStack
2026-07-30 09:53:37,073 [DEBUG] Main thread has started
2026-07-30 09:53:37,074 [DEBUG] Relay thread has started
2026-07-30 09:53:37,075 [INFO] Connection opened
2026-07-30 09:53:37,076 [INFO] Switched to physical mode for TC: TC_ID-791 Step: PreCondition: PC_ID-024  Testcase:Verify incorrect msg length NRC for Communication read information (22 C1 02 01)
2026-07-30 09:53:37,077 [INFO] TC_ID-791 - PreCondition: PC_ID-024  Testcase:Verify incorrect msg length NRC for Communication read information (22 C1 02 01): SID=0x22, Sub=0xC10201, Expected=[3, 127, 34, 19, 170, 170, 170, 170]
2026-07-30 09:53:37,179 [INFO] TC_ID-791 - PreCondition: PC_ID-024  Testcase:Verify incorrect msg length NRC for Communication read information (22 C1 02 01): Sending request 22C10201
2026-07-30 09:53:37,179 [INFO] TC_ID-791 - PreCondition: PC_ID-024  Testcase:Verify incorrect msg length NRC for Communication read information (22 C1 02 01): Sending request 22C10201
2026-07-30 09:53:37,180 [DEBUG] Sending 4 bytes : [22c10201]
2026-07-30 09:53:37,181 [DEBUG] Enqueuing a SendRequest for 4 bytes and TAT=Physical
2026-07-30 09:53:37,183 [DEBUG] Tx: <706> (08) [ ]	 0422c10201000000
2026-07-30 09:53:37,186 [DEBUG] We've been asked to write a message to the bus
2026-07-30 09:53:37,188 [DEBUG] sending: Timestamp:        0.000000    ID:      706    S Rx     F BS       DL:  8    04 22 c1 02 01 00 00 00
2026-07-30 09:53:37,210 [DEBUG] Rx: <70E> (08) [p]	 037f2213aaaaaaaa
2026-07-30 09:53:37,259 [INFO] TC_ID-791 - Received: 7F2213
2026-07-30 09:53:37,260 [WARNING] TC_ID-791 - PreCondition: PC_ID-024  Testcase:Verify incorrect msg length NRC for Communication read information (22 C1 02 01) -> ❌ FAIL - Expected 037F2213AAAAAAAA
2026-07-30 09:53:37,260 [DEBUG] Stopping CanStack
2026-07-30 09:53:37,262 [DEBUG] Main thread is exiting
2026-07-30 09:53:37,311 [DEBUG] CanStack Stopped
2026-07-30 09:53:37,312 [INFO] Connection closed
2026-07-30 09:53:37,313 [INFO] Running Test Case: TC_ID-792
2026-07-30 09:53:37,314 [DEBUG] Starting CanStack
2026-07-30 09:53:37,315 [DEBUG] Main thread has started
2026-07-30 09:53:37,317 [DEBUG] Relay thread has started
2026-07-30 09:53:37,322 [INFO] Connection opened
2026-07-30 09:53:37,323 [INFO] Switched to physical mode for TC: TC_ID-792 Step: PreCondition: PC_ID-024  Testcase:LH seat heat fail detection read  information_Read(Extended session)
2026-07-30 09:53:37,323 [INFO] TC_ID-792 - PreCondition: PC_ID-024  Testcase:LH seat heat fail detection read  information_Read(Extended session): SID=0x22, Sub=0xC103, Expected=[16, 30, 98, 192, 0, 234, 160, 0, 0, 0, 0, 0, 0, 0, 0, 0, 170, 170]
2026-07-30 09:53:37,421 [INFO] TC_ID-792 - PreCondition: PC_ID-024  Testcase:LH seat heat fail detection read  information_Read(Extended session): Sending request 22C103
2026-07-30 09:53:37,421 [INFO] TC_ID-792 - PreCondition: PC_ID-024  Testcase:LH seat heat fail detection read  information_Read(Extended session): Sending request 22C103
2026-07-30 09:53:37,422 [DEBUG] Sending 3 bytes : [22c103]
2026-07-30 09:53:37,423 [DEBUG] Enqueuing a SendRequest for 3 bytes and TAT=Physical
2026-07-30 09:53:37,425 [DEBUG] Tx: <706> (08) [ ]	 0322c10300000000
2026-07-30 09:53:37,428 [DEBUG] We've been asked to write a message to the bus
2026-07-30 09:53:37,430 [DEBUG] sending: Timestamp:        0.000000    ID:      706    S Rx     F BS       DL:  8    03 22 c1 03 00 00 00 00
2026-07-30 09:53:37,449 [DEBUG] We've been asked to write a message to the bus
2026-07-30 09:53:37,449 [DEBUG] Rx: <70E> (08) [p]	 101062c103c000ea
2026-07-30 09:53:37,451 [DEBUG] sending: Timestamp:        0.000000    ID:      706    S Rx     F BS       DL:  8    30 08 0a 00 00 00 00 00
2026-07-30 09:53:37,453 [DEBUG] Tx: <706> (08) [ ]	 30080a0000000000
2026-07-30 09:53:37,455 [DEBUG] We've been asked to write a message to the bus
2026-07-30 09:53:37,457 [DEBUG] sending: Timestamp:        0.000000    ID:      706    S Rx     F BS       DL:  8    30 08 0a 00 00 00 00 00
2026-07-30 09:53:37,461 [DEBUG] TxState=IDLE - RxState=WAIT_CF
2026-07-30 09:53:37,466 [DEBUG] Rx: <70E> (08) [p]	 21a0000000000020
2026-07-30 09:53:37,475 [DEBUG] Rx: <70E> (08) [p]	 22200000aaaaaaaa
2026-07-30 09:53:37,524 [INFO] TC_ID-792 - Received: 62C103C000EAA0000000000020200000
2026-07-30 09:53:37,525 [WARNING] TC_ID-792 - PreCondition: PC_ID-024  Testcase:LH seat heat fail detection read  information_Read(Extended session) -> ❌ FAIL - Expected 101E62C000EAA0000000000000000000AAAA
2026-07-30 09:53:37,526 [DEBUG] Stopping CanStack
2026-07-30 09:53:37,526 [DEBUG] TxState=IDLE - RxState=IDLE
2026-07-30 09:53:37,527 [DEBUG] Main thread is exiting
2026-07-30 09:53:37,576 [DEBUG] CanStack Stopped
2026-07-30 09:53:37,577 [INFO] Connection closed
2026-07-30 09:53:37,578 [INFO] Running Test Case: TC_ID-793
2026-07-30 09:53:37,578 [DEBUG] Starting CanStack
2026-07-30 09:53:37,579 [DEBUG] Main thread has started
2026-07-30 09:53:37,580 [DEBUG] Relay thread has started
2026-07-30 09:53:37,581 [INFO] Connection opened
2026-07-30 09:53:37,582 [INFO] Switched to physical mode for TC: TC_ID-793 Step: PreCondition: PC_ID-024  Testcase:Verify incorrect msg length NRC for LH seat heat fail detection read information (22 C1 03 01)
2026-07-30 09:53:37,583 [INFO] TC_ID-793 - PreCondition: PC_ID-024  Testcase:Verify incorrect msg length NRC for LH seat heat fail detection read information (22 C1 03 01): SID=0x22, Sub=0xC10301, Expected=[3, 127, 34, 19, 170, 170, 170, 170]
2026-07-30 09:53:37,690 [INFO] TC_ID-793 - PreCondition: PC_ID-024  Testcase:Verify incorrect msg length NRC for LH seat heat fail detection read information (22 C1 03 01): Sending request 22C10301
2026-07-30 09:53:37,691 [INFO] TC_ID-793 - PreCondition: PC_ID-024  Testcase:Verify incorrect msg length NRC for LH seat heat fail detection read information (22 C1 03 01): Sending request 22C10301
2026-07-30 09:53:37,692 [DEBUG] Sending 4 bytes : [22c10301]
2026-07-30 09:53:37,693 [DEBUG] Enqueuing a SendRequest for 4 bytes and TAT=Physical
2026-07-30 09:53:37,695 [DEBUG] Tx: <706> (08) [ ]	 0422c10301000000
2026-07-30 09:53:37,698 [DEBUG] We've been asked to write a message to the bus
2026-07-30 09:53:37,700 [DEBUG] sending: Timestamp:        0.000000    ID:      706    S Rx     F BS       DL:  8    04 22 c1 03 01 00 00 00
2026-07-30 09:53:37,719 [DEBUG] Rx: <70E> (08) [p]	 037f2213aaaaaaaa
2026-07-30 09:53:37,769 [INFO] TC_ID-793 - Received: 7F2213
2026-07-30 09:53:37,770 [WARNING] TC_ID-793 - PreCondition: PC_ID-024  Testcase:Verify incorrect msg length NRC for LH seat heat fail detection read information (22 C1 03 01) -> ❌ FAIL - Expected 037F2213AAAAAAAA
2026-07-30 09:53:37,770 [DEBUG] Stopping CanStack
2026-07-30 09:53:37,771 [DEBUG] Main thread is exiting
2026-07-30 09:53:37,819 [DEBUG] CanStack Stopped
2026-07-30 09:53:37,820 [INFO] Connection closed
2026-07-30 09:53:37,821 [INFO] Running Test Case: TC_ID-794
2026-07-30 09:53:37,821 [DEBUG] Starting CanStack
2026-07-30 09:53:37,823 [DEBUG] Main thread has started
2026-07-30 09:53:37,824 [DEBUG] Relay thread has started
2026-07-30 09:53:37,826 [INFO] Connection opened
2026-07-30 09:53:37,827 [INFO] Switched to physical mode for TC: TC_ID-794 Step: PreCondition: PC_ID-024  Testcase:LH seat vent fail detection read   information_Read(Default session)
2026-07-30 09:53:37,828 [INFO] TC_ID-794 - PreCondition: PC_ID-024  Testcase:LH seat vent fail detection read   information_Read(Default session): SID=0x22, Sub=0xC104, Expected=[16, 10, 98, 193, 4, 250, 0, 0, 0, 0, 0, 0, 170, 170, 170, 170]
2026-07-30 09:53:37,926 [INFO] TC_ID-794 - PreCondition: PC_ID-024  Testcase:LH seat vent fail detection read   information_Read(Default session): Sending request 22C104
2026-07-30 09:53:37,927 [INFO] TC_ID-794 - PreCondition: PC_ID-024  Testcase:LH seat vent fail detection read   information_Read(Default session): Sending request 22C104
2026-07-30 09:53:37,928 [DEBUG] Sending 3 bytes : [22c104]
2026-07-30 09:53:37,929 [DEBUG] Enqueuing a SendRequest for 3 bytes and TAT=Physical
2026-07-30 09:53:37,931 [DEBUG] Tx: <706> (08) [ ]	 0322c10400000000
2026-07-30 09:53:37,933 [DEBUG] We've been asked to write a message to the bus
2026-07-30 09:53:37,935 [DEBUG] sending: Timestamp:        0.000000    ID:      706    S Rx     F BS       DL:  8    03 22 c1 04 00 00 00 00
2026-07-30 09:53:37,959 [DEBUG] We've been asked to write a message to the bus
2026-07-30 09:53:37,961 [DEBUG] sending: Timestamp:        0.000000    ID:      706    S Rx     F BS       DL:  8    30 08 0a 00 00 00 00 00
2026-07-30 09:53:37,962 [DEBUG] Rx: <70E> (08) [p]	 100a62c104fa0000
2026-07-30 09:53:37,963 [DEBUG] Tx: <706> (08) [ ]	 30080a0000000000
2026-07-30 09:53:37,964 [DEBUG] We've been asked to write a message to the bus
2026-07-30 09:53:37,965 [DEBUG] sending: Timestamp:        0.000000    ID:      706    S Rx     F BS       DL:  8    30 08 0a 00 00 00 00 00
2026-07-30 09:53:37,966 [DEBUG] TxState=IDLE - RxState=WAIT_CF
2026-07-30 09:53:37,968 [DEBUG] Rx: <70E> (08) [p]	 2100000000aaaaaa
2026-07-30 09:53:38,018 [INFO] TC_ID-794 - Received: 62C104FA000000000000
2026-07-30 09:53:38,019 [WARNING] TC_ID-794 - PreCondition: PC_ID-024  Testcase:LH seat vent fail detection read   information_Read(Default session) -> ❌ FAIL - Expected 100A62C104FA000000000000AAAAAAAA
2026-07-30 09:53:38,020 [DEBUG] Stopping CanStack
2026-07-30 09:53:38,021 [DEBUG] TxState=IDLE - RxState=IDLE
2026-07-30 09:53:38,022 [DEBUG] Main thread is exiting
2026-07-30 09:53:38,069 [DEBUG] CanStack Stopped
2026-07-30 09:53:38,070 [INFO] Connection closed
2026-07-30 09:53:38,070 [INFO] Running Test Case: TC_ID-795
2026-07-30 09:53:38,071 [DEBUG] Starting CanStack
2026-07-30 09:53:38,072 [DEBUG] Main thread has started
2026-07-30 09:53:38,073 [DEBUG] Relay thread has started
2026-07-30 09:53:38,074 [INFO] Connection opened
2026-07-30 09:53:38,075 [INFO] Switched to physical mode for TC: TC_ID-795 Step: PreCondition: PC_ID-024  Testcase:Verify incorrect msg length NRC for LH seat vent fail detection read information (22 C1 04 01)
2026-07-30 09:53:38,076 [INFO] TC_ID-795 - PreCondition: PC_ID-024  Testcase:Verify incorrect msg length NRC for LH seat vent fail detection read information (22 C1 04 01): SID=0x22, Sub=0xC10401, Expected=[3, 127, 34, 19, 170, 170, 170, 170]
2026-07-30 09:53:38,183 [INFO] TC_ID-795 - PreCondition: PC_ID-024  Testcase:Verify incorrect msg length NRC for LH seat vent fail detection read information (22 C1 04 01): Sending request 22C10401
2026-07-30 09:53:38,184 [INFO] TC_ID-795 - PreCondition: PC_ID-024  Testcase:Verify incorrect msg length NRC for LH seat vent fail detection read information (22 C1 04 01): Sending request 22C10401
2026-07-30 09:53:38,184 [DEBUG] Sending 4 bytes : [22c10401]
2026-07-30 09:53:38,186 [DEBUG] Enqueuing a SendRequest for 4 bytes and TAT=Physical
2026-07-30 09:53:38,187 [DEBUG] Tx: <706> (08) [ ]	 0422c10401000000
2026-07-30 09:53:38,190 [DEBUG] We've been asked to write a message to the bus
2026-07-30 09:53:38,192 [DEBUG] sending: Timestamp:        0.000000    ID:      706    S Rx     F BS       DL:  8    04 22 c1 04 01 00 00 00
2026-07-30 09:53:38,220 [DEBUG] Rx: <70E> (08) [p]	 037f2213aaaaaaaa
2026-07-30 09:53:38,269 [INFO] TC_ID-795 - Received: 7F2213
2026-07-30 09:53:38,270 [WARNING] TC_ID-795 - PreCondition: PC_ID-024  Testcase:Verify incorrect msg length NRC for LH seat vent fail detection read information (22 C1 04 01) -> ❌ FAIL - Expected 037F2213AAAAAAAA
2026-07-30 09:53:38,272 [DEBUG] Stopping CanStack
2026-07-30 09:53:38,273 [DEBUG] Main thread is exiting
2026-07-30 09:53:38,321 [DEBUG] CanStack Stopped
2026-07-30 09:53:38,322 [INFO] Connection closed
2026-07-30 09:53:38,322 [INFO] Running Test Case: TC_ID-796
2026-07-30 09:53:38,323 [DEBUG] Starting CanStack
2026-07-30 09:53:38,324 [DEBUG] Main thread has started
2026-07-30 09:53:38,325 [DEBUG] Relay thread has started
2026-07-30 09:53:38,328 [INFO] Connection opened
2026-07-30 09:53:38,330 [INFO] Switched to physical mode for TC: TC_ID-796 Step: PreCondition: PC_ID-024  Testcase:RH seat heat fail detection read   information_Read(Extended  session)
2026-07-30 09:53:38,333 [INFO] TC_ID-796 - PreCondition: PC_ID-024  Testcase:RH seat heat fail detection read   information_Read(Extended  session): SID=0x22, Sub=0xC105, Expected=[16, 10, 98, 193, 5, 192, 0, 234, 160, 0, 0, 0, 0, 0, 0, 0, 0, 0]
2026-07-30 09:53:38,430 [INFO] TC_ID-796 - PreCondition: PC_ID-024  Testcase:RH seat heat fail detection read   information_Read(Extended  session): Sending request 22C105
2026-07-30 09:53:38,431 [INFO] TC_ID-796 - PreCondition: PC_ID-024  Testcase:RH seat heat fail detection read   information_Read(Extended  session): Sending request 22C105
2026-07-30 09:53:38,432 [DEBUG] Sending 3 bytes : [22c105]
2026-07-30 09:53:38,433 [DEBUG] Enqueuing a SendRequest for 3 bytes and TAT=Physical
2026-07-30 09:53:38,435 [DEBUG] Tx: <706> (08) [ ]	 0322c10500000000
2026-07-30 09:53:38,439 [DEBUG] We've been asked to write a message to the bus
2026-07-30 09:53:38,440 [DEBUG] sending: Timestamp:        0.000000    ID:      706    S Rx     F BS       DL:  8    03 22 c1 05 00 00 00 00
2026-07-30 09:53:38,458 [DEBUG] We've been asked to write a message to the bus
2026-07-30 09:53:38,461 [DEBUG] sending: Timestamp:        0.000000    ID:      706    S Rx     F BS       DL:  8    30 08 0a 00 00 00 00 00
2026-07-30 09:53:38,462 [DEBUG] Rx: <70E> (08) [p]	 101062c105c000ea
2026-07-30 09:53:38,465 [DEBUG] Tx: <706> (08) [ ]	 30080a0000000000
2026-07-30 09:53:38,466 [DEBUG] We've been asked to write a message to the bus
2026-07-30 09:53:38,468 [DEBUG] sending: Timestamp:        0.000000    ID:      706    S Rx     F BS       DL:  8    30 08 0a 00 00 00 00 00
2026-07-30 09:53:38,474 [DEBUG] TxState=IDLE - RxState=WAIT_CF
2026-07-30 09:53:38,476 [DEBUG] Rx: <70E> (08) [p]	 21a0000000000020
2026-07-30 09:53:38,485 [DEBUG] Rx: <70E> (08) [p]	 22200000aaaaaaaa
2026-07-30 09:53:38,534 [INFO] TC_ID-796 - Received: 62C105C000EAA0000000000020200000
2026-07-30 09:53:38,535 [WARNING] TC_ID-796 - PreCondition: PC_ID-024  Testcase:RH seat heat fail detection read   information_Read(Extended  session) -> ❌ FAIL - Expected 100A62C105C000EAA0000000000000000000
2026-07-30 09:53:38,536 [DEBUG] Stopping CanStack
2026-07-30 09:53:38,537 [DEBUG] TxState=IDLE - RxState=IDLE
2026-07-30 09:53:38,538 [DEBUG] Main thread is exiting
2026-07-30 09:53:38,586 [DEBUG] CanStack Stopped
2026-07-30 09:53:38,586 [INFO] Connection closed
2026-07-30 09:53:38,587 [INFO] Running Test Case: TC_ID-797
2026-07-30 09:53:38,588 [DEBUG] Starting CanStack
2026-07-30 09:53:38,589 [DEBUG] Main thread has started
2026-07-30 09:53:38,590 [DEBUG] Relay thread has started
2026-07-30 09:53:38,591 [INFO] Connection opened
2026-07-30 09:53:38,592 [INFO] Switched to physical mode for TC: TC_ID-797 Step: PreCondition: PC_ID-024  Testcase:Verify incorrect msg length NRC for RH seat heat fail detection read information (22 C1 05 01)
2026-07-30 09:53:38,593 [INFO] TC_ID-797 - PreCondition: PC_ID-024  Testcase:Verify incorrect msg length NRC for RH seat heat fail detection read information (22 C1 05 01): SID=0x22, Sub=0xC10501, Expected=[3, 127, 34, 19, 170, 170, 170, 170]
2026-07-30 09:53:38,701 [INFO] TC_ID-797 - PreCondition: PC_ID-024  Testcase:Verify incorrect msg length NRC for RH seat heat fail detection read information (22 C1 05 01): Sending request 22C10501
2026-07-30 09:53:38,701 [INFO] TC_ID-797 - PreCondition: PC_ID-024  Testcase:Verify incorrect msg length NRC for RH seat heat fail detection read information (22 C1 05 01): Sending request 22C10501
2026-07-30 09:53:38,702 [DEBUG] Sending 4 bytes : [22c10501]
2026-07-30 09:53:38,703 [DEBUG] Enqueuing a SendRequest for 4 bytes and TAT=Physical
2026-07-30 09:53:38,705 [DEBUG] Tx: <706> (08) [ ]	 0422c10501000000
2026-07-30 09:53:38,708 [DEBUG] We've been asked to write a message to the bus
2026-07-30 09:53:38,710 [DEBUG] sending: Timestamp:        0.000000    ID:      706    S Rx     F BS       DL:  8    04 22 c1 05 01 00 00 00
2026-07-30 09:53:38,729 [DEBUG] Rx: <70E> (08) [p]	 037f2213aaaaaaaa
2026-07-30 09:53:38,779 [INFO] TC_ID-797 - Received: 7F2213
2026-07-30 09:53:38,780 [WARNING] TC_ID-797 - PreCondition: PC_ID-024  Testcase:Verify incorrect msg length NRC for RH seat heat fail detection read information (22 C1 05 01) -> ❌ FAIL - Expected 037F2213AAAAAAAA
2026-07-30 09:53:38,780 [DEBUG] Stopping CanStack
2026-07-30 09:53:38,782 [DEBUG] Main thread is exiting
2026-07-30 09:53:38,829 [DEBUG] CanStack Stopped
2026-07-30 09:53:38,830 [INFO] Connection closed
2026-07-30 09:53:38,831 [INFO] Running Test Case: TC_ID-798
2026-07-30 09:53:38,831 [DEBUG] Starting CanStack
2026-07-30 09:53:38,833 [DEBUG] Main thread has started
2026-07-30 09:53:38,834 [DEBUG] Relay thread has started
2026-07-30 09:53:38,836 [INFO] Connection opened
2026-07-30 09:53:38,837 [INFO] Switched to physical mode for TC: TC_ID-798 Step: PreCondition: PC_ID-024  Testcase:RH seat vent fail detection read   information_Read(Default session)
2026-07-30 09:53:38,838 [INFO] TC_ID-798 - PreCondition: PC_ID-024  Testcase:RH seat vent fail detection read   information_Read(Default session): SID=0x22, Sub=0xC106, Expected=[16, 10, 98, 193, 6, 250, 0, 0, 0, 0, 0, 0, 170, 170, 170, 170]
2026-07-30 09:53:38,937 [INFO] TC_ID-798 - PreCondition: PC_ID-024  Testcase:RH seat vent fail detection read   information_Read(Default session): Sending request 22C106
2026-07-30 09:53:38,938 [INFO] TC_ID-798 - PreCondition: PC_ID-024  Testcase:RH seat vent fail detection read   information_Read(Default session): Sending request 22C106
2026-07-30 09:53:38,939 [DEBUG] Sending 3 bytes : [22c106]
2026-07-30 09:53:38,940 [DEBUG] Enqueuing a SendRequest for 3 bytes and TAT=Physical
2026-07-30 09:53:38,943 [DEBUG] Tx: <706> (08) [ ]	 0322c10600000000
2026-07-30 09:53:38,945 [DEBUG] We've been asked to write a message to the bus
2026-07-30 09:53:38,947 [DEBUG] sending: Timestamp:        0.000000    ID:      706    S Rx     F BS       DL:  8    03 22 c1 06 00 00 00 00
2026-07-30 09:53:38,970 [DEBUG] Rx: <70E> (08) [p]	 100a62c106fa0000
2026-07-30 09:53:38,971 [DEBUG] We've been asked to write a message to the bus
2026-07-30 09:53:38,972 [DEBUG] Tx: <706> (08) [ ]	 30080a0000000000
2026-07-30 09:53:38,973 [DEBUG] sending: Timestamp:        0.000000    ID:      706    S Rx     F BS       DL:  8    30 08 0a 00 00 00 00 00
2026-07-30 09:53:38,974 [DEBUG] We've been asked to write a message to the bus
2026-07-30 09:53:38,975 [DEBUG] sending: Timestamp:        0.000000    ID:      706    S Rx     F BS       DL:  8    30 08 0a 00 00 00 00 00
2026-07-30 09:53:38,976 [DEBUG] TxState=IDLE - RxState=WAIT_CF
2026-07-30 09:53:38,979 [DEBUG] Rx: <70E> (08) [p]	 2100000000aaaaaa
2026-07-30 09:53:39,030 [INFO] TC_ID-798 - Received: 62C106FA000000000000
2026-07-30 09:53:39,030 [DEBUG] TxState=IDLE - RxState=IDLE
2026-07-30 09:53:39,031 [WARNING] TC_ID-798 - PreCondition: PC_ID-024  Testcase:RH seat vent fail detection read   information_Read(Default session) -> ❌ FAIL - Expected 100A62C106FA000000000000AAAAAAAA
2026-07-30 09:53:39,032 [DEBUG] Stopping CanStack
2026-07-30 09:53:39,033 [DEBUG] Main thread is exiting
2026-07-30 09:53:39,079 [DEBUG] CanStack Stopped
2026-07-30 09:53:39,080 [INFO] Connection closed
2026-07-30 09:53:39,081 [INFO] Running Test Case: TC_ID-799
2026-07-30 09:53:39,081 [DEBUG] Starting CanStack
2026-07-30 09:53:39,082 [DEBUG] Main thread has started
2026-07-30 09:53:39,083 [DEBUG] Relay thread has started
2026-07-30 09:53:39,084 [INFO] Connection opened
2026-07-30 09:53:39,085 [INFO] Switched to physical mode for TC: TC_ID-799 Step: PreCondition: PC_ID-024  Testcase:Verify incorrect msg length NRC for LH seat vent fail detection read information (22 C1 06 01)
2026-07-30 09:53:39,086 [INFO] TC_ID-799 - PreCondition: PC_ID-024  Testcase:Verify incorrect msg length NRC for LH seat vent fail detection read information (22 C1 06 01): SID=0x22, Sub=0xC10601, Expected=[3, 127, 34, 19, 170, 170, 170, 170]
2026-07-30 09:53:39,193 [INFO] TC_ID-799 - PreCondition: PC_ID-024  Testcase:Verify incorrect msg length NRC for LH seat vent fail detection read information (22 C1 06 01): Sending request 22C10601
2026-07-30 09:53:39,194 [INFO] TC_ID-799 - PreCondition: PC_ID-024  Testcase:Verify incorrect msg length NRC for LH seat vent fail detection read information (22 C1 06 01): Sending request 22C10601
2026-07-30 09:53:39,194 [DEBUG] Sending 4 bytes : [22c10601]
2026-07-30 09:53:39,195 [DEBUG] Enqueuing a SendRequest for 4 bytes and TAT=Physical
2026-07-30 09:53:39,197 [DEBUG] Tx: <706> (08) [ ]	 0422c10601000000
2026-07-30 09:53:39,200 [DEBUG] We've been asked to write a message to the bus
2026-07-30 09:53:39,202 [DEBUG] sending: Timestamp:        0.000000    ID:      706    S Rx     F BS       DL:  8    04 22 c1 06 01 00 00 00
2026-07-30 09:53:39,229 [DEBUG] Rx: <70E> (08) [p]	 037f2213aaaaaaaa
2026-07-30 09:53:39,279 [INFO] TC_ID-799 - Received: 7F2213
2026-07-30 09:53:39,280 [WARNING] TC_ID-799 - PreCondition: PC_ID-024  Testcase:Verify incorrect msg length NRC for LH seat vent fail detection read information (22 C1 06 01) -> ❌ FAIL - Expected 037F2213AAAAAAAA
2026-07-30 09:53:39,281 [DEBUG] Stopping CanStack
2026-07-30 09:53:39,282 [DEBUG] Main thread is exiting
2026-07-30 09:53:39,329 [DEBUG] CanStack Stopped
2026-07-30 09:53:39,330 [INFO] Connection closed
2026-07-30 09:53:39,331 [INFO] Running Test Case: TC_ID-800
2026-07-30 09:53:39,332 [DEBUG] Starting CanStack
2026-07-30 09:53:39,333 [DEBUG] Main thread has started
2026-07-30 09:53:39,335 [DEBUG] Relay thread has started
2026-07-30 09:53:39,336 [INFO] Connection opened
2026-07-30 09:53:39,337 [INFO] Switched to physical mode for TC: TC_ID-800 Step: PreCondition: PC_ID-024  Testcase:Log frame data read  information_Read(Default session)
2026-07-30 09:53:39,339 [INFO] TC_ID-800 - PreCondition: PC_ID-024  Testcase:Log frame data read  information_Read(Default session): SID=0x22, Sub=0xCF10, Expected=[16, 50, 98, 207, 16, 239, 199, 126, 0, 4, 10, 4, 4, 9, 4, 239, 192, 0, 0, 4, 9, 4, 170, 170, 170]
2026-07-30 09:53:39,433 [INFO] TC_ID-800 - PreCondition: PC_ID-024  Testcase:Log frame data read  information_Read(Default session): Sending request 22CF10
2026-07-30 09:53:39,434 [INFO] TC_ID-800 - PreCondition: PC_ID-024  Testcase:Log frame data read  information_Read(Default session): Sending request 22CF10
2026-07-30 09:53:39,435 [DEBUG] Sending 3 bytes : [22cf10]
2026-07-30 09:53:39,436 [DEBUG] Enqueuing a SendRequest for 3 bytes and TAT=Physical
2026-07-30 09:53:39,438 [DEBUG] Tx: <706> (08) [ ]	 0322cf1000000000
2026-07-30 09:53:39,441 [DEBUG] We've been asked to write a message to the bus
2026-07-30 09:53:39,443 [DEBUG] sending: Timestamp:        0.000000    ID:      706    S Rx     F BS       DL:  8    03 22 cf 10 00 00 00 00
2026-07-30 09:53:39,468 [DEBUG] We've been asked to write a message to the bus
2026-07-30 09:53:39,470 [DEBUG] Rx: <70E> (08) [p]	 101462cf10efc77e
2026-07-30 09:53:39,470 [DEBUG] sending: Timestamp:        0.000000    ID:      706    S Rx     F BS       DL:  8    30 08 0a 00 00 00 00 00
2026-07-30 09:53:39,471 [DEBUG] Tx: <706> (08) [ ]	 30080a0000000000
2026-07-30 09:53:39,473 [DEBUG] We've been asked to write a message to the bus
2026-07-30 09:53:39,474 [DEBUG] sending: Timestamp:        0.000000    ID:      706    S Rx     F BS       DL:  8    30 08 0a 00 00 00 00 00
2026-07-30 09:53:39,475 [DEBUG] TxState=IDLE - RxState=WAIT_CF
2026-07-30 09:53:39,479 [DEBUG] Rx: <70E> (08) [p]	 2100040a04040904
2026-07-30 09:53:39,495 [DEBUG] Rx: <70E> (08) [p]	 22efc00000040904
2026-07-30 09:53:39,545 [INFO] TC_ID-800 - Received: 62CF10EFC77E00040A04040904EFC00000040904
2026-07-30 09:53:39,546 [WARNING] TC_ID-800 - PreCondition: PC_ID-024  Testcase:Log frame data read  information_Read(Default session) -> ❌ FAIL - Expected 103262CF10EFC77E00040A04040904EFC00000040904AAAAAA
2026-07-30 09:53:39,546 [DEBUG] TxState=IDLE - RxState=IDLE
2026-07-30 09:53:39,547 [DEBUG] Stopping CanStack
2026-07-30 09:53:39,548 [DEBUG] Main thread is exiting
2026-07-30 09:53:39,595 [DEBUG] CanStack Stopped
2026-07-30 09:53:39,595 [INFO] Connection closed
2026-07-30 09:53:39,596 [INFO] Running Test Case: TC_ID-801
2026-07-30 09:53:39,597 [DEBUG] Starting CanStack
2026-07-30 09:53:39,598 [DEBUG] Main thread has started
2026-07-30 09:53:39,599 [DEBUG] Relay thread has started
2026-07-30 09:53:39,600 [INFO] Connection opened
2026-07-30 09:53:39,600 [INFO] Switched to physical mode for TC: TC_ID-801 Step: PreCondition: PC_ID-024  Testcase:Verify incorrect msg length NRC for Log frame data read information (22 CF 10 01)
2026-07-30 09:53:39,601 [INFO] TC_ID-801 - PreCondition: PC_ID-024  Testcase:Verify incorrect msg length NRC for Log frame data read information (22 CF 10 01): SID=0x22, Sub=0xCF1001, Expected=[3, 127, 34, 19, 170, 170, 170, 170]
2026-07-30 09:53:39,703 [INFO] TC_ID-801 - PreCondition: PC_ID-024  Testcase:Verify incorrect msg length NRC for Log frame data read information (22 CF 10 01): Sending request 22CF1001
2026-07-30 09:53:39,704 [INFO] TC_ID-801 - PreCondition: PC_ID-024  Testcase:Verify incorrect msg length NRC for Log frame data read information (22 CF 10 01): Sending request 22CF1001
2026-07-30 09:53:39,705 [DEBUG] Sending 4 bytes : [22cf1001]
2026-07-30 09:53:39,706 [DEBUG] Enqueuing a SendRequest for 4 bytes and TAT=Physical
2026-07-30 09:53:39,708 [DEBUG] Tx: <706> (08) [ ]	 0422cf1001000000
2026-07-30 09:53:39,711 [DEBUG] We've been asked to write a message to the bus
2026-07-30 09:53:39,713 [DEBUG] sending: Timestamp:        0.000000    ID:      706    S Rx     F BS       DL:  8    04 22 cf 10 01 00 00 00
2026-07-30 09:53:39,739 [DEBUG] Rx: <70E> (08) [p]	 037f2213aaaaaaaa
2026-07-30 09:53:39,789 [INFO] TC_ID-801 - Received: 7F2213
2026-07-30 09:53:39,789 [WARNING] TC_ID-801 - PreCondition: PC_ID-024  Testcase:Verify incorrect msg length NRC for Log frame data read information (22 CF 10 01) -> ❌ FAIL - Expected 037F2213AAAAAAAA
2026-07-30 09:53:39,791 [DEBUG] Stopping CanStack
2026-07-30 09:53:39,792 [DEBUG] Main thread is exiting
2026-07-30 09:53:39,839 [DEBUG] CanStack Stopped
2026-07-30 09:53:39,840 [INFO] Connection closed
2026-07-30 09:53:39,841 [INFO] Running Test Case: TC_ID-802
2026-07-30 09:53:39,841 [DEBUG] Starting CanStack
2026-07-30 09:53:39,843 [DEBUG] Main thread has started
2026-07-30 09:53:39,844 [DEBUG] Relay thread has started
2026-07-30 09:53:39,845 [INFO] Connection opened
2026-07-30 09:53:39,847 [INFO] Switched to physical mode for TC: TC_ID-802 Step: PreCondition: PC_ID-024  Testcase:Non-Sleep ECU data Identifier_Read(Default session)
2026-07-30 09:53:39,848 [INFO] TC_ID-802 - PreCondition: PC_ID-024  Testcase:Non-Sleep ECU data Identifier_Read(Default session): SID=0x22, Sub=0xED90, Expected=[16, 9, 98, 237, 144, 240, 0, 0, 0, 0, 0, 170, 170, 170, 170]
2026-07-30 09:53:39,940 [INFO] TC_ID-802 - PreCondition: PC_ID-024  Testcase:Non-Sleep ECU data Identifier_Read(Default session): Sending request 22ED90
2026-07-30 09:53:39,941 [INFO] TC_ID-802 - PreCondition: PC_ID-024  Testcase:Non-Sleep ECU data Identifier_Read(Default session): Sending request 22ED90
2026-07-30 09:53:39,942 [DEBUG] Sending 3 bytes : [22ed90]
2026-07-30 09:53:39,943 [DEBUG] Enqueuing a SendRequest for 3 bytes and TAT=Physical
2026-07-30 09:53:39,945 [DEBUG] Tx: <706> (08) [ ]	 0322ed9000000000
2026-07-30 09:53:39,948 [DEBUG] We've been asked to write a message to the bus
2026-07-30 09:53:39,950 [DEBUG] sending: Timestamp:        0.000000    ID:      706    S Rx     F BS       DL:  8    03 22 ed 90 00 00 00 00
2026-07-30 09:53:39,968 [DEBUG] We've been asked to write a message to the bus
2026-07-30 09:53:39,970 [DEBUG] sending: Timestamp:        0.000000    ID:      706    S Rx     F BS       DL:  8    30 08 0a 00 00 00 00 00
2026-07-30 09:53:39,973 [DEBUG] Rx: <70E> (08) [p]	 100962ed90f00000
2026-07-30 09:53:39,975 [DEBUG] Tx: <706> (08) [ ]	 30080a0000000000
2026-07-30 09:53:39,976 [DEBUG] We've been asked to write a message to the bus
2026-07-30 09:53:39,977 [DEBUG] sending: Timestamp:        0.000000    ID:      706    S Rx     F BS       DL:  8    30 08 0a 00 00 00 00 00
2026-07-30 09:53:39,983 [DEBUG] TxState=IDLE - RxState=WAIT_CF
2026-07-30 09:53:39,986 [DEBUG] Rx: <70E> (08) [p]	 21000800aaaaaaaa
2026-07-30 09:53:40,029 [INFO] TC_ID-802 - Received: 62ED90F00000000800
2026-07-30 09:53:40,030 [WARNING] TC_ID-802 - PreCondition: PC_ID-024  Testcase:Non-Sleep ECU data Identifier_Read(Default session) -> ❌ FAIL - Expected 100962ED90F00000000000AAAAAAAA
2026-07-30 09:53:40,031 [DEBUG] Stopping CanStack
2026-07-30 09:53:40,031 [DEBUG] TxState=IDLE - RxState=IDLE
2026-07-30 09:53:40,032 [DEBUG] Main thread is exiting
2026-07-30 09:53:40,034 [DEBUG] CanStack Stopped
2026-07-30 09:53:40,036 [INFO] Connection closed
2026-07-30 09:53:40,039 [INFO] Running Test Case: TC_ID-803
2026-07-30 09:53:40,041 [DEBUG] Starting CanStack
2026-07-30 09:53:40,042 [DEBUG] Main thread has started
2026-07-30 09:53:40,043 [DEBUG] Relay thread has started
2026-07-30 09:53:40,045 [INFO] Connection opened
2026-07-30 09:53:40,046 [INFO] Switched to physical mode for TC: TC_ID-803 Step: PreCondition: PC_ID-024  Testcase:Verify incorrect msg length NRC for Non-Sleep ECU data Identifier (22 ED 90 01)
2026-07-30 09:53:40,046 [INFO] TC_ID-803 - PreCondition: PC_ID-024  Testcase:Verify incorrect msg length NRC for Non-Sleep ECU data Identifier (22 ED 90 01): SID=0x22, Sub=0xED9001, Expected=[3, 127, 34, 19, 170, 170, 170, 170]
2026-07-30 09:53:40,145 [INFO] TC_ID-803 - PreCondition: PC_ID-024  Testcase:Verify incorrect msg length NRC for Non-Sleep ECU data Identifier (22 ED 90 01): Sending request 22ED9001
2026-07-30 09:53:40,146 [INFO] TC_ID-803 - PreCondition: PC_ID-024  Testcase:Verify incorrect msg length NRC for Non-Sleep ECU data Identifier (22 ED 90 01): Sending request 22ED9001
2026-07-30 09:53:40,146 [DEBUG] Sending 4 bytes : [22ed9001]
2026-07-30 09:53:40,147 [DEBUG] Enqueuing a SendRequest for 4 bytes and TAT=Physical
2026-07-30 09:53:40,149 [DEBUG] Tx: <706> (08) [ ]	 0422ed9001000000
2026-07-30 09:53:40,152 [DEBUG] We've been asked to write a message to the bus
2026-07-30 09:53:40,154 [DEBUG] sending: Timestamp:        0.000000    ID:      706    S Rx     F BS       DL:  8    04 22 ed 90 01 00 00 00
2026-07-30 09:53:40,180 [DEBUG] Rx: <70E> (08) [p]	 037f2213aaaaaaaa
2026-07-30 09:53:40,230 [INFO] TC_ID-803 - Received: 7F2213
2026-07-30 09:53:40,231 [WARNING] TC_ID-803 - PreCondition: PC_ID-024  Testcase:Verify incorrect msg length NRC for Non-Sleep ECU data Identifier (22 ED 90 01) -> ❌ FAIL - Expected 037F2213AAAAAAAA
2026-07-30 09:53:40,232 [DEBUG] Stopping CanStack
2026-07-30 09:53:40,233 [DEBUG] Main thread is exiting
2026-07-30 09:53:40,279 [DEBUG] CanStack Stopped
2026-07-30 09:53:40,280 [INFO] Connection closed
2026-07-30 09:53:40,281 [INFO] Running Test Case: TC_ID-804
2026-07-30 09:53:40,281 [DEBUG] Starting CanStack
2026-07-30 09:53:40,283 [DEBUG] Main thread has started
2026-07-30 09:53:40,284 [DEBUG] Relay thread has started
2026-07-30 09:53:40,286 [INFO] Connection opened
2026-07-30 09:53:40,287 [INFO] Switched to physical mode for TC: TC_ID-804 Step: PreCondition: PC_ID-024,PC_ID-023  Testcase:RX_SWIN_F1_EF_Read(Extended session)
2026-07-30 09:53:40,288 [INFO] TC_ID-804 - PreCondition: PC_ID-024,PC_ID-023  Testcase:RX_SWIN_F1_EF_Read(Extended session): SID=0x22, Sub=0xF1EF, Expected=[16, 43, 98, 241, 239, 7, 22, 11, 82, 49, 48, 32, 65, 89, 49, 47, 49, 47, 48, 12, 82, 49, 53, 53, 32, 65, 89, 49, 47, 49, 47, 48, 12, 82, 49, 53, 54, 32, 65, 89, 49, 47, 49, 47, 48, 170, 170, 170, 170, 170]
2026-07-30 09:53:40,378 [INFO] TC_ID-804 - PreCondition: PC_ID-024,PC_ID-023  Testcase:RX_SWIN_F1_EF_Read(Extended session): Sending request 22F1EF
2026-07-30 09:53:40,378 [INFO] TC_ID-804 - PreCondition: PC_ID-024,PC_ID-023  Testcase:RX_SWIN_F1_EF_Read(Extended session): Sending request 22F1EF
2026-07-30 09:53:40,379 [DEBUG] Sending 3 bytes : [22f1ef]
2026-07-30 09:53:40,380 [DEBUG] Enqueuing a SendRequest for 3 bytes and TAT=Physical
2026-07-30 09:53:40,381 [DEBUG] Tx: <706> (08) [ ]	 0322f1ef00000000
2026-07-30 09:53:40,382 [DEBUG] We've been asked to write a message to the bus
2026-07-30 09:53:40,383 [DEBUG] sending: Timestamp:        0.000000    ID:      706    S Rx     F BS       DL:  8    03 22 f1 ef 00 00 00 00
2026-07-30 09:53:40,409 [DEBUG] We've been asked to write a message to the bus
2026-07-30 09:53:40,411 [DEBUG] Rx: <70E> (08) [p]	 102b62f1ef07060b
2026-07-30 09:53:40,413 [DEBUG] sending: Timestamp:        0.000000    ID:      706    S Rx     F BS       DL:  8    30 08 0a 00 00 00 00 00
2026-07-30 09:53:40,415 [DEBUG] Tx: <706> (08) [ ]	 30080a0000000000
2026-07-30 09:53:40,417 [DEBUG] We've been asked to write a message to the bus
2026-07-30 09:53:40,418 [DEBUG] sending: Timestamp:        0.000000    ID:      706    S Rx     F BS       DL:  8    30 08 0a 00 00 00 00 00
2026-07-30 09:53:40,422 [DEBUG] TxState=IDLE - RxState=WAIT_CF
2026-07-30 09:53:40,426 [DEBUG] Rx: <70E> (08) [p]	 2152313020424a31
2026-07-30 09:53:40,435 [DEBUG] Rx: <70E> (08) [p]	 222f312f300c5231
2026-07-30 09:53:40,453 [DEBUG] Rx: <70E> (08) [p]	 23353520424a312f
2026-07-30 09:53:40,465 [DEBUG] Rx: <70E> (08) [p]	 24312f300c523135
2026-07-30 09:53:40,479 [DEBUG] Rx: <70E> (08) [p]	 253620424a312f31
2026-07-30 09:53:40,494 [DEBUG] Rx: <70E> (08) [p]	 262f30aaaaaaaaaa
2026-07-30 09:53:40,544 [INFO] TC_ID-804 - Received: 62F1EF07060B52313020424A312F312F300C5231353520424A312F312F300C5231353620424A312F312F30
2026-07-30 09:53:40,545 [WARNING] TC_ID-804 - PreCondition: PC_ID-024,PC_ID-023  Testcase:RX_SWIN_F1_EF_Read(Extended session) -> ❌ FAIL - Expected 102B62F1EF07160B523130204159312F312F300C52313535204159312F312F300C52313536204159312F312F30AAAAAAAAAA
2026-07-30 09:53:40,546 [DEBUG] Stopping CanStack
2026-07-30 09:53:40,547 [DEBUG] TxState=IDLE - RxState=IDLE
2026-07-30 09:53:40,548 [DEBUG] Main thread is exiting
2026-07-30 09:53:40,595 [DEBUG] CanStack Stopped
2026-07-30 09:53:40,596 [INFO] Connection closed
2026-07-30 09:53:40,597 [INFO] Running Test Case: TC_ID-805
2026-07-30 09:53:40,598 [DEBUG] Starting CanStack
2026-07-30 09:53:40,599 [DEBUG] Main thread has started
2026-07-30 09:53:40,601 [DEBUG] Relay thread has started
2026-07-30 09:53:40,605 [INFO] Connection opened
2026-07-30 09:53:40,607 [INFO] Switched to physical mode for TC: TC_ID-805 Step: PreCondition: PC_ID-024,PC_ID-023  Testcase:Vehicle_Manufacturer_Spare_Part_Number_F1_87_Read(Extendedsession)
2026-07-30 09:53:40,608 [INFO] TC_ID-805 - PreCondition: PC_ID-024,PC_ID-023  Testcase:Vehicle_Manufacturer_Spare_Part_Number_F1_87_Read(Extendedsession): SID=0x22, Sub=0xF187, Expected=[16, 13, 98, 241, 135, 57, 54, 53, 52, 48, 83, 66, 48, 48, 48]
2026-07-30 09:53:40,713 [INFO] TC_ID-805 - PreCondition: PC_ID-024,PC_ID-023  Testcase:Vehicle_Manufacturer_Spare_Part_Number_F1_87_Read(Extendedsession): Sending request 22F187
2026-07-30 09:53:40,714 [INFO] TC_ID-805 - PreCondition: PC_ID-024,PC_ID-023  Testcase:Vehicle_Manufacturer_Spare_Part_Number_F1_87_Read(Extendedsession): Sending request 22F187
2026-07-30 09:53:40,715 [DEBUG] Sending 3 bytes : [22f187]
2026-07-30 09:53:40,716 [DEBUG] Enqueuing a SendRequest for 3 bytes and TAT=Physical
2026-07-30 09:53:40,719 [DEBUG] Tx: <706> (08) [ ]	 0322f18700000000
2026-07-30 09:53:40,722 [DEBUG] We've been asked to write a message to the bus
2026-07-30 09:53:40,724 [DEBUG] sending: Timestamp:        0.000000    ID:      706    S Rx     F BS       DL:  8    03 22 f1 87 00 00 00 00
2026-07-30 09:53:40,748 [DEBUG] We've been asked to write a message to the bus
2026-07-30 09:53:40,752 [DEBUG] sending: Timestamp:        0.000000    ID:      706    S Rx     F BS       DL:  8    30 08 0a 00 00 00 00 00
2026-07-30 09:53:40,753 [DEBUG] Rx: <70E> (08) [p]	 100d62f187383835
2026-07-30 09:53:40,756 [DEBUG] Tx: <706> (08) [ ]	 30080a0000000000
2026-07-30 09:53:40,760 [DEBUG] We've been asked to write a message to the bus
2026-07-30 09:53:40,764 [DEBUG] sending: Timestamp:        0.000000    ID:      706    S Rx     F BS       DL:  8    30 08 0a 00 00 00 00 00
2026-07-30 09:53:40,767 [DEBUG] TxState=IDLE - RxState=WAIT_CF
2026-07-30 09:53:40,770 [DEBUG] Rx: <70E> (08) [p]	 213430474a303030
2026-07-30 09:53:40,812 [INFO] TC_ID-805 - Received: 62F1873838353430474A303030
2026-07-30 09:53:40,813 [WARNING] TC_ID-805 - PreCondition: PC_ID-024,PC_ID-023  Testcase:Vehicle_Manufacturer_Spare_Part_Number_F1_87_Read(Extendedsession) -> ❌ FAIL - Expected 100D62F18739363534305342303030
2026-07-30 09:53:40,814 [DEBUG] Stopping CanStack
2026-07-30 09:53:40,815 [DEBUG] TxState=IDLE - RxState=IDLE
2026-07-30 09:53:40,815 [DEBUG] Main thread is exiting
2026-07-30 09:53:40,860 [DEBUG] CanStack Stopped
2026-07-30 09:53:40,861 [INFO] Connection closed
2026-07-30 09:53:40,861 [INFO] Running Test Case: TC_ID-806
2026-07-30 09:53:40,862 [DEBUG] Starting CanStack
2026-07-30 09:53:40,863 [DEBUG] Main thread has started
2026-07-30 09:53:40,864 [DEBUG] Relay thread has started
2026-07-30 09:53:40,865 [INFO] Connection opened
2026-07-30 09:53:40,866 [INFO] Switched to physical mode for TC: TC_ID-806 Step: PreCondition: PC_ID-024,PC_ID-023  Testcase:Manufacturing_F1_8B_Read(Extendedsession)
2026-07-30 09:53:40,866 [INFO] TC_ID-806 - PreCondition: PC_ID-024,PC_ID-023  Testcase:Manufacturing_F1_8B_Read(Extendedsession): SID=0x22, Sub=0xF18B, Expected=[16, 8, 98, 241, 139, 32, 37, 16, 21, 170, 170, 170, 170, 170]
2026-07-30 09:53:40,956 [INFO] TC_ID-806 - PreCondition: PC_ID-024,PC_ID-023  Testcase:Manufacturing_F1_8B_Read(Extendedsession): Sending request 22F18B
2026-07-30 09:53:40,957 [INFO] TC_ID-806 - PreCondition: PC_ID-024,PC_ID-023  Testcase:Manufacturing_F1_8B_Read(Extendedsession): Sending request 22F18B
2026-07-30 09:53:40,958 [DEBUG] Sending 3 bytes : [22f18b]
2026-07-30 09:53:40,959 [DEBUG] Enqueuing a SendRequest for 3 bytes and TAT=Physical
2026-07-30 09:53:40,961 [DEBUG] Tx: <706> (08) [ ]	 0322f18b00000000
2026-07-30 09:53:40,964 [DEBUG] We've been asked to write a message to the bus
2026-07-30 09:53:40,965 [DEBUG] sending: Timestamp:        0.000000    ID:      706    S Rx     F BS       DL:  8    03 22 f1 8b 00 00 00 00
2026-07-30 09:53:40,990 [DEBUG] Rx: <70E> (08) [p]	 0762f18b20251015
2026-07-30 09:53:41,039 [INFO] TC_ID-806 - Received: 62F18B20251015
2026-07-30 09:53:41,040 [WARNING] TC_ID-806 - PreCondition: PC_ID-024,PC_ID-023  Testcase:Manufacturing_F1_8B_Read(Extendedsession) -> ❌ FAIL - Expected 100862F18B20251015AAAAAAAAAA
2026-07-30 09:53:41,041 [DEBUG] Stopping CanStack
2026-07-30 09:53:41,043 [DEBUG] Main thread is exiting
2026-07-30 09:53:41,091 [DEBUG] CanStack Stopped
2026-07-30 09:53:41,091 [INFO] Connection closed
2026-07-30 09:53:41,092 [INFO] Running Test Case: TC_ID-807
2026-07-30 09:53:41,093 [DEBUG] Starting CanStack
2026-07-30 09:53:41,094 [DEBUG] Main thread has started
2026-07-30 09:53:41,096 [DEBUG] Relay thread has started
2026-07-30 09:53:41,100 [INFO] Connection opened
2026-07-30 09:53:41,102 [INFO] Switched to physical mode for TC: TC_ID-807 Step: PreCondition: PC_ID-024,PC_ID-023  Testcase:ECU_Serial_Number_F1_8C_Read(Extendedsession)
2026-07-30 09:53:41,103 [INFO] TC_ID-807 - PreCondition: PC_ID-024,PC_ID-023  Testcase:ECU_Serial_Number_F1_8C_Read(Extendedsession): SID=0x22, Sub=0xF18C, Expected=[16, 13, 98, 241, 140, 48, 48, 48, 48, 48, 48, 48, 48, 53, 48, 170, 170]
2026-07-30 09:53:41,193 [INFO] TC_ID-807 - PreCondition: PC_ID-024,PC_ID-023  Testcase:ECU_Serial_Number_F1_8C_Read(Extendedsession): Sending request 22F18C
2026-07-30 09:53:41,194 [INFO] TC_ID-807 - PreCondition: PC_ID-024,PC_ID-023  Testcase:ECU_Serial_Number_F1_8C_Read(Extendedsession): Sending request 22F18C
2026-07-30 09:53:41,195 [DEBUG] Sending 3 bytes : [22f18c]
2026-07-30 09:53:41,196 [DEBUG] Enqueuing a SendRequest for 3 bytes and TAT=Physical
2026-07-30 09:53:41,198 [DEBUG] Tx: <706> (08) [ ]	 0322f18c00000000
2026-07-30 09:53:41,201 [DEBUG] We've been asked to write a message to the bus
2026-07-30 09:53:41,203 [DEBUG] sending: Timestamp:        0.000000    ID:      706    S Rx     F BS       DL:  8    03 22 f1 8c 00 00 00 00
2026-07-30 09:53:41,228 [DEBUG] We've been asked to write a message to the bus
2026-07-30 09:53:41,229 [DEBUG] Rx: <70E> (08) [p]	 100d62f18c303030
2026-07-30 09:53:41,230 [DEBUG] sending: Timestamp:        0.000000    ID:      706    S Rx     F BS       DL:  8    30 08 0a 00 00 00 00 00
2026-07-30 09:53:41,232 [DEBUG] Tx: <706> (08) [ ]	 30080a0000000000
2026-07-30 09:53:41,233 [DEBUG] We've been asked to write a message to the bus
2026-07-30 09:53:41,234 [DEBUG] sending: Timestamp:        0.000000    ID:      706    S Rx     F BS       DL:  8    30 08 0a 00 00 00 00 00
2026-07-30 09:53:41,235 [DEBUG] TxState=IDLE - RxState=WAIT_CF
2026-07-30 09:53:41,239 [DEBUG] Rx: <70E> (08) [p]	 2130303030303530
2026-07-30 09:53:41,289 [INFO] TC_ID-807 - Received: 62F18C30303030303030303530
2026-07-30 09:53:41,290 [WARNING] TC_ID-807 - PreCondition: PC_ID-024,PC_ID-023  Testcase:ECU_Serial_Number_F1_8C_Read(Extendedsession) -> ❌ FAIL - Expected 100D62F18C30303030303030303530AAAA
2026-07-30 09:53:41,290 [DEBUG] TxState=IDLE - RxState=IDLE
2026-07-30 09:53:41,291 [DEBUG] Stopping CanStack
2026-07-30 09:53:41,293 [DEBUG] Main thread is exiting
2026-07-30 09:53:41,340 [DEBUG] CanStack Stopped
2026-07-30 09:53:41,341 [INFO] Connection closed
2026-07-30 09:53:41,341 [INFO] Running Test Case: TC_ID-808
2026-07-30 09:53:41,342 [DEBUG] Starting CanStack
2026-07-30 09:53:41,343 [DEBUG] Main thread has started
2026-07-30 09:53:41,344 [DEBUG] Relay thread has started
2026-07-30 09:53:41,345 [INFO] Connection opened
2026-07-30 09:53:41,346 [INFO] Switched to physical mode for TC: TC_ID-808 Step: PreCondition: PC_ID-024,PC_ID-023  Testcase:Vehicle_Manufacturer_ECU_HW_Number_F1_91_Read(Extendedsession)
2026-07-30 09:53:41,346 [INFO] TC_ID-808 - PreCondition: PC_ID-024,PC_ID-023  Testcase:Vehicle_Manufacturer_ECU_HW_Number_F1_91_Read(Extendedsession): SID=0x22, Sub=0xF191, Expected=[16, 8, 98, 241, 145, 48, 49, 46, 48, 48, 170, 170, 170, 170, 170]
2026-07-30 09:53:41,446 [INFO] TC_ID-808 - PreCondition: PC_ID-024,PC_ID-023  Testcase:Vehicle_Manufacturer_ECU_HW_Number_F1_91_Read(Extendedsession): Sending request 22F191
2026-07-30 09:53:41,447 [INFO] TC_ID-808 - PreCondition: PC_ID-024,PC_ID-023  Testcase:Vehicle_Manufacturer_ECU_HW_Number_F1_91_Read(Extendedsession): Sending request 22F191
2026-07-30 09:53:41,448 [DEBUG] Sending 3 bytes : [22f191]
2026-07-30 09:53:41,449 [DEBUG] Enqueuing a SendRequest for 3 bytes and TAT=Physical
2026-07-30 09:53:41,451 [DEBUG] Tx: <706> (08) [ ]	 0322f19100000000
2026-07-30 09:53:41,454 [DEBUG] We've been asked to write a message to the bus
2026-07-30 09:53:41,456 [DEBUG] sending: Timestamp:        0.000000    ID:      706    S Rx     F BS       DL:  8    03 22 f1 91 00 00 00 00
2026-07-30 09:53:41,479 [INFO] TC_ID-808 PreCondition: PC_ID-024,PC_ID-023  Testcase:Vehicle_Manufacturer_ECU_HW_Number_F1_91_Read(Extendedsession) -> Response shorter than expected (7/8). Waiting for remaining payload.
2026-07-30 09:53:41,481 [DEBUG] Rx: <70E> (08) [p]	 0762f191432e3030
2026-07-30 09:53:41,482 [DEBUG] Received 7 bytes : [62f191432e3030]
2026-07-30 09:53:41,533 [INFO] TC_ID-808 - Received: 62F191432E303062
2026-07-30 09:53:41,534 [WARNING] TC_ID-808 - PreCondition: PC_ID-024,PC_ID-023  Testcase:Vehicle_Manufacturer_ECU_HW_Number_F1_91_Read(Extendedsession) -> ❌ FAIL - Expected 100862F19130312E3030AAAAAAAAAA
2026-07-30 09:53:41,534 [DEBUG] Stopping CanStack
2026-07-30 09:53:41,535 [DEBUG] Main thread is exiting
2026-07-30 09:53:41,582 [DEBUG] CanStack Stopped
2026-07-30 09:53:41,582 [INFO] Connection closed
2026-07-30 09:53:41,583 [INFO] Running Test Case: TC_ID-809
2026-07-30 09:53:41,584 [DEBUG] Starting CanStack
2026-07-30 09:53:41,585 [DEBUG] Main thread has started
2026-07-30 09:53:41,586 [DEBUG] Relay thread has started
2026-07-30 09:53:41,587 [INFO] Connection opened
2026-07-30 09:53:41,587 [INFO] Switched to physical mode for TC: TC_ID-809 Step: PreCondition: PC_ID-024,PC_ID-023  Testcase:HardwareVersionNumber_F1_93_Read(Extendedsession)
2026-07-30 09:53:41,588 [INFO] TC_ID-809 - PreCondition: PC_ID-024,PC_ID-023  Testcase:HardwareVersionNumber_F1_93_Read(Extendedsession): SID=0x22, Sub=0xF193, Expected=[16, 8, 98, 241, 147, 48, 49, 46, 48, 48, 170, 170, 170, 170, 170]
2026-07-30 09:53:41,683 [INFO] TC_ID-809 - PreCondition: PC_ID-024,PC_ID-023  Testcase:HardwareVersionNumber_F1_93_Read(Extendedsession): Sending request 22F193
2026-07-30 09:53:41,684 [INFO] TC_ID-809 - PreCondition: PC_ID-024,PC_ID-023  Testcase:HardwareVersionNumber_F1_93_Read(Extendedsession): Sending request 22F193
2026-07-30 09:53:41,685 [DEBUG] Sending 3 bytes : [22f193]
2026-07-30 09:53:41,686 [DEBUG] Enqueuing a SendRequest for 3 bytes and TAT=Physical
2026-07-30 09:53:41,688 [DEBUG] Tx: <706> (08) [ ]	 0322f19300000000
2026-07-30 09:53:41,691 [DEBUG] We've been asked to write a message to the bus
2026-07-30 09:53:41,693 [DEBUG] sending: Timestamp:        0.000000    ID:      706    S Rx     F BS       DL:  8    03 22 f1 93 00 00 00 00
2026-07-30 09:53:41,718 [INFO] TC_ID-809 PreCondition: PC_ID-024,PC_ID-023  Testcase:HardwareVersionNumber_F1_93_Read(Extendedsession) -> Response shorter than expected (7/8). Waiting for remaining payload.
2026-07-30 09:53:41,720 [DEBUG] Rx: <70E> (08) [p]	 0762f193432e3030
2026-07-30 09:53:41,721 [DEBUG] Received 7 bytes : [62f193432e3030]
2026-07-30 09:53:41,772 [INFO] TC_ID-809 - Received: 62F193432E303062
2026-07-30 09:53:41,773 [WARNING] TC_ID-809 - PreCondition: PC_ID-024,PC_ID-023  Testcase:HardwareVersionNumber_F1_93_Read(Extendedsession) -> ❌ FAIL - Expected 100862F19330312E3030AAAAAAAAAA
2026-07-30 09:53:41,773 [DEBUG] Stopping CanStack
2026-07-30 09:53:41,774 [DEBUG] Main thread is exiting
2026-07-30 09:53:41,821 [DEBUG] CanStack Stopped
2026-07-30 09:53:41,821 [INFO] Connection closed
2026-07-30 09:53:41,822 [INFO] Running Test Case: TC_ID-810
2026-07-30 09:53:41,823 [DEBUG] Starting CanStack
2026-07-30 09:53:41,824 [DEBUG] Main thread has started
2026-07-30 09:53:41,824 [DEBUG] Relay thread has started
2026-07-30 09:53:41,826 [INFO] Connection opened
2026-07-30 09:53:41,826 [INFO] Switched to physical mode for TC: TC_ID-810 Step: PreCondition: PC_ID-024,PC_ID-023  Testcase:ECU_Supplier_Code_F1_A1_Read(Extendedsession)
2026-07-30 09:53:41,827 [INFO] TC_ID-810 - PreCondition: PC_ID-024,PC_ID-023  Testcase:ECU_Supplier_Code_F1_A1_Read(Extendedsession): SID=0x22, Sub=0xF1A1, Expected=[16, 8, 98, 241, 147, 67, 46, 48, 48, 170, 170, 170, 170, 170]
2026-07-30 09:53:41,919 [INFO] TC_ID-810 - PreCondition: PC_ID-024,PC_ID-023  Testcase:ECU_Supplier_Code_F1_A1_Read(Extendedsession): Sending request 22F1A1
2026-07-30 09:53:41,920 [INFO] TC_ID-810 - PreCondition: PC_ID-024,PC_ID-023  Testcase:ECU_Supplier_Code_F1_A1_Read(Extendedsession): Sending request 22F1A1
2026-07-30 09:53:41,921 [DEBUG] Sending 3 bytes : [22f1a1]
2026-07-30 09:53:41,922 [DEBUG] Enqueuing a SendRequest for 3 bytes and TAT=Physical
2026-07-30 09:53:41,924 [DEBUG] Tx: <706> (08) [ ]	 0322f1a100000000
2026-07-30 09:53:41,927 [DEBUG] We've been asked to write a message to the bus
2026-07-30 09:53:41,929 [DEBUG] sending: Timestamp:        0.000000    ID:      706    S Rx     F BS       DL:  8    03 22 f1 a1 00 00 00 00
2026-07-30 09:53:41,950 [DEBUG] Rx: <70E> (08) [p]	 0762f1a153313130
2026-07-30 09:53:41,998 [INFO] TC_ID-810 - Received: 62F1A153313130
2026-07-30 09:53:41,999 [WARNING] TC_ID-810 - PreCondition: PC_ID-024,PC_ID-023  Testcase:ECU_Supplier_Code_F1_A1_Read(Extendedsession) -> ❌ FAIL - Expected 100862F193432E3030AAAAAAAAAA
2026-07-30 09:53:42,000 [DEBUG] Stopping CanStack
2026-07-30 09:53:42,001 [DEBUG] Main thread is exiting
2026-07-30 09:53:42,050 [DEBUG] CanStack Stopped
2026-07-30 09:53:42,051 [INFO] Connection closed
2026-07-30 09:53:42,052 [INFO] Running Test Case: TC_ID-811
2026-07-30 09:53:42,053 [DEBUG] Starting CanStack
2026-07-30 09:53:42,054 [DEBUG] Main thread has started
2026-07-30 09:53:42,056 [DEBUG] Relay thread has started
2026-07-30 09:53:42,060 [INFO] Connection opened
2026-07-30 09:53:42,062 [INFO] Switched to physical mode for TC: TC_ID-811 Step: PreCondition: PC_ID-024,PC_ID-023  Testcase:ECU_Software_UNIT_number_F1_B0_Read(Extendedsession)
2026-07-30 09:53:42,063 [INFO] TC_ID-811 - PreCondition: PC_ID-024,PC_ID-023  Testcase:ECU_Software_UNIT_number_F1_B0_Read(Extendedsession): SID=0x22, Sub=0xF1B0, Expected=[4, 98, 241, 176, 1, 170, 170, 170]
2026-07-30 09:53:42,155 [INFO] TC_ID-811 - PreCondition: PC_ID-024,PC_ID-023  Testcase:ECU_Software_UNIT_number_F1_B0_Read(Extendedsession): Sending request 22F1B0
2026-07-30 09:53:42,156 [INFO] TC_ID-811 - PreCondition: PC_ID-024,PC_ID-023  Testcase:ECU_Software_UNIT_number_F1_B0_Read(Extendedsession): Sending request 22F1B0
2026-07-30 09:53:42,157 [DEBUG] Sending 3 bytes : [22f1b0]
2026-07-30 09:53:42,158 [DEBUG] Enqueuing a SendRequest for 3 bytes and TAT=Physical
2026-07-30 09:53:42,161 [DEBUG] Tx: <706> (08) [ ]	 0322f1b000000000
2026-07-30 09:53:42,163 [DEBUG] We've been asked to write a message to the bus
2026-07-30 09:53:42,165 [DEBUG] sending: Timestamp:        0.000000    ID:      706    S Rx     F BS       DL:  8    03 22 f1 b0 00 00 00 00
2026-07-30 09:53:42,189 [DEBUG] Rx: <70E> (08) [p]	 0462f1b001aaaaaa
2026-07-30 09:53:42,239 [INFO] TC_ID-811 - Received: 62F1B001
2026-07-30 09:53:42,240 [WARNING] TC_ID-811 - PreCondition: PC_ID-024,PC_ID-023  Testcase:ECU_Software_UNIT_number_F1_B0_Read(Extendedsession) -> ❌ FAIL - Expected 0462F1B001AAAAAA
2026-07-30 09:53:42,241 [DEBUG] Stopping CanStack
2026-07-30 09:53:42,243 [DEBUG] Main thread is exiting
2026-07-30 09:53:42,290 [DEBUG] CanStack Stopped
2026-07-30 09:53:42,291 [INFO] Connection closed
2026-07-30 09:53:42,292 [INFO] Running Test Case: TC_ID-812
2026-07-30 09:53:42,292 [DEBUG] Starting CanStack
2026-07-30 09:53:42,294 [DEBUG] Main thread has started
2026-07-30 09:53:42,295 [DEBUG] Relay thread has started
2026-07-30 09:53:42,297 [INFO] Connection opened
2026-07-30 09:53:42,300 [INFO] Switched to physical mode for TC: TC_ID-812 Step: PreCondition: PC_ID-024,PC_ID-023  Testcase:ECU_Software_UNIT1_Version_F1_B1_Read(Extendedsession)
2026-07-30 09:53:42,302 [INFO] TC_ID-812 - PreCondition: PC_ID-024,PC_ID-023  Testcase:ECU_Software_UNIT1_Version_F1_B1_Read(Extendedsession): SID=0x22, Sub=0xF1B1, Expected=[16, 8, 98, 241, 177, 50, 53, 65, 49, 48, 170, 170, 170, 170, 170, 170]
2026-07-30 09:53:42,397 [INFO] TC_ID-812 - PreCondition: PC_ID-024,PC_ID-023  Testcase:ECU_Software_UNIT1_Version_F1_B1_Read(Extendedsession): Sending request 22F1B1
2026-07-30 09:53:42,398 [INFO] TC_ID-812 - PreCondition: PC_ID-024,PC_ID-023  Testcase:ECU_Software_UNIT1_Version_F1_B1_Read(Extendedsession): Sending request 22F1B1
2026-07-30 09:53:42,399 [DEBUG] Sending 3 bytes : [22f1b1]
2026-07-30 09:53:42,400 [DEBUG] Enqueuing a SendRequest for 3 bytes and TAT=Physical
2026-07-30 09:53:42,401 [DEBUG] Tx: <706> (08) [ ]	 0322f1b100000000
2026-07-30 09:53:42,404 [DEBUG] We've been asked to write a message to the bus
2026-07-30 09:53:42,406 [DEBUG] sending: Timestamp:        0.000000    ID:      706    S Rx     F BS       DL:  8    03 22 f1 b1 00 00 00 00
2026-07-30 09:53:42,429 [DEBUG] We've been asked to write a message to the bus
2026-07-30 09:53:42,431 [DEBUG] Rx: <70E> (08) [p]	 100862f1b1323541
2026-07-30 09:53:42,431 [DEBUG] sending: Timestamp:        0.000000    ID:      706    S Rx     F BS       DL:  8    30 08 0a 00 00 00 00 00
2026-07-30 09:53:42,433 [DEBUG] Tx: <706> (08) [ ]	 30080a0000000000
2026-07-30 09:53:42,434 [DEBUG] We've been asked to write a message to the bus
2026-07-30 09:53:42,435 [DEBUG] sending: Timestamp:        0.000000    ID:      706    S Rx     F BS       DL:  8    30 08 0a 00 00 00 00 00
2026-07-30 09:53:42,436 [DEBUG] TxState=IDLE - RxState=WAIT_CF
2026-07-30 09:53:42,439 [DEBUG] Rx: <70E> (08) [p]	 213130aaaaaaaaaa
2026-07-30 09:53:42,489 [INFO] TC_ID-812 - Received: 62F1B13235413130
2026-07-30 09:53:42,490 [WARNING] TC_ID-812 - PreCondition: PC_ID-024,PC_ID-023  Testcase:ECU_Software_UNIT1_Version_F1_B1_Read(Extendedsession) -> ❌ FAIL - Expected 100862F1B13235413130AAAAAAAAAAAA
2026-07-30 09:53:42,490 [DEBUG] TxState=IDLE - RxState=IDLE
2026-07-30 09:53:42,491 [DEBUG] Stopping CanStack
2026-07-30 09:53:42,493 [DEBUG] Main thread is exiting
2026-07-30 09:53:42,540 [DEBUG] CanStack Stopped
2026-07-30 09:53:42,541 [INFO] Connection closed
2026-07-30 09:53:42,541 [INFO] Running Test Case: TC_ID-813
2026-07-30 09:53:42,542 [DEBUG] Starting CanStack
2026-07-30 09:53:42,543 [DEBUG] Main thread has started
2026-07-30 09:53:42,544 [DEBUG] Relay thread has started
2026-07-30 09:53:42,545 [INFO] Connection opened
2026-07-30 09:53:42,546 [INFO] Switched to physical mode for TC: TC_ID-813 Step: PreCondition: PC_ID-024,PC_ID-023  Testcase:SystemNameOrEngineTypeDataIdentifier_Read(Defaultsession)
2026-07-30 09:53:42,547 [INFO] TC_ID-813 - PreCondition: PC_ID-024,PC_ID-023  Testcase:SystemNameOrEngineTypeDataIdentifier_Read(Defaultsession): SID=0x22, Sub=0xF197, Expected=[16, 14, 98, 241, 151, 83, 72, 86, 85, 95, 70, 82, 32, 32, 32, 32, 170]
2026-07-30 09:53:42,649 [INFO] TC_ID-813 - PreCondition: PC_ID-024,PC_ID-023  Testcase:SystemNameOrEngineTypeDataIdentifier_Read(Defaultsession): Sending request 22F197
2026-07-30 09:53:42,649 [INFO] TC_ID-813 - PreCondition: PC_ID-024,PC_ID-023  Testcase:SystemNameOrEngineTypeDataIdentifier_Read(Defaultsession): Sending request 22F197
2026-07-30 09:53:42,650 [DEBUG] Sending 3 bytes : [22f197]
2026-07-30 09:53:42,650 [DEBUG] Enqueuing a SendRequest for 3 bytes and TAT=Physical
2026-07-30 09:53:42,652 [DEBUG] Tx: <706> (08) [ ]	 0322f19700000000
2026-07-30 09:53:42,652 [DEBUG] We've been asked to write a message to the bus
2026-07-30 09:53:42,653 [DEBUG] sending: Timestamp:        0.000000    ID:      706    S Rx     F BS       DL:  8    03 22 f1 97 00 00 00 00
2026-07-30 09:53:42,679 [DEBUG] We've been asked to write a message to the bus
2026-07-30 09:53:42,680 [DEBUG] sending: Timestamp:        0.000000    ID:      706    S Rx     F BS       DL:  8    30 08 0a 00 00 00 00 00
2026-07-30 09:53:42,681 [DEBUG] Rx: <70E> (08) [p]	 100e62f197534856
2026-07-30 09:53:42,684 [DEBUG] Tx: <706> (08) [ ]	 30080a0000000000
2026-07-30 09:53:42,686 [DEBUG] We've been asked to write a message to the bus
2026-07-30 09:53:42,687 [DEBUG] sending: Timestamp:        0.000000    ID:      706    S Rx     F BS       DL:  8    30 08 0a 00 00 00 00 00
2026-07-30 09:53:42,692 [DEBUG] TxState=IDLE - RxState=WAIT_CF
2026-07-30 09:53:42,695 [DEBUG] Rx: <70E> (08) [p]	 21555f4652202020
2026-07-30 09:53:42,705 [DEBUG] Rx: <70E> (08) [p]	 2220aaaaaaaaaaaa
2026-07-30 09:53:42,755 [INFO] TC_ID-813 - Received: 62F197534856555F465220202020
2026-07-30 09:53:42,756 [WARNING] TC_ID-813 - PreCondition: PC_ID-024,PC_ID-023  Testcase:SystemNameOrEngineTypeDataIdentifier_Read(Defaultsession) -> ❌ FAIL - Expected 100E62F197534856555F465220202020AA
2026-07-30 09:53:42,757 [DEBUG] TxState=IDLE - RxState=IDLE
2026-07-30 09:53:42,757 [DEBUG] Stopping CanStack
2026-07-30 09:53:42,759 [DEBUG] Main thread is exiting
2026-07-30 09:53:42,805 [DEBUG] CanStack Stopped
2026-07-30 09:53:42,805 [INFO] Connection closed
2026-07-30 09:53:42,806 [INFO] Running Test Case: TC_ID-814
2026-07-30 09:53:42,807 [DEBUG] Starting CanStack
2026-07-30 09:53:42,808 [DEBUG] Main thread has started
2026-07-30 09:53:42,808 [DEBUG] Relay thread has started
2026-07-30 09:53:42,810 [INFO] Connection opened
2026-07-30 09:53:42,810 [INFO] Switched to physical mode for TC: TC_ID-814 Step: PreCondition: PC_ID-024,PC_ID-023  Testcase:Type Option read information_Read(Default session)
2026-07-30 09:53:42,811 [INFO] TC_ID-814 - PreCondition: PC_ID-024,PC_ID-023  Testcase:Type Option read information_Read(Default session): SID=0x22, Sub=0xC100, Expected=[16, 11, 98, 193, 0, 238, 248, 0, 0, 54, 54, 0, 32, 170, 170, 170]
2026-07-30 09:53:42,905 [INFO] TC_ID-814 - PreCondition: PC_ID-024,PC_ID-023  Testcase:Type Option read information_Read(Default session): Sending request 22C100
2026-07-30 09:53:42,906 [INFO] TC_ID-814 - PreCondition: PC_ID-024,PC_ID-023  Testcase:Type Option read information_Read(Default session): Sending request 22C100
2026-07-30 09:53:42,907 [DEBUG] Sending 3 bytes : [22c100]
2026-07-30 09:53:42,908 [DEBUG] Enqueuing a SendRequest for 3 bytes and TAT=Physical
2026-07-30 09:53:42,910 [DEBUG] Tx: <706> (08) [ ]	 0322c10000000000
2026-07-30 09:53:42,913 [DEBUG] We've been asked to write a message to the bus
2026-07-30 09:53:42,915 [DEBUG] sending: Timestamp:        0.000000    ID:      706    S Rx     F BS       DL:  8    03 22 c1 00 00 00 00 00
2026-07-30 09:53:42,939 [DEBUG] We've been asked to write a message to the bus
2026-07-30 09:53:42,939 [DEBUG] Rx: <70E> (08) [p]	 100b62c100eef800
2026-07-30 09:53:42,940 [DEBUG] sending: Timestamp:        0.000000    ID:      706    S Rx     F BS       DL:  8    30 08 0a 00 00 00 00 00
2026-07-30 09:53:42,942 [DEBUG] Tx: <706> (08) [ ]	 30080a0000000000
2026-07-30 09:53:42,943 [DEBUG] We've been asked to write a message to the bus
2026-07-30 09:53:42,944 [DEBUG] sending: Timestamp:        0.000000    ID:      706    S Rx     F BS       DL:  8    30 08 0a 00 00 00 00 00
2026-07-30 09:53:42,945 [DEBUG] TxState=IDLE - RxState=WAIT_CF
2026-07-30 09:53:42,949 [DEBUG] Rx: <70E> (08) [p]	 210036360020aaaa
2026-07-30 09:53:43,000 [INFO] TC_ID-814 - Received: 62C100EEF8000036360020
2026-07-30 09:53:43,000 [DEBUG] TxState=IDLE - RxState=IDLE
2026-07-30 09:53:43,001 [WARNING] TC_ID-814 - PreCondition: PC_ID-024,PC_ID-023  Testcase:Type Option read information_Read(Default session) -> ❌ FAIL - Expected 100B62C100EEF8000036360020AAAAAA
2026-07-30 09:53:43,002 [DEBUG] Stopping CanStack
2026-07-30 09:53:43,003 [DEBUG] Main thread is exiting
2026-07-30 09:53:43,049 [DEBUG] CanStack Stopped
2026-07-30 09:53:43,050 [INFO] Connection closed
2026-07-30 09:53:43,050 [INFO] Running Test Case: TC_ID-815
2026-07-30 09:53:43,051 [DEBUG] Starting CanStack
2026-07-30 09:53:43,052 [DEBUG] Main thread has started
2026-07-30 09:53:43,053 [DEBUG] Relay thread has started
2026-07-30 09:53:43,054 [INFO] Connection opened
2026-07-30 09:53:43,055 [INFO] Switched to physical mode for TC: TC_ID-815 Step: PreCondition: PC_ID-024,PC_ID-023  Testcase:Output read information_Read(Default session)
2026-07-30 09:53:43,055 [INFO] TC_ID-815 - PreCondition: PC_ID-024,PC_ID-023  Testcase:Output read information_Read(Default session): SID=0x22, Sub=0xC101, Expected=[16, 11, 98, 193, 1, 6, 7, 0, 64, 0, 0, 0, 0, 170, 170, 170]
2026-07-30 09:53:43,148 [INFO] TC_ID-815 - PreCondition: PC_ID-024,PC_ID-023  Testcase:Output read information_Read(Default session): Sending request 22C101
2026-07-30 09:53:43,149 [INFO] TC_ID-815 - PreCondition: PC_ID-024,PC_ID-023  Testcase:Output read information_Read(Default session): Sending request 22C101
2026-07-30 09:53:43,150 [DEBUG] Sending 3 bytes : [22c101]
2026-07-30 09:53:43,151 [DEBUG] Enqueuing a SendRequest for 3 bytes and TAT=Physical
2026-07-30 09:53:43,153 [DEBUG] Tx: <706> (08) [ ]	 0322c10100000000
2026-07-30 09:53:43,156 [DEBUG] We've been asked to write a message to the bus
2026-07-30 09:53:43,158 [DEBUG] sending: Timestamp:        0.000000    ID:      706    S Rx     F BS       DL:  8    03 22 c1 01 00 00 00 00
2026-07-30 09:53:43,178 [DEBUG] We've been asked to write a message to the bus
2026-07-30 09:53:43,180 [DEBUG] Rx: <70E> (08) [p]	 100b62c1016c7a41
2026-07-30 09:53:43,182 [DEBUG] sending: Timestamp:        0.000000    ID:      706    S Rx     F BS       DL:  8    30 08 0a 00 00 00 00 00
2026-07-30 09:53:43,183 [DEBUG] Tx: <706> (08) [ ]	 30080a0000000000
2026-07-30 09:53:43,186 [DEBUG] We've been asked to write a message to the bus
2026-07-30 09:53:43,188 [DEBUG] sending: Timestamp:        0.000000    ID:      706    S Rx     F BS       DL:  8    30 08 0a 00 00 00 00 00
2026-07-30 09:53:43,194 [DEBUG] TxState=IDLE - RxState=WAIT_CF
2026-07-30 09:53:43,196 [DEBUG] Rx: <70E> (08) [p]	 212000000000aaaa
2026-07-30 09:53:43,244 [INFO] TC_ID-815 - Received: 62C1016C7A412000000000
2026-07-30 09:53:43,245 [WARNING] TC_ID-815 - PreCondition: PC_ID-024,PC_ID-023  Testcase:Output read information_Read(Default session) -> ❌ FAIL - Expected 100B62C1010607004000000000AAAAAA
2026-07-30 09:53:43,245 [DEBUG] Stopping CanStack
2026-07-30 09:53:43,246 [DEBUG] TxState=IDLE - RxState=IDLE
2026-07-30 09:53:43,247 [DEBUG] Main thread is exiting
2026-07-30 09:53:43,294 [DEBUG] CanStack Stopped
2026-07-30 09:53:43,295 [INFO] Connection closed
2026-07-30 09:53:43,295 [INFO] Running Test Case: TC_ID-816
2026-07-30 09:53:43,296 [DEBUG] Starting CanStack
2026-07-30 09:53:43,297 [DEBUG] Main thread has started
2026-07-30 09:53:43,298 [DEBUG] Relay thread has started
2026-07-30 09:53:43,299 [INFO] Connection opened
2026-07-30 09:53:43,300 [INFO] Switched to physical mode for TC: TC_ID-816 Step: PreCondition: PC_ID-024,PC_ID-023  Testcase:Communication read information_Read(Default session)
2026-07-30 09:53:43,300 [INFO] TC_ID-816 - PreCondition: PC_ID-024,PC_ID-023  Testcase:Communication read information_Read(Default session): SID=0x22, Sub=0xC102, Expected=[16, 12, 98, 193, 2, 136, 228, 64, 32, 0, 0, 0, 0, 0, 170, 170]
2026-07-30 09:53:43,399 [INFO] TC_ID-816 - PreCondition: PC_ID-024,PC_ID-023  Testcase:Communication read information_Read(Default session): Sending request 22C102
2026-07-30 09:53:43,399 [INFO] TC_ID-816 - PreCondition: PC_ID-024,PC_ID-023  Testcase:Communication read information_Read(Default session): Sending request 22C102
2026-07-30 09:53:43,400 [DEBUG] Sending 3 bytes : [22c102]
2026-07-30 09:53:43,402 [DEBUG] Enqueuing a SendRequest for 3 bytes and TAT=Physical
2026-07-30 09:53:43,404 [DEBUG] Tx: <706> (08) [ ]	 0322c10200000000
2026-07-30 09:53:43,407 [DEBUG] We've been asked to write a message to the bus
2026-07-30 09:53:43,408 [DEBUG] sending: Timestamp:        0.000000    ID:      706    S Rx     F BS       DL:  8    03 22 c1 02 00 00 00 00
2026-07-30 09:53:43,429 [DEBUG] We've been asked to write a message to the bus
2026-07-30 09:53:43,431 [DEBUG] sending: Timestamp:        0.000000    ID:      706    S Rx     F BS       DL:  8    30 08 0a 00 00 00 00 00
2026-07-30 09:53:43,432 [DEBUG] Rx: <70E> (08) [p]	 100c62c1026c7a41
2026-07-30 09:53:43,434 [DEBUG] Tx: <706> (08) [ ]	 30080a0000000000
2026-07-30 09:53:43,436 [DEBUG] We've been asked to write a message to the bus
2026-07-30 09:53:43,437 [DEBUG] sending: Timestamp:        0.000000    ID:      706    S Rx     F BS       DL:  8    30 08 0a 00 00 00 00 00
2026-07-30 09:53:43,444 [DEBUG] TxState=IDLE - RxState=WAIT_CF
2026-07-30 09:53:43,446 [DEBUG] Rx: <70E> (08) [p]	 21200000000000aa
2026-07-30 09:53:43,489 [INFO] TC_ID-816 - Received: 62C1026C7A41200000000000
2026-07-30 09:53:43,490 [WARNING] TC_ID-816 - PreCondition: PC_ID-024,PC_ID-023  Testcase:Communication read information_Read(Default session) -> ❌ FAIL - Expected 100C62C10288E440200000000000AAAA
2026-07-30 09:53:43,490 [DEBUG] Stopping CanStack
2026-07-30 09:53:43,491 [DEBUG] TxState=IDLE - RxState=IDLE
2026-07-30 09:53:43,492 [DEBUG] Main thread is exiting
2026-07-30 09:53:43,494 [DEBUG] CanStack Stopped
2026-07-30 09:53:43,495 [INFO] Connection closed
2026-07-30 09:53:43,498 [INFO] Running Test Case: TC_ID-817
2026-07-30 09:53:43,500 [DEBUG] Starting CanStack
2026-07-30 09:53:43,502 [DEBUG] Main thread has started
2026-07-30 09:53:43,503 [DEBUG] Relay thread has started
2026-07-30 09:53:43,504 [INFO] Connection opened
2026-07-30 09:53:43,505 [INFO] Switched to physical mode for TC: TC_ID-817 Step: PreCondition: PC_ID-024,PC_ID-023  Testcase:LH seat heat fail detection read  information_Read(Default session)
2026-07-30 09:53:43,506 [INFO] TC_ID-817 - PreCondition: PC_ID-024,PC_ID-023  Testcase:LH seat heat fail detection read  information_Read(Default session): SID=0x22, Sub=0xC103, Expected=[16, 26, 98, 193, 3, 192, 0, 234, 160, 0, 0, 0, 0, 0, 0, 0, 0, 0]
2026-07-30 09:53:43,606 [INFO] TC_ID-817 - PreCondition: PC_ID-024,PC_ID-023  Testcase:LH seat heat fail detection read  information_Read(Default session): Sending request 22C103
2026-07-30 09:53:43,607 [INFO] TC_ID-817 - PreCondition: PC_ID-024,PC_ID-023  Testcase:LH seat heat fail detection read  information_Read(Default session): Sending request 22C103
2026-07-30 09:53:43,607 [DEBUG] Sending 3 bytes : [22c103]
2026-07-30 09:53:43,608 [DEBUG] Enqueuing a SendRequest for 3 bytes and TAT=Physical
2026-07-30 09:53:43,610 [DEBUG] Tx: <706> (08) [ ]	 0322c10300000000
2026-07-30 09:53:43,613 [DEBUG] We've been asked to write a message to the bus
2026-07-30 09:53:43,615 [DEBUG] sending: Timestamp:        0.000000    ID:      706    S Rx     F BS       DL:  8    03 22 c1 03 00 00 00 00
2026-07-30 09:53:43,639 [DEBUG] Rx: <70E> (08) [p]	 101062c103c000ea
2026-07-30 09:53:43,640 [DEBUG] We've been asked to write a message to the bus
2026-07-30 09:53:43,641 [DEBUG] Tx: <706> (08) [ ]	 30080a0000000000
2026-07-30 09:53:43,642 [DEBUG] sending: Timestamp:        0.000000    ID:      706    S Rx     F BS       DL:  8    30 08 0a 00 00 00 00 00
2026-07-30 09:53:43,643 [DEBUG] We've been asked to write a message to the bus
2026-07-30 09:53:43,644 [DEBUG] sending: Timestamp:        0.000000    ID:      706    S Rx     F BS       DL:  8    30 08 0a 00 00 00 00 00
2026-07-30 09:53:43,645 [DEBUG] TxState=IDLE - RxState=WAIT_CF
2026-07-30 09:53:43,649 [DEBUG] Rx: <70E> (08) [p]	 21a0000000000020
2026-07-30 09:53:43,666 [DEBUG] Rx: <70E> (08) [p]	 22200000aaaaaaaa
2026-07-30 09:53:43,716 [INFO] TC_ID-817 - Received: 62C103C000EAA0000000000020200000
2026-07-30 09:53:43,717 [WARNING] TC_ID-817 - PreCondition: PC_ID-024,PC_ID-023  Testcase:LH seat heat fail detection read  information_Read(Default session) -> ❌ FAIL - Expected 101A62C103C000EAA0000000000000000000
2026-07-30 09:53:43,718 [DEBUG] TxState=IDLE - RxState=IDLE
2026-07-30 09:53:43,718 [DEBUG] Stopping CanStack
2026-07-30 09:53:43,720 [DEBUG] Main thread is exiting
2026-07-30 09:53:43,767 [DEBUG] CanStack Stopped
2026-07-30 09:53:43,768 [INFO] Connection closed
2026-07-30 09:53:43,769 [INFO] Running Test Case: TC_ID-818
2026-07-30 09:53:43,770 [DEBUG] Starting CanStack
2026-07-30 09:53:43,771 [DEBUG] Main thread has started
2026-07-30 09:53:43,772 [DEBUG] Relay thread has started
2026-07-30 09:53:43,773 [INFO] Connection opened
2026-07-30 09:53:43,774 [INFO] Switched to physical mode for TC: TC_ID-818 Step: PreCondition: PC_ID-024,PC_ID-023  Testcase:LH seat vent fail detection read   information_Read(Default session)
2026-07-30 09:53:43,775 [INFO] TC_ID-818 - PreCondition: PC_ID-024,PC_ID-023  Testcase:LH seat vent fail detection read   information_Read(Default session): SID=0x22, Sub=0xC104, Expected=[16, 10, 98, 193, 4, 250, 0, 0, 0, 0, 0, 0, 170, 170, 170, 170]
2026-07-30 09:53:43,878 [INFO] TC_ID-818 - PreCondition: PC_ID-024,PC_ID-023  Testcase:LH seat vent fail detection read   information_Read(Default session): Sending request 22C104
2026-07-30 09:53:43,879 [INFO] TC_ID-818 - PreCondition: PC_ID-024,PC_ID-023  Testcase:LH seat vent fail detection read   information_Read(Default session): Sending request 22C104
2026-07-30 09:53:43,879 [DEBUG] Sending 3 bytes : [22c104]
2026-07-30 09:53:43,880 [DEBUG] Enqueuing a SendRequest for 3 bytes and TAT=Physical
2026-07-30 09:53:43,882 [DEBUG] Tx: <706> (08) [ ]	 0322c10400000000
2026-07-30 09:53:43,885 [DEBUG] We've been asked to write a message to the bus
2026-07-30 09:53:43,887 [DEBUG] sending: Timestamp:        0.000000    ID:      706    S Rx     F BS       DL:  8    03 22 c1 04 00 00 00 00
2026-07-30 09:53:43,909 [DEBUG] We've been asked to write a message to the bus
2026-07-30 09:53:43,911 [DEBUG] sending: Timestamp:        0.000000    ID:      706    S Rx     F BS       DL:  8    30 08 0a 00 00 00 00 00
2026-07-30 09:53:43,912 [DEBUG] Rx: <70E> (08) [p]	 100a62c104fa0000
2026-07-30 09:53:43,914 [DEBUG] Tx: <706> (08) [ ]	 30080a0000000000
2026-07-30 09:53:43,916 [DEBUG] We've been asked to write a message to the bus
2026-07-30 09:53:43,920 [DEBUG] sending: Timestamp:        0.000000    ID:      706    S Rx     F BS       DL:  8    30 08 0a 00 00 00 00 00
2026-07-30 09:53:43,924 [DEBUG] TxState=IDLE - RxState=WAIT_CF
2026-07-30 09:53:43,925 [DEBUG] Rx: <70E> (08) [p]	 2100000000aaaaaa
2026-07-30 09:53:43,974 [INFO] TC_ID-818 - Received: 62C104FA000000000000
2026-07-30 09:53:43,975 [WARNING] TC_ID-818 - PreCondition: PC_ID-024,PC_ID-023  Testcase:LH seat vent fail detection read   information_Read(Default session) -> ❌ FAIL - Expected 100A62C104FA000000000000AAAAAAAA
2026-07-30 09:53:43,975 [DEBUG] Stopping CanStack
2026-07-30 09:53:43,976 [DEBUG] TxState=IDLE - RxState=IDLE
2026-07-30 09:53:43,977 [DEBUG] Main thread is exiting
2026-07-30 09:53:44,023 [DEBUG] CanStack Stopped
2026-07-30 09:53:44,024 [INFO] Connection closed
2026-07-30 09:53:44,025 [INFO] Running Test Case: TC_ID-819
2026-07-30 09:53:44,025 [DEBUG] Starting CanStack
2026-07-30 09:53:44,026 [DEBUG] Main thread has started
2026-07-30 09:53:44,027 [DEBUG] Relay thread has started
2026-07-30 09:53:44,028 [INFO] Connection opened
2026-07-30 09:53:44,029 [INFO] Switched to physical mode for TC: TC_ID-819 Step: PreCondition: PC_ID-024,PC_ID-023  Testcase:RH seat heat fail detection read   information_Read(Default session)
2026-07-30 09:53:44,030 [INFO] TC_ID-819 - PreCondition: PC_ID-024,PC_ID-023  Testcase:RH seat heat fail detection read   information_Read(Default session): SID=0x22, Sub=0xC105, Expected=[16, 16, 98, 193, 5, 192, 0, 234, 160, 0, 0, 0, 0, 0, 0, 0, 0, 0]
2026-07-30 09:53:44,133 [INFO] TC_ID-819 - PreCondition: PC_ID-024,PC_ID-023  Testcase:RH seat heat fail detection read   information_Read(Default session): Sending request 22C105
2026-07-30 09:53:44,134 [INFO] TC_ID-819 - PreCondition: PC_ID-024,PC_ID-023  Testcase:RH seat heat fail detection read   information_Read(Default session): Sending request 22C105
2026-07-30 09:53:44,134 [DEBUG] Sending 3 bytes : [22c105]
2026-07-30 09:53:44,136 [DEBUG] Enqueuing a SendRequest for 3 bytes and TAT=Physical
2026-07-30 09:53:44,137 [DEBUG] Tx: <706> (08) [ ]	 0322c10500000000
2026-07-30 09:53:44,140 [DEBUG] We've been asked to write a message to the bus
2026-07-30 09:53:44,142 [DEBUG] sending: Timestamp:        0.000000    ID:      706    S Rx     F BS       DL:  8    03 22 c1 05 00 00 00 00
2026-07-30 09:53:44,169 [DEBUG] We've been asked to write a message to the bus
2026-07-30 09:53:44,170 [DEBUG] sending: Timestamp:        0.000000    ID:      706    S Rx     F BS       DL:  8    30 08 0a 00 00 00 00 00
2026-07-30 09:53:44,170 [DEBUG] Rx: <70E> (08) [p]	 101062c105c000ea
2026-07-30 09:53:44,172 [DEBUG] Tx: <706> (08) [ ]	 30080a0000000000
2026-07-30 09:53:44,173 [DEBUG] We've been asked to write a message to the bus
2026-07-30 09:53:44,175 [DEBUG] sending: Timestamp:        0.000000    ID:      706    S Rx     F BS       DL:  8    30 08 0a 00 00 00 00 00
2026-07-30 09:53:44,176 [DEBUG] TxState=IDLE - RxState=WAIT_CF
2026-07-30 09:53:44,178 [DEBUG] Rx: <70E> (08) [p]	 21a0000000000020
2026-07-30 09:53:44,191 [DEBUG] Rx: <70E> (08) [p]	 22200000aaaaaaaa
2026-07-30 09:53:44,239 [INFO] TC_ID-819 - Received: 62C105C000EAA0000000000020200000
2026-07-30 09:53:44,240 [WARNING] TC_ID-819 - PreCondition: PC_ID-024,PC_ID-023  Testcase:RH seat heat fail detection read   information_Read(Default session) -> ❌ FAIL - Expected 101062C105C000EAA0000000000000000000
2026-07-30 09:53:44,241 [DEBUG] Stopping CanStack
2026-07-30 09:53:44,242 [DEBUG] TxState=IDLE - RxState=IDLE
2026-07-30 09:53:44,243 [DEBUG] Main thread is exiting
2026-07-30 09:53:44,292 [DEBUG] CanStack Stopped
2026-07-30 09:53:44,292 [INFO] Connection closed
2026-07-30 09:53:44,293 [INFO] Running Test Case: TC_ID-820
2026-07-30 09:53:44,294 [DEBUG] Starting CanStack
2026-07-30 09:53:44,295 [DEBUG] Main thread has started
2026-07-30 09:53:44,296 [DEBUG] Relay thread has started
2026-07-30 09:53:44,298 [INFO] Connection opened
2026-07-30 09:53:44,300 [INFO] Switched to physical mode for TC: TC_ID-820 Step: PreCondition: PC_ID-024,PC_ID-023  Testcase:RH seat vent fail detection read   information_Read(Default session)
2026-07-30 09:53:44,303 [INFO] TC_ID-820 - PreCondition: PC_ID-024,PC_ID-023  Testcase:RH seat vent fail detection read   information_Read(Default session): SID=0x22, Sub=0xC106, Expected=[16, 10, 98, 193, 6, 250, 0, 0, 0, 0, 0, 0, 170, 170, 170, 170]
2026-07-30 09:53:44,405 [INFO] TC_ID-820 - PreCondition: PC_ID-024,PC_ID-023  Testcase:RH seat vent fail detection read   information_Read(Default session): Sending request 22C106
2026-07-30 09:53:44,406 [INFO] TC_ID-820 - PreCondition: PC_ID-024,PC_ID-023  Testcase:RH seat vent fail detection read   information_Read(Default session): Sending request 22C106
2026-07-30 09:53:44,406 [DEBUG] Sending 3 bytes : [22c106]
2026-07-30 09:53:44,407 [DEBUG] Enqueuing a SendRequest for 3 bytes and TAT=Physical
2026-07-30 09:53:44,409 [DEBUG] Tx: <706> (08) [ ]	 0322c10600000000
2026-07-30 09:53:44,412 [DEBUG] We've been asked to write a message to the bus
2026-07-30 09:53:44,414 [DEBUG] sending: Timestamp:        0.000000    ID:      706    S Rx     F BS       DL:  8    03 22 c1 06 00 00 00 00
2026-07-30 09:53:44,439 [DEBUG] Rx: <70E> (08) [p]	 100a62c106fa0000
2026-07-30 09:53:44,440 [DEBUG] We've been asked to write a message to the bus
2026-07-30 09:53:44,441 [DEBUG] Tx: <706> (08) [ ]	 30080a0000000000
2026-07-30 09:53:44,442 [DEBUG] sending: Timestamp:        0.000000    ID:      706    S Rx     F BS       DL:  8    30 08 0a 00 00 00 00 00
2026-07-30 09:53:44,442 [DEBUG] We've been asked to write a message to the bus
2026-07-30 09:53:44,443 [DEBUG] sending: Timestamp:        0.000000    ID:      706    S Rx     F BS       DL:  8    30 08 0a 00 00 00 00 00
2026-07-30 09:53:44,445 [DEBUG] TxState=IDLE - RxState=WAIT_CF
2026-07-30 09:53:44,448 [DEBUG] Rx: <70E> (08) [p]	 2100000000aaaaaa
2026-07-30 09:53:44,500 [INFO] TC_ID-820 - Received: 62C106FA000000000000
2026-07-30 09:53:44,500 [DEBUG] TxState=IDLE - RxState=IDLE
2026-07-30 09:53:44,501 [WARNING] TC_ID-820 - PreCondition: PC_ID-024,PC_ID-023  Testcase:RH seat vent fail detection read   information_Read(Default session) -> ❌ FAIL - Expected 100A62C106FA000000000000AAAAAAAA
2026-07-30 09:53:44,502 [DEBUG] Stopping CanStack
2026-07-30 09:53:44,503 [DEBUG] Main thread is exiting
2026-07-30 09:53:44,549 [DEBUG] CanStack Stopped
2026-07-30 09:53:44,550 [INFO] Connection closed
2026-07-30 09:53:44,550 [INFO] Running Test Case: TC_ID-821
2026-07-30 09:53:44,551 [DEBUG] Starting CanStack
2026-07-30 09:53:44,552 [DEBUG] Main thread has started
2026-07-30 09:53:44,553 [DEBUG] Relay thread has started
2026-07-30 09:53:44,554 [INFO] Connection opened
2026-07-30 09:53:44,555 [INFO] Switched to physical mode for TC: TC_ID-821 Step: PreCondition: PC_ID-024,PC_ID-023  Testcase:Log frame data read  information_Read(Default session)
2026-07-30 09:53:44,555 [INFO] TC_ID-821 - PreCondition: PC_ID-024,PC_ID-023  Testcase:Log frame data read  information_Read(Default session): SID=0x22, Sub=0xCF10, Expected=[16, 50, 98, 207, 16, 239, 199, 126, 0, 4, 10, 4, 4, 9, 4, 239, 192, 0, 0, 4, 9, 4, 170, 170, 170]
2026-07-30 09:53:44,652 [INFO] TC_ID-821 - PreCondition: PC_ID-024,PC_ID-023  Testcase:Log frame data read  information_Read(Default session): Sending request 22CF10
2026-07-30 09:53:44,653 [INFO] TC_ID-821 - PreCondition: PC_ID-024,PC_ID-023  Testcase:Log frame data read  information_Read(Default session): Sending request 22CF10
2026-07-30 09:53:44,654 [DEBUG] Sending 3 bytes : [22cf10]
2026-07-30 09:53:44,655 [DEBUG] Enqueuing a SendRequest for 3 bytes and TAT=Physical
2026-07-30 09:53:44,657 [DEBUG] Tx: <706> (08) [ ]	 0322cf1000000000
2026-07-30 09:53:44,660 [DEBUG] We've been asked to write a message to the bus
2026-07-30 09:53:44,661 [DEBUG] sending: Timestamp:        0.000000    ID:      706    S Rx     F BS       DL:  8    03 22 cf 10 00 00 00 00
2026-07-30 09:53:44,688 [DEBUG] We've been asked to write a message to the bus
2026-07-30 09:53:44,690 [DEBUG] sending: Timestamp:        0.000000    ID:      706    S Rx     F BS       DL:  8    30 08 0a 00 00 00 00 00
2026-07-30 09:53:44,690 [DEBUG] Rx: <70E> (08) [p]	 101462cf10efc77e
2026-07-30 09:53:44,692 [DEBUG] Tx: <706> (08) [ ]	 30080a0000000000
2026-07-30 09:53:44,693 [DEBUG] We've been asked to write a message to the bus
2026-07-30 09:53:44,695 [DEBUG] sending: Timestamp:        0.000000    ID:      706    S Rx     F BS       DL:  8    30 08 0a 00 00 00 00 00
2026-07-30 09:53:44,696 [DEBUG] TxState=IDLE - RxState=WAIT_CF
2026-07-30 09:53:44,698 [DEBUG] Rx: <70E> (08) [p]	 2100040a04040904
2026-07-30 09:53:44,712 [DEBUG] Rx: <70E> (08) [p]	 22efc00000040904
2026-07-30 09:53:44,759 [INFO] TC_ID-821 - Received: 62CF10EFC77E00040A04040904EFC00000040904
2026-07-30 09:53:44,760 [WARNING] TC_ID-821 - PreCondition: PC_ID-024,PC_ID-023  Testcase:Log frame data read  information_Read(Default session) -> ❌ FAIL - Expected 103262CF10EFC77E00040A04040904EFC00000040904AAAAAA
2026-07-30 09:53:44,761 [DEBUG] Stopping CanStack
2026-07-30 09:53:44,762 [DEBUG] TxState=IDLE - RxState=IDLE
2026-07-30 09:53:44,763 [DEBUG] Main thread is exiting
2026-07-30 09:53:44,765 [DEBUG] CanStack Stopped
2026-07-30 09:53:44,768 [INFO] Connection closed
2026-07-30 09:53:44,770 [INFO] Running Test Case: TC_ID-822
2026-07-30 09:53:44,771 [DEBUG] Starting CanStack
2026-07-30 09:53:44,773 [DEBUG] Main thread has started
2026-07-30 09:53:44,774 [DEBUG] Relay thread has started
2026-07-30 09:53:44,775 [INFO] Connection opened
2026-07-30 09:53:44,776 [INFO] Switched to physical mode for TC: TC_ID-822 Step: PreCondition: PC_ID-024,PC_ID-023  Testcase:Non-Sleep ECU data Identifier_Read(Default session)
2026-07-30 09:53:44,777 [INFO] TC_ID-822 - PreCondition: PC_ID-024,PC_ID-023  Testcase:Non-Sleep ECU data Identifier_Read(Default session): SID=0x22, Sub=0xED90, Expected=[16, 9, 98, 237, 144, 240, 0, 0, 0, 8, 0, 170, 170, 170, 170, 170]
2026-07-30 09:53:44,870 [INFO] TC_ID-822 - PreCondition: PC_ID-024,PC_ID-023  Testcase:Non-Sleep ECU data Identifier_Read(Default session): Sending request 22ED90
2026-07-30 09:53:44,871 [INFO] TC_ID-822 - PreCondition: PC_ID-024,PC_ID-023  Testcase:Non-Sleep ECU data Identifier_Read(Default session): Sending request 22ED90
2026-07-30 09:53:44,872 [DEBUG] Sending 3 bytes : [22ed90]
2026-07-30 09:53:44,873 [DEBUG] Enqueuing a SendRequest for 3 bytes and TAT=Physical
2026-07-30 09:53:44,875 [DEBUG] Tx: <706> (08) [ ]	 0322ed9000000000
2026-07-30 09:53:44,878 [DEBUG] We've been asked to write a message to the bus
2026-07-30 09:53:44,880 [DEBUG] sending: Timestamp:        0.000000    ID:      706    S Rx     F BS       DL:  8    03 22 ed 90 00 00 00 00
2026-07-30 09:53:44,899 [DEBUG] We've been asked to write a message to the bus
2026-07-30 09:53:44,900 [DEBUG] sending: Timestamp:        0.000000    ID:      706    S Rx     F BS       DL:  8    30 08 0a 00 00 00 00 00
2026-07-30 09:53:44,901 [DEBUG] Rx: <70E> (08) [p]	 100962ed90f00000
2026-07-30 09:53:44,904 [DEBUG] Tx: <706> (08) [ ]	 30080a0000000000
2026-07-30 09:53:44,906 [DEBUG] We've been asked to write a message to the bus
2026-07-30 09:53:44,907 [DEBUG] sending: Timestamp:        0.000000    ID:      706    S Rx     F BS       DL:  8    30 08 0a 00 00 00 00 00
2026-07-30 09:53:44,910 [DEBUG] TxState=IDLE - RxState=WAIT_CF
2026-07-30 09:53:44,914 [DEBUG] Rx: <70E> (08) [p]	 21000000aaaaaaaa
2026-07-30 09:53:44,958 [INFO] TC_ID-822 - Received: 62ED90F00000000000
2026-07-30 09:53:44,959 [WARNING] TC_ID-822 - PreCondition: PC_ID-024,PC_ID-023  Testcase:Non-Sleep ECU data Identifier_Read(Default session) -> ❌ FAIL - Expected 100962ED90F00000000800AAAAAAAAAA
2026-07-30 09:53:44,960 [DEBUG] Stopping CanStack
2026-07-30 09:53:44,961 [DEBUG] TxState=IDLE - RxState=IDLE
2026-07-30 09:53:44,963 [DEBUG] Main thread is exiting
2026-07-30 09:53:44,964 [DEBUG] CanStack Stopped
2026-07-30 09:53:44,967 [INFO] Connection closed
2026-07-30 09:53:44,970 [INFO] Running Test Case: TC_ID-823
2026-07-30 09:53:44,970 [DEBUG] Starting CanStack
2026-07-30 09:53:44,972 [DEBUG] Main thread has started
2026-07-30 09:53:44,973 [DEBUG] Relay thread has started
2026-07-30 09:53:44,974 [INFO] Connection opened
2026-07-30 09:53:44,975 [INFO] Switched to physical mode for TC: TC_ID-823 Step: PreCondition: PC_ID-023  Testcase:Verify SHVU Front Diagnostics CAN request and response ID's
2026-07-30 09:53:44,976 [INFO] TC_ID-823 - PreCondition: PC_ID-023  Testcase:Verify SHVU Front Diagnostics CAN request and response ID's: SID=0x10, Sub=0x01, Expected=[6, 80, 1, 0, 50, 1, 244, 170]
2026-07-30 09:53:45,067 [INFO] TC_ID-823 - PreCondition: PC_ID-023  Testcase:Verify SHVU Front Diagnostics CAN request and response ID's: Sending 1001
2026-07-30 09:53:45,121 [INFO] TC_ID-823 - PreCondition: PC_ID-023  Testcase:Verify SHVU Front Diagnostics CAN request and response ID's: Sending request 1001
2026-07-30 09:53:45,122 [DEBUG] Sending 2 bytes : [1001]
2026-07-30 09:53:45,123 [DEBUG] Enqueuing a SendRequest for 2 bytes and TAT=Physical
2026-07-30 09:53:45,125 [DEBUG] Tx: <706> (08) [ ]	 0210010000000000
2026-07-30 09:53:45,128 [DEBUG] We've been asked to write a message to the bus
2026-07-30 09:53:45,130 [DEBUG] sending: Timestamp:        0.000000    ID:      706    S Rx     F BS       DL:  8    02 10 01 00 00 00 00 00
2026-07-30 09:53:45,149 [INFO] TC_ID-823 - Received: 5001003201F4
2026-07-30 09:53:45,151 [WARNING] TC_ID-823 - PreCondition: PC_ID-023  Testcase:Verify SHVU Front Diagnostics CAN request and response ID's -> FAIL - Unexpected response
2026-07-30 09:53:45,152 [DEBUG] Rx: <70E> (08) [p]	 065001003201f4aa
2026-07-30 09:53:45,153 [DEBUG] Stopping CanStack
2026-07-30 09:53:45,155 [DEBUG] Main thread is exiting
2026-07-30 09:53:45,201 [DEBUG] CanStack Stopped
2026-07-30 09:53:45,202 [INFO] Connection closed
2026-07-30 09:53:45,203 [INFO] Running Test Case: TC_ID-824
2026-07-30 09:53:45,203 [DEBUG] Starting CanStack
2026-07-30 09:53:45,204 [DEBUG] Main thread has started
2026-07-30 09:53:45,206 [DEBUG] Relay thread has started
2026-07-30 09:53:45,208 [INFO] Connection opened
2026-07-30 09:53:45,211 [INFO] Switched to physical mode for TC: TC_ID-824 Step: PreCondition: PC_ID-023  Testcase:Start Default session
2026-07-30 09:53:45,213 [INFO] TC_ID-824 - PreCondition: PC_ID-023  Testcase:Start Default session: SID=0x10, Sub=0x01, Expected=[6, 80, 1, 0, 50, 1, 244, 170]
2026-07-30 09:53:45,289 [INFO] TC_ID-824 - PreCondition: PC_ID-023  Testcase:Start Default session: Sending 1001
2026-07-30 09:53:45,344 [INFO] TC_ID-824 - PreCondition: PC_ID-023  Testcase:Start Default session: Sending request 1001
2026-07-30 09:53:45,345 [DEBUG] Sending 2 bytes : [1001]
2026-07-30 09:53:45,345 [DEBUG] Enqueuing a SendRequest for 2 bytes and TAT=Physical
2026-07-30 09:53:45,346 [DEBUG] Tx: <706> (08) [ ]	 0210010000000000
2026-07-30 09:53:45,347 [DEBUG] We've been asked to write a message to the bus
2026-07-30 09:53:45,347 [DEBUG] sending: Timestamp:        0.000000    ID:      706    S Rx     F BS       DL:  8    02 10 01 00 00 00 00 00
2026-07-30 09:53:45,369 [INFO] TC_ID-824 - Received: 5001003201F4
2026-07-30 09:53:45,371 [DEBUG] Rx: <70E> (08) [p]	 065001003201f4aa
2026-07-30 09:53:45,371 [WARNING] TC_ID-824 - PreCondition: PC_ID-023  Testcase:Start Default session -> FAIL - Unexpected response
2026-07-30 09:53:45,372 [DEBUG] Stopping CanStack
2026-07-30 09:53:45,373 [DEBUG] Main thread is exiting
2026-07-30 09:53:45,421 [DEBUG] CanStack Stopped
2026-07-30 09:53:45,422 [INFO] Connection closed
2026-07-30 09:53:45,422 [INFO] Running Test Case: TC_ID-825
2026-07-30 09:53:45,423 [DEBUG] Starting CanStack
2026-07-30 09:53:45,425 [DEBUG] Main thread has started
2026-07-30 09:53:45,427 [DEBUG] Relay thread has started
2026-07-30 09:53:45,432 [INFO] Connection opened
2026-07-30 09:53:45,432 [INFO] Switched to physical mode for TC: TC_ID-825 Step: PreCondition: PC_ID-023  Testcase:Read DTC Past(19 02 09)
2026-07-30 09:53:45,433 [INFO] TC_ID-825 - PreCondition: PC_ID-023  Testcase:Read DTC Past(19 02 09): SID=0x19, Sub=0x02, Expected=[7, 89, 2, 9, 167, 19, 0, 8]
2026-07-30 09:53:45,509 [INFO] TC_ID-825 - PreCondition: PC_ID-023  Testcase:Read DTC Past(19 02 09): Sending 190209
2026-07-30 09:53:45,510 [INFO] TC_ID-825 - PreCondition: PC_ID-023  Testcase:Read DTC Past(19 02 09): Sending request 190209
2026-07-30 09:53:45,511 [DEBUG] Sending 3 bytes : [190209]
2026-07-30 09:53:45,512 [DEBUG] Enqueuing a SendRequest for 3 bytes and TAT=Physical
2026-07-30 09:53:45,515 [DEBUG] Tx: <706> (08) [ ]	 0319020900000000
2026-07-30 09:53:45,517 [DEBUG] We've been asked to write a message to the bus
2026-07-30 09:53:45,519 [DEBUG] sending: Timestamp:        0.000000    ID:      706    S Rx     F BS       DL:  8    03 19 02 09 00 00 00 00
2026-07-30 09:53:45,532 [DEBUG] Stopping CanStack
2026-07-30 09:53:45,534 [DEBUG] Rx: <70E> (08) [p]	 07590209a7130008
2026-07-30 09:53:45,535 [DEBUG] Main thread is exiting
2026-07-30 09:53:45,582 [DEBUG] CanStack Stopped
2026-07-30 09:53:45,583 [INFO] Connection closed
2026-07-30 09:53:45,583 [INFO] Running Test Case: TC_ID-826
2026-07-30 09:53:45,584 [DEBUG] Starting CanStack
2026-07-30 09:53:45,586 [DEBUG] Main thread has started
2026-07-30 09:53:45,587 [DEBUG] Relay thread has started
2026-07-30 09:53:45,593 [INFO] Connection opened
2026-07-30 09:53:45,594 [INFO] Switched to physical mode for TC: TC_ID-826 Step: PreCondition: PC_ID-024  Testcase:Verify CAN bus off error (19 02 09)
2026-07-30 09:53:45,594 [INFO] TC_ID-826 - PreCondition: PC_ID-024  Testcase:Verify CAN bus off error (19 02 09): SID=0x19, Sub=0x02, Expected=[7, 89, 2, 9, 167, 19, 0, 8]
2026-07-30 09:53:45,673 [INFO] TC_ID-826 - PreCondition: PC_ID-024  Testcase:Verify CAN bus off error (19 02 09): Sending 190209
2026-07-30 09:53:45,674 [INFO] TC_ID-826 - PreCondition: PC_ID-024  Testcase:Verify CAN bus off error (19 02 09): Sending request 190209
2026-07-30 09:53:45,674 [DEBUG] Sending 3 bytes : [190209]
2026-07-30 09:53:45,676 [DEBUG] Enqueuing a SendRequest for 3 bytes and TAT=Physical
2026-07-30 09:53:45,678 [DEBUG] Tx: <706> (08) [ ]	 0319020900000000
2026-07-30 09:53:45,680 [DEBUG] We've been asked to write a message to the bus
2026-07-30 09:53:45,682 [DEBUG] sending: Timestamp:        0.000000    ID:      706    S Rx     F BS       DL:  8    03 19 02 09 00 00 00 00
2026-07-30 09:53:45,698 [DEBUG] Stopping CanStack
2026-07-30 09:53:45,699 [DEBUG] Rx: <70E> (08) [p]	 07590209a7130008
2026-07-30 09:53:45,701 [DEBUG] Main thread is exiting
2026-07-30 09:53:45,749 [DEBUG] CanStack Stopped
2026-07-30 09:53:45,750 [INFO] Connection closed
2026-07-30 09:53:45,750 [INFO] Running Test Case: PC_ID-028
2026-07-30 09:53:45,751 [DEBUG] Starting CanStack
2026-07-30 09:53:45,753 [DEBUG] Main thread has started
2026-07-30 09:53:45,754 [DEBUG] Relay thread has started
2026-07-30 09:53:45,759 [INFO] Connection opened
2026-07-30 09:53:45,760 [INFO] Switched to physical mode for TC: PC_ID-028 Step: Start Programming  session
2026-07-30 09:53:45,761 [INFO] PC_ID-028 - Start Programming  session: SID=0x10, Sub=0x02, Expected=[6, 80, 2, 0, 50, 1, 244, 170]
2026-07-30 09:53:45,834 [INFO] PC_ID-028 - Start Programming  session: Sending 1002
2026-07-30 09:53:45,899 [INFO] PC_ID-028 - Start Programming  session: Sending request 1002
2026-07-30 09:53:45,900 [DEBUG] Sending 2 bytes : [1002]
2026-07-30 09:53:45,901 [DEBUG] Enqueuing a SendRequest for 2 bytes and TAT=Physical
2026-07-30 09:53:45,903 [DEBUG] Tx: <706> (08) [ ]	 0210020000000000
2026-07-30 09:53:45,906 [DEBUG] We've been asked to write a message to the bus
2026-07-30 09:53:45,908 [DEBUG] sending: Timestamp:        0.000000    ID:      706    S Rx     F BS       DL:  8    02 10 02 00 00 00 00 00
2026-07-30 09:53:45,930 [DEBUG] Rx: <70E> (08) [p]	 037f1078aaaaaaaa
2026-07-30 09:53:46,197 [DEBUG] Rx: <70E> (08) [p]	 065002003201f4aa
2026-07-30 09:53:46,197 [INFO] PC_ID-028 - Received: 5002003201F4
2026-07-30 09:53:46,199 [WARNING] PC_ID-028 - Start Programming  session -> FAIL - Unexpected response
2026-07-30 09:53:46,199 [DEBUG] Stopping CanStack
2026-07-30 09:53:46,201 [DEBUG] Main thread is exiting
2026-07-30 09:53:46,247 [DEBUG] CanStack Stopped
2026-07-30 09:53:46,248 [INFO] Connection closed
2026-07-30 09:53:46,249 [INFO] Running Test Case: TC_ID-827
2026-07-30 09:53:46,250 [DEBUG] Starting CanStack
2026-07-30 09:53:46,252 [DEBUG] Main thread has started
2026-07-30 09:53:46,254 [DEBUG] Relay thread has started
2026-07-30 09:53:46,258 [INFO] Connection opened
2026-07-30 09:53:46,259 [INFO] Switched to physical mode for TC: TC_ID-827 Step: PreCondition: PC_ID-028  Testcase:Verify CAN bus off error (19 02 09)
2026-07-30 09:53:46,259 [INFO] TC_ID-827 - PreCondition: PC_ID-028  Testcase:Verify CAN bus off error (19 02 09): SID=0x19, Sub=0x02, Expected=[3, 127, 25, 17, 170, 170, 170]
2026-07-30 09:53:46,341 [INFO] TC_ID-827 - PreCondition: PC_ID-028  Testcase:Verify CAN bus off error (19 02 09): Sending 190209
2026-07-30 09:53:46,341 [INFO] TC_ID-827 - PreCondition: PC_ID-028  Testcase:Verify CAN bus off error (19 02 09): Sending request 190209
2026-07-30 09:53:46,342 [DEBUG] Sending 3 bytes : [190209]
2026-07-30 09:53:46,343 [DEBUG] Enqueuing a SendRequest for 3 bytes and TAT=Physical
2026-07-30 09:53:46,346 [DEBUG] Tx: <706> (08) [ ]	 0319020900000000
2026-07-30 09:53:46,348 [DEBUG] We've been asked to write a message to the bus
2026-07-30 09:53:46,350 [DEBUG] sending: Timestamp:        0.000000    ID:      706    S Rx     F BS       DL:  8    03 19 02 09 00 00 00 00
2026-07-30 09:53:46,358 [DEBUG] Rx: <70E> (08) [p]	 037f1911aaaaaaaa
2026-07-30 09:53:46,359 [DEBUG] Stopping CanStack
2026-07-30 09:53:46,362 [DEBUG] Main thread is exiting
2026-07-30 09:53:46,408 [DEBUG] CanStack Stopped
2026-07-30 09:53:46,409 [INFO] Connection closed
2026-07-30 09:53:46,409 [INFO] Running Test Case: TC_ID-828
2026-07-30 09:53:46,410 [DEBUG] Starting CanStack
2026-07-30 09:53:46,412 [DEBUG] Main thread has started
2026-07-30 09:53:46,413 [DEBUG] Relay thread has started
2026-07-30 09:53:46,418 [INFO] Connection opened
2026-07-30 09:53:46,419 [INFO] Switched to physical mode for TC: TC_ID-828 Step: PreCondition: PC_ID-023  Testcase:Verify report Read DTC in past (19 02 08)
2026-07-30 09:53:46,420 [INFO] TC_ID-828 - PreCondition: PC_ID-023  Testcase:Verify report Read DTC in past (19 02 08): SID=0x19, Sub=0x02, Expected=[3, 89, 2, 8, 170, 170, 170, 170]
2026-07-30 09:53:46,502 [INFO] TC_ID-828 - PreCondition: PC_ID-023  Testcase:Verify report Read DTC in past (19 02 08): Sending 190208
2026-07-30 09:53:46,503 [INFO] TC_ID-828 - PreCondition: PC_ID-023  Testcase:Verify report Read DTC in past (19 02 08): Sending request 190208
2026-07-30 09:53:46,504 [DEBUG] Sending 3 bytes : [190208]
2026-07-30 09:53:46,505 [DEBUG] Enqueuing a SendRequest for 3 bytes and TAT=Physical
2026-07-30 09:53:46,507 [DEBUG] Tx: <706> (08) [ ]	 0319020800000000
2026-07-30 09:53:46,510 [DEBUG] We've been asked to write a message to the bus
2026-07-30 09:53:46,512 [DEBUG] sending: Timestamp:        0.000000    ID:      706    S Rx     F BS       DL:  8    03 19 02 08 00 00 00 00
2026-07-30 09:53:46,527 [DEBUG] Stopping CanStack
2026-07-30 09:53:46,528 [DEBUG] Rx: <70E> (08) [p]	 037f1911aaaaaaaa
2026-07-30 09:53:46,530 [DEBUG] Main thread is exiting
2026-07-30 09:53:46,578 [DEBUG] CanStack Stopped
2026-07-30 09:53:46,579 [INFO] Connection closed
2026-07-30 09:53:46,579 [INFO] Running Test Case: TC_ID-829
2026-07-30 09:53:46,580 [DEBUG] Starting CanStack
2026-07-30 09:53:46,582 [DEBUG] Main thread has started
2026-07-30 09:53:46,583 [DEBUG] Relay thread has started
2026-07-30 09:53:46,589 [INFO] Connection opened
2026-07-30 09:53:46,589 [INFO] Switched to physical mode for TC: TC_ID-829 Step: PreCondition: PC_ID-024  Testcase:Verify report Read DTC in past (19 02 08)
2026-07-30 09:53:46,590 [INFO] TC_ID-829 - PreCondition: PC_ID-024  Testcase:Verify report Read DTC in past (19 02 08): SID=0x19, Sub=0x02, Expected=[3, 89, 2, 8, 170, 170, 170, 170]
2026-07-30 09:53:46,672 [INFO] TC_ID-829 - PreCondition: PC_ID-024  Testcase:Verify report Read DTC in past (19 02 08): Sending 190208
2026-07-30 09:53:46,673 [INFO] TC_ID-829 - PreCondition: PC_ID-024  Testcase:Verify report Read DTC in past (19 02 08): Sending request 190208
2026-07-30 09:53:46,674 [DEBUG] Sending 3 bytes : [190208]
2026-07-30 09:53:46,675 [DEBUG] Enqueuing a SendRequest for 3 bytes and TAT=Physical
2026-07-30 09:53:46,677 [DEBUG] Tx: <706> (08) [ ]	 0319020800000000
2026-07-30 09:53:46,680 [DEBUG] We've been asked to write a message to the bus
2026-07-30 09:53:46,681 [DEBUG] sending: Timestamp:        0.000000    ID:      706    S Rx     F BS       DL:  8    03 19 02 08 00 00 00 00
2026-07-30 09:53:46,687 [DEBUG] Stopping CanStack
2026-07-30 09:53:46,689 [DEBUG] Rx: <70E> (08) [p]	 037f1911aaaaaaaa
2026-07-30 09:53:46,691 [DEBUG] Main thread is exiting
2026-07-30 09:53:46,739 [DEBUG] CanStack Stopped
2026-07-30 09:53:46,740 [INFO] Connection closed
2026-07-30 09:53:46,740 [INFO] Running Test Case: TC_ID-830
2026-07-30 09:53:46,741 [DEBUG] Starting CanStack
2026-07-30 09:53:46,743 [DEBUG] Main thread has started
2026-07-30 09:53:46,746 [DEBUG] Relay thread has started
2026-07-30 09:53:46,749 [INFO] Connection opened
2026-07-30 09:53:46,750 [INFO] Switched to physical mode for TC: TC_ID-830 Step: PreCondition: PC_ID-023  Testcase:Verify NRC-sub function not supported in fault memory (19 05 01)
2026-07-30 09:53:46,751 [INFO] TC_ID-830 - PreCondition: PC_ID-023  Testcase:Verify NRC-sub function not supported in fault memory (19 05 01): SID=0x19, Sub=0x06, Expected=[3, 127, 25, 18, 170, 170, 170, 170]
2026-07-30 09:53:46,843 [INFO] TC_ID-830 - PreCondition: PC_ID-023  Testcase:Verify NRC-sub function not supported in fault memory (19 05 01): Sending 1906
2026-07-30 09:53:46,844 [INFO] TC_ID-830 - PreCondition: PC_ID-023  Testcase:Verify NRC-sub function not supported in fault memory (19 05 01): Sending request 1906
2026-07-30 09:53:46,844 [DEBUG] Sending 2 bytes : [1906]
2026-07-30 09:53:46,846 [DEBUG] Enqueuing a SendRequest for 2 bytes and TAT=Physical
2026-07-30 09:53:46,848 [DEBUG] Tx: <706> (08) [ ]	 0219060000000000
2026-07-30 09:53:46,851 [DEBUG] We've been asked to write a message to the bus
2026-07-30 09:53:46,852 [DEBUG] sending: Timestamp:        0.000000    ID:      706    S Rx     F BS       DL:  8    02 19 06 00 00 00 00 00
2026-07-30 09:53:46,866 [DEBUG] Stopping CanStack
2026-07-30 09:53:46,868 [DEBUG] Rx: <70E> (08) [p]	 037f1911aaaaaaaa
2026-07-30 09:53:46,869 [DEBUG] Main thread is exiting
2026-07-30 09:53:46,918 [DEBUG] CanStack Stopped
2026-07-30 09:53:46,919 [INFO] Connection closed
2026-07-30 09:53:46,920 [INFO] Running Test Case: TC_ID-831
2026-07-30 09:53:46,920 [DEBUG] Starting CanStack
2026-07-30 09:53:46,922 [DEBUG] Main thread has started
2026-07-30 09:53:46,923 [DEBUG] Relay thread has started
2026-07-30 09:53:46,925 [INFO] Connection opened
2026-07-30 09:53:46,927 [INFO] Switched to physical mode for TC: TC_ID-831 Step: PreCondition: PC_ID-023  Testcase:Verify NRC-Incorrect message length in fault memory (19 02 08 01)
2026-07-30 09:53:46,930 [INFO] TC_ID-831 - PreCondition: PC_ID-023  Testcase:Verify NRC-Incorrect message length in fault memory (19 02 08 01): SID=0x19, Sub=0x02, Expected=[3, 127, 25, 19, 170, 170, 170, 170]
2026-07-30 09:53:47,024 [INFO] TC_ID-831 - PreCondition: PC_ID-023  Testcase:Verify NRC-Incorrect message length in fault memory (19 02 08 01): Sending 19020801
2026-07-30 09:53:47,025 [INFO] TC_ID-831 - PreCondition: PC_ID-023  Testcase:Verify NRC-Incorrect message length in fault memory (19 02 08 01): Sending request 19020801
2026-07-30 09:53:47,026 [DEBUG] Sending 4 bytes : [19020801]
2026-07-30 09:53:47,027 [DEBUG] Enqueuing a SendRequest for 4 bytes and TAT=Physical
2026-07-30 09:53:47,029 [DEBUG] Tx: <706> (08) [ ]	 0419020801000000
2026-07-30 09:53:47,032 [DEBUG] We've been asked to write a message to the bus
2026-07-30 09:53:47,033 [DEBUG] sending: Timestamp:        0.000000    ID:      706    S Rx     F BS       DL:  8    04 19 02 08 01 00 00 00
2026-07-30 09:53:47,048 [DEBUG] Stopping CanStack
2026-07-30 09:53:47,051 [DEBUG] Rx: <70E> (08) [p]	 037f1911aaaaaaaa
2026-07-30 09:53:47,052 [DEBUG] Main thread is exiting
2026-07-30 09:53:47,101 [DEBUG] CanStack Stopped
2026-07-30 09:53:47,102 [INFO] Connection closed
2026-07-30 09:53:47,103 [INFO] Running Test Case: TC_ID-832
2026-07-30 09:53:47,103 [DEBUG] Starting CanStack
2026-07-30 09:53:47,105 [DEBUG] Main thread has started
2026-07-30 09:53:47,107 [DEBUG] Relay thread has started
2026-07-30 09:53:47,112 [INFO] Connection opened
2026-07-30 09:53:47,113 [INFO] Switched to physical mode for TC: TC_ID-832 Step: PreCondition: PC_ID-023  Testcase:Verify Clear DTC positive response for all group (14 FF FF FF)
2026-07-30 09:53:47,113 [INFO] TC_ID-832 - PreCondition: PC_ID-023  Testcase:Verify Clear DTC positive response for all group (14 FF FF FF): SID=0x14, Sub=0xFFFFFF, Expected=[1, 84, 170, 170, 170, 170, 170, 170]
2026-07-30 09:53:47,203 [INFO] TC_ID-832 - PreCondition: PC_ID-023  Testcase:Verify Clear DTC positive response for all group (14 FF FF FF): Sending 14FFFFFF
2026-07-30 09:53:47,204 [INFO] TC_ID-832 - PreCondition: PC_ID-023  Testcase:Verify Clear DTC positive response for all group (14 FF FF FF): Sending request 14FFFFFF
2026-07-30 09:53:47,205 [DEBUG] Sending 4 bytes : [14ffffff]
2026-07-30 09:53:47,206 [DEBUG] Enqueuing a SendRequest for 4 bytes and TAT=Physical
2026-07-30 09:53:47,208 [DEBUG] Tx: <706> (08) [ ]	 0414ffffff000000
2026-07-30 09:53:47,211 [DEBUG] We've been asked to write a message to the bus
2026-07-30 09:53:47,213 [DEBUG] sending: Timestamp:        0.000000    ID:      706    S Rx     F BS       DL:  8    04 14 ff ff ff 00 00 00
2026-07-30 09:53:47,228 [DEBUG] Stopping CanStack
2026-07-30 09:53:47,230 [DEBUG] Rx: <70E> (08) [p]	 037f1411aaaaaaaa
2026-07-30 09:53:47,231 [DEBUG] Main thread is exiting
2026-07-30 09:53:47,280 [DEBUG] CanStack Stopped
2026-07-30 09:53:47,281 [INFO] Connection closed
2026-07-30 09:53:47,282 [INFO] Running Test Case: TC_ID-833
2026-07-30 09:53:47,282 [DEBUG] Starting CanStack
2026-07-30 09:53:47,284 [DEBUG] Main thread has started
2026-07-30 09:53:47,286 [DEBUG] Relay thread has started
2026-07-30 09:53:47,291 [INFO] Connection opened
2026-07-30 09:53:47,292 [INFO] Switched to physical mode for TC: TC_ID-833 Step: PreCondition: PC_ID-024  Testcase:Verify Clear DTC positive response for all group (14 FF FF FF)
2026-07-30 09:53:47,292 [INFO] TC_ID-833 - PreCondition: PC_ID-024  Testcase:Verify Clear DTC positive response for all group (14 FF FF FF): SID=0x14, Sub=0xFFFFFF, Expected=[1, 84, 170, 170, 170, 170, 170, 170]
2026-07-30 09:53:47,383 [INFO] TC_ID-833 - PreCondition: PC_ID-024  Testcase:Verify Clear DTC positive response for all group (14 FF FF FF): Sending 14FFFFFF
2026-07-30 09:53:47,383 [INFO] TC_ID-833 - PreCondition: PC_ID-024  Testcase:Verify Clear DTC positive response for all group (14 FF FF FF): Sending request 14FFFFFF
2026-07-30 09:53:47,384 [DEBUG] Sending 4 bytes : [14ffffff]
2026-07-30 09:53:47,386 [DEBUG] Enqueuing a SendRequest for 4 bytes and TAT=Physical
2026-07-30 09:53:47,388 [DEBUG] Tx: <706> (08) [ ]	 0414ffffff000000
2026-07-30 09:53:47,391 [DEBUG] We've been asked to write a message to the bus
2026-07-30 09:53:47,392 [DEBUG] sending: Timestamp:        0.000000    ID:      706    S Rx     F BS       DL:  8    04 14 ff ff ff 00 00 00
2026-07-30 09:53:47,407 [DEBUG] Stopping CanStack
2026-07-30 09:53:47,409 [DEBUG] Rx: <70E> (08) [p]	 037f1411aaaaaaaa
2026-07-30 09:53:47,411 [DEBUG] Main thread is exiting
2026-07-30 09:53:47,459 [DEBUG] CanStack Stopped
2026-07-30 09:53:47,460 [INFO] Connection closed
2026-07-30 09:53:47,461 [INFO] Running Test Case: TC_ID-834
2026-07-30 09:53:47,462 [DEBUG] Starting CanStack
2026-07-30 09:53:47,464 [DEBUG] Main thread has started
2026-07-30 09:53:47,465 [DEBUG] Relay thread has started
2026-07-30 09:53:47,470 [INFO] Connection opened
2026-07-30 09:53:47,471 [INFO] Switched to physical mode for TC: TC_ID-834 Step: PreCondition: PC_ID-023  Testcase:Verify NRC- incorrect message length in Clear Diagnostic information (14 FF FF FF FF)
2026-07-30 09:53:47,472 [INFO] TC_ID-834 - PreCondition: PC_ID-023  Testcase:Verify NRC- incorrect message length in Clear Diagnostic information (14 FF FF FF FF): SID=0x14, Sub=0xFFFFFFFF, Expected=[3, 127, 20, 19, 170, 170, 170, 170]
2026-07-30 09:53:47,573 [INFO] TC_ID-834 - PreCondition: PC_ID-023  Testcase:Verify NRC- incorrect message length in Clear Diagnostic information (14 FF FF FF FF): Sending 14FFFFFFFF
2026-07-30 09:53:47,573 [INFO] TC_ID-834 - PreCondition: PC_ID-023  Testcase:Verify NRC- incorrect message length in Clear Diagnostic information (14 FF FF FF FF): Sending request 14FFFFFFFF
2026-07-30 09:53:47,574 [DEBUG] Sending 5 bytes : [14ffffffff]
2026-07-30 09:53:47,575 [DEBUG] Enqueuing a SendRequest for 5 bytes and TAT=Physical
2026-07-30 09:53:47,577 [DEBUG] Tx: <706> (08) [ ]	 0514ffffffff0000
2026-07-30 09:53:47,580 [DEBUG] We've been asked to write a message to the bus
2026-07-30 09:53:47,582 [DEBUG] sending: Timestamp:        0.000000    ID:      706    S Rx     F BS       DL:  8    05 14 ff ff ff ff 00 00
2026-07-30 09:53:47,598 [DEBUG] Stopping CanStack
2026-07-30 09:53:47,600 [DEBUG] Rx: <70E> (08) [p]	 037f1411aaaaaaaa
2026-07-30 09:53:47,601 [DEBUG] Main thread is exiting
2026-07-30 09:53:47,650 [DEBUG] CanStack Stopped
2026-07-30 09:53:47,651 [INFO] Connection closed
2026-07-30 09:53:47,652 [INFO] Running Test Case: TC_ID-835
2026-07-30 09:53:47,652 [DEBUG] Starting CanStack
2026-07-30 09:53:47,654 [DEBUG] Main thread has started
2026-07-30 09:53:47,655 [DEBUG] Relay thread has started
2026-07-30 09:53:47,660 [INFO] Connection opened
2026-07-30 09:53:47,662 [INFO] Switched to physical mode for TC: TC_ID-835 Step: PreCondition: PC_ID-024  Testcase:Verify positive response for Security Seed Request (27 11)
2026-07-30 09:53:47,662 [INFO] TC_ID-835 - PreCondition: PC_ID-024  Testcase:Verify positive response for Security Seed Request (27 11): SID=0x27, Sub=0x11, Expected=[16, 10, 103, 17, 16, 38, 67, 122, 19, 110, 83, 10]
2026-07-30 09:53:47,752 [INFO] TC_ID-835 - PreCondition: PC_ID-024  Testcase:Verify positive response for Security Seed Request (27 11): Sending request 2711
2026-07-30 09:53:47,753 [DEBUG] Sending 2 bytes : [2711]
2026-07-30 09:53:47,754 [DEBUG] Enqueuing a SendRequest for 2 bytes and TAT=Physical
2026-07-30 09:53:47,756 [DEBUG] Tx: <706> (08) [ ]	 0227110000000000
2026-07-30 09:53:47,758 [DEBUG] We've been asked to write a message to the bus
2026-07-30 09:53:47,760 [DEBUG] sending: Timestamp:        0.000000    ID:      706    S Rx     F BS       DL:  8    02 27 11 00 00 00 00 00
2026-07-30 09:53:47,778 [DEBUG] We've been asked to write a message to the bus
2026-07-30 09:53:47,779 [DEBUG] Rx: <70E> (08) [p]	 100a6711c30cb1f1
2026-07-30 09:53:47,780 [DEBUG] sending: Timestamp:        0.000000    ID:      706    S Rx     F BS       DL:  8    30 08 0a 00 00 00 00 00
2026-07-30 09:53:47,781 [DEBUG] Tx: <706> (08) [ ]	 30080a0000000000
2026-07-30 09:53:47,783 [DEBUG] We've been asked to write a message to the bus
2026-07-30 09:53:47,785 [DEBUG] sending: Timestamp:        0.000000    ID:      706    S Rx     F BS       DL:  8    30 08 0a 00 00 00 00 00
2026-07-30 09:53:47,789 [DEBUG] TC_ID-835 PreCondition: PC_ID-024  Testcase:Verify positive response for Security Seed Request (27 11) -> Received payload: [103, 17, 195, 12, 177, 241, 54, 176, 203, 253]
2026-07-30 09:53:47,790 [DEBUG] TxState=IDLE - RxState=WAIT_CF
2026-07-30 09:53:47,792 [INFO] Received Seed (subfunc 0x11): c30cb1f136b0cbfd
2026-07-30 09:53:47,797 [DEBUG] Rx: <70E> (08) [p]	 2136b0cbfdaaaaaa
2026-07-30 09:53:47,848 [DEBUG] TxState=IDLE - RxState=IDLE
2026-07-30 09:53:48,298 [INFO] Attempt 1: Sending seed to PC...
2026-07-30 09:53:48,396 [INFO] Received Key (for subfunc 0x12): b']\xc1\x8e\xd3/\x81\xe9&'
2026-07-30 09:53:48,397 [DEBUG] Stopping CanStack
2026-07-30 09:53:48,398 [DEBUG] Main thread is exiting
2026-07-30 09:53:48,441 [DEBUG] CanStack Stopped
2026-07-30 09:53:48,441 [INFO] Connection closed
2026-07-30 09:53:48,442 [INFO] Running Test Case: TC_ID-836
2026-07-30 09:53:48,443 [DEBUG] Starting CanStack
2026-07-30 09:53:48,444 [DEBUG] Main thread has started
2026-07-30 09:53:48,444 [DEBUG] Relay thread has started
2026-07-30 09:53:48,446 [INFO] Connection opened
2026-07-30 09:53:48,446 [INFO] Switched to physical mode for TC: TC_ID-836 Step: PreCondition: PC_ID-023,PC_ID-024  Testcase:Verify positive response for Security Seed Request (27 11)
2026-07-30 09:53:48,447 [INFO] TC_ID-836 - PreCondition: PC_ID-023,PC_ID-024  Testcase:Verify positive response for Security Seed Request (27 11): SID=0x27, Sub=0x11, Expected=[16, 10, 103, 17, 18, 95, 123, 140, 97, 250, 222, 3]
2026-07-30 09:53:48,540 [INFO] TC_ID-836 - PreCondition: PC_ID-023,PC_ID-024  Testcase:Verify positive response for Security Seed Request (27 11): Sending request 2711
2026-07-30 09:53:48,541 [DEBUG] Sending 2 bytes : [2711]
2026-07-30 09:53:48,542 [DEBUG] Enqueuing a SendRequest for 2 bytes and TAT=Physical
2026-07-30 09:53:48,544 [DEBUG] Tx: <706> (08) [ ]	 0227110000000000
2026-07-30 09:53:48,546 [DEBUG] We've been asked to write a message to the bus
2026-07-30 09:53:48,548 [DEBUG] sending: Timestamp:        0.000000    ID:      706    S Rx     F BS       DL:  8    02 27 11 00 00 00 00 00
2026-07-30 09:53:48,567 [DEBUG] We've been asked to write a message to the bus
2026-07-30 09:53:48,569 [DEBUG] sending: Timestamp:        0.000000    ID:      706    S Rx     F BS       DL:  8    30 08 0a 00 00 00 00 00
2026-07-30 09:53:48,570 [DEBUG] Rx: <70E> (08) [p]	 100a671101d7a5af
2026-07-30 09:53:48,573 [DEBUG] Tx: <706> (08) [ ]	 30080a0000000000
2026-07-30 09:53:48,574 [DEBUG] We've been asked to write a message to the bus
2026-07-30 09:53:48,575 [DEBUG] sending: Timestamp:        0.000000    ID:      706    S Rx     F BS       DL:  8    30 08 0a 00 00 00 00 00
2026-07-30 09:53:48,577 [DEBUG] TC_ID-836 PreCondition: PC_ID-023,PC_ID-024  Testcase:Verify positive response for Security Seed Request (27 11) -> Received payload: [103, 17, 1, 215, 165, 175, 67, 60, 241, 81]
2026-07-30 09:53:48,582 [DEBUG] TxState=IDLE - RxState=WAIT_CF
2026-07-30 09:53:48,585 [INFO] Received Seed (subfunc 0x11): 01d7a5af433cf151
2026-07-30 09:53:48,586 [DEBUG] Rx: <70E> (08) [p]	 21433cf151aaaaaa
2026-07-30 09:53:48,638 [DEBUG] TxState=IDLE - RxState=IDLE
2026-07-30 09:53:49,087 [INFO] Attempt 1: Sending seed to PC...
2026-07-30 09:53:49,153 [INFO] Received Key (for subfunc 0x12): b'\x16\x12\xae\x15\xf0!\xef\xf1'
2026-07-30 09:53:49,154 [DEBUG] Stopping CanStack
2026-07-30 09:53:49,155 [DEBUG] Main thread is exiting
2026-07-30 09:53:49,186 [DEBUG] CanStack Stopped
2026-07-30 09:53:49,187 [INFO] Connection closed
2026-07-30 09:53:49,188 [INFO] Running Test Case: TC_ID-837
2026-07-30 09:53:49,189 [DEBUG] Starting CanStack
2026-07-30 09:53:49,190 [DEBUG] Main thread has started
2026-07-30 09:53:49,191 [DEBUG] Relay thread has started
2026-07-30 09:53:49,193 [INFO] Connection opened
2026-07-30 09:53:49,195 [INFO] Switched to physical mode for TC: TC_ID-837 Step: PreCondition: PC_ID-024,PC_ID-023  Testcase:Verify the 7F negative response code Service not supported in active session (27 11)
2026-07-30 09:53:49,195 [INFO] TC_ID-837 - PreCondition: PC_ID-024,PC_ID-023  Testcase:Verify the 7F negative response code Service not supported in active session (27 11): SID=0x27, Sub=0x11, Expected=[3, 127, 39, 127, 170, 170, 170, 170]
2026-07-30 09:53:49,303 [INFO] TC_ID-837 - PreCondition: PC_ID-024,PC_ID-023  Testcase:Verify the 7F negative response code Service not supported in active session (27 11): Sending request 2711
2026-07-30 09:53:49,304 [DEBUG] Sending 2 bytes : [2711]
2026-07-30 09:53:49,305 [DEBUG] Enqueuing a SendRequest for 2 bytes and TAT=Physical
2026-07-30 09:53:49,308 [DEBUG] Tx: <706> (08) [ ]	 0227110000000000
2026-07-30 09:53:49,311 [DEBUG] We've been asked to write a message to the bus
2026-07-30 09:53:49,314 [DEBUG] sending: Timestamp:        0.000000    ID:      706    S Rx     F BS       DL:  8    02 27 11 00 00 00 00 00
2026-07-30 09:53:49,340 [DEBUG] We've been asked to write a message to the bus
2026-07-30 09:53:49,342 [DEBUG] Rx: <70E> (08) [p]	 100a671124358359
2026-07-30 09:53:49,343 [DEBUG] sending: Timestamp:        0.000000    ID:      706    S Rx     F BS       DL:  8    30 08 0a 00 00 00 00 00
2026-07-30 09:53:49,344 [DEBUG] Tx: <706> (08) [ ]	 30080a0000000000
2026-07-30 09:53:49,345 [DEBUG] We've been asked to write a message to the bus
2026-07-30 09:53:49,347 [DEBUG] sending: Timestamp:        0.000000    ID:      706    S Rx     F BS       DL:  8    30 08 0a 00 00 00 00 00
2026-07-30 09:53:49,349 [DEBUG] TxState=IDLE - RxState=WAIT_CF
2026-07-30 09:53:49,352 [DEBUG] TC_ID-837 PreCondition: PC_ID-024,PC_ID-023  Testcase:Verify the 7F negative response code Service not supported in active session (27 11) -> Received payload: [103, 17, 36, 53, 131, 89, 164, 204, 223, 45]
2026-07-30 09:53:49,354 [INFO] Received Seed (subfunc 0x11): 24358359a4ccdf2d
2026-07-30 09:53:49,355 [DEBUG] Rx: <70E> (08) [p]	 21a4ccdf2daaaaaa
2026-07-30 09:53:49,407 [DEBUG] TxState=IDLE - RxState=IDLE
2026-07-30 09:53:49,856 [INFO] Attempt 1: Sending seed to PC...
2026-07-30 09:53:50,032 [INFO] Received Key (for subfunc 0x12): b'b\x1b\x8b\xc3bo@\xed'
2026-07-30 09:53:50,033 [DEBUG] Stopping CanStack
2026-07-30 09:53:50,034 [DEBUG] Main thread is exiting
2026-07-30 09:53:50,057 [DEBUG] CanStack Stopped
2026-07-30 09:53:50,058 [INFO] Connection closed
2026-07-30 09:53:50,060 [INFO] Running Test Case: TC_ID-838
2026-07-30 09:53:50,063 [DEBUG] Starting CanStack
2026-07-30 09:53:50,065 [DEBUG] Main thread has started
2026-07-30 09:53:50,066 [DEBUG] Relay thread has started
2026-07-30 09:53:50,067 [INFO] Connection opened
2026-07-30 09:53:50,068 [INFO] Switched to physical mode for TC: TC_ID-838 Step: PreCondition: PC_ID-023,PC_ID-024  Testcase:Verify the 12 negative response code request sequence error (27 22)
2026-07-30 09:53:50,069 [INFO] TC_ID-838 - PreCondition: PC_ID-023,PC_ID-024  Testcase:Verify the 12 negative response code request sequence error (27 22): SID=0x27, Sub=0x22, Expected=[3, 127, 39, 18, 170, 170, 170, 170]
2026-07-30 09:53:50,169 [INFO] No key available for subfunction 0x22. Ensure seed request precedes key send. aaaaaaa
2026-07-30 09:53:50,170 [INFO] TC_ID-838 - PreCondition: PC_ID-023,PC_ID-024  Testcase:Verify the 12 negative response code request sequence error (27 22): Sending request 2722
2026-07-30 09:53:50,171 [DEBUG] Sending 2 bytes : [2722]
2026-07-30 09:53:50,172 [DEBUG] Enqueuing a SendRequest for 2 bytes and TAT=Physical
2026-07-30 09:53:50,173 [DEBUG] Tx: <706> (08) [ ]	 0227220000000000
2026-07-30 09:53:50,176 [DEBUG] We've been asked to write a message to the bus
2026-07-30 09:53:50,179 [DEBUG] sending: Timestamp:        0.000000    ID:      706    S Rx     F BS       DL:  8    02 27 22 00 00 00 00 00
2026-07-30 09:53:50,188 [DEBUG] Rx: <70E> (08) [p]	 037f2712aaaaaaaa
2026-07-30 09:53:50,189 [DEBUG] TC_ID-838 PreCondition: PC_ID-023,PC_ID-024  Testcase:Verify the 12 negative response code request sequence error (27 22) -> Received payload: [127, 39, 18]
2026-07-30 09:53:50,194 [WARNING] TC_ID-838 PreCondition: PC_ID-023,PC_ID-024  Testcase:Verify the 12 negative response code request sequence error (27 22) -> FAIL - NRC (key): [127, 39, 18]
2026-07-30 09:53:50,195 [DEBUG] Stopping CanStack
2026-07-30 09:53:50,196 [DEBUG] Main thread is exiting
2026-07-30 09:53:50,238 [DEBUG] CanStack Stopped
2026-07-30 09:53:50,239 [INFO] Connection closed
2026-07-30 09:53:50,240 [ERROR] ----------------------------------TC_ID-838 PreCondition: PC_ID-023,PC_ID-024  Testcase:Verify the 12 negative response code request sequence error (27 22) -> EXCEPTION - NRC (key): [127, 39, 18]----------------------------------
2026-07-30 09:53:50,240 [INFO] Running Test Case: TC_ID-839
2026-07-30 09:53:50,241 [DEBUG] Starting CanStack
2026-07-30 09:53:50,243 [DEBUG] Main thread has started
2026-07-30 09:53:50,245 [DEBUG] Relay thread has started
2026-07-30 09:53:50,250 [INFO] Connection opened
2026-07-30 09:53:50,250 [INFO] Switched to physical mode for TC: TC_ID-839 Step: PreCondition: PC_ID-023,PC_ID-024  Testcase:Verify the 13 negative response code Incorrect message length (27 11 11)
2026-07-30 09:53:50,251 [INFO] TC_ID-839 - PreCondition: PC_ID-023,PC_ID-024  Testcase:Verify the 13 negative response code Incorrect message length (27 11 11): SID=0x27, Sub=0x1111, Expected=[3, 127, 39, 19, 170, 170, 170, 170]
2026-07-30 09:53:50,352 [DEBUG] Stopping CanStack
2026-07-30 09:53:50,354 [DEBUG] Main thread is exiting
2026-07-30 09:53:50,364 [DEBUG] CanStack Stopped
2026-07-30 09:53:50,365 [INFO] Connection closed
2026-07-30 09:53:50,366 [ERROR] ----------------------------------TC_ID-839 PreCondition: PC_ID-023,PC_ID-024  Testcase:Verify the 13 negative response code Incorrect message length (27 11 11) -> EXCEPTION - bytes must be in range(0, 256)----------------------------------
2026-07-30 09:53:50,368 [INFO] Running Test Case: TC_ID-840
2026-07-30 09:53:50,368 [DEBUG] Starting CanStack
2026-07-30 09:53:50,370 [DEBUG] Main thread has started
2026-07-30 09:53:50,372 [DEBUG] Relay thread has started
2026-07-30 09:53:50,375 [INFO] Connection opened
2026-07-30 09:53:50,378 [INFO] Switched to physical mode for TC: TC_ID-840 Step: PreCondition: PC_ID-023,PC_ID-024  Testcase:Verify the 35 negative response code Invalid key (27 12)
2026-07-30 09:53:50,379 [INFO] TC_ID-840 - PreCondition: PC_ID-023,PC_ID-024  Testcase:Verify the 35 negative response code Invalid key (27 12): SID=0x27, Sub=0x12, Expected=[3, 127, 39, 53, 170, 170, 170, 170]
2026-07-30 09:53:50,471 [INFO] TC_ID-840 - PreCondition: PC_ID-023,PC_ID-024  Testcase:Verify the 35 negative response code Invalid key (27 12): Sending request 2712621B8BC3626F40ED
2026-07-30 09:53:50,472 [DEBUG] Sending 10 bytes : [2712621b8bc3626f40ed]
2026-07-30 09:53:50,474 [DEBUG] Enqueuing a SendRequest for 10 bytes and TAT=Physical
2026-07-30 09:53:50,475 [DEBUG] Tx: <706> (08) [ ]	 100a2712621b8bc3
2026-07-30 09:53:50,477 [DEBUG] We've been asked to write a message to the bus
2026-07-30 09:53:50,479 [DEBUG] sending: Timestamp:        0.000000    ID:      706    S Rx     F BS       DL:  8    10 0a 27 12 62 1b 8b c3
2026-07-30 09:53:50,482 [DEBUG] TxState=WAIT_FC - RxState=IDLE
2026-07-30 09:53:50,485 [DEBUG] Rx: <70E> (08) [p]	 300005aaaaaaaaaa
2026-07-30 09:53:50,487 [DEBUG] TxState=TRANSMIT_CF - RxState=IDLE
2026-07-30 09:53:50,494 [DEBUG] Tx: <706> (08) [ ]	 21626f40ed000000
2026-07-30 09:53:50,497 [DEBUG] We've been asked to write a message to the bus
2026-07-30 09:53:50,498 [DEBUG] sending: Timestamp:        0.000000    ID:      706    S Rx     F BS       DL:  8    21 62 6f 40 ed 00 00 00
2026-07-30 09:53:50,499 [DEBUG] TxState=IDLE - RxState=IDLE
2026-07-30 09:53:50,517 [DEBUG] Rx: <70E> (08) [p]	 026712aaaaaaaaaa
2026-07-30 09:53:50,518 [DEBUG] TC_ID-840 PreCondition: PC_ID-023,PC_ID-024  Testcase:Verify the 35 negative response code Invalid key (27 12) -> Received payload: [103, 18]
2026-07-30 09:53:50,520 [DEBUG] Stopping CanStack
2026-07-30 09:53:50,521 [DEBUG] Main thread is exiting
2026-07-30 09:53:50,568 [DEBUG] CanStack Stopped
2026-07-30 09:53:50,569 [INFO] Connection closed
2026-07-30 09:53:50,569 [INFO] Running Test Case: TC_ID-841
2026-07-30 09:53:50,570 [DEBUG] Starting CanStack
2026-07-30 09:53:50,571 [DEBUG] Main thread has started
2026-07-30 09:53:50,573 [DEBUG] Relay thread has started
2026-07-30 09:53:50,576 [INFO] Connection opened
2026-07-30 09:53:50,579 [INFO] Switched to physical mode for TC: TC_ID-841 Step: PreCondition: PC_ID-023,PC_ID-024  Testcase:Verify the 36 negative response code Exceed no of attempts (27 12)
2026-07-30 09:53:50,580 [INFO] TC_ID-841 - PreCondition: PC_ID-023,PC_ID-024  Testcase:Verify the 36 negative response code Exceed no of attempts (27 12): SID=0x27, Sub=0x12, Expected=[3, 127, 39, 54, 170, 170, 170, 170]
2026-07-30 09:53:50,677 [INFO] TC_ID-841 - PreCondition: PC_ID-023,PC_ID-024  Testcase:Verify the 36 negative response code Exceed no of attempts (27 12): Sending request 2712621B8BC3626F40ED
2026-07-30 09:53:50,678 [DEBUG] Sending 10 bytes : [2712621b8bc3626f40ed]
2026-07-30 09:53:50,679 [DEBUG] Enqueuing a SendRequest for 10 bytes and TAT=Physical
2026-07-30 09:53:50,681 [DEBUG] Tx: <706> (08) [ ]	 100a2712621b8bc3
2026-07-30 09:53:50,684 [DEBUG] We've been asked to write a message to the bus
2026-07-30 09:53:50,687 [DEBUG] sending: Timestamp:        0.000000    ID:      706    S Rx     F BS       DL:  8    10 0a 27 12 62 1b 8b c3
2026-07-30 09:53:50,688 [DEBUG] TxState=WAIT_FC - RxState=IDLE
2026-07-30 09:53:50,693 [DEBUG] Rx: <70E> (08) [p]	 300005aaaaaaaaaa
2026-07-30 09:53:50,694 [DEBUG] TxState=TRANSMIT_CF - RxState=IDLE
2026-07-30 09:53:50,700 [DEBUG] Tx: <706> (08) [ ]	 21626f40ed000000
2026-07-30 09:53:50,703 [DEBUG] We've been asked to write a message to the bus
2026-07-30 09:53:50,704 [DEBUG] sending: Timestamp:        0.000000    ID:      706    S Rx     F BS       DL:  8    21 62 6f 40 ed 00 00 00
2026-07-30 09:53:50,705 [DEBUG] TxState=IDLE - RxState=IDLE
2026-07-30 09:53:50,727 [DEBUG] Rx: <70E> (08) [p]	 037f2724aaaaaaaa
2026-07-30 09:53:50,728 [DEBUG] TC_ID-841 PreCondition: PC_ID-023,PC_ID-024  Testcase:Verify the 36 negative response code Exceed no of attempts (27 12) -> Received payload: [127, 39, 36]
2026-07-30 09:53:50,730 [WARNING] TC_ID-841 PreCondition: PC_ID-023,PC_ID-024  Testcase:Verify the 36 negative response code Exceed no of attempts (27 12) -> FAIL - NRC (key): [127, 39, 36]
2026-07-30 09:53:50,731 [DEBUG] Stopping CanStack
2026-07-30 09:53:50,733 [DEBUG] Main thread is exiting
2026-07-30 09:53:50,777 [DEBUG] CanStack Stopped
2026-07-30 09:53:50,778 [INFO] Connection closed
2026-07-30 09:53:50,779 [ERROR] ----------------------------------TC_ID-841 PreCondition: PC_ID-023,PC_ID-024  Testcase:Verify the 36 negative response code Exceed no of attempts (27 12) -> EXCEPTION - NRC (key): [127, 39, 36]----------------------------------
2026-07-30 09:53:50,779 [INFO] Running Test Case: TC_ID-842
2026-07-30 09:53:50,780 [DEBUG] Starting CanStack
2026-07-30 09:53:50,781 [DEBUG] Main thread has started
2026-07-30 09:53:50,782 [DEBUG] Relay thread has started
2026-07-30 09:53:50,783 [INFO] Connection opened
2026-07-30 09:53:50,783 [INFO] Switched to physical mode for TC: TC_ID-842 Step: PreCondition: PC_ID-023,PC_ID-024  Testcase:Verify the 37 negative response code Required time delay (27 12)
2026-07-30 09:53:50,784 [INFO] TC_ID-842 - PreCondition: PC_ID-023,PC_ID-024  Testcase:Verify the 37 negative response code Required time delay (27 12): SID=0x27, Sub=0x12, Expected=[3, 127, 39, 55, 170, 170, 170, 170]
2026-07-30 09:53:50,881 [INFO] TC_ID-842 - PreCondition: PC_ID-023,PC_ID-024  Testcase:Verify the 37 negative response code Required time delay (27 12): Sending request 2712621B8BC3626F40ED
2026-07-30 09:53:50,882 [DEBUG] Sending 10 bytes : [2712621b8bc3626f40ed]
2026-07-30 09:53:50,884 [DEBUG] Enqueuing a SendRequest for 10 bytes and TAT=Physical
2026-07-30 09:53:50,886 [DEBUG] Tx: <706> (08) [ ]	 100a2712621b8bc3
2026-07-30 09:53:50,887 [DEBUG] We've been asked to write a message to the bus
2026-07-30 09:53:50,890 [DEBUG] sending: Timestamp:        0.000000    ID:      706    S Rx     F BS       DL:  8    10 0a 27 12 62 1b 8b c3
2026-07-30 09:53:50,894 [DEBUG] TxState=WAIT_FC - RxState=IDLE
2026-07-30 09:53:50,898 [DEBUG] Rx: <70E> (08) [p]	 300005aaaaaaaaaa
2026-07-30 09:53:50,900 [DEBUG] TxState=TRANSMIT_CF - RxState=IDLE
2026-07-30 09:53:50,906 [DEBUG] Tx: <706> (08) [ ]	 21626f40ed000000
2026-07-30 09:53:50,909 [DEBUG] We've been asked to write a message to the bus
2026-07-30 09:53:50,912 [DEBUG] sending: Timestamp:        0.000000    ID:      706    S Rx     F BS       DL:  8    21 62 6f 40 ed 00 00 00
2026-07-30 09:53:50,914 [DEBUG] TxState=IDLE - RxState=IDLE
2026-07-30 09:53:50,937 [DEBUG] TC_ID-842 PreCondition: PC_ID-023,PC_ID-024  Testcase:Verify the 37 negative response code Required time delay (27 12) -> Received payload: [127, 39, 36]
2026-07-30 09:53:50,940 [WARNING] TC_ID-842 PreCondition: PC_ID-023,PC_ID-024  Testcase:Verify the 37 negative response code Required time delay (27 12) -> FAIL - NRC (key): [127, 39, 36]
2026-07-30 09:53:50,940 [DEBUG] Rx: <70E> (08) [p]	 037f2724aaaaaaaa
2026-07-30 09:53:50,941 [DEBUG] Stopping CanStack
2026-07-30 09:53:50,943 [DEBUG] Main thread is exiting
2026-07-30 09:53:50,990 [DEBUG] CanStack Stopped
2026-07-30 09:53:50,991 [INFO] Connection closed
2026-07-30 09:53:50,991 [ERROR] ----------------------------------TC_ID-842 PreCondition: PC_ID-023,PC_ID-024  Testcase:Verify the 37 negative response code Required time delay (27 12) -> EXCEPTION - NRC (key): [127, 39, 36]----------------------------------
2026-07-30 09:53:50,992 [INFO] Running Test Case: TC_ID-843
2026-07-30 09:53:50,993 [DEBUG] Starting CanStack
2026-07-30 09:53:50,995 [DEBUG] Main thread has started
2026-07-30 09:53:50,997 [DEBUG] Relay thread has started
2026-07-30 09:53:51,001 [INFO] Connection opened
2026-07-30 09:53:51,002 [INFO] Switched to physical mode for TC: TC_ID-843 Step: PreCondition: PC_ID-023,PC_ID-024  Testcase:Verify the 24 negative response code Request Sequence error (27 12)
2026-07-30 09:53:51,003 [INFO] TC_ID-843 - PreCondition: PC_ID-023,PC_ID-024  Testcase:Verify the 24 negative response code Request Sequence error (27 12): SID=0x27, Sub=0x12, Expected=[3, 127, 39, 36, 170, 170, 170, 170]
2026-07-30 09:53:51,102 [INFO] TC_ID-843 - PreCondition: PC_ID-023,PC_ID-024  Testcase:Verify the 24 negative response code Request Sequence error (27 12): Sending request 2712621B8BC3626F40ED
2026-07-30 09:53:51,103 [DEBUG] Sending 10 bytes : [2712621b8bc3626f40ed]
2026-07-30 09:53:51,103 [DEBUG] Enqueuing a SendRequest for 10 bytes and TAT=Physical
2026-07-30 09:53:51,105 [DEBUG] Tx: <706> (08) [ ]	 100a2712621b8bc3
2026-07-30 09:53:51,106 [DEBUG] We've been asked to write a message to the bus
2026-07-30 09:53:51,109 [DEBUG] sending: Timestamp:        0.000000    ID:      706    S Rx     F BS       DL:  8    10 0a 27 12 62 1b 8b c3
2026-07-30 09:53:51,112 [DEBUG] TxState=WAIT_FC - RxState=IDLE
2026-07-30 09:53:51,115 [DEBUG] Rx: <70E> (08) [p]	 300005aaaaaaaaaa
2026-07-30 09:53:51,117 [DEBUG] TxState=TRANSMIT_CF - RxState=IDLE
2026-07-30 09:53:51,123 [DEBUG] Tx: <706> (08) [ ]	 21626f40ed000000
2026-07-30 09:53:51,126 [DEBUG] We've been asked to write a message to the bus
2026-07-30 09:53:51,128 [DEBUG] sending: Timestamp:        0.000000    ID:      706    S Rx     F BS       DL:  8    21 62 6f 40 ed 00 00 00
2026-07-30 09:53:51,129 [DEBUG] TxState=IDLE - RxState=IDLE
2026-07-30 09:53:51,148 [DEBUG] Rx: <70E> (08) [p]	 037f2724aaaaaaaa
2026-07-30 09:53:51,149 [DEBUG] TC_ID-843 PreCondition: PC_ID-023,PC_ID-024  Testcase:Verify the 24 negative response code Request Sequence error (27 12) -> Received payload: [127, 39, 36]
2026-07-30 09:53:51,150 [WARNING] TC_ID-843 PreCondition: PC_ID-023,PC_ID-024  Testcase:Verify the 24 negative response code Request Sequence error (27 12) -> FAIL - NRC (key): [127, 39, 36]
2026-07-30 09:53:51,151 [DEBUG] Stopping CanStack
2026-07-30 09:53:51,152 [DEBUG] Main thread is exiting
2026-07-30 09:53:51,198 [DEBUG] CanStack Stopped
2026-07-30 09:53:51,198 [INFO] Connection closed
2026-07-30 09:53:51,199 [ERROR] ----------------------------------TC_ID-843 PreCondition: PC_ID-023,PC_ID-024  Testcase:Verify the 24 negative response code Request Sequence error (27 12) -> EXCEPTION - NRC (key): [127, 39, 36]----------------------------------
2026-07-30 09:53:51,200 [INFO] Running Test Case: TC_ID-844
2026-07-30 09:53:51,200 [DEBUG] Starting CanStack
2026-07-30 09:53:51,202 [DEBUG] Main thread has started
2026-07-30 09:53:51,204 [DEBUG] Relay thread has started
2026-07-30 09:53:51,209 [INFO] Connection opened
2026-07-30 09:53:51,210 [INFO] Switched to physical mode for TC: TC_ID-844 Step: PreCondition: PC_ID-024,PC_ID-023  Testcase:Verify the 7F negative response code Service not supported in active session (27 11)
2026-07-30 09:53:51,211 [INFO] TC_ID-844 - PreCondition: PC_ID-024,PC_ID-023  Testcase:Verify the 7F negative response code Service not supported in active session (27 11): SID=0x27, Sub=0x11, Expected=[3, 127, 39, 127, 170, 170, 170, 170]
2026-07-30 09:53:51,317 [INFO] TC_ID-844 - PreCondition: PC_ID-024,PC_ID-023  Testcase:Verify the 7F negative response code Service not supported in active session (27 11): Sending request 2711
2026-07-30 09:53:51,318 [DEBUG] Sending 2 bytes : [2711]
2026-07-30 09:53:51,319 [DEBUG] Enqueuing a SendRequest for 2 bytes and TAT=Physical
2026-07-30 09:53:51,322 [DEBUG] Tx: <706> (08) [ ]	 0227110000000000
2026-07-30 09:53:51,325 [DEBUG] We've been asked to write a message to the bus
2026-07-30 09:53:51,327 [DEBUG] sending: Timestamp:        0.000000    ID:      706    S Rx     F BS       DL:  8    02 27 11 00 00 00 00 00
2026-07-30 09:53:51,347 [DEBUG] We've been asked to write a message to the bus
2026-07-30 09:53:51,349 [DEBUG] sending: Timestamp:        0.000000    ID:      706    S Rx     F BS       DL:  8    30 08 0a 00 00 00 00 00
2026-07-30 09:53:51,351 [DEBUG] Rx: <70E> (08) [p]	 100a671100000000
2026-07-30 09:53:51,355 [DEBUG] Tx: <706> (08) [ ]	 30080a0000000000
2026-07-30 09:53:51,356 [DEBUG] We've been asked to write a message to the bus
2026-07-30 09:53:51,358 [DEBUG] TC_ID-844 PreCondition: PC_ID-024,PC_ID-023  Testcase:Verify the 7F negative response code Service not supported in active session (27 11) -> Received payload: [103, 17, 0, 0, 0, 0, 0, 0, 0, 0]
2026-07-30 09:53:51,361 [DEBUG] sending: Timestamp:        0.000000    ID:      706    S Rx     F BS       DL:  8    30 08 0a 00 00 00 00 00
2026-07-30 09:53:51,365 [INFO] Received Seed (subfunc 0x11): 0000000000000000
2026-07-30 09:53:51,370 [DEBUG] TxState=IDLE - RxState=WAIT_CF
2026-07-30 09:53:51,371 [DEBUG] Rx: <70E> (08) [p]	 2100000000aaaaaa
2026-07-30 09:53:51,422 [DEBUG] TxState=IDLE - RxState=IDLE
2026-07-30 09:53:51,871 [INFO] Attempt 1: Sending seed to PC...
2026-07-30 09:53:51,969 [INFO] Received Key (for subfunc 0x12): b'@E$\x8c-_8G'
2026-07-30 09:53:51,970 [DEBUG] Stopping CanStack
2026-07-30 09:53:51,971 [DEBUG] Main thread is exiting
2026-07-30 09:53:52,011 [DEBUG] CanStack Stopped
2026-07-30 09:53:52,012 [INFO] Connection closed
2026-07-30 09:53:52,380 [ERROR] [CANLogger] Error during stop: I/O operation on closed file.
2026-07-30 09:53:52,380 [WARNING] SocketcanBus was not properly shut down
2026-07-30 09:53:52,381 [DEBUG] Closing raw can socket
2026-07-30 09:53:53,882 [INFO] ----------------------------------Log Generated!----------------------------------
2026-07-30 09:53:56,440 [INFO] ----------------------------------Report Generated----------------------------------
2026-07-30 09:53:58,441 [INFO] ----------------------------------Done-----------------------------------------------
2026-07-30 09:53:59,683 [INFO] Uploading...
