2026-08-04 14:54:03,683 [INFO] Checking openssh-client...
2026-08-04 14:54:03,735 [INFO] openssh-client already installed
2026-08-04 14:54:03,736 [INFO] Checking ssh-agent...
2026-08-04 14:54:03,738 [INFO] ssh-agent already running
2026-08-04 14:54:03,757 [INFO] Private key already exists
2026-08-04 14:54:03,763 [INFO] Public key already exists
2026-08-04 14:54:03,767 [INFO] Adding key to ssh-agent...
2026-08-04 14:54:03,985 [INFO] Key added successfully
2026-08-04 14:54:03,986 [INFO] SSH setup completed ✔
2026-08-04 14:54:04,124 [INFO] ------------- Wifi Setup -------------
2026-08-04 15:00:33,884 [DEBUG] can config: {'fd': False, 'can_filters': [{'can_id': 1967, 'can_mask': 2047, 'extended': False}], 'interface': 'socketcan', 'channel': 'can0'}
2026-08-04 15:00:33,986 [INFO] Created a socket
2026-08-04 15:00:33,988 [DEBUG] Binding socket to channel=can0
2026-08-04 15:00:33,994 [DEBUG] Bound socket.
2026-08-04 15:00:34,007 [DEBUG] can config: {'fd': False, 'can_filters': [{'can_id': 1967, 'can_mask': 2047, 'extended': False}], 'interface': 'socketcan', 'channel': 'can0'}
2026-08-04 15:00:34,009 [INFO] Created a socket
2026-08-04 15:00:34,010 [DEBUG] Binding socket to channel=can0
2026-08-04 15:00:34,011 [DEBUG] Bound socket.
2026-08-04 15:00:34,034 [DEBUG] Given rxfn is considered blocking
2026-08-04 15:00:34,045 [INFO] CANLogger: Logging only UDS traffic (tx/rx physical+functional)
2026-08-04 15:00:34,109 [INFO] ----------------------------------Checking UDP Server (1/3)----------------------------------
2026-08-04 15:00:34,112 [INFO] Checking UDP Seed-Key server...
2026-08-04 15:00:34,189 [INFO] UDP Server Connected. Key received: 4b65792067656e65726174696f6e206661696c6564
2026-08-04 15:00:34,260 [INFO] ----------------------------------UDP Server Connected----------------------------------
2026-08-04 15:00:36,262 [INFO] ----------------------------------Welcome to Diagnostics-----------------------------------------------
2026-08-04 15:00:38,263 [INFO] ----------------------------------Initializing-----------------------------------------------
2026-08-04 15:00:39,764 [INFO] ----------------------------------Waiting for CAN-----------------------------------------------
2026-08-04 15:00:39,878 [INFO] Bringing up CAN interface can0...
2026-08-04 15:00:40,613 [INFO] CAN interface can0 successfully brought up.
2026-08-04 15:00:41,620 [INFO] Creating temporary UDS client...
2026-08-04 15:00:41,676 [DEBUG] can config: {'fd': False, 'can_filters': [{'can_id': 1967, 'can_mask': 2047, 'extended': False}], 'interface': 'socketcan', 'channel': 'can0'}
2026-08-04 15:00:41,682 [INFO] Created a socket
2026-08-04 15:00:41,684 [DEBUG] Binding socket to channel=can0
2026-08-04 15:00:41,686 [DEBUG] Bound socket.
2026-08-04 15:00:41,694 [DEBUG] can config: {'fd': False, 'can_filters': [{'can_id': 1967, 'can_mask': 2047, 'extended': False}], 'interface': 'socketcan', 'channel': 'can0'}
2026-08-04 15:00:41,697 [INFO] Created a socket
2026-08-04 15:00:41,699 [DEBUG] Binding socket to channel=can0
2026-08-04 15:00:41,701 [DEBUG] Bound socket.
2026-08-04 15:00:41,734 [DEBUG] Given rxfn is considered blocking
2026-08-04 15:00:41,749 [INFO] CANLogger: Logging only UDS traffic (tx/rx physical+functional)
2026-08-04 15:00:41,750 [INFO] Trying basic communication with ECU...
2026-08-04 15:00:41,757 [DEBUG] Starting CanStack
2026-08-04 15:00:41,765 [DEBUG] Main thread has started
2026-08-04 15:00:41,768 [DEBUG] Relay thread has started
2026-08-04 15:00:41,776 [INFO] Connection opened
2026-08-04 15:00:41,795 [INFO] TesterPresent<0x3e> - Sending TesterPresent request
2026-08-04 15:00:41,803 [DEBUG] Sending request to server
2026-08-04 15:00:41,806 [DEBUG] Sending 2 bytes : [3e00]
2026-08-04 15:00:41,815 [DEBUG] Enqueuing a SendRequest for 2 bytes and TAT=Physical
2026-08-04 15:00:41,817 [DEBUG] Waiting for server response
2026-08-04 15:00:41,828 [DEBUG] Tx: <7A7> (08) [ ]	 023e000000000000
2026-08-04 15:00:41,830 [DEBUG] We've been asked to write a message to the bus
2026-08-04 15:00:41,831 [DEBUG] sending: Timestamp:        0.000000    ID:      7a7    S Rx       BS       DL:  8    02 3e 00 00 00 00 00 00
2026-08-04 15:00:41,981 [DEBUG] No data received: [TimeoutException] - Did not receive IsoTP frame from the Transport layer in time (timeout=0.15 sec) 
2026-08-04 15:00:41,983 [ERROR] [TimeoutException] : Did not receive response in time. P2 timeout time has expired (timeout=0.150 sec)
2026-08-04 15:00:41,984 [DEBUG] Stopping CanStack
2026-08-04 15:00:41,986 [DEBUG] Main thread is exiting
2026-08-04 15:00:41,990 [DEBUG] CanStack Stopped
2026-08-04 15:00:41,991 [INFO] Connection closed
2026-08-04 15:00:41,993 [WARNING] Tester Present failed: Did not receive response in time. P2 timeout time has expired (timeout=0.150 sec)
2026-08-04 15:00:41,994 [WARNING] No response from ECU.
2026-08-04 15:00:41,997 [INFO] ----------------------------------Waiting for ECU-----------------------------------------------
2026-08-04 15:00:44,147 [INFO] Bringing up CAN interface can0...
2026-08-04 15:00:44,432 [INFO] CAN interface can0 successfully brought up.
2026-08-04 15:00:45,433 [INFO] Creating temporary UDS client...
2026-08-04 15:00:45,441 [DEBUG] can config: {'fd': False, 'can_filters': [{'can_id': 1967, 'can_mask': 2047, 'extended': False}], 'interface': 'socketcan', 'channel': 'can0'}
2026-08-04 15:00:45,443 [INFO] Created a socket
2026-08-04 15:00:45,444 [DEBUG] Binding socket to channel=can0
2026-08-04 15:00:45,446 [DEBUG] Bound socket.
2026-08-04 15:00:45,458 [DEBUG] can config: {'fd': False, 'can_filters': [{'can_id': 1967, 'can_mask': 2047, 'extended': False}], 'interface': 'socketcan', 'channel': 'can0'}
2026-08-04 15:00:45,460 [INFO] Created a socket
2026-08-04 15:00:45,461 [DEBUG] Binding socket to channel=can0
2026-08-04 15:00:45,462 [DEBUG] Bound socket.
2026-08-04 15:00:45,468 [DEBUG] Given rxfn is considered blocking
2026-08-04 15:00:45,472 [INFO] CANLogger: Logging only UDS traffic (tx/rx physical+functional)
2026-08-04 15:00:45,474 [WARNING] SocketcanBus was not properly shut down
2026-08-04 15:00:45,477 [DEBUG] Closing raw can socket
2026-08-04 15:00:45,479 [INFO] Trying basic communication with ECU...
2026-08-04 15:00:45,481 [DEBUG] Starting CanStack
2026-08-04 15:00:45,484 [DEBUG] Main thread has started
2026-08-04 15:00:45,489 [DEBUG] Relay thread has started
2026-08-04 15:00:45,496 [INFO] Connection opened
2026-08-04 15:00:45,498 [INFO] TesterPresent<0x3e> - Sending TesterPresent request
2026-08-04 15:00:45,500 [DEBUG] Sending request to server
2026-08-04 15:00:45,501 [DEBUG] Sending 2 bytes : [3e00]
2026-08-04 15:00:45,503 [DEBUG] Enqueuing a SendRequest for 2 bytes and TAT=Physical
2026-08-04 15:00:45,504 [DEBUG] Waiting for server response
2026-08-04 15:00:45,506 [DEBUG] Tx: <7A7> (08) [ ]	 023e000000000000
2026-08-04 15:00:45,508 [DEBUG] We've been asked to write a message to the bus
2026-08-04 15:00:45,510 [DEBUG] sending: Timestamp:        0.000000    ID:      7a7    S Rx       BS       DL:  8    02 3e 00 00 00 00 00 00
2026-08-04 15:00:45,524 [DEBUG] Rx: <7AF> (08) [p]	 027e000000000000
2026-08-04 15:00:45,528 [DEBUG] Received 2 bytes : [7e00]
2026-08-04 15:00:45,541 [DEBUG] Received response from server
2026-08-04 15:00:45,543 [INFO] Received positive response for service TesterPresent (0x3e) from server.
2026-08-04 15:00:45,544 [DEBUG] Stopping CanStack
2026-08-04 15:00:45,546 [DEBUG] Main thread is exiting
2026-08-04 15:00:45,576 [DEBUG] CanStack Stopped
2026-08-04 15:00:45,577 [INFO] Connection closed
2026-08-04 15:00:45,578 [INFO] UDS communication successful.
2026-08-04 15:00:45,578 [INFO] ----------------------------------ECU Ready-----------------------------------------------
2026-08-04 15:00:45,579 [INFO] USBTransfer initialized
2026-08-04 15:00:45,580 [WARNING] SocketcanBus was not properly shut down
2026-08-04 15:00:45,581 [DEBUG] Closing raw can socket
2026-08-04 15:00:45,583 [INFO] Checking openssh-client...
2026-08-04 15:00:45,603 [INFO] openssh-client already installed
2026-08-04 15:00:45,604 [INFO] Checking ssh-agent...
2026-08-04 15:00:45,607 [INFO] ssh-agent already running
2026-08-04 15:00:45,615 [INFO] Private key already exists
2026-08-04 15:00:45,616 [INFO] Public key already exists
2026-08-04 15:00:45,617 [INFO] Adding key to ssh-agent...
2026-08-04 15:00:45,815 [INFO] Key added successfully
2026-08-04 15:00:45,816 [INFO] SSH setup completed ✔
2026-08-04 15:00:45,851 [INFO] uds.service already up-to-date.
2026-08-04 15:00:46,254 [INFO] User lingering enabled.
2026-08-04 15:01:18,672 [INFO] ----------------------------------Run Test Cases-----------------------------------------------
2026-08-04 15:01:35,222 [INFO] Tester Name: Navya
2026-08-04 15:01:35,226 [INFO] ----------------------------------Storage OK Free: 8769 MB-----------------------------------------------
2026-08-04 15:01:37,235 [INFO] Preparing ECU and CAN/ISO-TP connections before logged run
2026-08-04 15:01:37,237 [DEBUG] Stopping CanStack
2026-08-04 15:01:37,238 [DEBUG] Closing raw can socket
2026-08-04 15:01:37,240 [DEBUG] Closing raw can socket
2026-08-04 15:01:37,248 [DEBUG] can config: {'fd': False, 'can_filters': [{'can_id': 1967, 'can_mask': 2047, 'extended': False}], 'interface': 'socketcan', 'channel': 'can0'}
2026-08-04 15:01:37,252 [INFO] Created a socket
2026-08-04 15:01:37,257 [DEBUG] Binding socket to channel=can0
2026-08-04 15:01:37,259 [DEBUG] Bound socket.
2026-08-04 15:01:37,266 [DEBUG] can config: {'fd': False, 'can_filters': [{'can_id': 1967, 'can_mask': 2047, 'extended': False}], 'interface': 'socketcan', 'channel': 'can0'}
2026-08-04 15:01:37,268 [INFO] Created a socket
2026-08-04 15:01:37,270 [DEBUG] Binding socket to channel=can0
2026-08-04 15:01:37,271 [DEBUG] Bound socket.
2026-08-04 15:01:37,276 [DEBUG] Given rxfn is considered blocking
2026-08-04 15:01:37,281 [INFO] Execution startup settle delay: 0.250s before first testcase
2026-08-04 15:01:37,533 [INFO] Drained stale CAN frames on physical sniffer bus
2026-08-04 15:01:37,534 [INFO] Drained stale CAN frames on active sniffer bus
2026-08-04 15:01:37,535 [DEBUG] Starting CanStack
2026-08-04 15:01:37,538 [DEBUG] Main thread has started
2026-08-04 15:01:37,540 [DEBUG] Relay thread has started
2026-08-04 15:01:37,542 [INFO] Connection opened
2026-08-04 15:01:37,544 [INFO] PRE_RUN - Start default session before logged execution: Sending request 1001
2026-08-04 15:01:37,548 [DEBUG] Sending 2 bytes : [1001]
2026-08-04 15:01:37,552 [DEBUG] Enqueuing a SendRequest for 2 bytes and TAT=Physical
2026-08-04 15:01:37,555 [DEBUG] Tx: <7A7> (08) [ ]	 0210010000000000
2026-08-04 15:01:37,556 [DEBUG] We've been asked to write a message to the bus
2026-08-04 15:01:37,557 [DEBUG] sending: Timestamp:        0.000000    ID:      7a7    S Rx       BS       DL:  8    02 10 01 00 00 00 00 00
2026-08-04 15:01:37,760 [INFO] Pre-run default session response: No response
2026-08-04 15:01:37,761 [DEBUG] Stopping CanStack
2026-08-04 15:01:37,762 [DEBUG] Main thread is exiting
2026-08-04 15:01:37,803 [DEBUG] CanStack Stopped
2026-08-04 15:01:37,805 [INFO] Connection closed
2026-08-04 15:01:37,807 [DEBUG] Stopping CanStack
2026-08-04 15:01:37,811 [DEBUG] CanStack Stopped
2026-08-04 15:01:37,815 [INFO] Connection closed
2026-08-04 15:01:37,819 [DEBUG] Closing raw can socket
2026-08-04 15:01:37,820 [DEBUG] Closing raw can socket
2026-08-04 15:01:37,825 [DEBUG] can config: {'fd': False, 'can_filters': [{'can_id': 1967, 'can_mask': 2047, 'extended': False}], 'interface': 'socketcan', 'channel': 'can0'}
2026-08-04 15:01:37,827 [INFO] Created a socket
2026-08-04 15:01:37,829 [DEBUG] Binding socket to channel=can0
2026-08-04 15:01:37,831 [DEBUG] Bound socket.
2026-08-04 15:01:37,837 [DEBUG] can config: {'fd': False, 'can_filters': [{'can_id': 1967, 'can_mask': 2047, 'extended': False}], 'interface': 'socketcan', 'channel': 'can0'}
2026-08-04 15:01:37,838 [INFO] Created a socket
2026-08-04 15:01:37,840 [DEBUG] Binding socket to channel=can0
2026-08-04 15:01:37,842 [DEBUG] Bound socket.
2026-08-04 15:01:37,863 [WARNING] SocketcanBus was not properly shut down
2026-08-04 15:01:37,864 [DEBUG] Closing raw can socket
2026-08-04 15:01:37,865 [WARNING] SocketcanBus was not properly shut down
2026-08-04 15:01:37,866 [DEBUG] Closing raw can socket
2026-08-04 15:01:37,870 [DEBUG] Given rxfn is considered blocking
2026-08-04 15:01:37,874 [INFO] Execution startup settle delay: 0.250s before first testcase
2026-08-04 15:01:38,126 [INFO] Drained stale CAN frames on physical sniffer bus
2026-08-04 15:01:38,127 [INFO] Drained stale CAN frames on active sniffer bus
2026-08-04 15:01:38,148 [DEBUG] can config: {'can_filters': [{'can_id': 1959, 'can_mask': 2047, 'extended': False}, {'can_id': 1967, 'can_mask': 2047, 'extended': False}, {'can_id': 2015, 'can_mask': 2047, 'extended': False}, {'can_id': 1920, 'can_mask': 2047, 'extended': False}], 'fd': False, 'receive_own_messages': True, 'interface': 'socketcan', 'channel': 'can0'}
2026-08-04 15:01:38,151 [INFO] Created a socket
2026-08-04 15:01:38,151 [DEBUG] Binding socket to channel=can0
2026-08-04 15:01:38,152 [DEBUG] Bound socket.
2026-08-04 15:01:38,160 [INFO] CAN logging started: /home/mobase/Git/Raja/New_13/dist/output/can_logs/SWRC_4_DTP_CAN_Testcases_20260804_150137.asc
2026-08-04 15:01:38,161 [INFO] Execution startup settle delay: 0.250s before first testcase
2026-08-04 15:01:38,412 [INFO] Drained stale CAN frames on physical sniffer bus
2026-08-04 15:01:38,413 [INFO] Drained stale CAN frames on active sniffer bus
2026-08-04 15:01:38,440 [INFO] Running Test Case: ECU_INFO-11
2026-08-04 15:01:38,442 [INFO] Final CAN drain completed before first testcase ECU_INFO-11
2026-08-04 15:01:38,443 [DEBUG] Starting CanStack
2026-08-04 15:01:38,444 [DEBUG] Main thread has started
2026-08-04 15:01:38,446 [DEBUG] Relay thread has started
2026-08-04 15:01:38,450 [INFO] Connection opened
2026-08-04 15:01:38,451 [INFO] Switched to physical mode for TC: ECU_INFO-11 Step: S/W Version
2026-08-04 15:01:38,452 [INFO] ECU_INFO-11 - S/W Version: SID=0x22, Sub=0xF1DD, Expected=[16, 10, 98, 241, 221, 49, 48, 48, 48, 49, 0, 0]
2026-08-04 15:01:38,503 [INFO] ECU_INFO-11 - S/W Version: Sending request 22F1DD
2026-08-04 15:01:38,505 [INFO] ECU_INFO-11 - S/W Version: Sending request 22F1DD
2026-08-04 15:01:38,510 [DEBUG] Sending 3 bytes : [22f1dd]
2026-08-04 15:01:38,515 [DEBUG] Enqueuing a SendRequest for 3 bytes and TAT=Physical
2026-08-04 15:01:38,517 [DEBUG] Tx: <7A7> (08) [ ]	 0322f1dd00000000
2026-08-04 15:01:38,517 [DEBUG] We've been asked to write a message to the bus
2026-08-04 15:01:38,518 [DEBUG] sending: Timestamp:        0.000000    ID:      7a7    S Rx       BS       DL:  8    03 22 f1 dd 00 00 00 00
2026-08-04 15:01:38,533 [DEBUG] Rx: <7AF> (08) [p]	 07f1dd3130303031
2026-08-04 15:01:38,583 [INFO] ECU_INFO-11 - Received: F1DD3130303031
2026-08-04 15:01:38,586 [WARNING] ECU_INFO-11 - S/W Version -> ❌ FAIL - Expected 100A62F1DD31303030310000
2026-08-04 15:01:38,587 [DEBUG] Stopping CanStack
2026-08-04 15:01:38,588 [DEBUG] Main thread is exiting
2026-08-04 15:01:38,635 [DEBUG] CanStack Stopped
2026-08-04 15:01:38,636 [INFO] Connection closed
2026-08-04 15:01:38,637 [INFO] WAIT 1000 ms
2026-08-04 15:01:39,683 [INFO] Running Test Case: ECU_INFO-12
2026-08-04 15:01:39,684 [DEBUG] Starting CanStack
2026-08-04 15:01:39,686 [DEBUG] Main thread has started
2026-08-04 15:01:39,688 [DEBUG] Relay thread has started
2026-08-04 15:01:39,691 [INFO] Connection opened
2026-08-04 15:01:39,692 [INFO] Switched to physical mode for TC: ECU_INFO-12 Step: B-CAN Version
2026-08-04 15:01:39,693 [INFO] ECU_INFO-12 - B-CAN Version: SID=0x22, Sub=0xF100, Expected=[6, 98, 241, 0, 49, 46, 55, 0]
2026-08-04 15:01:39,744 [INFO] ECU_INFO-12 - B-CAN Version: Sending request 22F100
2026-08-04 15:01:39,745 [INFO] ECU_INFO-12 - B-CAN Version: Sending request 22F100
2026-08-04 15:01:39,746 [DEBUG] Sending 3 bytes : [22f100]
2026-08-04 15:01:39,746 [DEBUG] Enqueuing a SendRequest for 3 bytes and TAT=Physical
2026-08-04 15:01:39,747 [DEBUG] Tx: <7A7> (08) [ ]	 0322f10000000000
2026-08-04 15:01:39,748 [DEBUG] We've been asked to write a message to the bus
2026-08-04 15:01:39,748 [DEBUG] sending: Timestamp:        0.000000    ID:      7a7    S Rx       BS       DL:  8    03 22 f1 00 00 00 00 00
2026-08-04 15:01:39,767 [DEBUG] Rx: <7AF> (08) [p]	 0662f100312e3700
2026-08-04 15:01:39,815 [INFO] ECU_INFO-12 - Received: 62F100312E37
2026-08-04 15:01:39,816 [WARNING] ECU_INFO-12 - B-CAN Version -> ❌ FAIL - Expected 0662F100312E3700
2026-08-04 15:01:39,816 [DEBUG] Stopping CanStack
2026-08-04 15:01:39,818 [DEBUG] Main thread is exiting
2026-08-04 15:01:39,868 [DEBUG] CanStack Stopped
2026-08-04 15:01:39,869 [INFO] Connection closed
2026-08-04 15:01:39,869 [INFO] WAIT 1000 ms
2026-08-04 15:01:40,918 [INFO] Running Test Case: ECU_INFO-13
2026-08-04 15:01:40,919 [DEBUG] Starting CanStack
2026-08-04 15:01:40,921 [DEBUG] Main thread has started
2026-08-04 15:01:40,923 [DEBUG] Relay thread has started
2026-08-04 15:01:40,928 [INFO] Connection opened
2026-08-04 15:01:40,929 [INFO] Switched to physical mode for TC: ECU_INFO-13 Step: Manufacturing Date
2026-08-04 15:01:40,931 [INFO] ECU_INFO-13 - Manufacturing Date: SID=0x22, Sub=0xF18B, Expected=[7, 98, 241, 139, 0, 0, 0, 0]
2026-08-04 15:01:40,983 [INFO] ECU_INFO-13 - Manufacturing Date: Sending request 22F18B
2026-08-04 15:01:40,984 [INFO] ECU_INFO-13 - Manufacturing Date: Sending request 22F18B
2026-08-04 15:01:40,985 [DEBUG] Sending 3 bytes : [22f18b]
2026-08-04 15:01:40,985 [DEBUG] Enqueuing a SendRequest for 3 bytes and TAT=Physical
2026-08-04 15:01:40,986 [DEBUG] Tx: <7A7> (08) [ ]	 0322f18b00000000
2026-08-04 15:01:40,987 [DEBUG] We've been asked to write a message to the bus
2026-08-04 15:01:40,987 [DEBUG] sending: Timestamp:        0.000000    ID:      7a7    S Rx       BS       DL:  8    03 22 f1 8b 00 00 00 00
2026-08-04 15:01:41,008 [DEBUG] Rx: <7AF> (08) [p]	 0762f18b00000000
2026-08-04 15:01:41,053 [WARNING] ECU_INFO-13 - Manufacturing Date: empty DID data; retrying ReadDID attempt 2/3
2026-08-04 15:01:41,304 [INFO] ECU_INFO-13 - Manufacturing Date: Sending request 22F18B
2026-08-04 15:01:41,305 [DEBUG] Sending 3 bytes : [22f18b]
2026-08-04 15:01:41,306 [DEBUG] Enqueuing a SendRequest for 3 bytes and TAT=Physical
2026-08-04 15:01:41,308 [DEBUG] Tx: <7A7> (08) [ ]	 0322f18b00000000
2026-08-04 15:01:41,309 [DEBUG] We've been asked to write a message to the bus
2026-08-04 15:01:41,310 [DEBUG] sending: Timestamp:        0.000000    ID:      7a7    S Rx       BS       DL:  8    03 22 f1 8b 00 00 00 00
2026-08-04 15:01:41,326 [DEBUG] Rx: <7AF> (08) [p]	 0762f18b00000000
2026-08-04 15:01:41,373 [WARNING] ECU_INFO-13 - Manufacturing Date: empty DID data; retrying ReadDID attempt 3/3
2026-08-04 15:01:41,624 [INFO] ECU_INFO-13 - Manufacturing Date: Sending request 22F18B
2026-08-04 15:01:41,625 [DEBUG] Sending 3 bytes : [22f18b]
2026-08-04 15:01:41,626 [DEBUG] Enqueuing a SendRequest for 3 bytes and TAT=Physical
2026-08-04 15:01:41,627 [DEBUG] Tx: <7A7> (08) [ ]	 0322f18b00000000
2026-08-04 15:01:41,629 [DEBUG] We've been asked to write a message to the bus
2026-08-04 15:01:41,630 [DEBUG] sending: Timestamp:        0.000000    ID:      7a7    S Rx       BS       DL:  8    03 22 f1 8b 00 00 00 00
2026-08-04 15:01:41,646 [DEBUG] Rx: <7AF> (08) [p]	 0762f18b00000000
2026-08-04 15:01:41,696 [INFO] ECU_INFO-13 - Received: 62F18B00000000
2026-08-04 15:01:41,697 [WARNING] ECU_INFO-13 - Manufacturing Date -> ❌ FAIL - Expected 0762F18B00000000
2026-08-04 15:01:41,698 [DEBUG] Stopping CanStack
2026-08-04 15:01:41,699 [DEBUG] Main thread is exiting
2026-08-04 15:01:41,746 [DEBUG] CanStack Stopped
2026-08-04 15:01:41,747 [INFO] Connection closed
2026-08-04 15:01:41,747 [INFO] WAIT 1000 ms
2026-08-04 15:01:42,791 [INFO] Running Test Case: ECU_INFO-14
2026-08-04 15:01:42,793 [DEBUG] Starting CanStack
2026-08-04 15:01:42,795 [DEBUG] Main thread has started
2026-08-04 15:01:42,797 [DEBUG] Relay thread has started
2026-08-04 15:01:42,800 [INFO] Connection opened
2026-08-04 15:01:42,802 [INFO] Switched to physical mode for TC: ECU_INFO-14 Step: ECU_Serial Number
2026-08-04 15:01:42,803 [INFO] ECU_INFO-14 - ECU_Serial Number: SID=0x22, Sub=0xF18C, Expected=[16, 11, 98, 241, 140, 48, 48, 49, 49, 53, 57, 49, 53, 0, 0]
2026-08-04 15:01:42,868 [INFO] ECU_INFO-14 - ECU_Serial Number: Sending request 22F18C
2026-08-04 15:01:42,870 [INFO] ECU_INFO-14 - ECU_Serial Number: Sending request 22F18C
2026-08-04 15:01:42,871 [DEBUG] Sending 3 bytes : [22f18c]
2026-08-04 15:01:42,872 [DEBUG] Enqueuing a SendRequest for 3 bytes and TAT=Physical
2026-08-04 15:01:42,875 [DEBUG] Tx: <7A7> (08) [ ]	 0322f18c00000000
2026-08-04 15:01:42,876 [DEBUG] We've been asked to write a message to the bus
2026-08-04 15:01:42,877 [DEBUG] sending: Timestamp:        0.000000    ID:      7a7    S Rx       BS       DL:  8    03 22 f1 8c 00 00 00 00
2026-08-04 15:01:42,893 [DEBUG] We've been asked to write a message to the bus
2026-08-04 15:01:42,895 [DEBUG] Rx: <7AF> (08) [p]	 100b62f18c303031
2026-08-04 15:01:42,897 [DEBUG] sending: Timestamp:        0.000000    ID:      7a7    S Rx       BS       DL:  8    30 08 0a 00 00 00 00 00
2026-08-04 15:01:42,900 [DEBUG] Tx: <7A7> (08) [ ]	 30080a0000000000
2026-08-04 15:01:42,903 [DEBUG] We've been asked to write a message to the bus
2026-08-04 15:01:42,905 [DEBUG] sending: Timestamp:        0.000000    ID:      7a7    S Rx       BS       DL:  8    30 08 0a 00 00 00 00 00
2026-08-04 15:01:42,907 [DEBUG] TxState=IDLE - RxState=WAIT_CF
2026-08-04 15:01:42,958 [DEBUG] Rx: <7AF> (08) [p]	 2131353931350000
2026-08-04 15:01:43,004 [INFO] ECU_INFO-14 - Received: 62F18C3030313135393135
2026-08-04 15:01:43,005 [WARNING] ECU_INFO-14 - ECU_Serial Number -> ❌ FAIL - Expected 100B62F18C30303131353931350000
2026-08-04 15:01:43,006 [DEBUG] Stopping CanStack
2026-08-04 15:01:43,007 [DEBUG] TxState=IDLE - RxState=IDLE
2026-08-04 15:01:43,009 [DEBUG] Main thread is exiting
2026-08-04 15:01:43,013 [DEBUG] CanStack Stopped
2026-08-04 15:01:43,015 [INFO] Connection closed
2026-08-04 15:01:43,016 [INFO] WAIT 1000 ms
2026-08-04 15:01:44,072 [INFO] Running Test Case: ECU_INFO-15
2026-08-04 15:01:44,073 [DEBUG] Starting CanStack
2026-08-04 15:01:44,075 [DEBUG] Main thread has started
2026-08-04 15:01:44,077 [DEBUG] Relay thread has started
2026-08-04 15:01:44,080 [INFO] Connection opened
2026-08-04 15:01:44,081 [INFO] Switched to physical mode for TC: ECU_INFO-15 Step: H/W Version
2026-08-04 15:01:44,083 [INFO] ECU_INFO-15 - H/W Version: SID=0x22, Sub=0xF193, Expected=[7, 98, 241, 147, 49, 46, 48, 48]
2026-08-04 15:01:44,132 [INFO] ECU_INFO-15 - H/W Version: Sending request 22F193
2026-08-04 15:01:44,133 [INFO] ECU_INFO-15 - H/W Version: Sending request 22F193
2026-08-04 15:01:44,133 [DEBUG] Sending 3 bytes : [22f193]
2026-08-04 15:01:44,134 [DEBUG] Enqueuing a SendRequest for 3 bytes and TAT=Physical
2026-08-04 15:01:44,135 [DEBUG] Tx: <7A7> (08) [ ]	 0322f19300000000
2026-08-04 15:01:44,136 [DEBUG] We've been asked to write a message to the bus
2026-08-04 15:01:44,136 [DEBUG] sending: Timestamp:        0.000000    ID:      7a7    S Rx       BS       DL:  8    03 22 f1 93 00 00 00 00
2026-08-04 15:01:44,142 [DEBUG] Rx: <7AF> (08) [p]	 0762f193312e3030
2026-08-04 15:01:44,192 [INFO] ECU_INFO-15 - Received: 62F193312E3030
2026-08-04 15:01:44,193 [WARNING] ECU_INFO-15 - H/W Version -> ❌ FAIL - Expected 0762F193312E3030
2026-08-04 15:01:44,194 [DEBUG] Stopping CanStack
2026-08-04 15:01:44,195 [DEBUG] Main thread is exiting
2026-08-04 15:01:44,242 [DEBUG] CanStack Stopped
2026-08-04 15:01:44,243 [INFO] Connection closed
2026-08-04 15:01:44,244 [INFO] WAIT 1000 ms
2026-08-04 15:01:45,290 [INFO] Running Test Case: PC_ID-055
2026-08-04 15:01:45,292 [DEBUG] Starting CanStack
2026-08-04 15:01:45,294 [DEBUG] Main thread has started
2026-08-04 15:01:45,295 [DEBUG] Relay thread has started
2026-08-04 15:01:45,297 [INFO] Connection opened
2026-08-04 15:01:45,299 [INFO] Switched to physical mode for TC: PC_ID-055 Step: Start default session
2026-08-04 15:01:45,300 [INFO] PC_ID-055 - Start default session: SID=0x10, Sub=0x01, Expected=[6, 80, 1, 0, 50, 1, 244, 170]
2026-08-04 15:01:45,353 [INFO] PC_ID-055 - Start default session: Sending 1001
2026-08-04 15:01:45,402 [INFO] PC_ID-055 - Start default session: Sending request 1001
2026-08-04 15:01:45,403 [DEBUG] Sending 2 bytes : [1001]
2026-08-04 15:01:45,404 [DEBUG] Enqueuing a SendRequest for 2 bytes and TAT=Physical
2026-08-04 15:01:45,406 [DEBUG] Tx: <7A7> (08) [ ]	 0210010000000000
2026-08-04 15:01:45,407 [DEBUG] We've been asked to write a message to the bus
2026-08-04 15:01:45,408 [DEBUG] sending: Timestamp:        0.000000    ID:      7a7    S Rx       BS       DL:  8    02 10 01 00 00 00 00 00
2026-08-04 15:01:45,423 [INFO] PC_ID-055 - Received: 5001
2026-08-04 15:01:45,424 [WARNING] PC_ID-055 - Start default session -> FAIL - Unexpected response
2026-08-04 15:01:45,425 [DEBUG] Rx: <7AF> (08) [p]	 0250010000000000
2026-08-04 15:01:45,427 [DEBUG] Stopping CanStack
2026-08-04 15:01:45,429 [DEBUG] Main thread is exiting
2026-08-04 15:01:45,476 [DEBUG] CanStack Stopped
2026-08-04 15:01:45,480 [INFO] Connection closed
2026-08-04 15:01:45,482 [INFO] Running Test Case: TC_ID-409
2026-08-04 15:01:45,482 [DEBUG] Starting CanStack
2026-08-04 15:01:45,484 [DEBUG] Main thread has started
2026-08-04 15:01:45,485 [DEBUG] Relay thread has started
2026-08-04 15:01:45,487 [INFO] Connection opened
2026-08-04 15:01:45,488 [INFO] Switched to physical mode for TC: TC_ID-409 Step: PreCondition: PC_ID-055  Testcase:RXSWIN Data(Defaultsession)
2026-08-04 15:01:45,489 [INFO] TC_ID-409 - PreCondition: PC_ID-055  Testcase:RXSWIN Data(Defaultsession): SID=0x22, Sub=0xF1EF, Expected=[16, 43, 98, 241, 239, 7, 167, 11, 82, 49, 48, 32, 77, 81, 52, 47, 49, 47, 49, 12, 82, 49, 53, 53, 32, 77, 81, 52, 47, 49, 47, 49, 12, 82, 49, 53, 54, 32, 77, 81, 52, 47, 49, 47, 49, 170, 170, 170, 170, 170]
2026-08-04 15:01:45,551 [INFO] TC_ID-409 - PreCondition: PC_ID-055  Testcase:RXSWIN Data(Defaultsession): Sending request 22F1EF
2026-08-04 15:01:45,553 [INFO] TC_ID-409 - PreCondition: PC_ID-055  Testcase:RXSWIN Data(Defaultsession): Sending request 22F1EF
2026-08-04 15:01:45,554 [DEBUG] Sending 3 bytes : [22f1ef]
2026-08-04 15:01:45,555 [DEBUG] Enqueuing a SendRequest for 3 bytes and TAT=Physical
2026-08-04 15:01:45,557 [DEBUG] Tx: <7A7> (08) [ ]	 0322f1ef00000000
2026-08-04 15:01:45,558 [DEBUG] We've been asked to write a message to the bus
2026-08-04 15:01:45,559 [DEBUG] sending: Timestamp:        0.000000    ID:      7a7    S Rx       BS       DL:  8    03 22 f1 ef 00 00 00 00
2026-08-04 15:01:45,572 [DEBUG] We've been asked to write a message to the bus
2026-08-04 15:01:45,575 [DEBUG] sending: Timestamp:        0.000000    ID:      7a7    S Rx       BS       DL:  8    30 08 0a 00 00 00 00 00
2026-08-04 15:01:45,576 [DEBUG] Rx: <7AF> (08) [p]	 102b62f1ef07a70b
2026-08-04 15:01:45,579 [DEBUG] Tx: <7A7> (08) [ ]	 30080a0000000000
2026-08-04 15:01:45,581 [DEBUG] We've been asked to write a message to the bus
2026-08-04 15:01:45,582 [DEBUG] sending: Timestamp:        0.000000    ID:      7a7    S Rx       BS       DL:  8    30 08 0a 00 00 00 00 00
2026-08-04 15:01:45,583 [DEBUG] TxState=IDLE - RxState=WAIT_CF
2026-08-04 15:01:45,624 [DEBUG] Rx: <7AF> (08) [p]	 21523130204d5134
2026-08-04 15:01:45,673 [DEBUG] Rx: <7AF> (08) [p]	 222f312f310c5231
2026-08-04 15:01:45,722 [DEBUG] Rx: <7AF> (08) [p]	 233535204d51342f
2026-08-04 15:01:45,772 [DEBUG] Rx: <7AF> (08) [p]	 24312f310c523135
2026-08-04 15:01:45,822 [DEBUG] Rx: <7AF> (08) [p]	 2536204d51342f31
2026-08-04 15:01:45,873 [DEBUG] Rx: <7AF> (08) [p]	 262f31aaaaaaaaaa
2026-08-04 15:01:45,923 [INFO] TC_ID-409 - Received: 62F1EF07A70B523130204D51342F312F310C52313535204D51342F312F310C52313536204D51342F312F31
2026-08-04 15:01:45,925 [WARNING] TC_ID-409 - PreCondition: PC_ID-055  Testcase:RXSWIN Data(Defaultsession) -> ❌ FAIL - Expected 102B62F1EF07A70B523130204D51342F312F310C52313535204D51342F312F310C52313536204D51342F312F31AAAAAAAAAA
2026-08-04 15:01:45,925 [DEBUG] TxState=IDLE - RxState=IDLE
2026-08-04 15:01:45,929 [DEBUG] Stopping CanStack
2026-08-04 15:01:45,930 [DEBUG] Main thread is exiting
2026-08-04 15:01:45,975 [DEBUG] CanStack Stopped
2026-08-04 15:01:45,975 [INFO] Connection closed
2026-08-04 15:01:45,976 [INFO] Running Test Case: TC_ID-410
2026-08-04 15:01:45,977 [DEBUG] Starting CanStack
2026-08-04 15:01:45,978 [DEBUG] Main thread has started
2026-08-04 15:01:45,979 [DEBUG] Relay thread has started
2026-08-04 15:01:45,980 [INFO] Connection opened
2026-08-04 15:01:45,980 [INFO] Switched to physical mode for TC: TC_ID-410 Step: PreCondition: PC_ID-055  Testcase:BodyCANDataBaseVersionNumBErDataIdentifier (Defaultsession)
2026-08-04 15:01:45,981 [INFO] TC_ID-410 - PreCondition: PC_ID-055  Testcase:BodyCANDataBaseVersionNumBErDataIdentifier (Defaultsession): SID=0x22, Sub=0xF100, Expected=[6, 98, 241, 0, 49, 46, 55, 0]
2026-08-04 15:01:46,046 [INFO] TC_ID-410 - PreCondition: PC_ID-055  Testcase:BodyCANDataBaseVersionNumBErDataIdentifier (Defaultsession): Sending request 22F100
2026-08-04 15:01:46,047 [INFO] TC_ID-410 - PreCondition: PC_ID-055  Testcase:BodyCANDataBaseVersionNumBErDataIdentifier (Defaultsession): Sending request 22F100
2026-08-04 15:01:46,048 [DEBUG] Sending 3 bytes : [22f100]
2026-08-04 15:01:46,049 [DEBUG] Enqueuing a SendRequest for 3 bytes and TAT=Physical
2026-08-04 15:01:46,051 [DEBUG] Tx: <7A7> (08) [ ]	 0322f10000000000
2026-08-04 15:01:46,052 [DEBUG] We've been asked to write a message to the bus
2026-08-04 15:01:46,053 [DEBUG] sending: Timestamp:        0.000000    ID:      7a7    S Rx       BS       DL:  8    03 22 f1 00 00 00 00 00
2026-08-04 15:01:46,066 [DEBUG] Rx: <7AF> (08) [p]	 0662f100312e3700
2026-08-04 15:01:46,118 [INFO] TC_ID-410 - Received: 62F100312E37
2026-08-04 15:01:46,119 [WARNING] TC_ID-410 - PreCondition: PC_ID-055  Testcase:BodyCANDataBaseVersionNumBErDataIdentifier (Defaultsession) -> ❌ FAIL - Expected 0662F100312E3700
2026-08-04 15:01:46,120 [DEBUG] Stopping CanStack
2026-08-04 15:01:46,121 [DEBUG] Main thread is exiting
2026-08-04 15:01:46,164 [DEBUG] CanStack Stopped
2026-08-04 15:01:46,165 [INFO] Connection closed
2026-08-04 15:01:46,166 [INFO] Running Test Case: TC_ID-411
2026-08-04 15:01:46,166 [DEBUG] Starting CanStack
2026-08-04 15:01:46,168 [DEBUG] Main thread has started
2026-08-04 15:01:46,169 [DEBUG] Relay thread has started
2026-08-04 15:01:46,170 [INFO] Connection opened
2026-08-04 15:01:46,170 [INFO] Switched to physical mode for TC: TC_ID-411 Step: PreCondition: PC_ID-055  Testcase:VehicleManufacturerSparePartNumBErDataIdentifier(HKMC Part Number)(Defaultsession)
2026-08-04 15:01:46,171 [INFO] TC_ID-411 - PreCondition: PC_ID-055  Testcase:VehicleManufacturerSparePartNumBErDataIdentifier(HKMC Part Number)(Defaultsession): SID=0x22, Sub=0xF187, Expected=[16, 13, 98, 241, 135, 57, 54, 55, 48, 48, 71, 66, 49, 48, 48]
2026-08-04 15:01:46,241 [INFO] TC_ID-411 - PreCondition: PC_ID-055  Testcase:VehicleManufacturerSparePartNumBErDataIdentifier(HKMC Part Number)(Defaultsession): Sending request 22F187
2026-08-04 15:01:46,242 [INFO] TC_ID-411 - PreCondition: PC_ID-055  Testcase:VehicleManufacturerSparePartNumBErDataIdentifier(HKMC Part Number)(Defaultsession): Sending request 22F187
2026-08-04 15:01:46,243 [DEBUG] Sending 3 bytes : [22f187]
2026-08-04 15:01:46,244 [DEBUG] Enqueuing a SendRequest for 3 bytes and TAT=Physical
2026-08-04 15:01:46,246 [DEBUG] Tx: <7A7> (08) [ ]	 0322f18700000000
2026-08-04 15:01:46,247 [DEBUG] We've been asked to write a message to the bus
2026-08-04 15:01:46,248 [DEBUG] sending: Timestamp:        0.000000    ID:      7a7    S Rx       BS       DL:  8    03 22 f1 87 00 00 00 00
2026-08-04 15:01:46,263 [DEBUG] We've been asked to write a message to the bus
2026-08-04 15:01:46,264 [DEBUG] sending: Timestamp:        0.000000    ID:      7a7    S Rx       BS       DL:  8    30 08 0a 00 00 00 00 00
2026-08-04 15:01:46,265 [DEBUG] Rx: <7AF> (08) [p]	 100d62f187393637
2026-08-04 15:01:46,268 [DEBUG] Tx: <7A7> (08) [ ]	 30080a0000000000
2026-08-04 15:01:46,270 [DEBUG] We've been asked to write a message to the bus
2026-08-04 15:01:46,271 [DEBUG] sending: Timestamp:        0.000000    ID:      7a7    S Rx       BS       DL:  8    30 08 0a 00 00 00 00 00
2026-08-04 15:01:46,272 [DEBUG] TxState=IDLE - RxState=WAIT_CF
2026-08-04 15:01:46,314 [DEBUG] Rx: <7AF> (08) [p]	 2130304742313030
2026-08-04 15:01:46,364 [INFO] TC_ID-411 - Received: 62F18739363730304742313030
2026-08-04 15:01:46,365 [WARNING] TC_ID-411 - PreCondition: PC_ID-055  Testcase:VehicleManufacturerSparePartNumBErDataIdentifier(HKMC Part Number)(Defaultsession) -> ❌ FAIL - Expected 100D62F18739363730304742313030
2026-08-04 15:01:46,366 [DEBUG] Stopping CanStack
2026-08-04 15:01:46,367 [DEBUG] TxState=IDLE - RxState=IDLE
2026-08-04 15:01:46,368 [DEBUG] Main thread is exiting
2026-08-04 15:01:46,414 [DEBUG] CanStack Stopped
2026-08-04 15:01:46,415 [INFO] Connection closed
2026-08-04 15:01:46,415 [INFO] Running Test Case: TC_ID-412
2026-08-04 15:01:46,416 [DEBUG] Starting CanStack
2026-08-04 15:01:46,417 [DEBUG] Main thread has started
2026-08-04 15:01:46,418 [DEBUG] Relay thread has started
2026-08-04 15:01:46,419 [INFO] Connection opened
2026-08-04 15:01:46,420 [INFO] Switched to physical mode for TC: TC_ID-412 Step: PreCondition: PC_ID-055  Testcase:ECUManufacturingDateDataIdentifier(Defaultsession)
2026-08-04 15:01:46,420 [INFO] TC_ID-412 - PreCondition: PC_ID-055  Testcase:ECUManufacturingDateDataIdentifier(Defaultsession): SID=0x22, Sub=0xF18B, Expected=[7, 98, 241, 139, 0, 0, 0, 0]
2026-08-04 15:01:46,484 [INFO] TC_ID-412 - PreCondition: PC_ID-055  Testcase:ECUManufacturingDateDataIdentifier(Defaultsession): Sending request 22F18B
2026-08-04 15:01:46,485 [INFO] TC_ID-412 - PreCondition: PC_ID-055  Testcase:ECUManufacturingDateDataIdentifier(Defaultsession): Sending request 22F18B
2026-08-04 15:01:46,486 [DEBUG] Sending 3 bytes : [22f18b]
2026-08-04 15:01:46,487 [DEBUG] Enqueuing a SendRequest for 3 bytes and TAT=Physical
2026-08-04 15:01:46,489 [DEBUG] Tx: <7A7> (08) [ ]	 0322f18b00000000
2026-08-04 15:01:46,491 [DEBUG] We've been asked to write a message to the bus
2026-08-04 15:01:46,492 [DEBUG] sending: Timestamp:        0.000000    ID:      7a7    S Rx       BS       DL:  8    03 22 f1 8b 00 00 00 00
2026-08-04 15:01:46,505 [DEBUG] Rx: <7AF> (08) [p]	 0762f18b00000000
2026-08-04 15:01:46,554 [INFO] TC_ID-412 - Received: 62F18B00000000
2026-08-04 15:01:46,555 [WARNING] TC_ID-412 - PreCondition: PC_ID-055  Testcase:ECUManufacturingDateDataIdentifier(Defaultsession) -> ❌ FAIL - Expected 0762F18B00000000
2026-08-04 15:01:46,556 [DEBUG] Stopping CanStack
2026-08-04 15:01:46,557 [DEBUG] Main thread is exiting
2026-08-04 15:01:46,606 [DEBUG] CanStack Stopped
2026-08-04 15:01:46,607 [INFO] Connection closed
2026-08-04 15:01:46,608 [INFO] Running Test Case: TC_ID-413
2026-08-04 15:01:46,608 [DEBUG] Starting CanStack
2026-08-04 15:01:46,609 [DEBUG] Main thread has started
2026-08-04 15:01:46,610 [DEBUG] Relay thread has started
2026-08-04 15:01:46,611 [INFO] Connection opened
2026-08-04 15:01:46,612 [INFO] Switched to physical mode for TC: TC_ID-413 Step: PreCondition: PC_ID-055  Testcase:ECUSerialNumberDataIdentifier(Defaultsession)
2026-08-04 15:01:46,613 [INFO] TC_ID-413 - PreCondition: PC_ID-055  Testcase:ECUSerialNumberDataIdentifier(Defaultsession): SID=0x22, Sub=0xF18C, Expected=[16, 11, 98, 241, 140, 48, 48, 49, 49, 53, 57, 49, 53, 0, 0]
2026-08-04 15:01:46,676 [INFO] TC_ID-413 - PreCondition: PC_ID-055  Testcase:ECUSerialNumberDataIdentifier(Defaultsession): Sending request 22F18C
2026-08-04 15:01:46,677 [INFO] TC_ID-413 - PreCondition: PC_ID-055  Testcase:ECUSerialNumberDataIdentifier(Defaultsession): Sending request 22F18C
2026-08-04 15:01:46,679 [DEBUG] Sending 3 bytes : [22f18c]
2026-08-04 15:01:46,680 [DEBUG] Enqueuing a SendRequest for 3 bytes and TAT=Physical
2026-08-04 15:01:46,682 [DEBUG] Tx: <7A7> (08) [ ]	 0322f18c00000000
2026-08-04 15:01:46,683 [DEBUG] We've been asked to write a message to the bus
2026-08-04 15:01:46,683 [DEBUG] sending: Timestamp:        0.000000    ID:      7a7    S Rx       BS       DL:  8    03 22 f1 8c 00 00 00 00
2026-08-04 15:01:46,693 [DEBUG] We've been asked to write a message to the bus
2026-08-04 15:01:46,699 [DEBUG] Rx: <7AF> (08) [p]	 100b62f18c303031
2026-08-04 15:01:46,701 [DEBUG] sending: Timestamp:        0.000000    ID:      7a7    S Rx       BS       DL:  8    30 08 0a 00 00 00 00 00
2026-08-04 15:01:46,704 [DEBUG] Tx: <7A7> (08) [ ]	 30080a0000000000
2026-08-04 15:01:46,705 [DEBUG] We've been asked to write a message to the bus
2026-08-04 15:01:46,707 [DEBUG] sending: Timestamp:        0.000000    ID:      7a7    S Rx       BS       DL:  8    30 08 0a 00 00 00 00 00
2026-08-04 15:01:46,709 [DEBUG] TxState=IDLE - RxState=WAIT_CF
2026-08-04 15:01:46,753 [DEBUG] Rx: <7AF> (08) [p]	 2131353931350000
2026-08-04 15:01:46,803 [INFO] TC_ID-413 - Received: 62F18C3030313135393135
2026-08-04 15:01:46,804 [WARNING] TC_ID-413 - PreCondition: PC_ID-055  Testcase:ECUSerialNumberDataIdentifier(Defaultsession) -> ❌ FAIL - Expected 100B62F18C30303131353931350000
2026-08-04 15:01:46,805 [DEBUG] TxState=IDLE - RxState=IDLE
2026-08-04 15:01:46,806 [DEBUG] Stopping CanStack
2026-08-04 15:01:46,807 [DEBUG] Main thread is exiting
2026-08-04 15:01:46,855 [DEBUG] CanStack Stopped
2026-08-04 15:01:46,855 [INFO] Connection closed
2026-08-04 15:01:46,856 [INFO] Running Test Case: TC_ID-414
2026-08-04 15:01:46,857 [DEBUG] Starting CanStack
2026-08-04 15:01:46,858 [DEBUG] Main thread has started
2026-08-04 15:01:46,859 [DEBUG] Relay thread has started
2026-08-04 15:01:46,860 [INFO] Connection opened
2026-08-04 15:01:46,861 [INFO] Switched to physical mode for TC: TC_ID-414 Step: PreCondition: PC_ID-055  Testcase:SystemSupplierECUHardwareVersionNumberDataIdentifier(HKMC H/W Version)(Defaultsession)
2026-08-04 15:01:46,861 [INFO] TC_ID-414 - PreCondition: PC_ID-055  Testcase:SystemSupplierECUHardwareVersionNumberDataIdentifier(HKMC H/W Version)(Defaultsession): SID=0x22, Sub=0xF191, Expected=[7, 98, 241, 145, 49, 46, 48, 48]
2026-08-04 15:01:46,931 [INFO] TC_ID-414 - PreCondition: PC_ID-055  Testcase:SystemSupplierECUHardwareVersionNumberDataIdentifier(HKMC H/W Version)(Defaultsession): Sending request 22F191
2026-08-04 15:01:46,932 [INFO] TC_ID-414 - PreCondition: PC_ID-055  Testcase:SystemSupplierECUHardwareVersionNumberDataIdentifier(HKMC H/W Version)(Defaultsession): Sending request 22F191
2026-08-04 15:01:46,933 [DEBUG] Sending 3 bytes : [22f191]
2026-08-04 15:01:46,934 [DEBUG] Enqueuing a SendRequest for 3 bytes and TAT=Physical
2026-08-04 15:01:46,936 [DEBUG] Tx: <7A7> (08) [ ]	 0322f19100000000
2026-08-04 15:01:46,937 [DEBUG] We've been asked to write a message to the bus
2026-08-04 15:01:46,938 [DEBUG] sending: Timestamp:        0.000000    ID:      7a7    S Rx       BS       DL:  8    03 22 f1 91 00 00 00 00
2026-08-04 15:01:46,953 [DEBUG] Rx: <7AF> (08) [p]	 0762f191312e3030
2026-08-04 15:01:47,002 [INFO] TC_ID-414 - Received: 62F191312E3030
2026-08-04 15:01:47,003 [WARNING] TC_ID-414 - PreCondition: PC_ID-055  Testcase:SystemSupplierECUHardwareVersionNumberDataIdentifier(HKMC H/W Version)(Defaultsession) -> ❌ FAIL - Expected 0762F191312E3030
2026-08-04 15:01:47,004 [DEBUG] Stopping CanStack
2026-08-04 15:01:47,005 [DEBUG] Main thread is exiting
2026-08-04 15:01:47,055 [DEBUG] CanStack Stopped
2026-08-04 15:01:47,055 [INFO] Connection closed
2026-08-04 15:01:47,056 [INFO] Running Test Case: TC_ID-415
2026-08-04 15:01:47,057 [DEBUG] Starting CanStack
2026-08-04 15:01:47,058 [DEBUG] Main thread has started
2026-08-04 15:01:47,059 [DEBUG] Relay thread has started
2026-08-04 15:01:47,060 [INFO] Connection opened
2026-08-04 15:01:47,060 [INFO] Switched to physical mode for TC: TC_ID-415 Step: PreCondition: PC_ID-055  Testcase:SystemSupplierECUHardwareVersionNumberDataIdentifier(Vendor H/W Version)(Defaultsession)
2026-08-04 15:01:47,061 [INFO] TC_ID-415 - PreCondition: PC_ID-055  Testcase:SystemSupplierECUHardwareVersionNumberDataIdentifier(Vendor H/W Version)(Defaultsession): SID=0x22, Sub=0xF193, Expected=[7, 98, 241, 147, 49, 46, 48, 48]
2026-08-04 15:01:47,136 [INFO] TC_ID-415 - PreCondition: PC_ID-055  Testcase:SystemSupplierECUHardwareVersionNumberDataIdentifier(Vendor H/W Version)(Defaultsession): Sending request 22F193
2026-08-04 15:01:47,138 [INFO] TC_ID-415 - PreCondition: PC_ID-055  Testcase:SystemSupplierECUHardwareVersionNumberDataIdentifier(Vendor H/W Version)(Defaultsession): Sending request 22F193
2026-08-04 15:01:47,139 [DEBUG] Sending 3 bytes : [22f193]
2026-08-04 15:01:47,140 [DEBUG] Enqueuing a SendRequest for 3 bytes and TAT=Physical
2026-08-04 15:01:47,142 [DEBUG] Tx: <7A7> (08) [ ]	 0322f19300000000
2026-08-04 15:01:47,143 [DEBUG] We've been asked to write a message to the bus
2026-08-04 15:01:47,143 [DEBUG] sending: Timestamp:        0.000000    ID:      7a7    S Rx       BS       DL:  8    03 22 f1 93 00 00 00 00
2026-08-04 15:01:47,156 [DEBUG] Rx: <7AF> (08) [p]	 0762f193312e3030
2026-08-04 15:01:47,209 [INFO] TC_ID-415 - Received: 62F193312E3030
2026-08-04 15:01:47,210 [WARNING] TC_ID-415 - PreCondition: PC_ID-055  Testcase:SystemSupplierECUHardwareVersionNumberDataIdentifier(Vendor H/W Version)(Defaultsession) -> ❌ FAIL - Expected 0762F193312E3030
2026-08-04 15:01:47,211 [DEBUG] Stopping CanStack
2026-08-04 15:01:47,212 [DEBUG] Main thread is exiting
2026-08-04 15:01:47,255 [DEBUG] CanStack Stopped
2026-08-04 15:01:47,256 [INFO] Connection closed
2026-08-04 15:01:47,256 [INFO] Running Test Case: TC_ID-416
2026-08-04 15:01:47,257 [DEBUG] Starting CanStack
2026-08-04 15:01:47,258 [DEBUG] Main thread has started
2026-08-04 15:01:47,259 [DEBUG] Relay thread has started
2026-08-04 15:01:47,260 [INFO] Connection opened
2026-08-04 15:01:47,261 [INFO] Switched to physical mode for TC: TC_ID-416 Step: PreCondition: PC_ID-055  Testcase:ECU Software Unit 1 IVD Data Identifier(Defaultsession)
2026-08-04 15:01:47,262 [INFO] TC_ID-416 - PreCondition: PC_ID-055  Testcase:ECU Software Unit 1 IVD Data Identifier(Defaultsession): SID=0x22, Sub=0xF1C1, Expected=[16, 35, 98, 241, 193, 6, 209, 157, 158, 131, 230, 93, 66, 101, 56, 187, 165, 182, 147, 159, 114, 22, 254, 215, 224, 180, 154, 152, 182, 14, 162, 141, 139, 43, 238, 78, 17, 0, 0, 0, 0, 0, 0]
2026-08-04 15:01:47,323 [INFO] TC_ID-416 - PreCondition: PC_ID-055  Testcase:ECU Software Unit 1 IVD Data Identifier(Defaultsession): Sending request 22F1C1
2026-08-04 15:01:47,324 [INFO] TC_ID-416 - PreCondition: PC_ID-055  Testcase:ECU Software Unit 1 IVD Data Identifier(Defaultsession): Sending request 22F1C1
2026-08-04 15:01:47,324 [DEBUG] Sending 3 bytes : [22f1c1]
2026-08-04 15:01:47,325 [DEBUG] Enqueuing a SendRequest for 3 bytes and TAT=Physical
2026-08-04 15:01:47,326 [DEBUG] Tx: <7A7> (08) [ ]	 0322f1c100000000
2026-08-04 15:01:47,327 [DEBUG] We've been asked to write a message to the bus
2026-08-04 15:01:47,328 [DEBUG] sending: Timestamp:        0.000000    ID:      7a7    S Rx       BS       DL:  8    03 22 f1 c1 00 00 00 00
2026-08-04 15:01:47,346 [DEBUG] Rx: <7AF> (08) [p]	 037f222200000000
2026-08-04 15:01:47,395 [INFO] TC_ID-416 - Received: 7F2222
2026-08-04 15:01:47,396 [WARNING] TC_ID-416 - PreCondition: PC_ID-055  Testcase:ECU Software Unit 1 IVD Data Identifier(Defaultsession) -> ❌ FAIL - Expected 102362F1C106D19D9E83E65D426538BBA5B6939F7216FED7E0B49A98B60EA28D8B2BEE4E11000000000000
2026-08-04 15:01:47,397 [DEBUG] Stopping CanStack
2026-08-04 15:01:47,398 [DEBUG] Main thread is exiting
2026-08-04 15:01:47,447 [DEBUG] CanStack Stopped
2026-08-04 15:01:47,448 [INFO] Connection closed
2026-08-04 15:01:47,449 [INFO] Running Test Case: TC_ID-417
2026-08-04 15:01:47,450 [DEBUG] Starting CanStack
2026-08-04 15:01:47,451 [DEBUG] Main thread has started
2026-08-04 15:01:47,452 [DEBUG] Relay thread has started
2026-08-04 15:01:47,453 [INFO] Connection opened
2026-08-04 15:01:47,454 [INFO] Switched to physical mode for TC: TC_ID-417 Step: PreCondition: PC_ID-055  Testcase:SystemSupplierECUSoftwareVersionNumbe DataIdentifier(HKMC IBU S/W Version)(Defaultsession)
2026-08-04 15:01:47,454 [INFO] TC_ID-417 - PreCondition: PC_ID-055  Testcase:SystemSupplierECUSoftwareVersionNumbe DataIdentifier(HKMC IBU S/W Version)(Defaultsession): SID=0x22, Sub=0xF195, Expected=[7, 98, 241, 149, 49, 46, 48, 48]
2026-08-04 15:01:47,525 [INFO] TC_ID-417 - PreCondition: PC_ID-055  Testcase:SystemSupplierECUSoftwareVersionNumbe DataIdentifier(HKMC IBU S/W Version)(Defaultsession): Sending request 22F195
2026-08-04 15:01:47,526 [INFO] TC_ID-417 - PreCondition: PC_ID-055  Testcase:SystemSupplierECUSoftwareVersionNumbe DataIdentifier(HKMC IBU S/W Version)(Defaultsession): Sending request 22F195
2026-08-04 15:01:47,527 [DEBUG] Sending 3 bytes : [22f195]
2026-08-04 15:01:47,528 [DEBUG] Enqueuing a SendRequest for 3 bytes and TAT=Physical
2026-08-04 15:01:47,530 [DEBUG] Tx: <7A7> (08) [ ]	 0322f19500000000
2026-08-04 15:01:47,531 [DEBUG] We've been asked to write a message to the bus
2026-08-04 15:01:47,532 [DEBUG] sending: Timestamp:        0.000000    ID:      7a7    S Rx       BS       DL:  8    03 22 f1 95 00 00 00 00
2026-08-04 15:01:47,546 [DEBUG] Rx: <7AF> (08) [p]	 0762f195312e3030
2026-08-04 15:01:47,593 [INFO] TC_ID-417 - Received: 62F195312E3030
2026-08-04 15:01:47,594 [WARNING] TC_ID-417 - PreCondition: PC_ID-055  Testcase:SystemSupplierECUSoftwareVersionNumbe DataIdentifier(HKMC IBU S/W Version)(Defaultsession) -> ❌ FAIL - Expected 0762F195312E3030
2026-08-04 15:01:47,594 [DEBUG] Stopping CanStack
2026-08-04 15:01:47,595 [DEBUG] Main thread is exiting
2026-08-04 15:01:47,597 [DEBUG] CanStack Stopped
2026-08-04 15:01:47,597 [INFO] Connection closed
2026-08-04 15:01:47,598 [INFO] Running Test Case: TC_ID-418
2026-08-04 15:01:47,599 [DEBUG] Starting CanStack
2026-08-04 15:01:47,600 [DEBUG] Main thread has started
2026-08-04 15:01:47,601 [DEBUG] Relay thread has started
2026-08-04 15:01:47,602 [INFO] Connection opened
2026-08-04 15:01:47,602 [INFO] Switched to physical mode for TC: TC_ID-418 Step: PreCondition: PC_ID-055  Testcase:SoftwareVersionHKMCVehicleManufactureDataIdentifier(Defaultsession)
2026-08-04 15:01:47,603 [INFO] TC_ID-418 - PreCondition: PC_ID-055  Testcase:SoftwareVersionHKMCVehicleManufactureDataIdentifier(Defaultsession): SID=0x22, Sub=0xF1A0, Expected=[7, 98, 241, 160, 49, 46, 48, 48]
2026-08-04 15:01:47,670 [INFO] TC_ID-418 - PreCondition: PC_ID-055  Testcase:SoftwareVersionHKMCVehicleManufactureDataIdentifier(Defaultsession): Sending request 22F1A0
2026-08-04 15:01:47,671 [INFO] TC_ID-418 - PreCondition: PC_ID-055  Testcase:SoftwareVersionHKMCVehicleManufactureDataIdentifier(Defaultsession): Sending request 22F1A0
2026-08-04 15:01:47,672 [DEBUG] Sending 3 bytes : [22f1a0]
2026-08-04 15:01:47,673 [DEBUG] Enqueuing a SendRequest for 3 bytes and TAT=Physical
2026-08-04 15:01:47,675 [DEBUG] Tx: <7A7> (08) [ ]	 0322f1a000000000
2026-08-04 15:01:47,676 [DEBUG] We've been asked to write a message to the bus
2026-08-04 15:01:47,677 [DEBUG] sending: Timestamp:        0.000000    ID:      7a7    S Rx       BS       DL:  8    03 22 f1 a0 00 00 00 00
2026-08-04 15:01:47,694 [DEBUG] Rx: <7AF> (08) [p]	 0762f1a0312e3030
2026-08-04 15:01:47,743 [INFO] TC_ID-418 - Received: 62F1A0312E3030
2026-08-04 15:01:47,744 [WARNING] TC_ID-418 - PreCondition: PC_ID-055  Testcase:SoftwareVersionHKMCVehicleManufactureDataIdentifier(Defaultsession) -> ❌ FAIL - Expected 0762F1A0312E3030
2026-08-04 15:01:47,745 [DEBUG] Stopping CanStack
2026-08-04 15:01:47,746 [DEBUG] Main thread is exiting
2026-08-04 15:01:47,795 [DEBUG] CanStack Stopped
2026-08-04 15:01:47,796 [INFO] Connection closed
2026-08-04 15:01:47,796 [INFO] Running Test Case: TC_ID-419
2026-08-04 15:01:47,797 [DEBUG] Starting CanStack
2026-08-04 15:01:47,798 [DEBUG] Main thread has started
2026-08-04 15:01:47,799 [DEBUG] Relay thread has started
2026-08-04 15:01:47,800 [INFO] Connection opened
2026-08-04 15:01:47,801 [INFO] Switched to physical mode for TC: TC_ID-419 Step: PreCondition: PC_ID-055  Testcase:ECUSupplierCodeDataIdentifier (Defaultsession)
2026-08-04 15:01:47,802 [INFO] TC_ID-419 - PreCondition: PC_ID-055  Testcase:ECUSupplierCodeDataIdentifier (Defaultsession): SID=0x22, Sub=0xF1A1, Expected=[7, 98, 241, 161, 84, 70, 69, 89]
2026-08-04 15:01:47,867 [INFO] TC_ID-419 - PreCondition: PC_ID-055  Testcase:ECUSupplierCodeDataIdentifier (Defaultsession): Sending request 22F1A1
2026-08-04 15:01:47,869 [INFO] TC_ID-419 - PreCondition: PC_ID-055  Testcase:ECUSupplierCodeDataIdentifier (Defaultsession): Sending request 22F1A1
2026-08-04 15:01:47,870 [DEBUG] Sending 3 bytes : [22f1a1]
2026-08-04 15:01:47,871 [DEBUG] Enqueuing a SendRequest for 3 bytes and TAT=Physical
2026-08-04 15:01:47,873 [DEBUG] Tx: <7A7> (08) [ ]	 0322f1a100000000
2026-08-04 15:01:47,874 [DEBUG] We've been asked to write a message to the bus
2026-08-04 15:01:47,875 [DEBUG] sending: Timestamp:        0.000000    ID:      7a7    S Rx       BS       DL:  8    03 22 f1 a1 00 00 00 00
2026-08-04 15:01:47,887 [DEBUG] Rx: <7AF> (08) [p]	 0762f1a154464559
2026-08-04 15:01:47,935 [INFO] TC_ID-419 - Received: 62F1A154464559
2026-08-04 15:01:47,936 [WARNING] TC_ID-419 - PreCondition: PC_ID-055  Testcase:ECUSupplierCodeDataIdentifier (Defaultsession) -> ❌ FAIL - Expected 0762F1A154464559
2026-08-04 15:01:47,937 [DEBUG] Stopping CanStack
2026-08-04 15:01:47,938 [DEBUG] Main thread is exiting
2026-08-04 15:01:47,987 [DEBUG] CanStack Stopped
2026-08-04 15:01:47,988 [INFO] Connection closed
2026-08-04 15:01:47,989 [INFO] Running Test Case: TC_ID-420
2026-08-04 15:01:47,990 [DEBUG] Starting CanStack
2026-08-04 15:01:47,991 [DEBUG] Main thread has started
2026-08-04 15:01:47,992 [DEBUG] Relay thread has started
2026-08-04 15:01:47,993 [INFO] Connection opened
2026-08-04 15:01:47,994 [INFO] Switched to physical mode for TC: TC_ID-420 Step: PreCondition: PC_ID-055  Testcase:ECUSoftwareUNITnumberDataIdentifier (ECU Manufacturer S/W Module Number : #01h)(Defaultsession)
2026-08-04 15:01:47,994 [INFO] TC_ID-420 - PreCondition: PC_ID-055  Testcase:ECUSoftwareUNITnumberDataIdentifier (ECU Manufacturer S/W Module Number : #01h)(Defaultsession): SID=0x22, Sub=0xF1B0, Expected=[4, 98, 241, 176, 1, 0, 0, 0]
2026-08-04 15:01:48,068 [INFO] TC_ID-420 - PreCondition: PC_ID-055  Testcase:ECUSoftwareUNITnumberDataIdentifier (ECU Manufacturer S/W Module Number : #01h)(Defaultsession): Sending request 22F1B0
2026-08-04 15:01:48,069 [INFO] TC_ID-420 - PreCondition: PC_ID-055  Testcase:ECUSoftwareUNITnumberDataIdentifier (ECU Manufacturer S/W Module Number : #01h)(Defaultsession): Sending request 22F1B0
2026-08-04 15:01:48,070 [DEBUG] Sending 3 bytes : [22f1b0]
2026-08-04 15:01:48,071 [DEBUG] Enqueuing a SendRequest for 3 bytes and TAT=Physical
2026-08-04 15:01:48,072 [DEBUG] Tx: <7A7> (08) [ ]	 0322f1b000000000
2026-08-04 15:01:48,073 [DEBUG] We've been asked to write a message to the bus
2026-08-04 15:01:48,074 [DEBUG] sending: Timestamp:        0.000000    ID:      7a7    S Rx       BS       DL:  8    03 22 f1 b0 00 00 00 00
2026-08-04 15:01:48,086 [DEBUG] Rx: <7AF> (08) [p]	 0462f1b001000000
2026-08-04 15:01:48,135 [INFO] TC_ID-420 - Received: 62F1B001
2026-08-04 15:01:48,136 [WARNING] TC_ID-420 - PreCondition: PC_ID-055  Testcase:ECUSoftwareUNITnumberDataIdentifier (ECU Manufacturer S/W Module Number : #01h)(Defaultsession) -> ❌ FAIL - Expected 0462F1B001000000
2026-08-04 15:01:48,137 [DEBUG] Stopping CanStack
2026-08-04 15:01:48,138 [DEBUG] Main thread is exiting
2026-08-04 15:01:48,186 [DEBUG] CanStack Stopped
2026-08-04 15:01:48,187 [INFO] Connection closed
2026-08-04 15:01:48,188 [INFO] Running Test Case: TC_ID-421
2026-08-04 15:01:48,189 [DEBUG] Starting CanStack
2026-08-04 15:01:48,190 [DEBUG] Main thread has started
2026-08-04 15:01:48,191 [DEBUG] Relay thread has started
2026-08-04 15:01:48,192 [INFO] Connection opened
2026-08-04 15:01:48,193 [INFO] Switched to physical mode for TC: TC_ID-421 Step: PreCondition: PC_ID-055  Testcase:ECU Software Unit1 Version(Defaultsession)
2026-08-04 15:01:48,193 [INFO] TC_ID-421 - PreCondition: PC_ID-055  Testcase:ECU Software Unit1 Version(Defaultsession): SID=0x22, Sub=0xF1B1, Expected=[7, 98, 241, 177, 49, 46, 48, 48]
2026-08-04 15:01:48,255 [INFO] TC_ID-421 - PreCondition: PC_ID-055  Testcase:ECU Software Unit1 Version(Defaultsession): Sending request 22F1B1
2026-08-04 15:01:48,256 [INFO] TC_ID-421 - PreCondition: PC_ID-055  Testcase:ECU Software Unit1 Version(Defaultsession): Sending request 22F1B1
2026-08-04 15:01:48,257 [DEBUG] Sending 3 bytes : [22f1b1]
2026-08-04 15:01:48,258 [DEBUG] Enqueuing a SendRequest for 3 bytes and TAT=Physical
2026-08-04 15:01:48,260 [DEBUG] Tx: <7A7> (08) [ ]	 0322f1b100000000
2026-08-04 15:01:48,261 [DEBUG] We've been asked to write a message to the bus
2026-08-04 15:01:48,262 [DEBUG] sending: Timestamp:        0.000000    ID:      7a7    S Rx       BS       DL:  8    03 22 f1 b1 00 00 00 00
2026-08-04 15:01:48,275 [DEBUG] Rx: <7AF> (08) [p]	 0762f1b1312e3030
2026-08-04 15:01:48,325 [INFO] TC_ID-421 - Received: 62F1B1312E3030
2026-08-04 15:01:48,326 [WARNING] TC_ID-421 - PreCondition: PC_ID-055  Testcase:ECU Software Unit1 Version(Defaultsession) -> ❌ FAIL - Expected 0762F1B1312E3030
2026-08-04 15:01:48,327 [DEBUG] Stopping CanStack
2026-08-04 15:01:48,330 [DEBUG] Main thread is exiting
2026-08-04 15:01:48,375 [DEBUG] CanStack Stopped
2026-08-04 15:01:48,376 [INFO] Connection closed
2026-08-04 15:01:48,377 [INFO] Running Test Case: TC_ID-422
2026-08-04 15:01:48,378 [DEBUG] Starting CanStack
2026-08-04 15:01:48,380 [DEBUG] Main thread has started
2026-08-04 15:01:48,382 [DEBUG] Relay thread has started
2026-08-04 15:01:48,384 [INFO] Connection opened
2026-08-04 15:01:48,385 [INFO] Switched to physical mode for TC: TC_ID-422 Step: PreCondition: PC_ID-055  Testcase:S_W_Version_Dataidentifier_F1_DD_Read(Defaultsession)
2026-08-04 15:01:48,386 [INFO] TC_ID-422 - PreCondition: PC_ID-055  Testcase:S_W_Version_Dataidentifier_F1_DD_Read(Defaultsession): SID=0x22, Sub=0xF1DD, Expected=[16, 10, 98, 241, 221, 49, 48, 48, 48, 49, 0, 0]
2026-08-04 15:01:48,456 [INFO] TC_ID-422 - PreCondition: PC_ID-055  Testcase:S_W_Version_Dataidentifier_F1_DD_Read(Defaultsession): Sending request 22F1DD
2026-08-04 15:01:48,457 [INFO] TC_ID-422 - PreCondition: PC_ID-055  Testcase:S_W_Version_Dataidentifier_F1_DD_Read(Defaultsession): Sending request 22F1DD
2026-08-04 15:01:48,458 [DEBUG] Sending 3 bytes : [22f1dd]
2026-08-04 15:01:48,458 [DEBUG] Enqueuing a SendRequest for 3 bytes and TAT=Physical
2026-08-04 15:01:48,459 [DEBUG] Tx: <7A7> (08) [ ]	 0322f1dd00000000
2026-08-04 15:01:48,460 [DEBUG] We've been asked to write a message to the bus
2026-08-04 15:01:48,460 [DEBUG] sending: Timestamp:        0.000000    ID:      7a7    S Rx       BS       DL:  8    03 22 f1 dd 00 00 00 00
2026-08-04 15:01:48,477 [DEBUG] Rx: <7AF> (08) [p]	 07f1dd3130303031
2026-08-04 15:01:48,523 [INFO] TC_ID-422 - Received: F1DD3130303031
2026-08-04 15:01:48,524 [WARNING] TC_ID-422 - PreCondition: PC_ID-055  Testcase:S_W_Version_Dataidentifier_F1_DD_Read(Defaultsession) -> ❌ FAIL - Expected 100A62F1DD31303030310000
2026-08-04 15:01:48,525 [DEBUG] Stopping CanStack
2026-08-04 15:01:48,527 [DEBUG] Main thread is exiting
2026-08-04 15:01:48,528 [DEBUG] CanStack Stopped
2026-08-04 15:01:48,529 [INFO] Connection closed
2026-08-04 15:01:48,530 [INFO] Running Test Case: TC_ID-423
2026-08-04 15:01:48,530 [DEBUG] Starting CanStack
2026-08-04 15:01:48,531 [DEBUG] Main thread has started
2026-08-04 15:01:48,532 [DEBUG] Relay thread has started
2026-08-04 15:01:48,534 [INFO] Connection opened
2026-08-04 15:01:48,534 [INFO] Switched to physical mode for TC: TC_ID-423 Step: PreCondition: PC_ID-055  Testcase:NonSleep Collected Each ECU Data Default session
2026-08-04 15:01:48,535 [INFO] TC_ID-423 - PreCondition: PC_ID-055  Testcase:NonSleep Collected Each ECU Data Default session: SID=0x22, Sub=0xED90, Expected=[16, 16, 98, 237, 144, 226, 0, 0, 0, 0, 0, 0, 4, 0, 0, 0, 0, 0, 0, 0, 0, 0]
2026-08-04 15:01:48,596 [INFO] TC_ID-423 - PreCondition: PC_ID-055  Testcase:NonSleep Collected Each ECU Data Default session: Sending request 22ED90
2026-08-04 15:01:48,597 [INFO] TC_ID-423 - PreCondition: PC_ID-055  Testcase:NonSleep Collected Each ECU Data Default session: Sending request 22ED90
2026-08-04 15:01:48,597 [DEBUG] Sending 3 bytes : [22ed90]
2026-08-04 15:01:48,598 [DEBUG] Enqueuing a SendRequest for 3 bytes and TAT=Physical
2026-08-04 15:01:48,599 [DEBUG] Tx: <7A7> (08) [ ]	 0322ed9000000000
2026-08-04 15:01:48,600 [DEBUG] We've been asked to write a message to the bus
2026-08-04 15:01:48,600 [DEBUG] sending: Timestamp:        0.000000    ID:      7a7    S Rx       BS       DL:  8    03 22 ed 90 00 00 00 00
2026-08-04 15:01:48,613 [DEBUG] We've been asked to write a message to the bus
2026-08-04 15:01:48,614 [DEBUG] sending: Timestamp:        0.000000    ID:      7a7    S Rx       BS       DL:  8    30 08 0a 00 00 00 00 00
2026-08-04 15:01:48,615 [DEBUG] Rx: <7AF> (08) [p]	 101062ed90e20000
2026-08-04 15:01:48,617 [DEBUG] Tx: <7A7> (08) [ ]	 30080a0000000000
2026-08-04 15:01:48,619 [DEBUG] We've been asked to write a message to the bus
2026-08-04 15:01:48,621 [DEBUG] sending: Timestamp:        0.000000    ID:      7a7    S Rx       BS       DL:  8    30 08 0a 00 00 00 00 00
2026-08-04 15:01:48,623 [DEBUG] TxState=IDLE - RxState=WAIT_CF
2026-08-04 15:01:48,665 [DEBUG] Rx: <7AF> (08) [p]	 2100000000040000
2026-08-04 15:01:48,713 [DEBUG] Rx: <7AF> (08) [p]	 2200000000000000
2026-08-04 15:01:48,763 [INFO] TC_ID-423 - Received: 62ED90E2000000000000040000000000
2026-08-04 15:01:48,764 [WARNING] TC_ID-423 - PreCondition: PC_ID-055  Testcase:NonSleep Collected Each ECU Data Default session -> ❌ FAIL - Expected 101062ED90E200000000000004000000000000000000
2026-08-04 15:01:48,765 [DEBUG] TxState=IDLE - RxState=IDLE
2026-08-04 15:01:48,766 [DEBUG] Stopping CanStack
2026-08-04 15:01:48,767 [DEBUG] Main thread is exiting
2026-08-04 15:01:48,814 [DEBUG] CanStack Stopped
2026-08-04 15:01:48,815 [INFO] Connection closed
2026-08-04 15:01:48,815 [INFO] Running Test Case: TC_ID-424
2026-08-04 15:01:48,816 [DEBUG] Starting CanStack
2026-08-04 15:01:48,817 [DEBUG] Main thread has started
2026-08-04 15:01:48,818 [DEBUG] Relay thread has started
2026-08-04 15:01:48,819 [INFO] Connection opened
2026-08-04 15:01:48,820 [INFO] Switched to physical mode for TC: TC_ID-424 Step: PreCondition: PC_ID-055  Testcase:Input Ountput Record Local Identifier #1 Default session
2026-08-04 15:01:48,820 [INFO] TC_ID-424 - PreCondition: PC_ID-055  Testcase:Input Ountput Record Local Identifier #1 Default session: SID=0x22, Sub=0xB602, Expected=[16, 8, 98, 182, 2, 128, 0, 0, 0, 151, 0, 0, 0, 0, 0]
2026-08-04 15:01:48,882 [INFO] TC_ID-424 - PreCondition: PC_ID-055  Testcase:Input Ountput Record Local Identifier #1 Default session: Sending request 22B602
2026-08-04 15:01:48,883 [INFO] TC_ID-424 - PreCondition: PC_ID-055  Testcase:Input Ountput Record Local Identifier #1 Default session: Sending request 22B602
2026-08-04 15:01:48,883 [DEBUG] Sending 3 bytes : [22b602]
2026-08-04 15:01:48,884 [DEBUG] Enqueuing a SendRequest for 3 bytes and TAT=Physical
2026-08-04 15:01:48,885 [DEBUG] Tx: <7A7> (08) [ ]	 0322b60200000000
2026-08-04 15:01:48,887 [DEBUG] We've been asked to write a message to the bus
2026-08-04 15:01:48,887 [DEBUG] sending: Timestamp:        0.000000    ID:      7a7    S Rx       BS       DL:  8    03 22 b6 02 00 00 00 00
2026-08-04 15:01:48,905 [DEBUG] Rx: <7AF> (08) [p]	 100862b602800000
2026-08-04 15:01:48,906 [DEBUG] We've been asked to write a message to the bus
2026-08-04 15:01:48,908 [DEBUG] Tx: <7A7> (08) [ ]	 30080a0000000000
2026-08-04 15:01:48,910 [DEBUG] sending: Timestamp:        0.000000    ID:      7a7    S Rx       BS       DL:  8    30 08 0a 00 00 00 00 00
2026-08-04 15:01:48,912 [DEBUG] We've been asked to write a message to the bus
2026-08-04 15:01:48,914 [DEBUG] sending: Timestamp:        0.000000    ID:      7a7    S Rx       BS       DL:  8    30 08 0a 00 00 00 00 00
2026-08-04 15:01:48,917 [DEBUG] TxState=IDLE - RxState=WAIT_CF
2026-08-04 15:01:48,968 [DEBUG] Rx: <7AF> (08) [p]	 21009a0000000000
2026-08-04 15:01:49,018 [INFO] TC_ID-424 - Received: 62B602800000009A
2026-08-04 15:01:49,018 [WARNING] TC_ID-424 - PreCondition: PC_ID-055  Testcase:Input Ountput Record Local Identifier #1 Default session -> ❌ FAIL - Expected 100862B60280000000970000000000
2026-08-04 15:01:49,019 [DEBUG] TxState=IDLE - RxState=IDLE
2026-08-04 15:01:49,020 [DEBUG] Stopping CanStack
2026-08-04 15:01:49,021 [DEBUG] Main thread is exiting
2026-08-04 15:01:49,068 [DEBUG] CanStack Stopped
2026-08-04 15:01:49,069 [INFO] Connection closed
2026-08-04 15:01:49,070 [INFO] Running Test Case: TC_ID-425
2026-08-04 15:01:49,070 [DEBUG] Starting CanStack
2026-08-04 15:01:49,071 [DEBUG] Main thread has started
2026-08-04 15:01:49,072 [DEBUG] Relay thread has started
2026-08-04 15:01:49,073 [INFO] Connection opened
2026-08-04 15:01:49,074 [INFO] Switched to physical mode for TC: TC_ID-425 Step: PreCondition: PC_ID-055  Testcase:Input Ountput Record Local Identifier #2 Default session
2026-08-04 15:01:49,074 [INFO] TC_ID-425 - PreCondition: PC_ID-055  Testcase:Input Ountput Record Local Identifier #2 Default session: SID=0x22, Sub=0xB603, Expected=[16, 9, 98, 182, 3, 242, 160, 0, 0, 0, 0, 0, 0, 0]
2026-08-04 15:01:49,137 [INFO] TC_ID-425 - PreCondition: PC_ID-055  Testcase:Input Ountput Record Local Identifier #2 Default session: Sending request 22B603
2026-08-04 15:01:49,138 [INFO] TC_ID-425 - PreCondition: PC_ID-055  Testcase:Input Ountput Record Local Identifier #2 Default session: Sending request 22B603
2026-08-04 15:01:49,139 [DEBUG] Sending 3 bytes : [22b603]
2026-08-04 15:01:49,139 [DEBUG] Enqueuing a SendRequest for 3 bytes and TAT=Physical
2026-08-04 15:01:49,141 [DEBUG] Tx: <7A7> (08) [ ]	 0322b60300000000
2026-08-04 15:01:49,142 [DEBUG] We've been asked to write a message to the bus
2026-08-04 15:01:49,143 [DEBUG] sending: Timestamp:        0.000000    ID:      7a7    S Rx       BS       DL:  8    03 22 b6 03 00 00 00 00
2026-08-04 15:01:49,157 [DEBUG] We've been asked to write a message to the bus
2026-08-04 15:01:49,160 [DEBUG] Rx: <7AF> (08) [p]	 100962b603f2a000
2026-08-04 15:01:49,161 [DEBUG] sending: Timestamp:        0.000000    ID:      7a7    S Rx       BS       DL:  8    30 08 0a 00 00 00 00 00
2026-08-04 15:01:49,162 [DEBUG] Tx: <7A7> (08) [ ]	 30080a0000000000
2026-08-04 15:01:49,164 [DEBUG] We've been asked to write a message to the bus
2026-08-04 15:01:49,166 [DEBUG] sending: Timestamp:        0.000000    ID:      7a7    S Rx       BS       DL:  8    30 08 0a 00 00 00 00 00
2026-08-04 15:01:49,168 [DEBUG] TxState=IDLE - RxState=WAIT_CF
2026-08-04 15:01:49,214 [DEBUG] Rx: <7AF> (08) [p]	 2100000000000000
2026-08-04 15:01:49,263 [INFO] TC_ID-425 - Received: 62B603F2A000000000
2026-08-04 15:01:49,264 [WARNING] TC_ID-425 - PreCondition: PC_ID-055  Testcase:Input Ountput Record Local Identifier #2 Default session -> ❌ FAIL - Expected 100962B603F2A000000000000000
2026-08-04 15:01:49,265 [DEBUG] TxState=IDLE - RxState=IDLE
2026-08-04 15:01:49,265 [DEBUG] Stopping CanStack
2026-08-04 15:01:49,267 [DEBUG] Main thread is exiting
2026-08-04 15:01:49,314 [DEBUG] CanStack Stopped
2026-08-04 15:01:49,315 [INFO] Connection closed
2026-08-04 15:01:49,316 [INFO] Running Test Case: TC_ID-426
2026-08-04 15:01:49,317 [DEBUG] Starting CanStack
2026-08-04 15:01:49,318 [DEBUG] Main thread has started
2026-08-04 15:01:49,319 [DEBUG] Relay thread has started
2026-08-04 15:01:49,320 [INFO] Connection opened
2026-08-04 15:01:49,321 [INFO] Switched to physical mode for TC: TC_ID-426 Step: PreCondition: PC_ID-055  Testcase:Input Ountput Record Local Identifier #3 Default session
2026-08-04 15:01:49,322 [INFO] TC_ID-426 - PreCondition: PC_ID-055  Testcase:Input Ountput Record Local Identifier #3 Default session: SID=0x22, Sub=0xB604, Expected=[16, 10, 98, 182, 4, 229, 252, 1, 1, 0, 32, 0, 0, 0, 0]
2026-08-04 15:01:49,386 [INFO] TC_ID-426 - PreCondition: PC_ID-055  Testcase:Input Ountput Record Local Identifier #3 Default session: Sending request 22B604
2026-08-04 15:01:49,387 [INFO] TC_ID-426 - PreCondition: PC_ID-055  Testcase:Input Ountput Record Local Identifier #3 Default session: Sending request 22B604
2026-08-04 15:01:49,388 [DEBUG] Sending 3 bytes : [22b604]
2026-08-04 15:01:49,389 [DEBUG] Enqueuing a SendRequest for 3 bytes and TAT=Physical
2026-08-04 15:01:49,391 [DEBUG] Tx: <7A7> (08) [ ]	 0322b60400000000
2026-08-04 15:01:49,392 [DEBUG] We've been asked to write a message to the bus
2026-08-04 15:01:49,393 [DEBUG] sending: Timestamp:        0.000000    ID:      7a7    S Rx       BS       DL:  8    03 22 b6 04 00 00 00 00
2026-08-04 15:01:49,403 [DEBUG] We've been asked to write a message to the bus
2026-08-04 15:01:49,407 [DEBUG] sending: Timestamp:        0.000000    ID:      7a7    S Rx       BS       DL:  8    30 08 0a 00 00 00 00 00
2026-08-04 15:01:49,408 [DEBUG] Rx: <7AF> (08) [p]	 100a62b604e5fc01
2026-08-04 15:01:49,411 [DEBUG] Tx: <7A7> (08) [ ]	 30080a0000000000
2026-08-04 15:01:49,414 [DEBUG] We've been asked to write a message to the bus
2026-08-04 15:01:49,415 [DEBUG] sending: Timestamp:        0.000000    ID:      7a7    S Rx       BS       DL:  8    30 08 0a 00 00 00 00 00
2026-08-04 15:01:49,416 [DEBUG] TxState=IDLE - RxState=WAIT_CF
2026-08-04 15:01:49,469 [DEBUG] Rx: <7AF> (08) [p]	 2101002000000000
2026-08-04 15:01:49,515 [INFO] TC_ID-426 - Received: 62B604E5FC0101002000
2026-08-04 15:01:49,516 [WARNING] TC_ID-426 - PreCondition: PC_ID-055  Testcase:Input Ountput Record Local Identifier #3 Default session -> ❌ FAIL - Expected 100A62B604E5FC0101002000000000
2026-08-04 15:01:49,517 [DEBUG] Stopping CanStack
2026-08-04 15:01:49,518 [DEBUG] TxState=IDLE - RxState=IDLE
2026-08-04 15:01:49,519 [DEBUG] Main thread is exiting
2026-08-04 15:01:49,520 [DEBUG] CanStack Stopped
2026-08-04 15:01:49,521 [INFO] Connection closed
2026-08-04 15:01:49,521 [INFO] Running Test Case: TC_ID-427
2026-08-04 15:01:49,522 [DEBUG] Starting CanStack
2026-08-04 15:01:49,523 [DEBUG] Main thread has started
2026-08-04 15:01:49,524 [DEBUG] Relay thread has started
2026-08-04 15:01:49,525 [INFO] Connection opened
2026-08-04 15:01:49,526 [INFO] Switched to physical mode for TC: TC_ID-427 Step: PreCondition: PC_ID-055  Testcase:Input Ountput Record Local Identifier #4 Default session
2026-08-04 15:01:49,527 [INFO] TC_ID-427 - PreCondition: PC_ID-055  Testcase:Input Ountput Record Local Identifier #4 Default session: SID=0x22, Sub=0xB605, Expected=[16, 9, 98, 182, 5, 255, 255, 0, 0, 0, 0, 0, 0, 0, 0]
2026-08-04 15:01:49,589 [INFO] TC_ID-427 - PreCondition: PC_ID-055  Testcase:Input Ountput Record Local Identifier #4 Default session: Sending request 22B605
2026-08-04 15:01:49,590 [INFO] TC_ID-427 - PreCondition: PC_ID-055  Testcase:Input Ountput Record Local Identifier #4 Default session: Sending request 22B605
2026-08-04 15:01:49,591 [DEBUG] Sending 3 bytes : [22b605]
2026-08-04 15:01:49,592 [DEBUG] Enqueuing a SendRequest for 3 bytes and TAT=Physical
2026-08-04 15:01:49,594 [DEBUG] Tx: <7A7> (08) [ ]	 0322b60500000000
2026-08-04 15:01:49,595 [DEBUG] We've been asked to write a message to the bus
2026-08-04 15:01:49,596 [DEBUG] sending: Timestamp:        0.000000    ID:      7a7    S Rx       BS       DL:  8    03 22 b6 05 00 00 00 00
2026-08-04 15:01:49,603 [DEBUG] We've been asked to write a message to the bus
2026-08-04 15:01:49,610 [DEBUG] sending: Timestamp:        0.000000    ID:      7a7    S Rx       BS       DL:  8    30 08 0a 00 00 00 00 00
2026-08-04 15:01:49,611 [DEBUG] Rx: <7AF> (08) [p]	 100962b605ffff00
2026-08-04 15:01:49,613 [DEBUG] Tx: <7A7> (08) [ ]	 30080a0000000000
2026-08-04 15:01:49,615 [DEBUG] We've been asked to write a message to the bus
2026-08-04 15:01:49,616 [DEBUG] sending: Timestamp:        0.000000    ID:      7a7    S Rx       BS       DL:  8    30 08 0a 00 00 00 00 00
2026-08-04 15:01:49,618 [DEBUG] TxState=IDLE - RxState=WAIT_CF
2026-08-04 15:01:49,663 [DEBUG] Rx: <7AF> (08) [p]	 2100000000000000
2026-08-04 15:01:49,713 [INFO] TC_ID-427 - Received: 62B605FFFF00000000
2026-08-04 15:01:49,714 [WARNING] TC_ID-427 - PreCondition: PC_ID-055  Testcase:Input Ountput Record Local Identifier #4 Default session -> ❌ FAIL - Expected 100962B605FFFF0000000000000000
2026-08-04 15:01:49,714 [DEBUG] Stopping CanStack
2026-08-04 15:01:49,715 [DEBUG] TxState=IDLE - RxState=IDLE
2026-08-04 15:01:49,716 [DEBUG] Main thread is exiting
2026-08-04 15:01:49,764 [DEBUG] CanStack Stopped
2026-08-04 15:01:49,765 [INFO] Connection closed
2026-08-04 15:01:49,766 [INFO] Running Test Case: TC_ID-428
2026-08-04 15:01:49,766 [DEBUG] Starting CanStack
2026-08-04 15:01:49,768 [DEBUG] Main thread has started
2026-08-04 15:01:49,769 [DEBUG] Relay thread has started
2026-08-04 15:01:49,770 [INFO] Connection opened
2026-08-04 15:01:49,770 [INFO] Switched to physical mode for TC: TC_ID-428 Step: PreCondition: PC_ID-055  Testcase:Platform Hardware Version Number DataIdentifier
2026-08-04 15:01:49,771 [INFO] TC_ID-428 - PreCondition: PC_ID-055  Testcase:Platform Hardware Version Number DataIdentifier: SID=0x22, Sub=0xF17D, Expected=[16, 17, 98, 241, 125, 48, 50, 95, 48, 51, 46, 48, 48, 46, 48, 48, 46, 48, 50]
2026-08-04 15:01:49,832 [INFO] TC_ID-428 - PreCondition: PC_ID-055  Testcase:Platform Hardware Version Number DataIdentifier: Sending request 22F17D
2026-08-04 15:01:49,833 [INFO] TC_ID-428 - PreCondition: PC_ID-055  Testcase:Platform Hardware Version Number DataIdentifier: Sending request 22F17D
2026-08-04 15:01:49,834 [DEBUG] Sending 3 bytes : [22f17d]
2026-08-04 15:01:49,835 [DEBUG] Enqueuing a SendRequest for 3 bytes and TAT=Physical
2026-08-04 15:01:49,837 [DEBUG] Tx: <7A7> (08) [ ]	 0322f17d00000000
2026-08-04 15:01:49,838 [DEBUG] We've been asked to write a message to the bus
2026-08-04 15:01:49,839 [DEBUG] sending: Timestamp:        0.000000    ID:      7a7    S Rx       BS       DL:  8    03 22 f1 7d 00 00 00 00
2026-08-04 15:01:49,856 [DEBUG] Rx: <7AF> (08) [p]	 037f221200000000
2026-08-04 15:01:49,904 [INFO] TC_ID-428 - Received: 7F2212
2026-08-04 15:01:49,905 [WARNING] TC_ID-428 - PreCondition: PC_ID-055  Testcase:Platform Hardware Version Number DataIdentifier -> ❌ FAIL - Expected 101162F17D30325F30332E30302E30302E3032
2026-08-04 15:01:49,905 [DEBUG] Stopping CanStack
2026-08-04 15:01:49,906 [DEBUG] Main thread is exiting
2026-08-04 15:01:49,907 [DEBUG] CanStack Stopped
2026-08-04 15:01:49,908 [INFO] Connection closed
2026-08-04 15:01:49,909 [INFO] Running Test Case: TC_ID-429
2026-08-04 15:01:49,910 [DEBUG] Starting CanStack
2026-08-04 15:01:49,911 [DEBUG] Main thread has started
2026-08-04 15:01:49,912 [DEBUG] Relay thread has started
2026-08-04 15:01:49,914 [INFO] Connection opened
2026-08-04 15:01:49,915 [INFO] Switched to physical mode for TC: TC_ID-429 Step: PreCondition: PC_ID-055  Testcase:Platform Version Number DataIdentifier
2026-08-04 15:01:49,917 [INFO] TC_ID-429 - PreCondition: PC_ID-055  Testcase:Platform Version Number DataIdentifier: SID=0x22, Sub=0xF17F, Expected=[16, 17, 98, 241, 127, 48, 53, 46, 48, 55, 46, 48, 48, 46, 48, 68, 46, 48, 48]
2026-08-04 15:01:49,985 [INFO] TC_ID-429 - PreCondition: PC_ID-055  Testcase:Platform Version Number DataIdentifier: Sending request 22F17F
2026-08-04 15:01:49,985 [INFO] TC_ID-429 - PreCondition: PC_ID-055  Testcase:Platform Version Number DataIdentifier: Sending request 22F17F
2026-08-04 15:01:49,986 [DEBUG] Sending 3 bytes : [22f17f]
2026-08-04 15:01:49,987 [DEBUG] Enqueuing a SendRequest for 3 bytes and TAT=Physical
2026-08-04 15:01:49,987 [DEBUG] Tx: <7A7> (08) [ ]	 0322f17f00000000
2026-08-04 15:01:49,988 [DEBUG] We've been asked to write a message to the bus
2026-08-04 15:01:49,989 [DEBUG] sending: Timestamp:        0.000000    ID:      7a7    S Rx       BS       DL:  8    03 22 f1 7f 00 00 00 00
2026-08-04 15:01:50,004 [DEBUG] Rx: <7AF> (08) [p]	 037f221200000000
2026-08-04 15:01:50,054 [INFO] TC_ID-429 - Received: 7F2212
2026-08-04 15:01:50,056 [WARNING] TC_ID-429 - PreCondition: PC_ID-055  Testcase:Platform Version Number DataIdentifier -> ❌ FAIL - Expected 101162F17F30352E30372E30302E30442E3030
2026-08-04 15:01:50,057 [DEBUG] Stopping CanStack
2026-08-04 15:01:50,058 [DEBUG] Main thread is exiting
2026-08-04 15:01:50,106 [DEBUG] CanStack Stopped
2026-08-04 15:01:50,107 [INFO] Connection closed
2026-08-04 15:01:50,109 [INFO] Running Test Case: TC_ID-430
2026-08-04 15:01:50,110 [DEBUG] Starting CanStack
2026-08-04 15:01:50,113 [DEBUG] Main thread has started
2026-08-04 15:01:50,117 [DEBUG] Relay thread has started
2026-08-04 15:01:50,123 [INFO] Connection opened
2026-08-04 15:01:50,124 [INFO] Switched to physical mode for TC: TC_ID-430 Step: PreCondition: PC_ID-055  Testcase:System Name Or Engine Type DataIdentifier
2026-08-04 15:01:50,125 [INFO] TC_ID-430 - PreCondition: PC_ID-055  Testcase:System Name Or Engine Type DataIdentifier: SID=0x22, Sub=0xF197, Expected=[7, 98, 241, 151, 83, 87, 82, 67]
2026-08-04 15:01:50,188 [INFO] TC_ID-430 - PreCondition: PC_ID-055  Testcase:System Name Or Engine Type DataIdentifier: Sending request 22F197
2026-08-04 15:01:50,189 [INFO] TC_ID-430 - PreCondition: PC_ID-055  Testcase:System Name Or Engine Type DataIdentifier: Sending request 22F197
2026-08-04 15:01:50,190 [DEBUG] Sending 3 bytes : [22f197]
2026-08-04 15:01:50,191 [DEBUG] Enqueuing a SendRequest for 3 bytes and TAT=Physical
2026-08-04 15:01:50,193 [DEBUG] Tx: <7A7> (08) [ ]	 0322f19700000000
2026-08-04 15:01:50,195 [DEBUG] We've been asked to write a message to the bus
2026-08-04 15:01:50,196 [DEBUG] sending: Timestamp:        0.000000    ID:      7a7    S Rx       BS       DL:  8    03 22 f1 97 00 00 00 00
2026-08-04 15:01:50,209 [DEBUG] Rx: <7AF> (08) [p]	 0762f19753575243
2026-08-04 15:01:50,256 [INFO] TC_ID-430 - Received: 62F19753575243
2026-08-04 15:01:50,257 [WARNING] TC_ID-430 - PreCondition: PC_ID-055  Testcase:System Name Or Engine Type DataIdentifier -> ❌ FAIL - Expected 0762F19753575243
2026-08-04 15:01:50,258 [DEBUG] Stopping CanStack
2026-08-04 15:01:50,259 [DEBUG] Main thread is exiting
2026-08-04 15:01:50,308 [DEBUG] CanStack Stopped
2026-08-04 15:01:50,309 [INFO] Connection closed
2026-08-04 15:01:50,310 [INFO] Running Test Case: TC_ID-431
2026-08-04 15:01:50,311 [DEBUG] Starting CanStack
2026-08-04 15:01:50,312 [DEBUG] Main thread has started
2026-08-04 15:01:50,313 [DEBUG] Relay thread has started
2026-08-04 15:01:50,314 [INFO] Connection opened
2026-08-04 15:01:50,314 [INFO] Switched to physical mode for TC: TC_ID-431 Step: PreCondition: PC_ID-055  Testcase:B CAN Database version in extended session NRC-12
2026-08-04 15:01:50,315 [INFO] TC_ID-431 - PreCondition: PC_ID-055  Testcase:B CAN Database version in extended session NRC-12: SID=0x22, Sub=0xF101, Expected=[3, 127, 34, 18, 0, 0, 0, 0]
2026-08-04 15:01:50,378 [INFO] TC_ID-431 - PreCondition: PC_ID-055  Testcase:B CAN Database version in extended session NRC-12: Sending request 22F101
2026-08-04 15:01:50,378 [INFO] TC_ID-431 - PreCondition: PC_ID-055  Testcase:B CAN Database version in extended session NRC-12: Sending request 22F101
2026-08-04 15:01:50,379 [DEBUG] Sending 3 bytes : [22f101]
2026-08-04 15:01:50,381 [DEBUG] Enqueuing a SendRequest for 3 bytes and TAT=Physical
2026-08-04 15:01:50,383 [DEBUG] Tx: <7A7> (08) [ ]	 0322f10100000000
2026-08-04 15:01:50,384 [DEBUG] We've been asked to write a message to the bus
2026-08-04 15:01:50,385 [DEBUG] sending: Timestamp:        0.000000    ID:      7a7    S Rx       BS       DL:  8    03 22 f1 01 00 00 00 00
2026-08-04 15:01:50,398 [DEBUG] Rx: <7AF> (08) [p]	 037f221200000000
2026-08-04 15:01:50,446 [INFO] TC_ID-431 - Received: 7F2212
2026-08-04 15:01:50,447 [WARNING] TC_ID-431 - PreCondition: PC_ID-055  Testcase:B CAN Database version in extended session NRC-12 -> ❌ FAIL - Expected 037F221200000000
2026-08-04 15:01:50,448 [DEBUG] Stopping CanStack
2026-08-04 15:01:50,449 [DEBUG] Main thread is exiting
2026-08-04 15:01:50,499 [DEBUG] CanStack Stopped
2026-08-04 15:01:50,499 [INFO] Connection closed
2026-08-04 15:01:50,500 [INFO] Running Test Case: TC_ID-432
2026-08-04 15:01:50,501 [DEBUG] Starting CanStack
2026-08-04 15:01:50,502 [DEBUG] Main thread has started
2026-08-04 15:01:50,503 [DEBUG] Relay thread has started
2026-08-04 15:01:50,505 [INFO] Connection opened
2026-08-04 15:01:50,506 [INFO] Switched to physical mode for TC: TC_ID-432 Step: PreCondition: PC_ID-055  Testcase:B CAN Database version in extended session NRC-13
2026-08-04 15:01:50,506 [INFO] TC_ID-432 - PreCondition: PC_ID-055  Testcase:B CAN Database version in extended session NRC-13: SID=0x22, Sub=0xF10032, Expected=[3, 127, 34, 19, 0, 0, 0, 0]
2026-08-04 15:01:50,571 [INFO] TC_ID-432 - PreCondition: PC_ID-055  Testcase:B CAN Database version in extended session NRC-13: Sending request 22F10032
2026-08-04 15:01:50,573 [INFO] TC_ID-432 - PreCondition: PC_ID-055  Testcase:B CAN Database version in extended session NRC-13: Sending request 22F10032
2026-08-04 15:01:50,574 [DEBUG] Sending 4 bytes : [22f10032]
2026-08-04 15:01:50,575 [DEBUG] Enqueuing a SendRequest for 4 bytes and TAT=Physical
2026-08-04 15:01:50,576 [DEBUG] Tx: <7A7> (08) [ ]	 0422f10032000000
2026-08-04 15:01:50,578 [DEBUG] We've been asked to write a message to the bus
2026-08-04 15:01:50,579 [DEBUG] sending: Timestamp:        0.000000    ID:      7a7    S Rx       BS       DL:  8    04 22 f1 00 32 00 00 00
2026-08-04 15:01:50,596 [DEBUG] Rx: <7AF> (08) [p]	 037f221300000000
2026-08-04 15:01:50,646 [INFO] TC_ID-432 - Received: 7F2213
2026-08-04 15:01:50,647 [WARNING] TC_ID-432 - PreCondition: PC_ID-055  Testcase:B CAN Database version in extended session NRC-13 -> ❌ FAIL - Expected 037F221300000000
2026-08-04 15:01:50,647 [DEBUG] Stopping CanStack
2026-08-04 15:01:50,648 [DEBUG] Main thread is exiting
2026-08-04 15:01:50,696 [DEBUG] CanStack Stopped
2026-08-04 15:01:50,697 [INFO] Connection closed
2026-08-04 15:01:50,697 [INFO] Running Test Case: TC_ID-433
2026-08-04 15:01:50,698 [DEBUG] Starting CanStack
2026-08-04 15:01:50,699 [DEBUG] Main thread has started
2026-08-04 15:01:50,700 [DEBUG] Relay thread has started
2026-08-04 15:01:50,702 [INFO] Connection opened
2026-08-04 15:01:50,702 [INFO] Switched to physical mode for TC: TC_ID-433 Step: PreCondition: PC_ID-055  Testcase:Vehicle Part Number in extended session NRC-12
2026-08-04 15:01:50,703 [INFO] TC_ID-433 - PreCondition: PC_ID-055  Testcase:Vehicle Part Number in extended session NRC-12: SID=0x22, Sub=0xF188, Expected=[3, 127, 34, 18, 0, 0, 0, 0]
2026-08-04 15:01:50,765 [INFO] TC_ID-433 - PreCondition: PC_ID-055  Testcase:Vehicle Part Number in extended session NRC-12: Sending request 22F188
2026-08-04 15:01:50,766 [INFO] TC_ID-433 - PreCondition: PC_ID-055  Testcase:Vehicle Part Number in extended session NRC-12: Sending request 22F188
2026-08-04 15:01:50,766 [DEBUG] Sending 3 bytes : [22f188]
2026-08-04 15:01:50,768 [DEBUG] Enqueuing a SendRequest for 3 bytes and TAT=Physical
2026-08-04 15:01:50,770 [DEBUG] Tx: <7A7> (08) [ ]	 0322f18800000000
2026-08-04 15:01:50,771 [DEBUG] We've been asked to write a message to the bus
2026-08-04 15:01:50,772 [DEBUG] sending: Timestamp:        0.000000    ID:      7a7    S Rx       BS       DL:  8    03 22 f1 88 00 00 00 00
2026-08-04 15:01:50,785 [DEBUG] Rx: <7AF> (08) [p]	 037f221200000000
2026-08-04 15:01:50,834 [INFO] TC_ID-433 - Received: 7F2212
2026-08-04 15:01:50,835 [WARNING] TC_ID-433 - PreCondition: PC_ID-055  Testcase:Vehicle Part Number in extended session NRC-12 -> ❌ FAIL - Expected 037F221200000000
2026-08-04 15:01:50,836 [DEBUG] Stopping CanStack
2026-08-04 15:01:50,837 [DEBUG] Main thread is exiting
2026-08-04 15:01:50,886 [DEBUG] CanStack Stopped
2026-08-04 15:01:50,887 [INFO] Connection closed
2026-08-04 15:01:50,887 [INFO] Running Test Case: TC_ID-434
2026-08-04 15:01:50,888 [DEBUG] Starting CanStack
2026-08-04 15:01:50,889 [DEBUG] Main thread has started
2026-08-04 15:01:50,890 [DEBUG] Relay thread has started
2026-08-04 15:01:50,892 [INFO] Connection opened
2026-08-04 15:01:50,893 [INFO] Switched to physical mode for TC: TC_ID-434 Step: PreCondition: PC_ID-055  Testcase:Vehicle Part Number in extended session NRC-13
2026-08-04 15:01:50,894 [INFO] TC_ID-434 - PreCondition: PC_ID-055  Testcase:Vehicle Part Number in extended session NRC-13: SID=0x22, Sub=0xF18721, Expected=[3, 127, 34, 19, 0, 0, 0, 0]
2026-08-04 15:01:50,957 [INFO] TC_ID-434 - PreCondition: PC_ID-055  Testcase:Vehicle Part Number in extended session NRC-13: Sending request 22F18721
2026-08-04 15:01:50,959 [INFO] TC_ID-434 - PreCondition: PC_ID-055  Testcase:Vehicle Part Number in extended session NRC-13: Sending request 22F18721
2026-08-04 15:01:50,964 [DEBUG] Sending 4 bytes : [22f18721]
2026-08-04 15:01:50,965 [DEBUG] Enqueuing a SendRequest for 4 bytes and TAT=Physical
2026-08-04 15:01:50,968 [DEBUG] Tx: <7A7> (08) [ ]	 0422f18721000000
2026-08-04 15:01:50,969 [DEBUG] We've been asked to write a message to the bus
2026-08-04 15:01:50,970 [DEBUG] sending: Timestamp:        0.000000    ID:      7a7    S Rx       BS       DL:  8    04 22 f1 87 21 00 00 00
2026-08-04 15:01:50,984 [DEBUG] Rx: <7AF> (08) [p]	 037f221300000000
2026-08-04 15:01:51,035 [INFO] TC_ID-434 - Received: 7F2213
2026-08-04 15:01:51,037 [WARNING] TC_ID-434 - PreCondition: PC_ID-055  Testcase:Vehicle Part Number in extended session NRC-13 -> ❌ FAIL - Expected 037F221300000000
2026-08-04 15:01:51,037 [DEBUG] Stopping CanStack
2026-08-04 15:01:51,038 [DEBUG] Main thread is exiting
2026-08-04 15:01:51,086 [DEBUG] CanStack Stopped
2026-08-04 15:01:51,087 [INFO] Connection closed
2026-08-04 15:01:51,088 [INFO] Running Test Case: TC_ID-435
2026-08-04 15:01:51,089 [DEBUG] Starting CanStack
2026-08-04 15:01:51,090 [DEBUG] Main thread has started
2026-08-04 15:01:51,091 [DEBUG] Relay thread has started
2026-08-04 15:01:51,092 [INFO] Connection opened
2026-08-04 15:01:51,093 [INFO] Switched to physical mode for TC: TC_ID-435 Step: PreCondition: PC_ID-055  Testcase:Manufacturing Date in extended session NRC-12
2026-08-04 15:01:51,093 [INFO] TC_ID-435 - PreCondition: PC_ID-055  Testcase:Manufacturing Date in extended session NRC-12: SID=0x22, Sub=0xF185, Expected=[3, 127, 34, 18, 0, 0, 0, 0]
2026-08-04 15:01:51,158 [INFO] TC_ID-435 - PreCondition: PC_ID-055  Testcase:Manufacturing Date in extended session NRC-12: Sending request 22F185
2026-08-04 15:01:51,159 [INFO] TC_ID-435 - PreCondition: PC_ID-055  Testcase:Manufacturing Date in extended session NRC-12: Sending request 22F185
2026-08-04 15:01:51,161 [DEBUG] Sending 3 bytes : [22f185]
2026-08-04 15:01:51,162 [DEBUG] Enqueuing a SendRequest for 3 bytes and TAT=Physical
2026-08-04 15:01:51,163 [DEBUG] Tx: <7A7> (08) [ ]	 0322f18500000000
2026-08-04 15:01:51,164 [DEBUG] We've been asked to write a message to the bus
2026-08-04 15:01:51,165 [DEBUG] sending: Timestamp:        0.000000    ID:      7a7    S Rx       BS       DL:  8    03 22 f1 85 00 00 00 00
2026-08-04 15:01:51,178 [DEBUG] Rx: <7AF> (08) [p]	 037f221200000000
2026-08-04 15:01:51,223 [INFO] TC_ID-435 - Received: 7F2212
2026-08-04 15:01:51,225 [WARNING] TC_ID-435 - PreCondition: PC_ID-055  Testcase:Manufacturing Date in extended session NRC-12 -> ❌ FAIL - Expected 037F221200000000
2026-08-04 15:01:51,225 [DEBUG] Stopping CanStack
2026-08-04 15:01:51,226 [DEBUG] Main thread is exiting
2026-08-04 15:01:51,227 [DEBUG] CanStack Stopped
2026-08-04 15:01:51,228 [INFO] Connection closed
2026-08-04 15:01:51,229 [INFO] Running Test Case: TC_ID-436
2026-08-04 15:01:51,229 [DEBUG] Starting CanStack
2026-08-04 15:01:51,230 [DEBUG] Main thread has started
2026-08-04 15:01:51,231 [DEBUG] Relay thread has started
2026-08-04 15:01:51,233 [INFO] Connection opened
2026-08-04 15:01:51,233 [INFO] Switched to physical mode for TC: TC_ID-436 Step: PreCondition: PC_ID-055  Testcase:Manufacturing Date in extended session NRC-13
2026-08-04 15:01:51,234 [INFO] TC_ID-436 - PreCondition: PC_ID-055  Testcase:Manufacturing Date in extended session NRC-13: SID=0x22, Sub=0xF18B12, Expected=[3, 127, 34, 19, 0, 0, 0, 0]
2026-08-04 15:01:51,296 [INFO] TC_ID-436 - PreCondition: PC_ID-055  Testcase:Manufacturing Date in extended session NRC-13: Sending request 22F18B12
2026-08-04 15:01:51,297 [INFO] TC_ID-436 - PreCondition: PC_ID-055  Testcase:Manufacturing Date in extended session NRC-13: Sending request 22F18B12
2026-08-04 15:01:51,298 [DEBUG] Sending 4 bytes : [22f18b12]
2026-08-04 15:01:51,299 [DEBUG] Enqueuing a SendRequest for 4 bytes and TAT=Physical
2026-08-04 15:01:51,301 [DEBUG] Tx: <7A7> (08) [ ]	 0422f18b12000000
2026-08-04 15:01:51,302 [DEBUG] We've been asked to write a message to the bus
2026-08-04 15:01:51,303 [DEBUG] sending: Timestamp:        0.000000    ID:      7a7    S Rx       BS       DL:  8    04 22 f1 8b 12 00 00 00
2026-08-04 15:01:51,317 [DEBUG] Rx: <7AF> (08) [p]	 037f221300000000
2026-08-04 15:01:51,366 [INFO] TC_ID-436 - Received: 7F2213
2026-08-04 15:01:51,367 [WARNING] TC_ID-436 - PreCondition: PC_ID-055  Testcase:Manufacturing Date in extended session NRC-13 -> ❌ FAIL - Expected 037F221300000000
2026-08-04 15:01:51,367 [DEBUG] Stopping CanStack
2026-08-04 15:01:51,368 [DEBUG] Main thread is exiting
2026-08-04 15:01:51,415 [DEBUG] CanStack Stopped
2026-08-04 15:01:51,416 [INFO] Connection closed
2026-08-04 15:01:51,417 [INFO] Running Test Case: TC_ID-437
2026-08-04 15:01:51,418 [DEBUG] Starting CanStack
2026-08-04 15:01:51,419 [DEBUG] Main thread has started
2026-08-04 15:01:51,419 [DEBUG] Relay thread has started
2026-08-04 15:01:51,421 [INFO] Connection opened
2026-08-04 15:01:51,421 [INFO] Switched to physical mode for TC: TC_ID-437 Step: PreCondition: PC_ID-055  Testcase:Serial Number in extended session NRC-12
2026-08-04 15:01:51,422 [INFO] TC_ID-437 - PreCondition: PC_ID-055  Testcase:Serial Number in extended session NRC-12: SID=0x22, Sub=0xF189, Expected=[3, 127, 34, 18, 0, 0, 0, 0]
2026-08-04 15:01:51,484 [INFO] TC_ID-437 - PreCondition: PC_ID-055  Testcase:Serial Number in extended session NRC-12: Sending request 22F189
2026-08-04 15:01:51,485 [INFO] TC_ID-437 - PreCondition: PC_ID-055  Testcase:Serial Number in extended session NRC-12: Sending request 22F189
2026-08-04 15:01:51,486 [DEBUG] Sending 3 bytes : [22f189]
2026-08-04 15:01:51,487 [DEBUG] Enqueuing a SendRequest for 3 bytes and TAT=Physical
2026-08-04 15:01:51,492 [DEBUG] Tx: <7A7> (08) [ ]	 0322f18900000000
2026-08-04 15:01:51,493 [DEBUG] We've been asked to write a message to the bus
2026-08-04 15:01:51,494 [DEBUG] sending: Timestamp:        0.000000    ID:      7a7    S Rx       BS       DL:  8    03 22 f1 89 00 00 00 00
2026-08-04 15:01:51,507 [DEBUG] Rx: <7AF> (08) [p]	 037f221200000000
2026-08-04 15:01:51,553 [INFO] TC_ID-437 - Received: 7F2212
2026-08-04 15:01:51,554 [WARNING] TC_ID-437 - PreCondition: PC_ID-055  Testcase:Serial Number in extended session NRC-12 -> ❌ FAIL - Expected 037F221200000000
2026-08-04 15:01:51,555 [DEBUG] Stopping CanStack
2026-08-04 15:01:51,556 [DEBUG] Main thread is exiting
2026-08-04 15:01:51,557 [DEBUG] CanStack Stopped
2026-08-04 15:01:51,558 [INFO] Connection closed
2026-08-04 15:01:51,559 [INFO] Running Test Case: TC_ID-438
2026-08-04 15:01:51,559 [DEBUG] Starting CanStack
2026-08-04 15:01:51,560 [DEBUG] Main thread has started
2026-08-04 15:01:51,561 [DEBUG] Relay thread has started
2026-08-04 15:01:51,562 [INFO] Connection opened
2026-08-04 15:01:51,563 [INFO] Switched to physical mode for TC: TC_ID-438 Step: PreCondition: PC_ID-055  Testcase:Serial Number in extended session NRC-13
2026-08-04 15:01:51,563 [INFO] TC_ID-438 - PreCondition: PC_ID-055  Testcase:Serial Number in extended session NRC-13: SID=0x22, Sub=0xF18C12, Expected=[3, 127, 34, 19, 0, 0, 0, 0]
2026-08-04 15:01:51,624 [INFO] TC_ID-438 - PreCondition: PC_ID-055  Testcase:Serial Number in extended session NRC-13: Sending request 22F18C12
2026-08-04 15:01:51,625 [INFO] TC_ID-438 - PreCondition: PC_ID-055  Testcase:Serial Number in extended session NRC-13: Sending request 22F18C12
2026-08-04 15:01:51,626 [DEBUG] Sending 4 bytes : [22f18c12]
2026-08-04 15:01:51,627 [DEBUG] Enqueuing a SendRequest for 4 bytes and TAT=Physical
2026-08-04 15:01:51,629 [DEBUG] Tx: <7A7> (08) [ ]	 0422f18c12000000
2026-08-04 15:01:51,630 [DEBUG] We've been asked to write a message to the bus
2026-08-04 15:01:51,631 [DEBUG] sending: Timestamp:        0.000000    ID:      7a7    S Rx       BS       DL:  8    04 22 f1 8c 12 00 00 00
2026-08-04 15:01:51,644 [DEBUG] Rx: <7AF> (08) [p]	 037f221300000000
2026-08-04 15:01:51,696 [INFO] TC_ID-438 - Received: 7F2213
2026-08-04 15:01:51,698 [WARNING] TC_ID-438 - PreCondition: PC_ID-055  Testcase:Serial Number in extended session NRC-13 -> ❌ FAIL - Expected 037F221300000000
2026-08-04 15:01:51,698 [DEBUG] Stopping CanStack
2026-08-04 15:01:51,699 [DEBUG] Main thread is exiting
2026-08-04 15:01:51,745 [DEBUG] CanStack Stopped
2026-08-04 15:01:51,746 [INFO] Connection closed
2026-08-04 15:01:51,747 [INFO] Running Test Case: TC_ID-439
2026-08-04 15:01:51,747 [DEBUG] Starting CanStack
2026-08-04 15:01:51,748 [DEBUG] Main thread has started
2026-08-04 15:01:51,749 [DEBUG] Relay thread has started
2026-08-04 15:01:51,750 [INFO] Connection opened
2026-08-04 15:01:51,751 [INFO] Switched to physical mode for TC: TC_ID-439 Step: PreCondition: PC_ID-055  Testcase:Vehicle Manufacturer ECU HW Number in extended session NRC-12
2026-08-04 15:01:51,752 [INFO] TC_ID-439 - PreCondition: PC_ID-055  Testcase:Vehicle Manufacturer ECU HW Number in extended session NRC-12: SID=0x22, Sub=0xF192, Expected=[3, 127, 34, 18, 0, 0, 0, 0]
2026-08-04 15:01:51,817 [INFO] TC_ID-439 - PreCondition: PC_ID-055  Testcase:Vehicle Manufacturer ECU HW Number in extended session NRC-12: Sending request 22F192
2026-08-04 15:01:51,818 [INFO] TC_ID-439 - PreCondition: PC_ID-055  Testcase:Vehicle Manufacturer ECU HW Number in extended session NRC-12: Sending request 22F192
2026-08-04 15:01:51,819 [DEBUG] Sending 3 bytes : [22f192]
2026-08-04 15:01:51,820 [DEBUG] Enqueuing a SendRequest for 3 bytes and TAT=Physical
2026-08-04 15:01:51,822 [DEBUG] Tx: <7A7> (08) [ ]	 0322f19200000000
2026-08-04 15:01:51,823 [DEBUG] We've been asked to write a message to the bus
2026-08-04 15:01:51,824 [DEBUG] sending: Timestamp:        0.000000    ID:      7a7    S Rx       BS       DL:  8    03 22 f1 92 00 00 00 00
2026-08-04 15:01:51,838 [DEBUG] Rx: <7AF> (08) [p]	 037f221200000000
2026-08-04 15:01:51,884 [INFO] TC_ID-439 - Received: 7F2212
2026-08-04 15:01:51,885 [WARNING] TC_ID-439 - PreCondition: PC_ID-055  Testcase:Vehicle Manufacturer ECU HW Number in extended session NRC-12 -> ❌ FAIL - Expected 037F221200000000
2026-08-04 15:01:51,886 [DEBUG] Stopping CanStack
2026-08-04 15:01:51,887 [DEBUG] Main thread is exiting
2026-08-04 15:01:51,888 [DEBUG] CanStack Stopped
2026-08-04 15:01:51,889 [INFO] Connection closed
2026-08-04 15:01:51,890 [INFO] Running Test Case: TC_ID-440
2026-08-04 15:01:51,891 [DEBUG] Starting CanStack
2026-08-04 15:01:51,892 [DEBUG] Main thread has started
2026-08-04 15:01:51,893 [DEBUG] Relay thread has started
2026-08-04 15:01:51,894 [INFO] Connection opened
2026-08-04 15:01:51,895 [INFO] Switched to physical mode for TC: TC_ID-440 Step: PreCondition: PC_ID-055  Testcase:Vehicle Manufacturer ECU HW Number in extended session NRC-13
2026-08-04 15:01:51,895 [INFO] TC_ID-440 - PreCondition: PC_ID-055  Testcase:Vehicle Manufacturer ECU HW Number in extended session NRC-13: SID=0x22, Sub=0xF19112, Expected=[3, 127, 34, 19, 0, 0, 0, 0]
2026-08-04 15:01:51,959 [INFO] TC_ID-440 - PreCondition: PC_ID-055  Testcase:Vehicle Manufacturer ECU HW Number in extended session NRC-13: Sending request 22F19112
2026-08-04 15:01:51,960 [INFO] TC_ID-440 - PreCondition: PC_ID-055  Testcase:Vehicle Manufacturer ECU HW Number in extended session NRC-13: Sending request 22F19112
2026-08-04 15:01:51,960 [DEBUG] Sending 4 bytes : [22f19112]
2026-08-04 15:01:51,961 [DEBUG] Enqueuing a SendRequest for 4 bytes and TAT=Physical
2026-08-04 15:01:51,962 [DEBUG] Tx: <7A7> (08) [ ]	 0422f19112000000
2026-08-04 15:01:51,963 [DEBUG] We've been asked to write a message to the bus
2026-08-04 15:01:51,964 [DEBUG] sending: Timestamp:        0.000000    ID:      7a7    S Rx       BS       DL:  8    04 22 f1 91 12 00 00 00
2026-08-04 15:01:51,979 [DEBUG] Rx: <7AF> (08) [p]	 037f221300000000
2026-08-04 15:01:52,028 [INFO] TC_ID-440 - Received: 7F2213
2026-08-04 15:01:52,029 [WARNING] TC_ID-440 - PreCondition: PC_ID-055  Testcase:Vehicle Manufacturer ECU HW Number in extended session NRC-13 -> ❌ FAIL - Expected 037F221300000000
2026-08-04 15:01:52,030 [DEBUG] Stopping CanStack
2026-08-04 15:01:52,030 [DEBUG] Main thread is exiting
2026-08-04 15:01:52,076 [DEBUG] CanStack Stopped
2026-08-04 15:01:52,077 [INFO] Connection closed
2026-08-04 15:01:52,077 [INFO] Running Test Case: TC_ID-441
2026-08-04 15:01:52,078 [DEBUG] Starting CanStack
2026-08-04 15:01:52,080 [DEBUG] Main thread has started
2026-08-04 15:01:52,081 [DEBUG] Relay thread has started
2026-08-04 15:01:52,083 [INFO] Connection opened
2026-08-04 15:01:52,084 [INFO] Switched to physical mode for TC: TC_ID-441 Step: PreCondition: PC_ID-055  Testcase:ECU Hardware Version in extended session NRC-12
2026-08-04 15:01:52,085 [INFO] TC_ID-441 - PreCondition: PC_ID-055  Testcase:ECU Hardware Version in extended session NRC-12: SID=0x22, Sub=0xF194, Expected=[3, 127, 34, 18, 0, 0, 0, 0]
2026-08-04 15:01:52,150 [INFO] TC_ID-441 - PreCondition: PC_ID-055  Testcase:ECU Hardware Version in extended session NRC-12: Sending request 22F194
2026-08-04 15:01:52,151 [INFO] TC_ID-441 - PreCondition: PC_ID-055  Testcase:ECU Hardware Version in extended session NRC-12: Sending request 22F194
2026-08-04 15:01:52,152 [DEBUG] Sending 3 bytes : [22f194]
2026-08-04 15:01:52,153 [DEBUG] Enqueuing a SendRequest for 3 bytes and TAT=Physical
2026-08-04 15:01:52,155 [DEBUG] Tx: <7A7> (08) [ ]	 0322f19400000000
2026-08-04 15:01:52,157 [DEBUG] We've been asked to write a message to the bus
2026-08-04 15:01:52,158 [DEBUG] sending: Timestamp:        0.000000    ID:      7a7    S Rx       BS       DL:  8    03 22 f1 94 00 00 00 00
2026-08-04 15:01:52,174 [DEBUG] Rx: <7AF> (08) [p]	 037f221200000000
2026-08-04 15:01:52,226 [INFO] TC_ID-441 - Received: 7F2212
2026-08-04 15:01:52,227 [WARNING] TC_ID-441 - PreCondition: PC_ID-055  Testcase:ECU Hardware Version in extended session NRC-12 -> ❌ FAIL - Expected 037F221200000000
2026-08-04 15:01:52,227 [DEBUG] Stopping CanStack
2026-08-04 15:01:52,228 [DEBUG] Main thread is exiting
2026-08-04 15:01:52,276 [DEBUG] CanStack Stopped
2026-08-04 15:01:52,279 [INFO] Connection closed
2026-08-04 15:01:52,281 [INFO] Running Test Case: TC_ID-442
2026-08-04 15:01:52,282 [DEBUG] Starting CanStack
2026-08-04 15:01:52,283 [DEBUG] Main thread has started
2026-08-04 15:01:52,285 [DEBUG] Relay thread has started
2026-08-04 15:01:52,287 [INFO] Connection opened
2026-08-04 15:01:52,288 [INFO] Switched to physical mode for TC: TC_ID-442 Step: PreCondition: PC_ID-055  Testcase:ECU Hardware Version in extended session NRC-13
2026-08-04 15:01:52,289 [INFO] TC_ID-442 - PreCondition: PC_ID-055  Testcase:ECU Hardware Version in extended session NRC-13: SID=0x22, Sub=0xF19312, Expected=[3, 127, 34, 19, 0, 0, 0, 0]
2026-08-04 15:01:52,353 [INFO] TC_ID-442 - PreCondition: PC_ID-055  Testcase:ECU Hardware Version in extended session NRC-13: Sending request 22F19312
2026-08-04 15:01:52,353 [INFO] TC_ID-442 - PreCondition: PC_ID-055  Testcase:ECU Hardware Version in extended session NRC-13: Sending request 22F19312
2026-08-04 15:01:52,354 [DEBUG] Sending 4 bytes : [22f19312]
2026-08-04 15:01:52,355 [DEBUG] Enqueuing a SendRequest for 4 bytes and TAT=Physical
2026-08-04 15:01:52,356 [DEBUG] Tx: <7A7> (08) [ ]	 0422f19312000000
2026-08-04 15:01:52,357 [DEBUG] We've been asked to write a message to the bus
2026-08-04 15:01:52,357 [DEBUG] sending: Timestamp:        0.000000    ID:      7a7    S Rx       BS       DL:  8    04 22 f1 93 12 00 00 00
2026-08-04 15:01:52,376 [DEBUG] Rx: <7AF> (08) [p]	 037f221300000000
2026-08-04 15:01:52,426 [INFO] TC_ID-442 - Received: 7F2213
2026-08-04 15:01:52,427 [WARNING] TC_ID-442 - PreCondition: PC_ID-055  Testcase:ECU Hardware Version in extended session NRC-13 -> ❌ FAIL - Expected 037F221300000000
2026-08-04 15:01:52,428 [DEBUG] Stopping CanStack
2026-08-04 15:01:52,429 [DEBUG] Main thread is exiting
2026-08-04 15:01:52,477 [DEBUG] CanStack Stopped
2026-08-04 15:01:52,478 [INFO] Connection closed
2026-08-04 15:01:52,478 [INFO] Running Test Case: TC_ID-443
2026-08-04 15:01:52,479 [DEBUG] Starting CanStack
2026-08-04 15:01:52,480 [DEBUG] Main thread has started
2026-08-04 15:01:52,481 [DEBUG] Relay thread has started
2026-08-04 15:01:52,482 [INFO] Connection opened
2026-08-04 15:01:52,483 [INFO] Switched to physical mode for TC: TC_ID-443 Step: PreCondition: PC_ID-055  Testcase:ECU ECU Software Version in extended session NRC-12
2026-08-04 15:01:52,484 [INFO] TC_ID-443 - PreCondition: PC_ID-055  Testcase:ECU ECU Software Version in extended session NRC-12: SID=0x22, Sub=0xF188, Expected=[3, 127, 34, 18, 0, 0, 0, 0]
2026-08-04 15:01:52,548 [INFO] TC_ID-443 - PreCondition: PC_ID-055  Testcase:ECU ECU Software Version in extended session NRC-12: Sending request 22F188
2026-08-04 15:01:52,549 [INFO] TC_ID-443 - PreCondition: PC_ID-055  Testcase:ECU ECU Software Version in extended session NRC-12: Sending request 22F188
2026-08-04 15:01:52,551 [DEBUG] Sending 3 bytes : [22f188]
2026-08-04 15:01:52,552 [DEBUG] Enqueuing a SendRequest for 3 bytes and TAT=Physical
2026-08-04 15:01:52,553 [DEBUG] Tx: <7A7> (08) [ ]	 0322f18800000000
2026-08-04 15:01:52,554 [DEBUG] We've been asked to write a message to the bus
2026-08-04 15:01:52,555 [DEBUG] sending: Timestamp:        0.000000    ID:      7a7    S Rx       BS       DL:  8    03 22 f1 88 00 00 00 00
2026-08-04 15:01:52,568 [DEBUG] Rx: <7AF> (08) [p]	 037f221200000000
2026-08-04 15:01:52,617 [INFO] TC_ID-443 - Received: 7F2212
2026-08-04 15:01:52,618 [WARNING] TC_ID-443 - PreCondition: PC_ID-055  Testcase:ECU ECU Software Version in extended session NRC-12 -> ❌ FAIL - Expected 037F221200000000
2026-08-04 15:01:52,619 [DEBUG] Stopping CanStack
2026-08-04 15:01:52,619 [DEBUG] Main thread is exiting
2026-08-04 15:01:52,665 [DEBUG] CanStack Stopped
2026-08-04 15:01:52,666 [INFO] Connection closed
2026-08-04 15:01:52,667 [INFO] Running Test Case: TC_ID-444
2026-08-04 15:01:52,668 [DEBUG] Starting CanStack
2026-08-04 15:01:52,669 [DEBUG] Main thread has started
2026-08-04 15:01:52,670 [DEBUG] Relay thread has started
2026-08-04 15:01:52,671 [INFO] Connection opened
2026-08-04 15:01:52,672 [INFO] Switched to physical mode for TC: TC_ID-444 Step: PreCondition: PC_ID-055  Testcase:ECU ECU Software Version in extended session NRC-13
2026-08-04 15:01:52,673 [INFO] TC_ID-444 - PreCondition: PC_ID-055  Testcase:ECU ECU Software Version in extended session NRC-13: SID=0x22, Sub=0xF19512, Expected=[3, 127, 34, 19, 0, 0, 0, 0]
2026-08-04 15:01:52,734 [INFO] TC_ID-444 - PreCondition: PC_ID-055  Testcase:ECU ECU Software Version in extended session NRC-13: Sending request 22F19512
2026-08-04 15:01:52,735 [INFO] TC_ID-444 - PreCondition: PC_ID-055  Testcase:ECU ECU Software Version in extended session NRC-13: Sending request 22F19512
2026-08-04 15:01:52,736 [DEBUG] Sending 4 bytes : [22f19512]
2026-08-04 15:01:52,737 [DEBUG] Enqueuing a SendRequest for 4 bytes and TAT=Physical
2026-08-04 15:01:52,739 [DEBUG] Tx: <7A7> (08) [ ]	 0422f19512000000
2026-08-04 15:01:52,740 [DEBUG] We've been asked to write a message to the bus
2026-08-04 15:01:52,741 [DEBUG] sending: Timestamp:        0.000000    ID:      7a7    S Rx       BS       DL:  8    04 22 f1 95 12 00 00 00
2026-08-04 15:01:52,755 [DEBUG] Rx: <7AF> (08) [p]	 037f221300000000
2026-08-04 15:01:52,806 [INFO] TC_ID-444 - Received: 7F2213
2026-08-04 15:01:52,807 [WARNING] TC_ID-444 - PreCondition: PC_ID-055  Testcase:ECU ECU Software Version in extended session NRC-13 -> ❌ FAIL - Expected 037F221300000000
2026-08-04 15:01:52,808 [DEBUG] Stopping CanStack
2026-08-04 15:01:52,809 [DEBUG] Main thread is exiting
2026-08-04 15:01:52,855 [DEBUG] CanStack Stopped
2026-08-04 15:01:52,856 [INFO] Connection closed
2026-08-04 15:01:52,857 [INFO] Running Test Case: TC_ID-445
2026-08-04 15:01:52,857 [DEBUG] Starting CanStack
2026-08-04 15:01:52,859 [DEBUG] Main thread has started
2026-08-04 15:01:52,859 [DEBUG] Relay thread has started
2026-08-04 15:01:52,861 [INFO] Connection opened
2026-08-04 15:01:52,861 [INFO] Switched to physical mode for TC: TC_ID-445 Step: PreCondition: PC_ID-055  Testcase:ECU HKMC Software Version in extended session NRC-12
2026-08-04 15:01:52,862 [INFO] TC_ID-445 - PreCondition: PC_ID-055  Testcase:ECU HKMC Software Version in extended session NRC-12: SID=0x22, Sub=0xF1A5, Expected=[3, 127, 34, 18, 0, 0, 0, 0]
2026-08-04 15:01:52,928 [INFO] TC_ID-445 - PreCondition: PC_ID-055  Testcase:ECU HKMC Software Version in extended session NRC-12: Sending request 22F1A5
2026-08-04 15:01:52,929 [INFO] TC_ID-445 - PreCondition: PC_ID-055  Testcase:ECU HKMC Software Version in extended session NRC-12: Sending request 22F1A5
2026-08-04 15:01:52,930 [DEBUG] Sending 3 bytes : [22f1a5]
2026-08-04 15:01:52,931 [DEBUG] Enqueuing a SendRequest for 3 bytes and TAT=Physical
2026-08-04 15:01:52,933 [DEBUG] Tx: <7A7> (08) [ ]	 0322f1a500000000
2026-08-04 15:01:52,934 [DEBUG] We've been asked to write a message to the bus
2026-08-04 15:01:52,935 [DEBUG] sending: Timestamp:        0.000000    ID:      7a7    S Rx       BS       DL:  8    03 22 f1 a5 00 00 00 00
2026-08-04 15:01:52,946 [DEBUG] Rx: <7AF> (08) [p]	 037f221200000000
2026-08-04 15:01:52,994 [INFO] TC_ID-445 - Received: 7F2212
2026-08-04 15:01:52,995 [WARNING] TC_ID-445 - PreCondition: PC_ID-055  Testcase:ECU HKMC Software Version in extended session NRC-12 -> ❌ FAIL - Expected 037F221200000000
2026-08-04 15:01:52,996 [DEBUG] Stopping CanStack
2026-08-04 15:01:52,997 [DEBUG] Main thread is exiting
2026-08-04 15:01:53,046 [DEBUG] CanStack Stopped
2026-08-04 15:01:53,047 [INFO] Connection closed
2026-08-04 15:01:53,048 [INFO] Running Test Case: TC_ID-446
2026-08-04 15:01:53,049 [DEBUG] Starting CanStack
2026-08-04 15:01:53,050 [DEBUG] Main thread has started
2026-08-04 15:01:53,051 [DEBUG] Relay thread has started
2026-08-04 15:01:53,052 [INFO] Connection opened
2026-08-04 15:01:53,052 [INFO] Switched to physical mode for TC: TC_ID-446 Step: PreCondition: PC_ID-055  Testcase:ECU HKMC Software Version in extended session NRC-13
2026-08-04 15:01:53,053 [INFO] TC_ID-446 - PreCondition: PC_ID-055  Testcase:ECU HKMC Software Version in extended session NRC-13: SID=0x22, Sub=0xF1A012, Expected=[3, 127, 34, 19, 0, 0, 0, 0]
2026-08-04 15:01:53,128 [INFO] TC_ID-446 - PreCondition: PC_ID-055  Testcase:ECU HKMC Software Version in extended session NRC-13: Sending request 22F1A012
2026-08-04 15:01:53,129 [INFO] TC_ID-446 - PreCondition: PC_ID-055  Testcase:ECU HKMC Software Version in extended session NRC-13: Sending request 22F1A012
2026-08-04 15:01:53,130 [DEBUG] Sending 4 bytes : [22f1a012]
2026-08-04 15:01:53,131 [DEBUG] Enqueuing a SendRequest for 4 bytes and TAT=Physical
2026-08-04 15:01:53,133 [DEBUG] Tx: <7A7> (08) [ ]	 0422f1a012000000
2026-08-04 15:01:53,134 [DEBUG] We've been asked to write a message to the bus
2026-08-04 15:01:53,135 [DEBUG] sending: Timestamp:        0.000000    ID:      7a7    S Rx       BS       DL:  8    04 22 f1 a0 12 00 00 00
2026-08-04 15:01:53,148 [DEBUG] Rx: <7AF> (08) [p]	 037f221300000000
2026-08-04 15:01:53,194 [INFO] TC_ID-446 - Received: 7F2213
2026-08-04 15:01:53,196 [WARNING] TC_ID-446 - PreCondition: PC_ID-055  Testcase:ECU HKMC Software Version in extended session NRC-13 -> ❌ FAIL - Expected 037F221300000000
2026-08-04 15:01:53,196 [DEBUG] Stopping CanStack
2026-08-04 15:01:53,198 [DEBUG] Main thread is exiting
2026-08-04 15:01:53,199 [DEBUG] CanStack Stopped
2026-08-04 15:01:53,200 [INFO] Connection closed
2026-08-04 15:01:53,200 [INFO] Running Test Case: TC_ID-447
2026-08-04 15:01:53,201 [DEBUG] Starting CanStack
2026-08-04 15:01:53,203 [DEBUG] Main thread has started
2026-08-04 15:01:53,203 [DEBUG] Relay thread has started
2026-08-04 15:01:53,205 [INFO] Connection opened
2026-08-04 15:01:53,206 [INFO] Switched to physical mode for TC: TC_ID-447 Step: PreCondition: PC_ID-055  Testcase:ECU ECU Supplier Code Data in extended session NRC-12
2026-08-04 15:01:53,206 [INFO] TC_ID-447 - PreCondition: PC_ID-055  Testcase:ECU ECU Supplier Code Data in extended session NRC-12: SID=0x22, Sub=0xF1A7, Expected=[3, 127, 34, 18, 0, 0, 0, 0]
2026-08-04 15:01:53,273 [INFO] TC_ID-447 - PreCondition: PC_ID-055  Testcase:ECU ECU Supplier Code Data in extended session NRC-12: Sending request 22F1A7
2026-08-04 15:01:53,274 [INFO] TC_ID-447 - PreCondition: PC_ID-055  Testcase:ECU ECU Supplier Code Data in extended session NRC-12: Sending request 22F1A7
2026-08-04 15:01:53,275 [DEBUG] Sending 3 bytes : [22f1a7]
2026-08-04 15:01:53,277 [DEBUG] Enqueuing a SendRequest for 3 bytes and TAT=Physical
2026-08-04 15:01:53,279 [DEBUG] Tx: <7A7> (08) [ ]	 0322f1a700000000
2026-08-04 15:01:53,280 [DEBUG] We've been asked to write a message to the bus
2026-08-04 15:01:53,281 [DEBUG] sending: Timestamp:        0.000000    ID:      7a7    S Rx       BS       DL:  8    03 22 f1 a7 00 00 00 00
2026-08-04 15:01:53,295 [DEBUG] Rx: <7AF> (08) [p]	 037f221200000000
2026-08-04 15:01:53,344 [INFO] TC_ID-447 - Received: 7F2212
2026-08-04 15:01:53,345 [WARNING] TC_ID-447 - PreCondition: PC_ID-055  Testcase:ECU ECU Supplier Code Data in extended session NRC-12 -> ❌ FAIL - Expected 037F221200000000
2026-08-04 15:01:53,346 [DEBUG] Stopping CanStack
2026-08-04 15:01:53,347 [DEBUG] Main thread is exiting
2026-08-04 15:01:53,395 [DEBUG] CanStack Stopped
2026-08-04 15:01:53,396 [INFO] Connection closed
2026-08-04 15:01:53,397 [INFO] Running Test Case: TC_ID-448
2026-08-04 15:01:53,398 [DEBUG] Starting CanStack
2026-08-04 15:01:53,399 [DEBUG] Main thread has started
2026-08-04 15:01:53,400 [DEBUG] Relay thread has started
2026-08-04 15:01:53,401 [INFO] Connection opened
2026-08-04 15:01:53,402 [INFO] Switched to physical mode for TC: TC_ID-448 Step: PreCondition: PC_ID-055  Testcase:ECU ECU Supplier Code Data in extended session NRC-13
2026-08-04 15:01:53,402 [INFO] TC_ID-448 - PreCondition: PC_ID-055  Testcase:ECU ECU Supplier Code Data in extended session NRC-13: SID=0x22, Sub=0xF1A112, Expected=[3, 127, 34, 19, 0, 0, 0, 0]
2026-08-04 15:01:53,468 [INFO] TC_ID-448 - PreCondition: PC_ID-055  Testcase:ECU ECU Supplier Code Data in extended session NRC-13: Sending request 22F1A112
2026-08-04 15:01:53,469 [INFO] TC_ID-448 - PreCondition: PC_ID-055  Testcase:ECU ECU Supplier Code Data in extended session NRC-13: Sending request 22F1A112
2026-08-04 15:01:53,470 [DEBUG] Sending 4 bytes : [22f1a112]
2026-08-04 15:01:53,471 [DEBUG] Enqueuing a SendRequest for 4 bytes and TAT=Physical
2026-08-04 15:01:53,473 [DEBUG] Tx: <7A7> (08) [ ]	 0422f1a112000000
2026-08-04 15:01:53,474 [DEBUG] We've been asked to write a message to the bus
2026-08-04 15:01:53,475 [DEBUG] sending: Timestamp:        0.000000    ID:      7a7    S Rx       BS       DL:  8    04 22 f1 a1 12 00 00 00
2026-08-04 15:01:53,489 [DEBUG] Rx: <7AF> (08) [p]	 037f221300000000
2026-08-04 15:01:53,537 [INFO] TC_ID-448 - Received: 7F2213
2026-08-04 15:01:53,538 [WARNING] TC_ID-448 - PreCondition: PC_ID-055  Testcase:ECU ECU Supplier Code Data in extended session NRC-13 -> ❌ FAIL - Expected 037F221300000000
2026-08-04 15:01:53,539 [DEBUG] Stopping CanStack
2026-08-04 15:01:53,540 [DEBUG] Main thread is exiting
2026-08-04 15:01:53,585 [DEBUG] CanStack Stopped
2026-08-04 15:01:53,586 [INFO] Connection closed
2026-08-04 15:01:53,587 [INFO] Running Test Case: TC_ID-449
2026-08-04 15:01:53,588 [DEBUG] Starting CanStack
2026-08-04 15:01:53,590 [DEBUG] Main thread has started
2026-08-04 15:01:53,591 [DEBUG] Relay thread has started
2026-08-04 15:01:53,593 [INFO] Connection opened
2026-08-04 15:01:53,594 [INFO] Switched to physical mode for TC: TC_ID-449 Step: PreCondition: PC_ID-055  Testcase:ECU ECU Software Unit Version in extended session NRC-12
2026-08-04 15:01:53,594 [INFO] TC_ID-449 - PreCondition: PC_ID-055  Testcase:ECU ECU Software Unit Version in extended session NRC-12: SID=0x22, Sub=0xF1B5, Expected=[3, 127, 34, 18, 0, 0, 0, 0]
2026-08-04 15:01:53,665 [INFO] TC_ID-449 - PreCondition: PC_ID-055  Testcase:ECU ECU Software Unit Version in extended session NRC-12: Sending request 22F1B5
2026-08-04 15:01:53,666 [INFO] TC_ID-449 - PreCondition: PC_ID-055  Testcase:ECU ECU Software Unit Version in extended session NRC-12: Sending request 22F1B5
2026-08-04 15:01:53,668 [DEBUG] Sending 3 bytes : [22f1b5]
2026-08-04 15:01:53,670 [DEBUG] Enqueuing a SendRequest for 3 bytes and TAT=Physical
2026-08-04 15:01:53,677 [DEBUG] Tx: <7A7> (08) [ ]	 0322f1b500000000
2026-08-04 15:01:53,679 [DEBUG] We've been asked to write a message to the bus
2026-08-04 15:01:53,682 [DEBUG] sending: Timestamp:        0.000000    ID:      7a7    S Rx       BS       DL:  8    03 22 f1 b5 00 00 00 00
2026-08-04 15:01:53,697 [DEBUG] Rx: <7AF> (08) [p]	 037f221200000000
2026-08-04 15:01:53,744 [INFO] TC_ID-449 - Received: 7F2212
2026-08-04 15:01:53,750 [WARNING] TC_ID-449 - PreCondition: PC_ID-055  Testcase:ECU ECU Software Unit Version in extended session NRC-12 -> ❌ FAIL - Expected 037F221200000000
2026-08-04 15:01:53,751 [DEBUG] Stopping CanStack
2026-08-04 15:01:53,753 [DEBUG] Main thread is exiting
2026-08-04 15:01:53,801 [DEBUG] CanStack Stopped
2026-08-04 15:01:53,803 [INFO] Connection closed
2026-08-04 15:01:53,804 [INFO] Running Test Case: TC_ID-450
2026-08-04 15:01:53,806 [DEBUG] Starting CanStack
2026-08-04 15:01:53,810 [DEBUG] Main thread has started
2026-08-04 15:01:53,813 [DEBUG] Relay thread has started
2026-08-04 15:01:53,814 [INFO] Connection opened
2026-08-04 15:01:53,815 [INFO] Switched to physical mode for TC: TC_ID-450 Step: PreCondition: PC_ID-055  Testcase:ECU ECU Software Unit Version in extended session NRC-13
2026-08-04 15:01:53,816 [INFO] TC_ID-450 - PreCondition: PC_ID-055  Testcase:ECU ECU Software Unit Version in extended session NRC-13: SID=0x22, Sub=0xF1B012, Expected=[3, 127, 34, 19, 0, 0, 0, 0]
2026-08-04 15:01:53,883 [INFO] TC_ID-450 - PreCondition: PC_ID-055  Testcase:ECU ECU Software Unit Version in extended session NRC-13: Sending request 22F1B012
2026-08-04 15:01:53,884 [INFO] TC_ID-450 - PreCondition: PC_ID-055  Testcase:ECU ECU Software Unit Version in extended session NRC-13: Sending request 22F1B012
2026-08-04 15:01:53,885 [DEBUG] Sending 4 bytes : [22f1b012]
2026-08-04 15:01:53,886 [DEBUG] Enqueuing a SendRequest for 4 bytes and TAT=Physical
2026-08-04 15:01:53,888 [DEBUG] Tx: <7A7> (08) [ ]	 0422f1b012000000
2026-08-04 15:01:53,889 [DEBUG] We've been asked to write a message to the bus
2026-08-04 15:01:53,890 [DEBUG] sending: Timestamp:        0.000000    ID:      7a7    S Rx       BS       DL:  8    04 22 f1 b0 12 00 00 00
2026-08-04 15:01:53,908 [DEBUG] Rx: <7AF> (08) [p]	 037f221300000000
2026-08-04 15:01:53,958 [INFO] TC_ID-450 - Received: 7F2213
2026-08-04 15:01:53,959 [WARNING] TC_ID-450 - PreCondition: PC_ID-055  Testcase:ECU ECU Software Unit Version in extended session NRC-13 -> ❌ FAIL - Expected 037F221300000000
2026-08-04 15:01:53,959 [DEBUG] Stopping CanStack
2026-08-04 15:01:53,960 [DEBUG] Main thread is exiting
2026-08-04 15:01:54,007 [DEBUG] CanStack Stopped
2026-08-04 15:01:54,008 [INFO] Connection closed
2026-08-04 15:01:54,009 [INFO] Running Test Case: TC_ID-451
2026-08-04 15:01:54,010 [DEBUG] Starting CanStack
2026-08-04 15:01:54,012 [DEBUG] Main thread has started
2026-08-04 15:01:54,014 [DEBUG] Relay thread has started
2026-08-04 15:01:54,016 [INFO] Connection opened
2026-08-04 15:01:54,017 [INFO] Switched to physical mode for TC: TC_ID-451 Step: PreCondition: PC_ID-055  Testcase:ECU Software Unit 1 Version in extended session NRC-12
2026-08-04 15:01:54,018 [INFO] TC_ID-451 - PreCondition: PC_ID-055  Testcase:ECU Software Unit 1 Version in extended session NRC-12: SID=0x22, Sub=0xF198, Expected=[3, 127, 34, 18, 0, 0, 0, 0]
2026-08-04 15:01:54,082 [INFO] TC_ID-451 - PreCondition: PC_ID-055  Testcase:ECU Software Unit 1 Version in extended session NRC-12: Sending request 22F198
2026-08-04 15:01:54,083 [INFO] TC_ID-451 - PreCondition: PC_ID-055  Testcase:ECU Software Unit 1 Version in extended session NRC-12: Sending request 22F198
2026-08-04 15:01:54,084 [DEBUG] Sending 3 bytes : [22f198]
2026-08-04 15:01:54,086 [DEBUG] Enqueuing a SendRequest for 3 bytes and TAT=Physical
2026-08-04 15:01:54,088 [DEBUG] Tx: <7A7> (08) [ ]	 0322f19800000000
2026-08-04 15:01:54,089 [DEBUG] We've been asked to write a message to the bus
2026-08-04 15:01:54,090 [DEBUG] sending: Timestamp:        0.000000    ID:      7a7    S Rx       BS       DL:  8    03 22 f1 98 00 00 00 00
2026-08-04 15:01:54,109 [DEBUG] Rx: <7AF> (08) [p]	 037f221200000000
2026-08-04 15:01:54,156 [INFO] TC_ID-451 - Received: 7F2212
2026-08-04 15:01:54,157 [WARNING] TC_ID-451 - PreCondition: PC_ID-055  Testcase:ECU Software Unit 1 Version in extended session NRC-12 -> ❌ FAIL - Expected 037F221200000000
2026-08-04 15:01:54,158 [DEBUG] Stopping CanStack
2026-08-04 15:01:54,158 [DEBUG] Main thread is exiting
2026-08-04 15:01:54,206 [DEBUG] CanStack Stopped
2026-08-04 15:01:54,207 [INFO] Connection closed
2026-08-04 15:01:54,207 [INFO] Running Test Case: TC_ID-452
2026-08-04 15:01:54,208 [DEBUG] Starting CanStack
2026-08-04 15:01:54,209 [DEBUG] Main thread has started
2026-08-04 15:01:54,210 [DEBUG] Relay thread has started
2026-08-04 15:01:54,211 [INFO] Connection opened
2026-08-04 15:01:54,211 [INFO] Switched to physical mode for TC: TC_ID-452 Step: PreCondition: PC_ID-055  Testcase:ECU Software Unit 1 Version in extended session NRC-13
2026-08-04 15:01:54,212 [INFO] TC_ID-452 - PreCondition: PC_ID-055  Testcase:ECU Software Unit 1 Version in extended session NRC-13: SID=0x22, Sub=0xF19712, Expected=[3, 127, 34, 19, 0, 0, 0, 0]
2026-08-04 15:01:54,273 [INFO] TC_ID-452 - PreCondition: PC_ID-055  Testcase:ECU Software Unit 1 Version in extended session NRC-13: Sending request 22F19712
2026-08-04 15:01:54,274 [INFO] TC_ID-452 - PreCondition: PC_ID-055  Testcase:ECU Software Unit 1 Version in extended session NRC-13: Sending request 22F19712
2026-08-04 15:01:54,275 [DEBUG] Sending 4 bytes : [22f19712]
2026-08-04 15:01:54,275 [DEBUG] Enqueuing a SendRequest for 4 bytes and TAT=Physical
2026-08-04 15:01:54,277 [DEBUG] Tx: <7A7> (08) [ ]	 0422f19712000000
2026-08-04 15:01:54,278 [DEBUG] We've been asked to write a message to the bus
2026-08-04 15:01:54,279 [DEBUG] sending: Timestamp:        0.000000    ID:      7a7    S Rx       BS       DL:  8    04 22 f1 97 12 00 00 00
2026-08-04 15:01:54,296 [DEBUG] Rx: <7AF> (08) [p]	 037f221300000000
2026-08-04 15:01:54,346 [INFO] TC_ID-452 - Received: 7F2213
2026-08-04 15:01:54,347 [WARNING] TC_ID-452 - PreCondition: PC_ID-055  Testcase:ECU Software Unit 1 Version in extended session NRC-13 -> ❌ FAIL - Expected 037F221300000000
2026-08-04 15:01:54,348 [DEBUG] Stopping CanStack
2026-08-04 15:01:54,349 [DEBUG] Main thread is exiting
2026-08-04 15:01:54,397 [DEBUG] CanStack Stopped
2026-08-04 15:01:54,398 [INFO] Connection closed
2026-08-04 15:01:54,399 [INFO] Running Test Case: TC_ID-453
2026-08-04 15:01:54,399 [DEBUG] Starting CanStack
2026-08-04 15:01:54,401 [DEBUG] Main thread has started
2026-08-04 15:01:54,401 [DEBUG] Relay thread has started
2026-08-04 15:01:54,403 [INFO] Connection opened
2026-08-04 15:01:54,403 [INFO] Switched to physical mode for TC: TC_ID-453 Step: PreCondition: PC_ID-055  Testcase:ECU Software Unit 1 Version in extended session NRC-12
2026-08-04 15:01:54,404 [INFO] TC_ID-453 - PreCondition: PC_ID-055  Testcase:ECU Software Unit 1 Version in extended session NRC-12: SID=0x22, Sub=0xF1C2, Expected=[3, 127, 34, 18, 0, 0, 0, 0]
2026-08-04 15:01:54,467 [INFO] TC_ID-453 - PreCondition: PC_ID-055  Testcase:ECU Software Unit 1 Version in extended session NRC-12: Sending request 22F1C2
2026-08-04 15:01:54,468 [INFO] TC_ID-453 - PreCondition: PC_ID-055  Testcase:ECU Software Unit 1 Version in extended session NRC-12: Sending request 22F1C2
2026-08-04 15:01:54,469 [DEBUG] Sending 3 bytes : [22f1c2]
2026-08-04 15:01:54,471 [DEBUG] Enqueuing a SendRequest for 3 bytes and TAT=Physical
2026-08-04 15:01:54,473 [DEBUG] Tx: <7A7> (08) [ ]	 0322f1c200000000
2026-08-04 15:01:54,474 [DEBUG] We've been asked to write a message to the bus
2026-08-04 15:01:54,474 [DEBUG] sending: Timestamp:        0.000000    ID:      7a7    S Rx       BS       DL:  8    03 22 f1 c2 00 00 00 00
2026-08-04 15:01:54,485 [DEBUG] Rx: <7AF> (08) [p]	 037f221200000000
2026-08-04 15:01:54,538 [INFO] TC_ID-453 - Received: 7F2212
2026-08-04 15:01:54,539 [WARNING] TC_ID-453 - PreCondition: PC_ID-055  Testcase:ECU Software Unit 1 Version in extended session NRC-12 -> ❌ FAIL - Expected 037F221200000000
2026-08-04 15:01:54,539 [DEBUG] Stopping CanStack
2026-08-04 15:01:54,540 [DEBUG] Main thread is exiting
2026-08-04 15:01:54,585 [DEBUG] CanStack Stopped
2026-08-04 15:01:54,586 [INFO] Connection closed
2026-08-04 15:01:54,587 [INFO] Running Test Case: TC_ID-454
2026-08-04 15:01:54,588 [DEBUG] Starting CanStack
2026-08-04 15:01:54,590 [DEBUG] Main thread has started
2026-08-04 15:01:54,593 [DEBUG] Relay thread has started
2026-08-04 15:01:54,594 [INFO] Connection opened
2026-08-04 15:01:54,596 [INFO] Switched to physical mode for TC: TC_ID-454 Step: PreCondition: PC_ID-055  Testcase:ECU Software Unit 1 Version in extended session NRC-13
2026-08-04 15:01:54,597 [INFO] TC_ID-454 - PreCondition: PC_ID-055  Testcase:ECU Software Unit 1 Version in extended session NRC-13: SID=0x22, Sub=0xF1C112, Expected=[3, 127, 34, 19, 0, 0, 0, 0]
2026-08-04 15:01:54,666 [INFO] TC_ID-454 - PreCondition: PC_ID-055  Testcase:ECU Software Unit 1 Version in extended session NRC-13: Sending request 22F1C112
2026-08-04 15:01:54,666 [INFO] TC_ID-454 - PreCondition: PC_ID-055  Testcase:ECU Software Unit 1 Version in extended session NRC-13: Sending request 22F1C112
2026-08-04 15:01:54,667 [DEBUG] Sending 4 bytes : [22f1c112]
2026-08-04 15:01:54,668 [DEBUG] Enqueuing a SendRequest for 4 bytes and TAT=Physical
2026-08-04 15:01:54,669 [DEBUG] Tx: <7A7> (08) [ ]	 0422f1c112000000
2026-08-04 15:01:54,670 [DEBUG] We've been asked to write a message to the bus
2026-08-04 15:01:54,670 [DEBUG] sending: Timestamp:        0.000000    ID:      7a7    S Rx       BS       DL:  8    04 22 f1 c1 12 00 00 00
2026-08-04 15:01:54,688 [DEBUG] Rx: <7AF> (08) [p]	 037f221300000000
2026-08-04 15:01:54,736 [INFO] TC_ID-454 - Received: 7F2213
2026-08-04 15:01:54,737 [WARNING] TC_ID-454 - PreCondition: PC_ID-055  Testcase:ECU Software Unit 1 Version in extended session NRC-13 -> ❌ FAIL - Expected 037F221300000000
2026-08-04 15:01:54,738 [DEBUG] Stopping CanStack
2026-08-04 15:01:54,739 [DEBUG] Main thread is exiting
2026-08-04 15:01:54,789 [DEBUG] CanStack Stopped
2026-08-04 15:01:54,790 [INFO] Connection closed
2026-08-04 15:01:54,790 [INFO] Running Test Case: TC_ID-455
2026-08-04 15:01:54,791 [DEBUG] Starting CanStack
2026-08-04 15:01:54,793 [DEBUG] Main thread has started
2026-08-04 15:01:54,794 [DEBUG] Relay thread has started
2026-08-04 15:01:54,795 [INFO] Connection opened
2026-08-04 15:01:54,795 [INFO] Switched to physical mode for TC: TC_ID-455 Step: PreCondition: PC_ID-055  Testcase:ECU System name in extended session NRC-12
2026-08-04 15:01:54,796 [INFO] TC_ID-455 - PreCondition: PC_ID-055  Testcase:ECU System name in extended session NRC-12: SID=0x22, Sub=0xF198, Expected=[3, 127, 34, 18, 0, 0, 0, 0]
2026-08-04 15:01:54,856 [INFO] TC_ID-455 - PreCondition: PC_ID-055  Testcase:ECU System name in extended session NRC-12: Sending request 22F198
2026-08-04 15:01:54,857 [INFO] TC_ID-455 - PreCondition: PC_ID-055  Testcase:ECU System name in extended session NRC-12: Sending request 22F198
2026-08-04 15:01:54,858 [DEBUG] Sending 3 bytes : [22f198]
2026-08-04 15:01:54,859 [DEBUG] Enqueuing a SendRequest for 3 bytes and TAT=Physical
2026-08-04 15:01:54,861 [DEBUG] Tx: <7A7> (08) [ ]	 0322f19800000000
2026-08-04 15:01:54,863 [DEBUG] We've been asked to write a message to the bus
2026-08-04 15:01:54,864 [DEBUG] sending: Timestamp:        0.000000    ID:      7a7    S Rx       BS       DL:  8    03 22 f1 98 00 00 00 00
2026-08-04 15:01:54,877 [DEBUG] Rx: <7AF> (08) [p]	 037f221200000000
2026-08-04 15:01:54,927 [INFO] TC_ID-455 - Received: 7F2212
2026-08-04 15:01:54,928 [WARNING] TC_ID-455 - PreCondition: PC_ID-055  Testcase:ECU System name in extended session NRC-12 -> ❌ FAIL - Expected 037F221200000000
2026-08-04 15:01:54,929 [DEBUG] Stopping CanStack
2026-08-04 15:01:54,930 [DEBUG] Main thread is exiting
2026-08-04 15:01:54,975 [DEBUG] CanStack Stopped
2026-08-04 15:01:54,976 [INFO] Connection closed
2026-08-04 15:01:54,977 [INFO] Running Test Case: TC_ID-456
2026-08-04 15:01:54,978 [DEBUG] Starting CanStack
2026-08-04 15:01:54,979 [DEBUG] Main thread has started
2026-08-04 15:01:54,980 [DEBUG] Relay thread has started
2026-08-04 15:01:54,980 [INFO] Connection opened
2026-08-04 15:01:54,981 [INFO] Switched to physical mode for TC: TC_ID-456 Step: PreCondition: PC_ID-055  Testcase:ECU System name in extended session NRC-13
2026-08-04 15:01:54,982 [INFO] TC_ID-456 - PreCondition: PC_ID-055  Testcase:ECU System name in extended session NRC-13: SID=0x22, Sub=0xF19712, Expected=[3, 127, 34, 19, 0, 0, 0, 0]
2026-08-04 15:01:55,042 [INFO] TC_ID-456 - PreCondition: PC_ID-055  Testcase:ECU System name in extended session NRC-13: Sending request 22F19712
2026-08-04 15:01:55,043 [INFO] TC_ID-456 - PreCondition: PC_ID-055  Testcase:ECU System name in extended session NRC-13: Sending request 22F19712
2026-08-04 15:01:55,044 [DEBUG] Sending 4 bytes : [22f19712]
2026-08-04 15:01:55,045 [DEBUG] Enqueuing a SendRequest for 4 bytes and TAT=Physical
2026-08-04 15:01:55,047 [DEBUG] Tx: <7A7> (08) [ ]	 0422f19712000000
2026-08-04 15:01:55,049 [DEBUG] We've been asked to write a message to the bus
2026-08-04 15:01:55,050 [DEBUG] sending: Timestamp:        0.000000    ID:      7a7    S Rx       BS       DL:  8    04 22 f1 97 12 00 00 00
2026-08-04 15:01:55,066 [DEBUG] Rx: <7AF> (08) [p]	 037f221300000000
2026-08-04 15:01:55,113 [INFO] TC_ID-456 - Received: 7F2213
2026-08-04 15:01:55,114 [WARNING] TC_ID-456 - PreCondition: PC_ID-055  Testcase:ECU System name in extended session NRC-13 -> ❌ FAIL - Expected 037F221300000000
2026-08-04 15:01:55,115 [DEBUG] Stopping CanStack
2026-08-04 15:01:55,116 [DEBUG] Main thread is exiting
2026-08-04 15:01:55,117 [DEBUG] CanStack Stopped
2026-08-04 15:01:55,118 [INFO] Connection closed
2026-08-04 15:01:55,119 [INFO] Running Test Case: TC_ID-457
2026-08-04 15:01:55,119 [DEBUG] Starting CanStack
2026-08-04 15:01:55,120 [DEBUG] Main thread has started
2026-08-04 15:01:55,121 [DEBUG] Relay thread has started
2026-08-04 15:01:55,123 [INFO] Connection opened
2026-08-04 15:01:55,123 [INFO] Switched to physical mode for TC: TC_ID-457 Step: PreCondition: PC_ID-055  Testcase:ECU Software Unit1 IVD Data in extended session NRC-12
2026-08-04 15:01:55,125 [INFO] TC_ID-457 - PreCondition: PC_ID-055  Testcase:ECU Software Unit1 IVD Data in extended session NRC-12: SID=0x22, Sub=0xF1B2, Expected=[3, 127, 34, 18, 0, 0, 0, 0]
2026-08-04 15:01:55,194 [INFO] TC_ID-457 - PreCondition: PC_ID-055  Testcase:ECU Software Unit1 IVD Data in extended session NRC-12: Sending request 22F1B2
2026-08-04 15:01:55,195 [INFO] TC_ID-457 - PreCondition: PC_ID-055  Testcase:ECU Software Unit1 IVD Data in extended session NRC-12: Sending request 22F1B2
2026-08-04 15:01:55,195 [DEBUG] Sending 3 bytes : [22f1b2]
2026-08-04 15:01:55,196 [DEBUG] Enqueuing a SendRequest for 3 bytes and TAT=Physical
2026-08-04 15:01:55,197 [DEBUG] Tx: <7A7> (08) [ ]	 0322f1b200000000
2026-08-04 15:01:55,197 [DEBUG] We've been asked to write a message to the bus
2026-08-04 15:01:55,198 [DEBUG] sending: Timestamp:        0.000000    ID:      7a7    S Rx       BS       DL:  8    03 22 f1 b2 00 00 00 00
2026-08-04 15:01:55,203 [DEBUG] Rx: <7AF> (08) [p]	 037f221200000000
2026-08-04 15:01:55,253 [INFO] TC_ID-457 - Received: 7F2212
2026-08-04 15:01:55,254 [WARNING] TC_ID-457 - PreCondition: PC_ID-055  Testcase:ECU Software Unit1 IVD Data in extended session NRC-12 -> ❌ FAIL - Expected 037F221200000000
2026-08-04 15:01:55,255 [DEBUG] Stopping CanStack
2026-08-04 15:01:55,257 [DEBUG] Main thread is exiting
2026-08-04 15:01:55,305 [DEBUG] CanStack Stopped
2026-08-04 15:01:55,306 [INFO] Connection closed
2026-08-04 15:01:55,307 [INFO] Running Test Case: TC_ID-458
2026-08-04 15:01:55,307 [DEBUG] Starting CanStack
2026-08-04 15:01:55,309 [DEBUG] Main thread has started
2026-08-04 15:01:55,310 [DEBUG] Relay thread has started
2026-08-04 15:01:55,312 [INFO] Connection opened
2026-08-04 15:01:55,313 [INFO] Switched to physical mode for TC: TC_ID-458 Step: PreCondition: PC_ID-055  Testcase:ECU Software Unit1 IVD Data in extended session NRC-13
2026-08-04 15:01:55,314 [INFO] TC_ID-458 - PreCondition: PC_ID-055  Testcase:ECU Software Unit1 IVD Data in extended session NRC-13: SID=0x22, Sub=0xF1B112, Expected=[3, 127, 34, 19, 0, 0, 0, 0]
2026-08-04 15:01:55,379 [INFO] TC_ID-458 - PreCondition: PC_ID-055  Testcase:ECU Software Unit1 IVD Data in extended session NRC-13: Sending request 22F1B112
2026-08-04 15:01:55,380 [INFO] TC_ID-458 - PreCondition: PC_ID-055  Testcase:ECU Software Unit1 IVD Data in extended session NRC-13: Sending request 22F1B112
2026-08-04 15:01:55,381 [DEBUG] Sending 4 bytes : [22f1b112]
2026-08-04 15:01:55,382 [DEBUG] Enqueuing a SendRequest for 4 bytes and TAT=Physical
2026-08-04 15:01:55,384 [DEBUG] Tx: <7A7> (08) [ ]	 0422f1b112000000
2026-08-04 15:01:55,385 [DEBUG] We've been asked to write a message to the bus
2026-08-04 15:01:55,386 [DEBUG] sending: Timestamp:        0.000000    ID:      7a7    S Rx       BS       DL:  8    04 22 f1 b1 12 00 00 00
2026-08-04 15:01:55,399 [DEBUG] Rx: <7AF> (08) [p]	 037f221300000000
2026-08-04 15:01:55,445 [INFO] TC_ID-458 - Received: 7F2213
2026-08-04 15:01:55,446 [WARNING] TC_ID-458 - PreCondition: PC_ID-055  Testcase:ECU Software Unit1 IVD Data in extended session NRC-13 -> ❌ FAIL - Expected 037F221300000000
2026-08-04 15:01:55,447 [DEBUG] Stopping CanStack
2026-08-04 15:01:55,448 [DEBUG] Main thread is exiting
2026-08-04 15:01:55,450 [DEBUG] CanStack Stopped
2026-08-04 15:01:55,450 [INFO] Connection closed
2026-08-04 15:01:55,451 [INFO] Running Test Case: TC_ID-459
2026-08-04 15:01:55,452 [DEBUG] Starting CanStack
2026-08-04 15:01:55,453 [DEBUG] Main thread has started
2026-08-04 15:01:55,454 [DEBUG] Relay thread has started
2026-08-04 15:01:55,455 [INFO] Connection opened
2026-08-04 15:01:55,456 [INFO] Switched to physical mode for TC: TC_ID-459 Step: PreCondition: PC_ID-055  Testcase:RXSWIN Data in extended session NRC-12
2026-08-04 15:01:55,457 [INFO] TC_ID-459 - PreCondition: PC_ID-055  Testcase:RXSWIN Data in extended session NRC-12: SID=0x22, Sub=0xF1EE, Expected=[3, 127, 34, 18, 0, 0, 0, 0]
2026-08-04 15:01:55,518 [INFO] TC_ID-459 - PreCondition: PC_ID-055  Testcase:RXSWIN Data in extended session NRC-12: Sending request 22F1EE
2026-08-04 15:01:55,519 [INFO] TC_ID-459 - PreCondition: PC_ID-055  Testcase:RXSWIN Data in extended session NRC-12: Sending request 22F1EE
2026-08-04 15:01:55,520 [DEBUG] Sending 3 bytes : [22f1ee]
2026-08-04 15:01:55,521 [DEBUG] Enqueuing a SendRequest for 3 bytes and TAT=Physical
2026-08-04 15:01:55,523 [DEBUG] Tx: <7A7> (08) [ ]	 0322f1ee00000000
2026-08-04 15:01:55,524 [DEBUG] We've been asked to write a message to the bus
2026-08-04 15:01:55,525 [DEBUG] sending: Timestamp:        0.000000    ID:      7a7    S Rx       BS       DL:  8    03 22 f1 ee 00 00 00 00
2026-08-04 15:01:55,538 [DEBUG] Rx: <7AF> (08) [p]	 037f221200000000
2026-08-04 15:01:55,588 [INFO] TC_ID-459 - Received: 7F2212
2026-08-04 15:01:55,589 [WARNING] TC_ID-459 - PreCondition: PC_ID-055  Testcase:RXSWIN Data in extended session NRC-12 -> ❌ FAIL - Expected 037F221200000000
2026-08-04 15:01:55,590 [DEBUG] Stopping CanStack
2026-08-04 15:01:55,591 [DEBUG] Main thread is exiting
2026-08-04 15:01:55,636 [DEBUG] CanStack Stopped
2026-08-04 15:01:55,637 [INFO] Connection closed
2026-08-04 15:01:55,637 [INFO] Running Test Case: TC_ID-460
2026-08-04 15:01:55,638 [DEBUG] Starting CanStack
2026-08-04 15:01:55,639 [DEBUG] Main thread has started
2026-08-04 15:01:55,640 [DEBUG] Relay thread has started
2026-08-04 15:01:55,642 [INFO] Connection opened
2026-08-04 15:01:55,643 [INFO] Switched to physical mode for TC: TC_ID-460 Step: PreCondition: PC_ID-055  Testcase:RXSWIN Data in extended session NRC-13
2026-08-04 15:01:55,643 [INFO] TC_ID-460 - PreCondition: PC_ID-055  Testcase:RXSWIN Data in extended session NRC-13: SID=0x22, Sub=0xF1EF12, Expected=[3, 127, 34, 19, 0, 0, 0, 0]
2026-08-04 15:01:55,714 [INFO] TC_ID-460 - PreCondition: PC_ID-055  Testcase:RXSWIN Data in extended session NRC-13: Sending request 22F1EF12
2026-08-04 15:01:55,714 [INFO] TC_ID-460 - PreCondition: PC_ID-055  Testcase:RXSWIN Data in extended session NRC-13: Sending request 22F1EF12
2026-08-04 15:01:55,715 [DEBUG] Sending 4 bytes : [22f1ef12]
2026-08-04 15:01:55,716 [DEBUG] Enqueuing a SendRequest for 4 bytes and TAT=Physical
2026-08-04 15:01:55,718 [DEBUG] Tx: <7A7> (08) [ ]	 0422f1ef12000000
2026-08-04 15:01:55,720 [DEBUG] We've been asked to write a message to the bus
2026-08-04 15:01:55,721 [DEBUG] sending: Timestamp:        0.000000    ID:      7a7    S Rx       BS       DL:  8    04 22 f1 ef 12 00 00 00
2026-08-04 15:01:55,735 [DEBUG] Rx: <7AF> (08) [p]	 037f221300000000
2026-08-04 15:01:55,784 [INFO] TC_ID-460 - Received: 7F2213
2026-08-04 15:01:55,785 [WARNING] TC_ID-460 - PreCondition: PC_ID-055  Testcase:RXSWIN Data in extended session NRC-13 -> ❌ FAIL - Expected 037F221300000000
2026-08-04 15:01:55,786 [DEBUG] Stopping CanStack
2026-08-04 15:01:55,787 [DEBUG] Main thread is exiting
2026-08-04 15:01:55,836 [DEBUG] CanStack Stopped
2026-08-04 15:01:55,837 [INFO] Connection closed
2026-08-04 15:01:55,837 [INFO] Running Test Case: TC_ID-461
2026-08-04 15:01:55,838 [DEBUG] Starting CanStack
2026-08-04 15:01:55,839 [DEBUG] Main thread has started
2026-08-04 15:01:55,840 [DEBUG] Relay thread has started
2026-08-04 15:01:55,842 [INFO] Connection opened
2026-08-04 15:01:55,843 [INFO] Switched to physical mode for TC: TC_ID-461 Step: PreCondition: PC_ID-055  Testcase:NonSleep Collected Each ECU Data in extended session NRC-12
2026-08-04 15:01:55,844 [INFO] TC_ID-461 - PreCondition: PC_ID-055  Testcase:NonSleep Collected Each ECU Data in extended session NRC-12: SID=0x22, Sub=0xED91, Expected=[3, 127, 34, 18, 0, 0, 0, 0]
2026-08-04 15:01:55,919 [INFO] TC_ID-461 - PreCondition: PC_ID-055  Testcase:NonSleep Collected Each ECU Data in extended session NRC-12: Sending request 22ED91
2026-08-04 15:01:55,920 [INFO] TC_ID-461 - PreCondition: PC_ID-055  Testcase:NonSleep Collected Each ECU Data in extended session NRC-12: Sending request 22ED91
2026-08-04 15:01:55,921 [DEBUG] Sending 3 bytes : [22ed91]
2026-08-04 15:01:55,921 [DEBUG] Enqueuing a SendRequest for 3 bytes and TAT=Physical
2026-08-04 15:01:55,922 [DEBUG] Tx: <7A7> (08) [ ]	 0322ed9100000000
2026-08-04 15:01:55,923 [DEBUG] We've been asked to write a message to the bus
2026-08-04 15:01:55,923 [DEBUG] sending: Timestamp:        0.000000    ID:      7a7    S Rx       BS       DL:  8    03 22 ed 91 00 00 00 00
2026-08-04 15:01:55,935 [DEBUG] Rx: <7AF> (08) [p]	 037f221200000000
2026-08-04 15:01:55,984 [INFO] TC_ID-461 - Received: 7F2212
2026-08-04 15:01:55,986 [WARNING] TC_ID-461 - PreCondition: PC_ID-055  Testcase:NonSleep Collected Each ECU Data in extended session NRC-12 -> ❌ FAIL - Expected 037F221200000000
2026-08-04 15:01:55,987 [DEBUG] Stopping CanStack
2026-08-04 15:01:55,989 [DEBUG] Main thread is exiting
2026-08-04 15:01:56,038 [DEBUG] CanStack Stopped
2026-08-04 15:01:56,042 [INFO] Connection closed
2026-08-04 15:01:56,043 [INFO] Running Test Case: TC_ID-462
2026-08-04 15:01:56,044 [DEBUG] Starting CanStack
2026-08-04 15:01:56,046 [DEBUG] Main thread has started
2026-08-04 15:01:56,048 [DEBUG] Relay thread has started
2026-08-04 15:01:56,049 [INFO] Connection opened
2026-08-04 15:01:56,050 [INFO] Switched to physical mode for TC: TC_ID-462 Step: PreCondition: PC_ID-055  Testcase:NonSleep Collected Each ECU Data in extended session NRC-13
2026-08-04 15:01:56,051 [INFO] TC_ID-462 - PreCondition: PC_ID-055  Testcase:NonSleep Collected Each ECU Data in extended session NRC-13: SID=0x22, Sub=0xED9012, Expected=[3, 127, 34, 19, 0, 0, 0, 0]
2026-08-04 15:01:56,117 [INFO] TC_ID-462 - PreCondition: PC_ID-055  Testcase:NonSleep Collected Each ECU Data in extended session NRC-13: Sending request 22ED9012
2026-08-04 15:01:56,118 [INFO] TC_ID-462 - PreCondition: PC_ID-055  Testcase:NonSleep Collected Each ECU Data in extended session NRC-13: Sending request 22ED9012
2026-08-04 15:01:56,118 [DEBUG] Sending 4 bytes : [22ed9012]
2026-08-04 15:01:56,119 [DEBUG] Enqueuing a SendRequest for 4 bytes and TAT=Physical
2026-08-04 15:01:56,120 [DEBUG] Tx: <7A7> (08) [ ]	 0422ed9012000000
2026-08-04 15:01:56,120 [DEBUG] We've been asked to write a message to the bus
2026-08-04 15:01:56,121 [DEBUG] sending: Timestamp:        0.000000    ID:      7a7    S Rx       BS       DL:  8    04 22 ed 90 12 00 00 00
2026-08-04 15:01:56,138 [DEBUG] Rx: <7AF> (08) [p]	 037f221300000000
2026-08-04 15:01:56,185 [INFO] TC_ID-462 - Received: 7F2213
2026-08-04 15:01:56,186 [WARNING] TC_ID-462 - PreCondition: PC_ID-055  Testcase:NonSleep Collected Each ECU Data in extended session NRC-13 -> ❌ FAIL - Expected 037F221300000000
2026-08-04 15:01:56,187 [DEBUG] Stopping CanStack
2026-08-04 15:01:56,188 [DEBUG] Main thread is exiting
2026-08-04 15:01:56,239 [DEBUG] CanStack Stopped
2026-08-04 15:01:56,240 [INFO] Connection closed
2026-08-04 15:01:56,241 [INFO] Running Test Case: TC_ID-463
2026-08-04 15:01:56,242 [DEBUG] Starting CanStack
2026-08-04 15:01:56,243 [DEBUG] Main thread has started
2026-08-04 15:01:56,244 [DEBUG] Relay thread has started
2026-08-04 15:01:56,245 [INFO] Connection opened
2026-08-04 15:01:56,246 [INFO] Switched to physical mode for TC: TC_ID-463 Step: PreCondition: PC_ID-055  Testcase:Platform Hardware Version in extended session NRC-12
2026-08-04 15:01:56,247 [INFO] TC_ID-463 - PreCondition: PC_ID-055  Testcase:Platform Hardware Version in extended session NRC-12: SID=0x22, Sub=0xF17E, Expected=[3, 127, 34, 18, 0, 0, 0, 0]
2026-08-04 15:01:56,308 [INFO] TC_ID-463 - PreCondition: PC_ID-055  Testcase:Platform Hardware Version in extended session NRC-12: Sending request 22F17E
2026-08-04 15:01:56,309 [INFO] TC_ID-463 - PreCondition: PC_ID-055  Testcase:Platform Hardware Version in extended session NRC-12: Sending request 22F17E
2026-08-04 15:01:56,310 [DEBUG] Sending 3 bytes : [22f17e]
2026-08-04 15:01:56,311 [DEBUG] Enqueuing a SendRequest for 3 bytes and TAT=Physical
2026-08-04 15:01:56,313 [DEBUG] Tx: <7A7> (08) [ ]	 0322f17e00000000
2026-08-04 15:01:56,314 [DEBUG] We've been asked to write a message to the bus
2026-08-04 15:01:56,315 [DEBUG] sending: Timestamp:        0.000000    ID:      7a7    S Rx       BS       DL:  8    03 22 f1 7e 00 00 00 00
2026-08-04 15:01:56,329 [DEBUG] Rx: <7AF> (08) [p]	 037f221200000000
2026-08-04 15:01:56,376 [INFO] TC_ID-463 - Received: 7F2212
2026-08-04 15:01:56,377 [WARNING] TC_ID-463 - PreCondition: PC_ID-055  Testcase:Platform Hardware Version in extended session NRC-12 -> ❌ FAIL - Expected 037F221200000000
2026-08-04 15:01:56,378 [DEBUG] Stopping CanStack
2026-08-04 15:01:56,379 [DEBUG] Main thread is exiting
2026-08-04 15:01:56,429 [DEBUG] CanStack Stopped
2026-08-04 15:01:56,430 [INFO] Connection closed
2026-08-04 15:01:56,430 [INFO] Running Test Case: TC_ID-464
2026-08-04 15:01:56,431 [DEBUG] Starting CanStack
2026-08-04 15:01:56,432 [DEBUG] Main thread has started
2026-08-04 15:01:56,433 [DEBUG] Relay thread has started
2026-08-04 15:01:56,435 [INFO] Connection opened
2026-08-04 15:01:56,435 [INFO] Switched to physical mode for TC: TC_ID-464 Step: PreCondition: PC_ID-055  Testcase:Platform Hardware Version in extended session NRC-13
2026-08-04 15:01:56,436 [INFO] TC_ID-464 - PreCondition: PC_ID-055  Testcase:Platform Hardware Version in extended session NRC-13: SID=0x22, Sub=0xF17D12, Expected=[3, 127, 34, 19, 0, 0, 0, 0]
2026-08-04 15:01:56,506 [INFO] TC_ID-464 - PreCondition: PC_ID-055  Testcase:Platform Hardware Version in extended session NRC-13: Sending request 22F17D12
2026-08-04 15:01:56,507 [INFO] TC_ID-464 - PreCondition: PC_ID-055  Testcase:Platform Hardware Version in extended session NRC-13: Sending request 22F17D12
2026-08-04 15:01:56,507 [DEBUG] Sending 4 bytes : [22f17d12]
2026-08-04 15:01:56,509 [DEBUG] Enqueuing a SendRequest for 4 bytes and TAT=Physical
2026-08-04 15:01:56,511 [DEBUG] Tx: <7A7> (08) [ ]	 0422f17d12000000
2026-08-04 15:01:56,512 [DEBUG] We've been asked to write a message to the bus
2026-08-04 15:01:56,513 [DEBUG] sending: Timestamp:        0.000000    ID:      7a7    S Rx       BS       DL:  8    04 22 f1 7d 12 00 00 00
2026-08-04 15:01:56,527 [DEBUG] Rx: <7AF> (08) [p]	 037f221300000000
2026-08-04 15:01:56,576 [INFO] TC_ID-464 - Received: 7F2213
2026-08-04 15:01:56,577 [WARNING] TC_ID-464 - PreCondition: PC_ID-055  Testcase:Platform Hardware Version in extended session NRC-13 -> ❌ FAIL - Expected 037F221300000000
2026-08-04 15:01:56,578 [DEBUG] Stopping CanStack
2026-08-04 15:01:56,579 [DEBUG] Main thread is exiting
2026-08-04 15:01:56,628 [DEBUG] CanStack Stopped
2026-08-04 15:01:56,629 [INFO] Connection closed
2026-08-04 15:01:56,630 [INFO] Running Test Case: TC_ID-465
2026-08-04 15:01:56,630 [DEBUG] Starting CanStack
2026-08-04 15:01:56,632 [DEBUG] Main thread has started
2026-08-04 15:01:56,633 [DEBUG] Relay thread has started
2026-08-04 15:01:56,635 [INFO] Connection opened
2026-08-04 15:01:56,636 [INFO] Switched to physical mode for TC: TC_ID-465 Step: PreCondition: PC_ID-055  Testcase:S/W Version in extended session NRC-12
2026-08-04 15:01:56,636 [INFO] TC_ID-465 - PreCondition: PC_ID-055  Testcase:S/W Version in extended session NRC-12: SID=0x22, Sub=0xF1DE, Expected=[3, 127, 34, 18, 0, 0, 0, 0]
2026-08-04 15:01:56,714 [INFO] TC_ID-465 - PreCondition: PC_ID-055  Testcase:S/W Version in extended session NRC-12: Sending request 22F1DE
2026-08-04 15:01:56,715 [INFO] TC_ID-465 - PreCondition: PC_ID-055  Testcase:S/W Version in extended session NRC-12: Sending request 22F1DE
2026-08-04 15:01:56,715 [DEBUG] Sending 3 bytes : [22f1de]
2026-08-04 15:01:56,716 [DEBUG] Enqueuing a SendRequest for 3 bytes and TAT=Physical
2026-08-04 15:01:56,717 [DEBUG] Tx: <7A7> (08) [ ]	 0322f1de00000000
2026-08-04 15:01:56,718 [DEBUG] We've been asked to write a message to the bus
2026-08-04 15:01:56,718 [DEBUG] sending: Timestamp:        0.000000    ID:      7a7    S Rx       BS       DL:  8    03 22 f1 de 00 00 00 00
2026-08-04 15:01:56,725 [DEBUG] Rx: <7AF> (08) [p]	 037f221200000000
2026-08-04 15:01:56,774 [INFO] TC_ID-465 - Received: 7F2212
2026-08-04 15:01:56,779 [WARNING] TC_ID-465 - PreCondition: PC_ID-055  Testcase:S/W Version in extended session NRC-12 -> ❌ FAIL - Expected 037F221200000000
2026-08-04 15:01:56,781 [DEBUG] Stopping CanStack
2026-08-04 15:01:56,783 [DEBUG] Main thread is exiting
2026-08-04 15:01:56,827 [DEBUG] CanStack Stopped
2026-08-04 15:01:56,828 [INFO] Connection closed
2026-08-04 15:01:56,828 [INFO] Running Test Case: TC_ID-466
2026-08-04 15:01:56,829 [DEBUG] Starting CanStack
2026-08-04 15:01:56,830 [DEBUG] Main thread has started
2026-08-04 15:01:56,831 [DEBUG] Relay thread has started
2026-08-04 15:01:56,832 [INFO] Connection opened
2026-08-04 15:01:56,833 [INFO] Switched to physical mode for TC: TC_ID-466 Step: PreCondition: PC_ID-055  Testcase:S/W Version in extended session NRC-13
2026-08-04 15:01:56,833 [INFO] TC_ID-466 - PreCondition: PC_ID-055  Testcase:S/W Version in extended session NRC-13: SID=0x22, Sub=0xF1DD12, Expected=[3, 127, 34, 19, 0, 0, 0, 0]
2026-08-04 15:01:56,908 [INFO] TC_ID-466 - PreCondition: PC_ID-055  Testcase:S/W Version in extended session NRC-13: Sending request 22F1DD12
2026-08-04 15:01:56,909 [INFO] TC_ID-466 - PreCondition: PC_ID-055  Testcase:S/W Version in extended session NRC-13: Sending request 22F1DD12
2026-08-04 15:01:56,910 [DEBUG] Sending 4 bytes : [22f1dd12]
2026-08-04 15:01:56,911 [DEBUG] Enqueuing a SendRequest for 4 bytes and TAT=Physical
2026-08-04 15:01:56,913 [DEBUG] Tx: <7A7> (08) [ ]	 0422f1dd12000000
2026-08-04 15:01:56,914 [DEBUG] We've been asked to write a message to the bus
2026-08-04 15:01:56,915 [DEBUG] sending: Timestamp:        0.000000    ID:      7a7    S Rx       BS       DL:  8    04 22 f1 dd 12 00 00 00
2026-08-04 15:01:56,928 [DEBUG] Rx: <7AF> (08) [p]	 037f221300000000
2026-08-04 15:01:56,978 [INFO] TC_ID-466 - Received: 7F2213
2026-08-04 15:01:56,979 [WARNING] TC_ID-466 - PreCondition: PC_ID-055  Testcase:S/W Version in extended session NRC-13 -> ❌ FAIL - Expected 037F221300000000
2026-08-04 15:01:56,979 [DEBUG] Stopping CanStack
2026-08-04 15:01:56,981 [DEBUG] Main thread is exiting
2026-08-04 15:01:57,028 [DEBUG] CanStack Stopped
2026-08-04 15:01:57,029 [INFO] Connection closed
2026-08-04 15:01:57,029 [INFO] Running Test Case: TC_ID-467
2026-08-04 15:01:57,030 [DEBUG] Starting CanStack
2026-08-04 15:01:57,031 [DEBUG] Main thread has started
2026-08-04 15:01:57,032 [DEBUG] Relay thread has started
2026-08-04 15:01:57,033 [INFO] Connection opened
2026-08-04 15:01:57,034 [INFO] Switched to physical mode for TC: TC_ID-467 Step: PreCondition: PC_ID-055  Testcase:Input Ountput Record Local Identifier #1 extended session in extended session NRC-12
2026-08-04 15:01:57,035 [INFO] TC_ID-467 - PreCondition: PC_ID-055  Testcase:Input Ountput Record Local Identifier #1 extended session in extended session NRC-12: SID=0x22, Sub=0xB607, Expected=[3, 127, 34, 18, 0, 0, 0, 0]
2026-08-04 15:01:57,114 [INFO] TC_ID-467 - PreCondition: PC_ID-055  Testcase:Input Ountput Record Local Identifier #1 extended session in extended session NRC-12: Sending request 22B607
2026-08-04 15:01:57,114 [INFO] TC_ID-467 - PreCondition: PC_ID-055  Testcase:Input Ountput Record Local Identifier #1 extended session in extended session NRC-12: Sending request 22B607
2026-08-04 15:01:57,115 [DEBUG] Sending 3 bytes : [22b607]
2026-08-04 15:01:57,115 [DEBUG] Enqueuing a SendRequest for 3 bytes and TAT=Physical
2026-08-04 15:01:57,117 [DEBUG] Tx: <7A7> (08) [ ]	 0322b60700000000
2026-08-04 15:01:57,117 [DEBUG] We've been asked to write a message to the bus
2026-08-04 15:01:57,118 [DEBUG] sending: Timestamp:        0.000000    ID:      7a7    S Rx       BS       DL:  8    03 22 b6 07 00 00 00 00
2026-08-04 15:01:57,125 [DEBUG] Rx: <7AF> (08) [p]	 037f221200000000
2026-08-04 15:01:57,174 [INFO] TC_ID-467 - Received: 7F2212
2026-08-04 15:01:57,175 [WARNING] TC_ID-467 - PreCondition: PC_ID-055  Testcase:Input Ountput Record Local Identifier #1 extended session in extended session NRC-12 -> ❌ FAIL - Expected 037F221200000000
2026-08-04 15:01:57,176 [DEBUG] Stopping CanStack
2026-08-04 15:01:57,177 [DEBUG] Main thread is exiting
2026-08-04 15:01:57,226 [DEBUG] CanStack Stopped
2026-08-04 15:01:57,227 [INFO] Connection closed
2026-08-04 15:01:57,227 [INFO] Running Test Case: TC_ID-468
2026-08-04 15:01:57,228 [DEBUG] Starting CanStack
2026-08-04 15:01:57,229 [DEBUG] Main thread has started
2026-08-04 15:01:57,230 [DEBUG] Relay thread has started
2026-08-04 15:01:57,231 [INFO] Connection opened
2026-08-04 15:01:57,232 [INFO] Switched to physical mode for TC: TC_ID-468 Step: PreCondition: PC_ID-055  Testcase:Input Ountput Record Local Identifier #1 extended sessionin extended session NRC-13
2026-08-04 15:01:57,233 [INFO] TC_ID-468 - PreCondition: PC_ID-055  Testcase:Input Ountput Record Local Identifier #1 extended sessionin extended session NRC-13: SID=0x22, Sub=0xB60212, Expected=[3, 127, 34, 19, 0, 0, 0, 0]
2026-08-04 15:01:57,308 [INFO] TC_ID-468 - PreCondition: PC_ID-055  Testcase:Input Ountput Record Local Identifier #1 extended sessionin extended session NRC-13: Sending request 22B60212
2026-08-04 15:01:57,309 [INFO] TC_ID-468 - PreCondition: PC_ID-055  Testcase:Input Ountput Record Local Identifier #1 extended sessionin extended session NRC-13: Sending request 22B60212
2026-08-04 15:01:57,310 [DEBUG] Sending 4 bytes : [22b60212]
2026-08-04 15:01:57,311 [DEBUG] Enqueuing a SendRequest for 4 bytes and TAT=Physical
2026-08-04 15:01:57,313 [DEBUG] Tx: <7A7> (08) [ ]	 0422b60212000000
2026-08-04 15:01:57,314 [DEBUG] We've been asked to write a message to the bus
2026-08-04 15:01:57,315 [DEBUG] sending: Timestamp:        0.000000    ID:      7a7    S Rx       BS       DL:  8    04 22 b6 02 12 00 00 00
2026-08-04 15:01:57,328 [DEBUG] Rx: <7AF> (08) [p]	 037f221300000000
2026-08-04 15:01:57,378 [INFO] TC_ID-468 - Received: 7F2213
2026-08-04 15:01:57,379 [WARNING] TC_ID-468 - PreCondition: PC_ID-055  Testcase:Input Ountput Record Local Identifier #1 extended sessionin extended session NRC-13 -> ❌ FAIL - Expected 037F221300000000
2026-08-04 15:01:57,380 [DEBUG] Stopping CanStack
2026-08-04 15:01:57,381 [DEBUG] Main thread is exiting
2026-08-04 15:01:57,426 [DEBUG] CanStack Stopped
2026-08-04 15:01:57,427 [INFO] Connection closed
2026-08-04 15:01:57,427 [INFO] Running Test Case: TC_ID-469
2026-08-04 15:01:57,428 [DEBUG] Starting CanStack
2026-08-04 15:01:57,429 [DEBUG] Main thread has started
2026-08-04 15:01:57,430 [DEBUG] Relay thread has started
2026-08-04 15:01:57,431 [INFO] Connection opened
2026-08-04 15:01:57,432 [INFO] Switched to physical mode for TC: TC_ID-469 Step: PreCondition: PC_ID-055  Testcase:Input Ountput Record Local Identifier #2 extended session in extended session NRC-12
2026-08-04 15:01:57,432 [INFO] TC_ID-469 - PreCondition: PC_ID-055  Testcase:Input Ountput Record Local Identifier #2 extended session in extended session NRC-12: SID=0x22, Sub=0xB606, Expected=[3, 127, 34, 18, 0, 0, 0, 0]
2026-08-04 15:01:57,506 [INFO] TC_ID-469 - PreCondition: PC_ID-055  Testcase:Input Ountput Record Local Identifier #2 extended session in extended session NRC-12: Sending request 22B606
2026-08-04 15:01:57,507 [INFO] TC_ID-469 - PreCondition: PC_ID-055  Testcase:Input Ountput Record Local Identifier #2 extended session in extended session NRC-12: Sending request 22B606
2026-08-04 15:01:57,507 [DEBUG] Sending 3 bytes : [22b606]
2026-08-04 15:01:57,509 [DEBUG] Enqueuing a SendRequest for 3 bytes and TAT=Physical
2026-08-04 15:01:57,511 [DEBUG] Tx: <7A7> (08) [ ]	 0322b60600000000
2026-08-04 15:01:57,512 [DEBUG] We've been asked to write a message to the bus
2026-08-04 15:01:57,514 [DEBUG] sending: Timestamp:        0.000000    ID:      7a7    S Rx       BS       DL:  8    03 22 b6 06 00 00 00 00
2026-08-04 15:01:57,527 [DEBUG] Rx: <7AF> (08) [p]	 037f221200000000
2026-08-04 15:01:57,576 [INFO] TC_ID-469 - Received: 7F2212
2026-08-04 15:01:57,577 [WARNING] TC_ID-469 - PreCondition: PC_ID-055  Testcase:Input Ountput Record Local Identifier #2 extended session in extended session NRC-12 -> ❌ FAIL - Expected 037F221200000000
2026-08-04 15:01:57,578 [DEBUG] Stopping CanStack
2026-08-04 15:01:57,579 [DEBUG] Main thread is exiting
2026-08-04 15:01:57,628 [DEBUG] CanStack Stopped
2026-08-04 15:01:57,629 [INFO] Connection closed
2026-08-04 15:01:57,629 [INFO] Running Test Case: TC_ID-470
2026-08-04 15:01:57,630 [DEBUG] Starting CanStack
2026-08-04 15:01:57,631 [DEBUG] Main thread has started
2026-08-04 15:01:57,632 [DEBUG] Relay thread has started
2026-08-04 15:01:57,634 [INFO] Connection opened
2026-08-04 15:01:57,635 [INFO] Switched to physical mode for TC: TC_ID-470 Step: PreCondition: PC_ID-055  Testcase:Input Ountput Record Local Identifier #2 extended sessionin extended session NRC-13
2026-08-04 15:01:57,636 [INFO] TC_ID-470 - PreCondition: PC_ID-055  Testcase:Input Ountput Record Local Identifier #2 extended sessionin extended session NRC-13: SID=0x22, Sub=0xB60312, Expected=[3, 127, 34, 19, 0, 0, 0, 0]
2026-08-04 15:01:57,712 [INFO] TC_ID-470 - PreCondition: PC_ID-055  Testcase:Input Ountput Record Local Identifier #2 extended sessionin extended session NRC-13: Sending request 22B60312
2026-08-04 15:01:57,713 [INFO] TC_ID-470 - PreCondition: PC_ID-055  Testcase:Input Ountput Record Local Identifier #2 extended sessionin extended session NRC-13: Sending request 22B60312
2026-08-04 15:01:57,713 [DEBUG] Sending 4 bytes : [22b60312]
2026-08-04 15:01:57,714 [DEBUG] Enqueuing a SendRequest for 4 bytes and TAT=Physical
2026-08-04 15:01:57,715 [DEBUG] Tx: <7A7> (08) [ ]	 0422b60312000000
2026-08-04 15:01:57,716 [DEBUG] We've been asked to write a message to the bus
2026-08-04 15:01:57,716 [DEBUG] sending: Timestamp:        0.000000    ID:      7a7    S Rx       BS       DL:  8    04 22 b6 03 12 00 00 00
2026-08-04 15:01:57,725 [DEBUG] Rx: <7AF> (08) [p]	 037f221300000000
2026-08-04 15:01:57,774 [INFO] TC_ID-470 - Received: 7F2213
2026-08-04 15:01:57,775 [WARNING] TC_ID-470 - PreCondition: PC_ID-055  Testcase:Input Ountput Record Local Identifier #2 extended sessionin extended session NRC-13 -> ❌ FAIL - Expected 037F221300000000
2026-08-04 15:01:57,776 [DEBUG] Stopping CanStack
2026-08-04 15:01:57,778 [DEBUG] Main thread is exiting
2026-08-04 15:01:57,826 [DEBUG] CanStack Stopped
2026-08-04 15:01:57,827 [INFO] Connection closed
2026-08-04 15:01:57,828 [INFO] Running Test Case: TC_ID-471
2026-08-04 15:01:57,828 [DEBUG] Starting CanStack
2026-08-04 15:01:57,830 [DEBUG] Main thread has started
2026-08-04 15:01:57,830 [DEBUG] Relay thread has started
2026-08-04 15:01:57,832 [INFO] Connection opened
2026-08-04 15:01:57,833 [INFO] Switched to physical mode for TC: TC_ID-471 Step: PreCondition: PC_ID-055  Testcase:Input Ountput Record Local Identifier #3 extended session in extended session NRC-12
2026-08-04 15:01:57,834 [INFO] TC_ID-471 - PreCondition: PC_ID-055  Testcase:Input Ountput Record Local Identifier #3 extended session in extended session NRC-12: SID=0x22, Sub=0xB607, Expected=[3, 127, 34, 18, 0, 0, 0, 0]
2026-08-04 15:01:57,909 [INFO] TC_ID-471 - PreCondition: PC_ID-055  Testcase:Input Ountput Record Local Identifier #3 extended session in extended session NRC-12: Sending request 22B607
2026-08-04 15:01:57,910 [INFO] TC_ID-471 - PreCondition: PC_ID-055  Testcase:Input Ountput Record Local Identifier #3 extended session in extended session NRC-12: Sending request 22B607
2026-08-04 15:01:57,911 [DEBUG] Sending 3 bytes : [22b607]
2026-08-04 15:01:57,911 [DEBUG] Enqueuing a SendRequest for 3 bytes and TAT=Physical
2026-08-04 15:01:57,912 [DEBUG] Tx: <7A7> (08) [ ]	 0322b60700000000
2026-08-04 15:01:57,913 [DEBUG] We've been asked to write a message to the bus
2026-08-04 15:01:57,914 [DEBUG] sending: Timestamp:        0.000000    ID:      7a7    S Rx       BS       DL:  8    03 22 b6 07 00 00 00 00
2026-08-04 15:01:57,925 [DEBUG] Rx: <7AF> (08) [p]	 037f221200000000
2026-08-04 15:01:57,974 [INFO] TC_ID-471 - Received: 7F2212
2026-08-04 15:01:57,975 [WARNING] TC_ID-471 - PreCondition: PC_ID-055  Testcase:Input Ountput Record Local Identifier #3 extended session in extended session NRC-12 -> ❌ FAIL - Expected 037F221200000000
2026-08-04 15:01:57,976 [DEBUG] Stopping CanStack
2026-08-04 15:01:57,978 [DEBUG] Main thread is exiting
2026-08-04 15:01:58,026 [DEBUG] CanStack Stopped
2026-08-04 15:01:58,027 [INFO] Connection closed
2026-08-04 15:01:58,028 [INFO] Running Test Case: TC_ID-472
2026-08-04 15:01:58,028 [DEBUG] Starting CanStack
2026-08-04 15:01:58,030 [DEBUG] Main thread has started
2026-08-04 15:01:58,030 [DEBUG] Relay thread has started
2026-08-04 15:01:58,032 [INFO] Connection opened
2026-08-04 15:01:58,033 [INFO] Switched to physical mode for TC: TC_ID-472 Step: PreCondition: PC_ID-055  Testcase:Input Ountput Record Local Identifier #3 extended sessionin extended session NRC-13
2026-08-04 15:01:58,034 [INFO] TC_ID-472 - PreCondition: PC_ID-055  Testcase:Input Ountput Record Local Identifier #3 extended sessionin extended session NRC-13: SID=0x22, Sub=0xB60412, Expected=[3, 127, 34, 19, 0, 0, 0, 0]
2026-08-04 15:01:58,109 [INFO] TC_ID-472 - PreCondition: PC_ID-055  Testcase:Input Ountput Record Local Identifier #3 extended sessionin extended session NRC-13: Sending request 22B60412
2026-08-04 15:01:58,110 [INFO] TC_ID-472 - PreCondition: PC_ID-055  Testcase:Input Ountput Record Local Identifier #3 extended sessionin extended session NRC-13: Sending request 22B60412
2026-08-04 15:01:58,111 [DEBUG] Sending 4 bytes : [22b60412]
2026-08-04 15:01:58,111 [DEBUG] Enqueuing a SendRequest for 4 bytes and TAT=Physical
2026-08-04 15:01:58,113 [DEBUG] Tx: <7A7> (08) [ ]	 0422b60412000000
2026-08-04 15:01:58,113 [DEBUG] We've been asked to write a message to the bus
2026-08-04 15:01:58,114 [DEBUG] sending: Timestamp:        0.000000    ID:      7a7    S Rx       BS       DL:  8    04 22 b6 04 12 00 00 00
2026-08-04 15:01:58,124 [DEBUG] Rx: <7AF> (08) [p]	 037f221300000000
2026-08-04 15:01:58,174 [INFO] TC_ID-472 - Received: 7F2213
2026-08-04 15:01:58,175 [WARNING] TC_ID-472 - PreCondition: PC_ID-055  Testcase:Input Ountput Record Local Identifier #3 extended sessionin extended session NRC-13 -> ❌ FAIL - Expected 037F221300000000
2026-08-04 15:01:58,176 [DEBUG] Stopping CanStack
2026-08-04 15:01:58,177 [DEBUG] Main thread is exiting
2026-08-04 15:01:58,225 [DEBUG] CanStack Stopped
2026-08-04 15:01:58,226 [INFO] Connection closed
2026-08-04 15:01:58,226 [INFO] Running Test Case: TC_ID-473
2026-08-04 15:01:58,227 [DEBUG] Starting CanStack
2026-08-04 15:01:58,228 [DEBUG] Main thread has started
2026-08-04 15:01:58,229 [DEBUG] Relay thread has started
2026-08-04 15:01:58,230 [INFO] Connection opened
2026-08-04 15:01:58,231 [INFO] Switched to physical mode for TC: TC_ID-473 Step: PreCondition: PC_ID-055  Testcase:Input Ountput Record Local Identifier #4 extended session in extended session NRC-12
2026-08-04 15:01:58,231 [INFO] TC_ID-473 - PreCondition: PC_ID-055  Testcase:Input Ountput Record Local Identifier #4 extended session in extended session NRC-12: SID=0x22, Sub=0xB608, Expected=[3, 127, 34, 18, 0, 0, 0, 0]
2026-08-04 15:01:58,310 [INFO] TC_ID-473 - PreCondition: PC_ID-055  Testcase:Input Ountput Record Local Identifier #4 extended session in extended session NRC-12: Sending request 22B608
2026-08-04 15:01:58,311 [INFO] TC_ID-473 - PreCondition: PC_ID-055  Testcase:Input Ountput Record Local Identifier #4 extended session in extended session NRC-12: Sending request 22B608
2026-08-04 15:01:58,312 [DEBUG] Sending 3 bytes : [22b608]
2026-08-04 15:01:58,314 [DEBUG] Enqueuing a SendRequest for 3 bytes and TAT=Physical
2026-08-04 15:01:58,316 [DEBUG] Tx: <7A7> (08) [ ]	 0322b60800000000
2026-08-04 15:01:58,317 [DEBUG] We've been asked to write a message to the bus
2026-08-04 15:01:58,318 [DEBUG] sending: Timestamp:        0.000000    ID:      7a7    S Rx       BS       DL:  8    03 22 b6 08 00 00 00 00
2026-08-04 15:01:58,334 [DEBUG] Rx: <7AF> (08) [p]	 037f221200000000
2026-08-04 15:01:58,384 [INFO] TC_ID-473 - Received: 7F2212
2026-08-04 15:01:58,385 [WARNING] TC_ID-473 - PreCondition: PC_ID-055  Testcase:Input Ountput Record Local Identifier #4 extended session in extended session NRC-12 -> ❌ FAIL - Expected 037F221200000000
2026-08-04 15:01:58,386 [DEBUG] Stopping CanStack
2026-08-04 15:01:58,387 [DEBUG] Main thread is exiting
2026-08-04 15:01:58,435 [DEBUG] CanStack Stopped
2026-08-04 15:01:58,436 [INFO] Connection closed
2026-08-04 15:01:58,437 [INFO] Running Test Case: TC_ID-474
2026-08-04 15:01:58,437 [DEBUG] Starting CanStack
2026-08-04 15:01:58,439 [DEBUG] Main thread has started
2026-08-04 15:01:58,440 [DEBUG] Relay thread has started
2026-08-04 15:01:58,441 [INFO] Connection opened
2026-08-04 15:01:58,442 [INFO] Switched to physical mode for TC: TC_ID-474 Step: PreCondition: PC_ID-055  Testcase:Input Ountput Record Local Identifier #4 extended sessionin extended session NRC-13
2026-08-04 15:01:58,442 [INFO] TC_ID-474 - PreCondition: PC_ID-055  Testcase:Input Ountput Record Local Identifier #4 extended sessionin extended session NRC-13: SID=0x22, Sub=0xB60512, Expected=[3, 127, 34, 19, 0, 0, 0, 0]
2026-08-04 15:01:58,520 [INFO] TC_ID-474 - PreCondition: PC_ID-055  Testcase:Input Ountput Record Local Identifier #4 extended sessionin extended session NRC-13: Sending request 22B60512
2026-08-04 15:01:58,521 [INFO] TC_ID-474 - PreCondition: PC_ID-055  Testcase:Input Ountput Record Local Identifier #4 extended sessionin extended session NRC-13: Sending request 22B60512
2026-08-04 15:01:58,522 [DEBUG] Sending 4 bytes : [22b60512]
2026-08-04 15:01:58,522 [DEBUG] Enqueuing a SendRequest for 4 bytes and TAT=Physical
2026-08-04 15:01:58,523 [DEBUG] Tx: <7A7> (08) [ ]	 0422b60512000000
2026-08-04 15:01:58,524 [DEBUG] We've been asked to write a message to the bus
2026-08-04 15:01:58,524 [DEBUG] sending: Timestamp:        0.000000    ID:      7a7    S Rx       BS       DL:  8    04 22 b6 05 12 00 00 00
2026-08-04 15:01:58,536 [DEBUG] Rx: <7AF> (08) [p]	 037f221300000000
2026-08-04 15:01:58,586 [INFO] TC_ID-474 - Received: 7F2213
2026-08-04 15:01:58,587 [WARNING] TC_ID-474 - PreCondition: PC_ID-055  Testcase:Input Ountput Record Local Identifier #4 extended sessionin extended session NRC-13 -> ❌ FAIL - Expected 037F221300000000
2026-08-04 15:01:58,589 [DEBUG] Stopping CanStack
2026-08-04 15:01:58,591 [DEBUG] Main thread is exiting
2026-08-04 15:01:58,636 [DEBUG] CanStack Stopped
2026-08-04 15:01:58,640 [INFO] Connection closed
2026-08-04 15:01:58,644 [INFO] Running Test Case: PC_ID-056
2026-08-04 15:01:58,646 [DEBUG] Starting CanStack
2026-08-04 15:01:58,647 [DEBUG] Main thread has started
2026-08-04 15:01:58,648 [DEBUG] Relay thread has started
2026-08-04 15:01:58,650 [INFO] Connection opened
2026-08-04 15:01:58,651 [INFO] Switched to physical mode for TC: PC_ID-056 Step: Start extended session
2026-08-04 15:01:58,652 [INFO] PC_ID-056 - Start extended session: SID=0x10, Sub=0x03, Expected=[6, 80, 3, 0, 50, 1, 244, 0]
2026-08-04 15:01:58,707 [INFO] PC_ID-056 - Start extended session: Sending 1003
2026-08-04 15:01:58,754 [INFO] PC_ID-056 - Start extended session: Sending request 1003
2026-08-04 15:01:58,755 [DEBUG] Sending 2 bytes : [1003]
2026-08-04 15:01:58,757 [DEBUG] Enqueuing a SendRequest for 2 bytes and TAT=Physical
2026-08-04 15:01:58,759 [DEBUG] Tx: <7A7> (08) [ ]	 0210030000000000
2026-08-04 15:01:58,760 [DEBUG] We've been asked to write a message to the bus
2026-08-04 15:01:58,761 [DEBUG] sending: Timestamp:        0.000000    ID:      7a7    S Rx       BS       DL:  8    02 10 03 00 00 00 00 00
2026-08-04 15:01:58,775 [INFO] PC_ID-056 - Received: 5003003201F4
2026-08-04 15:01:58,776 [DEBUG] Rx: <7AF> (08) [p]	 065003003201f400
2026-08-04 15:01:58,778 [WARNING] PC_ID-056 - Start extended session -> FAIL - Unexpected response
2026-08-04 15:01:58,780 [DEBUG] Stopping CanStack
2026-08-04 15:01:58,781 [DEBUG] Main thread is exiting
2026-08-04 15:01:58,827 [DEBUG] CanStack Stopped
2026-08-04 15:01:58,828 [INFO] Connection closed
2026-08-04 15:01:58,828 [INFO] Running Test Case: TC_ID-475
2026-08-04 15:01:58,829 [DEBUG] Starting CanStack
2026-08-04 15:01:58,830 [DEBUG] Main thread has started
2026-08-04 15:01:58,831 [DEBUG] Relay thread has started
2026-08-04 15:01:58,832 [INFO] Connection opened
2026-08-04 15:01:58,833 [INFO] Switched to physical mode for TC: TC_ID-475 Step: PreCondition: PC_ID-056  Testcase:RXSWIN Data(extendedsession)
2026-08-04 15:01:58,834 [INFO] TC_ID-475 - PreCondition: PC_ID-056  Testcase:RXSWIN Data(extendedsession): SID=0x22, Sub=0xF1EF, Expected=[16, 43, 98, 241, 239, 7, 167, 11, 82, 49, 48, 32, 77, 81, 52, 47, 49, 47, 49, 12, 82, 49, 53, 53, 32, 77, 81, 52, 47, 49, 47, 49, 12, 82, 49, 53, 54, 32, 77, 81, 52, 47, 49, 47, 49, 170, 170, 170, 170, 170]
2026-08-04 15:01:58,910 [INFO] TC_ID-475 - PreCondition: PC_ID-056  Testcase:RXSWIN Data(extendedsession): Sending request 22F1EF
2026-08-04 15:01:58,911 [INFO] TC_ID-475 - PreCondition: PC_ID-056  Testcase:RXSWIN Data(extendedsession): Sending request 22F1EF
2026-08-04 15:01:58,911 [DEBUG] Sending 3 bytes : [22f1ef]
2026-08-04 15:01:58,912 [DEBUG] Enqueuing a SendRequest for 3 bytes and TAT=Physical
2026-08-04 15:01:58,913 [DEBUG] Tx: <7A7> (08) [ ]	 0322f1ef00000000
2026-08-04 15:01:58,914 [DEBUG] We've been asked to write a message to the bus
2026-08-04 15:01:58,914 [DEBUG] sending: Timestamp:        0.000000    ID:      7a7    S Rx       BS       DL:  8    03 22 f1 ef 00 00 00 00
2026-08-04 15:01:58,925 [DEBUG] We've been asked to write a message to the bus
2026-08-04 15:01:58,929 [DEBUG] Rx: <7AF> (08) [p]	 102b62f1ef07a70b
2026-08-04 15:01:58,931 [DEBUG] sending: Timestamp:        0.000000    ID:      7a7    S Rx       BS       DL:  8    30 08 0a 00 00 00 00 00
2026-08-04 15:01:58,936 [DEBUG] Tx: <7A7> (08) [ ]	 30080a0000000000
2026-08-04 15:01:58,937 [DEBUG] We've been asked to write a message to the bus
2026-08-04 15:01:58,939 [DEBUG] sending: Timestamp:        0.000000    ID:      7a7    S Rx       BS       DL:  8    30 08 0a 00 00 00 00 00
2026-08-04 15:01:58,941 [DEBUG] TxState=IDLE - RxState=WAIT_CF
2026-08-04 15:01:58,984 [DEBUG] Rx: <7AF> (08) [p]	 21523130204d5134
2026-08-04 15:01:59,034 [DEBUG] Rx: <7AF> (08) [p]	 222f312f310c5231
2026-08-04 15:01:59,085 [DEBUG] Rx: <7AF> (08) [p]	 233535204d51342f
2026-08-04 15:01:59,134 [DEBUG] Rx: <7AF> (08) [p]	 24312f310c523135
2026-08-04 15:01:59,184 [DEBUG] Rx: <7AF> (08) [p]	 2536204d51342f31
2026-08-04 15:01:59,235 [DEBUG] Rx: <7AF> (08) [p]	 262f31aaaaaaaaaa
2026-08-04 15:01:59,286 [INFO] TC_ID-475 - Received: 62F1EF07A70B523130204D51342F312F310C52313535204D51342F312F310C52313536204D51342F312F31
2026-08-04 15:01:59,287 [WARNING] TC_ID-475 - PreCondition: PC_ID-056  Testcase:RXSWIN Data(extendedsession) -> ❌ FAIL - Expected 102B62F1EF07A70B523130204D51342F312F310C52313535204D51342F312F310C52313536204D51342F312F31AAAAAAAAAA
2026-08-04 15:01:59,287 [DEBUG] TxState=IDLE - RxState=IDLE
2026-08-04 15:01:59,288 [DEBUG] Stopping CanStack
2026-08-04 15:01:59,289 [DEBUG] Main thread is exiting
2026-08-04 15:01:59,337 [DEBUG] CanStack Stopped
2026-08-04 15:01:59,338 [INFO] Connection closed
2026-08-04 15:01:59,338 [INFO] Running Test Case: TC_ID-476
2026-08-04 15:01:59,339 [DEBUG] Starting CanStack
2026-08-04 15:01:59,341 [DEBUG] Main thread has started
2026-08-04 15:01:59,342 [DEBUG] Relay thread has started
2026-08-04 15:01:59,343 [INFO] Connection opened
2026-08-04 15:01:59,343 [INFO] Switched to physical mode for TC: TC_ID-476 Step: PreCondition: PC_ID-056  Testcase:BodyCANDataBaseVersionNumBErDataIdentifier(extendedsession)
2026-08-04 15:01:59,344 [INFO] TC_ID-476 - PreCondition: PC_ID-056  Testcase:BodyCANDataBaseVersionNumBErDataIdentifier(extendedsession): SID=0x22, Sub=0xF100, Expected=[6, 98, 241, 0, 49, 46, 55, 0]
2026-08-04 15:01:59,409 [INFO] TC_ID-476 - PreCondition: PC_ID-056  Testcase:BodyCANDataBaseVersionNumBErDataIdentifier(extendedsession): Sending request 22F100
2026-08-04 15:01:59,409 [INFO] TC_ID-476 - PreCondition: PC_ID-056  Testcase:BodyCANDataBaseVersionNumBErDataIdentifier(extendedsession): Sending request 22F100
2026-08-04 15:01:59,410 [DEBUG] Sending 3 bytes : [22f100]
2026-08-04 15:01:59,411 [DEBUG] Enqueuing a SendRequest for 3 bytes and TAT=Physical
2026-08-04 15:01:59,411 [DEBUG] Tx: <7A7> (08) [ ]	 0322f10000000000
2026-08-04 15:01:59,412 [DEBUG] We've been asked to write a message to the bus
2026-08-04 15:01:59,413 [DEBUG] sending: Timestamp:        0.000000    ID:      7a7    S Rx       BS       DL:  8    03 22 f1 00 00 00 00 00
2026-08-04 15:01:59,430 [DEBUG] Rx: <7AF> (08) [p]	 0662f100312e3700
2026-08-04 15:01:59,478 [INFO] TC_ID-476 - Received: 62F100312E37
2026-08-04 15:01:59,479 [WARNING] TC_ID-476 - PreCondition: PC_ID-056  Testcase:BodyCANDataBaseVersionNumBErDataIdentifier(extendedsession) -> ❌ FAIL - Expected 0662F100312E3700
2026-08-04 15:01:59,479 [DEBUG] Stopping CanStack
2026-08-04 15:01:59,480 [DEBUG] Main thread is exiting
2026-08-04 15:01:59,481 [DEBUG] CanStack Stopped
2026-08-04 15:01:59,482 [INFO] Connection closed
2026-08-04 15:01:59,482 [INFO] Running Test Case: TC_ID-477
2026-08-04 15:01:59,483 [DEBUG] Starting CanStack
2026-08-04 15:01:59,484 [DEBUG] Main thread has started
2026-08-04 15:01:59,485 [DEBUG] Relay thread has started
2026-08-04 15:01:59,486 [INFO] Connection opened
2026-08-04 15:01:59,487 [INFO] Switched to physical mode for TC: TC_ID-477 Step: PreCondition: PC_ID-056  Testcase:VehicleManufacturerSparePartNumBErDataIdentifier(HKMC Part Number)(extendedsession)
2026-08-04 15:01:59,487 [INFO] TC_ID-477 - PreCondition: PC_ID-056  Testcase:VehicleManufacturerSparePartNumBErDataIdentifier(HKMC Part Number)(extendedsession): SID=0x22, Sub=0xF187, Expected=[16, 13, 98, 241, 135, 57, 54, 55, 48, 48, 71, 66, 49, 48, 48]
2026-08-04 15:01:59,557 [INFO] TC_ID-477 - PreCondition: PC_ID-056  Testcase:VehicleManufacturerSparePartNumBErDataIdentifier(HKMC Part Number)(extendedsession): Sending request 22F187
2026-08-04 15:01:59,558 [INFO] TC_ID-477 - PreCondition: PC_ID-056  Testcase:VehicleManufacturerSparePartNumBErDataIdentifier(HKMC Part Number)(extendedsession): Sending request 22F187
2026-08-04 15:01:59,558 [DEBUG] Sending 3 bytes : [22f187]
2026-08-04 15:01:59,559 [DEBUG] Enqueuing a SendRequest for 3 bytes and TAT=Physical
2026-08-04 15:01:59,561 [DEBUG] Tx: <7A7> (08) [ ]	 0322f18700000000
2026-08-04 15:01:59,563 [DEBUG] We've been asked to write a message to the bus
2026-08-04 15:01:59,563 [DEBUG] sending: Timestamp:        0.000000    ID:      7a7    S Rx       BS       DL:  8    03 22 f1 87 00 00 00 00
2026-08-04 15:01:59,575 [DEBUG] We've been asked to write a message to the bus
2026-08-04 15:01:59,578 [DEBUG] sending: Timestamp:        0.000000    ID:      7a7    S Rx       BS       DL:  8    30 08 0a 00 00 00 00 00
2026-08-04 15:01:59,580 [DEBUG] Rx: <7AF> (08) [p]	 100d62f187393637
2026-08-04 15:01:59,582 [DEBUG] Tx: <7A7> (08) [ ]	 30080a0000000000
2026-08-04 15:01:59,584 [DEBUG] We've been asked to write a message to the bus
2026-08-04 15:01:59,585 [DEBUG] sending: Timestamp:        0.000000    ID:      7a7    S Rx       BS       DL:  8    30 08 0a 00 00 00 00 00
2026-08-04 15:01:59,587 [DEBUG] TxState=IDLE - RxState=WAIT_CF
2026-08-04 15:01:59,639 [DEBUG] Rx: <7AF> (08) [p]	 2130304742313030
2026-08-04 15:01:59,692 [INFO] TC_ID-477 - Received: 62F18739363730304742313030
2026-08-04 15:01:59,693 [DEBUG] TxState=IDLE - RxState=IDLE
2026-08-04 15:01:59,694 [WARNING] TC_ID-477 - PreCondition: PC_ID-056  Testcase:VehicleManufacturerSparePartNumBErDataIdentifier(HKMC Part Number)(extendedsession) -> ❌ FAIL - Expected 100D62F18739363730304742313030
2026-08-04 15:01:59,695 [DEBUG] Stopping CanStack
2026-08-04 15:01:59,695 [DEBUG] Main thread is exiting
2026-08-04 15:01:59,739 [DEBUG] CanStack Stopped
2026-08-04 15:01:59,740 [INFO] Connection closed
2026-08-04 15:01:59,741 [INFO] Running Test Case: TC_ID-478
2026-08-04 15:01:59,742 [DEBUG] Starting CanStack
2026-08-04 15:01:59,743 [DEBUG] Main thread has started
2026-08-04 15:01:59,744 [DEBUG] Relay thread has started
2026-08-04 15:01:59,745 [INFO] Connection opened
2026-08-04 15:01:59,746 [INFO] Switched to physical mode for TC: TC_ID-478 Step: PreCondition: PC_ID-056  Testcase:ECUManufacturingDateDataIdentifier(extendedsession)
2026-08-04 15:01:59,746 [INFO] TC_ID-478 - PreCondition: PC_ID-056  Testcase:ECUManufacturingDateDataIdentifier(extendedsession): SID=0x22, Sub=0xF18B, Expected=[7, 98, 241, 139, 0, 0, 0, 0]
2026-08-04 15:01:59,809 [INFO] TC_ID-478 - PreCondition: PC_ID-056  Testcase:ECUManufacturingDateDataIdentifier(extendedsession): Sending request 22F18B
2026-08-04 15:01:59,809 [INFO] TC_ID-478 - PreCondition: PC_ID-056  Testcase:ECUManufacturingDateDataIdentifier(extendedsession): Sending request 22F18B
2026-08-04 15:01:59,810 [DEBUG] Sending 3 bytes : [22f18b]
2026-08-04 15:01:59,810 [DEBUG] Enqueuing a SendRequest for 3 bytes and TAT=Physical
2026-08-04 15:01:59,811 [DEBUG] Tx: <7A7> (08) [ ]	 0322f18b00000000
2026-08-04 15:01:59,812 [DEBUG] We've been asked to write a message to the bus
2026-08-04 15:01:59,813 [DEBUG] sending: Timestamp:        0.000000    ID:      7a7    S Rx       BS       DL:  8    03 22 f1 8b 00 00 00 00
2026-08-04 15:01:59,829 [DEBUG] Rx: <7AF> (08) [p]	 0762f18b00000000
2026-08-04 15:01:59,882 [INFO] TC_ID-478 - Received: 62F18B00000000
2026-08-04 15:01:59,883 [WARNING] TC_ID-478 - PreCondition: PC_ID-056  Testcase:ECUManufacturingDateDataIdentifier(extendedsession) -> ❌ FAIL - Expected 0762F18B00000000
2026-08-04 15:01:59,883 [DEBUG] Stopping CanStack
2026-08-04 15:01:59,884 [DEBUG] Main thread is exiting
2026-08-04 15:01:59,928 [DEBUG] CanStack Stopped
2026-08-04 15:01:59,929 [INFO] Connection closed
2026-08-04 15:01:59,930 [INFO] Running Test Case: TC_ID-479
2026-08-04 15:01:59,930 [DEBUG] Starting CanStack
2026-08-04 15:01:59,932 [DEBUG] Main thread has started
2026-08-04 15:01:59,933 [DEBUG] Relay thread has started
2026-08-04 15:01:59,934 [INFO] Connection opened
2026-08-04 15:01:59,935 [INFO] Switched to physical mode for TC: TC_ID-479 Step: PreCondition: PC_ID-056  Testcase:ECUSerialNumberDataIdentifier(extendedsession)
2026-08-04 15:01:59,935 [INFO] TC_ID-479 - PreCondition: PC_ID-056  Testcase:ECUSerialNumberDataIdentifier(extendedsession): SID=0x22, Sub=0xF18C, Expected=[16, 11, 98, 241, 140, 48, 48, 49, 49, 53, 57, 49, 53, 0, 0]
2026-08-04 15:01:59,996 [INFO] TC_ID-479 - PreCondition: PC_ID-056  Testcase:ECUSerialNumberDataIdentifier(extendedsession): Sending request 22F18C
2026-08-04 15:01:59,997 [INFO] TC_ID-479 - PreCondition: PC_ID-056  Testcase:ECUSerialNumberDataIdentifier(extendedsession): Sending request 22F18C
2026-08-04 15:01:59,998 [DEBUG] Sending 3 bytes : [22f18c]
2026-08-04 15:01:59,998 [DEBUG] Enqueuing a SendRequest for 3 bytes and TAT=Physical
2026-08-04 15:02:00,000 [DEBUG] Tx: <7A7> (08) [ ]	 0322f18c00000000
2026-08-04 15:02:00,001 [DEBUG] We've been asked to write a message to the bus
2026-08-04 15:02:00,002 [DEBUG] sending: Timestamp:        0.000000    ID:      7a7    S Rx       BS       DL:  8    03 22 f1 8c 00 00 00 00
2026-08-04 15:02:00,015 [DEBUG] We've been asked to write a message to the bus
2026-08-04 15:02:00,018 [DEBUG] Rx: <7AF> (08) [p]	 100b62f18c303031
2026-08-04 15:02:00,019 [DEBUG] sending: Timestamp:        0.000000    ID:      7a7    S Rx       BS       DL:  8    30 08 0a 00 00 00 00 00
2026-08-04 15:02:00,021 [DEBUG] Tx: <7A7> (08) [ ]	 30080a0000000000
2026-08-04 15:02:00,023 [DEBUG] We've been asked to write a message to the bus
2026-08-04 15:02:00,025 [DEBUG] sending: Timestamp:        0.000000    ID:      7a7    S Rx       BS       DL:  8    30 08 0a 00 00 00 00 00
2026-08-04 15:02:00,027 [DEBUG] TxState=IDLE - RxState=WAIT_CF
2026-08-04 15:02:00,081 [DEBUG] Rx: <7AF> (08) [p]	 2131353931350000
2026-08-04 15:02:00,128 [INFO] TC_ID-479 - Received: 62F18C3030313135393135
2026-08-04 15:02:00,129 [WARNING] TC_ID-479 - PreCondition: PC_ID-056  Testcase:ECUSerialNumberDataIdentifier(extendedsession) -> ❌ FAIL - Expected 100B62F18C30303131353931350000
2026-08-04 15:02:00,129 [DEBUG] Stopping CanStack
2026-08-04 15:02:00,130 [DEBUG] TxState=IDLE - RxState=IDLE
2026-08-04 15:02:00,131 [DEBUG] Main thread is exiting
2026-08-04 15:02:00,177 [DEBUG] CanStack Stopped
2026-08-04 15:02:00,178 [INFO] Connection closed
2026-08-04 15:02:00,178 [INFO] Running Test Case: TC_ID-480
2026-08-04 15:02:00,179 [DEBUG] Starting CanStack
2026-08-04 15:02:00,180 [DEBUG] Main thread has started
2026-08-04 15:02:00,181 [DEBUG] Relay thread has started
2026-08-04 15:02:00,182 [INFO] Connection opened
2026-08-04 15:02:00,183 [INFO] Switched to physical mode for TC: TC_ID-480 Step: PreCondition: PC_ID-056  Testcase:SystemSupplierECUHardwareVersionNumberDataIdentifier(HKMC H/W Version)(extendedsession)
2026-08-04 15:02:00,183 [INFO] TC_ID-480 - PreCondition: PC_ID-056  Testcase:SystemSupplierECUHardwareVersionNumberDataIdentifier(HKMC H/W Version)(extendedsession): SID=0x22, Sub=0xF191, Expected=[7, 98, 241, 145, 49, 46, 48, 48]
2026-08-04 15:02:00,253 [INFO] TC_ID-480 - PreCondition: PC_ID-056  Testcase:SystemSupplierECUHardwareVersionNumberDataIdentifier(HKMC H/W Version)(extendedsession): Sending request 22F191
2026-08-04 15:02:00,254 [INFO] TC_ID-480 - PreCondition: PC_ID-056  Testcase:SystemSupplierECUHardwareVersionNumberDataIdentifier(HKMC H/W Version)(extendedsession): Sending request 22F191
2026-08-04 15:02:00,255 [DEBUG] Sending 3 bytes : [22f191]
2026-08-04 15:02:00,256 [DEBUG] Enqueuing a SendRequest for 3 bytes and TAT=Physical
2026-08-04 15:02:00,258 [DEBUG] Tx: <7A7> (08) [ ]	 0322f19100000000
2026-08-04 15:02:00,259 [DEBUG] We've been asked to write a message to the bus
2026-08-04 15:02:00,260 [DEBUG] sending: Timestamp:        0.000000    ID:      7a7    S Rx       BS       DL:  8    03 22 f1 91 00 00 00 00
2026-08-04 15:02:00,275 [DEBUG] Rx: <7AF> (08) [p]	 0762f191312e3030
2026-08-04 15:02:00,325 [INFO] TC_ID-480 - Received: 62F191312E3030
2026-08-04 15:02:00,326 [WARNING] TC_ID-480 - PreCondition: PC_ID-056  Testcase:SystemSupplierECUHardwareVersionNumberDataIdentifier(HKMC H/W Version)(extendedsession) -> ❌ FAIL - Expected 0762F191312E3030
2026-08-04 15:02:00,327 [DEBUG] Stopping CanStack
2026-08-04 15:02:00,328 [DEBUG] Main thread is exiting
2026-08-04 15:02:00,375 [DEBUG] CanStack Stopped
2026-08-04 15:02:00,376 [INFO] Connection closed
2026-08-04 15:02:00,376 [INFO] Running Test Case: TC_ID-481
2026-08-04 15:02:00,377 [DEBUG] Starting CanStack
2026-08-04 15:02:00,378 [DEBUG] Main thread has started
2026-08-04 15:02:00,379 [DEBUG] Relay thread has started
2026-08-04 15:02:00,380 [INFO] Connection opened
2026-08-04 15:02:00,381 [INFO] Switched to physical mode for TC: TC_ID-481 Step: PreCondition: PC_ID-056  Testcase:SystemSupplierECUHardwareVersionNumberDataIdentifier(Vendor H/W Version)(extendedsession)
2026-08-04 15:02:00,381 [INFO] TC_ID-481 - PreCondition: PC_ID-056  Testcase:SystemSupplierECUHardwareVersionNumberDataIdentifier(Vendor H/W Version)(extendedsession): SID=0x22, Sub=0xF193, Expected=[7, 98, 241, 147, 49, 46, 48, 48]
2026-08-04 15:02:00,451 [INFO] TC_ID-481 - PreCondition: PC_ID-056  Testcase:SystemSupplierECUHardwareVersionNumberDataIdentifier(Vendor H/W Version)(extendedsession): Sending request 22F193
2026-08-04 15:02:00,452 [INFO] TC_ID-481 - PreCondition: PC_ID-056  Testcase:SystemSupplierECUHardwareVersionNumberDataIdentifier(Vendor H/W Version)(extendedsession): Sending request 22F193
2026-08-04 15:02:00,453 [DEBUG] Sending 3 bytes : [22f193]
2026-08-04 15:02:00,454 [DEBUG] Enqueuing a SendRequest for 3 bytes and TAT=Physical
2026-08-04 15:02:00,455 [DEBUG] Tx: <7A7> (08) [ ]	 0322f19300000000
2026-08-04 15:02:00,457 [DEBUG] We've been asked to write a message to the bus
2026-08-04 15:02:00,458 [DEBUG] sending: Timestamp:        0.000000    ID:      7a7    S Rx       BS       DL:  8    03 22 f1 93 00 00 00 00
2026-08-04 15:02:00,469 [DEBUG] Rx: <7AF> (08) [p]	 0762f193312e3030
2026-08-04 15:02:00,517 [INFO] TC_ID-481 - Received: 62F193312E3030
2026-08-04 15:02:00,518 [WARNING] TC_ID-481 - PreCondition: PC_ID-056  Testcase:SystemSupplierECUHardwareVersionNumberDataIdentifier(Vendor H/W Version)(extendedsession) -> ❌ FAIL - Expected 0762F193312E3030
2026-08-04 15:02:00,518 [DEBUG] Stopping CanStack
2026-08-04 15:02:00,519 [DEBUG] Main thread is exiting
2026-08-04 15:02:00,520 [DEBUG] CanStack Stopped
2026-08-04 15:02:00,521 [INFO] Connection closed
2026-08-04 15:02:00,522 [INFO] Running Test Case: TC_ID-482
2026-08-04 15:02:00,522 [DEBUG] Starting CanStack
2026-08-04 15:02:00,523 [DEBUG] Main thread has started
2026-08-04 15:02:00,524 [DEBUG] Relay thread has started
2026-08-04 15:02:00,526 [INFO] Connection opened
2026-08-04 15:02:00,526 [INFO] Switched to physical mode for TC: TC_ID-482 Step: PreCondition: PC_ID-056  Testcase:ECU Software Unit 1 IVD Data Identifier(extendedsession)
2026-08-04 15:02:00,527 [INFO] TC_ID-482 - PreCondition: PC_ID-056  Testcase:ECU Software Unit 1 IVD Data Identifier(extendedsession): SID=0x22, Sub=0xF1C1, Expected=[16, 35, 98, 241, 193, 6, 209, 157, 158, 131, 230, 93, 66, 101, 56, 187, 165, 182, 147, 159, 114, 22, 254, 215, 224, 180, 154, 152, 182, 14, 162, 141, 139, 43, 238, 78, 17, 0, 0, 0, 0, 0, 0]
2026-08-04 15:02:00,589 [INFO] TC_ID-482 - PreCondition: PC_ID-056  Testcase:ECU Software Unit 1 IVD Data Identifier(extendedsession): Sending request 22F1C1
2026-08-04 15:02:00,590 [INFO] TC_ID-482 - PreCondition: PC_ID-056  Testcase:ECU Software Unit 1 IVD Data Identifier(extendedsession): Sending request 22F1C1
2026-08-04 15:02:00,591 [DEBUG] Sending 3 bytes : [22f1c1]
2026-08-04 15:02:00,592 [DEBUG] Enqueuing a SendRequest for 3 bytes and TAT=Physical
2026-08-04 15:02:00,594 [DEBUG] Tx: <7A7> (08) [ ]	 0322f1c100000000
2026-08-04 15:02:00,596 [DEBUG] We've been asked to write a message to the bus
2026-08-04 15:02:00,597 [DEBUG] sending: Timestamp:        0.000000    ID:      7a7    S Rx       BS       DL:  8    03 22 f1 c1 00 00 00 00
2026-08-04 15:02:00,609 [DEBUG] Rx: <7AF> (08) [p]	 037f222200000000
2026-08-04 15:02:00,656 [INFO] TC_ID-482 - Received: 7F2222
2026-08-04 15:02:00,657 [WARNING] TC_ID-482 - PreCondition: PC_ID-056  Testcase:ECU Software Unit 1 IVD Data Identifier(extendedsession) -> ❌ FAIL - Expected 102362F1C106D19D9E83E65D426538BBA5B6939F7216FED7E0B49A98B60EA28D8B2BEE4E11000000000000
2026-08-04 15:02:00,657 [DEBUG] Stopping CanStack
2026-08-04 15:02:00,658 [DEBUG] Main thread is exiting
2026-08-04 15:02:00,660 [DEBUG] CanStack Stopped
2026-08-04 15:02:00,660 [INFO] Connection closed
2026-08-04 15:02:00,661 [INFO] Running Test Case: TC_ID-483
2026-08-04 15:02:00,662 [DEBUG] Starting CanStack
2026-08-04 15:02:00,663 [DEBUG] Main thread has started
2026-08-04 15:02:00,663 [DEBUG] Relay thread has started
2026-08-04 15:02:00,665 [INFO] Connection opened
2026-08-04 15:02:00,665 [INFO] Switched to physical mode for TC: TC_ID-483 Step: PreCondition: PC_ID-056  Testcase:SystemSupplierECUSoftwareVersionNumbe DataIdentifier(HKMC IBU S/W Version)(Defaultsession)
2026-08-04 15:02:00,666 [INFO] TC_ID-483 - PreCondition: PC_ID-056  Testcase:SystemSupplierECUSoftwareVersionNumbe DataIdentifier(HKMC IBU S/W Version)(Defaultsession): SID=0x22, Sub=0xF195, Expected=[7, 98, 241, 149, 49, 46, 48, 48]
2026-08-04 15:02:00,736 [INFO] TC_ID-483 - PreCondition: PC_ID-056  Testcase:SystemSupplierECUSoftwareVersionNumbe DataIdentifier(HKMC IBU S/W Version)(Defaultsession): Sending request 22F195
2026-08-04 15:02:00,737 [INFO] TC_ID-483 - PreCondition: PC_ID-056  Testcase:SystemSupplierECUSoftwareVersionNumbe DataIdentifier(HKMC IBU S/W Version)(Defaultsession): Sending request 22F195
2026-08-04 15:02:00,737 [DEBUG] Sending 3 bytes : [22f195]
2026-08-04 15:02:00,739 [DEBUG] Enqueuing a SendRequest for 3 bytes and TAT=Physical
2026-08-04 15:02:00,741 [DEBUG] Tx: <7A7> (08) [ ]	 0322f19500000000
2026-08-04 15:02:00,742 [DEBUG] We've been asked to write a message to the bus
2026-08-04 15:02:00,743 [DEBUG] sending: Timestamp:        0.000000    ID:      7a7    S Rx       BS       DL:  8    03 22 f1 95 00 00 00 00
2026-08-04 15:02:00,757 [DEBUG] Rx: <7AF> (08) [p]	 0762f195312e3030
2026-08-04 15:02:00,807 [INFO] TC_ID-483 - Received: 62F195312E3030
2026-08-04 15:02:00,808 [WARNING] TC_ID-483 - PreCondition: PC_ID-056  Testcase:SystemSupplierECUSoftwareVersionNumbe DataIdentifier(HKMC IBU S/W Version)(Defaultsession) -> ❌ FAIL - Expected 0762F195312E3030
2026-08-04 15:02:00,809 [DEBUG] Stopping CanStack
2026-08-04 15:02:00,810 [DEBUG] Main thread is exiting
2026-08-04 15:02:00,857 [DEBUG] CanStack Stopped
2026-08-04 15:02:00,858 [INFO] Connection closed
2026-08-04 15:02:00,859 [INFO] Running Test Case: TC_ID-484
2026-08-04 15:02:00,859 [DEBUG] Starting CanStack
2026-08-04 15:02:00,861 [DEBUG] Main thread has started
2026-08-04 15:02:00,862 [DEBUG] Relay thread has started
2026-08-04 15:02:00,863 [INFO] Connection opened
2026-08-04 15:02:00,863 [INFO] Switched to physical mode for TC: TC_ID-484 Step: PreCondition: PC_ID-056  Testcase:SoftwareVersionHKMCVehicleManufactureDataIdentifier(extendedsession)
2026-08-04 15:02:00,864 [INFO] TC_ID-484 - PreCondition: PC_ID-056  Testcase:SoftwareVersionHKMCVehicleManufactureDataIdentifier(extendedsession): SID=0x22, Sub=0xF1A0, Expected=[7, 98, 241, 160, 49, 46, 48, 48]
2026-08-04 15:02:00,931 [INFO] TC_ID-484 - PreCondition: PC_ID-056  Testcase:SoftwareVersionHKMCVehicleManufactureDataIdentifier(extendedsession): Sending request 22F1A0
2026-08-04 15:02:00,931 [INFO] TC_ID-484 - PreCondition: PC_ID-056  Testcase:SoftwareVersionHKMCVehicleManufactureDataIdentifier(extendedsession): Sending request 22F1A0
2026-08-04 15:02:00,932 [DEBUG] Sending 3 bytes : [22f1a0]
2026-08-04 15:02:00,933 [DEBUG] Enqueuing a SendRequest for 3 bytes and TAT=Physical
2026-08-04 15:02:00,935 [DEBUG] Tx: <7A7> (08) [ ]	 0322f1a000000000
2026-08-04 15:02:00,936 [DEBUG] We've been asked to write a message to the bus
2026-08-04 15:02:00,937 [DEBUG] sending: Timestamp:        0.000000    ID:      7a7    S Rx       BS       DL:  8    03 22 f1 a0 00 00 00 00
2026-08-04 15:02:00,945 [DEBUG] Rx: <7AF> (08) [p]	 0762f1a0312e3030
2026-08-04 15:02:00,997 [INFO] TC_ID-484 - Received: 62F1A0312E3030
2026-08-04 15:02:00,999 [WARNING] TC_ID-484 - PreCondition: PC_ID-056  Testcase:SoftwareVersionHKMCVehicleManufactureDataIdentifier(extendedsession) -> ❌ FAIL - Expected 0762F1A0312E3030
2026-08-04 15:02:00,999 [DEBUG] Stopping CanStack
2026-08-04 15:02:01,000 [DEBUG] Main thread is exiting
2026-08-04 15:02:01,046 [DEBUG] CanStack Stopped
2026-08-04 15:02:01,047 [INFO] Connection closed
2026-08-04 15:02:01,048 [INFO] Running Test Case: TC_ID-485
2026-08-04 15:02:01,048 [DEBUG] Starting CanStack
2026-08-04 15:02:01,050 [DEBUG] Main thread has started
2026-08-04 15:02:01,051 [DEBUG] Relay thread has started
2026-08-04 15:02:01,052 [INFO] Connection opened
2026-08-04 15:02:01,052 [INFO] Switched to physical mode for TC: TC_ID-485 Step: PreCondition: PC_ID-056  Testcase:ECUSupplierCodeDataIdentifier (extendedsession)
2026-08-04 15:02:01,053 [INFO] TC_ID-485 - PreCondition: PC_ID-056  Testcase:ECUSupplierCodeDataIdentifier (extendedsession): SID=0x22, Sub=0xF1A1, Expected=[7, 98, 241, 161, 84, 70, 69, 89]
2026-08-04 15:02:01,116 [INFO] TC_ID-485 - PreCondition: PC_ID-056  Testcase:ECUSupplierCodeDataIdentifier (extendedsession): Sending request 22F1A1
2026-08-04 15:02:01,117 [INFO] TC_ID-485 - PreCondition: PC_ID-056  Testcase:ECUSupplierCodeDataIdentifier (extendedsession): Sending request 22F1A1
2026-08-04 15:02:01,117 [DEBUG] Sending 3 bytes : [22f1a1]
2026-08-04 15:02:01,118 [DEBUG] Enqueuing a SendRequest for 3 bytes and TAT=Physical
2026-08-04 15:02:01,119 [DEBUG] Tx: <7A7> (08) [ ]	 0322f1a100000000
2026-08-04 15:02:01,120 [DEBUG] We've been asked to write a message to the bus
2026-08-04 15:02:01,120 [DEBUG] sending: Timestamp:        0.000000    ID:      7a7    S Rx       BS       DL:  8    03 22 f1 a1 00 00 00 00
2026-08-04 15:02:01,139 [DEBUG] Rx: <7AF> (08) [p]	 0762f1a154464559
2026-08-04 15:02:01,192 [INFO] TC_ID-485 - Received: 62F1A154464559
2026-08-04 15:02:01,193 [WARNING] TC_ID-485 - PreCondition: PC_ID-056  Testcase:ECUSupplierCodeDataIdentifier (extendedsession) -> ❌ FAIL - Expected 0762F1A154464559
2026-08-04 15:02:01,194 [DEBUG] Stopping CanStack
2026-08-04 15:02:01,195 [DEBUG] Main thread is exiting
2026-08-04 15:02:01,239 [DEBUG] CanStack Stopped
2026-08-04 15:02:01,239 [INFO] Connection closed
2026-08-04 15:02:01,240 [INFO] Running Test Case: TC_ID-486
2026-08-04 15:02:01,241 [DEBUG] Starting CanStack
2026-08-04 15:02:01,242 [DEBUG] Main thread has started
2026-08-04 15:02:01,243 [DEBUG] Relay thread has started
2026-08-04 15:02:01,244 [INFO] Connection opened
2026-08-04 15:02:01,245 [INFO] Switched to physical mode for TC: TC_ID-486 Step: PreCondition: PC_ID-056  Testcase:ECUSoftwareUNITnumberDataIdentifier (ECU Manufacturer S/W Module Number : #01h)(extendedsession)
2026-08-04 15:02:01,246 [INFO] TC_ID-486 - PreCondition: PC_ID-056  Testcase:ECUSoftwareUNITnumberDataIdentifier (ECU Manufacturer S/W Module Number : #01h)(extendedsession): SID=0x22, Sub=0xF1B0, Expected=[4, 98, 241, 176, 1, 0, 0, 0]
2026-08-04 15:02:01,316 [INFO] TC_ID-486 - PreCondition: PC_ID-056  Testcase:ECUSoftwareUNITnumberDataIdentifier (ECU Manufacturer S/W Module Number : #01h)(extendedsession): Sending request 22F1B0
2026-08-04 15:02:01,318 [INFO] TC_ID-486 - PreCondition: PC_ID-056  Testcase:ECUSoftwareUNITnumberDataIdentifier (ECU Manufacturer S/W Module Number : #01h)(extendedsession): Sending request 22F1B0
2026-08-04 15:02:01,319 [DEBUG] Sending 3 bytes : [22f1b0]
2026-08-04 15:02:01,320 [DEBUG] Enqueuing a SendRequest for 3 bytes and TAT=Physical
2026-08-04 15:02:01,322 [DEBUG] Tx: <7A7> (08) [ ]	 0322f1b000000000
2026-08-04 15:02:01,322 [DEBUG] We've been asked to write a message to the bus
2026-08-04 15:02:01,323 [DEBUG] sending: Timestamp:        0.000000    ID:      7a7    S Rx       BS       DL:  8    03 22 f1 b0 00 00 00 00
2026-08-04 15:02:01,340 [DEBUG] Rx: <7AF> (08) [p]	 0462f1b001000000
2026-08-04 15:02:01,388 [INFO] TC_ID-486 - Received: 62F1B001
2026-08-04 15:02:01,389 [WARNING] TC_ID-486 - PreCondition: PC_ID-056  Testcase:ECUSoftwareUNITnumberDataIdentifier (ECU Manufacturer S/W Module Number : #01h)(extendedsession) -> ❌ FAIL - Expected 0462F1B001000000
2026-08-04 15:02:01,390 [DEBUG] Stopping CanStack
2026-08-04 15:02:01,391 [DEBUG] Main thread is exiting
2026-08-04 15:02:01,440 [DEBUG] CanStack Stopped
2026-08-04 15:02:01,442 [INFO] Connection closed
2026-08-04 15:02:01,442 [INFO] Running Test Case: TC_ID-487
2026-08-04 15:02:01,443 [DEBUG] Starting CanStack
2026-08-04 15:02:01,444 [DEBUG] Main thread has started
2026-08-04 15:02:01,445 [DEBUG] Relay thread has started
2026-08-04 15:02:01,447 [INFO] Connection opened
2026-08-04 15:02:01,448 [INFO] Switched to physical mode for TC: TC_ID-487 Step: PreCondition: PC_ID-056  Testcase:ECU Software Unit1 Version(extendedsession)
2026-08-04 15:02:01,448 [INFO] TC_ID-487 - PreCondition: PC_ID-056  Testcase:ECU Software Unit1 Version(extendedsession): SID=0x22, Sub=0xF1B1, Expected=[7, 98, 241, 177, 49, 46, 48, 48]
2026-08-04 15:02:01,510 [INFO] TC_ID-487 - PreCondition: PC_ID-056  Testcase:ECU Software Unit1 Version(extendedsession): Sending request 22F1B1
2026-08-04 15:02:01,511 [INFO] TC_ID-487 - PreCondition: PC_ID-056  Testcase:ECU Software Unit1 Version(extendedsession): Sending request 22F1B1
2026-08-04 15:02:01,511 [DEBUG] Sending 3 bytes : [22f1b1]
2026-08-04 15:02:01,513 [DEBUG] Enqueuing a SendRequest for 3 bytes and TAT=Physical
2026-08-04 15:02:01,515 [DEBUG] Tx: <7A7> (08) [ ]	 0322f1b100000000
2026-08-04 15:02:01,516 [DEBUG] We've been asked to write a message to the bus
2026-08-04 15:02:01,517 [DEBUG] sending: Timestamp:        0.000000    ID:      7a7    S Rx       BS       DL:  8    03 22 f1 b1 00 00 00 00
2026-08-04 15:02:01,529 [DEBUG] Rx: <7AF> (08) [p]	 0762f1b1312e3030
2026-08-04 15:02:01,577 [INFO] TC_ID-487 - Received: 62F1B1312E3030
2026-08-04 15:02:01,578 [WARNING] TC_ID-487 - PreCondition: PC_ID-056  Testcase:ECU Software Unit1 Version(extendedsession) -> ❌ FAIL - Expected 0762F1B1312E3030
2026-08-04 15:02:01,578 [DEBUG] Stopping CanStack
2026-08-04 15:02:01,579 [DEBUG] Main thread is exiting
2026-08-04 15:02:01,627 [DEBUG] CanStack Stopped
2026-08-04 15:02:01,628 [INFO] Connection closed
2026-08-04 15:02:01,628 [INFO] Running Test Case: TC_ID-488
2026-08-04 15:02:01,629 [DEBUG] Starting CanStack
2026-08-04 15:02:01,630 [DEBUG] Main thread has started
2026-08-04 15:02:01,631 [DEBUG] Relay thread has started
2026-08-04 15:02:01,633 [INFO] Connection opened
2026-08-04 15:02:01,634 [INFO] Switched to physical mode for TC: TC_ID-488 Step: PreCondition: PC_ID-056  Testcase:System Name Or Engine Type DataIdentifier
2026-08-04 15:02:01,634 [INFO] TC_ID-488 - PreCondition: PC_ID-056  Testcase:System Name Or Engine Type DataIdentifier: SID=0x22, Sub=0xF197, Expected=[7, 98, 241, 151, 83, 87, 82, 67]
2026-08-04 15:02:01,696 [INFO] TC_ID-488 - PreCondition: PC_ID-056  Testcase:System Name Or Engine Type DataIdentifier: Sending request 22F197
2026-08-04 15:02:01,697 [INFO] TC_ID-488 - PreCondition: PC_ID-056  Testcase:System Name Or Engine Type DataIdentifier: Sending request 22F197
2026-08-04 15:02:01,698 [DEBUG] Sending 3 bytes : [22f197]
2026-08-04 15:02:01,699 [DEBUG] Enqueuing a SendRequest for 3 bytes and TAT=Physical
2026-08-04 15:02:01,701 [DEBUG] Tx: <7A7> (08) [ ]	 0322f19700000000
2026-08-04 15:02:01,702 [DEBUG] We've been asked to write a message to the bus
2026-08-04 15:02:01,703 [DEBUG] sending: Timestamp:        0.000000    ID:      7a7    S Rx       BS       DL:  8    03 22 f1 97 00 00 00 00
2026-08-04 15:02:01,717 [DEBUG] Rx: <7AF> (08) [p]	 0762f19753575243
2026-08-04 15:02:01,767 [INFO] TC_ID-488 - Received: 62F19753575243
2026-08-04 15:02:01,770 [WARNING] TC_ID-488 - PreCondition: PC_ID-056  Testcase:System Name Or Engine Type DataIdentifier -> ❌ FAIL - Expected 0762F19753575243
2026-08-04 15:02:01,771 [DEBUG] Stopping CanStack
2026-08-04 15:02:01,772 [DEBUG] Main thread is exiting
2026-08-04 15:02:01,822 [DEBUG] CanStack Stopped
2026-08-04 15:02:01,826 [INFO] Connection closed
2026-08-04 15:02:01,827 [INFO] Running Test Case: TC_ID-489
2026-08-04 15:02:01,828 [DEBUG] Starting CanStack
2026-08-04 15:02:01,835 [DEBUG] Main thread has started
2026-08-04 15:02:01,837 [DEBUG] Relay thread has started
2026-08-04 15:02:01,840 [INFO] Connection opened
2026-08-04 15:02:01,841 [INFO] Switched to physical mode for TC: TC_ID-489 Step: PreCondition: PC_ID-056  Testcase:S_W_Version_Dataidentifier_F1_DD_Read(extendedsession)
2026-08-04 15:02:01,842 [INFO] TC_ID-489 - PreCondition: PC_ID-056  Testcase:S_W_Version_Dataidentifier_F1_DD_Read(extendedsession): SID=0x22, Sub=0xF1DD, Expected=[16, 10, 98, 241, 221, 49, 48, 48, 48, 49, 0, 0]
2026-08-04 15:02:01,913 [INFO] TC_ID-489 - PreCondition: PC_ID-056  Testcase:S_W_Version_Dataidentifier_F1_DD_Read(extendedsession): Sending request 22F1DD
2026-08-04 15:02:01,914 [INFO] TC_ID-489 - PreCondition: PC_ID-056  Testcase:S_W_Version_Dataidentifier_F1_DD_Read(extendedsession): Sending request 22F1DD
2026-08-04 15:02:01,915 [DEBUG] Sending 3 bytes : [22f1dd]
2026-08-04 15:02:01,917 [DEBUG] Enqueuing a SendRequest for 3 bytes and TAT=Physical
2026-08-04 15:02:01,920 [DEBUG] Tx: <7A7> (08) [ ]	 0322f1dd00000000
2026-08-04 15:02:01,921 [DEBUG] We've been asked to write a message to the bus
2026-08-04 15:02:01,922 [DEBUG] sending: Timestamp:        0.000000    ID:      7a7    S Rx       BS       DL:  8    03 22 f1 dd 00 00 00 00
2026-08-04 15:02:01,942 [DEBUG] Rx: <7AF> (08) [p]	 07f1dd3130303031
2026-08-04 15:02:01,990 [INFO] TC_ID-489 - Received: F1DD3130303031
2026-08-04 15:02:01,991 [WARNING] TC_ID-489 - PreCondition: PC_ID-056  Testcase:S_W_Version_Dataidentifier_F1_DD_Read(extendedsession) -> ❌ FAIL - Expected 100A62F1DD31303030310000
2026-08-04 15:02:01,993 [DEBUG] Stopping CanStack
2026-08-04 15:02:01,994 [DEBUG] Main thread is exiting
2026-08-04 15:02:02,040 [DEBUG] CanStack Stopped
2026-08-04 15:02:02,042 [INFO] Connection closed
2026-08-04 15:02:02,043 [INFO] Running Test Case: TC_ID-490
2026-08-04 15:02:02,044 [DEBUG] Starting CanStack
2026-08-04 15:02:02,047 [DEBUG] Main thread has started
2026-08-04 15:02:02,048 [DEBUG] Relay thread has started
2026-08-04 15:02:02,050 [INFO] Connection opened
2026-08-04 15:02:02,051 [INFO] Switched to physical mode for TC: TC_ID-490 Step: PreCondition: PC_ID-056  Testcase:NonSleep Collected Each ECU Data (extendedsession)
2026-08-04 15:02:02,052 [INFO] TC_ID-490 - PreCondition: PC_ID-056  Testcase:NonSleep Collected Each ECU Data (extendedsession): SID=0x22, Sub=0xED90, Expected=[16, 16, 98, 237, 144, 226, 0, 0, 0, 0, 0, 0, 4, 0, 0, 0, 0, 0, 0, 0, 0, 0]
2026-08-04 15:02:02,127 [INFO] TC_ID-490 - PreCondition: PC_ID-056  Testcase:NonSleep Collected Each ECU Data (extendedsession): Sending request 22ED90
2026-08-04 15:02:02,128 [INFO] TC_ID-490 - PreCondition: PC_ID-056  Testcase:NonSleep Collected Each ECU Data (extendedsession): Sending request 22ED90
2026-08-04 15:02:02,130 [DEBUG] Sending 3 bytes : [22ed90]
2026-08-04 15:02:02,131 [DEBUG] Enqueuing a SendRequest for 3 bytes and TAT=Physical
2026-08-04 15:02:02,137 [DEBUG] Tx: <7A7> (08) [ ]	 0322ed9000000000
2026-08-04 15:02:02,141 [DEBUG] We've been asked to write a message to the bus
2026-08-04 15:02:02,145 [DEBUG] sending: Timestamp:        0.000000    ID:      7a7    S Rx       BS       DL:  8    03 22 ed 90 00 00 00 00
2026-08-04 15:02:02,154 [DEBUG] We've been asked to write a message to the bus
2026-08-04 15:02:02,158 [DEBUG] sending: Timestamp:        0.000000    ID:      7a7    S Rx       BS       DL:  8    30 08 0a 00 00 00 00 00
2026-08-04 15:02:02,160 [DEBUG] Rx: <7AF> (08) [p]	 101062ed90e20000
2026-08-04 15:02:02,164 [DEBUG] Tx: <7A7> (08) [ ]	 30080a0000000000
2026-08-04 15:02:02,164 [DEBUG] We've been asked to write a message to the bus
2026-08-04 15:02:02,165 [DEBUG] sending: Timestamp:        0.000000    ID:      7a7    S Rx       BS       DL:  8    30 08 0a 00 00 00 00 00
2026-08-04 15:02:02,169 [DEBUG] TxState=IDLE - RxState=WAIT_CF
2026-08-04 15:02:02,215 [DEBUG] Rx: <7AF> (08) [p]	 2100000000040000
2026-08-04 15:02:02,266 [DEBUG] Rx: <7AF> (08) [p]	 2200000000000000
2026-08-04 15:02:02,316 [INFO] TC_ID-490 - Received: 62ED90E2000000000000040000000000
2026-08-04 15:02:02,318 [WARNING] TC_ID-490 - PreCondition: PC_ID-056  Testcase:NonSleep Collected Each ECU Data (extendedsession) -> ❌ FAIL - Expected 101062ED90E200000000000004000000000000000000
2026-08-04 15:02:02,319 [DEBUG] TxState=IDLE - RxState=IDLE
2026-08-04 15:02:02,322 [DEBUG] Stopping CanStack
2026-08-04 15:02:02,325 [DEBUG] Main thread is exiting
2026-08-04 15:02:02,368 [DEBUG] CanStack Stopped
2026-08-04 15:02:02,371 [INFO] Connection closed
2026-08-04 15:02:02,372 [INFO] Running Test Case: TC_ID-491
2026-08-04 15:02:02,373 [DEBUG] Starting CanStack
2026-08-04 15:02:02,375 [DEBUG] Main thread has started
2026-08-04 15:02:02,378 [DEBUG] Relay thread has started
2026-08-04 15:02:02,381 [INFO] Connection opened
2026-08-04 15:02:02,382 [INFO] Switched to physical mode for TC: TC_ID-491 Step: PreCondition: PC_ID-056  Testcase:Input Ountput Record Local Identifier #1 (extendedsession)
2026-08-04 15:02:02,383 [INFO] TC_ID-491 - PreCondition: PC_ID-056  Testcase:Input Ountput Record Local Identifier #1 (extendedsession): SID=0x22, Sub=0xB602, Expected=[16, 8, 98, 182, 2, 128, 0, 0, 0, 151, 0, 0, 0, 0, 0]
2026-08-04 15:02:02,474 [INFO] TC_ID-491 - PreCondition: PC_ID-056  Testcase:Input Ountput Record Local Identifier #1 (extendedsession): Sending request 22B602
2026-08-04 15:02:02,475 [INFO] TC_ID-491 - PreCondition: PC_ID-056  Testcase:Input Ountput Record Local Identifier #1 (extendedsession): Sending request 22B602
2026-08-04 15:02:02,476 [DEBUG] Sending 3 bytes : [22b602]
2026-08-04 15:02:02,478 [DEBUG] Enqueuing a SendRequest for 3 bytes and TAT=Physical
2026-08-04 15:02:02,480 [DEBUG] Tx: <7A7> (08) [ ]	 0322b60200000000
2026-08-04 15:02:02,482 [DEBUG] We've been asked to write a message to the bus
2026-08-04 15:02:02,483 [DEBUG] sending: Timestamp:        0.000000    ID:      7a7    S Rx       BS       DL:  8    03 22 b6 02 00 00 00 00
2026-08-04 15:02:02,494 [DEBUG] We've been asked to write a message to the bus
2026-08-04 15:02:02,496 [DEBUG] sending: Timestamp:        0.000000    ID:      7a7    S Rx       BS       DL:  8    30 08 0a 00 00 00 00 00
2026-08-04 15:02:02,497 [DEBUG] Rx: <7AF> (08) [p]	 100862b602800000
2026-08-04 15:02:02,500 [DEBUG] Tx: <7A7> (08) [ ]	 30080a0000000000
2026-08-04 15:02:02,504 [DEBUG] We've been asked to write a message to the bus
2026-08-04 15:02:02,506 [DEBUG] sending: Timestamp:        0.000000    ID:      7a7    S Rx       BS       DL:  8    30 08 0a 00 00 00 00 00
2026-08-04 15:02:02,508 [DEBUG] TxState=IDLE - RxState=WAIT_CF
2026-08-04 15:02:02,547 [DEBUG] Rx: <7AF> (08) [p]	 21009a0000000000
2026-08-04 15:02:02,598 [INFO] TC_ID-491 - Received: 62B602800000009A
2026-08-04 15:02:02,603 [DEBUG] TxState=IDLE - RxState=IDLE
2026-08-04 15:02:02,610 [WARNING] TC_ID-491 - PreCondition: PC_ID-056  Testcase:Input Ountput Record Local Identifier #1 (extendedsession) -> ❌ FAIL - Expected 100862B60280000000970000000000
2026-08-04 15:02:02,613 [DEBUG] Stopping CanStack
2026-08-04 15:02:02,615 [DEBUG] Main thread is exiting
2026-08-04 15:02:02,654 [DEBUG] CanStack Stopped
2026-08-04 15:02:02,662 [INFO] Connection closed
2026-08-04 15:02:02,666 [INFO] Running Test Case: TC_ID-492
2026-08-04 15:02:02,667 [DEBUG] Starting CanStack
2026-08-04 15:02:02,669 [DEBUG] Main thread has started
2026-08-04 15:02:02,673 [DEBUG] Relay thread has started
2026-08-04 15:02:02,678 [INFO] Connection opened
2026-08-04 15:02:02,681 [INFO] Switched to physical mode for TC: TC_ID-492 Step: PreCondition: PC_ID-056  Testcase:Input Ountput Record Local Identifier #2 (extendedsession)
2026-08-04 15:02:02,684 [INFO] TC_ID-492 - PreCondition: PC_ID-056  Testcase:Input Ountput Record Local Identifier #2 (extendedsession): SID=0x22, Sub=0xB603, Expected=[16, 9, 98, 182, 3, 242, 160, 0, 0, 0, 0, 0, 0, 0]
2026-08-04 15:02:02,765 [INFO] TC_ID-492 - PreCondition: PC_ID-056  Testcase:Input Ountput Record Local Identifier #2 (extendedsession): Sending request 22B603
2026-08-04 15:02:02,771 [INFO] TC_ID-492 - PreCondition: PC_ID-056  Testcase:Input Ountput Record Local Identifier #2 (extendedsession): Sending request 22B603
2026-08-04 15:02:02,772 [DEBUG] Sending 3 bytes : [22b603]
2026-08-04 15:02:02,774 [DEBUG] Enqueuing a SendRequest for 3 bytes and TAT=Physical
2026-08-04 15:02:02,776 [DEBUG] Tx: <7A7> (08) [ ]	 0322b60300000000
2026-08-04 15:02:02,778 [DEBUG] We've been asked to write a message to the bus
2026-08-04 15:02:02,779 [DEBUG] sending: Timestamp:        0.000000    ID:      7a7    S Rx       BS       DL:  8    03 22 b6 03 00 00 00 00
2026-08-04 15:02:02,796 [DEBUG] We've been asked to write a message to the bus
2026-08-04 15:02:02,798 [DEBUG] Rx: <7AF> (08) [p]	 100962b603f2a000
2026-08-04 15:02:02,801 [DEBUG] sending: Timestamp:        0.000000    ID:      7a7    S Rx       BS       DL:  8    30 08 0a 00 00 00 00 00
2026-08-04 15:02:02,806 [DEBUG] Tx: <7A7> (08) [ ]	 30080a0000000000
2026-08-04 15:02:02,809 [DEBUG] We've been asked to write a message to the bus
2026-08-04 15:02:02,812 [DEBUG] sending: Timestamp:        0.000000    ID:      7a7    S Rx       BS       DL:  8    30 08 0a 00 00 00 00 00
2026-08-04 15:02:02,816 [DEBUG] TxState=IDLE - RxState=WAIT_CF
2026-08-04 15:02:02,866 [DEBUG] Rx: <7AF> (08) [p]	 2100000000000000
2026-08-04 15:02:02,915 [INFO] TC_ID-492 - Received: 62B603F2A000000000
2026-08-04 15:02:02,917 [WARNING] TC_ID-492 - PreCondition: PC_ID-056  Testcase:Input Ountput Record Local Identifier #2 (extendedsession) -> ❌ FAIL - Expected 100962B603F2A000000000000000
2026-08-04 15:02:02,919 [DEBUG] TxState=IDLE - RxState=IDLE
2026-08-04 15:02:02,921 [DEBUG] Stopping CanStack
2026-08-04 15:02:02,924 [DEBUG] Main thread is exiting
2026-08-04 15:02:02,968 [DEBUG] CanStack Stopped
2026-08-04 15:02:02,970 [INFO] Connection closed
2026-08-04 15:02:02,971 [INFO] Running Test Case: TC_ID-493
2026-08-04 15:02:02,974 [DEBUG] Starting CanStack
2026-08-04 15:02:02,979 [DEBUG] Main thread has started
2026-08-04 15:02:02,982 [DEBUG] Relay thread has started
2026-08-04 15:02:02,983 [INFO] Connection opened
2026-08-04 15:02:02,984 [INFO] Switched to physical mode for TC: TC_ID-493 Step: PreCondition: PC_ID-056  Testcase:Input Ountput Record Local Identifier #3 (extendedsession)
2026-08-04 15:02:02,985 [INFO] TC_ID-493 - PreCondition: PC_ID-056  Testcase:Input Ountput Record Local Identifier #3 (extendedsession): SID=0x22, Sub=0xB604, Expected=[16, 10, 98, 182, 4, 229, 252, 1, 1, 0, 32, 0, 0, 0, 0]
2026-08-04 15:02:03,049 [INFO] TC_ID-493 - PreCondition: PC_ID-056  Testcase:Input Ountput Record Local Identifier #3 (extendedsession): Sending request 22B604
2026-08-04 15:02:03,050 [INFO] TC_ID-493 - PreCondition: PC_ID-056  Testcase:Input Ountput Record Local Identifier #3 (extendedsession): Sending request 22B604
2026-08-04 15:02:03,050 [DEBUG] Sending 3 bytes : [22b604]
2026-08-04 15:02:03,051 [DEBUG] Enqueuing a SendRequest for 3 bytes and TAT=Physical
2026-08-04 15:02:03,052 [DEBUG] Tx: <7A7> (08) [ ]	 0322b60400000000
2026-08-04 15:02:03,053 [DEBUG] We've been asked to write a message to the bus
2026-08-04 15:02:03,054 [DEBUG] sending: Timestamp:        0.000000    ID:      7a7    S Rx       BS       DL:  8    03 22 b6 04 00 00 00 00
2026-08-04 15:02:03,065 [DEBUG] Rx: <7AF> (08) [p]	 100a62b604e5fc01
2026-08-04 15:02:03,065 [DEBUG] We've been asked to write a message to the bus
2026-08-04 15:02:03,066 [DEBUG] Tx: <7A7> (08) [ ]	 30080a0000000000
2026-08-04 15:02:03,067 [DEBUG] sending: Timestamp:        0.000000    ID:      7a7    S Rx       BS       DL:  8    30 08 0a 00 00 00 00 00
2026-08-04 15:02:03,068 [DEBUG] We've been asked to write a message to the bus
2026-08-04 15:02:03,069 [DEBUG] sending: Timestamp:        0.000000    ID:      7a7    S Rx       BS       DL:  8    30 08 0a 00 00 00 00 00
2026-08-04 15:02:03,071 [DEBUG] TxState=IDLE - RxState=WAIT_CF
2026-08-04 15:02:03,118 [DEBUG] Rx: <7AF> (08) [p]	 2101002000000000
2026-08-04 15:02:03,165 [INFO] TC_ID-493 - Received: 62B604E5FC0101002000
2026-08-04 15:02:03,167 [WARNING] TC_ID-493 - PreCondition: PC_ID-056  Testcase:Input Ountput Record Local Identifier #3 (extendedsession) -> ❌ FAIL - Expected 100A62B604E5FC0101002000000000
2026-08-04 15:02:03,167 [DEBUG] Stopping CanStack
2026-08-04 15:02:03,169 [DEBUG] TxState=IDLE - RxState=IDLE
2026-08-04 15:02:03,170 [DEBUG] Main thread is exiting
2026-08-04 15:02:03,219 [DEBUG] CanStack Stopped
2026-08-04 15:02:03,220 [INFO] Connection closed
2026-08-04 15:02:03,221 [INFO] Running Test Case: TC_ID-494
2026-08-04 15:02:03,222 [DEBUG] Starting CanStack
2026-08-04 15:02:03,223 [DEBUG] Main thread has started
2026-08-04 15:02:03,224 [DEBUG] Relay thread has started
2026-08-04 15:02:03,226 [INFO] Connection opened
2026-08-04 15:02:03,226 [INFO] Switched to physical mode for TC: TC_ID-494 Step: PreCondition: PC_ID-056  Testcase:Input Ountput Record Local Identifier #4 (extendedsession)
2026-08-04 15:02:03,227 [INFO] TC_ID-494 - PreCondition: PC_ID-056  Testcase:Input Ountput Record Local Identifier #4 (extendedsession): SID=0x22, Sub=0xB605, Expected=[16, 9, 98, 182, 5, 255, 255, 0, 0, 0, 0, 0, 0, 0, 0]
2026-08-04 15:02:03,289 [INFO] TC_ID-494 - PreCondition: PC_ID-056  Testcase:Input Ountput Record Local Identifier #4 (extendedsession): Sending request 22B605
2026-08-04 15:02:03,291 [INFO] TC_ID-494 - PreCondition: PC_ID-056  Testcase:Input Ountput Record Local Identifier #4 (extendedsession): Sending request 22B605
2026-08-04 15:02:03,292 [DEBUG] Sending 3 bytes : [22b605]
2026-08-04 15:02:03,294 [DEBUG] Enqueuing a SendRequest for 3 bytes and TAT=Physical
2026-08-04 15:02:03,295 [DEBUG] Tx: <7A7> (08) [ ]	 0322b60500000000
2026-08-04 15:02:03,296 [DEBUG] We've been asked to write a message to the bus
2026-08-04 15:02:03,297 [DEBUG] sending: Timestamp:        0.000000    ID:      7a7    S Rx       BS       DL:  8    03 22 b6 05 00 00 00 00
2026-08-04 15:02:03,304 [DEBUG] We've been asked to write a message to the bus
2026-08-04 15:02:03,307 [DEBUG] sending: Timestamp:        0.000000    ID:      7a7    S Rx       BS       DL:  8    30 08 0a 00 00 00 00 00
2026-08-04 15:02:03,310 [DEBUG] Rx: <7AF> (08) [p]	 100962b605ffff00
2026-08-04 15:02:03,312 [DEBUG] Tx: <7A7> (08) [ ]	 30080a0000000000
2026-08-04 15:02:03,313 [DEBUG] We've been asked to write a message to the bus
2026-08-04 15:02:03,314 [DEBUG] sending: Timestamp:        0.000000    ID:      7a7    S Rx       BS       DL:  8    30 08 0a 00 00 00 00 00
2026-08-04 15:02:03,315 [DEBUG] TxState=IDLE - RxState=WAIT_CF
2026-08-04 15:02:03,357 [DEBUG] Rx: <7AF> (08) [p]	 2100000000000000
2026-08-04 15:02:03,405 [INFO] TC_ID-494 - Received: 62B605FFFF00000000
2026-08-04 15:02:03,406 [WARNING] TC_ID-494 - PreCondition: PC_ID-056  Testcase:Input Ountput Record Local Identifier #4 (extendedsession) -> ❌ FAIL - Expected 100962B605FFFF0000000000000000
2026-08-04 15:02:03,407 [DEBUG] Stopping CanStack
2026-08-04 15:02:03,408 [DEBUG] TxState=IDLE - RxState=IDLE
2026-08-04 15:02:03,409 [DEBUG] Main thread is exiting
2026-08-04 15:02:03,458 [DEBUG] CanStack Stopped
2026-08-04 15:02:03,459 [INFO] Connection closed
2026-08-04 15:02:03,460 [INFO] Running Test Case: TC_ID-495
2026-08-04 15:02:03,460 [DEBUG] Starting CanStack
2026-08-04 15:02:03,462 [DEBUG] Main thread has started
2026-08-04 15:02:03,463 [DEBUG] Relay thread has started
2026-08-04 15:02:03,464 [INFO] Connection opened
2026-08-04 15:02:03,465 [INFO] Switched to physical mode for TC: TC_ID-495 Step: PreCondition: PC_ID-056  Testcase:Platform Hardware Version Number DataIdentifier
2026-08-04 15:02:03,466 [INFO] TC_ID-495 - PreCondition: PC_ID-056  Testcase:Platform Hardware Version Number DataIdentifier: SID=0x22, Sub=0xF17D, Expected=[16, 17, 98, 241, 125, 48, 50, 95, 48, 51, 46, 48, 48, 46, 48, 48, 46, 48, 50]
2026-08-04 15:02:03,533 [INFO] TC_ID-495 - PreCondition: PC_ID-056  Testcase:Platform Hardware Version Number DataIdentifier: Sending request 22F17D
2026-08-04 15:02:03,534 [INFO] TC_ID-495 - PreCondition: PC_ID-056  Testcase:Platform Hardware Version Number DataIdentifier: Sending request 22F17D
2026-08-04 15:02:03,534 [DEBUG] Sending 3 bytes : [22f17d]
2026-08-04 15:02:03,535 [DEBUG] Enqueuing a SendRequest for 3 bytes and TAT=Physical
2026-08-04 15:02:03,536 [DEBUG] Tx: <7A7> (08) [ ]	 0322f17d00000000
2026-08-04 15:02:03,537 [DEBUG] We've been asked to write a message to the bus
2026-08-04 15:02:03,537 [DEBUG] sending: Timestamp:        0.000000    ID:      7a7    S Rx       BS       DL:  8    03 22 f1 7d 00 00 00 00
2026-08-04 15:02:03,545 [DEBUG] Rx: <7AF> (08) [p]	 037f221200000000
2026-08-04 15:02:03,594 [INFO] TC_ID-495 - Received: 7F2212
2026-08-04 15:02:03,595 [WARNING] TC_ID-495 - PreCondition: PC_ID-056  Testcase:Platform Hardware Version Number DataIdentifier -> ❌ FAIL - Expected 101162F17D30325F30332E30302E30302E3032
2026-08-04 15:02:03,596 [DEBUG] Stopping CanStack
2026-08-04 15:02:03,597 [DEBUG] Main thread is exiting
2026-08-04 15:02:03,646 [DEBUG] CanStack Stopped
2026-08-04 15:02:03,647 [INFO] Connection closed
2026-08-04 15:02:03,647 [INFO] Running Test Case: TC_ID-496
2026-08-04 15:02:03,648 [DEBUG] Starting CanStack
2026-08-04 15:02:03,650 [DEBUG] Main thread has started
2026-08-04 15:02:03,651 [DEBUG] Relay thread has started
2026-08-04 15:02:03,652 [INFO] Connection opened
2026-08-04 15:02:03,653 [INFO] Switched to physical mode for TC: TC_ID-496 Step: PreCondition: PC_ID-056  Testcase:Platform Version Number DataIdentifier
2026-08-04 15:02:03,654 [INFO] TC_ID-496 - PreCondition: PC_ID-056  Testcase:Platform Version Number DataIdentifier: SID=0x22, Sub=0xF17F, Expected=[16, 17, 98, 241, 127, 48, 53, 46, 48, 55, 46, 48, 48, 46, 48, 68, 46, 48, 48]
2026-08-04 15:02:03,727 [INFO] TC_ID-496 - PreCondition: PC_ID-056  Testcase:Platform Version Number DataIdentifier: Sending request 22F17F
2026-08-04 15:02:03,728 [INFO] TC_ID-496 - PreCondition: PC_ID-056  Testcase:Platform Version Number DataIdentifier: Sending request 22F17F
2026-08-04 15:02:03,729 [DEBUG] Sending 3 bytes : [22f17f]
2026-08-04 15:02:03,730 [DEBUG] Enqueuing a SendRequest for 3 bytes and TAT=Physical
2026-08-04 15:02:03,731 [DEBUG] Tx: <7A7> (08) [ ]	 0322f17f00000000
2026-08-04 15:02:03,732 [DEBUG] We've been asked to write a message to the bus
2026-08-04 15:02:03,733 [DEBUG] sending: Timestamp:        0.000000    ID:      7a7    S Rx       BS       DL:  8    03 22 f1 7f 00 00 00 00
2026-08-04 15:02:03,746 [DEBUG] Rx: <7AF> (08) [p]	 037f221200000000
2026-08-04 15:02:03,797 [INFO] TC_ID-496 - Received: 7F2212
2026-08-04 15:02:03,799 [WARNING] TC_ID-496 - PreCondition: PC_ID-056  Testcase:Platform Version Number DataIdentifier -> ❌ FAIL - Expected 101162F17F30352E30372E30302E30442E3030
2026-08-04 15:02:03,801 [DEBUG] Stopping CanStack
2026-08-04 15:02:03,803 [DEBUG] Main thread is exiting
2026-08-04 15:02:03,846 [DEBUG] CanStack Stopped
2026-08-04 15:02:03,847 [INFO] Connection closed
2026-08-04 15:02:03,848 [INFO] Running Test Case: TC_ID-497
2026-08-04 15:02:03,849 [DEBUG] Starting CanStack
2026-08-04 15:02:03,851 [DEBUG] Main thread has started
2026-08-04 15:02:03,852 [DEBUG] Relay thread has started
2026-08-04 15:02:03,859 [INFO] Connection opened
2026-08-04 15:02:03,860 [INFO] Switched to physical mode for TC: TC_ID-497 Step: PreCondition: PC_ID-056  Testcase:B CAN Database version in extended session NRC-12
2026-08-04 15:02:03,862 [INFO] TC_ID-497 - PreCondition: PC_ID-056  Testcase:B CAN Database version in extended session NRC-12: SID=0x22, Sub=0xF101, Expected=[3, 127, 34, 18, 0, 0, 0, 0]
2026-08-04 15:02:03,929 [INFO] TC_ID-497 - PreCondition: PC_ID-056  Testcase:B CAN Database version in extended session NRC-12: Sending request 22F101
2026-08-04 15:02:03,930 [INFO] TC_ID-497 - PreCondition: PC_ID-056  Testcase:B CAN Database version in extended session NRC-12: Sending request 22F101
2026-08-04 15:02:03,931 [DEBUG] Sending 3 bytes : [22f101]
2026-08-04 15:02:03,932 [DEBUG] Enqueuing a SendRequest for 3 bytes and TAT=Physical
2026-08-04 15:02:03,935 [DEBUG] Tx: <7A7> (08) [ ]	 0322f10100000000
2026-08-04 15:02:03,935 [DEBUG] We've been asked to write a message to the bus
2026-08-04 15:02:03,936 [DEBUG] sending: Timestamp:        0.000000    ID:      7a7    S Rx       BS       DL:  8    03 22 f1 01 00 00 00 00
2026-08-04 15:02:03,946 [DEBUG] Rx: <7AF> (08) [p]	 037f221200000000
2026-08-04 15:02:03,995 [INFO] TC_ID-497 - Received: 7F2212
2026-08-04 15:02:03,996 [WARNING] TC_ID-497 - PreCondition: PC_ID-056  Testcase:B CAN Database version in extended session NRC-12 -> ❌ FAIL - Expected 037F221200000000
2026-08-04 15:02:03,997 [DEBUG] Stopping CanStack
2026-08-04 15:02:03,998 [DEBUG] Main thread is exiting
2026-08-04 15:02:04,046 [DEBUG] CanStack Stopped
2026-08-04 15:02:04,047 [INFO] Connection closed
2026-08-04 15:02:04,048 [INFO] Running Test Case: TC_ID-498
2026-08-04 15:02:04,048 [DEBUG] Starting CanStack
2026-08-04 15:02:04,050 [DEBUG] Main thread has started
2026-08-04 15:02:04,051 [DEBUG] Relay thread has started
2026-08-04 15:02:04,052 [INFO] Connection opened
2026-08-04 15:02:04,053 [INFO] Switched to physical mode for TC: TC_ID-498 Step: PreCondition: PC_ID-056  Testcase:B CAN Database version in extended session NRC-13
2026-08-04 15:02:04,053 [INFO] TC_ID-498 - PreCondition: PC_ID-056  Testcase:B CAN Database version in extended session NRC-13: SID=0x22, Sub=0xF10032, Expected=[3, 127, 34, 19, 0, 0, 0, 0]
2026-08-04 15:02:04,123 [INFO] TC_ID-498 - PreCondition: PC_ID-056  Testcase:B CAN Database version in extended session NRC-13: Sending request 22F10032
2026-08-04 15:02:04,125 [INFO] TC_ID-498 - PreCondition: PC_ID-056  Testcase:B CAN Database version in extended session NRC-13: Sending request 22F10032
2026-08-04 15:02:04,126 [DEBUG] Sending 4 bytes : [22f10032]
2026-08-04 15:02:04,127 [DEBUG] Enqueuing a SendRequest for 4 bytes and TAT=Physical
2026-08-04 15:02:04,129 [DEBUG] Tx: <7A7> (08) [ ]	 0422f10032000000
2026-08-04 15:02:04,130 [DEBUG] We've been asked to write a message to the bus
2026-08-04 15:02:04,131 [DEBUG] sending: Timestamp:        0.000000    ID:      7a7    S Rx       BS       DL:  8    04 22 f1 00 32 00 00 00
2026-08-04 15:02:04,145 [DEBUG] Rx: <7AF> (08) [p]	 037f221300000000
2026-08-04 15:02:04,195 [INFO] TC_ID-498 - Received: 7F2213
2026-08-04 15:02:04,196 [WARNING] TC_ID-498 - PreCondition: PC_ID-056  Testcase:B CAN Database version in extended session NRC-13 -> ❌ FAIL - Expected 037F221300000000
2026-08-04 15:02:04,198 [DEBUG] Stopping CanStack
2026-08-04 15:02:04,200 [DEBUG] Main thread is exiting
2026-08-04 15:02:04,246 [DEBUG] CanStack Stopped
2026-08-04 15:02:04,249 [INFO] Connection closed
2026-08-04 15:02:04,251 [INFO] Running Test Case: TC_ID-499
2026-08-04 15:02:04,254 [DEBUG] Starting CanStack
2026-08-04 15:02:04,258 [DEBUG] Main thread has started
2026-08-04 15:02:04,261 [DEBUG] Relay thread has started
2026-08-04 15:02:04,263 [INFO] Connection opened
2026-08-04 15:02:04,264 [INFO] Switched to physical mode for TC: TC_ID-499 Step: PreCondition: PC_ID-056  Testcase:Vehicle Part Number in extended session NRC-12
2026-08-04 15:02:04,266 [INFO] TC_ID-499 - PreCondition: PC_ID-056  Testcase:Vehicle Part Number in extended session NRC-12: SID=0x22, Sub=0xF188, Expected=[3, 127, 34, 18, 0, 0, 0, 0]
2026-08-04 15:02:04,342 [INFO] TC_ID-499 - PreCondition: PC_ID-056  Testcase:Vehicle Part Number in extended session NRC-12: Sending request 22F188
2026-08-04 15:02:04,343 [INFO] TC_ID-499 - PreCondition: PC_ID-056  Testcase:Vehicle Part Number in extended session NRC-12: Sending request 22F188
2026-08-04 15:02:04,345 [DEBUG] Sending 3 bytes : [22f188]
2026-08-04 15:02:04,349 [DEBUG] Enqueuing a SendRequest for 3 bytes and TAT=Physical
2026-08-04 15:02:04,354 [DEBUG] Tx: <7A7> (08) [ ]	 0322f18800000000
2026-08-04 15:02:04,355 [DEBUG] We've been asked to write a message to the bus
2026-08-04 15:02:04,356 [DEBUG] sending: Timestamp:        0.000000    ID:      7a7    S Rx       BS       DL:  8    03 22 f1 88 00 00 00 00
2026-08-04 15:02:04,373 [DEBUG] Rx: <7AF> (08) [p]	 037f221200000000
2026-08-04 15:02:04,420 [INFO] TC_ID-499 - Received: 7F2212
2026-08-04 15:02:04,424 [WARNING] TC_ID-499 - PreCondition: PC_ID-056  Testcase:Vehicle Part Number in extended session NRC-12 -> ❌ FAIL - Expected 037F221200000000
2026-08-04 15:02:04,427 [DEBUG] Stopping CanStack
2026-08-04 15:02:04,430 [DEBUG] Main thread is exiting
2026-08-04 15:02:04,505 [DEBUG] CanStack Stopped
2026-08-04 15:02:04,545 [INFO] Connection closed
2026-08-04 15:02:04,548 [INFO] Running Test Case: TC_ID-500
2026-08-04 15:02:04,553 [DEBUG] Starting CanStack
2026-08-04 15:02:04,565 [DEBUG] Main thread has started
2026-08-04 15:02:04,573 [DEBUG] Relay thread has started
2026-08-04 15:02:04,575 [INFO] Connection opened
2026-08-04 15:02:04,576 [INFO] Switched to physical mode for TC: TC_ID-500 Step: PreCondition: PC_ID-056  Testcase:Vehicle Part Number in extended session NRC-13
2026-08-04 15:02:04,578 [INFO] TC_ID-500 - PreCondition: PC_ID-056  Testcase:Vehicle Part Number in extended session NRC-13: SID=0x22, Sub=0xF18721, Expected=[3, 127, 34, 19, 0, 0, 0, 0]
2026-08-04 15:02:04,678 [INFO] TC_ID-500 - PreCondition: PC_ID-056  Testcase:Vehicle Part Number in extended session NRC-13: Sending request 22F18721
2026-08-04 15:02:04,680 [INFO] TC_ID-500 - PreCondition: PC_ID-056  Testcase:Vehicle Part Number in extended session NRC-13: Sending request 22F18721
2026-08-04 15:02:04,682 [DEBUG] Sending 4 bytes : [22f18721]
2026-08-04 15:02:04,685 [DEBUG] Enqueuing a SendRequest for 4 bytes and TAT=Physical
2026-08-04 15:02:04,690 [DEBUG] Tx: <7A7> (08) [ ]	 0422f18721000000
2026-08-04 15:02:04,691 [DEBUG] We've been asked to write a message to the bus
2026-08-04 15:02:04,692 [DEBUG] sending: Timestamp:        0.000000    ID:      7a7    S Rx       BS       DL:  8    04 22 f1 87 21 00 00 00
2026-08-04 15:02:04,715 [DEBUG] Rx: <7AF> (08) [p]	 037f221300000000
2026-08-04 15:02:04,767 [INFO] TC_ID-500 - Received: 7F2213
2026-08-04 15:02:04,768 [WARNING] TC_ID-500 - PreCondition: PC_ID-056  Testcase:Vehicle Part Number in extended session NRC-13 -> ❌ FAIL - Expected 037F221300000000
2026-08-04 15:02:04,769 [DEBUG] Stopping CanStack
2026-08-04 15:02:04,770 [DEBUG] Main thread is exiting
2026-08-04 15:02:04,816 [DEBUG] CanStack Stopped
2026-08-04 15:02:04,817 [INFO] Connection closed
2026-08-04 15:02:04,818 [INFO] Running Test Case: TC_ID-501
2026-08-04 15:02:04,819 [DEBUG] Starting CanStack
2026-08-04 15:02:04,821 [DEBUG] Main thread has started
2026-08-04 15:02:04,824 [DEBUG] Relay thread has started
2026-08-04 15:02:04,826 [INFO] Connection opened
2026-08-04 15:02:04,827 [INFO] Switched to physical mode for TC: TC_ID-501 Step: PreCondition: PC_ID-056  Testcase:Manufacturing Date in extended session NRC-12
2026-08-04 15:02:04,828 [INFO] TC_ID-501 - PreCondition: PC_ID-056  Testcase:Manufacturing Date in extended session NRC-12: SID=0x22, Sub=0xF185, Expected=[3, 127, 34, 18, 0, 0, 0, 0]
2026-08-04 15:02:04,889 [INFO] TC_ID-501 - PreCondition: PC_ID-056  Testcase:Manufacturing Date in extended session NRC-12: Sending request 22F185
2026-08-04 15:02:04,891 [INFO] TC_ID-501 - PreCondition: PC_ID-056  Testcase:Manufacturing Date in extended session NRC-12: Sending request 22F185
2026-08-04 15:02:04,891 [DEBUG] Sending 3 bytes : [22f185]
2026-08-04 15:02:04,893 [DEBUG] Enqueuing a SendRequest for 3 bytes and TAT=Physical
2026-08-04 15:02:04,894 [DEBUG] Tx: <7A7> (08) [ ]	 0322f18500000000
2026-08-04 15:02:04,895 [DEBUG] We've been asked to write a message to the bus
2026-08-04 15:02:04,896 [DEBUG] sending: Timestamp:        0.000000    ID:      7a7    S Rx       BS       DL:  8    03 22 f1 85 00 00 00 00
2026-08-04 15:02:04,906 [DEBUG] Rx: <7AF> (08) [p]	 037f221200000000
2026-08-04 15:02:04,956 [INFO] TC_ID-501 - Received: 7F2212
2026-08-04 15:02:04,958 [WARNING] TC_ID-501 - PreCondition: PC_ID-056  Testcase:Manufacturing Date in extended session NRC-12 -> ❌ FAIL - Expected 037F221200000000
2026-08-04 15:02:04,959 [DEBUG] Stopping CanStack
2026-08-04 15:02:04,961 [DEBUG] Main thread is exiting
2026-08-04 15:02:05,006 [DEBUG] CanStack Stopped
2026-08-04 15:02:05,007 [INFO] Connection closed
2026-08-04 15:02:05,008 [INFO] Running Test Case: TC_ID-502
2026-08-04 15:02:05,009 [DEBUG] Starting CanStack
2026-08-04 15:02:05,011 [DEBUG] Main thread has started
2026-08-04 15:02:05,012 [DEBUG] Relay thread has started
2026-08-04 15:02:05,014 [INFO] Connection opened
2026-08-04 15:02:05,015 [INFO] Switched to physical mode for TC: TC_ID-502 Step: PreCondition: PC_ID-056  Testcase:Manufacturing Date in extended session NRC-13
2026-08-04 15:02:05,016 [INFO] TC_ID-502 - PreCondition: PC_ID-056  Testcase:Manufacturing Date in extended session NRC-13: SID=0x22, Sub=0xF18B12, Expected=[3, 127, 34, 19, 0, 0, 0, 0]
2026-08-04 15:02:05,075 [INFO] TC_ID-502 - PreCondition: PC_ID-056  Testcase:Manufacturing Date in extended session NRC-13: Sending request 22F18B12
2026-08-04 15:02:05,076 [INFO] TC_ID-502 - PreCondition: PC_ID-056  Testcase:Manufacturing Date in extended session NRC-13: Sending request 22F18B12
2026-08-04 15:02:05,077 [DEBUG] Sending 4 bytes : [22f18b12]
2026-08-04 15:02:05,079 [DEBUG] Enqueuing a SendRequest for 4 bytes and TAT=Physical
2026-08-04 15:02:05,081 [DEBUG] Tx: <7A7> (08) [ ]	 0422f18b12000000
2026-08-04 15:02:05,083 [DEBUG] We've been asked to write a message to the bus
2026-08-04 15:02:05,085 [DEBUG] sending: Timestamp:        0.000000    ID:      7a7    S Rx       BS       DL:  8    04 22 f1 8b 12 00 00 00
2026-08-04 15:02:05,097 [DEBUG] Rx: <7AF> (08) [p]	 037f221300000000
2026-08-04 15:02:05,150 [INFO] TC_ID-502 - Received: 7F2213
2026-08-04 15:02:05,151 [WARNING] TC_ID-502 - PreCondition: PC_ID-056  Testcase:Manufacturing Date in extended session NRC-13 -> ❌ FAIL - Expected 037F221300000000
2026-08-04 15:02:05,153 [DEBUG] Stopping CanStack
2026-08-04 15:02:05,155 [DEBUG] Main thread is exiting
2026-08-04 15:02:05,197 [DEBUG] CanStack Stopped
2026-08-04 15:02:05,198 [INFO] Connection closed
2026-08-04 15:02:05,199 [INFO] Running Test Case: TC_ID-503
2026-08-04 15:02:05,201 [DEBUG] Starting CanStack
2026-08-04 15:02:05,202 [DEBUG] Main thread has started
2026-08-04 15:02:05,203 [DEBUG] Relay thread has started
2026-08-04 15:02:05,205 [INFO] Connection opened
2026-08-04 15:02:05,206 [INFO] Switched to physical mode for TC: TC_ID-503 Step: PreCondition: PC_ID-056  Testcase:Serial Number in extended session NRC-12
2026-08-04 15:02:05,207 [INFO] TC_ID-503 - PreCondition: PC_ID-056  Testcase:Serial Number in extended session NRC-12: SID=0x22, Sub=0xF189, Expected=[3, 127, 34, 18, 0, 0, 0, 0]
2026-08-04 15:02:05,266 [INFO] TC_ID-503 - PreCondition: PC_ID-056  Testcase:Serial Number in extended session NRC-12: Sending request 22F189
2026-08-04 15:02:05,267 [INFO] TC_ID-503 - PreCondition: PC_ID-056  Testcase:Serial Number in extended session NRC-12: Sending request 22F189
2026-08-04 15:02:05,267 [DEBUG] Sending 3 bytes : [22f189]
2026-08-04 15:02:05,269 [DEBUG] Enqueuing a SendRequest for 3 bytes and TAT=Physical
2026-08-04 15:02:05,271 [DEBUG] Tx: <7A7> (08) [ ]	 0322f18900000000
2026-08-04 15:02:05,272 [DEBUG] We've been asked to write a message to the bus
2026-08-04 15:02:05,273 [DEBUG] sending: Timestamp:        0.000000    ID:      7a7    S Rx       BS       DL:  8    03 22 f1 89 00 00 00 00
2026-08-04 15:02:05,287 [DEBUG] Rx: <7AF> (08) [p]	 037f221200000000
2026-08-04 15:02:05,337 [INFO] TC_ID-503 - Received: 7F2212
2026-08-04 15:02:05,341 [WARNING] TC_ID-503 - PreCondition: PC_ID-056  Testcase:Serial Number in extended session NRC-12 -> ❌ FAIL - Expected 037F221200000000
2026-08-04 15:02:05,346 [DEBUG] Stopping CanStack
2026-08-04 15:02:05,348 [DEBUG] Main thread is exiting
2026-08-04 15:02:05,386 [DEBUG] CanStack Stopped
2026-08-04 15:02:05,387 [INFO] Connection closed
2026-08-04 15:02:05,388 [INFO] Running Test Case: TC_ID-504
2026-08-04 15:02:05,389 [DEBUG] Starting CanStack
2026-08-04 15:02:05,390 [DEBUG] Main thread has started
2026-08-04 15:02:05,391 [DEBUG] Relay thread has started
2026-08-04 15:02:05,393 [INFO] Connection opened
2026-08-04 15:02:05,394 [INFO] Switched to physical mode for TC: TC_ID-504 Step: PreCondition: PC_ID-056  Testcase:Serial Number in extended session NRC-13
2026-08-04 15:02:05,395 [INFO] TC_ID-504 - PreCondition: PC_ID-056  Testcase:Serial Number in extended session NRC-13: SID=0x22, Sub=0xF18C12, Expected=[3, 127, 34, 19, 0, 0, 0, 0]
2026-08-04 15:02:05,455 [INFO] TC_ID-504 - PreCondition: PC_ID-056  Testcase:Serial Number in extended session NRC-13: Sending request 22F18C12
2026-08-04 15:02:05,457 [INFO] TC_ID-504 - PreCondition: PC_ID-056  Testcase:Serial Number in extended session NRC-13: Sending request 22F18C12
2026-08-04 15:02:05,458 [DEBUG] Sending 4 bytes : [22f18c12]
2026-08-04 15:02:05,460 [DEBUG] Enqueuing a SendRequest for 4 bytes and TAT=Physical
2026-08-04 15:02:05,461 [DEBUG] Tx: <7A7> (08) [ ]	 0422f18c12000000
2026-08-04 15:02:05,463 [DEBUG] We've been asked to write a message to the bus
2026-08-04 15:02:05,463 [DEBUG] sending: Timestamp:        0.000000    ID:      7a7    S Rx       BS       DL:  8    04 22 f1 8c 12 00 00 00
2026-08-04 15:02:05,477 [DEBUG] Rx: <7AF> (08) [p]	 037f221300000000
2026-08-04 15:02:05,529 [INFO] TC_ID-504 - Received: 7F2213
2026-08-04 15:02:05,530 [WARNING] TC_ID-504 - PreCondition: PC_ID-056  Testcase:Serial Number in extended session NRC-13 -> ❌ FAIL - Expected 037F221300000000
2026-08-04 15:02:05,531 [DEBUG] Stopping CanStack
2026-08-04 15:02:05,532 [DEBUG] Main thread is exiting
2026-08-04 15:02:05,577 [DEBUG] CanStack Stopped
2026-08-04 15:02:05,578 [INFO] Connection closed
2026-08-04 15:02:05,579 [INFO] Running Test Case: TC_ID-505
2026-08-04 15:02:05,579 [DEBUG] Starting CanStack
2026-08-04 15:02:05,580 [DEBUG] Main thread has started
2026-08-04 15:02:05,581 [DEBUG] Relay thread has started
2026-08-04 15:02:05,583 [INFO] Connection opened
2026-08-04 15:02:05,583 [INFO] Switched to physical mode for TC: TC_ID-505 Step: PreCondition: PC_ID-056  Testcase:Vehicle Manufacturer ECU HW Number in extended session NRC-12
2026-08-04 15:02:05,584 [INFO] TC_ID-505 - PreCondition: PC_ID-056  Testcase:Vehicle Manufacturer ECU HW Number in extended session NRC-12: SID=0x22, Sub=0xF199, Expected=[3, 127, 34, 18, 0, 0, 0, 0]
2026-08-04 15:02:05,649 [INFO] TC_ID-505 - PreCondition: PC_ID-056  Testcase:Vehicle Manufacturer ECU HW Number in extended session NRC-12: Sending request 22F199
2026-08-04 15:02:05,650 [INFO] TC_ID-505 - PreCondition: PC_ID-056  Testcase:Vehicle Manufacturer ECU HW Number in extended session NRC-12: Sending request 22F199
2026-08-04 15:02:05,654 [DEBUG] Sending 3 bytes : [22f199]
2026-08-04 15:02:05,655 [DEBUG] Enqueuing a SendRequest for 3 bytes and TAT=Physical
2026-08-04 15:02:05,662 [DEBUG] Tx: <7A7> (08) [ ]	 0322f19900000000
2026-08-04 15:02:05,663 [DEBUG] We've been asked to write a message to the bus
2026-08-04 15:02:05,664 [DEBUG] sending: Timestamp:        0.000000    ID:      7a7    S Rx       BS       DL:  8    03 22 f1 99 00 00 00 00
2026-08-04 15:02:05,675 [DEBUG] Rx: <7AF> (08) [p]	 037f221200000000
2026-08-04 15:02:05,727 [INFO] TC_ID-505 - Received: 7F2212
2026-08-04 15:02:05,729 [WARNING] TC_ID-505 - PreCondition: PC_ID-056  Testcase:Vehicle Manufacturer ECU HW Number in extended session NRC-12 -> ❌ FAIL - Expected 037F221200000000
2026-08-04 15:02:05,731 [DEBUG] Stopping CanStack
2026-08-04 15:02:05,733 [DEBUG] Main thread is exiting
2026-08-04 15:02:05,776 [DEBUG] CanStack Stopped
2026-08-04 15:02:05,777 [INFO] Connection closed
2026-08-04 15:02:05,778 [INFO] Running Test Case: TC_ID-506
2026-08-04 15:02:05,779 [DEBUG] Starting CanStack
2026-08-04 15:02:05,780 [DEBUG] Main thread has started
2026-08-04 15:02:05,782 [DEBUG] Relay thread has started
2026-08-04 15:02:05,785 [INFO] Connection opened
2026-08-04 15:02:05,786 [INFO] Switched to physical mode for TC: TC_ID-506 Step: PreCondition: PC_ID-056  Testcase:Vehicle Manufacturer ECU HW Number in extended session NRC-13
2026-08-04 15:02:05,787 [INFO] TC_ID-506 - PreCondition: PC_ID-056  Testcase:Vehicle Manufacturer ECU HW Number in extended session NRC-13: SID=0x22, Sub=0xF19112, Expected=[3, 127, 34, 19, 0, 0, 0, 0]
2026-08-04 15:02:05,862 [INFO] TC_ID-506 - PreCondition: PC_ID-056  Testcase:Vehicle Manufacturer ECU HW Number in extended session NRC-13: Sending request 22F19112
2026-08-04 15:02:05,863 [INFO] TC_ID-506 - PreCondition: PC_ID-056  Testcase:Vehicle Manufacturer ECU HW Number in extended session NRC-13: Sending request 22F19112
2026-08-04 15:02:05,865 [DEBUG] Sending 4 bytes : [22f19112]
2026-08-04 15:02:05,866 [DEBUG] Enqueuing a SendRequest for 4 bytes and TAT=Physical
2026-08-04 15:02:05,868 [DEBUG] Tx: <7A7> (08) [ ]	 0422f19112000000
2026-08-04 15:02:05,870 [DEBUG] We've been asked to write a message to the bus
2026-08-04 15:02:05,871 [DEBUG] sending: Timestamp:        0.000000    ID:      7a7    S Rx       BS       DL:  8    04 22 f1 91 12 00 00 00
2026-08-04 15:02:05,885 [DEBUG] Rx: <7AF> (08) [p]	 037f221300000000
2026-08-04 15:02:05,935 [INFO] TC_ID-506 - Received: 7F2213
2026-08-04 15:02:05,936 [WARNING] TC_ID-506 - PreCondition: PC_ID-056  Testcase:Vehicle Manufacturer ECU HW Number in extended session NRC-13 -> ❌ FAIL - Expected 037F221300000000
2026-08-04 15:02:05,937 [DEBUG] Stopping CanStack
2026-08-04 15:02:05,938 [DEBUG] Main thread is exiting
2026-08-04 15:02:05,987 [DEBUG] CanStack Stopped
2026-08-04 15:02:05,988 [INFO] Connection closed
2026-08-04 15:02:05,989 [INFO] Running Test Case: TC_ID-507
2026-08-04 15:02:05,990 [DEBUG] Starting CanStack
2026-08-04 15:02:05,991 [DEBUG] Main thread has started
2026-08-04 15:02:05,992 [DEBUG] Relay thread has started
2026-08-04 15:02:05,993 [INFO] Connection opened
2026-08-04 15:02:05,994 [INFO] Switched to physical mode for TC: TC_ID-507 Step: PreCondition: PC_ID-056  Testcase:ECU Hardware Version in extended session NRC-12
2026-08-04 15:02:05,994 [INFO] TC_ID-507 - PreCondition: PC_ID-056  Testcase:ECU Hardware Version in extended session NRC-12: SID=0x22, Sub=0xF194, Expected=[3, 127, 34, 18, 0, 0, 0, 0]
2026-08-04 15:02:06,051 [INFO] TC_ID-507 - PreCondition: PC_ID-056  Testcase:ECU Hardware Version in extended session NRC-12: Sending request 22F194
2026-08-04 15:02:06,052 [INFO] TC_ID-507 - PreCondition: PC_ID-056  Testcase:ECU Hardware Version in extended session NRC-12: Sending request 22F194
2026-08-04 15:02:06,052 [DEBUG] Sending 3 bytes : [22f194]
2026-08-04 15:02:06,058 [DEBUG] Enqueuing a SendRequest for 3 bytes and TAT=Physical
2026-08-04 15:02:06,059 [DEBUG] Tx: <7A7> (08) [ ]	 0322f19400000000
2026-08-04 15:02:06,060 [DEBUG] We've been asked to write a message to the bus
2026-08-04 15:02:06,060 [DEBUG] sending: Timestamp:        0.000000    ID:      7a7    S Rx       BS       DL:  8    03 22 f1 94 00 00 00 00
2026-08-04 15:02:06,075 [DEBUG] Rx: <7AF> (08) [p]	 037f221200000000
2026-08-04 15:02:06,125 [INFO] TC_ID-507 - Received: 7F2212
2026-08-04 15:02:06,126 [WARNING] TC_ID-507 - PreCondition: PC_ID-056  Testcase:ECU Hardware Version in extended session NRC-12 -> ❌ FAIL - Expected 037F221200000000
2026-08-04 15:02:06,126 [DEBUG] Stopping CanStack
2026-08-04 15:02:06,128 [DEBUG] Main thread is exiting
2026-08-04 15:02:06,176 [DEBUG] CanStack Stopped
2026-08-04 15:02:06,177 [INFO] Connection closed
2026-08-04 15:02:06,178 [INFO] Running Test Case: TC_ID-508
2026-08-04 15:02:06,178 [DEBUG] Starting CanStack
2026-08-04 15:02:06,179 [DEBUG] Main thread has started
2026-08-04 15:02:06,180 [DEBUG] Relay thread has started
2026-08-04 15:02:06,181 [INFO] Connection opened
2026-08-04 15:02:06,182 [INFO] Switched to physical mode for TC: TC_ID-508 Step: PreCondition: PC_ID-056  Testcase:ECU Hardware Version in extended session NRC-13
2026-08-04 15:02:06,183 [INFO] TC_ID-508 - PreCondition: PC_ID-056  Testcase:ECU Hardware Version in extended session NRC-13: SID=0x22, Sub=0xF19312, Expected=[3, 127, 34, 19, 0, 0, 0, 0]
2026-08-04 15:02:06,239 [INFO] TC_ID-508 - PreCondition: PC_ID-056  Testcase:ECU Hardware Version in extended session NRC-13: Sending request 22F19312
2026-08-04 15:02:06,240 [INFO] TC_ID-508 - PreCondition: PC_ID-056  Testcase:ECU Hardware Version in extended session NRC-13: Sending request 22F19312
2026-08-04 15:02:06,241 [DEBUG] Sending 4 bytes : [22f19312]
2026-08-04 15:02:06,241 [DEBUG] Enqueuing a SendRequest for 4 bytes and TAT=Physical
2026-08-04 15:02:06,242 [DEBUG] Tx: <7A7> (08) [ ]	 0422f19312000000
2026-08-04 15:02:06,243 [DEBUG] We've been asked to write a message to the bus
2026-08-04 15:02:06,243 [DEBUG] sending: Timestamp:        0.000000    ID:      7a7    S Rx       BS       DL:  8    04 22 f1 93 12 00 00 00
2026-08-04 15:02:06,255 [DEBUG] Rx: <7AF> (08) [p]	 037f221300000000
2026-08-04 15:02:06,306 [INFO] TC_ID-508 - Received: 7F2213
2026-08-04 15:02:06,308 [WARNING] TC_ID-508 - PreCondition: PC_ID-056  Testcase:ECU Hardware Version in extended session NRC-13 -> ❌ FAIL - Expected 037F221300000000
2026-08-04 15:02:06,310 [DEBUG] Stopping CanStack
2026-08-04 15:02:06,311 [DEBUG] Main thread is exiting
2026-08-04 15:02:06,356 [DEBUG] CanStack Stopped
2026-08-04 15:02:06,356 [INFO] Connection closed
2026-08-04 15:02:06,357 [INFO] Running Test Case: TC_ID-509
2026-08-04 15:02:06,358 [DEBUG] Starting CanStack
2026-08-04 15:02:06,359 [DEBUG] Main thread has started
2026-08-04 15:02:06,360 [DEBUG] Relay thread has started
2026-08-04 15:02:06,361 [INFO] Connection opened
2026-08-04 15:02:06,362 [INFO] Switched to physical mode for TC: TC_ID-509 Step: PreCondition: PC_ID-056  Testcase:ECU ECU Software Version in extended session NRC-12
2026-08-04 15:02:06,362 [INFO] TC_ID-509 - PreCondition: PC_ID-056  Testcase:ECU ECU Software Version in extended session NRC-12: SID=0x22, Sub=0xF188, Expected=[3, 127, 34, 18, 0, 0, 0, 0]
2026-08-04 15:02:06,420 [INFO] TC_ID-509 - PreCondition: PC_ID-056  Testcase:ECU ECU Software Version in extended session NRC-12: Sending request 22F188
2026-08-04 15:02:06,422 [INFO] TC_ID-509 - PreCondition: PC_ID-056  Testcase:ECU ECU Software Version in extended session NRC-12: Sending request 22F188
2026-08-04 15:02:06,423 [DEBUG] Sending 3 bytes : [22f188]
2026-08-04 15:02:06,424 [DEBUG] Enqueuing a SendRequest for 3 bytes and TAT=Physical
2026-08-04 15:02:06,426 [DEBUG] Tx: <7A7> (08) [ ]	 0322f18800000000
2026-08-04 15:02:06,427 [DEBUG] We've been asked to write a message to the bus
2026-08-04 15:02:06,429 [DEBUG] sending: Timestamp:        0.000000    ID:      7a7    S Rx       BS       DL:  8    03 22 f1 88 00 00 00 00
2026-08-04 15:02:06,436 [DEBUG] Rx: <7AF> (08) [p]	 037f221200000000
2026-08-04 15:02:06,485 [INFO] TC_ID-509 - Received: 7F2212
2026-08-04 15:02:06,486 [WARNING] TC_ID-509 - PreCondition: PC_ID-056  Testcase:ECU ECU Software Version in extended session NRC-12 -> ❌ FAIL - Expected 037F221200000000
2026-08-04 15:02:06,487 [DEBUG] Stopping CanStack
2026-08-04 15:02:06,488 [DEBUG] Main thread is exiting
2026-08-04 15:02:06,537 [DEBUG] CanStack Stopped
2026-08-04 15:02:06,538 [INFO] Connection closed
2026-08-04 15:02:06,539 [INFO] Running Test Case: TC_ID-510
2026-08-04 15:02:06,540 [DEBUG] Starting CanStack
2026-08-04 15:02:06,541 [DEBUG] Main thread has started
2026-08-04 15:02:06,542 [DEBUG] Relay thread has started
2026-08-04 15:02:06,544 [INFO] Connection opened
2026-08-04 15:02:06,545 [INFO] Switched to physical mode for TC: TC_ID-510 Step: PreCondition: PC_ID-056  Testcase:ECU ECU Software Version in extended session NRC-13
2026-08-04 15:02:06,546 [INFO] TC_ID-510 - PreCondition: PC_ID-056  Testcase:ECU ECU Software Version in extended session NRC-13: SID=0x22, Sub=0xF18B12, Expected=[3, 127, 34, 19, 0, 0, 0, 0]
2026-08-04 15:02:06,605 [INFO] TC_ID-510 - PreCondition: PC_ID-056  Testcase:ECU ECU Software Version in extended session NRC-13: Sending request 22F18B12
2026-08-04 15:02:06,606 [INFO] TC_ID-510 - PreCondition: PC_ID-056  Testcase:ECU ECU Software Version in extended session NRC-13: Sending request 22F18B12
2026-08-04 15:02:06,607 [DEBUG] Sending 4 bytes : [22f18b12]
2026-08-04 15:02:06,608 [DEBUG] Enqueuing a SendRequest for 4 bytes and TAT=Physical
2026-08-04 15:02:06,609 [DEBUG] Tx: <7A7> (08) [ ]	 0422f18b12000000
2026-08-04 15:02:06,609 [DEBUG] We've been asked to write a message to the bus
2026-08-04 15:02:06,610 [DEBUG] sending: Timestamp:        0.000000    ID:      7a7    S Rx       BS       DL:  8    04 22 f1 8b 12 00 00 00
2026-08-04 15:02:06,626 [DEBUG] Rx: <7AF> (08) [p]	 037f221300000000
2026-08-04 15:02:06,675 [INFO] TC_ID-510 - Received: 7F2213
2026-08-04 15:02:06,677 [WARNING] TC_ID-510 - PreCondition: PC_ID-056  Testcase:ECU ECU Software Version in extended session NRC-13 -> ❌ FAIL - Expected 037F221300000000
2026-08-04 15:02:06,678 [DEBUG] Stopping CanStack
2026-08-04 15:02:06,680 [DEBUG] Main thread is exiting
2026-08-04 15:02:06,727 [DEBUG] CanStack Stopped
2026-08-04 15:02:06,728 [INFO] Connection closed
2026-08-04 15:02:06,729 [INFO] Running Test Case: TC_ID-511
2026-08-04 15:02:06,730 [DEBUG] Starting CanStack
2026-08-04 15:02:06,732 [DEBUG] Main thread has started
2026-08-04 15:02:06,733 [DEBUG] Relay thread has started
2026-08-04 15:02:06,735 [INFO] Connection opened
2026-08-04 15:02:06,737 [INFO] Switched to physical mode for TC: TC_ID-511 Step: PreCondition: PC_ID-056  Testcase:ECU HKMC Software Version in extended session NRC-12
2026-08-04 15:02:06,738 [INFO] TC_ID-511 - PreCondition: PC_ID-056  Testcase:ECU HKMC Software Version in extended session NRC-12: SID=0x22, Sub=0xF1A5, Expected=[3, 127, 34, 18, 0, 0, 0, 0]
2026-08-04 15:02:06,801 [INFO] TC_ID-511 - PreCondition: PC_ID-056  Testcase:ECU HKMC Software Version in extended session NRC-12: Sending request 22F1A5
2026-08-04 15:02:06,802 [INFO] TC_ID-511 - PreCondition: PC_ID-056  Testcase:ECU HKMC Software Version in extended session NRC-12: Sending request 22F1A5
2026-08-04 15:02:06,802 [DEBUG] Sending 3 bytes : [22f1a5]
2026-08-04 15:02:06,803 [DEBUG] Enqueuing a SendRequest for 3 bytes and TAT=Physical
2026-08-04 15:02:06,804 [DEBUG] Tx: <7A7> (08) [ ]	 0322f1a500000000
2026-08-04 15:02:06,805 [DEBUG] We've been asked to write a message to the bus
2026-08-04 15:02:06,806 [DEBUG] sending: Timestamp:        0.000000    ID:      7a7    S Rx       BS       DL:  8    03 22 f1 a5 00 00 00 00
2026-08-04 15:02:06,816 [DEBUG] Rx: <7AF> (08) [p]	 037f221200000000
2026-08-04 15:02:06,865 [INFO] TC_ID-511 - Received: 7F2212
2026-08-04 15:02:06,867 [WARNING] TC_ID-511 - PreCondition: PC_ID-056  Testcase:ECU HKMC Software Version in extended session NRC-12 -> ❌ FAIL - Expected 037F221200000000
2026-08-04 15:02:06,867 [DEBUG] Stopping CanStack
2026-08-04 15:02:06,869 [DEBUG] Main thread is exiting
2026-08-04 15:02:06,916 [DEBUG] CanStack Stopped
2026-08-04 15:02:06,917 [INFO] Connection closed
2026-08-04 15:02:06,918 [INFO] Running Test Case: TC_ID-512
2026-08-04 15:02:06,918 [DEBUG] Starting CanStack
2026-08-04 15:02:06,919 [DEBUG] Main thread has started
2026-08-04 15:02:06,920 [DEBUG] Relay thread has started
2026-08-04 15:02:06,921 [INFO] Connection opened
2026-08-04 15:02:06,922 [INFO] Switched to physical mode for TC: TC_ID-512 Step: PreCondition: PC_ID-056  Testcase:ECU HKMC Software Version in extended session NRC-13
2026-08-04 15:02:06,923 [INFO] TC_ID-512 - PreCondition: PC_ID-056  Testcase:ECU HKMC Software Version in extended session NRC-13: SID=0x22, Sub=0xF1A012, Expected=[3, 127, 34, 19, 0, 0, 0, 0]
2026-08-04 15:02:06,980 [INFO] TC_ID-512 - PreCondition: PC_ID-056  Testcase:ECU HKMC Software Version in extended session NRC-13: Sending request 22F1A012
2026-08-04 15:02:06,981 [INFO] TC_ID-512 - PreCondition: PC_ID-056  Testcase:ECU HKMC Software Version in extended session NRC-13: Sending request 22F1A012
2026-08-04 15:02:06,982 [DEBUG] Sending 4 bytes : [22f1a012]
2026-08-04 15:02:06,982 [DEBUG] Enqueuing a SendRequest for 4 bytes and TAT=Physical
2026-08-04 15:02:06,983 [DEBUG] Tx: <7A7> (08) [ ]	 0422f1a012000000
2026-08-04 15:02:06,984 [DEBUG] We've been asked to write a message to the bus
2026-08-04 15:02:06,984 [DEBUG] sending: Timestamp:        0.000000    ID:      7a7    S Rx       BS       DL:  8    04 22 f1 a0 12 00 00 00
2026-08-04 15:02:06,996 [DEBUG] Rx: <7AF> (08) [p]	 037f221300000000
2026-08-04 15:02:07,046 [INFO] TC_ID-512 - Received: 7F2213
2026-08-04 15:02:07,047 [WARNING] TC_ID-512 - PreCondition: PC_ID-056  Testcase:ECU HKMC Software Version in extended session NRC-13 -> ❌ FAIL - Expected 037F221300000000
2026-08-04 15:02:07,048 [DEBUG] Stopping CanStack
2026-08-04 15:02:07,049 [DEBUG] Main thread is exiting
2026-08-04 15:02:07,096 [DEBUG] CanStack Stopped
2026-08-04 15:02:07,097 [INFO] Connection closed
2026-08-04 15:02:07,098 [INFO] Running Test Case: TC_ID-513
2026-08-04 15:02:07,099 [DEBUG] Starting CanStack
2026-08-04 15:02:07,100 [DEBUG] Main thread has started
2026-08-04 15:02:07,100 [DEBUG] Relay thread has started
2026-08-04 15:02:07,102 [INFO] Connection opened
2026-08-04 15:02:07,102 [INFO] Switched to physical mode for TC: TC_ID-513 Step: PreCondition: PC_ID-056  Testcase:ECU ECU Supplier Code Data in extended session NRC-12
2026-08-04 15:02:07,103 [INFO] TC_ID-513 - PreCondition: PC_ID-056  Testcase:ECU ECU Supplier Code Data in extended session NRC-12: SID=0x22, Sub=0xF1A7, Expected=[3, 127, 34, 18, 0, 0, 0, 0]
2026-08-04 15:02:07,161 [INFO] TC_ID-513 - PreCondition: PC_ID-056  Testcase:ECU ECU Supplier Code Data in extended session NRC-12: Sending request 22F1A7
2026-08-04 15:02:07,162 [INFO] TC_ID-513 - PreCondition: PC_ID-056  Testcase:ECU ECU Supplier Code Data in extended session NRC-12: Sending request 22F1A7
2026-08-04 15:02:07,162 [DEBUG] Sending 3 bytes : [22f1a7]
2026-08-04 15:02:07,163 [DEBUG] Enqueuing a SendRequest for 3 bytes and TAT=Physical
2026-08-04 15:02:07,164 [DEBUG] Tx: <7A7> (08) [ ]	 0322f1a700000000
2026-08-04 15:02:07,165 [DEBUG] We've been asked to write a message to the bus
2026-08-04 15:02:07,165 [DEBUG] sending: Timestamp:        0.000000    ID:      7a7    S Rx       BS       DL:  8    03 22 f1 a7 00 00 00 00
2026-08-04 15:02:07,175 [DEBUG] Rx: <7AF> (08) [p]	 037f221200000000
2026-08-04 15:02:07,225 [INFO] TC_ID-513 - Received: 7F2212
2026-08-04 15:02:07,226 [WARNING] TC_ID-513 - PreCondition: PC_ID-056  Testcase:ECU ECU Supplier Code Data in extended session NRC-12 -> ❌ FAIL - Expected 037F221200000000
2026-08-04 15:02:07,227 [DEBUG] Stopping CanStack
2026-08-04 15:02:07,228 [DEBUG] Main thread is exiting
2026-08-04 15:02:07,276 [DEBUG] CanStack Stopped
2026-08-04 15:02:07,276 [INFO] Connection closed
2026-08-04 15:02:07,277 [INFO] Running Test Case: TC_ID-514
2026-08-04 15:02:07,278 [DEBUG] Starting CanStack
2026-08-04 15:02:07,279 [DEBUG] Main thread has started
2026-08-04 15:02:07,280 [DEBUG] Relay thread has started
2026-08-04 15:02:07,281 [INFO] Connection opened
2026-08-04 15:02:07,282 [INFO] Switched to physical mode for TC: TC_ID-514 Step: PreCondition: PC_ID-056  Testcase:ECU ECU Supplier Code Data in extended session NRC-13
2026-08-04 15:02:07,282 [INFO] TC_ID-514 - PreCondition: PC_ID-056  Testcase:ECU ECU Supplier Code Data in extended session NRC-13: SID=0x22, Sub=0xF1A112, Expected=[3, 127, 34, 19, 0, 0, 0, 0]
2026-08-04 15:02:07,342 [INFO] TC_ID-514 - PreCondition: PC_ID-056  Testcase:ECU ECU Supplier Code Data in extended session NRC-13: Sending request 22F1A112
2026-08-04 15:02:07,343 [INFO] TC_ID-514 - PreCondition: PC_ID-056  Testcase:ECU ECU Supplier Code Data in extended session NRC-13: Sending request 22F1A112
2026-08-04 15:02:07,343 [DEBUG] Sending 4 bytes : [22f1a112]
2026-08-04 15:02:07,344 [DEBUG] Enqueuing a SendRequest for 4 bytes and TAT=Physical
2026-08-04 15:02:07,345 [DEBUG] Tx: <7A7> (08) [ ]	 0422f1a112000000
2026-08-04 15:02:07,346 [DEBUG] We've been asked to write a message to the bus
2026-08-04 15:02:07,346 [DEBUG] sending: Timestamp:        0.000000    ID:      7a7    S Rx       BS       DL:  8    04 22 f1 a1 12 00 00 00
2026-08-04 15:02:07,355 [DEBUG] Rx: <7AF> (08) [p]	 037f221300000000
2026-08-04 15:02:07,406 [INFO] TC_ID-514 - Received: 7F2213
2026-08-04 15:02:07,407 [WARNING] TC_ID-514 - PreCondition: PC_ID-056  Testcase:ECU ECU Supplier Code Data in extended session NRC-13 -> ❌ FAIL - Expected 037F221300000000
2026-08-04 15:02:07,408 [DEBUG] Stopping CanStack
2026-08-04 15:02:07,409 [DEBUG] Main thread is exiting
2026-08-04 15:02:07,455 [DEBUG] CanStack Stopped
2026-08-04 15:02:07,456 [INFO] Connection closed
2026-08-04 15:02:07,457 [INFO] Running Test Case: TC_ID-515
2026-08-04 15:02:07,457 [DEBUG] Starting CanStack
2026-08-04 15:02:07,459 [DEBUG] Main thread has started
2026-08-04 15:02:07,460 [DEBUG] Relay thread has started
2026-08-04 15:02:07,461 [INFO] Connection opened
2026-08-04 15:02:07,462 [INFO] Switched to physical mode for TC: TC_ID-515 Step: PreCondition: PC_ID-056  Testcase:ECU ECU Software Unit Version in extended session NRC-12
2026-08-04 15:02:07,463 [INFO] TC_ID-515 - PreCondition: PC_ID-056  Testcase:ECU ECU Software Unit Version in extended session NRC-12: SID=0x22, Sub=0xF1B5, Expected=[3, 127, 34, 18, 0, 0, 0, 0]
2026-08-04 15:02:07,526 [INFO] TC_ID-515 - PreCondition: PC_ID-056  Testcase:ECU ECU Software Unit Version in extended session NRC-12: Sending request 22F1B5
2026-08-04 15:02:07,526 [INFO] TC_ID-515 - PreCondition: PC_ID-056  Testcase:ECU ECU Software Unit Version in extended session NRC-12: Sending request 22F1B5
2026-08-04 15:02:07,527 [DEBUG] Sending 3 bytes : [22f1b5]
2026-08-04 15:02:07,527 [DEBUG] Enqueuing a SendRequest for 3 bytes and TAT=Physical
2026-08-04 15:02:07,528 [DEBUG] Tx: <7A7> (08) [ ]	 0322f1b500000000
2026-08-04 15:02:07,529 [DEBUG] We've been asked to write a message to the bus
2026-08-04 15:02:07,530 [DEBUG] sending: Timestamp:        0.000000    ID:      7a7    S Rx       BS       DL:  8    03 22 f1 b5 00 00 00 00
2026-08-04 15:02:07,535 [DEBUG] Rx: <7AF> (08) [p]	 037f221200000000
2026-08-04 15:02:07,585 [INFO] TC_ID-515 - Received: 7F2212
2026-08-04 15:02:07,586 [WARNING] TC_ID-515 - PreCondition: PC_ID-056  Testcase:ECU ECU Software Unit Version in extended session NRC-12 -> ❌ FAIL - Expected 037F221200000000
2026-08-04 15:02:07,587 [DEBUG] Stopping CanStack
2026-08-04 15:02:07,588 [DEBUG] Main thread is exiting
2026-08-04 15:02:07,636 [DEBUG] CanStack Stopped
2026-08-04 15:02:07,637 [INFO] Connection closed
2026-08-04 15:02:07,638 [INFO] Running Test Case: TC_ID-516
2026-08-04 15:02:07,638 [DEBUG] Starting CanStack
2026-08-04 15:02:07,640 [DEBUG] Main thread has started
2026-08-04 15:02:07,641 [DEBUG] Relay thread has started
2026-08-04 15:02:07,642 [INFO] Connection opened
2026-08-04 15:02:07,642 [INFO] Switched to physical mode for TC: TC_ID-516 Step: PreCondition: PC_ID-056  Testcase:ECU ECU Software Unit Version in extended session NRC-13
2026-08-04 15:02:07,643 [INFO] TC_ID-516 - PreCondition: PC_ID-056  Testcase:ECU ECU Software Unit Version in extended session NRC-13: SID=0x22, Sub=0xF1B012, Expected=[3, 127, 34, 19, 0, 0, 0, 0]
2026-08-04 15:02:07,721 [INFO] TC_ID-516 - PreCondition: PC_ID-056  Testcase:ECU ECU Software Unit Version in extended session NRC-13: Sending request 22F1B012
2026-08-04 15:02:07,721 [INFO] TC_ID-516 - PreCondition: PC_ID-056  Testcase:ECU ECU Software Unit Version in extended session NRC-13: Sending request 22F1B012
2026-08-04 15:02:07,722 [DEBUG] Sending 4 bytes : [22f1b012]
2026-08-04 15:02:07,723 [DEBUG] Enqueuing a SendRequest for 4 bytes and TAT=Physical
2026-08-04 15:02:07,724 [DEBUG] Tx: <7A7> (08) [ ]	 0422f1b012000000
2026-08-04 15:02:07,725 [DEBUG] We've been asked to write a message to the bus
2026-08-04 15:02:07,726 [DEBUG] sending: Timestamp:        0.000000    ID:      7a7    S Rx       BS       DL:  8    04 22 f1 b0 12 00 00 00
2026-08-04 15:02:07,737 [DEBUG] Rx: <7AF> (08) [p]	 037f221300000000
2026-08-04 15:02:07,785 [INFO] TC_ID-516 - Received: 7F2213
2026-08-04 15:02:07,787 [WARNING] TC_ID-516 - PreCondition: PC_ID-056  Testcase:ECU ECU Software Unit Version in extended session NRC-13 -> ❌ FAIL - Expected 037F221300000000
2026-08-04 15:02:07,788 [DEBUG] Stopping CanStack
2026-08-04 15:02:07,789 [DEBUG] Main thread is exiting
2026-08-04 15:02:07,838 [DEBUG] CanStack Stopped
2026-08-04 15:02:07,839 [INFO] Connection closed
2026-08-04 15:02:07,840 [INFO] Running Test Case: TC_ID-517
2026-08-04 15:02:07,841 [DEBUG] Starting CanStack
2026-08-04 15:02:07,843 [DEBUG] Main thread has started
2026-08-04 15:02:07,844 [DEBUG] Relay thread has started
2026-08-04 15:02:07,846 [INFO] Connection opened
2026-08-04 15:02:07,847 [INFO] Switched to physical mode for TC: TC_ID-517 Step: PreCondition: PC_ID-056  Testcase:ECU Software Unit 1 Version in extended session NRC-12
2026-08-04 15:02:07,848 [INFO] TC_ID-517 - PreCondition: PC_ID-056  Testcase:ECU Software Unit 1 Version in extended session NRC-12: SID=0x22, Sub=0xF198, Expected=[3, 127, 34, 18, 0, 0, 0, 0]
2026-08-04 15:02:07,921 [INFO] TC_ID-517 - PreCondition: PC_ID-056  Testcase:ECU Software Unit 1 Version in extended session NRC-12: Sending request 22F198
2026-08-04 15:02:07,923 [INFO] TC_ID-517 - PreCondition: PC_ID-056  Testcase:ECU Software Unit 1 Version in extended session NRC-12: Sending request 22F198
2026-08-04 15:02:07,925 [DEBUG] Sending 3 bytes : [22f198]
2026-08-04 15:02:07,927 [DEBUG] Enqueuing a SendRequest for 3 bytes and TAT=Physical
2026-08-04 15:02:07,931 [DEBUG] Tx: <7A7> (08) [ ]	 0322f19800000000
2026-08-04 15:02:07,932 [DEBUG] We've been asked to write a message to the bus
2026-08-04 15:02:07,932 [DEBUG] sending: Timestamp:        0.000000    ID:      7a7    S Rx       BS       DL:  8    03 22 f1 98 00 00 00 00
2026-08-04 15:02:07,946 [DEBUG] Rx: <7AF> (08) [p]	 037f221200000000
2026-08-04 15:02:07,997 [INFO] TC_ID-517 - Received: 7F2212
2026-08-04 15:02:08,000 [WARNING] TC_ID-517 - PreCondition: PC_ID-056  Testcase:ECU Software Unit 1 Version in extended session NRC-12 -> ❌ FAIL - Expected 037F221200000000
2026-08-04 15:02:08,002 [DEBUG] Stopping CanStack
2026-08-04 15:02:08,004 [DEBUG] Main thread is exiting
2026-08-04 15:02:08,048 [DEBUG] CanStack Stopped
2026-08-04 15:02:08,050 [INFO] Connection closed
2026-08-04 15:02:08,055 [INFO] Running Test Case: TC_ID-518
2026-08-04 15:02:08,056 [DEBUG] Starting CanStack
2026-08-04 15:02:08,058 [DEBUG] Main thread has started
2026-08-04 15:02:08,059 [DEBUG] Relay thread has started
2026-08-04 15:02:08,065 [INFO] Connection opened
2026-08-04 15:02:08,066 [INFO] Switched to physical mode for TC: TC_ID-518 Step: PreCondition: PC_ID-056  Testcase:ECU Software Unit 1 Version in extended session NRC-13
2026-08-04 15:02:08,067 [INFO] TC_ID-518 - PreCondition: PC_ID-056  Testcase:ECU Software Unit 1 Version in extended session NRC-13: SID=0x22, Sub=0xF19712, Expected=[3, 127, 34, 19, 0, 0, 0, 0]
2026-08-04 15:02:08,147 [INFO] TC_ID-518 - PreCondition: PC_ID-056  Testcase:ECU Software Unit 1 Version in extended session NRC-13: Sending request 22F19712
2026-08-04 15:02:08,152 [INFO] TC_ID-518 - PreCondition: PC_ID-056  Testcase:ECU Software Unit 1 Version in extended session NRC-13: Sending request 22F19712
2026-08-04 15:02:08,154 [DEBUG] Sending 4 bytes : [22f19712]
2026-08-04 15:02:08,156 [DEBUG] Enqueuing a SendRequest for 4 bytes and TAT=Physical
2026-08-04 15:02:08,159 [DEBUG] Tx: <7A7> (08) [ ]	 0422f19712000000
2026-08-04 15:02:08,160 [DEBUG] We've been asked to write a message to the bus
2026-08-04 15:02:08,160 [DEBUG] sending: Timestamp:        0.000000    ID:      7a7    S Rx       BS       DL:  8    04 22 f1 97 12 00 00 00
2026-08-04 15:02:08,176 [DEBUG] Rx: <7AF> (08) [p]	 037f221300000000
2026-08-04 15:02:08,226 [INFO] TC_ID-518 - Received: 7F2213
2026-08-04 15:02:08,228 [WARNING] TC_ID-518 - PreCondition: PC_ID-056  Testcase:ECU Software Unit 1 Version in extended session NRC-13 -> ❌ FAIL - Expected 037F221300000000
2026-08-04 15:02:08,232 [DEBUG] Stopping CanStack
2026-08-04 15:02:08,238 [DEBUG] Main thread is exiting
2026-08-04 15:02:08,280 [DEBUG] CanStack Stopped
2026-08-04 15:02:08,283 [INFO] Connection closed
2026-08-04 15:02:08,284 [INFO] Running Test Case: TC_ID-519
2026-08-04 15:02:08,286 [DEBUG] Starting CanStack
2026-08-04 15:02:08,288 [DEBUG] Main thread has started
2026-08-04 15:02:08,291 [DEBUG] Relay thread has started
2026-08-04 15:02:08,293 [INFO] Connection opened
2026-08-04 15:02:08,294 [INFO] Switched to physical mode for TC: TC_ID-519 Step: PreCondition: PC_ID-056  Testcase:ECU Software Unit 1 Version in extended session NRC-12
2026-08-04 15:02:08,295 [INFO] TC_ID-519 - PreCondition: PC_ID-056  Testcase:ECU Software Unit 1 Version in extended session NRC-12: SID=0x22, Sub=0xF1C2, Expected=[3, 127, 34, 18, 0, 0, 0, 0]
2026-08-04 15:02:08,375 [INFO] TC_ID-519 - PreCondition: PC_ID-056  Testcase:ECU Software Unit 1 Version in extended session NRC-12: Sending request 22F1C2
2026-08-04 15:02:08,376 [INFO] TC_ID-519 - PreCondition: PC_ID-056  Testcase:ECU Software Unit 1 Version in extended session NRC-12: Sending request 22F1C2
2026-08-04 15:02:08,377 [DEBUG] Sending 3 bytes : [22f1c2]
2026-08-04 15:02:08,378 [DEBUG] Enqueuing a SendRequest for 3 bytes and TAT=Physical
2026-08-04 15:02:08,383 [DEBUG] Tx: <7A7> (08) [ ]	 0322f1c200000000
2026-08-04 15:02:08,384 [DEBUG] We've been asked to write a message to the bus
2026-08-04 15:02:08,385 [DEBUG] sending: Timestamp:        0.000000    ID:      7a7    S Rx       BS       DL:  8    03 22 f1 c2 00 00 00 00
2026-08-04 15:02:08,398 [DEBUG] Rx: <7AF> (08) [p]	 037f221200000000
2026-08-04 15:02:08,447 [INFO] TC_ID-519 - Received: 7F2212
2026-08-04 15:02:08,450 [WARNING] TC_ID-519 - PreCondition: PC_ID-056  Testcase:ECU Software Unit 1 Version in extended session NRC-12 -> ❌ FAIL - Expected 037F221200000000
2026-08-04 15:02:08,454 [DEBUG] Stopping CanStack
2026-08-04 15:02:08,459 [DEBUG] Main thread is exiting
2026-08-04 15:02:08,500 [DEBUG] CanStack Stopped
2026-08-04 15:02:08,502 [INFO] Connection closed
2026-08-04 15:02:08,505 [INFO] Running Test Case: TC_ID-520
2026-08-04 15:02:08,508 [DEBUG] Starting CanStack
2026-08-04 15:02:08,511 [DEBUG] Main thread has started
2026-08-04 15:02:08,513 [DEBUG] Relay thread has started
2026-08-04 15:02:08,514 [INFO] Connection opened
2026-08-04 15:02:08,515 [INFO] Switched to physical mode for TC: TC_ID-520 Step: PreCondition: PC_ID-056  Testcase:ECU Software Unit 1 Version in extended session NRC-13
2026-08-04 15:02:08,517 [INFO] TC_ID-520 - PreCondition: PC_ID-056  Testcase:ECU Software Unit 1 Version in extended session NRC-13: SID=0x22, Sub=0xF1C112, Expected=[3, 127, 34, 19, 0, 0, 0, 0]
2026-08-04 15:02:08,582 [INFO] TC_ID-520 - PreCondition: PC_ID-056  Testcase:ECU Software Unit 1 Version in extended session NRC-13: Sending request 22F1C112
2026-08-04 15:02:08,585 [INFO] TC_ID-520 - PreCondition: PC_ID-056  Testcase:ECU Software Unit 1 Version in extended session NRC-13: Sending request 22F1C112
2026-08-04 15:02:08,587 [DEBUG] Sending 4 bytes : [22f1c112]
2026-08-04 15:02:08,590 [DEBUG] Enqueuing a SendRequest for 4 bytes and TAT=Physical
2026-08-04 15:02:08,594 [DEBUG] Tx: <7A7> (08) [ ]	 0422f1c112000000
2026-08-04 15:02:08,595 [DEBUG] We've been asked to write a message to the bus
2026-08-04 15:02:08,596 [DEBUG] sending: Timestamp:        0.000000    ID:      7a7    S Rx       BS       DL:  8    04 22 f1 c1 12 00 00 00
2026-08-04 15:02:08,606 [DEBUG] Rx: <7AF> (08) [p]	 037f221300000000
2026-08-04 15:02:08,656 [INFO] TC_ID-520 - Received: 7F2213
2026-08-04 15:02:08,661 [WARNING] TC_ID-520 - PreCondition: PC_ID-056  Testcase:ECU Software Unit 1 Version in extended session NRC-13 -> ❌ FAIL - Expected 037F221300000000
2026-08-04 15:02:08,663 [DEBUG] Stopping CanStack
2026-08-04 15:02:08,666 [DEBUG] Main thread is exiting
2026-08-04 15:02:08,707 [DEBUG] CanStack Stopped
2026-08-04 15:02:08,708 [INFO] Connection closed
2026-08-04 15:02:08,708 [INFO] Running Test Case: TC_ID-521
2026-08-04 15:02:08,709 [DEBUG] Starting CanStack
2026-08-04 15:02:08,711 [DEBUG] Main thread has started
2026-08-04 15:02:08,712 [DEBUG] Relay thread has started
2026-08-04 15:02:08,714 [INFO] Connection opened
2026-08-04 15:02:08,714 [INFO] Switched to physical mode for TC: TC_ID-521 Step: PreCondition: PC_ID-056  Testcase:ECU System name in extended session NRC-12
2026-08-04 15:02:08,715 [INFO] TC_ID-521 - PreCondition: PC_ID-056  Testcase:ECU System name in extended session NRC-12: SID=0x22, Sub=0xF198, Expected=[3, 127, 34, 18, 0, 0, 0, 0]
2026-08-04 15:02:08,772 [INFO] TC_ID-521 - PreCondition: PC_ID-056  Testcase:ECU System name in extended session NRC-12: Sending request 22F198
2026-08-04 15:02:08,773 [INFO] TC_ID-521 - PreCondition: PC_ID-056  Testcase:ECU System name in extended session NRC-12: Sending request 22F198
2026-08-04 15:02:08,774 [DEBUG] Sending 3 bytes : [22f198]
2026-08-04 15:02:08,775 [DEBUG] Enqueuing a SendRequest for 3 bytes and TAT=Physical
2026-08-04 15:02:08,776 [DEBUG] Tx: <7A7> (08) [ ]	 0322f19800000000
2026-08-04 15:02:08,777 [DEBUG] We've been asked to write a message to the bus
2026-08-04 15:02:08,778 [DEBUG] sending: Timestamp:        0.000000    ID:      7a7    S Rx       BS       DL:  8    03 22 f1 98 00 00 00 00
2026-08-04 15:02:08,785 [DEBUG] Rx: <7AF> (08) [p]	 037f221200000000
2026-08-04 15:02:08,835 [INFO] TC_ID-521 - Received: 7F2212
2026-08-04 15:02:08,836 [WARNING] TC_ID-521 - PreCondition: PC_ID-056  Testcase:ECU System name in extended session NRC-12 -> ❌ FAIL - Expected 037F221200000000
2026-08-04 15:02:08,836 [DEBUG] Stopping CanStack
2026-08-04 15:02:08,838 [DEBUG] Main thread is exiting
2026-08-04 15:02:08,886 [DEBUG] CanStack Stopped
2026-08-04 15:02:08,887 [INFO] Connection closed
2026-08-04 15:02:08,888 [INFO] Running Test Case: TC_ID-522
2026-08-04 15:02:08,889 [DEBUG] Starting CanStack
2026-08-04 15:02:08,890 [DEBUG] Main thread has started
2026-08-04 15:02:08,891 [DEBUG] Relay thread has started
2026-08-04 15:02:08,892 [INFO] Connection opened
2026-08-04 15:02:08,893 [INFO] Switched to physical mode for TC: TC_ID-522 Step: PreCondition: PC_ID-056  Testcase:ECU System name in extended session NRC-13
2026-08-04 15:02:08,894 [INFO] TC_ID-522 - PreCondition: PC_ID-056  Testcase:ECU System name in extended session NRC-13: SID=0x22, Sub=0xF19712, Expected=[3, 127, 34, 19, 0, 0, 0, 0]
2026-08-04 15:02:08,951 [INFO] TC_ID-522 - PreCondition: PC_ID-056  Testcase:ECU System name in extended session NRC-13: Sending request 22F19712
2026-08-04 15:02:08,952 [INFO] TC_ID-522 - PreCondition: PC_ID-056  Testcase:ECU System name in extended session NRC-13: Sending request 22F19712
2026-08-04 15:02:08,953 [DEBUG] Sending 4 bytes : [22f19712]
2026-08-04 15:02:08,954 [DEBUG] Enqueuing a SendRequest for 4 bytes and TAT=Physical
2026-08-04 15:02:08,955 [DEBUG] Tx: <7A7> (08) [ ]	 0422f19712000000
2026-08-04 15:02:08,956 [DEBUG] We've been asked to write a message to the bus
2026-08-04 15:02:08,956 [DEBUG] sending: Timestamp:        0.000000    ID:      7a7    S Rx       BS       DL:  8    04 22 f1 97 12 00 00 00
2026-08-04 15:02:08,965 [DEBUG] Rx: <7AF> (08) [p]	 037f221300000000
2026-08-04 15:02:09,015 [INFO] TC_ID-522 - Received: 7F2213
2026-08-04 15:02:09,016 [WARNING] TC_ID-522 - PreCondition: PC_ID-056  Testcase:ECU System name in extended session NRC-13 -> ❌ FAIL - Expected 037F221300000000
2026-08-04 15:02:09,016 [DEBUG] Stopping CanStack
2026-08-04 15:02:09,018 [DEBUG] Main thread is exiting
2026-08-04 15:02:09,066 [DEBUG] CanStack Stopped
2026-08-04 15:02:09,068 [INFO] Connection closed
2026-08-04 15:02:09,069 [INFO] Running Test Case: TC_ID-523
2026-08-04 15:02:09,070 [DEBUG] Starting CanStack
2026-08-04 15:02:09,072 [DEBUG] Main thread has started
2026-08-04 15:02:09,073 [DEBUG] Relay thread has started
2026-08-04 15:02:09,075 [INFO] Connection opened
2026-08-04 15:02:09,076 [INFO] Switched to physical mode for TC: TC_ID-523 Step: PreCondition: PC_ID-056  Testcase:ECU Software Unit1 IVD Data in extended session NRC-12
2026-08-04 15:02:09,077 [INFO] TC_ID-523 - PreCondition: PC_ID-056  Testcase:ECU Software Unit1 IVD Data in extended session NRC-12: SID=0x22, Sub=0xF1B2, Expected=[3, 127, 34, 18, 0, 0, 0, 0]
2026-08-04 15:02:09,139 [INFO] TC_ID-523 - PreCondition: PC_ID-056  Testcase:ECU Software Unit1 IVD Data in extended session NRC-12: Sending request 22F1B2
2026-08-04 15:02:09,140 [INFO] TC_ID-523 - PreCondition: PC_ID-056  Testcase:ECU Software Unit1 IVD Data in extended session NRC-12: Sending request 22F1B2
2026-08-04 15:02:09,140 [DEBUG] Sending 3 bytes : [22f1b2]
2026-08-04 15:02:09,141 [DEBUG] Enqueuing a SendRequest for 3 bytes and TAT=Physical
2026-08-04 15:02:09,142 [DEBUG] Tx: <7A7> (08) [ ]	 0322f1b200000000
2026-08-04 15:02:09,143 [DEBUG] We've been asked to write a message to the bus
2026-08-04 15:02:09,143 [DEBUG] sending: Timestamp:        0.000000    ID:      7a7    S Rx       BS       DL:  8    03 22 f1 b2 00 00 00 00
2026-08-04 15:02:09,156 [DEBUG] Rx: <7AF> (08) [p]	 037f221200000000
2026-08-04 15:02:09,206 [INFO] TC_ID-523 - Received: 7F2212
2026-08-04 15:02:09,207 [WARNING] TC_ID-523 - PreCondition: PC_ID-056  Testcase:ECU Software Unit1 IVD Data in extended session NRC-12 -> ❌ FAIL - Expected 037F221200000000
2026-08-04 15:02:09,208 [DEBUG] Stopping CanStack
2026-08-04 15:02:09,209 [DEBUG] Main thread is exiting
2026-08-04 15:02:09,257 [DEBUG] CanStack Stopped
2026-08-04 15:02:09,258 [INFO] Connection closed
2026-08-04 15:02:09,259 [INFO] Running Test Case: TC_ID-524
2026-08-04 15:02:09,260 [DEBUG] Starting CanStack
2026-08-04 15:02:09,262 [DEBUG] Main thread has started
2026-08-04 15:02:09,264 [DEBUG] Relay thread has started
2026-08-04 15:02:09,266 [INFO] Connection opened
2026-08-04 15:02:09,267 [INFO] Switched to physical mode for TC: TC_ID-524 Step: PreCondition: PC_ID-056  Testcase:ECU Software Unit1 IVD Data in extended session NRC-13
2026-08-04 15:02:09,268 [INFO] TC_ID-524 - PreCondition: PC_ID-056  Testcase:ECU Software Unit1 IVD Data in extended session NRC-13: SID=0x22, Sub=0xF1B112, Expected=[3, 127, 34, 19, 0, 0, 0, 0]
2026-08-04 15:02:09,331 [INFO] TC_ID-524 - PreCondition: PC_ID-056  Testcase:ECU Software Unit1 IVD Data in extended session NRC-13: Sending request 22F1B112
2026-08-04 15:02:09,332 [INFO] TC_ID-524 - PreCondition: PC_ID-056  Testcase:ECU Software Unit1 IVD Data in extended session NRC-13: Sending request 22F1B112
2026-08-04 15:02:09,333 [DEBUG] Sending 4 bytes : [22f1b112]
2026-08-04 15:02:09,335 [DEBUG] Enqueuing a SendRequest for 4 bytes and TAT=Physical
2026-08-04 15:02:09,337 [DEBUG] Tx: <7A7> (08) [ ]	 0422f1b112000000
2026-08-04 15:02:09,338 [DEBUG] We've been asked to write a message to the bus
2026-08-04 15:02:09,339 [DEBUG] sending: Timestamp:        0.000000    ID:      7a7    S Rx       BS       DL:  8    04 22 f1 b1 12 00 00 00
2026-08-04 15:02:09,345 [DEBUG] Rx: <7AF> (08) [p]	 037f221300000000
2026-08-04 15:02:09,395 [INFO] TC_ID-524 - Received: 7F2213
2026-08-04 15:02:09,396 [WARNING] TC_ID-524 - PreCondition: PC_ID-056  Testcase:ECU Software Unit1 IVD Data in extended session NRC-13 -> ❌ FAIL - Expected 037F221300000000
2026-08-04 15:02:09,398 [DEBUG] Stopping CanStack
2026-08-04 15:02:09,399 [DEBUG] Main thread is exiting
2026-08-04 15:02:09,447 [DEBUG] CanStack Stopped
2026-08-04 15:02:09,448 [INFO] Connection closed
2026-08-04 15:02:09,450 [INFO] Running Test Case: TC_ID-525
2026-08-04 15:02:09,451 [DEBUG] Starting CanStack
2026-08-04 15:02:09,453 [DEBUG] Main thread has started
2026-08-04 15:02:09,454 [DEBUG] Relay thread has started
2026-08-04 15:02:09,456 [INFO] Connection opened
2026-08-04 15:02:09,457 [INFO] Switched to physical mode for TC: TC_ID-525 Step: PreCondition: PC_ID-056  Testcase:RXSWIN Data in extended session NRC-12
2026-08-04 15:02:09,458 [INFO] TC_ID-525 - PreCondition: PC_ID-056  Testcase:RXSWIN Data in extended session NRC-12: SID=0x22, Sub=0xF1EE, Expected=[3, 127, 34, 18, 0, 0, 0, 0]
2026-08-04 15:02:09,518 [INFO] TC_ID-525 - PreCondition: PC_ID-056  Testcase:RXSWIN Data in extended session NRC-12: Sending request 22F1EE
2026-08-04 15:02:09,519 [INFO] TC_ID-525 - PreCondition: PC_ID-056  Testcase:RXSWIN Data in extended session NRC-12: Sending request 22F1EE
2026-08-04 15:02:09,519 [DEBUG] Sending 3 bytes : [22f1ee]
2026-08-04 15:02:09,520 [DEBUG] Enqueuing a SendRequest for 3 bytes and TAT=Physical
2026-08-04 15:02:09,521 [DEBUG] Tx: <7A7> (08) [ ]	 0322f1ee00000000
2026-08-04 15:02:09,522 [DEBUG] We've been asked to write a message to the bus
2026-08-04 15:02:09,522 [DEBUG] sending: Timestamp:        0.000000    ID:      7a7    S Rx       BS       DL:  8    03 22 f1 ee 00 00 00 00
2026-08-04 15:02:09,536 [DEBUG] Rx: <7AF> (08) [p]	 037f221200000000
2026-08-04 15:02:09,585 [INFO] TC_ID-525 - Received: 7F2212
2026-08-04 15:02:09,586 [WARNING] TC_ID-525 - PreCondition: PC_ID-056  Testcase:RXSWIN Data in extended session NRC-12 -> ❌ FAIL - Expected 037F221200000000
2026-08-04 15:02:09,587 [DEBUG] Stopping CanStack
2026-08-04 15:02:09,589 [DEBUG] Main thread is exiting
2026-08-04 15:02:09,637 [DEBUG] CanStack Stopped
2026-08-04 15:02:09,638 [INFO] Connection closed
2026-08-04 15:02:09,639 [INFO] Running Test Case: TC_ID-526
2026-08-04 15:02:09,639 [DEBUG] Starting CanStack
2026-08-04 15:02:09,641 [DEBUG] Main thread has started
2026-08-04 15:02:09,642 [DEBUG] Relay thread has started
2026-08-04 15:02:09,643 [INFO] Connection opened
2026-08-04 15:02:09,644 [INFO] Switched to physical mode for TC: TC_ID-526 Step: PreCondition: PC_ID-056  Testcase:RXSWIN Data in extended session NRC-13
2026-08-04 15:02:09,645 [INFO] TC_ID-526 - PreCondition: PC_ID-056  Testcase:RXSWIN Data in extended session NRC-13: SID=0x22, Sub=0xF1EF12, Expected=[3, 127, 34, 19, 0, 0, 0, 0]
2026-08-04 15:02:09,703 [INFO] TC_ID-526 - PreCondition: PC_ID-056  Testcase:RXSWIN Data in extended session NRC-13: Sending request 22F1EF12
2026-08-04 15:02:09,704 [INFO] TC_ID-526 - PreCondition: PC_ID-056  Testcase:RXSWIN Data in extended session NRC-13: Sending request 22F1EF12
2026-08-04 15:02:09,705 [DEBUG] Sending 4 bytes : [22f1ef12]
2026-08-04 15:02:09,706 [DEBUG] Enqueuing a SendRequest for 4 bytes and TAT=Physical
2026-08-04 15:02:09,707 [DEBUG] Tx: <7A7> (08) [ ]	 0422f1ef12000000
2026-08-04 15:02:09,707 [DEBUG] We've been asked to write a message to the bus
2026-08-04 15:02:09,708 [DEBUG] sending: Timestamp:        0.000000    ID:      7a7    S Rx       BS       DL:  8    04 22 f1 ef 12 00 00 00
2026-08-04 15:02:09,716 [DEBUG] Rx: <7AF> (08) [p]	 037f221300000000
2026-08-04 15:02:09,767 [INFO] TC_ID-526 - Received: 7F2213
2026-08-04 15:02:09,768 [WARNING] TC_ID-526 - PreCondition: PC_ID-056  Testcase:RXSWIN Data in extended session NRC-13 -> ❌ FAIL - Expected 037F221300000000
2026-08-04 15:02:09,769 [DEBUG] Stopping CanStack
2026-08-04 15:02:09,770 [DEBUG] Main thread is exiting
2026-08-04 15:02:09,816 [DEBUG] CanStack Stopped
2026-08-04 15:02:09,817 [INFO] Connection closed
2026-08-04 15:02:09,818 [INFO] Running Test Case: TC_ID-527
2026-08-04 15:02:09,819 [DEBUG] Starting CanStack
2026-08-04 15:02:09,820 [DEBUG] Main thread has started
2026-08-04 15:02:09,821 [DEBUG] Relay thread has started
2026-08-04 15:02:09,823 [INFO] Connection opened
2026-08-04 15:02:09,824 [INFO] Switched to physical mode for TC: TC_ID-527 Step: PreCondition: PC_ID-056  Testcase:NonSleep Collected Each ECU Data in extended session NRC-12
2026-08-04 15:02:09,824 [INFO] TC_ID-527 - PreCondition: PC_ID-056  Testcase:NonSleep Collected Each ECU Data in extended session NRC-12: SID=0x22, Sub=0xED91, Expected=[3, 127, 34, 18, 0, 0, 0, 0]
2026-08-04 15:02:09,898 [INFO] TC_ID-527 - PreCondition: PC_ID-056  Testcase:NonSleep Collected Each ECU Data in extended session NRC-12: Sending request 22ED91
2026-08-04 15:02:09,899 [INFO] TC_ID-527 - PreCondition: PC_ID-056  Testcase:NonSleep Collected Each ECU Data in extended session NRC-12: Sending request 22ED91
2026-08-04 15:02:09,900 [DEBUG] Sending 3 bytes : [22ed91]
2026-08-04 15:02:09,901 [DEBUG] Enqueuing a SendRequest for 3 bytes and TAT=Physical
2026-08-04 15:02:09,903 [DEBUG] Tx: <7A7> (08) [ ]	 0322ed9100000000
2026-08-04 15:02:09,904 [DEBUG] We've been asked to write a message to the bus
2026-08-04 15:02:09,905 [DEBUG] sending: Timestamp:        0.000000    ID:      7a7    S Rx       BS       DL:  8    03 22 ed 91 00 00 00 00
2026-08-04 15:02:09,916 [DEBUG] Rx: <7AF> (08) [p]	 037f221200000000
2026-08-04 15:02:09,965 [INFO] TC_ID-527 - Received: 7F2212
2026-08-04 15:02:09,966 [WARNING] TC_ID-527 - PreCondition: PC_ID-056  Testcase:NonSleep Collected Each ECU Data in extended session NRC-12 -> ❌ FAIL - Expected 037F221200000000
2026-08-04 15:02:09,967 [DEBUG] Stopping CanStack
2026-08-04 15:02:09,968 [DEBUG] Main thread is exiting
2026-08-04 15:02:10,017 [DEBUG] CanStack Stopped
2026-08-04 15:02:10,018 [INFO] Connection closed
2026-08-04 15:02:10,019 [INFO] Running Test Case: TC_ID-528
2026-08-04 15:02:10,019 [DEBUG] Starting CanStack
2026-08-04 15:02:10,021 [DEBUG] Main thread has started
2026-08-04 15:02:10,022 [DEBUG] Relay thread has started
2026-08-04 15:02:10,023 [INFO] Connection opened
2026-08-04 15:02:10,024 [INFO] Switched to physical mode for TC: TC_ID-528 Step: PreCondition: PC_ID-056  Testcase:NonSleep Collected Each ECU Data in extended session NRC-13
2026-08-04 15:02:10,025 [INFO] TC_ID-528 - PreCondition: PC_ID-056  Testcase:NonSleep Collected Each ECU Data in extended session NRC-13: SID=0x22, Sub=0xED9012, Expected=[3, 127, 34, 19, 0, 0, 0, 0]
2026-08-04 15:02:10,092 [INFO] TC_ID-528 - PreCondition: PC_ID-056  Testcase:NonSleep Collected Each ECU Data in extended session NRC-13: Sending request 22ED9012
2026-08-04 15:02:10,093 [INFO] TC_ID-528 - PreCondition: PC_ID-056  Testcase:NonSleep Collected Each ECU Data in extended session NRC-13: Sending request 22ED9012
2026-08-04 15:02:10,094 [DEBUG] Sending 4 bytes : [22ed9012]
2026-08-04 15:02:10,095 [DEBUG] Enqueuing a SendRequest for 4 bytes and TAT=Physical
2026-08-04 15:02:10,096 [DEBUG] Tx: <7A7> (08) [ ]	 0422ed9012000000
2026-08-04 15:02:10,097 [DEBUG] We've been asked to write a message to the bus
2026-08-04 15:02:10,097 [DEBUG] sending: Timestamp:        0.000000    ID:      7a7    S Rx       BS       DL:  8    04 22 ed 90 12 00 00 00
2026-08-04 15:02:10,105 [DEBUG] Rx: <7AF> (08) [p]	 037f221300000000
2026-08-04 15:02:10,156 [INFO] TC_ID-528 - Received: 7F2213
2026-08-04 15:02:10,158 [WARNING] TC_ID-528 - PreCondition: PC_ID-056  Testcase:NonSleep Collected Each ECU Data in extended session NRC-13 -> ❌ FAIL - Expected 037F221300000000
2026-08-04 15:02:10,159 [DEBUG] Stopping CanStack
2026-08-04 15:02:10,160 [DEBUG] Main thread is exiting
2026-08-04 15:02:10,206 [DEBUG] CanStack Stopped
2026-08-04 15:02:10,207 [INFO] Connection closed
2026-08-04 15:02:10,208 [INFO] Running Test Case: TC_ID-529
2026-08-04 15:02:10,209 [DEBUG] Starting CanStack
2026-08-04 15:02:10,210 [DEBUG] Main thread has started
2026-08-04 15:02:10,211 [DEBUG] Relay thread has started
2026-08-04 15:02:10,212 [INFO] Connection opened
2026-08-04 15:02:10,213 [INFO] Switched to physical mode for TC: TC_ID-529 Step: PreCondition: PC_ID-056  Testcase:Platform Hardware Version in extended session NRC-12
2026-08-04 15:02:10,214 [INFO] TC_ID-529 - PreCondition: PC_ID-056  Testcase:Platform Hardware Version in extended session NRC-12: SID=0x22, Sub=0xF17E, Expected=[3, 127, 34, 18, 0, 0, 0, 0]
2026-08-04 15:02:10,287 [INFO] TC_ID-529 - PreCondition: PC_ID-056  Testcase:Platform Hardware Version in extended session NRC-12: Sending request 22F17E
2026-08-04 15:02:10,288 [INFO] TC_ID-529 - PreCondition: PC_ID-056  Testcase:Platform Hardware Version in extended session NRC-12: Sending request 22F17E
2026-08-04 15:02:10,289 [DEBUG] Sending 3 bytes : [22f17e]
2026-08-04 15:02:10,290 [DEBUG] Enqueuing a SendRequest for 3 bytes and TAT=Physical
2026-08-04 15:02:10,292 [DEBUG] Tx: <7A7> (08) [ ]	 0322f17e00000000
2026-08-04 15:02:10,293 [DEBUG] We've been asked to write a message to the bus
2026-08-04 15:02:10,294 [DEBUG] sending: Timestamp:        0.000000    ID:      7a7    S Rx       BS       DL:  8    03 22 f1 7e 00 00 00 00
2026-08-04 15:02:10,306 [DEBUG] Rx: <7AF> (08) [p]	 037f221200000000
2026-08-04 15:02:10,357 [INFO] TC_ID-529 - Received: 7F2212
2026-08-04 15:02:10,359 [WARNING] TC_ID-529 - PreCondition: PC_ID-056  Testcase:Platform Hardware Version in extended session NRC-12 -> ❌ FAIL - Expected 037F221200000000
2026-08-04 15:02:10,360 [DEBUG] Stopping CanStack
2026-08-04 15:02:10,363 [DEBUG] Main thread is exiting
2026-08-04 15:02:10,407 [DEBUG] CanStack Stopped
2026-08-04 15:02:10,408 [INFO] Connection closed
2026-08-04 15:02:10,408 [INFO] Running Test Case: TC_ID-530
2026-08-04 15:02:10,409 [DEBUG] Starting CanStack
2026-08-04 15:02:10,410 [DEBUG] Main thread has started
2026-08-04 15:02:10,411 [DEBUG] Relay thread has started
2026-08-04 15:02:10,413 [INFO] Connection opened
2026-08-04 15:02:10,414 [INFO] Switched to physical mode for TC: TC_ID-530 Step: PreCondition: PC_ID-056  Testcase:Platform Hardware Version in extended session NRC-13
2026-08-04 15:02:10,415 [INFO] TC_ID-530 - PreCondition: PC_ID-056  Testcase:Platform Hardware Version in extended session NRC-13: SID=0x22, Sub=0xF17D12, Expected=[3, 127, 34, 19, 0, 0, 0, 0]
2026-08-04 15:02:10,481 [INFO] TC_ID-530 - PreCondition: PC_ID-056  Testcase:Platform Hardware Version in extended session NRC-13: Sending request 22F17D12
2026-08-04 15:02:10,482 [INFO] TC_ID-530 - PreCondition: PC_ID-056  Testcase:Platform Hardware Version in extended session NRC-13: Sending request 22F17D12
2026-08-04 15:02:10,483 [DEBUG] Sending 4 bytes : [22f17d12]
2026-08-04 15:02:10,483 [DEBUG] Enqueuing a SendRequest for 4 bytes and TAT=Physical
2026-08-04 15:02:10,485 [DEBUG] Tx: <7A7> (08) [ ]	 0422f17d12000000
2026-08-04 15:02:10,485 [DEBUG] We've been asked to write a message to the bus
2026-08-04 15:02:10,486 [DEBUG] sending: Timestamp:        0.000000    ID:      7a7    S Rx       BS       DL:  8    04 22 f1 7d 12 00 00 00
2026-08-04 15:02:10,496 [DEBUG] Rx: <7AF> (08) [p]	 037f221300000000
2026-08-04 15:02:10,547 [INFO] TC_ID-530 - Received: 7F2213
2026-08-04 15:02:10,549 [WARNING] TC_ID-530 - PreCondition: PC_ID-056  Testcase:Platform Hardware Version in extended session NRC-13 -> ❌ FAIL - Expected 037F221300000000
2026-08-04 15:02:10,549 [DEBUG] Stopping CanStack
2026-08-04 15:02:10,551 [DEBUG] Main thread is exiting
2026-08-04 15:02:10,597 [DEBUG] CanStack Stopped
2026-08-04 15:02:10,598 [INFO] Connection closed
2026-08-04 15:02:10,599 [INFO] Running Test Case: TC_ID-531
2026-08-04 15:02:10,599 [DEBUG] Starting CanStack
2026-08-04 15:02:10,601 [DEBUG] Main thread has started
2026-08-04 15:02:10,601 [DEBUG] Relay thread has started
2026-08-04 15:02:10,603 [INFO] Connection opened
2026-08-04 15:02:10,603 [INFO] Switched to physical mode for TC: TC_ID-531 Step: PreCondition: PC_ID-056  Testcase:S/W Version in extended session NRC-12
2026-08-04 15:02:10,604 [INFO] TC_ID-531 - PreCondition: PC_ID-056  Testcase:S/W Version in extended session NRC-12: SID=0x22, Sub=0xF1DE, Expected=[3, 127, 34, 18, 0, 0, 0, 0]
2026-08-04 15:02:10,675 [INFO] TC_ID-531 - PreCondition: PC_ID-056  Testcase:S/W Version in extended session NRC-12: Sending request 22F1DE
2026-08-04 15:02:10,676 [INFO] TC_ID-531 - PreCondition: PC_ID-056  Testcase:S/W Version in extended session NRC-12: Sending request 22F1DE
2026-08-04 15:02:10,676 [DEBUG] Sending 3 bytes : [22f1de]
2026-08-04 15:02:10,677 [DEBUG] Enqueuing a SendRequest for 3 bytes and TAT=Physical
2026-08-04 15:02:10,678 [DEBUG] Tx: <7A7> (08) [ ]	 0322f1de00000000
2026-08-04 15:02:10,679 [DEBUG] We've been asked to write a message to the bus
2026-08-04 15:02:10,680 [DEBUG] sending: Timestamp:        0.000000    ID:      7a7    S Rx       BS       DL:  8    03 22 f1 de 00 00 00 00
2026-08-04 15:02:10,687 [DEBUG] Rx: <7AF> (08) [p]	 037f221200000000
2026-08-04 15:02:10,735 [INFO] TC_ID-531 - Received: 7F2212
2026-08-04 15:02:10,736 [WARNING] TC_ID-531 - PreCondition: PC_ID-056  Testcase:S/W Version in extended session NRC-12 -> ❌ FAIL - Expected 037F221200000000
2026-08-04 15:02:10,738 [DEBUG] Stopping CanStack
2026-08-04 15:02:10,739 [DEBUG] Main thread is exiting
2026-08-04 15:02:10,788 [DEBUG] CanStack Stopped
2026-08-04 15:02:10,789 [INFO] Connection closed
2026-08-04 15:02:10,790 [INFO] Running Test Case: TC_ID-532
2026-08-04 15:02:10,791 [DEBUG] Starting CanStack
2026-08-04 15:02:10,792 [DEBUG] Main thread has started
2026-08-04 15:02:10,794 [DEBUG] Relay thread has started
2026-08-04 15:02:10,795 [INFO] Connection opened
2026-08-04 15:02:10,796 [INFO] Switched to physical mode for TC: TC_ID-532 Step: PreCondition: PC_ID-056  Testcase:S/W Version in extended session NRC-13
2026-08-04 15:02:10,797 [INFO] TC_ID-532 - PreCondition: PC_ID-056  Testcase:S/W Version in extended session NRC-13: SID=0x22, Sub=0xF1DD12, Expected=[3, 127, 34, 19, 0, 0, 0, 0]
2026-08-04 15:02:10,874 [INFO] TC_ID-532 - PreCondition: PC_ID-056  Testcase:S/W Version in extended session NRC-13: Sending request 22F1DD12
2026-08-04 15:02:10,875 [INFO] TC_ID-532 - PreCondition: PC_ID-056  Testcase:S/W Version in extended session NRC-13: Sending request 22F1DD12
2026-08-04 15:02:10,876 [DEBUG] Sending 4 bytes : [22f1dd12]
2026-08-04 15:02:10,877 [DEBUG] Enqueuing a SendRequest for 4 bytes and TAT=Physical
2026-08-04 15:02:10,878 [DEBUG] Tx: <7A7> (08) [ ]	 0422f1dd12000000
2026-08-04 15:02:10,879 [DEBUG] We've been asked to write a message to the bus
2026-08-04 15:02:10,880 [DEBUG] sending: Timestamp:        0.000000    ID:      7a7    S Rx       BS       DL:  8    04 22 f1 dd 12 00 00 00
2026-08-04 15:02:10,897 [DEBUG] Rx: <7AF> (08) [p]	 037f221300000000
2026-08-04 15:02:10,945 [INFO] TC_ID-532 - Received: 7F2213
2026-08-04 15:02:10,947 [WARNING] TC_ID-532 - PreCondition: PC_ID-056  Testcase:S/W Version in extended session NRC-13 -> ❌ FAIL - Expected 037F221300000000
2026-08-04 15:02:10,947 [DEBUG] Stopping CanStack
2026-08-04 15:02:10,948 [DEBUG] Main thread is exiting
2026-08-04 15:02:10,998 [DEBUG] CanStack Stopped
2026-08-04 15:02:10,999 [INFO] Connection closed
2026-08-04 15:02:11,000 [INFO] Running Test Case: TC_ID-533
2026-08-04 15:02:11,001 [DEBUG] Starting CanStack
2026-08-04 15:02:11,003 [DEBUG] Main thread has started
2026-08-04 15:02:11,005 [DEBUG] Relay thread has started
2026-08-04 15:02:11,007 [INFO] Connection opened
2026-08-04 15:02:11,007 [INFO] Switched to physical mode for TC: TC_ID-533 Step: PreCondition: PC_ID-056  Testcase:Input Ountput Record Local Identifier #1 extended session in extended session NRC-12
2026-08-04 15:02:11,008 [INFO] TC_ID-533 - PreCondition: PC_ID-056  Testcase:Input Ountput Record Local Identifier #1 extended session in extended session NRC-12: SID=0x22, Sub=0xB606, Expected=[3, 127, 34, 18, 0, 0, 0, 0]
2026-08-04 15:02:11,075 [INFO] TC_ID-533 - PreCondition: PC_ID-056  Testcase:Input Ountput Record Local Identifier #1 extended session in extended session NRC-12: Sending request 22B606
2026-08-04 15:02:11,077 [INFO] TC_ID-533 - PreCondition: PC_ID-056  Testcase:Input Ountput Record Local Identifier #1 extended session in extended session NRC-12: Sending request 22B606
2026-08-04 15:02:11,078 [DEBUG] Sending 3 bytes : [22b606]
2026-08-04 15:02:11,080 [DEBUG] Enqueuing a SendRequest for 3 bytes and TAT=Physical
2026-08-04 15:02:11,083 [DEBUG] Tx: <7A7> (08) [ ]	 0322b60600000000
2026-08-04 15:02:11,087 [DEBUG] We've been asked to write a message to the bus
2026-08-04 15:02:11,089 [DEBUG] sending: Timestamp:        0.000000    ID:      7a7    S Rx       BS       DL:  8    03 22 b6 06 00 00 00 00
2026-08-04 15:02:11,097 [DEBUG] Rx: <7AF> (08) [p]	 037f221200000000
2026-08-04 15:02:11,146 [INFO] TC_ID-533 - Received: 7F2212
2026-08-04 15:02:11,147 [WARNING] TC_ID-533 - PreCondition: PC_ID-056  Testcase:Input Ountput Record Local Identifier #1 extended session in extended session NRC-12 -> ❌ FAIL - Expected 037F221200000000
2026-08-04 15:02:11,149 [DEBUG] Stopping CanStack
2026-08-04 15:02:11,150 [DEBUG] Main thread is exiting
2026-08-04 15:02:11,198 [DEBUG] CanStack Stopped
2026-08-04 15:02:11,199 [INFO] Connection closed
2026-08-04 15:02:11,200 [INFO] Running Test Case: TC_ID-534
2026-08-04 15:02:11,202 [DEBUG] Starting CanStack
2026-08-04 15:02:11,203 [DEBUG] Main thread has started
2026-08-04 15:02:11,205 [DEBUG] Relay thread has started
2026-08-04 15:02:11,208 [INFO] Connection opened
2026-08-04 15:02:11,208 [INFO] Switched to physical mode for TC: TC_ID-534 Step: PreCondition: PC_ID-056  Testcase:Input Ountput Record Local Identifier #1 extended sessionin extended session NRC-13
2026-08-04 15:02:11,209 [INFO] TC_ID-534 - PreCondition: PC_ID-056  Testcase:Input Ountput Record Local Identifier #1 extended sessionin extended session NRC-13: SID=0x22, Sub=0xB60212, Expected=[3, 127, 34, 19, 0, 0, 0, 0]
2026-08-04 15:02:11,278 [INFO] TC_ID-534 - PreCondition: PC_ID-056  Testcase:Input Ountput Record Local Identifier #1 extended sessionin extended session NRC-13: Sending request 22B60212
2026-08-04 15:02:11,279 [INFO] TC_ID-534 - PreCondition: PC_ID-056  Testcase:Input Ountput Record Local Identifier #1 extended sessionin extended session NRC-13: Sending request 22B60212
2026-08-04 15:02:11,280 [DEBUG] Sending 4 bytes : [22b60212]
2026-08-04 15:02:11,281 [DEBUG] Enqueuing a SendRequest for 4 bytes and TAT=Physical
2026-08-04 15:02:11,283 [DEBUG] Tx: <7A7> (08) [ ]	 0422b60212000000
2026-08-04 15:02:11,284 [DEBUG] We've been asked to write a message to the bus
2026-08-04 15:02:11,285 [DEBUG] sending: Timestamp:        0.000000    ID:      7a7    S Rx       BS       DL:  8    04 22 b6 02 12 00 00 00
2026-08-04 15:02:11,297 [DEBUG] Rx: <7AF> (08) [p]	 037f221300000000
2026-08-04 15:02:11,346 [INFO] TC_ID-534 - Received: 7F2213
2026-08-04 15:02:11,347 [WARNING] TC_ID-534 - PreCondition: PC_ID-056  Testcase:Input Ountput Record Local Identifier #1 extended sessionin extended session NRC-13 -> ❌ FAIL - Expected 037F221300000000
2026-08-04 15:02:11,348 [DEBUG] Stopping CanStack
2026-08-04 15:02:11,350 [DEBUG] Main thread is exiting
2026-08-04 15:02:11,401 [DEBUG] CanStack Stopped
2026-08-04 15:02:11,405 [INFO] Connection closed
2026-08-04 15:02:11,407 [INFO] Running Test Case: TC_ID-535
2026-08-04 15:02:11,413 [DEBUG] Starting CanStack
2026-08-04 15:02:11,416 [DEBUG] Main thread has started
2026-08-04 15:02:11,417 [DEBUG] Relay thread has started
2026-08-04 15:02:11,426 [INFO] Connection opened
2026-08-04 15:02:11,428 [INFO] Switched to physical mode for TC: TC_ID-535 Step: PreCondition: PC_ID-056  Testcase:Input Ountput Record Local Identifier #2 extended session in extended session NRC-12
2026-08-04 15:02:11,430 [INFO] TC_ID-535 - PreCondition: PC_ID-056  Testcase:Input Ountput Record Local Identifier #2 extended session in extended session NRC-12: SID=0x22, Sub=0xB607, Expected=[3, 127, 34, 18, 0, 0, 0, 0]
2026-08-04 15:02:11,521 [INFO] TC_ID-535 - PreCondition: PC_ID-056  Testcase:Input Ountput Record Local Identifier #2 extended session in extended session NRC-12: Sending request 22B607
2026-08-04 15:02:11,522 [INFO] TC_ID-535 - PreCondition: PC_ID-056  Testcase:Input Ountput Record Local Identifier #2 extended session in extended session NRC-12: Sending request 22B607
2026-08-04 15:02:11,523 [DEBUG] Sending 3 bytes : [22b607]
2026-08-04 15:02:11,524 [DEBUG] Enqueuing a SendRequest for 3 bytes and TAT=Physical
2026-08-04 15:02:11,525 [DEBUG] Tx: <7A7> (08) [ ]	 0322b60700000000
2026-08-04 15:02:11,526 [DEBUG] We've been asked to write a message to the bus
2026-08-04 15:02:11,527 [DEBUG] sending: Timestamp:        0.000000    ID:      7a7    S Rx       BS       DL:  8    03 22 b6 07 00 00 00 00
2026-08-04 15:02:11,536 [DEBUG] Rx: <7AF> (08) [p]	 037f221200000000
2026-08-04 15:02:11,587 [INFO] TC_ID-535 - Received: 7F2212
2026-08-04 15:02:11,589 [WARNING] TC_ID-535 - PreCondition: PC_ID-056  Testcase:Input Ountput Record Local Identifier #2 extended session in extended session NRC-12 -> ❌ FAIL - Expected 037F221200000000
2026-08-04 15:02:11,589 [DEBUG] Stopping CanStack
2026-08-04 15:02:11,590 [DEBUG] Main thread is exiting
2026-08-04 15:02:11,637 [DEBUG] CanStack Stopped
2026-08-04 15:02:11,638 [INFO] Connection closed
2026-08-04 15:02:11,638 [INFO] Running Test Case: TC_ID-536
2026-08-04 15:02:11,639 [DEBUG] Starting CanStack
2026-08-04 15:02:11,640 [DEBUG] Main thread has started
2026-08-04 15:02:11,641 [DEBUG] Relay thread has started
2026-08-04 15:02:11,642 [INFO] Connection opened
2026-08-04 15:02:11,643 [INFO] Switched to physical mode for TC: TC_ID-536 Step: PreCondition: PC_ID-056  Testcase:Input Ountput Record Local Identifier #2 extended sessionin extended session NRC-13
2026-08-04 15:02:11,643 [INFO] TC_ID-536 - PreCondition: PC_ID-056  Testcase:Input Ountput Record Local Identifier #2 extended sessionin extended session NRC-13: SID=0x22, Sub=0xB60312, Expected=[3, 127, 34, 19, 0, 0, 0, 0]
2026-08-04 15:02:11,707 [INFO] TC_ID-536 - PreCondition: PC_ID-056  Testcase:Input Ountput Record Local Identifier #2 extended sessionin extended session NRC-13: Sending request 22B60312
2026-08-04 15:02:11,707 [INFO] TC_ID-536 - PreCondition: PC_ID-056  Testcase:Input Ountput Record Local Identifier #2 extended sessionin extended session NRC-13: Sending request 22B60312
2026-08-04 15:02:11,708 [DEBUG] Sending 4 bytes : [22b60312]
2026-08-04 15:02:11,708 [DEBUG] Enqueuing a SendRequest for 4 bytes and TAT=Physical
2026-08-04 15:02:11,710 [DEBUG] Tx: <7A7> (08) [ ]	 0422b60312000000
2026-08-04 15:02:11,710 [DEBUG] We've been asked to write a message to the bus
2026-08-04 15:02:11,711 [DEBUG] sending: Timestamp:        0.000000    ID:      7a7    S Rx       BS       DL:  8    04 22 b6 03 12 00 00 00
2026-08-04 15:02:11,726 [DEBUG] Rx: <7AF> (08) [p]	 037f221300000000
2026-08-04 15:02:11,776 [INFO] TC_ID-536 - Received: 7F2213
2026-08-04 15:02:11,777 [WARNING] TC_ID-536 - PreCondition: PC_ID-056  Testcase:Input Ountput Record Local Identifier #2 extended sessionin extended session NRC-13 -> ❌ FAIL - Expected 037F221300000000
2026-08-04 15:02:11,778 [DEBUG] Stopping CanStack
2026-08-04 15:02:11,778 [DEBUG] Main thread is exiting
2026-08-04 15:02:11,826 [DEBUG] CanStack Stopped
2026-08-04 15:02:11,827 [INFO] Connection closed
2026-08-04 15:02:11,828 [INFO] Running Test Case: TC_ID-537
2026-08-04 15:02:11,829 [DEBUG] Starting CanStack
2026-08-04 15:02:11,830 [DEBUG] Main thread has started
2026-08-04 15:02:11,831 [DEBUG] Relay thread has started
2026-08-04 15:02:11,832 [INFO] Connection opened
2026-08-04 15:02:11,833 [INFO] Switched to physical mode for TC: TC_ID-537 Step: PreCondition: PC_ID-056  Testcase:Input Ountput Record Local Identifier #3 extended session in extended session NRC-12
2026-08-04 15:02:11,834 [INFO] TC_ID-537 - PreCondition: PC_ID-056  Testcase:Input Ountput Record Local Identifier #3 extended session in extended session NRC-12: SID=0x22, Sub=0xB608, Expected=[3, 127, 34, 18, 0, 0, 0, 0]
2026-08-04 15:02:11,900 [INFO] TC_ID-537 - PreCondition: PC_ID-056  Testcase:Input Ountput Record Local Identifier #3 extended session in extended session NRC-12: Sending request 22B608
2026-08-04 15:02:11,902 [INFO] TC_ID-537 - PreCondition: PC_ID-056  Testcase:Input Ountput Record Local Identifier #3 extended session in extended session NRC-12: Sending request 22B608
2026-08-04 15:02:11,903 [DEBUG] Sending 3 bytes : [22b608]
2026-08-04 15:02:11,904 [DEBUG] Enqueuing a SendRequest for 3 bytes and TAT=Physical
2026-08-04 15:02:11,905 [DEBUG] Tx: <7A7> (08) [ ]	 0322b60800000000
2026-08-04 15:02:11,906 [DEBUG] We've been asked to write a message to the bus
2026-08-04 15:02:11,907 [DEBUG] sending: Timestamp:        0.000000    ID:      7a7    S Rx       BS       DL:  8    03 22 b6 08 00 00 00 00
2026-08-04 15:02:11,916 [DEBUG] Rx: <7AF> (08) [p]	 037f221200000000
2026-08-04 15:02:11,966 [INFO] TC_ID-537 - Received: 7F2212
2026-08-04 15:02:11,967 [WARNING] TC_ID-537 - PreCondition: PC_ID-056  Testcase:Input Ountput Record Local Identifier #3 extended session in extended session NRC-12 -> ❌ FAIL - Expected 037F221200000000
2026-08-04 15:02:11,968 [DEBUG] Stopping CanStack
2026-08-04 15:02:11,970 [DEBUG] Main thread is exiting
2026-08-04 15:02:12,018 [DEBUG] CanStack Stopped
2026-08-04 15:02:12,019 [INFO] Connection closed
2026-08-04 15:02:12,019 [INFO] Running Test Case: TC_ID-538
2026-08-04 15:02:12,020 [DEBUG] Starting CanStack
2026-08-04 15:02:12,022 [DEBUG] Main thread has started
2026-08-04 15:02:12,024 [DEBUG] Relay thread has started
2026-08-04 15:02:12,025 [INFO] Connection opened
2026-08-04 15:02:12,026 [INFO] Switched to physical mode for TC: TC_ID-538 Step: PreCondition: PC_ID-056  Testcase:Input Ountput Record Local Identifier #3 extended sessionin extended session NRC-13
2026-08-04 15:02:12,026 [INFO] TC_ID-538 - PreCondition: PC_ID-056  Testcase:Input Ountput Record Local Identifier #3 extended sessionin extended session NRC-13: SID=0x22, Sub=0xB60412, Expected=[3, 127, 34, 19, 0, 0, 0, 0]
2026-08-04 15:02:12,091 [INFO] TC_ID-538 - PreCondition: PC_ID-056  Testcase:Input Ountput Record Local Identifier #3 extended sessionin extended session NRC-13: Sending request 22B60412
2026-08-04 15:02:12,092 [INFO] TC_ID-538 - PreCondition: PC_ID-056  Testcase:Input Ountput Record Local Identifier #3 extended sessionin extended session NRC-13: Sending request 22B60412
2026-08-04 15:02:12,092 [DEBUG] Sending 4 bytes : [22b60412]
2026-08-04 15:02:12,093 [DEBUG] Enqueuing a SendRequest for 4 bytes and TAT=Physical
2026-08-04 15:02:12,095 [DEBUG] Tx: <7A7> (08) [ ]	 0422b60412000000
2026-08-04 15:02:12,096 [DEBUG] We've been asked to write a message to the bus
2026-08-04 15:02:12,097 [DEBUG] sending: Timestamp:        0.000000    ID:      7a7    S Rx       BS       DL:  8    04 22 b6 04 12 00 00 00
2026-08-04 15:02:12,107 [DEBUG] Rx: <7AF> (08) [p]	 037f221300000000
2026-08-04 15:02:12,157 [INFO] TC_ID-538 - Received: 7F2213
2026-08-04 15:02:12,158 [WARNING] TC_ID-538 - PreCondition: PC_ID-056  Testcase:Input Ountput Record Local Identifier #3 extended sessionin extended session NRC-13 -> ❌ FAIL - Expected 037F221300000000
2026-08-04 15:02:12,158 [DEBUG] Stopping CanStack
2026-08-04 15:02:12,159 [DEBUG] Main thread is exiting
2026-08-04 15:02:12,207 [DEBUG] CanStack Stopped
2026-08-04 15:02:12,207 [INFO] Connection closed
2026-08-04 15:02:12,208 [INFO] Running Test Case: TC_ID-539
2026-08-04 15:02:12,209 [DEBUG] Starting CanStack
2026-08-04 15:02:12,210 [DEBUG] Main thread has started
2026-08-04 15:02:12,211 [DEBUG] Relay thread has started
2026-08-04 15:02:12,214 [INFO] Connection opened
2026-08-04 15:02:12,215 [INFO] Switched to physical mode for TC: TC_ID-539 Step: PreCondition: PC_ID-056  Testcase:Input Ountput Record Local Identifier #4 extended session in extended session NRC-12
2026-08-04 15:02:12,216 [INFO] TC_ID-539 - PreCondition: PC_ID-056  Testcase:Input Ountput Record Local Identifier #4 extended session in extended session NRC-12: SID=0x22, Sub=0xB609, Expected=[3, 127, 34, 18, 0, 0, 0, 0]
2026-08-04 15:02:12,290 [INFO] TC_ID-539 - PreCondition: PC_ID-056  Testcase:Input Ountput Record Local Identifier #4 extended session in extended session NRC-12: Sending request 22B609
2026-08-04 15:02:12,292 [INFO] TC_ID-539 - PreCondition: PC_ID-056  Testcase:Input Ountput Record Local Identifier #4 extended session in extended session NRC-12: Sending request 22B609
2026-08-04 15:02:12,296 [DEBUG] Sending 3 bytes : [22b609]
2026-08-04 15:02:12,300 [DEBUG] Enqueuing a SendRequest for 3 bytes and TAT=Physical
2026-08-04 15:02:12,302 [DEBUG] Tx: <7A7> (08) [ ]	 0322b60900000000
2026-08-04 15:02:12,302 [DEBUG] We've been asked to write a message to the bus
2026-08-04 15:02:12,303 [DEBUG] sending: Timestamp:        0.000000    ID:      7a7    S Rx       BS       DL:  8    03 22 b6 09 00 00 00 00
2026-08-04 15:02:12,317 [DEBUG] Rx: <7AF> (08) [p]	 037f221200000000
2026-08-04 15:02:12,367 [INFO] TC_ID-539 - Received: 7F2212
2026-08-04 15:02:12,368 [WARNING] TC_ID-539 - PreCondition: PC_ID-056  Testcase:Input Ountput Record Local Identifier #4 extended session in extended session NRC-12 -> ❌ FAIL - Expected 037F221200000000
2026-08-04 15:02:12,370 [DEBUG] Stopping CanStack
2026-08-04 15:02:12,371 [DEBUG] Main thread is exiting
2026-08-04 15:02:12,419 [DEBUG] CanStack Stopped
2026-08-04 15:02:12,420 [INFO] Connection closed
2026-08-04 15:02:12,423 [INFO] Running Test Case: TC_ID-540
2026-08-04 15:02:12,424 [DEBUG] Starting CanStack
2026-08-04 15:02:12,427 [DEBUG] Main thread has started
2026-08-04 15:02:12,433 [DEBUG] Relay thread has started
2026-08-04 15:02:12,435 [INFO] Connection opened
2026-08-04 15:02:12,437 [INFO] Switched to physical mode for TC: TC_ID-540 Step: PreCondition: PC_ID-056  Testcase:Input Ountput Record Local Identifier #4 extended sessionin extended session NRC-13
2026-08-04 15:02:12,439 [INFO] TC_ID-540 - PreCondition: PC_ID-056  Testcase:Input Ountput Record Local Identifier #4 extended sessionin extended session NRC-13: SID=0x22, Sub=0xB60512, Expected=[3, 127, 34, 19, 0, 0, 0, 0]
2026-08-04 15:02:12,523 [INFO] TC_ID-540 - PreCondition: PC_ID-056  Testcase:Input Ountput Record Local Identifier #4 extended sessionin extended session NRC-13: Sending request 22B60512
2026-08-04 15:02:12,524 [INFO] TC_ID-540 - PreCondition: PC_ID-056  Testcase:Input Ountput Record Local Identifier #4 extended sessionin extended session NRC-13: Sending request 22B60512
2026-08-04 15:02:12,525 [DEBUG] Sending 4 bytes : [22b60512]
2026-08-04 15:02:12,527 [DEBUG] Enqueuing a SendRequest for 4 bytes and TAT=Physical
2026-08-04 15:02:12,533 [DEBUG] Tx: <7A7> (08) [ ]	 0422b60512000000
2026-08-04 15:02:12,534 [DEBUG] We've been asked to write a message to the bus
2026-08-04 15:02:12,535 [DEBUG] sending: Timestamp:        0.000000    ID:      7a7    S Rx       BS       DL:  8    04 22 b6 05 12 00 00 00
2026-08-04 15:02:12,546 [DEBUG] Rx: <7AF> (08) [p]	 037f221300000000
2026-08-04 15:02:12,595 [INFO] TC_ID-540 - Received: 7F2213
2026-08-04 15:02:12,597 [WARNING] TC_ID-540 - PreCondition: PC_ID-056  Testcase:Input Ountput Record Local Identifier #4 extended sessionin extended session NRC-13 -> ❌ FAIL - Expected 037F221300000000
2026-08-04 15:02:12,599 [DEBUG] Stopping CanStack
2026-08-04 15:02:12,602 [DEBUG] Main thread is exiting
2026-08-04 15:02:12,647 [DEBUG] CanStack Stopped
2026-08-04 15:02:12,649 [INFO] Connection closed
2026-08-04 15:02:12,650 [INFO] Running Test Case: PC_ID-059
2026-08-04 15:02:12,651 [DEBUG] Starting CanStack
2026-08-04 15:02:12,654 [DEBUG] Main thread has started
2026-08-04 15:02:12,655 [DEBUG] Relay thread has started
2026-08-04 15:02:12,657 [INFO] Connection opened
2026-08-04 15:02:12,659 [INFO] Switched to physical mode for TC: PC_ID-059 Step: Start Default session
2026-08-04 15:02:12,660 [INFO] PC_ID-059 - Start Default session: SID=0x10, Sub=0x01, Expected=[6, 80, 1, 0, 50, 1, 244, 0]
2026-08-04 15:02:12,709 [INFO] PC_ID-059 - Start Default session: Sending 1001
2026-08-04 15:02:12,754 [INFO] PC_ID-059 - Start Default session: Sending request 1001
2026-08-04 15:02:12,755 [DEBUG] Sending 2 bytes : [1001]
2026-08-04 15:02:12,757 [DEBUG] Enqueuing a SendRequest for 2 bytes and TAT=Physical
2026-08-04 15:02:12,759 [DEBUG] Tx: <7A7> (08) [ ]	 0210010000000000
2026-08-04 15:02:12,760 [DEBUG] We've been asked to write a message to the bus
2026-08-04 15:02:12,761 [DEBUG] sending: Timestamp:        0.000000    ID:      7a7    S Rx       BS       DL:  8    02 10 01 00 00 00 00 00
2026-08-04 15:02:12,777 [INFO] PC_ID-059 - Received: 5001
2026-08-04 15:02:12,778 [WARNING] PC_ID-059 - Start Default session -> FAIL - Unexpected response
2026-08-04 15:02:12,779 [DEBUG] Stopping CanStack
2026-08-04 15:02:12,780 [DEBUG] Main thread is exiting
2026-08-04 15:02:12,786 [DEBUG] CanStack Stopped
2026-08-04 15:02:12,787 [INFO] Connection closed
2026-08-04 15:02:12,788 [INFO] Running Test Case: TC_ID-565
2026-08-04 15:02:12,789 [DEBUG] Starting CanStack
2026-08-04 15:02:12,790 [DEBUG] Main thread has started
2026-08-04 15:02:12,792 [DEBUG] Relay thread has started
2026-08-04 15:02:12,794 [INFO] Connection opened
2026-08-04 15:02:12,795 [INFO] Switched to physical mode for TC: TC_ID-565 Step: PreCondition: PC_ID-059  Testcase:Report DTC by Status mask(19 02)
2026-08-04 15:02:12,796 [INFO] TC_ID-565 - PreCondition: PC_ID-059  Testcase:Report DTC by Status mask(19 02): SID=0x19, Sub=0x02, Expected=[7, 89, 2, 9, 150, 3, 0, 8]
2026-08-04 15:02:12,858 [INFO] TC_ID-565 - PreCondition: PC_ID-059  Testcase:Report DTC by Status mask(19 02): Sending 190209
2026-08-04 15:02:12,859 [INFO] TC_ID-565 - PreCondition: PC_ID-059  Testcase:Report DTC by Status mask(19 02): Sending request 190209
2026-08-04 15:02:12,860 [DEBUG] Sending 3 bytes : [190209]
2026-08-04 15:02:12,861 [DEBUG] Enqueuing a SendRequest for 3 bytes and TAT=Physical
2026-08-04 15:02:12,862 [DEBUG] Tx: <7A7> (08) [ ]	 0319020900000000
2026-08-04 15:02:12,863 [DEBUG] We've been asked to write a message to the bus
2026-08-04 15:02:12,863 [DEBUG] sending: Timestamp:        0.000000    ID:      7a7    S Rx       BS       DL:  8    03 19 02 09 00 00 00 00
2026-08-04 15:02:12,877 [WARNING] -----------------------------------------------TC_ID-565 PreCondition: PC_ID-059  Testcase:Report DTC by Status mask(19 02) -> FAIL - Expected [89, 2, 9, 150, 3, 0, 8], got [89, 2, 9]-----------------------------------------------
2026-08-04 15:02:12,878 [DEBUG] Stopping CanStack
2026-08-04 15:02:12,880 [DEBUG] Rx: <7AF> (08) [p]	 03590209aaaaaaaa
2026-08-04 15:02:12,881 [DEBUG] Main thread is exiting
2026-08-04 15:02:12,927 [DEBUG] CanStack Stopped
2026-08-04 15:02:12,929 [INFO] Connection closed
2026-08-04 15:02:12,930 [INFO] Running Test Case: TC_ID-566
2026-08-04 15:02:12,932 [DEBUG] Starting CanStack
2026-08-04 15:02:12,935 [DEBUG] Main thread has started
2026-08-04 15:02:12,936 [DEBUG] Relay thread has started
2026-08-04 15:02:12,939 [INFO] Connection opened
2026-08-04 15:02:12,940 [INFO] Switched to physical mode for TC: TC_ID-566 Step: PreCondition: PC_ID-059  Testcase:Report DTC by Status mask(19 02)
2026-08-04 15:02:12,942 [INFO] TC_ID-566 - PreCondition: PC_ID-059  Testcase:Report DTC by Status mask(19 02): SID=0x19, Sub=0x02, Expected=[3, 89, 2, 9, 0, 0, 0, 0]
2026-08-04 15:02:13,003 [INFO] TC_ID-566 - PreCondition: PC_ID-059  Testcase:Report DTC by Status mask(19 02): Sending 190209
2026-08-04 15:02:13,004 [INFO] TC_ID-566 - PreCondition: PC_ID-059  Testcase:Report DTC by Status mask(19 02): Sending request 190209
2026-08-04 15:02:13,005 [DEBUG] Sending 3 bytes : [190209]
2026-08-04 15:02:13,007 [DEBUG] Enqueuing a SendRequest for 3 bytes and TAT=Physical
2026-08-04 15:02:13,008 [DEBUG] Tx: <7A7> (08) [ ]	 0319020900000000
2026-08-04 15:02:13,010 [DEBUG] We've been asked to write a message to the bus
2026-08-04 15:02:13,011 [DEBUG] sending: Timestamp:        0.000000    ID:      7a7    S Rx       BS       DL:  8    03 19 02 09 00 00 00 00
2026-08-04 15:02:13,027 [DEBUG] Rx: <7AF> (08) [p]	 03590209aaaaaaaa
2026-08-04 15:02:13,028 [INFO] -----------------------------------------------TC_ID-566 PreCondition: PC_ID-059  Testcase:Report DTC by Status mask(19 02) -> PASS-----------------------------------------------
2026-08-04 15:02:13,030 [DEBUG] Stopping CanStack
2026-08-04 15:02:13,031 [DEBUG] Main thread is exiting
2026-08-04 15:02:13,078 [DEBUG] CanStack Stopped
2026-08-04 15:02:13,079 [INFO] Connection closed
2026-08-04 15:02:13,081 [INFO] Running Test Case: TC_ID-567
2026-08-04 15:02:13,083 [DEBUG] Starting CanStack
2026-08-04 15:02:13,087 [DEBUG] Main thread has started
2026-08-04 15:02:13,090 [DEBUG] Relay thread has started
2026-08-04 15:02:13,092 [INFO] Connection opened
2026-08-04 15:02:13,094 [INFO] Switched to physical mode for TC: TC_ID-567 Step: PreCondition: PC_ID-059  Testcase:Incorrect message length (19 02 01)
2026-08-04 15:02:13,096 [INFO] TC_ID-567 - PreCondition: PC_ID-059  Testcase:Incorrect message length (19 02 01): SID=0x19, Sub=0x02, Expected=[7, 89, 2, 9, 150, 3, 0, 8]
2026-08-04 15:02:13,155 [INFO] TC_ID-567 - PreCondition: PC_ID-059  Testcase:Incorrect message length (19 02 01): Sending 190209
2026-08-04 15:02:13,156 [INFO] TC_ID-567 - PreCondition: PC_ID-059  Testcase:Incorrect message length (19 02 01): Sending request 190209
2026-08-04 15:02:13,157 [DEBUG] Sending 3 bytes : [190209]
2026-08-04 15:02:13,158 [DEBUG] Enqueuing a SendRequest for 3 bytes and TAT=Physical
2026-08-04 15:02:13,160 [DEBUG] Tx: <7A7> (08) [ ]	 0319020900000000
2026-08-04 15:02:13,161 [DEBUG] We've been asked to write a message to the bus
2026-08-04 15:02:13,162 [DEBUG] sending: Timestamp:        0.000000    ID:      7a7    S Rx       BS       DL:  8    03 19 02 09 00 00 00 00
2026-08-04 15:02:13,176 [WARNING] -----------------------------------------------TC_ID-567 PreCondition: PC_ID-059  Testcase:Incorrect message length (19 02 01) -> FAIL - Expected [89, 2, 9, 150, 3, 0, 8], got [89, 2, 9]-----------------------------------------------
2026-08-04 15:02:13,178 [DEBUG] Rx: <7AF> (08) [p]	 03590209aaaaaaaa
2026-08-04 15:02:13,179 [DEBUG] Stopping CanStack
2026-08-04 15:02:13,182 [DEBUG] Main thread is exiting
2026-08-04 15:02:13,229 [DEBUG] CanStack Stopped
2026-08-04 15:02:13,231 [INFO] Connection closed
2026-08-04 15:02:13,232 [INFO] Running Test Case: TC_ID-568
2026-08-04 15:02:13,233 [DEBUG] Starting CanStack
2026-08-04 15:02:13,235 [DEBUG] Main thread has started
2026-08-04 15:02:13,238 [DEBUG] Relay thread has started
2026-08-04 15:02:13,239 [INFO] Connection opened
2026-08-04 15:02:13,241 [INFO] Switched to physical mode for TC: TC_ID-568 Step: PreCondition: PC_ID-059  Testcase:Subfunction not supported(19 05)
2026-08-04 15:02:13,242 [INFO] TC_ID-568 - PreCondition: PC_ID-059  Testcase:Subfunction not supported(19 05): SID=0x19, Sub=0x05, Expected=[3, 127, 25, 18, 0, 0, 0, 0]
2026-08-04 15:02:13,303 [INFO] TC_ID-568 - PreCondition: PC_ID-059  Testcase:Subfunction not supported(19 05): Sending 190509
2026-08-04 15:02:13,305 [INFO] TC_ID-568 - PreCondition: PC_ID-059  Testcase:Subfunction not supported(19 05): Sending request 190509
2026-08-04 15:02:13,307 [DEBUG] Sending 3 bytes : [190509]
2026-08-04 15:02:13,309 [DEBUG] Enqueuing a SendRequest for 3 bytes and TAT=Physical
2026-08-04 15:02:13,311 [DEBUG] Tx: <7A7> (08) [ ]	 0319050900000000
2026-08-04 15:02:13,312 [DEBUG] We've been asked to write a message to the bus
2026-08-04 15:02:13,313 [DEBUG] sending: Timestamp:        0.000000    ID:      7a7    S Rx       BS       DL:  8    03 19 05 09 00 00 00 00
2026-08-04 15:02:13,326 [WARNING] -----------------------------------------------TC_ID-568 PreCondition: PC_ID-059  Testcase:Subfunction not supported(19 05) -> FAIL - Expected Negative Response (0x7F), but got Positive Response: [89, 2, 9]-----------------------------------------------
2026-08-04 15:02:13,327 [DEBUG] Rx: <7AF> (08) [p]	 03590209aaaaaaaa
2026-08-04 15:02:13,330 [DEBUG] Stopping CanStack
2026-08-04 15:02:13,333 [DEBUG] Main thread is exiting
2026-08-04 15:02:13,377 [DEBUG] CanStack Stopped
2026-08-04 15:02:13,379 [INFO] Connection closed
2026-08-04 15:02:13,381 [INFO] Running Test Case: TC_ID-569
2026-08-04 15:02:13,383 [DEBUG] Starting CanStack
2026-08-04 15:02:13,388 [DEBUG] Main thread has started
2026-08-04 15:02:13,390 [DEBUG] Relay thread has started
2026-08-04 15:02:13,392 [INFO] Connection opened
2026-08-04 15:02:13,394 [INFO] Switched to physical mode for TC: TC_ID-569 Step: PreCondition: PC_ID-059  Testcase:Incorrect message length(19 02 08 01)
2026-08-04 15:02:13,396 [INFO] TC_ID-569 - PreCondition: PC_ID-059  Testcase:Incorrect message length(19 02 08 01): SID=0x19, Sub=0x020801, Expected=[3, 127, 25, 19, 0, 0, 0, 0]
2026-08-04 15:02:13,460 [INFO] TC_ID-569 - PreCondition: PC_ID-059  Testcase:Incorrect message length(19 02 08 01): Sending 19020801
2026-08-04 15:02:13,462 [INFO] TC_ID-569 - PreCondition: PC_ID-059  Testcase:Incorrect message length(19 02 08 01): Sending request 19020801
2026-08-04 15:02:13,463 [DEBUG] Sending 4 bytes : [19020801]
2026-08-04 15:02:13,464 [DEBUG] Enqueuing a SendRequest for 4 bytes and TAT=Physical
2026-08-04 15:02:13,466 [DEBUG] Tx: <7A7> (08) [ ]	 0419020801000000
2026-08-04 15:02:13,467 [DEBUG] We've been asked to write a message to the bus
2026-08-04 15:02:13,468 [DEBUG] sending: Timestamp:        0.000000    ID:      7a7    S Rx       BS       DL:  8    04 19 02 08 01 00 00 00
2026-08-04 15:02:13,477 [INFO] -----------------------------------------------TC_ID-569 PreCondition: PC_ID-059  Testcase:Incorrect message length(19 02 08 01) -> PASS-----------------------------------------------
2026-08-04 15:02:13,479 [DEBUG] Stopping CanStack
2026-08-04 15:02:13,480 [DEBUG] Main thread is exiting
2026-08-04 15:02:13,483 [DEBUG] CanStack Stopped
2026-08-04 15:02:13,484 [INFO] Connection closed
2026-08-04 15:02:13,485 [INFO] Running Test Case: TC_ID-570
2026-08-04 15:02:13,486 [DEBUG] Starting CanStack
2026-08-04 15:02:13,488 [DEBUG] Main thread has started
2026-08-04 15:02:13,490 [DEBUG] Relay thread has started
2026-08-04 15:02:13,492 [INFO] Connection opened
2026-08-04 15:02:13,492 [INFO] Switched to physical mode for TC: TC_ID-570 Step: PreCondition: PC_ID-059  Testcase:reportNumberofDTCByStatusMask(19 01 08)
2026-08-04 15:02:13,494 [INFO] TC_ID-570 - PreCondition: PC_ID-059  Testcase:reportNumberofDTCByStatusMask(19 01 08): SID=0x19, Sub=0x01, Expected=[3, 89, 1, 9, 0, 0, 0, 0]
2026-08-04 15:02:13,568 [INFO] TC_ID-570 - PreCondition: PC_ID-059  Testcase:reportNumberofDTCByStatusMask(19 01 08): Sending 190109
2026-08-04 15:02:13,569 [INFO] TC_ID-570 - PreCondition: PC_ID-059  Testcase:reportNumberofDTCByStatusMask(19 01 08): Sending request 190109
2026-08-04 15:02:13,570 [DEBUG] Sending 3 bytes : [190109]
2026-08-04 15:02:13,571 [DEBUG] Enqueuing a SendRequest for 3 bytes and TAT=Physical
2026-08-04 15:02:13,573 [DEBUG] Tx: <7A7> (08) [ ]	 0319010900000000
2026-08-04 15:02:13,575 [DEBUG] We've been asked to write a message to the bus
2026-08-04 15:02:13,577 [DEBUG] sending: Timestamp:        0.000000    ID:      7a7    S Rx       BS       DL:  8    03 19 01 09 00 00 00 00
2026-08-04 15:02:13,587 [WARNING] -----------------------------------------------TC_ID-570 PreCondition: PC_ID-059  Testcase:reportNumberofDTCByStatusMask(19 01 08) -> FAIL - Expected [89, 1, 9], got [89, 2, 9]-----------------------------------------------
2026-08-04 15:02:13,588 [DEBUG] Stopping CanStack
2026-08-04 15:02:13,593 [DEBUG] Rx: <7AF> (08) [p]	 03590209aaaaaaaa
2026-08-04 15:02:13,595 [DEBUG] Main thread is exiting
2026-08-04 15:02:13,642 [DEBUG] CanStack Stopped
2026-08-04 15:02:13,644 [INFO] Connection closed
2026-08-04 15:02:13,645 [INFO] Running Test Case: TC_ID-571
2026-08-04 15:02:13,647 [DEBUG] Starting CanStack
2026-08-04 15:02:13,649 [DEBUG] Main thread has started
2026-08-04 15:02:13,650 [DEBUG] Relay thread has started
2026-08-04 15:02:13,653 [INFO] Connection opened
2026-08-04 15:02:13,655 [INFO] Switched to physical mode for TC: TC_ID-571 Step: PreCondition: PC_ID-059  Testcase:reportNumberofDTCByStatusMask(19 01 01)
2026-08-04 15:02:13,656 [INFO] TC_ID-571 - PreCondition: PC_ID-059  Testcase:reportNumberofDTCByStatusMask(19 01 01): SID=0x19, Sub=0x01, Expected=[3, 89, 1, 9, 0, 0, 0, 0]
2026-08-04 15:02:13,725 [INFO] TC_ID-571 - PreCondition: PC_ID-059  Testcase:reportNumberofDTCByStatusMask(19 01 01): Sending 190109
2026-08-04 15:02:13,734 [INFO] TC_ID-571 - PreCondition: PC_ID-059  Testcase:reportNumberofDTCByStatusMask(19 01 01): Sending request 190109
2026-08-04 15:02:13,737 [DEBUG] Sending 3 bytes : [190109]
2026-08-04 15:02:13,740 [DEBUG] Enqueuing a SendRequest for 3 bytes and TAT=Physical
2026-08-04 15:02:13,743 [DEBUG] Tx: <7A7> (08) [ ]	 0319010900000000
2026-08-04 15:02:13,745 [DEBUG] We've been asked to write a message to the bus
2026-08-04 15:02:13,747 [DEBUG] sending: Timestamp:        0.000000    ID:      7a7    S Rx       BS       DL:  8    03 19 01 09 00 00 00 00
2026-08-04 15:02:13,756 [WARNING] -----------------------------------------------TC_ID-571 PreCondition: PC_ID-059  Testcase:reportNumberofDTCByStatusMask(19 01 01) -> FAIL - Expected [89, 1, 9], got [89, 2, 9]-----------------------------------------------
2026-08-04 15:02:13,757 [DEBUG] Stopping CanStack
2026-08-04 15:02:13,761 [DEBUG] Rx: <7AF> (08) [p]	 03590209aaaaaaaa
2026-08-04 15:02:13,766 [DEBUG] Main thread is exiting
2026-08-04 15:02:13,809 [DEBUG] CanStack Stopped
2026-08-04 15:02:13,811 [INFO] Connection closed
2026-08-04 15:02:13,813 [INFO] Running Test Case: PC_ID-060
2026-08-04 15:02:13,815 [DEBUG] Starting CanStack
2026-08-04 15:02:13,817 [DEBUG] Main thread has started
2026-08-04 15:02:13,818 [DEBUG] Relay thread has started
2026-08-04 15:02:13,819 [INFO] Connection opened
2026-08-04 15:02:13,820 [INFO] Switched to physical mode for TC: PC_ID-060 Step: Start Extended session
2026-08-04 15:02:13,821 [INFO] PC_ID-060 - Start Extended session: SID=0x10, Sub=0x03, Expected=[6, 80, 3, 0, 50, 1, 244, 0]
2026-08-04 15:02:13,870 [INFO] PC_ID-060 - Start Extended session: Sending 1003
2026-08-04 15:02:13,915 [INFO] PC_ID-060 - Start Extended session: Sending request 1003
2026-08-04 15:02:13,916 [DEBUG] Sending 2 bytes : [1003]
2026-08-04 15:02:13,916 [DEBUG] Enqueuing a SendRequest for 2 bytes and TAT=Physical
2026-08-04 15:02:13,917 [DEBUG] Tx: <7A7> (08) [ ]	 0210030000000000
2026-08-04 15:02:13,918 [DEBUG] We've been asked to write a message to the bus
2026-08-04 15:02:13,919 [DEBUG] sending: Timestamp:        0.000000    ID:      7a7    S Rx       BS       DL:  8    02 10 03 00 00 00 00 00
2026-08-04 15:02:13,925 [INFO] PC_ID-060 - Received: 5003003201F4
2026-08-04 15:02:13,927 [WARNING] PC_ID-060 - Start Extended session -> FAIL - Unexpected response
2026-08-04 15:02:13,927 [DEBUG] Rx: <7AF> (08) [p]	 065003003201f400
2026-08-04 15:02:13,928 [DEBUG] Stopping CanStack
2026-08-04 15:02:13,929 [DEBUG] Main thread is exiting
2026-08-04 15:02:13,977 [DEBUG] CanStack Stopped
2026-08-04 15:02:13,978 [INFO] Connection closed
2026-08-04 15:02:13,979 [INFO] Running Test Case: TC_ID-579
2026-08-04 15:02:13,979 [DEBUG] Starting CanStack
2026-08-04 15:02:13,981 [DEBUG] Main thread has started
2026-08-04 15:02:13,982 [DEBUG] Relay thread has started
2026-08-04 15:02:13,983 [INFO] Connection opened
2026-08-04 15:02:13,983 [INFO] Switched to physical mode for TC: TC_ID-579 Step: PreCondition: PC_ID-060  Testcase:Report DTC by Status mask(19 02)
2026-08-04 15:02:13,984 [INFO] TC_ID-579 - PreCondition: PC_ID-060  Testcase:Report DTC by Status mask(19 02): SID=0x19, Sub=0x02, Expected=[7, 89, 2, 9, 150, 3, 0, 8]
2026-08-04 15:02:14,040 [INFO] TC_ID-579 - PreCondition: PC_ID-060  Testcase:Report DTC by Status mask(19 02): Sending 190209
2026-08-04 15:02:14,041 [INFO] TC_ID-579 - PreCondition: PC_ID-060  Testcase:Report DTC by Status mask(19 02): Sending request 190209
2026-08-04 15:02:14,041 [DEBUG] Sending 3 bytes : [190209]
2026-08-04 15:02:14,042 [DEBUG] Enqueuing a SendRequest for 3 bytes and TAT=Physical
2026-08-04 15:02:14,043 [DEBUG] Tx: <7A7> (08) [ ]	 0319020900000000
2026-08-04 15:02:14,044 [DEBUG] We've been asked to write a message to the bus
2026-08-04 15:02:14,044 [DEBUG] sending: Timestamp:        0.000000    ID:      7a7    S Rx       BS       DL:  8    03 19 02 09 00 00 00 00
2026-08-04 15:02:14,056 [WARNING] -----------------------------------------------TC_ID-579 PreCondition: PC_ID-060  Testcase:Report DTC by Status mask(19 02) -> FAIL - Expected [89, 2, 9, 150, 3, 0, 8], got [89, 2, 9]-----------------------------------------------
2026-08-04 15:02:14,057 [DEBUG] Rx: <7AF> (08) [p]	 03590209aaaaaaaa
2026-08-04 15:02:14,058 [DEBUG] Stopping CanStack
2026-08-04 15:02:14,059 [DEBUG] Main thread is exiting
2026-08-04 15:02:14,106 [DEBUG] CanStack Stopped
2026-08-04 15:02:14,107 [INFO] Connection closed
2026-08-04 15:02:14,108 [INFO] Running Test Case: TC_ID-580
2026-08-04 15:02:14,108 [DEBUG] Starting CanStack
2026-08-04 15:02:14,109 [DEBUG] Main thread has started
2026-08-04 15:02:14,110 [DEBUG] Relay thread has started
2026-08-04 15:02:14,111 [INFO] Connection opened
2026-08-04 15:02:14,112 [INFO] Switched to physical mode for TC: TC_ID-580 Step: PreCondition: PC_ID-060  Testcase:Report DTC by Status mask(19 02)
2026-08-04 15:02:14,113 [INFO] TC_ID-580 - PreCondition: PC_ID-060  Testcase:Report DTC by Status mask(19 02): SID=0x19, Sub=0x02, Expected=[3, 89, 2, 9, 0, 0, 0, 0]
2026-08-04 15:02:14,173 [INFO] TC_ID-580 - PreCondition: PC_ID-060  Testcase:Report DTC by Status mask(19 02): Sending 190209
2026-08-04 15:02:14,174 [INFO] TC_ID-580 - PreCondition: PC_ID-060  Testcase:Report DTC by Status mask(19 02): Sending request 190209
2026-08-04 15:02:14,175 [DEBUG] Sending 3 bytes : [190209]
2026-08-04 15:02:14,175 [DEBUG] Enqueuing a SendRequest for 3 bytes and TAT=Physical
2026-08-04 15:02:14,177 [DEBUG] Tx: <7A7> (08) [ ]	 0319020900000000
2026-08-04 15:02:14,177 [DEBUG] We've been asked to write a message to the bus
2026-08-04 15:02:14,178 [DEBUG] sending: Timestamp:        0.000000    ID:      7a7    S Rx       BS       DL:  8    03 19 02 09 00 00 00 00
2026-08-04 15:02:14,186 [INFO] -----------------------------------------------TC_ID-580 PreCondition: PC_ID-060  Testcase:Report DTC by Status mask(19 02) -> PASS-----------------------------------------------
2026-08-04 15:02:14,187 [DEBUG] Stopping CanStack
2026-08-04 15:02:14,187 [DEBUG] Rx: <7AF> (08) [p]	 03590209aaaaaaaa
2026-08-04 15:02:14,189 [DEBUG] Main thread is exiting
2026-08-04 15:02:14,238 [DEBUG] CanStack Stopped
2026-08-04 15:02:14,239 [INFO] Connection closed
2026-08-04 15:02:14,240 [INFO] Running Test Case: TC_ID-581
2026-08-04 15:02:14,241 [DEBUG] Starting CanStack
2026-08-04 15:02:14,242 [DEBUG] Main thread has started
2026-08-04 15:02:14,243 [DEBUG] Relay thread has started
2026-08-04 15:02:14,245 [INFO] Connection opened
2026-08-04 15:02:14,246 [INFO] Switched to physical mode for TC: TC_ID-581 Step: PreCondition: PC_ID-060  Testcase:reportNumberofDTCByStatusMask(19 01 08)
2026-08-04 15:02:14,247 [INFO] TC_ID-581 - PreCondition: PC_ID-060  Testcase:reportNumberofDTCByStatusMask(19 01 08): SID=0x19, Sub=0x01, Expected=[3, 89, 1, 9, 0, 0, 0, 0]
2026-08-04 15:02:14,307 [INFO] TC_ID-581 - PreCondition: PC_ID-060  Testcase:reportNumberofDTCByStatusMask(19 01 08): Sending 190109
2026-08-04 15:02:14,308 [INFO] TC_ID-581 - PreCondition: PC_ID-060  Testcase:reportNumberofDTCByStatusMask(19 01 08): Sending request 190109
2026-08-04 15:02:14,308 [DEBUG] Sending 3 bytes : [190109]
2026-08-04 15:02:14,309 [DEBUG] Enqueuing a SendRequest for 3 bytes and TAT=Physical
2026-08-04 15:02:14,310 [DEBUG] Tx: <7A7> (08) [ ]	 0319010900000000
2026-08-04 15:02:14,311 [DEBUG] We've been asked to write a message to the bus
2026-08-04 15:02:14,311 [DEBUG] sending: Timestamp:        0.000000    ID:      7a7    S Rx       BS       DL:  8    03 19 01 09 00 00 00 00
2026-08-04 15:02:14,326 [WARNING] -----------------------------------------------TC_ID-581 PreCondition: PC_ID-060  Testcase:reportNumberofDTCByStatusMask(19 01 08) -> FAIL - Expected [89, 1, 9], got [89, 2, 9]-----------------------------------------------
2026-08-04 15:02:14,327 [DEBUG] Rx: <7AF> (08) [p]	 03590209aaaaaaaa
2026-08-04 15:02:14,327 [DEBUG] Stopping CanStack
2026-08-04 15:02:14,329 [DEBUG] Main thread is exiting
2026-08-04 15:02:14,376 [DEBUG] CanStack Stopped
2026-08-04 15:02:14,377 [INFO] Connection closed
2026-08-04 15:02:14,377 [INFO] Running Test Case: TC_ID-582
2026-08-04 15:02:14,378 [DEBUG] Starting CanStack
2026-08-04 15:02:14,379 [DEBUG] Main thread has started
2026-08-04 15:02:14,380 [DEBUG] Relay thread has started
2026-08-04 15:02:14,381 [INFO] Connection opened
2026-08-04 15:02:14,382 [INFO] Switched to physical mode for TC: TC_ID-582 Step: PreCondition: PC_ID-060  Testcase:reportNumberofDTCByStatusMask(19 01 01)
2026-08-04 15:02:14,382 [INFO] TC_ID-582 - PreCondition: PC_ID-060  Testcase:reportNumberofDTCByStatusMask(19 01 01): SID=0x19, Sub=0x01, Expected=[3, 89, 1, 9, 0, 0, 0, 0]
2026-08-04 15:02:14,439 [INFO] TC_ID-582 - PreCondition: PC_ID-060  Testcase:reportNumberofDTCByStatusMask(19 01 01): Sending 190109
2026-08-04 15:02:14,439 [INFO] TC_ID-582 - PreCondition: PC_ID-060  Testcase:reportNumberofDTCByStatusMask(19 01 01): Sending request 190109
2026-08-04 15:02:14,440 [DEBUG] Sending 3 bytes : [190109]
2026-08-04 15:02:14,441 [DEBUG] Enqueuing a SendRequest for 3 bytes and TAT=Physical
2026-08-04 15:02:14,442 [DEBUG] Tx: <7A7> (08) [ ]	 0319010900000000
2026-08-04 15:02:14,442 [DEBUG] We've been asked to write a message to the bus
2026-08-04 15:02:14,443 [DEBUG] sending: Timestamp:        0.000000    ID:      7a7    S Rx       BS       DL:  8    03 19 01 09 00 00 00 00
2026-08-04 15:02:14,456 [WARNING] -----------------------------------------------TC_ID-582 PreCondition: PC_ID-060  Testcase:reportNumberofDTCByStatusMask(19 01 01) -> FAIL - Expected [89, 1, 9], got [89, 2, 9]-----------------------------------------------
2026-08-04 15:02:14,457 [DEBUG] Stopping CanStack
2026-08-04 15:02:14,458 [DEBUG] Rx: <7AF> (08) [p]	 03590209aaaaaaaa
2026-08-04 15:02:14,459 [DEBUG] Main thread is exiting
2026-08-04 15:02:14,508 [DEBUG] CanStack Stopped
2026-08-04 15:02:14,509 [INFO] Connection closed
2026-08-04 15:02:14,510 [INFO] Running Test Case: PC_ID-061
2026-08-04 15:02:14,510 [DEBUG] Starting CanStack
2026-08-04 15:02:14,511 [DEBUG] Main thread has started
2026-08-04 15:02:14,512 [DEBUG] Relay thread has started
2026-08-04 15:02:14,513 [INFO] Connection opened
2026-08-04 15:02:14,514 [INFO] Switched to physical mode for TC: PC_ID-061 Step: Start Default session
2026-08-04 15:02:14,515 [INFO] PC_ID-061 - Start Default session: SID=0x10, Sub=0x01, Expected=[6, 80, 1, 0, 50, 1, 244, 170]
2026-08-04 15:02:14,562 [INFO] PC_ID-061 - Start Default session: Sending 1001
2026-08-04 15:02:14,618 [INFO] PC_ID-061 - Start Default session: Sending request 1001
2026-08-04 15:02:14,620 [DEBUG] Sending 2 bytes : [1001]
2026-08-04 15:02:14,621 [DEBUG] Enqueuing a SendRequest for 2 bytes and TAT=Physical
2026-08-04 15:02:14,622 [DEBUG] Tx: <7A7> (08) [ ]	 0210010000000000
2026-08-04 15:02:14,623 [DEBUG] We've been asked to write a message to the bus
2026-08-04 15:02:14,624 [DEBUG] sending: Timestamp:        0.000000    ID:      7a7    S Rx       BS       DL:  8    02 10 01 00 00 00 00 00
2026-08-04 15:02:14,636 [INFO] PC_ID-061 - Received: 5001
2026-08-04 15:02:14,638 [DEBUG] Rx: <7AF> (08) [p]	 0250010000000000
2026-08-04 15:02:14,639 [WARNING] PC_ID-061 - Start Default session -> FAIL - Unexpected response
2026-08-04 15:02:14,641 [DEBUG] Stopping CanStack
2026-08-04 15:02:14,642 [DEBUG] Main thread is exiting
2026-08-04 15:02:14,689 [DEBUG] CanStack Stopped
2026-08-04 15:02:14,691 [INFO] Connection closed
2026-08-04 15:02:14,692 [INFO] Running Test Case: TC_ID-584
2026-08-04 15:02:14,693 [DEBUG] Starting CanStack
2026-08-04 15:02:14,695 [DEBUG] Main thread has started
2026-08-04 15:02:14,696 [DEBUG] Relay thread has started
2026-08-04 15:02:14,698 [INFO] Connection opened
2026-08-04 15:02:14,698 [INFO] Switched to physical mode for TC: TC_ID-584 Step: PreCondition: PC_ID-061  Testcase:RequestSeed_Request(invalid session)(Default)(27 11)
2026-08-04 15:02:14,699 [INFO] TC_ID-584 - PreCondition: PC_ID-061  Testcase:RequestSeed_Request(invalid session)(Default)(27 11): SID=0x27, Sub=0x11, Expected=[3, 127, 39, 127, 0, 0, 0, 0]
2026-08-04 15:02:14,763 [INFO] TC_ID-584 - PreCondition: PC_ID-061  Testcase:RequestSeed_Request(invalid session)(Default)(27 11): Sending request 2711
2026-08-04 15:02:14,764 [DEBUG] Sending 2 bytes : [2711]
2026-08-04 15:02:14,765 [DEBUG] Enqueuing a SendRequest for 2 bytes and TAT=Physical
2026-08-04 15:02:14,767 [DEBUG] Tx: <7A7> (08) [ ]	 0227110000000000
2026-08-04 15:02:14,768 [DEBUG] We've been asked to write a message to the bus
2026-08-04 15:02:14,770 [DEBUG] sending: Timestamp:        0.000000    ID:      7a7    S Rx       BS       DL:  8    02 27 11 00 00 00 00 00
2026-08-04 15:02:14,777 [DEBUG] TC_ID-584 PreCondition: PC_ID-061  Testcase:RequestSeed_Request(invalid session)(Default)(27 11) -> Received payload: [127, 39, 34]
2026-08-04 15:02:14,779 [WARNING] -----------------------------------------------TC_ID-584 PreCondition: PC_ID-061  Testcase:RequestSeed_Request(invalid session)(Default)(27 11) -> FAIL - Expected NRC 0x7f, got 0x22-----------------------------------------------
2026-08-04 15:02:14,781 [DEBUG] Rx: <7AF> (08) [p]	 037f272200000000
2026-08-04 15:02:14,782 [WARNING] TC_ID-584 PreCondition: PC_ID-061  Testcase:RequestSeed_Request(invalid session)(Default)(27 11) -> FAIL - Expected NRC 0x7f, got 0x22
2026-08-04 15:02:14,785 [DEBUG] Stopping CanStack
2026-08-04 15:02:14,787 [DEBUG] Main thread is exiting
2026-08-04 15:02:14,831 [DEBUG] CanStack Stopped
2026-08-04 15:02:14,832 [INFO] Connection closed
2026-08-04 15:02:14,834 [ERROR] ----------------------------------TC_ID-584 PreCondition: PC_ID-061  Testcase:RequestSeed_Request(invalid session)(Default)(27 11) -> EXCEPTION - Expected NRC 0x7f, got 0x22----------------------------------
2026-08-04 15:02:14,835 [INFO] Running Test Case: PC_ID-062
2026-08-04 15:02:14,836 [DEBUG] Starting CanStack
2026-08-04 15:02:14,838 [DEBUG] Main thread has started
2026-08-04 15:02:14,840 [DEBUG] Relay thread has started
2026-08-04 15:02:14,842 [INFO] Connection opened
2026-08-04 15:02:14,843 [INFO] Switched to physical mode for TC: PC_ID-062 Step: Start Extended session
2026-08-04 15:02:14,844 [INFO] PC_ID-062 - Start Extended session: SID=0x10, Sub=0x03, Expected=[6, 80, 3, 0, 50, 1, 244, 0]
2026-08-04 15:02:14,894 [INFO] PC_ID-062 - Start Extended session: Sending 1003
2026-08-04 15:02:14,943 [INFO] PC_ID-062 - Start Extended session: Sending request 1003
2026-08-04 15:02:14,944 [DEBUG] Sending 2 bytes : [1003]
2026-08-04 15:02:14,945 [DEBUG] Enqueuing a SendRequest for 2 bytes and TAT=Physical
2026-08-04 15:02:14,947 [DEBUG] Tx: <7A7> (08) [ ]	 0210030000000000
2026-08-04 15:02:14,949 [DEBUG] We've been asked to write a message to the bus
2026-08-04 15:02:14,950 [DEBUG] sending: Timestamp:        0.000000    ID:      7a7    S Rx       BS       DL:  8    02 10 03 00 00 00 00 00
2026-08-04 15:02:14,957 [DEBUG] Rx: <7AF> (08) [p]	 065003003201f400
2026-08-04 15:02:14,958 [INFO] PC_ID-062 - Received: 5003003201F4
2026-08-04 15:02:14,960 [WARNING] PC_ID-062 - Start Extended session -> FAIL - Unexpected response
2026-08-04 15:02:14,961 [DEBUG] Stopping CanStack
2026-08-04 15:02:14,963 [DEBUG] Main thread is exiting
2026-08-04 15:02:15,007 [DEBUG] CanStack Stopped
2026-08-04 15:02:15,008 [INFO] Connection closed
2026-08-04 15:02:15,009 [INFO] Running Test Case: TC_ID-588
2026-08-04 15:02:15,010 [DEBUG] Starting CanStack
2026-08-04 15:02:15,011 [DEBUG] Main thread has started
2026-08-04 15:02:15,013 [DEBUG] Relay thread has started
2026-08-04 15:02:15,015 [INFO] Connection opened
2026-08-04 15:02:15,016 [INFO] Switched to physical mode for TC: TC_ID-588 Step: PreCondition: PC_ID-062  Testcase:Incorrect message length(27 11 13)
2026-08-04 15:02:15,017 [INFO] TC_ID-588 - PreCondition: PC_ID-062  Testcase:Incorrect message length(27 11 13): SID=0x27, Sub=0x1112, Expected=[3, 127, 39, 19, 0, 0, 0, 0]
2026-08-04 15:02:15,076 [INFO] TC_ID-588 - PreCondition: PC_ID-062  Testcase:Incorrect message length(27 11 13): Sending request 271112
2026-08-04 15:02:15,077 [DEBUG] Sending 3 bytes : [271112]
2026-08-04 15:02:15,079 [DEBUG] Enqueuing a SendRequest for 3 bytes and TAT=Physical
2026-08-04 15:02:15,082 [DEBUG] Tx: <7A7> (08) [ ]	 0327111200000000
2026-08-04 15:02:15,084 [DEBUG] We've been asked to write a message to the bus
2026-08-04 15:02:15,086 [DEBUG] sending: Timestamp:        0.000000    ID:      7a7    S Rx       BS       DL:  8    03 27 11 12 00 00 00 00
2026-08-04 15:02:15,100 [DEBUG] Stopping CanStack
2026-08-04 15:02:15,101 [DEBUG] Rx: <7AF> (08) [p]	 037f271300000000
2026-08-04 15:02:15,104 [DEBUG] Main thread is exiting
2026-08-04 15:02:15,150 [DEBUG] CanStack Stopped
2026-08-04 15:02:15,151 [INFO] Connection closed
2026-08-04 15:02:15,152 [INFO] Running Test Case: TC_ID-589
2026-08-04 15:02:15,153 [DEBUG] Starting CanStack
2026-08-04 15:02:15,155 [DEBUG] Main thread has started
2026-08-04 15:02:15,156 [DEBUG] Relay thread has started
2026-08-04 15:02:15,162 [INFO] Connection opened
2026-08-04 15:02:15,163 [INFO] Switched to physical mode for TC: TC_ID-589 Step: PreCondition: PC_ID-062  Testcase:Sub function not supported(out ofrange)(27 57)
2026-08-04 15:02:15,163 [INFO] TC_ID-589 - PreCondition: PC_ID-062  Testcase:Sub function not supported(out ofrange)(27 57): SID=0x27, Sub=0x57, Expected=[3, 127, 39, 18, 0, 0, 0, 0]
2026-08-04 15:02:15,232 [INFO] TC_ID-589 - PreCondition: PC_ID-062  Testcase:Sub function not supported(out ofrange)(27 57): Sending request 2757
2026-08-04 15:02:15,233 [DEBUG] Sending 2 bytes : [2757]
2026-08-04 15:02:15,234 [DEBUG] Enqueuing a SendRequest for 2 bytes and TAT=Physical
2026-08-04 15:02:15,236 [DEBUG] Tx: <7A7> (08) [ ]	 0227570000000000
2026-08-04 15:02:15,237 [DEBUG] We've been asked to write a message to the bus
2026-08-04 15:02:15,238 [DEBUG] sending: Timestamp:        0.000000    ID:      7a7    S Rx       BS       DL:  8    02 27 57 00 00 00 00 00
2026-08-04 15:02:15,246 [DEBUG] TC_ID-589 PreCondition: PC_ID-062  Testcase:Sub function not supported(out ofrange)(27 57) -> Received payload: [127, 39, 18]
2026-08-04 15:02:15,247 [DEBUG] Rx: <7AF> (08) [p]	 037f271200000000
2026-08-04 15:02:15,249 [INFO] -----------------------------------------------TC_ID-589 PreCondition: PC_ID-062  Testcase:Sub function not supported(out ofrange)(27 57) -> PASS-----------------------------------------------
2026-08-04 15:02:15,251 [WARNING] TC_ID-589 PreCondition: PC_ID-062  Testcase:Sub function not supported(out ofrange)(27 57) -> FAIL - NRC (key): [127, 39, 18]
2026-08-04 15:02:15,252 [DEBUG] Stopping CanStack
2026-08-04 15:02:15,254 [DEBUG] Main thread is exiting
2026-08-04 15:02:15,297 [DEBUG] CanStack Stopped
2026-08-04 15:02:15,298 [INFO] Connection closed
2026-08-04 15:02:15,300 [ERROR] ----------------------------------TC_ID-589 PreCondition: PC_ID-062  Testcase:Sub function not supported(out ofrange)(27 57) -> EXCEPTION - NRC (key): [127, 39, 18]----------------------------------
2026-08-04 15:02:15,301 [INFO] Running Test Case: PC_ID-067
2026-08-04 15:02:15,302 [DEBUG] Starting CanStack
2026-08-04 15:02:15,305 [DEBUG] Main thread has started
2026-08-04 15:02:15,306 [DEBUG] Relay thread has started
2026-08-04 15:02:15,308 [INFO] Connection opened
2026-08-04 15:02:15,311 [INFO] Switched to physical mode for TC: PC_ID-067 Step: Start Default session
2026-08-04 15:02:15,313 [INFO] PC_ID-067 - Start Default session: SID=0x10, Sub=0x01, Expected=[6, 80, 1, 0, 50, 1, 244, 0]
2026-08-04 15:02:15,366 [INFO] PC_ID-067 - Start Default session: Sending 1001
2026-08-04 15:02:15,414 [INFO] PC_ID-067 - Start Default session: Sending request 1001
2026-08-04 15:02:15,415 [DEBUG] Sending 2 bytes : [1001]
2026-08-04 15:02:15,416 [DEBUG] Enqueuing a SendRequest for 2 bytes and TAT=Physical
2026-08-04 15:02:15,418 [DEBUG] Tx: <7A7> (08) [ ]	 0210010000000000
2026-08-04 15:02:15,418 [DEBUG] We've been asked to write a message to the bus
2026-08-04 15:02:15,419 [DEBUG] sending: Timestamp:        0.000000    ID:      7a7    S Rx       BS       DL:  8    02 10 01 00 00 00 00 00
2026-08-04 15:02:15,426 [INFO] PC_ID-067 - Received: 5001
2026-08-04 15:02:15,427 [WARNING] PC_ID-067 - Start Default session -> FAIL - Unexpected response
2026-08-04 15:02:15,428 [DEBUG] Rx: <7AF> (08) [p]	 0250010000000000
2026-08-04 15:02:15,429 [DEBUG] Stopping CanStack
2026-08-04 15:02:15,430 [DEBUG] Main thread is exiting
2026-08-04 15:02:15,478 [DEBUG] CanStack Stopped
2026-08-04 15:02:15,479 [INFO] Connection closed
2026-08-04 15:02:15,480 [INFO] Running Test Case: TC_ID-636
2026-08-04 15:02:15,481 [DEBUG] Starting CanStack
2026-08-04 15:02:15,482 [DEBUG] Main thread has started
2026-08-04 15:02:15,483 [DEBUG] Relay thread has started
2026-08-04 15:02:15,485 [INFO] Connection opened
2026-08-04 15:02:15,486 [INFO] Switched to physical mode for TC: TC_ID-636 Step: PreCondition: PC_ID-067  Testcase:Start Default session
2026-08-04 15:02:15,486 [INFO] TC_ID-636 - PreCondition: PC_ID-067  Testcase:Start Default session: SID=0x10, Sub=0x01, Expected=[6, 80, 1, 0, 50, 1, 244, 0]
2026-08-04 15:02:15,546 [INFO] TC_ID-636 - PreCondition: PC_ID-067  Testcase:Start Default session: Sending 1001
2026-08-04 15:02:15,641 [INFO] TC_ID-636 - PreCondition: PC_ID-067  Testcase:Start Default session: Sending request 1001
2026-08-04 15:02:15,643 [DEBUG] Sending 2 bytes : [1001]
2026-08-04 15:02:15,645 [DEBUG] Enqueuing a SendRequest for 2 bytes and TAT=Physical
2026-08-04 15:02:15,649 [DEBUG] Tx: <7A7> (08) [ ]	 0210010000000000
2026-08-04 15:02:15,651 [DEBUG] We've been asked to write a message to the bus
2026-08-04 15:02:15,653 [DEBUG] sending: Timestamp:        0.000000    ID:      7a7    S Rx       BS       DL:  8    02 10 01 00 00 00 00 00
2026-08-04 15:02:15,666 [INFO] TC_ID-636 - Received: 5001
2026-08-04 15:02:15,667 [WARNING] TC_ID-636 - PreCondition: PC_ID-067  Testcase:Start Default session -> FAIL - Unexpected response
2026-08-04 15:02:15,668 [DEBUG] Stopping CanStack
2026-08-04 15:02:15,671 [DEBUG] Rx: <7AF> (08) [p]	 0250010000000000
2026-08-04 15:02:15,674 [DEBUG] Main thread is exiting
2026-08-04 15:02:15,722 [DEBUG] CanStack Stopped
2026-08-04 15:02:15,725 [INFO] Connection closed
2026-08-04 15:02:15,727 [INFO] Running Test Case: TC_ID-639
2026-08-04 15:02:15,729 [DEBUG] Starting CanStack
2026-08-04 15:02:15,732 [DEBUG] Main thread has started
2026-08-04 15:02:15,734 [DEBUG] Relay thread has started
2026-08-04 15:02:15,737 [INFO] Connection opened
2026-08-04 15:02:15,738 [INFO] Switched to physical mode for TC: TC_ID-639 Step: PreCondition: PC_ID-067  Testcase:Report DTC by Status mask(19 02)
2026-08-04 15:02:15,739 [INFO] TC_ID-639 - PreCondition: PC_ID-067  Testcase:Report DTC by Status mask(19 02): SID=0x19, Sub=0x02, Expected=[7, 89, 2, 8, 150, 3, 0, 8]
2026-08-04 15:02:15,808 [INFO] TC_ID-639 - PreCondition: PC_ID-067  Testcase:Report DTC by Status mask(19 02): Sending 190208
2026-08-04 15:02:15,809 [INFO] TC_ID-639 - PreCondition: PC_ID-067  Testcase:Report DTC by Status mask(19 02): Sending request 190208
2026-08-04 15:02:15,811 [DEBUG] Sending 3 bytes : [190208]
2026-08-04 15:02:15,819 [DEBUG] Enqueuing a SendRequest for 3 bytes and TAT=Physical
2026-08-04 15:02:15,838 [DEBUG] Tx: <7A7> (08) [ ]	 0319020800000000
2026-08-04 15:02:15,843 [DEBUG] We've been asked to write a message to the bus
2026-08-04 15:02:15,846 [DEBUG] sending: Timestamp:        0.000000    ID:      7a7    S Rx       BS       DL:  8    03 19 02 08 00 00 00 00
2026-08-04 15:02:15,858 [WARNING] -----------------------------------------------TC_ID-639 PreCondition: PC_ID-067  Testcase:Report DTC by Status mask(19 02) -> FAIL - Expected [89, 2, 8, 150, 3, 0, 8], got [89, 2, 8]-----------------------------------------------
2026-08-04 15:02:15,860 [DEBUG] Stopping CanStack
2026-08-04 15:02:15,870 [DEBUG] Rx: <7AF> (08) [p]	 03590208aaaaaaaa
2026-08-04 15:02:15,872 [DEBUG] Main thread is exiting
2026-08-04 15:02:15,919 [DEBUG] CanStack Stopped
2026-08-04 15:02:15,921 [INFO] Connection closed
2026-08-04 15:02:15,923 [INFO] Running Test Case: TC_ID-640
2026-08-04 15:02:15,925 [DEBUG] Starting CanStack
2026-08-04 15:02:15,928 [DEBUG] Main thread has started
2026-08-04 15:02:15,930 [DEBUG] Relay thread has started
2026-08-04 15:02:15,932 [INFO] Connection opened
2026-08-04 15:02:15,934 [INFO] Switched to physical mode for TC: TC_ID-640 Step: PreCondition: PC_ID-067  Testcase:Report DTC by Status mask(19 02)
2026-08-04 15:02:15,936 [INFO] TC_ID-640 - PreCondition: PC_ID-067  Testcase:Report DTC by Status mask(19 02): SID=0x19, Sub=0x02, Expected=[7, 89, 2, 1, 0, 0, 0, 0]
2026-08-04 15:02:16,005 [INFO] TC_ID-640 - PreCondition: PC_ID-067  Testcase:Report DTC by Status mask(19 02): Sending 190201
2026-08-04 15:02:16,007 [INFO] TC_ID-640 - PreCondition: PC_ID-067  Testcase:Report DTC by Status mask(19 02): Sending request 190201
2026-08-04 15:02:16,013 [DEBUG] Sending 3 bytes : [190201]
2026-08-04 15:02:16,015 [DEBUG] Enqueuing a SendRequest for 3 bytes and TAT=Physical
2026-08-04 15:02:16,022 [DEBUG] Tx: <7A7> (08) [ ]	 0319020100000000
2026-08-04 15:02:16,026 [DEBUG] We've been asked to write a message to the bus
2026-08-04 15:02:16,028 [DEBUG] sending: Timestamp:        0.000000    ID:      7a7    S Rx       BS       DL:  8    03 19 02 01 00 00 00 00
2026-08-04 15:02:16,173 [INFO] TC_ID-640 PreCondition: PC_ID-067  Testcase:Report DTC by Status mask(19 02) -> Waiting for response (P2=0.15s, P2*=5.0s)
2026-08-04 15:02:16,329 [DEBUG] No data received: [TimeoutException] - Did not receive IsoTP frame from the Transport layer in time (timeout=0.15 sec) 
2026-08-04 15:02:16,382 [WARNING] TC_ID-640 - No response received
2026-08-04 15:02:16,384 [DEBUG] Stopping CanStack
2026-08-04 15:02:16,388 [DEBUG] Main thread is exiting
2026-08-04 15:02:16,392 [DEBUG] CanStack Stopped
2026-08-04 15:02:16,395 [INFO] Connection closed
2026-08-04 15:02:16,396 [INFO] Running Test Case: TC_ID-641
2026-08-04 15:02:16,398 [DEBUG] Starting CanStack
2026-08-04 15:02:16,400 [DEBUG] Main thread has started
2026-08-04 15:02:16,406 [DEBUG] Relay thread has started
2026-08-04 15:02:16,411 [INFO] Connection opened
2026-08-04 15:02:16,412 [INFO] Switched to physical mode for TC: TC_ID-641 Step: PreCondition: PC_ID-067  Testcase:reportNumberofDTCByStatusMask(19 01 08)
2026-08-04 15:02:16,414 [INFO] TC_ID-641 - PreCondition: PC_ID-067  Testcase:reportNumberofDTCByStatusMask(19 01 08): SID=0x19, Sub=0x01, Expected=[3, 89, 1, 8, 0, 0, 0, 0]
2026-08-04 15:02:16,497 [INFO] TC_ID-641 - PreCondition: PC_ID-067  Testcase:reportNumberofDTCByStatusMask(19 01 08): Sending 190108
2026-08-04 15:02:16,499 [INFO] TC_ID-641 - PreCondition: PC_ID-067  Testcase:reportNumberofDTCByStatusMask(19 01 08): Sending request 190108
2026-08-04 15:02:16,501 [DEBUG] Sending 3 bytes : [190108]
2026-08-04 15:02:16,503 [DEBUG] Enqueuing a SendRequest for 3 bytes and TAT=Physical
2026-08-04 15:02:16,506 [DEBUG] Tx: <7A7> (08) [ ]	 0319010800000000
2026-08-04 15:02:16,508 [DEBUG] We've been asked to write a message to the bus
2026-08-04 15:02:16,512 [DEBUG] sending: Timestamp:        0.000000    ID:      7a7    S Rx       BS       DL:  8    03 19 01 08 00 00 00 00
2026-08-04 15:02:16,526 [WARNING] -----------------------------------------------TC_ID-641 PreCondition: PC_ID-067  Testcase:reportNumberofDTCByStatusMask(19 01 08) -> FAIL - Expected [89, 1, 8], got [89, 2, 8]-----------------------------------------------
2026-08-04 15:02:16,528 [DEBUG] Stopping CanStack
2026-08-04 15:02:16,533 [DEBUG] Main thread is exiting
2026-08-04 15:02:16,539 [DEBUG] CanStack Stopped
2026-08-04 15:02:16,540 [INFO] Connection closed
2026-08-04 15:02:16,542 [INFO] Running Test Case: TC_ID-642
2026-08-04 15:02:16,543 [DEBUG] Starting CanStack
2026-08-04 15:02:16,546 [DEBUG] Main thread has started
2026-08-04 15:02:16,549 [DEBUG] Relay thread has started
2026-08-04 15:02:16,551 [INFO] Connection opened
2026-08-04 15:02:16,552 [INFO] Switched to physical mode for TC: TC_ID-642 Step: PreCondition: PC_ID-067  Testcase:reportNumberofDTCByStatusMask(19 01 01)
2026-08-04 15:02:16,554 [INFO] TC_ID-642 - PreCondition: PC_ID-067  Testcase:reportNumberofDTCByStatusMask(19 01 01): SID=0x19, Sub=0x01, Expected=[3, 89, 1, 1, 0, 0, 0, 0]
2026-08-04 15:02:16,618 [INFO] TC_ID-642 - PreCondition: PC_ID-067  Testcase:reportNumberofDTCByStatusMask(19 01 01): Sending 190101
2026-08-04 15:02:16,619 [INFO] TC_ID-642 - PreCondition: PC_ID-067  Testcase:reportNumberofDTCByStatusMask(19 01 01): Sending request 190101
2026-08-04 15:02:16,620 [DEBUG] Sending 3 bytes : [190101]
2026-08-04 15:02:16,621 [DEBUG] Enqueuing a SendRequest for 3 bytes and TAT=Physical
2026-08-04 15:02:16,622 [DEBUG] Tx: <7A7> (08) [ ]	 0319010100000000
2026-08-04 15:02:16,623 [DEBUG] We've been asked to write a message to the bus
2026-08-04 15:02:16,624 [DEBUG] sending: Timestamp:        0.000000    ID:      7a7    S Rx       BS       DL:  8    03 19 01 01 00 00 00 00
2026-08-04 15:02:16,773 [INFO] TC_ID-642 PreCondition: PC_ID-067  Testcase:reportNumberofDTCByStatusMask(19 01 01) -> Waiting for response (P2=0.15s, P2*=5.0s)
2026-08-04 15:02:16,925 [DEBUG] No data received: [TimeoutException] - Did not receive IsoTP frame from the Transport layer in time (timeout=0.15 sec) 
2026-08-04 15:02:16,977 [WARNING] TC_ID-642 - No response received
2026-08-04 15:02:16,978 [DEBUG] Stopping CanStack
2026-08-04 15:02:16,980 [DEBUG] Main thread is exiting
2026-08-04 15:02:17,017 [DEBUG] CanStack Stopped
2026-08-04 15:02:17,018 [INFO] Connection closed
2026-08-04 15:02:17,635 [ERROR] [CANLogger] Error during stop: I/O operation on closed file.
2026-08-04 15:02:17,637 [WARNING] SocketcanBus was not properly shut down
2026-08-04 15:02:17,639 [DEBUG] Closing raw can socket
2026-08-04 15:02:19,143 [INFO] ----------------------------------Log Generated!----------------------------------
2026-08-04 15:02:21,760 [INFO] ----------------------------------Report Generated----------------------------------
2026-08-04 15:02:23,763 [INFO] ----------------------------------Done-----------------------------------------------
2026-08-04 15:03:51,584 [INFO] Uploading...
